lon,lat,LST Day,LST Night,UHI,AOD,UVAI,CH₄,HCHO,O₃
88.38294838518952,26.560048174143816,25.81663182417439,18.528070836735356,-0.3095526653442403,0.4752885839771033,-0.35198811237616623,1942.3370702061761,0.000202707499133037,280.2867635541823
88.43294838518952,26.560048174143816,25.94246352771936,18.35607409725734,-0.10935436066021322,0.46953891737977654,-0.3581197550592235,1940.6427750915705,0.0002076184767801799,280.2954196787551
88.38294838518952,26.510048174143815,25.604394996520536,18.324416037462658,-0.39844773090154,0.4884070269567298,-0.34094391226497955,1941.2794274362566,0.00020240657434715404,280.3673349640698
88.43294838518952,26.510048174143815,26.065916557329164,18.370073395797593,0.10715870197796601,0.49031500108892095,-0.33861857414454505,1941.9289737295805,0.0002024872386218077,280.32083124896394
88.48294838518952,26.510048174143815,26.2069623744509,18.581760223869924,0.22746695175992335,0.4739337017936661,-0.3362262152846248,1941.468380457932,0.00019395678895254344,280.4844363248225
88.48294838518952,26.460048174143814,25.904992227310224,18.758588239488258,-0.014295440399592328,0.4784508184366906,-0.32690472011389476,1941.026983658737,0.0001981694704481332,280.3738792800785
88.53294838518953,26.460048174143814,25.76793754350977,18.468490143703587,-0.14713335766130572,0.4568006868455166,-0.3315638759822184,1940.481355444368,0.00019766572858068648,280.27131095343145
88.58294838518952,26.460048174143814,25.710882727780284,18.315603782446992,-0.15336423319111006,0.4547945220637974,-0.3347676136473637,1938.1215945169074,0.00020290400016022845,280.33317542215036
88.53294838518953,26.410048174143814,25.970887623171777,18.478659530876783,0.1443349704910251,0.5081391279047756,-0.3070675493613901,1942.348395904011,0.0002059880987157306,280.1684150596854
88.58294838518952,26.410048174143814,25.705842274220316,18.53164904520524,-0.08847639058740402,0.4916074927809604,-0.3175918554451134,1941.5683441364035,0.00020257901090887101,280.27291855512306
88.63294838518952,26.410048174143814,25.374041900076325,18.447881239175892,-0.34014836534058884,0.4817806433496083,-0.3163113413041942,1941.2423428285879,0.00020081561117316218,280.1394049682432
88.93294838518952,26.410048174143814,25.880630086735263,18.816768491851796,0.33008825270044484,0.5001967375281384,-0.30212977818985554,1945.1979976414152,0.00021134361170819477,280.28522125801527
88.98294838518952,26.410048174143814,25.432059371376777,18.67531721112111,-0.18796552078406112,0.4984680376324197,-0.32426366136367596,1942.9743761686316,0.00020872646472819677,280.33651500053406
89.03294838518953,26.410048174143814,25.26837396725496,18.545038824741724,-0.33953702217452525,0.5114308159694749,-0.3411191420435018,1941.116487655946,0.00020593969131504986,280.35326925082865
88.48294838518952,26.360048174143817,25.923525443779727,18.578134379766922,0.08476791741171467,0.5186076096808714,-0.301986493945065,1946.504236910127,0.0002071276645696207,280.20842474231375
88.53294838518953,26.360048174143817,26.132522279991033,18.745911078532224,0.3464141232009863,0.5198101395306672,-0.29536607283087163,1945.232999646173,0.0002021644540131134,280.23411118764346
88.58294838518952,26.360048174143817,25.66505842475782,18.509458800911425,-0.06591705439362862,0.5172362004271399,-0.3070413114126763,1944.4528827981437,0.0002011325609724043,280.2485773349187
88.63294838518952,26.360048174143817,25.508113761881784,18.535061267856616,-0.1653874033947206,0.5036257196263695,-0.30649157981636466,1943.4524934610827,0.00020812650740710604,280.2127616268589
88.68294838518952,26.360048174143817,25.688347931266875,18.5259864081474,0.06919086607380952,0.49335821249687756,-0.2995779628807961,1943.21367289995,0.0002086886809891891,280.26554630794374
88.93294838518952,26.360048174143817,25.639576450619707,18.63727028060078,0.18961696276947312,0.5280229691457988,-0.296855270618657,1946.39189930906,0.00020020184944701406,280.34121527212875
88.98294838518952,26.360048174143817,25.560915139704242,18.608360037357855,0.09840821681051971,0.5132417746034559,-0.3112780707157476,1943.926804656713,0.00019734680126890202,280.30980902304424
89.03294838518953,26.360048174143817,25.44331356005025,18.668123887359336,-0.05524974641724963,0.5140821845680371,-0.31372597972087124,1941.6444657186248,0.00019944029518974824,280.302513956717
89.08294838518952,26.360048174143817,25.381104921894448,18.531543831959638,-0.1145473614604563,0.498943796122271,-0.318369301702452,1941.5718884073553,0.00021896802761149582,280.3165506644811
88.38294838518952,26.310048174143816,25.74871702891291,18.48326122186437,-0.09355358069794074,0.5213328170987052,-0.3325507431336504,1944.7256204918165,0.00020467978052955352,280.1552214521679
88.43294838518952,26.310048174143816,25.780042502474068,18.463107908661772,-0.03925648693312868,0.5212634303470952,-0.3272734250874435,1946.1298542430181,0.0002092744773603871,280.1507924727624
88.48294838518952,26.310048174143816,25.766102945453074,18.570754818479983,-0.019778316742981295,0.5297149528575028,-0.31002485630744775,1946.888680639668,0.00021200784130819385,280.23522626383533
88.53294838518953,26.310048174143816,25.762717951960973,18.795830508242933,0.04566666163712754,0.5327611599189963,-0.2978622815889957,1946.2834024008212,0.00021295859466701706,280.3237279290313
88.58294838518952,26.310048174143816,25.594763664122095,18.850289603095273,-0.04564625626486487,0.530572889413475,-0.3035683842016747,1945.454196105844,0.0002071429362626591,280.26686770930866
88.63294838518952,26.310048174143816,25.506979370089887,18.626189262783956,-0.11231295964214282,0.5271368273647938,-0.30971653319023507,1945.1055675685636,0.00021562689604369704,280.18728858356775
88.68294838518952,26.310048174143816,25.725856915944924,18.49313373345595,0.11673389917442081,0.5014155820136132,-0.30500839704280863,1944.6607635365506,0.00020849778647192972,280.15902531605445
88.73294838518952,26.310048174143816,25.60838574313511,18.671629154686393,0.1285727595644804,0.4904472890072501,-0.2970963903421899,1944.2039989548286,0.00019352760596938164,280.1271927030859
88.78294838518953,26.310048174143816,25.555575092030942,18.579046306095016,0.22277058500838262,0.5116741775084394,-0.2854743352741594,1943.4771968471057,0.00019778193488537212,280.06188425588306
89.03294838518953,26.310048174143816,25.4582680858395,18.546855647432583,0.20810738091100087,0.5347089490483471,-0.3069730257893747,1943.3042506025224,0.00020330566780882926,280.23629759658803
89.08294838518952,26.310048174143816,25.327188827917396,18.548087600665056,-0.03714998094862456,0.525537033525281,-0.3099977100716883,1943.2994589866414,0.00021641496841300336,280.20441111829706
89.13294838518952,26.310048174143816,25.679527318926237,18.455678237436143,0.2870801928016203,0.5383747055875336,-0.323793727475637,1943.8668436834735,0.00021188951453179005,280.1834980266716
88.38294838518952,26.260048174143815,25.612360210798673,18.60411025809745,-0.1326977626423193,0.5369820897920815,-0.334961199221863,1945.6124000469586,0.0002154182187607154,280.1044031055914
88.43294838518952,26.260048174143815,25.709361349372454,18.473414195389662,-0.0014537909502127543,0.5434569131571036,-0.3330136139267602,1945.8591188498306,0.00020925524386438218,280.12205430718404
88.48294838518952,26.260048174143815,25.716986204066693,18.5120951801659,0.029488024494988246,0.5317074875566011,-0.3176945382174377,1946.2963670432607,0.00020848886630278084,280.17248404527123
88.53294838518953,26.260048174143815,25.5593724940693,18.829202338115817,-0.08046509200849114,0.5313813090330212,-0.30777601116496817,1945.5983646363693,0.00020342351038905203,280.20620376491223
88.58294838518952,26.260048174143815,25.527961832882024,18.663095331640662,-0.05085256017073804,0.533327102509403,-0.30413361374628106,1944.7547523051444,0.00020107603331877706,280.18522380873577
88.63294838518952,26.260048174143815,25.625100166972462,18.60713033592245,0.10792036075415665,0.5273128893340688,-0.3087250262330457,1945.0452059231563,0.00020752269166318132,280.1243573954235
88.68294838518952,26.260048174143815,25.68255251814825,18.68657812998731,0.21684488121380266,0.5103144724571832,-0.3059524185813439,1943.5997664097852,0.0002017817335870174,280.0055840833572
88.73294838518952,26.260048174143815,25.231061751078077,18.846394790965537,-0.11101993587288388,0.5080946977094812,-0.2974689647190818,1943.479342291728,0.00019655671292535094,280.0597542469188
88.78294838518953,26.260048174143815,24.96568287128638,18.780402598929985,-0.22959672420068336,0.5186693867017087,-0.30376284908716805,1942.7253974629332,0.00019355404971279963,280.0599246802867
88.83294838518952,26.260048174143815,25.09475405756193,18.455620824029854,0.06553686559968674,0.5328799983086486,-0.3051018888599535,1941.8147317378834,0.00020004110802845308,280.0507472799643
88.88294838518952,26.260048174143815,24.82818001431488,18.43541281526516,-0.13543258495460064,0.5189370695675477,-0.3060235375392913,1941.6047831312178,0.0002028128034381987,280.17518229254574
88.93294838518952,26.260048174143815,24.23356265984334,18.61049138871748,-0.7113444451737929,0.540413373414411,-0.2579862048977033,1944.3355560824714,0.00021594086941233487,280.21594918327304
89.08294838518952,26.260048174143815,25.196133183345918,18.46218304054796,0.02998305565845421,0.5204089158158172,-0.332509891670954,1941.8648564332746,0.0002190066923329926,280.2551484435045
89.13294838518952,26.260048174143815,25.23773000431536,18.49014808934506,0.022754984010549872,0.5357821859886868,-0.32644973676901073,1942.1948514382175,0.00021355783321414028,280.3689894856033
88.33294838518952,26.210048174143814,25.690374569809887,18.423673533329254,-0.01035223141349983,0.5663756430223084,-0.3343801527795374,1945.211489618809,0.00021481649032521836,280.0322727957485
88.38294838518952,26.210048174143814,25.4932460606,18.605001438888355,-0.21454506910351395,0.552475151303868,-0.33838457385200704,1944.5514547019216,0.00020666422708184656,280.09056684657
88.43294838518952,26.210048174143814,25.661353205256894,18.60813792358019,-0.03600160094703536,0.5539482969755175,-0.31730574914927406,1945.1293592495508,0.00020951892374491642,280.1500198443762
88.48294838518952,26.210048174143814,25.798523018724424,18.608907765912438,0.15128244678463845,0.5547434859595711,-0.3007714113088102,1946.6510600436186,0.0002084119609955224,280.0903213380176
88.53294838518953,26.210048174143814,25.499501221534796,18.863418274276448,-0.10000230412153985,0.5702909512562211,-0.30082698794279145,1945.772093720537,0.0002018667942746472,280.09375801500477
88.58294838518952,26.210048174143814,25.3433567825375,18.86525227071412,-0.17356428068989063,0.5763795236724337,-0.31872632585923066,1942.7628069225148,0.00020466776208890631,280.12121096780595
88.63294838518952,26.210048174143814,25.388775594729704,18.76612519138292,-0.044128085767467316,0.5525719142398052,-0.3231066218237116,1942.6599901062107,0.00020257829211093288,280.1704407615798
88.68294838518952,26.210048174143814,25.26639427521081,18.93545042806386,-0.02378343335523642,0.5396743516842514,-0.3071157603737513,1943.4243782055573,0.00020861520025447134,280.1132995291598
88.73294838518952,26.210048174143814,25.048671493044697,18.745639461202764,-0.10452227555407895,0.5381113459033073,-0.2892825768405931,1943.990333632244,0.0002046801447253099,280.11876659812697
88.78294838518953,26.210048174143814,25.003893562269376,18.625531298417158,-0.043301849221492515,0.5357197776956564,-0.3128670102354804,1941.1814242831465,0.0002011585903696664,280.1200756731297
88.83294838518952,26.210048174143814,24.83126535857193,18.539208197698553,-0.07377704075486323,0.5388128362997647,-0.32070461263021416,1939.6153796939582,0.0002021803026169054,280.0924621817986
88.88294838518952,26.210048174143814,24.923653289173714,18.471619207194625,0.1278373354469995,0.5342001123770369,-0.3213218886349034,1940.7225094903654,0.00020033136334539676,280.1627449061816
88.93294838518952,26.210048174143814,24.721455391605506,18.540767801047938,-0.07085761592975018,0.5409719191374021,-0.2969506438934808,1943.0100315651937,0.00020763547436888574,280.28484139826963
88.98294838518952,26.210048174143814,24.721230819571556,18.644958457006894,-0.105727910822764,0.5433326338868328,-0.25477068717581,1946.7854641141623,0.00022245487412639726,280.31003001717175
89.03294838518953,26.210048174143814,24.61445493280477,18.379602119492695,-0.25944332057607533,0.566645118336195,-0.2884883433480436,1947.6171659012107,0.000207243366532988,280.3031383880888
89.08294838518952,26.210048174143814,24.70684454082443,18.43375582145976,-0.2743492734086633,0.5198385052308807,-0.3240556260212866,1942.4662574346737,0.00020746678639558925,280.2465948624892
89.13294838518952,26.210048174143814,25.003084877340655,18.507212164474314,-0.08701855448257566,0.5159560909892116,-0.3190665261389999,1941.4432760885416,0.00020719763216884643,280.11707361439045
89.68294838518952,26.210048174143814,24.475863922714076,19.24348091241651,-0.23865186334696992,0.4825126135632757,-0.3491680792522544,1940.6230236329152,0.00019299190633747244,279.97841570897975
88.23294838518952,26.160048174143814,25.762845094928146,18.58458082074207,-0.16406463072552976,0.5884598653725664,-0.301869719153134,1947.333863050566,0.00022212642962968494,279.98393122928195
88.28294838518953,26.160048174143814,25.599770583407057,18.570115799041602,-0.17951764100405657,0.5980092825332968,-0.3160373293700113,1946.122099669237,0.00020816419280367027,279.93877983729817
88.33294838518952,26.160048174143814,25.735276045062342,18.642800504687624,0.013172849245573576,0.5966002623604127,-0.3258495880764604,1945.8483916247922,0.00020648525711484643,279.9053775455162
88.38294838518952,26.160048174143814,25.513052311560873,18.604834992397926,-0.26029913048337067,0.5706168862577311,-0.3219533490764032,1945.7906319608517,0.00020551355212652475,280.0107413072321
88.43294838518952,26.160048174143814,25.99622684883421,18.4514487707661,0.2673324604096234,0.5599466936946766,-0.2948425795478169,1948.0497576154671,0.00021399917493522284,280.04167396741383
88.48294838518952,26.160048174143814,25.607105152050984,18.612417390773814,-0.08271583499323518,0.5608100871093591,-0.287419834967032,1949.014779657065,0.00021311544821427968,280.02417402913244
88.53294838518953,26.160048174143814,25.62291770120581,18.559216105425655,0.01997073000516343,0.5693611829001197,-0.2952335446017431,1947.0066790043043,0.00020756230614392293,280.11996587441206
88.58294838518952,26.160048174143814,25.53471516501066,18.828907892260617,0.06774524172894254,0.5642148883712543,-0.31504794350277165,1942.6955975302433,0.00020305393094306197,280.20841990878404
88.63294838518952,26.160048174143814,25.184719065255216,18.991228572031897,-0.17689046525894395,0.5647447915421072,-0.31744307807058814,1940.3490753526667,0.0002112302017917205,280.0967665470121
88.68294838518952,26.160048174143814,25.08796056896452,18.95534965209507,-0.13874626014355318,0.5583537249400173,-0.29049368735587694,1942.0925686145495,0.00021217177838089315,280.01459291952483
88.73294838518952,26.160048174143814,25.151836419145685,18.692478720951172,0.047423854891634316,0.5550758833515123,-0.27143337871226814,1944.1186743511607,0.00020923439435859378,280.0081863350986
88.78294838518953,26.160048174143814,25.015063984310256,18.674023476760844,-0.043711462260760406,0.5650900304601371,-0.2884240094959645,1942.140221818731,0.00021130623177522504,279.9727797791802
88.83294838518952,26.160048174143814,24.71395437754928,18.891523806831977,-0.2830177261609915,0.5629257807851235,-0.29641907230437264,1939.0197466435582,0.00020985515064921736,279.992390117732
88.88294838518952,26.160048174143814,24.776666854530955,18.80704233215475,-0.10653369312279687,0.5657461444757755,-0.3075209065319597,1939.120276635936,0.00020223462214064459,280.059068321127
88.93294838518952,26.160048174143814,24.74434242977715,18.791251374508278,-0.08629236789413572,0.5683319937258331,-0.30843236161536264,1940.777940112977,0.00020880963856561321,280.1037100741626
88.98294838518952,26.160048174143814,24.79117741361281,18.75896140973322,-0.02296132820566783,0.5504784296419843,-0.29588018662932847,1941.9824935218185,0.00021262197850606767,280.11400238519735
89.03294838518953,26.160048174143814,24.39658430143961,18.898165559638194,-0.4314140698258258,0.5598506116841265,-0.2807128303983531,1945.0165801974708,0.00021602358702445696,280.16928563860915
89.08294838518952,26.160048174143814,24.791448063223516,18.803064524644903,-0.13154164732472673,0.5781990222881752,-0.265059630011034,1944.7309952225914,0.0002272291619364654,280.15493563355994
89.13294838518952,26.160048174143814,24.91514201153058,18.577417837046852,-0.13817111967876755,0.5508460659241785,-0.30604387323349413,1942.0335713321952,0.00021340102066654974,280.0007717129698
89.63294838518952,26.160048174143814,24.690478597702267,19.378948785168475,-0.04341484536725356,0.4966508301801149,-0.3702620954057166,1936.7846036853427,0.00019259735349779492,279.79754669726753
89.68294838518952,26.160048174143814,24.134117136276384,19.227245171539078,-0.5162203693443932,0.49232726275026695,-0.3627928915437342,1938.6584508367039,0.00019913412476450825,279.96169337347465
89.73294838518952,26.160048174143814,24.388186400998148,19.348410587675982,-0.197647505889673,0.47736459394834097,-0.3602885575577181,1941.0697615210283,0.0002071801616779508,280.0247694723588
88.18294838518952,26.110048174143817,26.015007968481147,18.57315859287337,0.011405244800404132,0.5960206863944817,-0.2724711079317686,1950.7213962868107,0.0002308952463705347,279.9156642192034
88.23294838518952,26.110048174143817,25.50799610273573,18.714723072839792,-0.40690098785729467,0.6102369744713526,-0.29921991029751766,1948.7791412198512,0.00022119009201040522,279.9507742223686
88.28294838518953,26.110048174143817,25.954996035910703,18.583361076783365,0.19375783389392365,0.6084059822528631,-0.2933065747354178,1948.3768114637787,0.00021491422848607562,279.81168443210385
88.33294838518952,26.110048174143817,25.968669902176252,18.566048040811143,0.22191631519831448,0.6021200631744591,-0.30679935007362685,1948.0226427854125,0.00020515830548374368,279.82463599651373
88.38294838518952,26.110048174143817,25.99563179222735,18.416831850801483,0.23734719891947173,0.581216135965472,-0.3007696511316306,1947.917432725932,0.00020802815820568534,279.96794112188996
88.43294838518952,26.110048174143817,25.964107017060744,18.565710807478563,0.23280396257750172,0.5605368794210595,-0.28169772111708113,1948.0800220878343,0.00022037646671629733,280.00648234036305
88.48294838518952,26.110048174143817,25.412173438606555,18.675934692603487,-0.3345369620891399,0.5593578483795294,-0.2774485139517099,1948.2252844323764,0.0002149113635993302,279.9730762527209
88.53294838518953,26.110048174143817,25.78933588435443,18.56172970659869,0.15717385513632814,0.5609951719155648,-0.27993858466581983,1947.1517781642071,0.00019963085754039865,280.0430982963909
88.58294838518952,26.110048174143817,25.77275144552862,18.600162237763428,0.28696569488882734,0.5801699537047289,-0.2868143454026253,1944.2288349724554,0.00020932249006566794,280.035532403881
88.63294838518952,26.110048174143817,25.14661133761149,19.08181974892941,-0.20258186311045343,0.5777693362990663,-0.2978200398421444,1940.7560639189107,0.00021326959890803526,280.03067937169664
88.68294838518952,26.110048174143817,25.162662345515297,18.932965384014647,-0.10236235216880353,0.5697764080402175,-0.2708986190325888,1942.3608355114604,0.00021484186842495766,280.03781169035153
88.73294838518952,26.110048174143817,25.402561679739897,18.82041110988144,0.20883775767335644,0.5653386044880293,-0.2477094943460348,1945.2726467720295,0.00021741079231832574,279.9459653075742
88.78294838518953,26.110048174143817,25.29685157895383,18.69820947606015,0.16363871784810638,0.5674585158315812,-0.2557147583143651,1944.262010486121,0.00021929246981770698,279.8080560009376
88.83294838518952,26.110048174143817,24.97402055958208,18.896093687649216,-0.08266511167982558,0.5795296853345975,-0.26842973452854396,1940.5116936314905,0.00021630188204967734,279.75474098358876
88.88294838518952,26.110048174143817,25.062724715138387,18.78572437933298,0.0721693581655939,0.5681528235179467,-0.28430347364308695,1939.0328269886038,0.00020732657655752395,279.9249025514462
88.93294838518952,26.110048174143817,25.077236882185357,18.78208756996422,0.14039733116362843,0.5609946479403543,-0.2965327031640041,1940.8768244289881,0.0002002476992335018,280.00744024402997
88.98294838518952,26.110048174143817,25.102335706189248,18.819417960444344,0.1974904622220527,0.5533619199788798,-0.29605114847252656,1943.1563356487156,0.00019798135107850537,280.0298134266844
89.03294838518953,26.110048174143817,24.783247202022935,18.682809587715493,-0.14522002860277258,0.562691005084297,-0.28772740530054497,1944.83791585877,0.0002111053752498757,279.97866266897887
89.08294838518952,26.110048174143817,24.98810597265427,18.967505012166026,0.009690168613024209,0.5803703692495952,-0.2269577373391353,1945.5541458378993,0.00022809432010185423,280.0604828536547
89.13294838518952,26.110048174143817,24.81666526291089,18.89363476995092,-0.23832179632165287,0.5611225283923437,-0.2632911762851658,1942.368692203283,0.00022265058637433978,279.95516784459574
89.18294838518952,26.110048174143817,24.99725100256395,18.90781448402811,-0.155067293006492,0.5687626689074136,-0.3182134004031039,1940.8811647985092,0.00021314921014095364,279.8619824913398
89.23294838518952,26.110048174143817,25.210274759521994,18.792800218101444,0.010306521848583152,0.5871433721981849,-0.305283593292888,1941.240722246348,0.00020311267250149688,279.92899187121975
89.63294838518952,26.110048174143817,24.747534310668833,19.681978838657567,0.028091619857413746,0.5038428564318821,-0.3651923287597234,1936.1106286990496,0.00019867894190277383,279.6698339856931
89.68294838518952,26.110048174143817,24.50780018199055,19.59872150474549,-0.11841646908283299,0.4743761585910581,-0.3482805620617567,1938.1759782788906,0.000191122243803281,279.8146034473056
89.73294838518952,26.110048174143817,24.557790619632247,19.559155532625297,-0.06385077642097997,0.47169064191829746,-0.3475058100511658,1942.411889940791,0.00020142410874866845,279.9378468616652
89.78294838518953,26.110048174143817,24.716439077773497,19.433931437188665,0.025259645984015474,0.4440022057095289,-0.33826862822492726,1944.293195482898,0.00019808543068443882,279.9749666576294
88.18294838518952,26.060048174143816,26.1969966571794,18.3719335204116,0.1779572064851134,0.5962012382541493,-0.2715466909835234,1950.3587909804314,0.00023155333682592242,279.7179779662809
88.23294838518952,26.060048174143816,25.703482275427366,18.336398629354886,-0.19909147547695466,0.6152492279692973,-0.277235567031524,1949.5048932013945,0.00022571313971500307,279.75388222603004
88.28294838518953,26.060048174143816,25.757962719116932,18.43355866408905,-0.0027362951217277205,0.6171674383176342,-0.27838714276389337,1947.0450377753148,0.0002231616221699149,279.75368402474186
88.33294838518952,26.060048174143816,25.24559392873324,18.776429812234625,-0.5036148605994822,0.6045980258080746,-0.30153748504057454,1944.9909410396776,0.00021081812117976323,279.819711451529
88.38294838518952,26.060048174143816,25.611393190146114,18.508328669296077,-0.12643430776577008,0.5816767522622401,-0.27900633110288015,1945.569763976593,0.00020934102212411714,279.82763003348254
88.43294838518952,26.060048174143816,26.05794152078502,18.903189996193213,0.2842113390570251,0.5776795330525298,-0.2547948511451995,1947.1074285830232,0.00021720729891039635,279.9115448782111
88.48294838518952,26.060048174143816,26.20799470620017,18.893824158532386,0.42724637889708966,0.5667376021647191,-0.255299608689419,1947.128040484377,0.0002144168405839505,279.9299692451642
88.53294838518953,26.060048174143816,25.791242240402248,18.691966539567712,0.15202124921510804,0.5659864660356686,-0.28229111089386755,1945.6620330214262,0.00020887327397981555,279.8837288493082
88.58294838518952,26.060048174143816,25.451371147704208,18.768397622666402,0.01492795096693697,0.5947682312256869,-0.2935492710827247,1943.3215296005612,0.00020551860714472235,279.953672298193
88.63294838518952,26.060048174143816,25.371073264667206,18.896028581278284,0.06930503381804769,0.611574454501559,-0.29323544103886884,1943.1491420654845,0.00021028500616361565,280.04223532792463
88.68294838518952,26.060048174143816,25.331385303618433,18.927564880404592,0.034509929408785854,0.6191899981481711,-0.2570383577843386,1944.8298745099398,0.00021041412073655687,279.96236509679443
88.73294838518952,26.060048174143816,25.384952058368558,18.857563012811045,0.12556630907297311,0.5950931604288339,-0.24685761009788043,1945.7801919457315,0.00020419576231768254,279.82997079300424
88.78294838518953,26.060048174143816,25.23715791246565,18.646077824179333,0.058564725887100995,0.5624498803083924,-0.26935961701776995,1943.112147671625,0.0002074304118504009,279.76999214229056
88.83294838518952,26.060048174143816,25.10124876217579,18.858117553223675,0.0077991132088144075,0.5712505717969031,-0.27345564279832296,1940.4013175594084,0.0002127038641699839,279.75303022175933
88.88294838518952,26.060048174143816,25.08216247138457,18.782337087258455,0.009985610321205396,0.5550055838605056,-0.2789981832280197,1938.9106223815054,0.00021912592820281436,279.88447303251945
88.93294838518952,26.060048174143816,24.97048106444446,18.754832833905624,-0.10712241569503635,0.5475997986824898,-0.29545584579549367,1939.5071336602718,0.00021510576879499524,279.9265984381553
88.98294838518952,26.060048174143816,25.093376162884336,18.8998290445004,0.02910894411747626,0.5590444105665668,-0.2920797625390824,1941.2322430378615,0.00020773748308292487,279.8847667954988
89.03294838518953,26.060048174143816,25.17720538241055,18.863267522088478,0.17508409273156644,0.5600460722557051,-0.2767121555532488,1944.323774985727,0.00021461833630147367,279.91831562373363
89.08294838518952,26.060048174143816,25.111156824482503,18.714419832258137,0.15690770681716176,0.5457787142276797,-0.22949447727840697,1948.2624454546076,0.0002212814935731657,279.96404053088537
89.13294838518952,26.060048174143816,24.681029716033677,18.716459416220303,-0.2826930339127998,0.5591494628171738,-0.2350704842386963,1945.4596618979374,0.00022653878175066345,280.0319265357027
89.18294838518952,26.060048174143816,24.685647771493034,18.667782343136984,-0.34496437521293,0.5451267778370814,-0.29980014087019125,1942.3715480221342,0.0002156603294569035,280.02629144529004
89.23294838518952,26.060048174143816,25.161156760978933,18.735914665584453,0.04661552400820895,0.5439524940388157,-0.30601160043394987,1940.362074036739,0.0001982733185116286,280.09464386124097
89.28294838518953,26.060048174143816,25.25072710907687,18.926403106134654,0.08496123135878028,0.5396309078152994,-0.3028892862770944,1939.5416736880813,0.00019773439221433753,280.0162987496358
89.63294838518952,26.060048174143816,24.725558472356933,19.689725763558243,0.0068291144047707975,0.48664305654724976,-0.3556371618902631,1936.2293616944216,0.00021232927113179443,279.6365426579627
89.68294838518952,26.060048174143816,24.583995060630865,19.653914108097226,-0.05816219982113954,0.47544607020439333,-0.3444180060545044,1937.8533489301922,0.00020652601977367064,279.60182641876224
89.73294838518952,26.060048174143816,24.53558359678649,19.515145594267498,-0.10240807285163603,0.479928688897447,-0.34446706594494975,1941.2200827925324,0.00020890311853334934,279.7814175574463
89.78294838518953,26.060048174143816,24.511808820993608,19.53626469250405,-0.19519821754511654,0.44674202201176966,-0.34427402470571394,1944.17555027553,0.00020501462270204054,279.860441840132
88.18294838518952,26.010048174143815,26.017668783957607,18.257183964225174,-0.007458548541558888,0.6194702093315881,-0.29324779047514354,1950.5079534790138,0.00023448397255269334,279.87893483121434
88.23294838518952,26.010048174143815,25.74913715318125,18.32818832828217,-0.07075780612207735,0.6236617533994856,-0.2883245023439347,1949.2032835101038,0.00023102662396314876,279.86770460651024
88.28294838518953,26.010048174143815,25.661704696460614,18.333742499670215,-0.033314967276966936,0.6198956844272713,-0.2932387826127116,1946.639255937724,0.00022964144444055892,279.88911464706575
88.33294838518952,26.010048174143815,25.674052336746566,18.357744668250252,-0.01655779439740738,0.6125906193145201,-0.29294792933346214,1945.1200972706367,0.00021465466910278711,279.753239711641
88.38294838518952,26.010048174143815,25.831420595316057,18.435488008429505,0.0736985347544487,0.6090786934875305,-0.26761927559100346,1946.2084599865268,0.0002053427763715576,279.7966111449583
88.43294838518952,26.010048174143815,25.974435784103825,18.635788928988635,0.19745289458982,0.6036384656505372,-0.2429501014134956,1946.997887275118,0.000210739746051532,279.92291526341813
88.48294838518952,26.010048174143815,25.987322223919335,18.713167326021754,0.3079406921585686,0.5928694745698762,-0.2607428648079859,1946.8179568184341,0.00022595280081804913,279.9467127401796
88.53294838518953,26.010048174143815,25.211340354647756,18.76095163726189,-0.30300105058609805,0.5781294476430262,-0.29471938652922003,1945.0201107700186,0.00021159209282364312,279.90244193418994
88.58294838518952,26.010048174143815,25.0183824863923,18.800339253371,-0.3289036993949827,0.6038495763627957,-0.3036244503595152,1943.6149673005307,0.00020119220210075613,280.0030377342148
88.63294838518952,26.010048174143815,25.21704066430587,18.81638475019101,-0.05876944639114977,0.6163539117851138,-0.2911977500100427,1944.6348802079917,0.00021063852995031938,280.06868972640575
88.68294838518952,26.010048174143815,25.449135986433497,18.724518512626037,0.19789602154383912,0.6106840948999589,-0.2529745667662824,1946.6768510955837,0.00021013047717207314,280.09698509395383
88.73294838518952,26.010048174143815,25.151589391783247,18.693747091017393,-0.07145282941736038,0.606020112232888,-0.2579331061076409,1945.2223816937583,0.00021427271522986432,279.98883482834475
88.78294838518953,26.010048174143815,24.884595472784202,18.664870018637817,-0.2597270537457643,0.5972350809959777,-0.2820944371517721,1940.5732988029547,0.00021532802919759162,279.8824799657963
88.83294838518952,26.010048174143815,25.06591598302524,18.66680816577219,-0.018862006809549654,0.611017855779224,-0.28211037553628376,1939.213547734481,0.0002178145312411044,279.84830998900287
88.88294838518952,26.010048174143815,25.368874667861466,18.74035707929911,0.27081829881961045,0.5870881827062674,-0.28042272212335906,1938.7368685550653,0.00021629753928217377,279.92837875116
88.93294838518952,26.010048174143815,25.168145806895872,18.81915917339899,0.06071550832487093,0.5650956033118486,-0.28270881284810234,1938.7782669376063,0.00021317891552255475,279.936632496788
88.98294838518952,26.010048174143815,25.044702975548944,18.951534205627485,-0.01982213070079123,0.5618011955633868,-0.28104273810580166,1938.2655782653853,0.000214058798295685,280.01727223124243
89.03294838518953,26.010048174143815,24.957917237632056,19.083050027607595,-0.028099212302575248,0.5652594731074312,-0.2726044716566411,1941.1450080930656,0.00020720142594627533,280.0714250598139
89.08294838518952,26.010048174143815,24.783010275115377,19.096981792707208,-0.12983318333082308,0.5574065196046724,-0.2604408612089646,1946.6375967392598,0.00022388359017152487,280.06974617931115
89.13294838518952,26.010048174143815,25.123407012173452,18.727632993760206,0.21734449437058095,0.5585831989786065,-0.2264042187163481,1947.7252558164075,0.0002240033909820297,280.014565965705
89.18294838518952,26.010048174143815,24.892519565887515,18.948427901275082,-0.07864998891059426,0.5564623969003673,-0.2883495715775538,1943.8575320028733,0.00021774863567448509,280.00906794435633
89.23294838518952,26.010048174143815,25.0097884448539,19.00479484718154,-0.04839618071673043,0.5428758804854362,-0.3201560554026067,1939.6001252779727,0.000198937593861202,280.00268356478233
89.28294838518953,26.010048174143815,24.98646453158794,19.08297165213233,-0.13953328589874103,0.5474525264435729,-0.3183978304671927,1938.9743305649747,0.00020001666551225814,279.84289939835094
89.33294838518952,26.010048174143815,25.170446431010063,19.02957410907475,0.03537873519514338,0.5485699033590202,-0.3149910301498913,1941.5562622724663,0.00020221314777103287,279.7465800030377
89.38294838518952,26.010048174143815,25.30740468839774,18.774267481125147,0.23784251480991794,0.5435998070860469,-0.3210905447958853,1943.4112665378102,0.00020050477917747415,279.7949374354296
89.43294838518952,26.010048174143815,25.10510926281317,18.8327431905091,0.06457651684525555,0.5517285539760791,-0.30712272326062523,1943.3009256698797,0.0002018174135014515,279.84721307203785
89.58294838518952,26.010048174143815,24.784145861502942,19.507284136976498,-0.0020116301311979643,0.4972292120896159,-0.3356190096018986,1937.112016616084,0.00020205815161660395,279.7728934799594
89.63294838518952,26.010048174143815,24.69300756394397,19.705807892409844,0.016355985361907476,0.492869540771456,-0.34713840949727864,1938.285141400995,0.00020692805245899163,279.73748959845807
89.68294838518952,26.010048174143815,24.62539441154759,19.832816648029365,0.034173730846727556,0.4774523130442137,-0.3545472018785866,1941.3433316686435,0.0001987393152154286,279.71786512426434
89.73294838518952,26.010048174143815,24.51283320641672,19.51641193040497,-0.071464602601632,0.48744000435607326,-0.3316895464718485,1943.630964293036,0.00021187277415094142,279.9048833402632
89.78294838518953,26.010048174143815,24.422911626335093,19.541283150802855,-0.25321710752645,0.468302117000328,-0.3388791425525908,1947.076209971782,0.00021429321650730053,279.9792839119999
89.83294838518952,26.010048174143815,24.632674862247967,18.98610282811609,-0.23152871784533557,0.4254061630560774,-0.3081119797797217,1953.005663302252,0.00019412595877114176,280.02688885048514
88.13294838518952,25.960048174143814,26.242646960757035,18.419643844445044,0.149980472416266,0.6612516020534848,-0.29309346316062873,1952.4522131032015,0.00022561612537299184,280.02845704305184
88.18294838518952,25.960048174143814,25.92124163005787,18.453100662455977,-0.060045354006737266,0.6558683618207288,-0.30116411992298303,1950.9148849152105,0.00022235439488162698,280.0815894815678
88.23294838518952,25.960048174143814,25.641005712776348,18.547051863694044,-0.1639893226306753,0.660337563126251,-0.3023286379734135,1950.176053975109,0.00022230893855877684,280.11308524884123
88.28294838518953,25.960048174143814,25.723350890230257,18.33024696917458,-0.0024842968471961322,0.6415634427196899,-0.28999768374359447,1949.319935786238,0.00022399365712018319,280.006274586585
88.33294838518952,25.960048174143814,25.58316661537429,18.234102157968636,-0.16242692794114824,0.6297709474139882,-0.2751563522376613,1947.3911426196055,0.00021609566239578034,279.9252508594058
88.38294838518952,25.960048174143814,25.75128892445043,18.168903075708712,-0.010149286346337973,0.6230914976498252,-0.26516825820219775,1947.5402594847153,0.00020744103439466409,279.97082091886637
88.43294838518952,25.960048174143814,25.6981864530808,18.39794833784057,0.009683265711426244,0.6298544794619803,-0.25811515683789527,1948.2115305790828,0.00021535992775010925,279.99521081917874
88.48294838518952,25.960048174143814,25.566450081232585,18.33587866585902,0.016056339164166645,0.6081167782047621,-0.28629316255156473,1948.5024422325125,0.0002208238283238151,280.0755784825025
88.53294838518953,25.960048174143814,25.488115026530703,18.601214403785153,0.07059799306540125,0.5893362631098752,-0.28918813616367617,1948.672490875217,0.00021237474127832037,280.09091086645304
88.58294838518952,25.960048174143814,24.93651916568958,18.613678091507026,-0.42264622751486397,0.5932914862312445,-0.2848408803759759,1947.1743139610012,0.0002138757894017633,280.08931679597293
88.63294838518952,25.960048174143814,25.233493699104987,18.510060384529876,-0.09105934986461925,0.6023014621226388,-0.28620466444876985,1946.7908242889494,0.00020976627845759236,280.1925179784705
88.68294838518952,25.960048174143814,25.275560619331685,18.592657644811194,0.011711106714130616,0.6127807008908106,-0.26208930564741273,1947.2453988515656,0.0002040308026562837,280.1801610898029
88.73294838518952,25.960048174143814,25.23918366747386,18.581926239495946,0.02227849775602948,0.608861715978664,-0.25506635414725515,1944.5416687440493,0.00021756940079023404,280.0828183997462
88.78294838518953,25.960048174143814,24.974193715586036,18.708149092920788,-0.21914431902925344,0.6115826777860792,-0.2828027473909303,1939.9452075281504,0.0002170569484504626,279.9691945326909
88.83294838518952,25.960048174143814,25.28640728760544,19.03619205261754,0.13042346332326307,0.6137191031108898,-0.2832503491193683,1939.4989170678564,0.00022318091411455859,280.05084214917485
88.88294838518952,25.960048174143814,25.179616663010105,18.87677031245219,0.067141258008141,0.6041647977128921,-0.27789108326432305,1940.6733606848247,0.00021675875296894525,280.1202246084211
88.93294838518952,25.960048174143814,25.00137176770774,18.92495812865512,-0.08172055143428257,0.5789608428716198,-0.278206540532929,1940.691280978304,0.00020560778024275055,280.1813049301601
88.98294838518952,25.960048174143814,25.061348894694426,18.905675009831185,0.022004676994160127,0.577025530707592,-0.2761269374545784,1940.4066119581275,0.00021250703974126528,280.2151434654338
89.03294838518953,25.960048174143814,24.91285499879747,19.035435362721476,-0.0982052742400788,0.5839854606831083,-0.2678247709774177,1942.6002969354176,0.0002082820729250877,280.20376530672183
89.08294838518952,25.960048174143814,24.841005703206,19.076912999707474,-0.11737515378115075,0.5772063456252119,-0.2821924393707071,1946.7233710946055,0.00020734916490108442,280.23616771957336
89.13294838518952,25.960048174143814,24.81192884114087,18.922532032275008,-0.11683648451678742,0.5703542961121809,-0.24890511329165024,1948.05717548129,0.0002114093551791642,280.21083565198836
89.18294838518952,25.960048174143814,24.923387496072547,18.599431085513746,-0.039541129250702294,0.5760536717725943,-0.2816412675691876,1946.5513552213731,0.0002090108763411692,280.22105101784274
89.23294838518952,25.960048174143814,25.02784256444642,18.98888271298962,0.0285061809614858,0.5621083715837735,-0.3269606548612881,1942.758882684681,0.00020123347976038584,280.01149331057496
89.28294838518953,25.960048174143814,25.066616756519778,18.959267838296203,0.026069717976933336,0.5605523979441178,-0.3372051804716151,1940.7757933077246,0.00020208272594397276,280.03141351060765
89.33294838518952,25.960048174143814,24.977109166068598,19.032022631466344,-0.05805894787645017,0.5606550036239691,-0.3382683709539896,1941.107937194313,0.0002077977427622985,280.04253211853586
89.38294838518952,25.960048174143814,24.916433918227625,19.035022367610654,-0.08629474980619921,0.5514739654584352,-0.32590189850090284,1941.1131677983956,0.00020199537647768717,279.9759515523362
89.43294838518952,25.960048174143814,24.87501731586933,19.02408325760544,-0.10713135549320588,0.5303707054849301,-0.3093065947567812,1940.838110499586,0.00020672568417241913,279.9722257500505
89.48294838518952,25.960048174143814,25.092333721694587,19.322109294316405,0.14964242942981223,0.5268464368778499,-0.2945243053822007,1939.8790470328584,0.00020453368062655378,279.94539975663497
89.53294838518953,25.960048174143814,24.78809614553154,19.44503708991058,-0.09081943325434298,0.521350966817716,-0.3242150837505165,1938.8596758546773,0.00020132480214677114,280.0142991925385
89.58294838518952,25.960048174143814,24.67754129148295,19.385639200855024,-0.07526212673443981,0.5306630611016464,-0.34204162424304063,1937.222812585584,0.00018798590241722685,280.10676486034936
89.63294838518952,25.960048174143814,24.52415765881363,19.57328033505223,-0.12201525349753503,0.5240956184484346,-0.3456124782087078,1938.032010390276,0.00018943505947176834,279.9451709331027
89.68294838518952,25.960048174143814,24.574393753129293,19.750663318163244,0.005443859293916375,0.4873868834723189,-0.36236668296182656,1941.2596269550268,0.00019995519471537924,279.85904809246125
89.73294838518952,25.960048174143814,24.420723751415704,19.608786114132084,-0.1559658581551918,0.4762748834132333,-0.3374739325873765,1943.3116585494804,0.00021541870192915086,279.9491321052983
89.78294838518953,25.960048174143814,24.603678012346045,19.36865635970024,-0.13363357547837465,0.46984291941494927,-0.30969484656131496,1948.334506106038,0.00021658804559851808,280.16943564164455
89.83294838518952,25.960048174143814,24.862590634753033,18.94153313000195,-0.1480339182150548,0.44368864286346554,-0.28316885111004275,1954.1456538401826,0.00020222178610193774,280.0789425590785
88.13294838518952,25.910048174143814,26.08612885117977,18.46133993457116,0.03360405386330711,0.6714532196576078,-0.3022079178585949,1952.7450960691392,0.00023130969524235825,280.07898600070826
88.18294838518952,25.910048174143814,25.851211941928945,18.631824233298175,-0.0942619580958839,0.6663853535891511,-0.30623975496853223,1950.7236559077412,0.00021972671574241507,280.05634415333236
88.23294838518952,25.910048174143814,25.91947626458699,18.481047011044968,0.1080973783728355,0.6583580746767232,-0.3022698405079611,1949.746898958853,0.00020960313017348903,280.0104478760706
88.28294838518953,25.910048174143814,25.76562719771505,18.46348797803865,-0.006399364034734122,0.6459783894231796,-0.29172486045646656,1949.3717420463845,0.0002215185654539191,279.994451961093
88.33294838518952,25.910048174143814,25.67786413199933,18.38952412782279,-0.05419960606798212,0.6329800289500107,-0.2770292203229469,1948.5195919465357,0.0002211531614967979,279.8897221297398
88.38294838518952,25.910048174143814,25.723087543577012,18.437787115448362,0.053288983512619875,0.6355504864293425,-0.27286709063381864,1947.5046611262,0.00021168902489389046,279.8446968248175
88.43294838518952,25.910048174143814,25.548198216808494,18.65064084773956,-0.09733458243371575,0.6353990338442612,-0.28298569914733673,1947.5190264324244,0.00021921007237978731,279.95390422516624
88.48294838518952,25.910048174143814,25.52256111580496,18.480575435121235,-0.02930683099243591,0.6076227087653848,-0.30295773921667507,1948.7215822041717,0.00022394927617869992,280.0562085107959
88.53294838518953,25.910048174143814,25.793209660269575,18.55372426845336,0.31229487716646437,0.5981753471132943,-0.29084409487372626,1950.60257935096,0.00021253274379027666,279.97478854887964
88.58294838518952,25.910048174143814,25.509069396546476,18.5559804432156,0.055205507077271336,0.6203671383459844,-0.2702595966075613,1950.1939881537303,0.0002142042638015431,280.016653600054
88.63294838518952,25.910048174143814,25.284532148173913,18.682748326256284,-0.1118051984020454,0.609622341061517,-0.27834092743657013,1949.155772339756,0.00020770887496896991,280.182915731503
88.68294838518952,25.910048174143814,25.377368916876247,18.59124171065351,0.04295994812904686,0.6141424530319409,-0.2604816370682536,1947.8125375944262,0.000203669143819881,280.15513359501324
88.73294838518952,25.910048174143814,25.47096529116722,18.664381573616378,0.1688997375713378,0.6335487662455265,-0.2560515306932397,1945.4835140306468,0.0002130254880339475,280.0856727177199
88.78294838518953,25.910048174143814,25.249734446384167,18.644163197343982,-0.016149519429688952,0.6214776131722836,-0.2801135865893616,1942.7625529288453,0.00021641712809192056,280.0244937463673
88.83294838518952,25.910048174143814,25.13591835085546,18.96821005155157,-0.06880675684167376,0.6142029597497,-0.28412417031278847,1942.3000306796264,0.00022491324834733695,280.0039550872771
88.88294838518952,25.910048174143814,25.081430815971725,18.991877385188097,-0.08252578416888837,0.5950357430281497,-0.26776556656820694,1943.6046481138908,0.0002283222511124739,279.9962352342853
88.93294838518952,25.910048174143814,25.187288410231655,18.846899944077894,0.08669623236190664,0.5773608632772139,-0.25752728494955884,1944.3697146863833,0.00023063394204825443,280.05401079860127
88.98294838518952,25.910048174143814,25.271174249479653,18.779639366233184,0.20785179239719662,0.5973596057292021,-0.2699297399341032,1944.2020594064384,0.00022538924335589348,280.1100257151329
89.03294838518953,25.910048174143814,25.101843762907155,19.065588057609965,0.06207261585357848,0.5927872794955021,-0.28309528820351654,1944.2644009871142,0.000213619994114109,280.13387343293874
89.08294838518952,25.910048174143814,24.996843167440083,19.06371116653952,-0.021160811508324204,0.5902022622177799,-0.28922920009250247,1947.0459795712266,0.00020077286702431632,280.0649046788198
89.13294838518952,25.910048174143814,24.787289720108486,18.9040829181982,-0.21395598703012944,0.5853653701265885,-0.26797318713661145,1946.9833080610335,0.00020405901396846097,279.9837270882817
89.18294838518952,25.910048174143814,24.93787165640003,18.99141334203999,-0.07434440378731164,0.593436182217279,-0.26245972368712917,1948.7314636047097,0.0002054698965892842,280.07025631060344
89.23294838518952,25.910048174143814,25.123016362714033,18.78706365158297,0.11069037419263765,0.5919583209205558,-0.2903230960311575,1947.9976624125964,0.0002029142687734874,280.08728045969553
89.28294838518953,25.910048174143814,24.91345272258757,19.16703949964804,-0.056220212884520365,0.5766984948505697,-0.3241633216163989,1943.7833072433332,0.00019857818673803154,280.12301481104777
89.33294838518952,25.910048174143814,24.872065138139444,19.129133865765507,-0.05206888276618321,0.5787089455959933,-0.32902816588011347,1942.5292598319913,0.0002081379625630539,280.0672262491861
89.38294838518952,25.910048174143814,24.922773162578494,19.08670973718456,-0.004419625182517838,0.5487245846879184,-0.3259405190347049,1941.3717020930173,0.00020935533663731117,279.9660153818628
89.43294838518952,25.910048174143814,25.19695187447972,19.35413325546691,0.2801122032412301,0.5242595771677231,-0.3276882314615037,1941.3795427569037,0.00020598094112050995,279.88975287843215
89.48294838518952,25.910048174143814,24.846072467189362,19.334328380677597,-0.037917477951331616,0.5282417420814352,-0.3342824903017984,1940.0422713325145,0.00019024987858866582,279.857243645571
89.53294838518953,25.910048174143814,24.920266898049473,19.317695513544184,0.1000203429043463,0.5198521541216076,-0.31797178785965147,1941.3018021471446,0.0001983847635103529,279.9003533075675
89.58294838518952,25.910048174143814,24.678970868250868,19.45142105767279,-0.06670990459830402,0.5077443949596214,-0.3330437578846348,1941.5354346115357,0.00019039523501687927,280.04952451054885
89.63294838518952,25.910048174143814,24.532951884666005,19.51611173587196,-0.15883057695335184,0.4910629653879651,-0.35295362542216674,1940.4822430759846,0.0001982851484469671,280.0617397707819
89.68294838518952,25.910048174143814,24.58707141405627,19.61413008706985,-0.07787547599092796,0.474904685128866,-0.37391717448517153,1941.719881529915,0.0002099521017752289,279.8514229265958
89.73294838518952,25.910048174143814,24.648814420193958,19.803782605002905,-0.05421064387381754,0.4561419812010941,-0.35185155871884544,1945.2526202057425,0.00020571015219148715,279.9098357610463
89.78294838518953,25.910048174143814,24.860592963716034,19.317013120537343,-0.016693975985349885,0.46687444162690267,-0.29304785870043704,1952.1204304694295,0.00021471142266442543,280.1307340959976
89.83294838518952,25.910048174143814,24.993622383564766,18.98750545235067,-0.13459549756851985,0.4385537922278162,-0.2708069332162074,1955.5399076396302,0.0002115303972588787,280.10351897371675
88.13294838518952,25.860048174143817,26.0609500670705,18.49465749871703,-0.016934730931748982,0.6648364657071253,-0.30237814087127296,1951.3416339172722,0.00022329564636157785,280.02344075205247
88.18294838518952,25.860048174143817,25.872206291134006,18.37036680955088,-0.10570442420249217,0.653477832264253,-0.3052053627338839,1950.416080945048,0.00021778472204888894,280.04874490021837
88.23294838518952,25.860048174143817,25.973876016674133,18.42196590608513,0.11507280591442637,0.6366201460822477,-0.3013110796182324,1950.018682574332,0.0002151432438882759,279.9696816679055
88.28294838518953,25.860048174143817,25.610324986132436,18.417704706772295,-0.19350451101898833,0.6184439303183419,-0.2993529355912375,1950.1264420179634,0.0002213585650753331,279.8931945492487
88.33294838518952,25.860048174143817,25.701187964039473,18.547466264972815,-0.024214689353922812,0.6230862738836364,-0.28628717938561093,1948.7382764960316,0.0002236247384574949,279.83839653530464
88.38294838518952,25.860048174143817,25.697501174662225,18.717733329654155,0.023986960274728977,0.6372093320612945,-0.2941382991545846,1948.3892122522784,0.00021360211071768507,279.8791708483855
88.43294838518952,25.860048174143817,25.49729638895431,18.8178373454185,-0.20235367776494292,0.6266100466483963,-0.3103963113838561,1948.3153034328743,0.00021709252481134445,279.94043854300844
88.48294838518952,25.860048174143817,25.83244114597846,18.635463954498668,0.14805330969763889,0.6145477981067805,-0.3112497888917626,1948.7187589234645,0.0002175273539368174,280.01332700999467
88.53294838518953,25.860048174143817,25.709047230826354,18.678904172221262,0.06507046345846079,0.6123732136473555,-0.29390266659712383,1949.778272889943,0.00021275235092040046,279.9247959804314
88.58294838518952,25.860048174143817,25.391111004642177,18.85844621272495,-0.18941441746837762,0.6226965693855098,-0.2853349620376559,1949.986958068324,0.0002203950615940085,280.0187141742534
88.63294838518952,25.860048174143817,25.476268634473094,18.90719913541708,-0.037566825110446664,0.617818814176921,-0.27244343529096393,1948.7674782627764,0.00021592524684101592,280.14442794144196
88.68294838518952,25.860048174143817,25.528518820600464,18.897465059462327,0.07088105502007785,0.631072968778585,-0.2560571414768139,1947.4015984279974,0.00021300460786466207,280.13442849951457
88.73294838518952,25.860048174143817,25.43620355592886,18.746703535429507,-0.0054229020840663505,0.6256724002037528,-0.260802893985059,1945.7280845067644,0.00021331753194298354,280.0575523694491
88.78294838518953,25.860048174143817,25.471520239907537,18.67561031857418,0.09461514428091208,0.6169116428150367,-0.2827499356860262,1944.8407722093186,0.0002113848376074652,279.97643695585816
88.83294838518952,25.860048174143817,25.176295471713882,18.959409683609653,-0.08978416325086144,0.6218300054231695,-0.2861993482466351,1944.2727060581817,0.00022060058096405998,279.93060099622664
88.88294838518952,25.860048174143817,25.080579413474915,19.178953437221004,-0.12368477274847461,0.6328922351969242,-0.2691073990388633,1944.1646571898355,0.00023231369587119283,279.97775311225513
88.93294838518952,25.860048174143817,25.074608165408065,19.209963442227796,-0.10833011375545987,0.6107724521795755,-0.2676181131454866,1944.683130888814,0.00022423370545861295,280.03801806892005
88.98294838518952,25.860048174143817,25.30158051039287,19.170243111027805,0.15137107239445788,0.6086652664880543,-0.2791878980094685,1945.1497783135899,0.0002149740688638046,279.9969463682855
89.03294838518953,25.860048174143817,25.243478733729695,19.181159635780705,0.16207070246153157,0.6009336214192359,-0.294850783592696,1944.5235049879122,0.0002150212635128141,279.93702243940623
89.08294838518952,25.860048174143817,24.992965021575728,19.135706293675007,-0.05629426382043007,0.6081299207583089,-0.31559180550149757,1946.4205257975977,0.0002045202288852205,279.9481243539011
89.13294838518952,25.860048174143817,25.1411225610963,19.02021668825716,0.07587581012581934,0.5986925947745261,-0.3186770071271272,1946.2624014296105,0.00020440391330382816,280.00885773563357
89.18294838518952,25.860048174143817,25.097414929613485,19.04522629352253,0.013612879200715012,0.5845937332498866,-0.2953751929474024,1947.3143563065205,0.00020262951042991685,279.9952626191065
89.23294838518952,25.860048174143817,24.960390566867332,19.087930231377015,-0.10340582158904484,0.5697902091769209,-0.29130374160060774,1948.1264570861383,0.00020756237816667717,279.9865752023685
89.28294838518953,25.860048174143817,24.850988326564707,19.149847241651294,-0.13502753297109263,0.5765232207469188,-0.286040057131128,1948.0561860259447,0.00021297317352867725,279.9795853490911
89.33294838518952,25.860048174143817,24.82509917298921,19.173419665178727,-0.11336547299760329,0.5866461189616117,-0.27741965633660187,1948.6616846604268,0.00021201510791989364,280.025674495163
89.38294838518952,25.860048174143817,24.755595882937673,19.215314762133797,-0.15365893818168677,0.5474796988966214,-0.29243854024598026,1946.8008992470106,0.00021391116799761837,279.9628138063289
89.43294838518952,25.860048174143817,24.85760663172981,19.30428933234399,-0.038648519271747,0.5229607997723524,-0.3384527318172912,1944.4561907736236,0.00020590858646420623,279.88533792892173
89.48294838518952,25.860048174143817,24.870671539668265,19.17772613919136,-0.0013413863341456833,0.5277189722757231,-0.36517178970572367,1942.178702765987,0.00019259493640595766,279.86921851506526
89.53294838518953,25.860048174143817,24.92975153846241,19.296114480856467,0.09189334902395647,0.5256196231930408,-0.34405479123395694,1942.5424089462217,0.00018584179518759845,279.9711847916119
89.58294838518952,25.860048174143817,24.92402485827199,19.324271797746203,0.09353108206152023,0.5045716044717543,-0.33290391909049805,1945.8086211448008,0.00018937096207503052,279.96690212090886
89.63294838518952,25.860048174143817,24.76472377632406,19.485848228318208,-0.06350914080232442,0.49727434319777863,-0.33662675379796775,1945.1010881456452,0.00020165577641442436,280.0753685739508
89.68294838518952,25.860048174143817,24.82993832451886,19.707004637343886,-0.0027879304586450825,0.47294343321777843,-0.3580299482851354,1946.5221880008803,0.00019807360961446722,279.91442424624097
89.73294838518952,25.860048174143817,24.688867388200627,19.71025866764445,-0.18671363712740352,0.45559788359282977,-0.32472653366619536,1951.8819541349014,0.00020414921644037153,280.0152226130629
89.78294838518953,25.860048174143817,24.95143467848454,19.000981249824527,-0.014893131531382931,0.4629197754410346,-0.23839812121313425,1959.248194830031,0.00022289274053410166,280.15810330242255
88.13294838518952,25.810048174143816,26.026010283169917,18.54026946663663,-0.08685892409300473,0.6659197286412994,-0.3067925946196753,1950.5570966158084,0.00022074684149644654,279.9286534177624
88.18294838518952,25.810048174143816,25.94981816469585,18.48658867852411,-0.04117191714547899,0.6431295282060246,-0.31229897014054053,1948.8211088849453,0.00021091067658627388,279.95897484612465
88.23294838518952,25.810048174143816,26.033443080209626,18.443262713805172,0.13850039412386977,0.6526088271012677,-0.3179279318976113,1949.3398953236426,0.0002191513029525306,279.92403650131877
88.28294838518953,25.810048174143816,25.71671649093236,18.372969605706505,-0.12617484795599604,0.6333789197686316,-0.320734720283637,1948.507036624527,0.0002092777768803185,279.8546578927242
88.33294838518952,25.810048174143816,25.70939627869929,18.685278154596883,-0.06417247371748867,0.6493930768549796,-0.31059279034379683,1949.1440244750488,0.0002131050198248948,279.8847280451703
88.38294838518952,25.810048174143816,25.718836073039018,18.731074402217153,-0.05594833633182494,0.6512240441790857,-0.3041540002547921,1949.2791777019793,0.0002125840591135758,279.89527210590694
88.43294838518952,25.810048174143816,25.80626632387765,18.703560626376913,-0.0023372582302239988,0.6476002152670519,-0.2993685186525702,1949.3603014160515,0.0002278599363331695,279.9589036030531
88.48294838518952,25.810048174143816,25.991345801057065,18.695419295789215,0.1772102771689324,0.6397389885067966,-0.2996093135542679,1949.9189104506702,0.0002271933644059881,280.0413696286212
88.53294838518953,25.810048174143816,25.817329535405246,18.789717964861573,0.04987467546576707,0.6237824919567181,-0.2923515353782793,1950.600162931874,0.00022735305470313698,279.95265782250164
88.58294838518952,25.810048174143816,25.65458961490909,19.005519505897205,-0.046104923232057095,0.6211742146688074,-0.2755738020832806,1950.3722953693764,0.00021854885933615147,279.94884785968196
88.63294838518952,25.810048174143816,25.342184121241925,18.9560524163442,-0.32158728176236956,0.6201068720517598,-0.2654268027630971,1950.3625195377424,0.00021904619363437557,280.01853016728165
88.68294838518952,25.810048174143816,25.77000985501984,18.784677853672004,0.14492169125006404,0.6223915138696083,-0.24644556382600669,1948.994816236096,0.0002114081777637847,280.0663125095892
88.73294838518952,25.810048174143816,25.582073086028167,18.693175174825654,0.03890920712204211,0.6038677679314753,-0.26082190923157667,1945.4562077272833,0.0002184921042228419,280.03448820720956
88.78294838518953,25.810048174143816,25.522628044497566,18.54739310293552,0.0934968916357298,0.6052142920713204,-0.28041535350326297,1944.9360922097817,0.00022529480832460098,279.88613538583434
88.83294838518952,25.810048174143816,25.28289677145246,19.034589746158687,0.002258021789227649,0.6274519105580846,-0.2720652375310865,1943.9183780486453,0.00021239225058792362,279.7712466573181
88.88294838518952,25.810048174143816,25.623068303179856,19.382423595049197,0.410276227362982,0.6292368202640738,-0.2601770299441467,1944.551458692176,0.00021524815227799829,279.90963076457973
88.93294838518952,25.810048174143816,25.105487364002123,19.355658866578384,-0.08209624449680618,0.5967353095977196,-0.2907296389292248,1943.6698595529438,0.0002198271091933661,280.02559948954035
88.98294838518952,25.810048174143816,25.02707335086952,19.336529506776724,-0.09801708031001183,0.5811897123636032,-0.310445621552898,1943.6671720366085,0.0002152966228885701,280.0737493349784
89.03294838518953,25.810048174143816,25.001228451990446,19.273537336099434,-0.10238180769451077,0.5964490242665026,-0.31063619789807545,1943.6592068411885,0.00022663029485232695,279.9951796044604
89.08294838518952,25.810048174143816,25.031153493834765,18.980010931044806,-0.09444031174504637,0.5921034342397966,-0.32915988246898986,1945.7936946488867,0.00022494079989561776,280.0108688428392
89.13294838518952,25.810048174143816,25.346652967145292,19.085280890343356,0.18707688500958033,0.6005813966578715,-0.3221220308601461,1946.741263158337,0.00020836202321772217,280.0245177423786
89.18294838518952,25.810048174143816,25.462193609071626,19.119109913861855,0.2797036863000402,0.586995540258575,-0.2959873798322956,1946.3539598670657,0.00021930254546531842,279.95245679047997
89.23294838518952,25.810048174143816,25.12902501373354,19.184751467566628,-0.03075916004976259,0.5589978547733202,-0.30410376565092573,1945.8338430808944,0.0002266040262790597,279.86907084996403
89.28294838518953,25.810048174143816,24.999100703059188,18.98723030841858,-0.10543596775026916,0.554800310854752,-0.3098692592082529,1945.7872711912737,0.00021106965661847238,279.7475873301639
89.33294838518952,25.810048174143816,24.857278749150947,19.185644727485887,-0.20348125998541758,0.5388234078537842,-0.3018347875183168,1946.0900526075395,0.00021268364884810496,279.73051308898516
89.38294838518952,25.810048174143816,24.93217860194879,19.178315278864265,-0.0505446466744696,0.5552875951855516,-0.2946491705893332,1946.6692483270244,0.0002047215606826985,279.79844015975766
89.43294838518952,25.810048174143816,24.755015114316876,19.457102413006893,-0.16828417803922174,0.5510173112216661,-0.3103269977913858,1945.726095495444,0.0002082663085317181,279.849476970896
89.48294838518952,25.810048174143816,24.79889007501985,19.37464372339344,-0.1268733362284813,0.5248955066917529,-0.3542164453406984,1945.1135087645473,0.00021357756053351612,279.9759746892046
89.53294838518953,25.810048174143816,25.032914965262172,19.813695644615798,0.0986853760713666,0.503942634833758,-0.36034080998357726,1942.3038587738579,0.00020070799856651157,279.97163573160077
89.58294838518952,25.810048174143816,25.160732611292016,19.521196689009507,0.2073742495213821,0.5231779475624667,-0.34793323237443086,1944.2232255010376,0.00019599421603084413,279.9210464927329
89.63294838518952,25.810048174143816,24.98318286443396,19.757821351065623,0.034744653799633936,0.4961351142580731,-0.33555063612251845,1945.6370375137362,0.00020417488356888936,279.982003528836
89.68294838518952,25.810048174143816,25.304415176794937,19.855305730864572,0.3781113866231463,0.47606835135552716,-0.3326712646017052,1950.2780192324947,0.0002085839223037868,279.9219563740235
89.73294838518952,25.810048174143816,24.7211217054451,19.7159265830182,-0.18622214892248984,0.4860798834544395,-0.2751776152858573,1956.5367293405357,0.0002147209545959352,280.00564833717715
88.33294838518952,25.760048174143815,25.831133227507195,18.878961509414825,-0.02471358583207771,0.6632756431807129,-0.3055660373228044,1949.6348950177066,0.00021004898003798147,279.8334110513884
88.38294838518952,25.760048174143815,25.968558753635545,18.798073732140946,0.11261399757413475,0.6667572948233208,-0.301511403853185,1950.3667122523923,0.0002104220842703154,279.77921260623083
88.43294838518952,25.760048174143815,26.011738694219936,18.81053499262981,0.1554981208038183,0.6516162759912133,-0.3024193775500244,1950.25027464128,0.00021205288701554254,279.859054098065
88.48294838518952,25.760048174143815,25.95073104567516,18.822651716352993,0.08620602303552968,0.6579171972425848,-0.2934822908727846,1950.5187639599426,0.00021564725494059713,279.8497489741011
88.53294838518953,25.760048174143815,26.12088262129784,18.768515689795034,0.3137331916012602,0.6373379989612269,-0.2834986491360643,1951.7015439116053,0.00022571596534467977,279.82547080359296
88.58294838518952,25.760048174143815,25.968288737669653,18.963744118115606,0.17941868786825702,0.6301151637474866,-0.2628402895259172,1950.9618095749156,0.00022579456219457567,279.8266585169444
88.63294838518952,25.760048174143815,25.57959674891485,18.907840992594465,-0.2096178138440668,0.6452201842427077,-0.2549322255368804,1950.8609870171003,0.00021181139749181971,279.88872324359363
88.68294838518952,25.760048174143815,26.055667592874745,18.668369178203736,0.35832598665961357,0.6321560644580702,-0.24193753797440387,1949.6129276094107,0.000214938425212721,280.1119026799357
88.73294838518952,25.760048174143815,25.631978466323424,18.85441882147499,0.0828657119288981,0.6201249088275398,-0.2541968939597782,1945.2254590226426,0.0002164278135992234,280.0581428649087
88.78294838518953,25.760048174143815,25.26463376512966,18.83892202078487,-0.12167638368601545,0.6231310355519832,-0.2802902155093415,1943.3698905444235,0.0002212243828041815,280.2195671908156
88.83294838518952,25.760048174143815,25.19441931478395,19.10262598629916,-0.035004509967259914,0.6515260972922862,-0.2766956604494641,1942.581657087006,0.00021915429587159892,280.01144772416626
88.88294838518952,25.760048174143815,25.49399841584728,19.475443556355387,0.3355488869314451,0.6336995294310385,-0.26701758634924194,1943.3344034202364,0.00022063523875542163,279.82894277291854
88.93294838518952,25.760048174143815,25.376908350442335,19.38207715986579,0.23845810462233072,0.6161199201533433,-0.2869225786240342,1944.4185039327178,0.00022107038924329677,279.8676642434992
88.98294838518952,25.760048174143815,24.97003945513375,19.3225425840412,-0.15450122021632037,0.6071445521477252,-0.3244773790287077,1943.743947403881,0.00021201387409114968,279.9765947019624
89.03294838518953,25.760048174143815,25.04303847080439,19.371914295240106,-0.10040819374067289,0.6070080519079413,-0.33058035551606213,1943.6466074749708,0.0002125783818217073,279.98243673732054
89.08294838518952,25.760048174143815,25.180745770072193,19.12467238549082,-0.026397364543116614,0.6300575199816,-0.3281403595098165,1944.186713673128,0.00021032505830064388,279.9285198460252
89.13294838518952,25.760048174143815,25.312389588691747,19.284366940041867,0.04844769183747877,0.6159904339145849,-0.31676471618028296,1945.6004383583545,0.00021328119258680377,279.914507527963
89.18294838518952,25.760048174143815,25.320758977627076,19.317306354607666,0.019984599590023078,0.6042485800253371,-0.2931518637494679,1946.1355411707905,0.00022987937719213004,279.9349342313725
89.23294838518952,25.760048174143815,26.03986821428218,19.86669751647736,0.7256715740570389,0.5720219944526808,-0.2730768652273008,1948.3932913497683,0.000224006887229433,279.7409175168234
89.28294838518953,25.760048174143815,25.693045617452476,19.267467096972464,0.39749166916793355,0.5639925040853561,-0.30802162177807063,1947.660157943103,0.00020919493881707676,279.63863292398787
89.33294838518952,25.760048174143815,25.221241620100663,19.12852059936608,0.018422808412892018,0.5714060993031951,-0.34536699139117694,1944.0969504515895,0.00021744289150762872,279.662684643475
89.38294838518952,25.760048174143815,24.994793693264796,19.422747762905924,-0.0935193109159427,0.5756809805855757,-0.3464065235355213,1943.0275467290555,0.00020650770929624233,279.6410502155591
89.43294838518952,25.760048174143815,24.878802489375207,19.557678188909257,-0.1478746753762393,0.5620267919321886,-0.3135320389859124,1946.1925156005248,0.0002104265187609332,279.72986988759226
89.48294838518952,25.760048174143815,25.045178182536926,19.323406437886728,0.018552265374337767,0.5507844630978752,-0.28243002614932716,1950.704071057001,0.00021516989895468695,279.80563474373054
89.53294838518953,25.760048174143815,24.875636247952777,19.75694465072139,-0.15366744104899765,0.5236938659738499,-0.3299011199474004,1946.843977850809,0.00020992059076559662,279.79571682076016
89.58294838518952,25.760048174143815,25.05031021725701,19.71448717445934,-0.012271856083795314,0.5172278939292121,-0.3546314387715576,1944.3198321575646,0.00020125387594131807,279.8528411654982
89.63294838518952,25.760048174143815,24.904680805360286,19.89467775928106,-0.08817197579796004,0.5032654861103102,-0.36039018245430343,1945.3020480308044,0.00020564435950610715,279.9006651116484
89.68294838518952,25.760048174143815,25.103138771098955,19.771071329806674,0.19074704698768105,0.4896388361431224,-0.32231382717089124,1951.6036020984066,0.00020892318677565342,279.9265471016291
89.73294838518952,25.760048174143815,24.737352091129623,19.90893097667739,-0.1307895657211485,0.49335841562885036,-0.22700033951867207,1957.1682453980015,0.00021678535622392448,279.96837712112136
89.83294838518952,25.760048174143815,25.59256251685467,18.97181985663473,0.3359369319686237,0.5028526630147214,-0.21853387423867462,1962.7007697414583,0.00021597125976076422,280.07199819170967
88.38294838518952,25.710048174143814,25.73661464077242,18.78947652807229,-0.13651559247665881,0.6642359332705015,-0.30352492843003,1951.073733928107,0.00021110238571972766,279.64326290324374
88.43294838518952,25.710048174143814,25.626802734263123,19.26074437092688,-0.2593154929180571,0.6737662406946041,-0.3075328924259233,1950.5309516875695,0.00020330775620744953,279.88337047127595
88.48294838518952,25.710048174143814,25.77353668832882,19.05982745946626,-0.12631855224524385,0.6873203457349103,-0.3004167527589628,1950.5689336599878,0.00020803822525697707,279.7971422564887
88.53294838518953,25.710048174143814,25.96611140713699,18.92164872741458,0.11051596126167584,0.6504340501790232,-0.2874682670187373,1951.191622929719,0.00022221031567128046,279.8756048657754
88.58294838518952,25.710048174143814,25.97147134553418,18.83571816053202,0.12840743162783952,0.6227085554150462,-0.27393479652848024,1950.9709712503604,0.00021877554360973038,279.93455100078484
88.63294838518952,25.710048174143814,25.88530285928315,18.98053767054432,0.07272951427913252,0.6304617703391037,-0.25416869348348137,1950.5064197539357,0.00021966369497703405,279.83368734534986
88.68294838518952,25.710048174143814,25.801460186250967,18.935294117181616,0.1332445848402531,0.6171849894933511,-0.2540143313187353,1948.5235356832254,0.00022265039887877337,280.0280603322768
88.73294838518952,25.710048174143814,25.242791238838567,19.132265062893865,-0.2304304560406136,0.6290692818715963,-0.26037340891492117,1945.0654287786256,0.00022185187198810318,279.8922760039046
88.78294838518953,25.710048174143814,25.13337777347501,18.957637606099322,-0.15049518381735738,0.6364818913101036,-0.27259539542865674,1943.7822311485925,0.00021720254847758854,279.92764066637125
88.83294838518952,25.710048174143814,25.163552994314486,19.100873564049923,-0.05937461509079536,0.6370268195200625,-0.2907512657991977,1943.424712955024,0.0002168973221506611,279.74147908289564
88.88294838518952,25.710048174143814,25.04898418149443,19.352956879860717,-0.1778683934425243,0.642652934514005,-0.2969045454061151,1943.4387431199536,0.0002223954282961773,279.6311921235311
88.93294838518952,25.710048174143814,25.236490408793948,19.448002758393894,0.009979188410773094,0.627067338197052,-0.3040242934980318,1945.1171985603212,0.0002177224007492358,279.7899939598282
88.98294838518952,25.710048174143814,25.123757834578996,19.61578540019101,-0.09249778062610185,0.6004564698806096,-0.32813382613479053,1944.9570042062212,0.00021624347371621295,279.93148632267724
89.03294838518953,25.710048174143814,25.20361979986436,19.444220138127584,-0.04954485706115574,0.5906238294908701,-0.32644079944510807,1946.2100478499337,0.00021927368221022595,279.84613514061704
89.08294838518952,25.710048174143814,25.239990149347612,19.424798874222162,-0.04976298964117346,0.6195430021271795,-0.3206151177829569,1946.7024242431264,0.0002121243662735074,279.8792830971306
89.13294838518952,25.710048174143814,25.18867055918101,19.419628656174133,-0.15886809193488668,0.6252124767704196,-0.32128840177812185,1946.2441600392872,0.00020748239303098747,279.92645180401024
89.18294838518952,25.710048174143814,25.407809454282617,19.306771599533533,-0.032734869622828365,0.6085202187846667,-0.3002864629198348,1946.2605720194852,0.00021076108110151684,279.83647304857936
89.23294838518952,25.710048174143814,25.54165533519736,19.277949508525097,0.07949678672895494,0.5851926477673605,-0.2898546996955126,1949.256184682048,0.00021278632083247467,279.6631585847557
89.28294838518953,25.710048174143814,25.698555540473784,19.121536993477754,0.2456243141564042,0.5700185384804334,-0.3160507028147332,1949.4401515146212,0.00020655662069447628,279.6224373945008
89.33294838518952,25.710048174143814,25.345580607830563,19.01665036396555,-0.03301634559493866,0.6005649578223657,-0.34896630866416034,1945.569850977991,0.00021017113566305183,279.6565711849576
89.38294838518952,25.710048174143814,25.313703511911257,19.235559152585473,0.06207180155364054,0.605978670178698,-0.3524260698589018,1943.8658152176413,0.00020819897876476394,279.62794609449776
89.43294838518952,25.710048174143814,24.988229538565324,19.480478840349893,-0.18281628269438907,0.5820636797169588,-0.3408631711018812,1945.0146707095264,0.00020150065536053867,279.618574443929
89.48294838518952,25.710048174143814,25.202479401664494,19.241825339066082,0.06949583278700422,0.5343573166480872,-0.2932352742631943,1950.8515946753444,0.00020693596444485796,279.70575903433587
89.53294838518953,25.710048174143814,25.304671024841582,19.556951085772454,0.22728966828776337,0.5593552342897156,-0.28839749496154604,1951.1175786389404,0.0002061902932699306,279.77292104640384
89.58294838518952,25.710048174143814,24.87287541251863,19.813557851392833,-0.2010371769485045,0.5354562131569688,-0.35481208208827,1946.2339193401106,0.000198356999434093,279.67451234768447
89.63294838518952,25.710048174143814,25.01049684380146,19.743701426878857,-0.004309668173406684,0.5131026883832143,-0.3810915045235107,1944.2407685832875,0.0001961172991290975,279.75231609947946
89.68294838518952,25.710048174143814,24.760139186003165,19.61479676503265,-0.12237250770181231,0.46495836514773764,-0.3300505876114037,1951.7209693701348,0.00020444510728273476,279.74198294990373
89.78294838518953,25.710048174143814,25.443754165774603,19.666733140567352,0.23756968328037048,0.49852826432880754,-0.22980610428179257,1959.143643731661,0.00021359587177604867,279.7699711875565
89.83294838518952,25.710048174143814,25.373173488031018,19.724113031161966,-0.15029811165258916,0.5121938812879095,-0.2926440448627746,1956.087663820598,0.00020837931187545823,279.7097750091936
88.48294838518952,25.660048174143814,25.581923708562083,19.042029814723225,-0.3620993506717967,0.6864855646207187,-0.3084209070299673,1949.3175651831616,0.0002197911911150009,279.82394218139063
88.53294838518953,25.660048174143814,25.72993580040073,18.89289680685293,-0.17180806899844367,0.6329956885066662,-0.2885533867155647,1950.2220444448897,0.00022554827932129835,279.8945796298513
88.58294838518952,25.660048174143814,25.841950797044962,19.12949132550925,0.018878931771902488,0.627315396117167,-0.26938875398795314,1951.2092000318066,0.00022196190578132116,279.8488293658578
88.63294838518952,25.660048174143814,26.699306615557088,19.408772405517073,0.9520566008214176,0.6107490117427649,-0.23833028690531935,1952.2057326034471,0.0002252070413783891,279.7771991873862
88.68294838518952,25.660048174143814,25.661738365311418,19.037498501251452,0.06224335126972143,0.6137315654928218,-0.26053491909567134,1949.7151333302836,0.0002126728778716411,279.7496381165238
88.73294838518952,25.660048174143814,25.204870660297104,19.241119257758783,-0.22032420846586298,0.6423294667938233,-0.2657838603511333,1947.284260789113,0.00021676794567029476,279.8774062493611
88.78294838518953,25.660048174143814,25.204242724526885,19.044688345648595,-0.0855472587572048,0.613623903108848,-0.25948728551935896,1946.424740200104,0.00022693136081993932,279.74413894660995
88.83294838518952,25.660048174143814,25.454642673520365,18.925901515846235,0.16772571110493478,0.624884319395793,-0.2812411285751007,1946.9873699615919,0.00022122038499370394,279.60390205851076
88.88294838518952,25.660048174143814,25.34625747825072,19.353112225702144,0.02873661028747777,0.6441441835716987,-0.29824791919368676,1946.9577102683816,0.00022563909485957739,279.5384838134134
88.93294838518952,25.660048174143814,25.493134404190947,19.629252832781273,0.15376995071443125,0.644844091768568,-0.2970008227444843,1947.6314994188906,0.0002289875598962175,279.6567372127438
88.98294838518952,25.660048174143814,25.50126938743263,19.45422697112577,0.16152303531192672,0.6038676482880634,-0.315273484506674,1946.865464648465,0.00022924146591437778,279.74483618969356
89.03294838518953,25.660048174143814,25.261346893216743,19.535724806820365,-0.07289991367277554,0.5981737442845549,-0.31722762229764356,1947.5826118346697,0.0002225653766207687,279.7075995134149
89.08294838518952,25.660048174143814,25.47091619201442,19.373957393252425,0.1082792287034114,0.6254143143001032,-0.3151998028717086,1947.3158732823522,0.0002165672409621867,279.80880845089996
89.13294838518952,25.660048174143814,25.171904459224805,19.29107239083915,-0.23616950537677406,0.6288006385569033,-0.3254437536700757,1946.7026834295052,0.00021887298160067775,279.86028669398246
89.18294838518952,25.660048174143814,25.432284152428828,19.07209506317927,-0.05734550144295782,0.6119840981834834,-0.3142111817416947,1948.3424100408663,0.00021105985157762066,279.77317513133437
89.23294838518952,25.660048174143814,25.754118355809272,19.08114265726387,0.24132140714604636,0.6008962425094817,-0.3068005738060343,1950.0225665845285,0.00021041584300938242,279.6278334029113
89.28294838518953,25.660048174143814,25.629177792341782,19.13624396034419,0.1358829470323747,0.572176119960548,-0.3268848060203976,1950.4808425136289,0.00020857193667928216,279.61894140694216
89.33294838518952,25.660048174143814,25.469235857690304,19.107986524272462,0.050923706010058314,0.5920152994056206,-0.3417842063399837,1948.0216643175215,0.00020793832158566054,279.595551438826
89.38294838518952,25.660048174143814,25.522912986503517,19.219293091020162,0.2065406300369522,0.6039406763076415,-0.34047620734964756,1945.5218625660777,0.00019795622304004886,279.61908102267665
89.43294838518952,25.660048174143814,25.08989967736248,19.681043554958617,-0.16307275306444277,0.5978896338491569,-0.3566090594491024,1944.54648866267,0.0002021989515174329,279.57305978135196
89.48294838518952,25.660048174143814,24.980545634913227,19.420041072495895,-0.19039397686690387,0.5720881124071546,-0.3287239973309206,1948.9044405491493,0.00020192648740481535,279.565207589537
89.53294838518953,25.660048174143814,25.51580755558206,19.288077888884562,0.3929399891624727,0.5337925533604357,-0.29014515651051853,1951.339243894709,0.00019949763805377765,279.567981958145
89.58294838518952,25.660048174143814,25.011422995362235,19.80262677316392,-0.06915170932159671,0.5278839579632274,-0.3541718940984279,1947.4518799117488,0.00019845607246066408,279.5408316124815
89.63294838518952,25.660048174143814,25.121783493441885,19.87109046321126,0.12799143016087416,0.5114434045881999,-0.37728642557103376,1945.521077461484,0.0002023893666673304,279.62186185622215
89.68294838518952,25.660048174143814,24.571181270902883,19.69703882410477,-0.3353049059097136,0.433001798874827,-0.3105993090976581,1951.4916103133955,0.00021064246588522757,279.66974992573495
89.78294838518953,25.660048174143814,25.40331484392326,19.413188087871315,0.09711290635249148,0.4963904473950722,-0.27506461625237566,1955.6291090807872,0.00021400665399544708,279.5123791592634
89.83294838518952,25.660048174143814,25.46449036257642,19.31576624734669,-0.11712893955132082,0.5137742963225221,-0.366602439465315,1948.9535930125724,0.00020251599580126643,279.3887478152231
88.48294838518952,25.610048174143817,25.852420512054415,19.08922584190431,-0.18826024708786535,0.6545181068202502,-0.3174820765268001,1950.2146427378073,0.00021967137068866117,279.6282825665859
88.53294838518953,25.610048174143817,25.7643770882103,19.01000506287354,-0.18366579405495723,0.6542314652984842,-0.29731808851838865,1949.9433554536463,0.00021522294140611815,279.66816651451023
88.58294838518952,25.610048174143817,25.546146755406774,19.419691269265105,-0.30110650265032973,0.6650703036549152,-0.26976786094503896,1951.0650072379935,0.00021226862109539424,279.61317507867244
88.63294838518952,25.610048174143817,26.808047962395122,19.840333384484786,1.1145217736273323,0.6169301108057126,-0.22924327192107588,1952.2172750809016,0.000216811624148286,279.5897665275037
88.68294838518952,25.610048174143817,25.717073688849425,19.280903835184265,0.14108458086217116,0.6446571741150919,-0.25254847405709835,1949.5576561023192,0.00021691611366521046,279.6325409165488
88.73294838518952,25.610048174143817,25.400438126191364,19.330716769198762,-0.06186623303450818,0.6481856339284512,-0.26836392226133854,1947.3358021672352,0.00021517321504482823,279.76556244750435
88.78294838518953,25.610048174143817,25.314957105929075,19.233001910396325,-0.09243899938445455,0.6328135719901375,-0.2692152754129855,1945.719053855737,0.0002141743207366044,279.672118018618
88.83294838518952,25.610048174143817,25.466222812507596,18.965863788933476,0.029713974861706734,0.63495430370632,-0.2761354557004216,1947.4745030819506,0.0002165050228110397,279.44778854167765
88.88294838518952,25.610048174143817,25.575139871757834,19.12894460869963,0.1252975664173035,0.621952302027556,-0.29021393626648534,1949.062655749616,0.00022423948353779319,279.4097268481322
88.93294838518952,25.610048174143817,25.3676171504766,19.464510078094776,-0.08643949106199915,0.6366599562083498,-0.30933540094612383,1947.7879618578515,0.0002280409818376919,279.6004951113473
88.98294838518952,25.610048174143817,25.378140582204377,19.233057741614463,-0.06076997227863303,0.6272682629637972,-0.3194801373394874,1947.315448336403,0.00022536848810924228,279.70490477409027
89.03294838518953,25.610048174143817,25.40427265775667,19.298001246198403,-0.008034834086706513,0.6267358558567829,-0.32297381179488205,1945.8939897769233,0.00021990334440430778,279.7272617924702
89.08294838518952,25.610048174143817,25.466051516116952,19.328236437543577,0.01755221189476567,0.6248163780569128,-0.3306888512094673,1946.0111556114182,0.00021257234425207033,279.64435148984825
89.13294838518952,25.610048174143817,25.484432076461538,19.10322340465172,-0.02506474982845248,0.6087123243201831,-0.3274446727229886,1947.7256329684146,0.00021347875604086315,279.69387224109715
89.18294838518952,25.610048174143817,25.323007314938277,19.028091833237994,-0.2216795520107378,0.6205777126343057,-0.3311285763389843,1948.5843881366877,0.0002147054832335496,279.7410593938178
89.23294838518952,25.610048174143817,25.47880838475321,19.11795569221611,-0.03425152080522289,0.5928712409485531,-0.3166552819448306,1948.1916319402562,0.00021549821775968802,279.6823774720865
89.28294838518953,25.610048174143817,25.574985778062594,19.056394557421488,0.11069634326579732,0.5859978688352863,-0.329079859832163,1949.1672974623234,0.00021464174056289368,279.46814630382636
89.33294838518952,25.610048174143817,25.4299801310316,19.011139234695367,0.01708592577432572,0.5911771962954228,-0.3453198829926776,1946.9697788140945,0.00022282176573180227,279.4804232639566
89.38294838518952,25.610048174143817,25.398091248479865,19.26837062263833,0.08548822810603107,0.5757495076411294,-0.3386186654843296,1945.2826023160776,0.00020226433006967435,279.47451573981766
89.43294838518952,25.610048174143817,25.147971938283508,19.654159715674542,-0.10315718363350954,0.5858609593811603,-0.35476748046144435,1944.4832793084288,0.00020201402831860008,279.4054219712078
89.48294838518952,25.610048174143817,25.104606535276012,19.556915612650922,-0.10710694420314723,0.5751083462284041,-0.3594216014685986,1946.3834449817227,0.0002011771971674854,279.5243483116095
89.53294838518953,25.610048174143817,25.20549613014988,19.05114484794075,0.025476812584391533,0.54755030445348,-0.3254273590065319,1951.8460181529756,0.00019962047597229756,279.518716317529
89.58294838518952,25.610048174143817,25.43843870478944,19.459445311759673,0.3238268808321869,0.5376050038272425,-0.3323159465271684,1953.3133779000746,0.0001993670670407901,279.5573581145226
89.63294838518952,25.610048174143817,24.88128294310235,19.80122164531161,-0.15554378198836796,0.4833859030870799,-0.37542413318197304,1949.422089516997,0.0002046476143277132,279.5340771539931
89.68294838518952,25.610048174143817,24.283913341830498,19.90864517911955,-0.7000006749240205,0.3644225945279959,-0.29412519191909625,1953.1619094828632,0.00020767088184688414,279.57921597692604
89.78294838518953,25.610048174143817,25.439459467032254,19.105087901762314,0.10258354175025053,0.44706528615465974,-0.28394680218582286,1956.6401049564183,0.0002172616717140545,279.4159937116137
89.83294838518952,25.610048174143817,25.488682604751816,19.578478084618077,-0.17236745400582784,0.5000615144681744,-0.38012450680563625,1949.2149284332172,0.00020897215518102442,279.26715821440354
89.88294838518952,25.610048174143817,25.759488406985113,19.498206810396564,-0.09774428149451947,0.4927473353352761,-0.39462535609584837,1945.602382964468,0.00019796326289494106,279.16382881967763
88.53294838518953,25.560048174143816,25.591932043181306,19.077647182596085,-0.39124096647528983,0.6697057579424879,-0.3130964966092957,1947.4901547091386,0.00021011629600689867,279.57512542164346
88.58294838518952,25.560048174143816,25.795590246371372,19.313414049236115,-0.041397811518208746,0.6600150892454718,-0.29497099223691853,1948.7206001859845,0.00020624202221363686,279.6171526941951
88.63294838518952,25.560048174143816,25.706258691819578,19.323996102636052,-0.04074549793665871,0.6640899053975596,-0.28845518359545524,1948.7630552242567,0.0001969585511173237,279.56581633532875
88.68294838518952,25.560048174143816,25.48200479965359,19.45285729533555,-0.16327833269455957,0.6578073398885291,-0.27949546225848787,1947.8144160518907,0.0002090431917135964,279.58021446601066
88.73294838518952,25.560048174143816,25.390976317617604,19.46227342303537,-0.16607184394856195,0.6574900371658289,-0.27733079253044973,1945.8789682769211,0.00021439133066359,279.6458035462078
88.78294838518953,25.560048174143816,25.383596997956914,19.313183743700087,-0.21035594846066105,0.6574827615421447,-0.28566440225192574,1944.8761128371038,0.00021545895777463697,279.5664911526984
88.83294838518952,25.560048174143816,25.486727466052997,19.164325958058757,-0.13249807952427844,0.649065305761859,-0.29849571170106753,1946.296219397978,0.00023073481901574646,279.5776750304492
88.88294838518952,25.560048174143816,25.651581586721285,19.002247432540248,0.06974878263433222,0.6402193821972872,-0.2974371513895181,1948.5048977659974,0.00022258047998427875,279.57086414482796
88.93294838518952,25.560048174143816,25.403357537304384,19.184904034594986,-0.12433918392569242,0.6538215959609558,-0.2982781985922507,1948.2449856458975,0.00023241855160752427,279.4112254093045
88.98294838518952,25.560048174143816,25.393857742045853,19.405240602827526,-0.12460465865099282,0.6415088250390748,-0.31811423402765004,1945.8306664189256,0.00022077974184287307,279.5569379609304
89.03294838518953,25.560048174143816,25.611094683288943,19.16070939771337,0.07736841236727104,0.644453279472886,-0.32398041344005046,1944.297936094551,0.0002111277316782867,279.62585856347124
89.08294838518952,25.560048174143816,25.741684250296586,19.185828794448128,0.22494628840417635,0.6462042070367093,-0.32056893438386874,1945.223014237487,0.00021127721317446056,279.5053440366643
89.13294838518952,25.560048174143816,25.83068061409003,19.06457769307402,0.2984957923788187,0.5987512020311014,-0.312974574603407,1947.7671156548092,0.00020813760521018622,279.5874283218427
89.18294838518952,25.560048174143816,25.39364383706682,19.2153937152765,-0.12244651058510296,0.6353890838119474,-0.3341663806923182,1947.2464909801965,0.00021648476203872693,279.671073203227
89.23294838518952,25.560048174143816,25.328475018683324,19.264994400448295,-0.14422142635136276,0.6175318437802587,-0.32794231832117793,1946.3781184413583,0.00021329631648035342,279.5981288013272
89.28294838518953,25.560048174143816,25.417184137422964,19.422027070420775,0.0037634868337844745,0.5954998468719352,-0.34107588687700224,1946.2368726749153,0.00021385845098905484,279.35637662312087
89.33294838518952,25.560048174143816,25.27248031625329,19.247373950656858,-0.1121713811557734,0.5858688346821218,-0.3602850362733139,1945.6767812167584,0.00020218018326666456,279.37678003061023
89.38294838518952,25.560048174143816,25.54912232734374,19.21969741995019,0.23178690439280278,0.5871122030674562,-0.34999793695183157,1945.3843375303604,0.0001993150614393504,279.4113588115733
89.43294838518952,25.560048174143816,25.204600084434222,19.63167549043642,-0.030149056840606203,0.5854894788135868,-0.3547070445027847,1944.630212432948,0.00019573876889284974,279.36637159009405
89.48294838518952,25.560048174143816,25.073717725799856,19.820059887047773,-0.1555054420860053,0.5778337596168707,-0.35626237188171483,1945.4568527407873,0.00019794966121899825,279.45114978474754
89.53294838518953,25.560048174143816,25.122402889325326,19.28628792861271,-0.07716518043262308,0.5629836160361228,-0.3431096645970591,1950.661485444568,0.00019887965239275934,279.40873568527303
89.58294838518952,25.560048174143816,25.83337999626213,19.077204450300826,0.744707799981561,0.5568110262855477,-0.31374729904276766,1956.5996967900562,0.00020159972071729905,279.367957664305
89.63294838518952,25.560048174143816,25.342117441035057,19.587347765290197,0.38061727752699615,0.5525868778809917,-0.31487518783160134,1957.025796490006,0.00020993326383035582,279.38620550005623
89.68294838518952,25.560048174143816,24.41527642682131,20.0519875168813,-0.5290605692375822,0.5153732806775213,-0.26309341757056587,1957.0287182689344,0.00020958033193819124,279.51689841414054
89.73294838518952,25.560048174143816,25.040358710111324,19.04438001495423,-0.06503409837096681,0.499031072669895,-0.25793236407089154,1959.0873624735505,0.0002064491307550942,279.4386571889507
89.78294838518953,25.560048174143816,25.596398558135,19.282703813372464,0.17394397851990362,0.48961493456209887,-0.2919963003715499,1956.5709908028766,0.0002089084138930789,279.3115357270776
89.83294838518952,25.560048174143816,25.575825941744494,19.57411818118272,-0.17915590522964855,0.5047834452066934,-0.37169809177120583,1948.6238060930089,0.00020434363641991688,279.14607943737695
88.58294838518952,25.510048174143815,25.99889162870357,19.215616203564707,0.08521465658393389,0.6479404024882681,-0.3113004155834613,1948.8504199517793,0.00022160885648987575,279.61295661500725
88.63294838518952,25.510048174143815,25.739830870168195,19.32655207472234,-0.1924543301466593,0.6507503903568278,-0.3179231122078542,1948.101397670802,0.00021149165673807564,279.622818307682
88.68294838518952,25.510048174143815,25.604348859362304,19.40430959219474,-0.32099406368452643,0.6745440886892756,-0.29671725713127967,1948.2463271266704,0.00021795898779728643,279.59705761430496
88.73294838518952,25.510048174143815,25.933729887630076,19.277148257062183,0.012050955039293161,0.6657000202597921,-0.2869879457639459,1947.8081315166746,0.00020616880085194973,279.61805247219155
88.78294838518953,25.510048174143815,25.959780776364287,19.171695797742554,0.06854089427151157,0.6604210700445873,-0.3012768867658782,1946.838027719362,0.00020603917267148124,279.55201761064245
88.83294838518952,25.510048174143815,25.73986708023997,19.152768241522576,-0.16375124139823008,0.6700054209036753,-0.3030633271271456,1945.8515061934538,0.0002313628272022327,279.52788048917057
88.88294838518952,25.510048174143815,25.700064645578422,19.163962766064028,-0.08199274365857549,0.6566973200740882,-0.2967403747621994,1947.0911158687707,0.00022387955586829363,279.38965914616
88.93294838518952,25.510048174143815,25.841469909978812,19.115091427911054,0.19668567563389155,0.6513579103687822,-0.2823060937335843,1947.9304344818509,0.0002186880788017038,279.22252065384384
88.98294838518952,25.510048174143815,25.431635603729987,19.395919864779568,-0.18073699551359418,0.6551917711017247,-0.31601468295636237,1945.448548890204,0.00022020563955288172,279.4283214355782
89.03294838518953,25.510048174143815,25.502806650318337,19.035931925888494,-0.1011727427199035,0.6486614954239022,-0.34128186925887527,1943.7882216859605,0.00022027702620922886,279.6510649917964
89.08294838518952,25.510048174143815,25.508673695988733,19.285701968995664,-0.07325603195242854,0.6394860924883902,-0.338020978539885,1944.6007643730043,0.0002214203660110076,279.5457136194887
89.13294838518952,25.510048174143815,25.69434192128013,19.26624133617662,0.15882881931910284,0.6200748080892093,-0.31972543724376284,1946.9738172379573,0.0002160968909533749,279.4625633486044
89.18294838518952,25.510048174143815,25.453265456415565,19.389234901867983,-0.04220813458521967,0.6281274387632685,-0.33634881909037373,1947.8783210012746,0.00020652416988909853,279.5572600707557
89.23294838518952,25.510048174143815,25.27250259340706,19.518246065016,-0.19984822098612423,0.6354638782441081,-0.33652797993333844,1947.4207624618987,0.00021590083995623436,279.48556244937834
89.28294838518953,25.510048174143815,25.51787380745401,19.335224491098884,0.061157431509104965,0.5933327503451884,-0.34503944938803766,1946.5393958577802,0.00021944115441505777,279.32373479751027
89.33294838518952,25.510048174143815,25.40385867701819,19.475492529309292,-0.03422714457588284,0.565378867644456,-0.3689294588775281,1944.4631013390522,0.00020429723872339317,279.3925190042388
89.38294838518952,25.510048174143815,25.315452328376054,19.53407786669546,-0.05538982420856545,0.5642524123141719,-0.37122871159519927,1941.7591447244097,0.00020048074156804797,279.3665280506895
89.43294838518952,25.510048174143815,25.29136288783872,19.709471715185124,0.03420265932491129,0.5545766368141497,-0.36574542059936016,1942.629740222729,0.00021002262548926274,279.2871554665929
89.48294838518952,25.510048174143815,25.029233727482165,19.696326978273966,-0.19145457933006568,0.5714672746834055,-0.3740886710472766,1944.5986542495793,0.00020130740618855958,279.34122710891427
89.53294838518953,25.510048174143815,25.041611007717712,19.68585373773199,-0.14178640653271762,0.5614239450428706,-0.3698604918865426,1946.4461979166472,0.000203340000095421,279.3524444905222
89.58294838518952,25.510048174143815,24.983701495392435,19.61120176193558,-0.06754795687376879,0.5559203559189531,-0.3638899100193765,1950.2268355727483,0.00020209746396269087,279.25996814924247
89.63294838518952,25.510048174143815,24.90049245544391,19.591658873799684,-0.005120542584830467,0.5022453420270516,-0.2898687579172268,1955.7400775220865,0.00020463788477773073,279.3125010883592
89.68294838518952,25.510048174143815,24.551217615395643,19.521393964436616,-0.39747062677292727,0.3596515554632823,-0.2180819095830694,1960.2775246041892,0.00020979332202514445,279.4347186399919
89.78294838518953,25.510048174143815,25.646719096548946,19.194444137493516,0.11391190132413627,0.49776759185214065,-0.31989372697247526,1954.5988985801712,0.0002091847889971339,279.20224808981163
89.83294838518952,25.510048174143815,25.628254408827576,19.406913913582077,-0.1278632160004966,0.5114667900153531,-0.3735793516851666,1945.7508125009954,0.00020299923676539135,279.087255333582
88.83294838518952,25.460048174143814,25.996439042298007,19.244787583778013,-0.08898135314966811,0.649019131364772,-0.30397503032756906,1945.9027098912145,0.00021183254728100045,279.554857552442
88.88294838518952,25.460048174143814,25.66959513292424,19.45119718529354,-0.2583823735840756,0.6744140418338599,-0.30701252149776015,1946.7916721668262,0.0002123904903695296,279.4081342768756
88.93294838518952,25.460048174143814,25.760189520387247,19.115130608168435,0.029005287103179414,0.6612669036920349,-0.2940004595640865,1947.810876736636,0.00021884602201292439,279.21698633435415
88.98294838518952,25.460048174143814,25.654450325512844,19.26588097680289,-2.718350470722389e-05,0.6681491867036433,-0.3182100014461789,1946.7204077146316,0.00023532232528949393,279.3068272793998
89.03294838518953,25.460048174143814,25.51730042350354,19.161387868163736,-0.13982968776917395,0.6541446036834485,-0.34470301494397165,1944.3344015829578,0.00023157439215336042,279.3833710667651
89.08294838518952,25.460048174143814,25.58821433096837,19.155511540078265,-0.03035546897972671,0.6319378137204826,-0.3382138021849116,1944.5944940724978,0.00022650707359053376,279.39562651040177
89.13294838518952,25.460048174143814,25.63990175644889,19.34081321178213,0.08916560541370532,0.6341031967868865,-0.32475832298809676,1945.8519126314873,0.00021927657033799555,279.3856290758378
89.18294838518952,25.460048174143814,25.51756484605527,19.369025108159914,-0.03265115046518991,0.6421671908849778,-0.33504223964538926,1947.0168081091954,0.00021088206966425385,279.4262607926768
89.23294838518952,25.460048174143814,25.43710482214326,19.55168807356921,-0.11911772601964862,0.6231370993710349,-0.3435199451978388,1947.9967956467779,0.00021911022048763068,279.5090569872507
89.28294838518953,25.460048174143814,25.849724612692977,19.368663343655292,0.3251022523367374,0.5819813623500064,-0.33520956455133766,1947.5399625018251,0.00021889650393672004,279.29694712113917
89.33294838518952,25.460048174143814,25.55069865449532,19.361281419437088,0.07919166991859769,0.5749053952969597,-0.3559431147772558,1945.6697100393171,0.00021386604181005512,279.3386163011974
89.38294838518952,25.460048174143814,25.37925489266458,19.520938127904458,0.0018331426752232001,0.5669048718961349,-0.36559914920548814,1942.8490497008656,0.00021377146260909458,279.28373616832795
89.43294838518952,25.460048174143814,25.282875607894287,19.547720047619123,0.022985447217560066,0.5744295414596525,-0.3774064067294925,1943.5718100402498,0.00021782741599762925,279.21781449206816
89.48294838518952,25.460048174143814,25.26618340743695,19.619748551671275,0.10935388387464026,0.5768456683302507,-0.38824972235466,1944.6726842237856,0.0002060967044345048,279.21796834609285
89.53294838518953,25.460048174143814,24.983475754058055,19.757295267109573,-0.0983684500194947,0.5471474471641901,-0.3902594828520358,1945.9760434555903,0.00020473574202343076,279.2506035677225
89.58294838518952,25.460048174143814,24.85635813676469,19.752151951764993,-0.13790795851739468,0.5461159279155182,-0.3918990541704645,1948.8617565328243,0.00020692432274540542,279.21261614184255
89.63294838518952,25.460048174143814,24.735041106229335,20.01074919739146,-0.15082120835803878,0.45395714665220166,-0.30613130329256244,1955.6362086299666,0.00020085301573671745,279.2356977607887
89.68294838518952,25.460048174143814,25.281034106621185,18.96097125959643,0.3339985475627401,0.45519401120652825,-0.20462257572796239,1963.5376097249914,0.00021496674572191884,279.3629438302959
89.78294838518953,25.460048174143814,25.423596835542327,19.50414085747218,-0.07289544654108032,0.4840596632177712,-0.3397245614057649,1950.916643330949,0.00021389054662092322,279.2001492526849
89.83294838518952,25.460048174143814,25.453501501723903,19.27075612555362,-0.2032793485746862,0.4808369293132609,-0.39536785341481284,1941.7144934813036,0.00020134286336989603,279.0340965008647
88.83294838518952,25.410048174143814,26.121776042103672,19.348051547239393,-0.04230793427281051,0.6349826838318484,-0.31056256674159977,1946.9907681230804,0.0002131060922610472,279.4117050570972
88.88294838518952,25.410048174143814,25.765258054904482,19.48248247203638,-0.23209217406010488,0.6462528756160535,-0.3154894305066369,1946.859649046539,0.00021197233116870237,279.3755541249097
88.93294838518952,25.410048174143814,25.77912567030865,19.24426178926725,-0.054470917892148654,0.6545701472254288,-0.3117859499878329,1948.4765747012664,0.00021750247888168345,279.2876652864176
88.98294838518952,25.410048174143814,26.04366378727027,19.34766141993398,0.30174309821575007,0.655851085366164,-0.3255758392327283,1948.712470747873,0.00022443230578869376,279.28902340266967
89.03294838518953,25.410048174143814,25.615038501216066,19.51028680389652,-0.09865544482304432,0.644215252479696,-0.33879931601436036,1945.1552347235622,0.00022215767368940825,279.3550421136769
89.08294838518952,25.410048174143814,25.549017315344802,19.35933138205589,-0.11702395645034253,0.6514763667547987,-0.3226125606873488,1944.4968440526634,0.00022795963721176666,279.30221034843976
89.13294838518952,25.410048174143814,25.686302392619996,19.27814795801709,0.09502083495588606,0.640362918411638,-0.32855263426570835,1945.7277845743806,0.00022142245641577297,279.29294853320977
89.18294838518952,25.410048174143814,25.695366774056346,19.40567786078074,0.08928591099786576,0.6246881053030084,-0.3377812044264219,1947.3625404361328,0.0002063612929515256,279.29141010132497
89.23294838518952,25.410048174143814,25.63366309606021,19.333541767790823,0.014880943425127064,0.6024764075907104,-0.34133834123659357,1948.97420622549,0.00020029733989124769,279.34379071419005
89.28294838518953,25.410048174143814,25.5421716989155,19.242297760555147,-0.053522586829722725,0.5847449752647242,-0.3389303475846705,1948.8673035862919,0.00020837856558061338,279.16963266174565
89.33294838518952,25.410048174143814,25.371450225709083,19.148250188761494,-0.13400158170558682,0.5768999631718386,-0.33652425549015863,1949.8692420746213,0.0002106100145948635,279.15926576816827
89.38294838518952,25.410048174143814,25.440484134599973,19.311166346618176,0.039235649299237674,0.5479355947167006,-0.3596839666330513,1947.8872670919773,0.00021330673302407354,279.18259694401564
89.43294838518952,25.410048174143814,25.145489086470427,19.60068945879324,-0.15440867399938238,0.5485410588013689,-0.3826221970212438,1945.2868137731796,0.00021114619341150995,279.2090453440323
89.48294838518952,25.410048174143814,25.254884483336596,19.574298682013918,0.08295783253389762,0.5388735704984159,-0.395617455552829,1944.5326142103481,0.00021071654411547808,279.20698005175876
89.53294838518953,25.410048174143814,25.145580115881977,19.603524062938956,0.08102322498680026,0.5540009989843079,-0.40355794350727625,1946.334917407798,0.00020877559049507094,279.25914608224593
89.58294838518952,25.410048174143814,25.050449712756656,19.685035380154,0.05574686432319304,0.5501659972621616,-0.39453529607305077,1949.487008192202,0.00020156981021210273,279.29605023309415
89.63294838518952,25.410048174143814,24.69527103009557,19.741077047285636,-0.25002056514526083,0.5579137976759705,-0.2995982233886599,1956.358081656982,0.00019552973657426526,279.35873484309207
89.73294838518952,25.410048174143814,24.99750518971562,19.4350909057682,-0.2560292558692688,0.49458587844703444,-0.2587237874986055,1956.5003678091564,0.00021274598922085136,279.29277532898936
89.78294838518953,25.410048174143814,25.367961587914042,19.49523614704204,-0.12105315622593647,0.4910649833937705,-0.3646985023554641,1947.0972120116198,0.00020378602981969526,279.1264583425393
89.83294838518952,25.410048174143814,25.76074834080398,19.35001663065824,0.12792162335251053,0.47878347942729527,-0.3999624765782566,1941.252288636605,0.00019592153094522314,278.957099397266
88.88294838518952,25.360048174143817,25.75963428408721,19.491397941002816,-0.3098772593123887,0.6397389339895357,-0.31851720223586916,1947.508786463655,0.00020515094369949938,279.29702939619705
88.93294838518952,25.360048174143817,25.734261169172274,19.466336006532284,-0.24664711701227368,0.6498040487936143,-0.3131702035464578,1949.3262159229448,0.00021190734296497546,279.20424814432914
88.98294838518952,25.360048174143817,26.142792755127285,19.316261498535063,0.24368014189821344,0.676841360552815,-0.31498597569898357,1950.1556349229731,0.00022701927319099016,279.35580023859364
89.03294838518953,25.360048174143817,25.676042156098553,19.6272323054631,-0.15685214466180586,0.677365390199716,-0.33098491715828376,1946.7401788770442,0.00023281386574130683,279.2680843596337
89.08294838518952,25.360048174143817,25.556930573598173,19.61570579905486,-0.18500530628150283,0.6775927176923018,-0.3289336347006354,1943.5582747863323,0.00022294560557332193,279.14571574535876
89.13294838518952,25.360048174143817,25.44314833921654,19.237356313363353,-0.22401618980188195,0.6644494013479112,-0.3412723212203684,1944.081673041191,0.00020664879196384206,279.12708687033563
89.18294838518952,25.360048174143817,25.658085563428664,19.064020880763398,0.010980547698949818,0.6245110867603576,-0.3438240337916811,1946.3903155152575,0.00020954644331491336,279.12140802036686
89.23294838518952,25.360048174143817,25.799849174011225,19.265113421070694,0.17313442121976225,0.6223803340991122,-0.34440781927347586,1948.759083855335,0.0002137639637515365,279.21151293333
89.28294838518953,25.360048174143817,25.60779798255089,19.247009402471377,-0.011313864255178448,0.6124389905762307,-0.35780056691459566,1949.4705502521388,0.00020933004491353828,279.2337658039097
89.33294838518952,25.360048174143817,25.78453824704618,19.147509000652704,0.2613183090528803,0.5891597863117198,-0.3452253386412246,1950.3973647222901,0.00020450887876931337,279.1314853994842
89.38294838518952,25.360048174143817,25.598939159231502,19.171797915376303,0.18336613199656443,0.5625930919643217,-0.35753671600023407,1948.4192600763786,0.00020602272574406883,279.0903131077311
89.43294838518952,25.360048174143817,25.183690110087976,19.81410880636908,-0.13457469570429895,0.5512334320671168,-0.3843875115740278,1943.4940408083023,0.00020975296017787588,279.0784417554938
89.48294838518952,25.360048174143817,25.146546376703938,19.56556338962184,-0.07144205297446038,0.5616865850034963,-0.39776398237749794,1943.9765805057566,0.0002061686340382227,279.17356277786564
89.53294838518953,25.360048174143817,25.323690544677817,19.89825929141975,0.20746614104362998,0.5598832671685552,-0.3915252610446485,1947.288579424348,0.00020546010279721538,279.1512430484049
89.58294838518952,25.360048174143817,25.00223385327876,19.770799225859758,-0.024431729928317096,0.5485796639540829,-0.3676793582627085,1953.3596601742095,0.00020911881728315584,279.12147026287863
89.63294838518952,25.360048174143817,24.727157321363613,19.215359846369925,-0.27018812461695474,0.4792063462764138,-0.25558050836210366,1961.1036716757765,0.00021724588743671867,279.3129897702447
89.68294838518952,25.360048174143817,24.963852972075784,19.425856804701063,-0.13284855689813393,0.43825479020141056,-0.21375210374277218,1961.4113470898487,0.00021391027904291623,279.393547123697
89.73294838518952,25.360048174143817,25.54061578254254,19.512971535176618,0.17363105658046027,0.45163835169857136,-0.2801353241691644,1954.5065042812505,0.00021126568843783832,279.1921926687725
89.78294838518953,25.360048174143817,25.579935522582435,19.41199046737815,0.018675274799554546,0.493946870949906,-0.37692824318481055,1944.335732747615,0.000193404630572781,279.03642337620784
88.93294838518952,25.310048174143816,25.850089444834136,19.50464336136057,-0.2900933816101291,0.6318847600399556,-0.3064624616560962,1949.1542310492669,0.00021867466101491734,279.1528178282825
88.98294838518952,25.310048174143816,26.181397885867952,19.26841189038542,0.11726101860010571,0.6592494690724343,-0.3022219423172742,1950.4440152668406,0.00021395794874895063,279.1253349779659
89.03294838518953,25.310048174143816,25.820898647434863,19.5215304693574,-0.1183646214745756,0.6724604495010912,-0.32560776165144606,1949.0672806901684,0.00022410132676071773,279.0765523117825
89.08294838518952,25.310048174143816,25.680564251772235,19.62327680280179,-0.1348355142179676,0.6698496025312434,-0.34969436989005154,1946.1258518390468,0.00022203650323584148,279.1866144689914
89.13294838518952,25.310048174143816,25.57675436227915,19.477473425599772,-0.16101267397260863,0.6749336151548506,-0.35697205238454705,1945.651949782456,0.00020744616136206557,279.17693605344124
89.18294838518952,25.310048174143816,25.692820768726847,19.304541537581994,0.019437414989050925,0.6552043400370932,-0.35067954496165976,1946.7908719022446,0.00020672838859890424,279.12774540604676
89.23294838518952,25.310048174143816,25.874837354702922,19.17346870998199,0.22130397377163918,0.6410591185755864,-0.3364210659625419,1949.3256596704236,0.0002083355218417812,279.17821097314675
89.28294838518953,25.310048174143816,25.48186271741087,19.343065544774912,-0.1647236711316118,0.6127189786150565,-0.3401224136405875,1949.933204399714,0.00021117089232381672,279.19897621311827
89.33294838518952,25.310048174143816,25.54907993021942,19.323266234543993,-0.015913913307167623,0.6114152435463541,-0.33974443541979105,1949.077441923234,0.00022148592281844882,279.0334120187954
89.38294838518952,25.310048174143816,25.412430152933798,19.399997371861744,-0.03081487978638191,0.5727891198142995,-0.3544026450013317,1948.4915024217873,0.0002063576550972386,279.01202409931466
89.43294838518952,25.310048174143816,25.260346402147743,19.658967628784488,-0.05660589523989875,0.5512807897384795,-0.37365020377459457,1945.1169811604373,0.0002026581621589532,279.04066788604393
89.48294838518952,25.310048174143816,25.14156138530977,19.59875086682511,-0.09760371548048041,0.5976199377233873,-0.38487441027579883,1944.4663510336727,0.00020518886670945974,279.0437143958393
89.53294838518953,25.310048174143816,25.57702848469948,19.799475404070975,0.4281174357012196,0.5786787270423341,-0.38030446448562727,1947.9662140879539,0.0002028805374064518,278.9356304343485
89.58294838518952,25.310048174143816,24.97535221540575,19.695680982913636,-0.11782113168112968,0.5755648257802569,-0.35171894949664584,1955.2487896723107,0.00020561812020114463,278.95377371205626
89.63294838518952,25.310048174143816,24.928100571724446,19.03109697207848,-0.1990335431574221,0.5097515450615192,-0.2159266621552995,1963.187438674091,0.00021182895780229324,279.1439536462574
89.68294838518952,25.310048174143816,24.943055322754237,19.74036042531433,-0.36099467162410287,0.42585800504520216,-0.19504218124120312,1963.1868006243972,0.00021749404258412325,279.2126741572732
89.73294838518952,25.310048174143816,25.47474328878808,19.427993436332528,-0.055081468143400605,0.4547626583355669,-0.3109852644704726,1954.701487222239,0.00020434901744529208,279.15390180469194
89.78294838518953,25.310048174143816,25.579202344922276,19.36866556483053,-0.12855880215954962,0.508215384701241,-0.37909665966470246,1946.3480335649306,0.00019796097053972195,279.0679570054357
89.83294838518952,25.310048174143816,25.790778445330748,19.22016075857075,0.012717609173041095,0.497538149026491,-0.40682687651723687,1946.2256344227944,0.00019824926818181064,278.9192663909818
88.98294838518952,25.260048174143815,26.38162560538233,18.964678820330626,0.15404964005714564,0.620221618182153,-0.29928789892091356,1952.1438897258543,0.0002195573922497036,279.09429116626393
89.03294838518953,25.260048174143815,26.254461999822606,19.233393226953947,0.17614269678006883,0.6535114848085453,-0.33024850047362786,1951.490952323628,0.00021529808568942062,279.13614506158274
89.08294838518952,25.260048174143815,25.92279404865387,19.37168198793649,0.005840842889959723,0.6592139689221238,-0.35672636489257586,1949.589880722954,0.00021644777394886066,279.22187055223577
89.13294838518952,25.260048174143815,25.711085462422265,19.476049543025656,-0.08574372717152255,0.6553333446844662,-0.35686872851309176,1947.9536309331565,0.00021806044930604775,279.10426811273817
89.18294838518952,25.260048174143815,25.553773805834997,19.46598282610992,-0.15746554479710034,0.6454925909946029,-0.35202710132161585,1946.773763936811,0.00020748617352538517,279.01411408036734
89.23294838518952,25.260048174143815,25.642832508272726,19.233699365950137,-0.03349227918622306,0.6360583268843836,-0.3342895694351184,1948.8139339344884,0.000206591063460172,279.0487644233029
89.28294838518953,25.260048174143815,25.921065794507633,19.06050292772038,0.2728175230249356,0.6159309477721947,-0.3224975121411846,1951.828918622116,0.0002113773074578555,279.109206395225
89.33294838518952,25.260048174143815,25.660763121342995,19.3320120829972,0.07440971209629202,0.5927150563074227,-0.32897661862135474,1950.8380810489653,0.00022025985267469313,279.00031269291884
89.38294838518952,25.260048174143815,25.358610659912653,19.483559478171948,-0.1180038581303111,0.5813286901010974,-0.3410904508550712,1948.747488922656,0.00021695347537545524,278.91978728785324
89.43294838518952,25.260048174143815,25.32588040297027,19.563921874829674,-0.05593246741481171,0.56615916712745,-0.36178523005099056,1947.0364045522788,0.00022119170544574674,278.84713688942094
89.48294838518952,25.260048174143815,25.29898561223032,19.67507066539169,-0.0014915736055541393,0.588756203998776,-0.3751725541712571,1946.5579726444726,0.00021417074123420888,279.04094591878425
89.53294838518953,25.260048174143815,25.229247410852583,19.561233517685388,-0.00044681056200196294,0.596247215237629,-0.3879047693320292,1949.7542687523983,0.00020199277434840315,279.07462032011006
89.58294838518952,25.260048174143815,25.002905821500153,19.71707542355067,-0.19755112223003965,0.5779482572472446,-0.3411471892405118,1958.7430254595977,0.00020050964158413567,279.0758411753373
89.63294838518952,25.260048174143815,25.441001754542988,19.52547309709945,0.19828476595806124,0.42304778453701225,-0.21257109412548172,1967.243724380938,0.0002103013703515595,279.1520000204454
89.73294838518952,25.260048174143815,25.928328865214738,19.334399012439523,0.3825000516778827,0.46027677332628614,-0.3005456209302156,1959.7405274676585,0.00020689596700474214,279.11965514807036
89.78294838518953,25.260048174143815,25.64847187519726,19.412123598154736,-0.015552317055280153,0.49431503793069437,-0.36518686663973454,1951.233124357656,0.0001951867166984143,279.03138620071417
89.83294838518952,25.260048174143815,25.687994881805857,19.36640906995057,-0.011417523310714345,0.48582538801392566,-0.3906848444238447,1948.0210211227552,0.00019977430771350602,278.95109848658154
89.88294838518952,25.260048174143815,25.600214533851272,19.684925663429517,-0.059789647415034605,0.4575608987555737,-0.41808162209747557,1942.7569381285764,0.00020387079842832116,278.9903586949607
89.93294838518952,25.260048174143815,25.458462117637282,19.58050657834627,-0.11239904044092658,0.45141574082873587,-0.45485401259200586,1940.7679606375955,0.00019151170675396723,278.83184825827783
89.98294838518952,25.260048174143815,25.48143426311943,19.131223880122075,0.007916221325750617,0.43279847845405567,-0.47330230718904154,1941.648764896364,0.0001915731509935732,278.5603407922088
90.03294838518953,25.260048174143815,25.32695383074823,18.93434156050818,-0.05127203568710547,0.4085240658092756,-0.49039155080785424,1941.8604828188854,0.00019626232239343302,278.2183127216079
88.48294838518952,25.210048174143814,25.898426951450904,19.098544300195442,-0.6346665700125756,0.6373147419440229,-0.30820177037872293,1947.7616805408586,0.0002259808695878844,279.15576746445936
88.68294838518952,25.210048174143814,26.480161864763545,18.84700021746236,0.02881129881382431,0.5832797644192392,-0.3075646369156412,1949.942438081717,0.00021117297126327324,279.3145275045414
88.98294838518952,25.210048174143814,26.287289451419905,18.966978446664292,0.11696694290907828,0.5989523131965548,-0.31637194683996045,1952.748030786548,0.00022391578512111405,279.0527993265917
89.03294838518953,25.210048174143814,26.24887392536479,19.138272513561382,0.21354314328344431,0.6252901539646497,-0.33920693245391287,1951.636765114585,0.00022404498890948854,279.0665039459782
89.08294838518952,25.210048174143814,25.971661419817895,19.276667980890245,0.0739382258439599,0.6128903927738304,-0.35820383391647886,1950.50415766013,0.0002131061681947294,279.09228333483287
89.13294838518952,25.210048174143814,25.717101654452296,19.265618750186523,-0.07691755356252884,0.6169834517639857,-0.3629511449899586,1948.498828848391,0.0002071895120639709,279.05897677539565
89.18294838518952,25.210048174143814,25.588549729205617,19.357968059963717,-0.15405736533822414,0.6321306594829389,-0.3627196808428775,1947.3057078725265,0.00020989172898881747,279.036269381527
89.23294838518952,25.210048174143814,25.614399865309032,19.567561028372534,-0.10911536765716248,0.6324835278665057,-0.34957028620838027,1949.965974105162,0.00020263531215248943,278.8929861876241
89.28294838518953,25.210048174143814,25.852447790583867,19.294239176283288,0.1737175244825753,0.6289869360339119,-0.3313350963529057,1953.1059708556134,0.00021375597359012878,278.95809720233956
89.33294838518952,25.210048174143814,25.67646975414303,19.270708675083192,0.0509590237405202,0.5861524933976164,-0.3406270588128828,1952.3529873361354,0.00021636949762844981,278.8814985689847
89.38294838518952,25.210048174143814,25.340262531241798,19.397246006740886,-0.21651136700109674,0.5901334660398683,-0.3420334563768225,1951.1817566977745,0.00020268986806335097,278.83596161489106
89.43294838518952,25.210048174143814,25.41000221818852,19.52909312039861,-0.07508807431438155,0.5743001425486935,-0.3472681857483763,1950.007566357433,0.00020975426379197477,278.7376775650588
89.48294838518952,25.210048174143814,25.39970099651602,19.685158622789892,0.024849085690234887,0.5697599226538368,-0.3543005991002724,1949.1246721155605,0.00021365452950604174,278.8426304799093
89.53294838518953,25.210048174143814,25.217427182872466,19.689012157201493,-0.12123752078705381,0.570518824695428,-0.3670889001945386,1952.4054249573824,0.00020175028734073408,278.9278340088858
89.58294838518952,25.210048174143814,25.039235883683496,19.069547731175707,-0.28431432819534974,0.5430433759258246,-0.29458902666512654,1962.9236821151258,0.00020920824885153755,278.9355838330862
89.63294838518952,25.210048174143814,25.623116445810556,19.34709415507188,0.2428180312618268,0.4837197550703904,-0.22359366713705925,1967.2196327039533,0.0002112201424323213,279.0440899648295
89.73294838518952,25.210048174143814,25.425983964634938,19.28748123240287,-0.08326591638544653,0.38816890461857145,-0.2871002289779154,1960.884425591951,0.0002060325915336767,279.1072284330704
89.78294838518953,25.210048174143814,25.541558685050894,19.40671422458401,-0.03808530093394023,0.4764366768807932,-0.3424751447574266,1953.095790519778,0.00020114673584801477,279.00644574654797
89.83294838518952,25.210048174143814,25.59532879480345,19.446144758557438,0.023090391489249233,0.4825478000709859,-0.3692582804548415,1948.2765590980346,0.00020106193070811913,278.8864683035962
89.88294838518952,25.210048174143814,25.5476098940119,19.533317512153797,0.009786633678848081,0.46452916234504654,-0.39047326974496266,1946.08432989789,0.0002061020862466623,278.84981976586835
89.93294838518952,25.210048174143814,25.369045891363008,19.718354801363624,-0.07285265130662037,0.4514474706582355,-0.42408731149553486,1944.623395828798,0.00020389104216690884,278.8833517607779
89.98294838518952,25.210048174143814,25.40886634660029,19.557041659819966,0.09285577740677256,0.4480423773574155,-0.4576523717748093,1945.0356962777064,0.00021432640639568854,278.70836330639247
90.03294838518953,25.210048174143814,25.310677222581365,19.34987334220246,0.09652548606416714,0.441023672020427,-0.47138478046680243,1945.4258740662672,0.00020348928458604115,278.3202596830111
90.08294838518952,25.210048174143814,25.39645008992831,19.28358765755429,0.26098465208385496,0.429970730947514,-0.4882613818527696,1945.4600889895685,0.0002031105813559697,278.14877210070546
90.13294838518952,25.210048174143814,25.154850525434203,19.252688825797176,0.002549146498359523,0.4220084416423653,-0.5046940743607592,1943.8906107331159,0.00021233819901241864,278.17400594010377
90.18294838518952,25.210048174143814,25.11374176393655,19.160742861692444,-0.06906470953570312,0.4187586815447883,-0.512671759469557,1944.1303172634603,0.0002077589566017335,278.2870278715667
90.23294838518952,25.210048174143814,25.684014769130613,19.19774889318571,0.49276705003333143,0.4083849628783089,-0.49756260651115075,1948.1612707213626,0.00020201045558253223,278.3793140342915
88.48294838518952,25.160048174143814,25.306426927955556,19.039150696537643,-1.1972986159408838,0.6403296260262644,-0.3070555093854636,1946.373967315771,0.00021535050829798213,279.18432905190696
88.53294838518953,25.160048174143814,25.432370395453283,19.083779136513627,-0.7506027640825619,0.6249127949513881,-0.3150544306320374,1945.7521156997734,0.00022678384010668592,279.04524733397454
88.58294838518952,25.160048174143814,26.340048910011486,18.35407182042582,0.09139764955953127,0.6038915692318905,-0.31528917119603056,1944.3377467507084,0.00021988975756287934,279.0850319364458
88.63294838518952,25.160048174143814,25.934489159322844,18.463134014563057,-0.374900362373216,0.5777823561850686,-0.32009841593210625,1943.7921465621816,0.00022079275953737818,279.1822955652157
88.68294838518952,25.160048174143814,25.96144651829073,18.92252871561451,-0.2901807327777557,0.6062682267337295,-0.3173816652393114,1947.6229199220124,0.0002092622900469083,279.1721843120391
88.73294838518952,25.160048174143814,25.96543205484219,19.25239660926255,-0.251694848669136,0.6178294595328387,-0.30282397228913177,1951.920538764761,0.00020774701968006236,279.19462159532935
88.78294838518953,25.160048174143814,26.121013982376095,19.281027568080287,-0.08014028663466372,0.6126675831998755,-0.3016961083534863,1952.8955889480558,0.00021775908137741965,279.0092203102176
88.83294838518952,25.160048174143814,26.085026875069634,19.104616689808744,-0.10296437707468223,0.612837856318867,-0.2976089876170924,1951.4053623253312,0.00021953530988181149,278.93174765291485
88.88294838518952,25.160048174143814,25.935930075228683,19.1518887235284,-0.17474134034704583,0.6100503382414062,-0.30882272666563415,1951.3401997197666,0.0002268046805634599,279.10446412939484
88.93294838518952,25.160048174143814,26.001276868736216,19.003241249977982,-0.04881398990366109,0.6025262856411653,-0.3206376140602906,1951.7892757420163,0.00021992697952814093,279.08812593755783
88.98294838518952,25.160048174143814,25.92968728973891,18.96737043131873,-0.08755688331396443,0.6169261131024621,-0.3243932706060153,1951.2661359446881,0.00022506993539197554,279.077836385007
89.03294838518953,25.160048174143814,26.137293307831648,19.014873060845133,0.15883564636675576,0.6045154404090355,-0.33055287718235865,1951.0089491270508,0.0002198780768786574,279.05098238797615
89.08294838518952,25.160048174143814,25.91213300439297,19.140607652487287,0.0007461820514918145,0.6090134032095252,-0.3466468000979206,1950.943345386867,0.00022102985151577749,279.07874242363823
89.13294838518952,25.160048174143814,25.88911421140519,19.257531101920403,0.06088583207039139,0.6213886902288632,-0.3583067609701505,1949.6418014150295,0.00021116099932966964,279.0310114642334
89.18294838518952,25.160048174143814,25.71413190301861,19.44106439444529,-0.07007550030978245,0.632123972268557,-0.35604572690027514,1948.6530139364036,0.00020733516708048362,279.004986519218
89.23294838518952,25.160048174143814,25.789550447627544,19.31609853860456,0.008896946244218676,0.6336257235996783,-0.35033675659788927,1949.4543815989584,0.00020371890539741321,278.8569154397265
89.28294838518953,25.160048174143814,25.687640988568443,19.227727811541207,-0.07116907191977441,0.6271739609421139,-0.34984575561951803,1952.121317615898,0.00021387047378920745,278.87860416660266
89.33294838518952,25.160048174143814,25.892408280936564,19.200662174789976,0.16090832027691118,0.6112020981219111,-0.34453877955523393,1954.6182840994431,0.00020684912767236655,278.83315160223333
89.38294838518952,25.160048174143814,25.90899492121865,19.327999883878018,0.2343024004952616,0.5994756627660397,-0.33495102237030383,1953.987964036524,0.00020737587936552803,278.8104708573242
89.43294838518952,25.160048174143814,25.616367520702354,19.55247308908477,0.02195077096369542,0.6046783118982877,-0.33285043264676323,1953.4311072838755,0.0002104166069910887,278.82961361496945
89.48294838518952,25.160048174143814,25.577797841626673,19.62567428435952,0.1205034728796684,0.5946681013382876,-0.3327757872676957,1953.5380046833989,0.00021310679390095443,278.7920328363592
89.53294838518953,25.160048174143814,25.426215834963788,19.76210915448128,0.021903417557666408,0.5728160677156944,-0.35354640976204055,1955.4302552790364,0.0002078382449920061,278.77176496294453
89.58294838518952,25.160048174143814,25.264690862025923,19.318788154436586,-0.12864052037336351,0.5359579400716993,-0.2851995796006197,1962.0883782150406,0.00020837210074377675,278.8769850526398
89.63294838518952,25.160048174143814,25.542658179395065,18.913544993262438,0.16996164001665573,0.5139107979381226,-0.2554609092419797,1964.856377631519,0.00020529678674587954,278.9332960793831
89.68294838518952,25.160048174143814,25.271271666558935,18.9835110216472,-0.09370675302072477,0.3978901771793684,-0.2315368695250365,1964.2043074951341,0.00020791954020471198,279.0403144695729
89.73294838518952,25.160048174143814,25.453676082884886,19.17995483454249,0.033938975675714904,0.4331312666336486,-0.2661295353006666,1960.201778332637,0.00020467038383532852,278.98319607477936
89.78294838518953,25.160048174143814,25.67725953102823,19.42303951313457,0.18380705301896333,0.4732489259301889,-0.3107333859365505,1953.8619595784935,0.0002031807712023954,278.8319758902007
89.83294838518952,25.160048174143814,25.667912652403405,19.46470581186274,0.13589166599385205,0.4866550079449705,-0.335813358651299,1948.6718752908537,0.00021112738638274841,278.7706249684378
89.88294838518952,25.160048174143814,25.362615358302993,19.597394244394586,-0.15802805849188478,0.4745767064304896,-0.36394987508294674,1946.4155932302644,0.0002075805848752927,278.7484737675154
89.93294838518952,25.160048174143814,25.14700710782713,19.765541960061142,-0.22821628465752664,0.4709948584453072,-0.39728913452855236,1946.1062752667601,0.00020277618158784833,278.7831983526614
89.98294838518952,25.160048174143814,24.950181033241915,19.80738649402764,-0.29476600948239684,0.4672218747797314,-0.4316621752813325,1945.895299183193,0.00021625335374561298,278.5944487987691
90.03294838518953,25.160048174143814,24.65464677207396,20.081833977594222,-0.51437296477605,0.48115043862867374,-0.43614264378572215,1945.0310052408522,0.00020572238966152774,278.2933897600173
90.08294838518952,25.160048174143814,25.1736229014732,19.87487196474663,0.04352253072034312,0.4808831955629715,-0.4603546262299766,1944.638150164283,0.00020925696427844708,278.2297755942888
90.13294838518952,25.160048174143814,25.162340047101626,19.749396579393878,-0.044185109938205645,0.4760037815507303,-0.47482797771146834,1945.9907985525622,0.00019590018120114512,278.1953283548521
90.18294838518952,25.160048174143814,25.175449299042256,19.669146936656368,-0.09977821512627381,0.4591599334331703,-0.4913957953607588,1948.0065561284434,0.00018989134520572647,278.33795938224125
90.23294838518952,25.160048174143814,25.277056904566056,19.449869602080653,-0.06292309945036494,0.45115892723548695,-0.4875193033017818,1950.7960368427657,0.00019121727998471045,278.3265310477045
90.28294838518953,25.160048174143814,25.674010671010876,19.220055575788777,0.3492004940141863,0.44622716601537465,-0.46905754250524245,1952.1193469548107,0.00019402925341379914,278.2972006933672
90.33294838518952,25.160048174143814,25.837982333623263,19.170133398225186,0.5838252724740469,0.4433968287195696,-0.4611882955714353,1951.191444260741,0.00019505851240294266,278.226618255826
90.38294838518952,25.160048174143814,25.718903739176344,19.267441552634626,0.515787832747353,0.42722157555828577,-0.4745683279666964,1948.9385016214148,0.0001970708882193191,278.28330570439385
90.48294838518952,25.160048174143814,25.71568340989877,19.43067531611869,0.5760070213249832,0.39191821075382677,-0.4538256008801584,1948.8509136349232,0.00019490082147040992,278.36093949391704
90.53294838518953,25.160048174143814,25.579160280390276,19.778952117003435,0.4966171350215881,0.39715814908803504,-0.45839136410615156,1947.4325204730105,0.00018701193904305862,278.4680911625981
90.58294838518952,25.160048174143814,25.537255859946942,19.766703213606952,0.4939415679370934,0.3902254533609384,-0.44994617341087667,1947.744067503278,0.00019247040816390735,278.29330437737343
90.63294838518952,25.160048174143814,25.567913542654953,19.59079110859556,0.558558929645126,0.37565505740355265,-0.4560102958845603,1949.1562870989028,0.0001963462841811729,278.22639551689326
90.68294838518952,25.160048174143814,25.391618809289234,19.383521228601683,0.3282010046856144,0.356341604111482,-0.47032091207699867,1947.0829654445015,0.00018090137891291683,278.1572335990261
90.73294838518952,25.160048174143814,25.509657768499398,19.358166741453882,0.4065469788971127,0.3642897360037798,-0.47053665358207014,1944.3688858986927,0.0001819845632317778,278.2500724385087
90.78294838518953,25.160048174143814,25.399181270547874,19.578377165016068,0.37798453506202073,0.3657359558836907,-0.4761020288268782,1943.5204904899704,0.00017966838293148368,278.19085338728263
90.83294838518952,25.160048174143814,25.43233192436287,19.524718078420122,0.4249769096447833,0.3664361052945014,-0.47729427782267825,1947.6030018981235,0.00017646910935276253,278.1742179994217
90.88294838518952,25.160048174143814,25.981659788624967,19.33878746532173,1.0014525329014456,0.34060308724464416,-0.45107798449797915,1951.0245897449772,0.00018232737877123172,278.02175855958154
90.93294838518952,25.160048174143814,25.619681281453275,19.54723138381915,0.7557681079389055,0.34321247668496696,-0.4788001647684826,1947.3930421064751,0.00017923110428090858,278.048656802283
90.98294838518952,25.160048174143814,24.980294700453825,19.77981215495921,0.2755502271752535,0.3377393965182442,-0.5029120498148317,1939.6094429047992,0.0001863160099275239,278.29636682581406
91.03294838518953,25.160048174143814,24.739926545946478,20.222329083640023,0.1341133774208596,0.33567409798908737,-0.5181118807290302,1928.2114173210525,0.0001980645954929214,278.15661529353696
91.13294838518952,25.160048174143814,24.288422503574733,21.10521054029079,-0.2907588620147151,0.2983923128284637,-0.5267950645721521,1925.558900419701,0.00019428102003995058,278.0380931029817
91.18294838518952,25.160048174143814,24.45648621654961,20.176223566388394,-0.16857926445085625,0.27997871471703856,-0.4980576595002564,1940.550300399623,0.00019819462869121392,277.99643547652084
91.23294838518952,25.160048174143814,25.515044825556252,19.53625199048713,0.7909128647926172,0.2814289561964345,-0.4754377193464212,1951.6278084218445,0.00020229211968479085,277.8302510935288
91.28294838518953,25.160048174143814,25.36484105128826,19.38342681974134,0.4319217059244972,0.2695308496047876,-0.47779890780164824,1953.9255196639447,0.00019341296273404522,277.4783276030193
91.33294838518952,25.160048174143814,25.58454151993536,19.15702830035971,0.5379892436166571,0.2691180099788446,-0.4833994875692928,1951.1060060305572,0.0001777571407346403,277.3605315715656
91.38294838518952,25.160048174143814,25.81888399242721,19.2304990011166,0.7659175392117834,0.2822766746433229,-0.4926225085152272,1948.717562376805,0.00017486590292134488,277.36601977307635
91.43294838518952,25.160048174143814,25.88710948319906,19.04952895376426,0.8327408395631286,0.2945358883739066,-0.5117469317698483,1945.3299394420214,0.00017881371117460025,277.32800247529315
91.58294838518952,25.160048174143814,25.6877591195141,19.16710411346594,0.6453786147394944,0.27714443360057467,-0.503617327811675,1950.6767816935971,0.00018927950542716598,276.9254221562611
91.73294838518952,25.160048174143814,26.33392111213173,19.69288816755562,1.1197724692257136,0.2530743372374057,-0.4756026362276551,1952.3186523323784,0.00018177897560403184,276.65208479345574
91.78294838518953,25.160048174143814,26.000718647176445,19.503998614311485,1.017096366389517,0.25092452952028926,-0.4742042540677639,1949.8255548480279,0.00019296094551343864,276.6581218411104
91.83294838518952,25.160048174143814,25.45159671791525,19.123682631075482,0.5931431212278576,0.24280881221111802,-0.4767735402663853,1946.2612315841457,0.0002019507867126419,276.6398747040395
91.88294838518952,25.160048174143814,25.628850570534624,19.61885692855049,0.7593771031081328,0.2499378378859324,-0.47355406789531423,1947.045929918374,0.00019500441100668995,276.6664802463388
91.93294838518952,25.160048174143814,25.58181208358553,19.163886923743277,0.659006462019969,0.25319083229306766,-0.4774771544620469,1952.8209554058967,0.0001783180211461254,276.66731555075836
91.98294838518952,25.160048174143814,25.317344277542116,18.930679003565277,0.25620941917019124,0.24700570238928252,-0.4674108944613286,1952.5127393597422,0.0001888569545449668,276.68179594424106
92.03294838518953,25.160048174143814,25.365815198602405,19.427408672850227,0.2012712892621891,0.236478789619205,-0.454886792707017,1947.8130893306575,0.00019070720715156468,276.66526073398137
92.08294838518952,25.160048174143814,25.850583540565687,19.17011636573436,0.6135878093938452,0.24863891888179793,-0.4615273221428894,1943.411506763208,0.00018984034641747658,276.6487994716896
92.13294838518952,25.160048174143814,25.625053407148517,19.216213241278787,0.3855460132927947,0.2289840372021549,-0.47044050949048666,1938.8259240663724,0.00017207282712404677,276.4959739167832
88.48294838518952,25.110048174143817,25.577197164675518,19.11865870675489,-0.7942536831724366,0.6450225598650299,-0.31950210427445336,1946.0431227252911,0.00021013260713879434,279.1475630529902
88.53294838518953,25.110048174143817,26.066725293768993,18.513338975474923,-0.0897948290112842,0.6323394645045558,-0.3283471551805286,1944.488867567035,0.00021047089609604677,278.9683453048155
88.58294838518952,25.110048174143817,26.324932965727303,18.579563170714927,0.10621224492423328,0.5922260753349782,-0.3220360866876725,1944.9992352374713,0.00021928427118858183,278.9114458457546
88.63294838518952,25.110048174143817,26.219835818885464,18.86658467566301,0.029851181970215194,0.601478873412078,-0.32756078545325723,1946.2132549974133,0.00021960299358763743,279.0472277469709
88.68294838518952,25.110048174143817,25.909842712417067,19.09066878045844,-0.21749171984478402,0.632608329071001,-0.33023773599117306,1948.5797292421191,0.00022189265821746096,279.11135271637517
88.73294838518952,25.110048174143817,25.88769366547625,19.262961642944134,-0.2136422548030108,0.6275374916908102,-0.31524858087321106,1951.8226939582548,0.0002210693768455475,279.0982773724819
88.78294838518953,25.110048174143817,26.05326780551456,19.310131758347584,-0.006927323708136637,0.6167148460883094,-0.308836610787974,1953.4169143764507,0.0002121812443951758,278.99164174459366
88.83294838518952,25.110048174143817,25.928001393234315,19.2846732645131,-0.07553517449908753,0.6163655900893569,-0.3088968203606355,1952.0832687541551,0.00020002606344108264,278.94767218203424
88.88294838518952,25.110048174143817,25.65513456327576,19.218599382073265,-0.2630666944576742,0.6084716394295014,-0.3203209908178116,1951.357252776093,0.0002131864137458976,279.0481139869856
88.93294838518952,25.110048174143817,25.898613481472783,19.197003842052506,-0.016480383351747764,0.6115364846997652,-0.3157474932379313,1951.9703550252082,0.00021700791274076873,278.9898195039439
88.98294838518952,25.110048174143817,25.85743559669937,19.080574744727173,-0.08763117486443886,0.6126374715688063,-0.3214829860572562,1951.9252228929508,0.00022270329499851838,278.976608551269
89.03294838518953,25.110048174143817,26.287739782786616,19.35125342126488,0.3277841182548549,0.6017915672210228,-0.31644707970184854,1951.3127167795064,0.00022637164399907857,278.9810962762624
89.08294838518952,25.110048174143817,25.881213464096838,19.32217591635863,-0.05733323548382156,0.6177619542750628,-0.3288178133560762,1951.1009873140192,0.00023247536438784848,278.9579743715658
89.13294838518952,25.110048174143817,25.805669007231717,19.23458211033199,-0.08945779915168446,0.6221446804551698,-0.34135447664829993,1949.7354844568458,0.00021910401963064202,278.9047672766684
89.18294838518952,25.110048174143817,25.828499378860332,19.224682244969827,-0.014477725871631496,0.6457636046775049,-0.3350809037279638,1949.3201172211968,0.0002132414175934727,278.9268161910732
89.23294838518952,25.110048174143817,25.863483719685615,19.037071785009083,0.02990772616887131,0.6263845162176459,-0.33664598007459295,1950.0533757980306,0.00020747956765781284,278.89658854971987
89.28294838518953,25.110048174143817,25.78607614898699,19.0160353238671,-0.05619615995715706,0.6124925777448521,-0.33591253593830983,1951.5816625281575,0.00020355936624996793,278.7981331034572
89.33294838518952,25.110048174143817,25.928584193945472,18.947246476789577,0.12342308806722499,0.589483193605689,-0.3238056522195572,1954.6297822237502,0.00021145181050000203,278.77099745355014
89.38294838518952,25.110048174143817,25.910605276967686,19.160402442862104,0.17050304193442078,0.5921476016381675,-0.3235486018099085,1953.2420146365378,0.00021012405418861636,278.79120848756355
89.43294838518952,25.110048174143817,25.465074220702608,19.657307835027076,-0.16811029493606505,0.6064777295027781,-0.34110551284875495,1952.3772633264932,0.0002179016165903689,278.8354018187057
89.48294838518952,25.110048174143817,25.49723607917772,19.717745983973277,0.022998022340331194,0.5942864636019987,-0.34064552996072583,1953.1468131132424,0.0002073503010975547,278.70377213698407
89.53294838518953,25.110048174143817,25.526134397113175,19.85994552997828,0.10755048590160146,0.5766354200550343,-0.34744778691739575,1955.6148444023274,0.000202338370473111,278.67575629321084
89.58294838518952,25.110048174143817,25.343393139883194,19.629814692562398,0.001007894486250116,0.561369933660481,-0.2796280634572234,1962.0320399632678,0.00021291085832362538,278.82446522982417
89.63294838518952,25.110048174143817,25.478138109763282,19.03517392964673,0.2041102392596778,0.4749289125549994,-0.23954697937867125,1965.1324456774335,0.00021217402992094336,278.9601601977571
89.73294838518952,25.110048174143817,25.054293202778886,19.449442585127166,-0.3928090262683366,0.4365194597008067,-0.2840532169250958,1959.3183293959378,0.00021102759093835294,278.7282249177857
89.78294838518953,25.110048174143817,25.516294516856675,19.483432246064158,-0.03651445845873776,0.48988511549258357,-0.32000916417794023,1955.0134330332523,0.00020703232774718115,278.5838749546292
89.83294838518952,25.110048174143817,25.93224391613046,19.38810663909065,0.35576726545206194,0.48347556847811046,-0.3305417361184686,1951.1759133765902,0.00020750360431372956,278.6458963039871
89.88294838518952,25.110048174143817,25.780153079327484,19.485479241243567,0.24059779523387576,0.49358330547751855,-0.3420091377165291,1948.2620968279787,0.00020412368516705404,278.67544137298864
89.93294838518952,25.110048174143817,25.338842405692272,19.506594575483636,-0.04126902092939956,0.4853330203552187,-0.37484530953710465,1946.483137018133,0.00019657902054454854,278.606438219723
89.98294838518952,25.110048174143817,25.202329400032475,19.65864311898397,-0.040170362327820286,0.4822527885794365,-0.40321540166300823,1945.056735052744,0.00020502832946424782,278.513184406854
90.03294838518953,25.110048174143817,25.26167550566751,20.042986227898034,0.0917244510737002,0.4596427558385269,-0.4089610758798466,1943.8704697687679,0.00020706092914069707,278.1567812135493
90.08294838518952,25.110048174143817,25.35307505417962,20.204810367796476,0.19341068369035513,0.4658737278611685,-0.43258216369453945,1943.6143933341586,0.00020349036413919386,278.09322694006494
90.13294838518952,25.110048174143817,25.252322598766813,20.074414986888307,0.06339089304655822,0.45577697027970815,-0.45041139420001886,1945.0945436713946,0.00018596965946719325,278.2732382619342
90.18294838518952,25.110048174143817,25.32272348159438,19.98482059407271,0.06623365158697403,0.46849771347813823,-0.45854490528116487,1946.6419419722797,0.0001901014349136877,278.3672426516769
90.23294838518952,25.110048174143817,25.22661028417336,19.64930871793357,-0.13583643155118888,0.46369083041157905,-0.4677841029306535,1948.6931884280975,0.00019584126205682956,278.3230542390518
90.28294838518953,25.110048174143817,25.30423525694723,19.655631284778153,-0.08752215020488242,0.4419724303937827,-0.468532467764007,1949.0646896199148,0.000190573805671546,278.3804120802314
90.33294838518952,25.110048174143817,25.253919955477503,19.750616903734787,-0.06552073382544339,0.44898347102270725,-0.4613098174182524,1948.1071601984672,0.0001806640115746336,278.4304624698499
90.38294838518952,25.110048174143817,25.218326759326754,19.893697850765104,-0.0338493827262114,0.4521932265368889,-0.4510002558515369,1947.2739456069976,0.00018469917333322232,278.41542847027523
90.43294838518952,25.110048174143817,25.217696877447157,20.015962254219062,-0.0020374611746941137,0.43740916177752265,-0.4363049566381194,1947.3937862730663,0.00019031223295245517,278.23134604603945
90.48294838518952,25.110048174143817,25.291250078996498,19.81186222315226,0.08652229618742091,0.41854803550560066,-0.42472363083905834,1948.8696968546717,0.00019451685644235637,278.3277729964882
90.53294838518953,25.110048174143817,25.248880087468166,19.879748073842084,0.0602088414877013,0.41644744262997985,-0.4203936948358549,1948.1043201764685,0.00019726336596939868,278.3236272621731
90.58294838518952,25.110048174143817,25.219947330316394,20.23880703190313,0.04757722857634262,0.38846116572449296,-0.41059910537312594,1947.3970227653888,0.00019084222150898096,278.18959711655845
90.63294838518952,25.110048174143817,25.185161171544184,19.912584065227776,0.005583660116016314,0.38890468941096057,-0.41251819153465263,1949.5047839195695,0.00018910318858694113,278.25216749178594
90.68294838518952,25.110048174143817,25.418134188906905,19.64801023869899,0.2233738907674938,0.3695407152011682,-0.4256375298859674,1949.3283027564928,0.00018468208126334583,278.2100193096869
90.73294838518952,25.110048174143817,25.20168404740027,19.541328478995787,0.047315769251393906,0.36072086295966094,-0.44280707590053825,1947.8633959616143,0.00018181012793250665,278.24054509330387
90.78294838518953,25.110048174143817,25.252407128974333,19.73327698812854,0.15920862687988696,0.3622422969782252,-0.442585149546414,1945.7122216125272,0.00018364097200586444,278.31585710217655
90.83294838518952,25.110048174143817,25.163671067060996,20.060527203758518,0.12367096242473878,0.3630934050752302,-0.4512202756546072,1945.068037105666,0.0001828227710815749,278.3241335397559
90.88294838518952,25.110048174143817,25.285586134961147,20.035165613301338,0.36498723753553247,0.35516218455388504,-0.44829026705358244,1944.1323291337262,0.00018785612124168227,278.19099425736727
90.93294838518952,25.110048174143817,24.662486976077414,19.994646250759313,-0.08241086927649907,0.37224956662550696,-0.47276579455372747,1937.513117098656,0.00018753828174436954,278.22508025770657
90.98294838518952,25.110048174143817,24.270051175365158,19.852630808386316,-0.20668666950729286,0.34825395450553526,-0.4925921480776232,1930.275472886033,0.00018884391528006298,278.4366753919442
91.03294838518953,25.110048174143817,24.309995909680737,20.700515362269996,0.09771844709974165,0.3295366217210472,-0.5281142333812366,1923.1893601565903,0.00019612038744062438,278.2818506883893
91.08294838518952,25.110048174143817,24.341095913275502,21.149873197811186,0.15165320383495035,0.3140540703291445,-0.5486063211791825,1920.1523538317128,0.00018488144208277059,278.14120193425293
91.18294838518952,25.110048174143817,23.78545153256846,20.272258816981136,-0.749249312149902,0.2643862599256375,-0.5420776960236529,1934.3940045456932,0.0001870976874231029,278.14231567524746
91.23294838518952,25.110048174143817,24.951228790158943,19.926052880167433,0.2964454673424015,0.27240360124965507,-0.5306130412846353,1943.0103656582962,0.00019355633909769792,278.0161628269561
91.28294838518953,25.110048174143817,24.895725914155776,19.98877310004855,0.024543154409738498,0.27260955292027617,-0.5253563991879421,1946.0626913530707,0.00019542451035867592,277.7453058698138
91.33294838518952,25.110048174143817,25.095598718256337,19.672013099628632,0.056263105514265825,0.2827985010219461,-0.519520026900989,1946.5426190415178,0.000183292993158628,277.6351006935987
91.38294838518952,25.110048174143817,25.16748585493198,19.44732085044813,0.10664475846993489,0.282563003388937,-0.5102645873682748,1946.9388451936918,0.0001793781421097158,277.4894494830392
91.43294838518952,25.110048174143817,25.191058447122685,19.87698072791066,0.1160032451504208,0.29240835665286624,-0.5069298598712956,1945.3264568373033,0.00019256050032875647,277.5314269028418
91.48294838518952,25.110048174143817,25.122810061450465,20.249600284736612,-0.060179357578873466,0.2830859878612444,-0.49469453301513666,1944.9464033659963,0.0001974680578243653,277.4276088676902
91.53294838518953,25.110048174143817,25.32309811176869,19.699143825264855,-0.03034918129877721,0.28028346066369464,-0.4961649213229934,1948.4018719496933,0.0002016794505719696,277.2372034378056
91.58294838518952,25.110048174143817,25.586810437054606,19.125617792325823,0.06167634805750777,0.2693091410827582,-0.5058062091303444,1951.2218547549726,0.0001939096205269283,277.12760735925906
91.63294838518952,25.110048174143817,26.025556888018222,18.715809179207,0.39481995575484863,0.2846953814769904,-0.49811536554270813,1955.0352929068576,0.00018392388517433632,277.09799294830765
91.68294838518952,25.110048174143817,26.123795576362856,18.746874378914807,0.46415060968101296,0.2740076738375168,-0.5046233200462398,1954.54260028023,0.00018669640590655953,276.9999329082323
91.73294838518952,25.110048174143817,25.876201757767866,19.385041792644245,0.3722913736858092,0.2661281485994486,-0.5054612305036569,1951.216141226362,0.0001888429797351527,277.0055203440794
91.78294838518953,25.110048174143817,25.400634971116,19.166201757341135,0.0534158923486125,0.26240588949023136,-0.4957359425357639,1948.4237511949405,0.00020141706473805488,277.06555377051257
91.83294838518952,25.110048174143817,24.917729568010934,18.95629559301008,-0.4346484365097676,0.2421034011482059,-0.48976482495802887,1945.8861435689473,0.0002019882161914548,277.06166188017704
91.88294838518952,25.110048174143817,25.557182709848725,19.33869272287756,0.13858846723865584,0.2517146174428152,-0.4780292839409793,1947.5829248106506,0.00020331756105913278,277.07386521505686
91.93294838518952,25.110048174143817,26.125525828172403,19.249874094466318,0.6249585572737182,0.2629702246532,-0.468420983236374,1950.1537011459227,0.00018551673464609276,276.94664407782244
91.98294838518952,25.110048174143817,26.360846419174305,19.108448470617784,0.732155277458808,0.25722029627243337,-0.4587407824256184,1950.2706488130916,0.00017213939378639298,276.90795519070684
92.03294838518953,25.110048174143817,26.014380490153254,19.27325052135566,0.24319295657113196,0.24700216738323824,-0.46360485380549304,1948.8088476849912,0.00017888831384816286,277.00528926696165
92.08294838518952,25.110048174143817,26.45425632497433,19.11854828106366,0.6934113849358181,0.24608856291559797,-0.4708272666040976,1946.8753423900732,0.00018382012060608543,276.9826537647972
92.13294838518952,25.110048174143817,25.998277281953378,19.087822073720005,0.4420963742021381,0.22148374983726596,-0.46990035073139413,1944.5701197849014,0.00017444427339042784,276.8260567745903
92.18294838518952,25.110048174143817,25.33257940173632,19.57991509963202,0.1689559653349124,0.20826148598639174,-0.49125206195402926,1941.2490866143191,0.00017651217211861624,276.7510365341939
92.23294838518952,25.110048174143817,24.79833049194889,19.834908359614534,-0.005830931538727299,0.18807443857496225,-0.5226615332648771,1939.2254142381528,0.0001792055036126054,276.71172220754863
88.48294838518952,25.060048174143816,26.289792884079016,19.043079721990033,-0.12343683652757995,0.6353894168672654,-0.32330199094491785,1947.6328863302267,0.00021869271071712237,279.05128209441796
88.53294838518953,25.060048174143816,26.62622186943187,18.63838519076022,0.26563106820118687,0.6175842544333967,-0.3188500152473005,1946.7942251538489,0.00021713683140883123,278.8606182715437
88.58294838518952,25.060048174143816,26.443593754044677,18.691838395328748,0.04150050425041732,0.5908607855092922,-0.3288038578676075,1947.5104990785799,0.0002255065451431969,278.7441814619655
88.63294838518952,25.060048174143816,26.173285044267637,19.192777662275688,-0.12114556862709029,0.6285923119431295,-0.3383764057232121,1949.4720236594035,0.0002274279008350433,278.8838193309342
88.68294838518952,25.060048174143816,26.152813043463688,19.367873590925498,-0.014003923662862645,0.6384822921822488,-0.33324218026448427,1951.4717839666778,0.0002134403483465307,278.98341783678194
88.73294838518952,25.060048174143816,26.359232235854567,19.419292046389426,0.25106514445247413,0.6118014267346693,-0.3305544899708622,1952.2915645238315,0.0002193520054093741,279.00557550168253
88.78294838518953,25.060048174143816,26.12268908893341,19.535709724285844,0.08230285650059768,0.6082713493278473,-0.33322023360759273,1952.523795236935,0.00021887320248929206,278.9460640182733
88.83294838518952,25.060048174143816,25.92779879600213,19.502788017814883,-0.012104093976939158,0.6126301706360976,-0.34153458050640695,1951.6697649070695,0.00021742916888135304,278.9018845930626
88.88294838518952,25.060048174143816,25.728917365238132,19.45326099360072,-0.1279441133196194,0.598165509734074,-0.3424989766733021,1951.6163206654264,0.00022018616471090942,278.9414134810511
88.93294838518952,25.060048174143816,25.917944497138457,19.157838121059473,0.02092444002757588,0.6026889945648098,-0.329950592763309,1953.9805908074381,0.00022413437811462652,278.9589442099759
88.98294838518952,25.060048174143816,25.915029996371914,19.1221392639442,-0.05202482430799616,0.6163683913246134,-0.32537563695784927,1954.3697942579304,0.00022243147077641347,278.9088099646147
89.03294838518953,25.060048174143816,26.112050438017917,19.222535547580208,0.1183431742290139,0.621539408399939,-0.3270210496789748,1953.5355352538547,0.00022085666128950895,278.92216962658523
89.08294838518952,25.060048174143816,25.98914805186895,19.319230444974924,0.029413461932794923,0.6159200886022997,-0.3284294329091995,1952.8433467196671,0.00021283878594734247,278.7869839753632
89.13294838518952,25.060048174143816,26.0092998735654,19.308537273396393,0.10670059167178991,0.625976770137791,-0.3337612555845089,1951.0166804243433,0.00021056014877177034,278.7852339060868
89.18294838518952,25.060048174143816,25.958741367292802,19.21255877778623,0.11759802735595111,0.6486795903520947,-0.322525948011728,1949.2832240997564,0.00021177892236886044,278.80271755474223
89.23294838518952,25.060048174143816,25.867659615542966,19.114191553486766,0.036458452031136575,0.6288984704021673,-0.3200196969692601,1949.6062510411693,0.0002058123566339644,278.71391948648466
89.28294838518953,25.060048174143816,25.851861131760874,18.983997065715528,0.011962851890004102,0.6037836440008462,-0.3098785834369737,1950.7728101497773,0.00020817175857229617,278.76382109815506
89.33294838518952,25.060048174143816,25.907640577678126,18.972472458193245,0.10967739829087869,0.577701384160238,-0.2998383920361248,1952.5301959609064,0.00021935793396993128,278.83146665666067
89.38294838518952,25.060048174143816,25.645826815244728,19.164592313582173,-0.0784049401253808,0.6004403980580959,-0.3162563915331958,1951.5424109446851,0.0002155112839411673,278.65445903574033
89.43294838518952,25.060048174143816,25.491060909275518,19.2453033313504,-0.136806586960903,0.6145260855141624,-0.3356491012269437,1951.0814618935092,0.00022287956101236714,278.6867065725587
89.48294838518952,25.060048174143816,25.395009226024214,19.627094063467204,-0.08163702759769755,0.5974196309668085,-0.35025814804349586,1954.0061411746742,0.0002148878205892439,278.61594010279885
89.53294838518953,25.060048174143816,25.39375904209713,19.63012426678178,0.03384186101483424,0.586767306936611,-0.3522695634242594,1957.8516473028576,0.00021332041972577779,278.6038501931652
89.58294838518952,25.060048174143816,25.103492888902096,19.441594076344042,-0.1710826020551428,0.5227437308734337,-0.24999457458566393,1965.3451356937387,0.000224364557621765,278.76438628778766
89.63294838518952,25.060048174143816,24.960375009665213,19.346849811567868,-0.2704760794957574,0.4939026201042344,-0.18471201021088704,1968.7892804793796,0.00021278967779923288,278.8855321654789
89.68294838518952,25.060048174143816,25.639508861536346,18.58990770077919,0.302699041773477,0.4881326288782433,-0.24232636744891223,1967.60794990849,0.00020645867241008445,278.81675724927925
89.73294838518952,25.060048174143816,25.310826468190854,19.261109893699437,-0.2867097720377121,0.4683820580046975,-0.3144635937787463,1960.2519493124973,0.00020057885740537633,278.85113765019497
89.78294838518953,25.060048174143816,25.670380944451757,19.700288474041002,0.01187393478502591,0.47069402701379287,-0.3516154067607933,1953.3682365975337,0.00019433893107026197,278.64569206071246
89.83294838518952,25.060048174143816,25.94852089036121,19.46286067343936,0.309648811848146,0.48002809495581145,-0.34814067477777016,1950.1793783521193,0.00018833125138439818,278.65503794823354
89.88294838518952,25.060048174143816,25.79010542304152,19.432960250136595,0.20318652427292178,0.4921006525169463,-0.3326654797494326,1947.675447382154,0.0002074721988243101,278.61272408920684
89.93294838518952,25.060048174143816,25.52642797791743,19.42425797407436,0.02698825533603292,0.49753587958525886,-0.3460406093607243,1947.6732730157598,0.0002029346339386186,278.52528246975385
89.98294838518952,25.060048174143816,25.12944450902714,19.686209179821155,-0.2803573442692463,0.48187124940330806,-0.3619902343647558,1947.2610413122966,0.00019982729817365617,278.44597933093416
90.03294838518953,25.060048174143816,25.001261788493277,19.899446696216994,-0.30936863850968405,0.4663643921533891,-0.3789083729555563,1946.2538251601566,0.0002002304416739671,278.0580539834069
90.08294838518952,25.060048174143816,25.089529014451575,20.151007301170566,-0.15689891334115358,0.45919877831967815,-0.4146371469586567,1944.4388311854807,0.00019669422205572748,277.96283202136476
90.13294838518952,25.060048174143816,24.97770340841893,20.443726798452655,-0.23649297968272412,0.4474155809352551,-0.41365545096479533,1945.0218754974612,0.0001957454541118728,278.1494657061257
90.18294838518952,25.060048174143816,25.391492606764338,20.216008499079802,0.17482461809800817,0.46403617005757525,-0.42099197461926574,1946.6604860935392,0.00019381589354126267,278.14838429778416
90.23294838518952,25.060048174143816,25.34394180068794,19.926079248455757,0.09054752564992757,0.45736925148110813,-0.4375577176425903,1947.5131110147674,0.00019615092326039682,278.249156162408
90.28294838518953,25.060048174143816,25.222031682774464,19.814134547840375,-0.03899266087318744,0.453619608175255,-0.44003226679647767,1947.8713244696903,0.00019437354212020522,278.3143347449288
90.33294838518952,25.060048174143816,25.030605020303014,19.947163699164808,-0.19278971221810026,0.45203865331515114,-0.44035672959592337,1947.2157849057774,0.00018527254461041205,278.3897862433666
90.38294838518952,25.060048174143816,25.04287068661605,20.03623681833002,-0.11497472483865638,0.4567849179232036,-0.428552678841465,1947.6958809412893,0.00018292871980086776,278.3279010983719
90.43294838518952,25.060048174143816,24.977446803573187,20.006040320339277,-0.13197989089172069,0.44165985857405343,-0.4165039439720726,1947.7791160689337,0.0001915020386488088,278.3073563799293
90.48294838518952,25.060048174143816,24.771072072746968,20.000254218869404,-0.29443411015261756,0.4213070905952777,-0.4108517912969637,1947.6641273222344,0.00019554466507063536,278.3710828480858
90.53294838518953,25.060048174143816,24.91246595108067,20.228390075973646,-0.12594387811678615,0.43328852678569596,-0.4020678875315724,1946.832838648018,0.0001922928384050171,278.24800735391557
90.58294838518952,25.060048174143816,24.97053876593626,20.380019497631153,-0.10049028759926314,0.416153131871059,-0.38873241424557015,1946.0629339282316,0.00018981295539684194,278.1894466338372
90.63294838518952,25.060048174143816,25.07695925619253,20.15221593788541,-0.0015257552493016969,0.3864243341978393,-0.3904310700304055,1948.0917863647014,0.0001906047252062969,278.21401463849946
90.68294838518952,25.060048174143816,24.907537029609898,19.710473604342962,-0.14051076983039587,0.3661594367151336,-0.4058475257129488,1948.138833860602,0.00018877815649348285,278.07395229205326
90.73294838518952,25.060048174143816,24.850584908726383,19.731319402640043,-0.1300422960333188,0.36927787935678374,-0.42134588921250005,1945.9822212117494,0.00018851972898921882,278.11478887242515
90.78294838518953,25.060048174143816,24.68541798439137,19.997500671800996,-0.20074677140711028,0.363301778744655,-0.4149893230254999,1943.7443613814708,0.00018532876883994954,278.218108765353
90.83294838518952,25.060048174143816,24.79306462294986,20.474214349486907,0.02644154215463046,0.36027684015134137,-0.4204987221074681,1941.1361294566645,0.00018293968693347103,278.1907033558801
90.88294838518952,25.060048174143816,24.664724879126524,20.654149917350125,0.07826060528017552,0.3696768632615562,-0.4265736616209896,1938.3110084985465,0.00017519635426207057,278.1740639204068
90.93294838518952,25.060048174143816,23.92516244936299,20.664196800765698,-0.4545188219471682,0.40226658130201165,-0.4349589182668115,1929.8934001833034,0.00017971212104067347,278.1255508311609
90.98294838518952,25.060048174143816,23.76385963414828,20.56144417963817,-0.4733014188567586,0.3954421738116891,-0.4448372374095279,1925.9377206278493,0.00018837890352468422,278.159460282274
91.03294838518953,25.060048174143816,24.04217306513691,20.617338031757658,-0.15465958298305046,0.37253686094334887,-0.47627916261803543,1924.7152159932575,0.00019061636445206592,278.1721888067064
91.08294838518952,25.060048174143816,24.498638243831792,21.187363447330235,0.3586255474277576,0.31157251952554976,-0.5108857284416813,1921.3833921255064,0.00019339279506482067,278.1083435890377
91.13294838518952,25.060048174143816,23.933297310473293,21.300715301295327,-0.22136778324043432,0.30015284272231607,-0.5268910710472403,1918.9544815134486,0.000197429121134416,278.0875995126202
91.18294838518952,25.060048174143816,23.49589875163664,21.046520276972753,-0.7483328816607427,0.26685797708018305,-0.5274290295655459,1925.80831766655,0.00019580510907528812,278.1450798994037
91.23294838518952,25.060048174143816,24.095873555455174,20.524179211037676,-0.23329467789901448,0.272821904011178,-0.5240309913625025,1933.6506982686144,0.00020031492691515227,278.0571648358159
91.28294838518953,25.060048174143816,24.362113116578485,20.6540700105066,-0.104105461366296,0.2626676697296832,-0.5080562618438702,1937.5752412778409,0.0001929333263737275,277.7986055736217
91.33294838518952,25.060048174143816,24.323501614004496,20.518429787473348,-0.3646403534044237,0.26432742089525185,-0.4914113986203623,1941.252792078405,0.00018817891886891683,277.63654565005425
91.38294838518952,25.060048174143816,24.88465989488754,20.38489328359262,0.08793893655112482,0.2705826527912614,-0.4886488789098323,1944.9639299867226,0.00018597316798891133,277.5744595692933
91.43294838518952,25.060048174143816,24.901408532104416,20.399976890551745,0.011972301056764308,0.2621587013335537,-0.4830402074112283,1945.461589983075,0.00019328646377560565,277.52667627672867
91.48294838518952,25.060048174143816,25.101474626831813,20.201065116621468,0.10392129362307369,0.2845175633128216,-0.46657556655362764,1946.9427472146015,0.00020444341131966838,277.53377553743275
91.53294838518953,25.060048174143816,25.167507930943575,20.156547664135303,-0.013224605300794176,0.27897321705120903,-0.4642962296825835,1948.8027105717488,0.00020207365843984352,277.40326625913815
91.58294838518952,25.060048174143816,25.269867713844103,20.36722283043466,-0.11977915552789754,0.26676601690255936,-0.47917873375541636,1948.8401300131409,0.0001874326091844331,277.28368287667365
91.63294838518952,25.060048174143816,25.39669520878272,19.672481712352003,-0.10183417904087738,0.2628332004828043,-0.48073420917199655,1949.8360621727861,0.0001938172140395186,277.2124669357646
91.68294838518952,25.060048174143816,25.278841821894403,19.551102442931594,-0.15660496599994006,0.2584982452856905,-0.49065562333349527,1949.7123603036532,0.00019715701273102717,277.1239310519098
91.73294838518952,25.060048174143816,24.942168173773837,19.82672613292957,-0.3913223060862092,0.2578068122648101,-0.5099363590369973,1946.0269715501363,0.0002000999158994047,277.16477635356796
91.78294838518953,25.060048174143816,25.033384278134324,19.517295204286683,-0.2933854214376555,0.23725370866144482,-0.4903206431439234,1944.6801434734268,0.00020312746708806985,277.0702830844817
91.83294838518952,25.060048174143816,25.266953726694734,19.370347550950413,-0.11122770591439742,0.24567637457531688,-0.4740120923586123,1943.9665381550135,0.00019864020953905072,277.10737541456916
91.88294838518952,25.060048174143816,25.204035631554966,19.731098492101843,-0.3109021606457226,0.24774138048297387,-0.475628971759218,1941.5998454387243,0.00021161646897483466,277.1611470159597
91.93294838518952,25.060048174143816,25.15927970834828,20.151571736109236,-0.4262195304082494,0.24429484361254963,-0.47298218690906113,1941.10234350983,0.0001969907271402579,277.0253231417437
91.98294838518952,25.060048174143816,25.78462095976496,19.798211808397614,0.12332451119363617,0.24384578571356794,-0.4521901315229418,1945.015818395703,0.0001809578449229683,276.9572043441572
92.03294838518953,25.060048174143816,25.989996711784716,19.557877188870314,0.19967709898648547,0.23856137289392826,-0.4484580634641377,1946.0529149513882,0.00018947026400757436,277.0747988663377
92.08294838518952,25.060048174143816,26.268224593126675,19.144298533039013,0.4731777486130822,0.22842358382252825,-0.46512334833445024,1946.8831731556486,0.0001852207921745135,277.03836558352765
92.13294838518952,25.060048174143816,26.253631595197128,19.03451929812492,0.5834943696298238,0.22175534241479256,-0.4693723882627122,1947.0399922760294,0.0001811656166456399,277.0041317464599
92.18294838518952,25.060048174143816,25.725037534957284,19.0365376794278,0.3097806077598953,0.218727089140966,-0.47558470893740457,1946.9900364035454,0.00018007674451104585,276.99430861308133
92.23294838518952,25.060048174143816,25.682265062929176,18.935518379860422,0.5686467323999469,0.20773956491813858,-0.4943504311617043,1946.3939670792881,0.00017371725019107529,276.8526802035431
92.28294838518953,25.060048174143816,25.554001885293467,19.092785193802808,0.7538142941731474,0.19889498755514268,-0.5104642494559615,1944.6355687089865,0.000177180068445007,276.69969346833255
92.33294838518952,25.060048174143816,25.252323670765026,20.229023494552514,0.8170111164835772,0.19531667895413496,-0.5100447357826088,1945.4001244672518,0.0001752443784933443,276.5259166589489
88.43294838518952,25.010048174143815,26.08489414566874,19.848614825592477,-0.3477220589349237,0.6495042575154416,-0.3336015900616378,1948.7940516459814,0.00023466587646609618,279.0222004945633
88.48294838518952,25.010048174143815,26.574638176807508,19.258258704893127,0.15214799752740596,0.6265396908040128,-0.3357609638754509,1948.5302125003618,0.00022193968955612332,278.912678212744
88.53294838518953,25.010048174143815,27.0751254438987,18.793952706164113,0.5733749408091714,0.5879501418332477,-0.33563580748380506,1949.745904170899,0.000223486355458495,278.7661397863205
88.58294838518952,25.010048174143815,26.5588177768213,19.19633107372696,0.04540244493065326,0.5987473531088794,-0.33921720716178927,1950.6388681830463,0.0002223921321729978,278.6711060459366
88.63294838518952,25.010048174143815,26.164296849146574,19.543313390447185,-0.1946035009852532,0.6217790182197829,-0.3376649759010673,1951.1592843565245,0.00022441210240002927,278.8546443640799
88.68294838518952,25.010048174143815,26.23354963377562,19.527520322008275,0.02446944515335272,0.6423692907676158,-0.3388960652877524,1952.6934776622797,0.0002234735708776171,279.01522755553856
88.73294838518952,25.010048174143815,26.350183516624494,19.54587469089612,0.23688089765109305,0.6091201987629296,-0.3457027650599182,1952.137501883819,0.0002211767825069117,278.9396826208384
88.78294838518953,25.010048174143815,25.919651740475988,19.710131061245423,-0.09780006450894875,0.6094430092049776,-0.3529652165577567,1951.3819491091383,0.00021972773027657157,278.9067965864154
88.83294838518952,25.010048174143815,25.81972966237308,19.670328653698558,-0.11034020653483931,0.6089139368674858,-0.36354574835237885,1952.1208798504038,0.00022662734513332806,278.7854120930791
88.88294838518952,25.010048174143815,25.832626401540924,19.420515790386574,-0.06340987923004393,0.6080018898076153,-0.3565632243104318,1953.6726344888395,0.00022873730088674154,278.76118074029597
88.93294838518952,25.010048174143815,25.968218775084566,19.192939648314464,0.009920215967433525,0.5812503402478685,-0.33427127186606387,1955.7207810308046,0.00022465509434865216,278.79815577934045
88.98294838518952,25.010048174143815,26.077904750997643,19.261076573213597,0.06913150581103475,0.5960544079150384,-0.3201818840084381,1956.075244833139,0.00021144733693633446,278.8032532058405
89.03294838518953,25.010048174143815,26.14092454087359,19.139533169300407,0.15161804534369722,0.6194657933855426,-0.3334163802463505,1955.1739285857525,0.00020908413820243559,278.7619246341243
89.08294838518952,25.010048174143815,25.787607904596992,19.336640571515428,-0.1306953230336797,0.6180437728650405,-0.3396027670452815,1953.5246097468946,0.0002115138361802863,278.7216874465452
89.13294838518952,25.010048174143815,25.770108012466803,19.455054542907114,-0.07427614792194513,0.6283683930596649,-0.3336594617821124,1951.804315344462,0.00021528783639667914,278.6937645990665
89.18294838518952,25.010048174143815,25.81493144660504,19.359263008320653,0.031480916610564506,0.6440750223549574,-0.3233770370746167,1947.6910057478847,0.00020892147759301227,278.65857724226345
89.23294838518952,25.010048174143815,25.660577746730375,19.253953779222066,-0.12259897655477141,0.6241500832640821,-0.32286959863173414,1947.3398489080123,0.00020778493775371935,278.65006890788067
89.28294838518953,25.010048174143815,25.673876680221078,19.227467199495,-0.12843495401570734,0.597939116992118,-0.3115833456261511,1951.4682055907908,0.00021312651025652,278.65915119966417
89.33294838518952,25.010048174143815,26.088374468166876,18.94017993270488,0.3142692563957551,0.5561204183371561,-0.310412566665145,1952.7472173541728,0.00021474056541585492,278.70477405195703
89.38294838518952,25.010048174143815,25.997270115944634,19.19526631050074,0.30645033583088166,0.5660096112262928,-0.3199019153554594,1951.5499216644769,0.00020965624644029554,278.5540681916621
89.43294838518952,25.010048174143815,25.585056432857645,19.385611232411236,0.005783097752471523,0.5768422658588109,-0.33030088098017585,1950.769499593112,0.00021365512990009203,278.5451821125658
89.48294838518952,25.010048174143815,25.388999149169795,19.51787546861298,-0.021043963281059737,0.5668844655075557,-0.3510859120105449,1953.0125872428575,0.0002049902407094413,278.43674707711534
89.53294838518953,25.010048174143815,25.201114699547382,19.53803422173622,-0.0751156373384894,0.5568729255288383,-0.35097740688454704,1956.251024626198,0.00021788751986533621,278.44855901220603
89.58294838518952,25.010048174143815,24.87613699764849,19.234945950818243,-0.3813642706230031,0.47035155863259326,-0.24881486932448588,1965.5512395648452,0.0002249190475731644,278.64414826419545
89.68294838518952,25.010048174143815,25.93439456851818,18.737188814839687,0.40463832408955874,0.5243218685015013,-0.26170868766239197,1967.350972007888,0.00021864758593756467,278.7640530864979
89.73294838518952,25.010048174143815,25.6334973447485,19.37031736339785,0.020668807172104096,0.47895132385583167,-0.3374078418927964,1958.3391227599514,0.0002068679692642265,278.6609416880825
89.78294838518953,25.010048174143815,25.386242587659453,19.7748300605415,-0.2685824040523276,0.46871557106517164,-0.35133083976158686,1951.3613456407534,0.00020815849617952545,278.557624066285
89.83294838518952,25.010048174143815,25.603757997000837,19.58349893466872,-0.05370630446555186,0.47543518955383907,-0.34791512157987653,1951.1134204243172,0.00020126656240673465,278.5544827172765
89.88294838518952,25.010048174143815,25.905407213785182,19.624760365574314,0.28546132561522497,0.4835871204422564,-0.3332201896795101,1950.5544569144688,0.00021169570315715788,278.54503149253674
89.93294838518952,25.010048174143815,25.741800007379585,19.54466425181028,0.15789135520988043,0.5037465978829414,-0.3373026892366574,1951.3750478400211,0.0002165018685678044,278.41754491889697
89.98294838518952,25.010048174143815,25.664507663182075,19.573324632670634,0.14320286701648186,0.4819747776805193,-0.33534910860880074,1951.1305998077507,0.00020722808203166228,278.2832633437072
90.03294838518953,25.010048174143815,25.745199164402898,19.9041346537071,0.36021604925447875,0.4841946454630194,-0.35333597593275323,1949.9425675864366,0.00018804624289413187,278.0691096171993
90.08294838518952,25.010048174143815,25.17255882092989,19.913118373037534,-0.11752927281436264,0.48374457747174576,-0.40024314052464366,1948.0649944895388,0.0001988452525273516,278.0499238099244
90.13294838518952,25.010048174143815,24.965191740206727,19.962405993998097,-0.29950412472360094,0.45870159098586083,-0.4035296595837645,1947.774860060952,0.00021008136103212229,278.1024379612565
90.18294838518952,25.010048174143815,25.205246278870142,20.001416273778045,-0.04671938492649796,0.4729684569758631,-0.4086446938673869,1948.6604521394408,0.00020314179694411828,278.09475743403834
90.23294838518952,25.010048174143815,25.416647943268575,20.08277171679786,0.17711571942237336,0.471555804750095,-0.4235479201747321,1948.2951913761458,0.00020013243360318485,278.2711580561834
90.28294838518953,25.010048174143815,25.26786436055119,20.15155831387406,0.05717531073991902,0.4613489105074166,-0.42311845341518817,1947.6775932486564,0.0002027071611216583,278.37684316763864
90.33294838518952,25.010048174143815,25.235531694174057,20.190253660110645,0.07196770923619877,0.4530221196716974,-0.4159587819237236,1947.1582586813854,0.00019065969467425397,278.432033681373
90.38294838518952,25.010048174143815,25.167836875205445,20.101634864800207,0.08430097044867124,0.4393646857869992,-0.4123299767813103,1948.451321004782,0.00020377519463517742,278.36650252077294
90.43294838518952,25.010048174143815,24.959733846890806,20.113627811646097,-0.05387485044676678,0.4290345658236356,-0.41265882194651177,1948.4256298466833,0.00020148520105097413,278.29210672106154
90.48294838518952,25.010048174143815,24.957620762083938,20.01732493386267,0.0024884152017099056,0.41882881337804406,-0.4017307395928321,1948.6158377705542,0.00020444384209897178,278.21473388049066
90.53294838518953,25.010048174143815,25.002292893042974,20.12158900887725,0.05126516470053111,0.412521183511788,-0.39867459770144426,1949.2458859696249,0.0002056579814912203,278.2123777555368
90.58294838518952,25.010048174143815,24.775530424965755,20.28362507909147,-0.2096989926286592,0.40523044651046375,-0.39392426536401065,1946.7462697336086,0.00019598143423678725,278.1543881778507
90.63294838518952,25.010048174143815,25.230959618292943,20.374311911324376,0.26219437010103364,0.4048821512947916,-0.39029397452429687,1947.2090700256017,0.00019152204306117148,278.17561252560535
90.68294838518952,25.010048174143815,25.028483675979864,20.088260953092625,0.1500365362999812,0.4005582260157531,-0.39805080150090216,1946.6001545425727,0.00019934544096477074,278.146440426474
90.73294838518952,25.010048174143815,24.536070563759257,20.13291335766064,-0.23377555016196114,0.3977991470670197,-0.3998703906979454,1944.8225603650678,0.00019717305859064924,278.11163352893226
90.78294838518953,25.010048174143815,24.37235462640085,20.122032133333345,-0.28458768271405377,0.3697205519031973,-0.4049105244216651,1943.6515843166685,0.00018567133005135153,278.06337359467176
90.83294838518952,25.010048174143815,24.508981845935118,20.473363785602025,-0.038300070166221535,0.3579602753053618,-0.4055915620064323,1941.5992833653986,0.00018879241398641185,278.212825158047
90.88294838518952,25.010048174143815,24.655771393562464,20.887298570230712,0.24131043918017675,0.3749241686770313,-0.4053883505190927,1940.511634092866,0.0001853155078112257,278.22409156354615
90.93294838518952,25.010048174143815,24.505615867557637,20.67683046857385,0.14884476079860928,0.382682071083306,-0.4111476165379073,1937.0075489783574,0.00017940893625580846,278.06221787096314
90.98294838518952,25.010048174143815,24.200022235134043,20.738932591431404,-0.18523890186157188,0.4043980988349746,-0.4048158177116018,1932.825092500005,0.00018431213006554994,278.16690239064206
91.03294838518953,25.010048174143815,24.12803034949197,21.021321635826013,-0.24095965563355848,0.38275121917443433,-0.42472822503826557,1928.1258048028214,0.00019396727098529475,278.14408121340875
91.08294838518952,25.010048174143815,24.44502760160228,21.086723866924395,0.19255651125505427,0.32774801468188053,-0.46709535857501927,1925.243115669061,0.00019613937539648602,278.04612629257247
91.13294838518952,25.010048174143815,24.04693097906682,21.170986675390232,-0.07738144598924768,0.3145700593164157,-0.4800874665137171,1923.8311340119105,0.00019166403796001344,277.9610564979703
91.18294838518952,25.010048174143815,23.946647895226004,21.23619634255351,-0.15200322343804898,0.29548089675546974,-0.4806943481906386,1929.3545335170013,0.0001910956068314338,277.9919527582077
91.23294838518952,25.010048174143815,24.10565679610126,20.67585295899753,-0.036487544918582984,0.2745687013081435,-0.4844607936310087,1936.7536675499553,0.0001902702718501266,277.99599152442016
91.28294838518953,25.010048174143815,24.23553043127365,20.837775187526766,-0.050995927491234216,0.26099105787130605,-0.4890318298617403,1941.8391510981867,0.00020515299890142106,277.7634797426678
91.33294838518952,25.010048174143815,24.386600951836954,20.776225254635875,-0.04466645456746366,0.2622279827285065,-0.4866002729456623,1944.0399122197468,0.0001953547433763213,277.58235720071536
91.38294838518952,25.010048174143815,24.50328974316302,20.619730046395077,-0.06037597203572239,0.25157326221257287,-0.4903003106604601,1942.836470472504,0.00019020085224087766,277.54613688134043
91.43294838518952,25.010048174143815,24.42467802128322,20.533835944202348,-0.2331366226466297,0.2540347628226078,-0.49012809087758846,1941.0353904770654,0.00019339025793235686,277.57729236177465
91.48294838518952,25.010048174143815,24.58677671007644,20.314209939261488,-0.17873582126586926,0.279702805547633,-0.4667209949320406,1944.3581490388908,0.00021613743525015906,277.52018653976836
91.53294838518953,25.010048174143815,25.20405272620761,19.73699986154078,0.3068860780140329,0.26827661081539395,-0.4380941594020042,1952.3713067174867,0.00020498119256603213,277.48199025356155
91.58294838518952,25.010048174143815,25.356136792770204,19.65801126038424,0.26954084228664477,0.2646131288513353,-0.4342474742962057,1952.0613407164503,0.00019299630753547543,277.3539024366642
91.63294838518952,25.010048174143815,25.228581037165117,19.988853584596004,0.014213690052872782,0.2476401004980534,-0.4349185173814131,1950.1160169257557,0.00020893883147238344,277.2321044696584
91.68294838518952,25.010048174143815,25.298708089522826,20.112165049036662,0.00362722128904165,0.24355873147144963,-0.433158987915159,1948.2639530698352,0.00019710555596773064,277.1649102753129
91.73294838518952,25.010048174143815,25.281742382880225,20.41872120118474,-0.09169031165038276,0.23693474764435643,-0.44818640377879354,1947.4987027165234,0.00018470014844712072,277.09177685927705
91.78294838518953,25.010048174143815,25.75330718139512,19.87740888822331,0.3675366783145487,0.23993566408923792,-0.4395466355673571,1949.2943366040192,0.00018899916321909262,277.03261518350735
91.83294838518952,25.010048174143815,25.778941483970303,19.72892886868899,0.382795721239142,0.24774227201902932,-0.43084218940762037,1947.873402268951,0.00019975666301986684,277.11475736954526
91.88294838518952,25.010048174143815,25.05829723757382,20.0648058007224,-0.37036390534295593,0.2292816851419639,-0.4402068411120522,1942.4606300360952,0.0002034688807564028,277.11382673745953
91.93294838518952,25.010048174143815,25.091177962477,20.002845100522606,-0.2916438657864344,0.21290152564293083,-0.4367093306997768,1941.1952070461732,0.00018483234074640777,277.1068581371566
91.98294838518952,25.010048174143815,25.331958689735078,19.740038649030375,-0.11486533532719911,0.2248201142023834,-0.4340148104978074,1941.7684631523382,0.00017839606986928635,276.9485320869314
92.03294838518953,25.010048174143815,25.362588660624247,20.3070881034161,-0.19681489750009293,0.21604307460008101,-0.4479365630514702,1938.264581113221,0.00017829688100840844,277.0020775603518
92.08294838518952,25.010048174143815,25.550060114909222,20.287564247432456,-0.08106004042058935,0.22204019575137737,-0.44383844669613737,1939.979926893571,0.00018039064024299238,277.0762965814957
92.13294838518952,25.010048174143815,25.69836386351598,19.618887411507522,0.024031726375619324,0.20205865292507397,-0.43658713442156916,1942.8440421618443,0.00018054872717814042,277.09029905783365
92.18294838518952,25.010048174143815,25.664954083146217,19.555874534818276,0.0400712803339588,0.2259353955330375,-0.4418189738763854,1944.9717616673208,0.00018119870390113276,277.0449762726925
92.23294838518952,25.010048174143815,25.806562399009124,19.107437804951505,0.3146444754111825,0.22265950246715496,-0.46192029905494203,1946.3565137221965,0.00017707525706081383,276.8303517854247
92.28294838518953,25.010048174143815,25.77774711238462,19.420002608404836,0.48581815996680044,0.21719273918870302,-0.4626250952643791,1945.8022052175197,0.00018413245265624546,276.7936242366195
92.33294838518952,25.010048174143815,25.78054104037203,19.71574118798312,0.7538846107092741,0.21069449463547604,-0.4456674432052415,1945.453106152016,0.00018933179753380326,276.68939258196144
92.38294838518952,25.010048174143815,25.66321703800575,19.75184421753932,0.8703342774144525,0.20419201439470502,-0.4757014356777516,1945.6182127570369,0.0001885767250846235,276.5442216370417
92.43294838518952,25.010048174143815,25.229255507724822,19.846130775782488,0.6058505934239883,0.18135837360242169,-0.47386903346070663,1946.7409487775303,0.00017591116253548377,276.67852228514374
88.43294838518952,24.960048174143814,25.491715084986836,20.057772107336564,-0.809654257563891,0.623206676260351,-0.35077983405119767,1945.228702384168,0.00022579249009360624,278.92602954071543
88.48294838518952,24.960048174143814,26.558795197436773,19.166054587411544,0.0705986246872836,0.6111837864021055,-0.3569463424978606,1949.368246179808,0.00022209657839201305,278.85672952555626
88.53294838518953,24.960048174143814,27.064437303613136,18.932054987169145,0.4795774031002534,0.6057035025415991,-0.3533558900829676,1950.976292918454,0.00022132623452151328,278.643849500259
88.58294838518952,24.960048174143814,26.373517662016216,19.414728945607944,-0.10561015559939407,0.6268839652306306,-0.34322462083458277,1950.748838190672,0.00022064773934429627,278.50933829138444
88.63294838518952,24.960048174143814,26.17561597892032,19.724028514320484,-0.09132783985505222,0.6324694652689213,-0.3308877625936318,1949.9626173074541,0.00023020646347194062,278.61884463343495
88.68294838518952,24.960048174143814,26.118198505089218,19.717988252691267,-0.022445225453627208,0.6292712331089111,-0.3376568378534677,1950.2026806994074,0.00022987009913124373,278.6849021603175
88.73294838518952,24.960048174143814,26.214073090497152,19.812022527482025,0.15813199601741562,0.6079241642013197,-0.3450109553989634,1951.4211257722995,0.00022522719208629448,278.7126738488522
88.78294838518953,24.960048174143814,25.97277598836983,19.800288143152294,-0.019648391538642698,0.6097288514422637,-0.348145498570046,1951.5151816793627,0.00022107928222647911,278.7576045735091
88.83294838518952,24.960048174143814,25.90647704527506,19.776093152537772,-0.05145988190002134,0.6090084048669817,-0.3568912115968121,1952.444871999177,0.00021795275582872195,278.61170051064533
88.88294838518952,24.960048174143814,25.882406166630183,19.563849794730057,-0.08260238602265844,0.6062656687030642,-0.3518494918777288,1954.6550164634018,0.00022510760331054117,278.5493023520201
88.93294838518952,24.960048174143814,26.1371993005198,19.193234542726664,0.12242209599191774,0.5731351330689777,-0.333024560680581,1955.9347948180498,0.00022467058148730696,278.5392819464873
88.98294838518952,24.960048174143814,25.96904685757953,19.347679996677794,-0.053785560818206006,0.6000784694575033,-0.3126693375510184,1956.844783007566,0.00021985023832785997,278.5103928834995
89.03294838518953,24.960048174143814,25.96997128086934,19.324930832908922,0.0178815781225878,0.6061966907203192,-0.3199648511396875,1955.9905546817438,0.00020956924274349596,278.4405130367199
89.08294838518952,24.960048174143814,25.776978818195666,19.415599157561537,-0.0586550810002917,0.596639200509677,-0.3392508141434063,1954.207820012082,0.0002128198194324355,278.4955751577414
89.13294838518952,24.960048174143814,25.621873949151315,19.50970740099332,-0.14395639474446784,0.6145452618956572,-0.3464459031091108,1951.6584573913324,0.00022001405481970632,278.5644533748514
89.18294838518952,24.960048174143814,25.781505049646636,19.483453871361483,0.04500870312822322,0.6215395865581997,-0.3457284695548883,1948.5374669221085,0.0002151471389627868,278.5101881284315
89.23294838518952,24.960048174143814,25.745755234573195,19.43812897357935,-0.02478222282841975,0.6203554068633583,-0.3351048051217372,1948.1439127860892,0.00021326743354566812,278.4956426315227
89.28294838518953,24.960048174143814,25.73977381402509,19.233363251560508,-0.05682708701028621,0.5833965726223755,-0.32397050664730287,1950.5016722671219,0.0002223182071773172,278.4723809034205
89.33294838518952,24.960048174143814,25.707337127638432,19.227207834843206,-0.0450753298972281,0.5523646344224783,-0.32508550281384324,1951.7131529454282,0.00022155633498569804,278.50764812735673
89.38294838518952,24.960048174143814,25.79096588075854,19.103790907041663,0.12724528547314767,0.544332086224368,-0.32985566316567877,1951.8541930816068,0.00021833018202565,278.44657851383903
89.43294838518952,24.960048174143814,25.48314130564548,19.21725478227013,-0.05481391037569002,0.5822506816296198,-0.3409381759697846,1951.4920468676378,0.00021725359372566424,278.49581273652086
89.48294838518952,24.960048174143814,25.309364898986086,19.311185981683092,-0.0741935116106364,0.5710110145197985,-0.3567294957506178,1953.3533987552162,0.00021074131165720373,278.3806646942335
89.53294838518953,24.960048174143814,25.304662008720474,19.310970836976864,-0.012653935388536052,0.5563559532855914,-0.3528562132640752,1957.690766029457,0.00021741575012569826,278.3202184224971
89.58294838518952,24.960048174143814,25.272847605218384,18.93149319807866,-0.07736608004369042,0.4031252678744249,-0.2565018029572497,1965.422642692304,0.0002289642379866939,278.4829267272029
89.68294838518952,24.960048174143814,25.86338623246001,19.20931702150845,0.353174528187106,0.508526179410267,-0.30338080910255505,1962.5043788552605,0.00021521656506544922,278.6050410704724
89.73294838518952,24.960048174143814,25.56418650249449,19.558598705283284,0.002633350763803624,0.5040038049563327,-0.36912849264948155,1956.9011873241768,0.00020182434498576432,278.56281049184406
89.78294838518953,24.960048174143814,25.548356322308724,19.6181521435868,-0.04215506337683257,0.4829456219605465,-0.3720664958627607,1952.0760666027502,0.00020048380455523848,278.42153282296044
89.83294838518952,24.960048174143814,25.515637582754866,19.66502948994624,-0.11396642395841311,0.49008198208939613,-0.36592620944198934,1951.6438365872352,0.00020723491044954175,278.3711874885932
89.88294838518952,24.960048174143814,25.748882306603956,19.615626181564565,0.08005488799471724,0.503874882696514,-0.3615153325820749,1952.0030261436245,0.0002083885668040999,278.3530645315368
89.93294838518952,24.960048174143814,26.123228784389134,19.56436414540274,0.45954006175384604,0.5035330104128812,-0.34900733569854364,1954.2693635142844,0.00021035403256203607,278.31247814909034
89.98294838518952,24.960048174143814,25.50827815754503,19.549439597267938,-0.08147470012566349,0.50882841563818,-0.34966427887899587,1954.1985721263309,0.00021041250992135242,278.15954497181264
90.03294838518953,24.960048174143814,25.59444771067402,19.604851841913746,0.1524002625507953,0.49217833384612447,-0.3704177487231783,1953.3365057060794,0.00019955799563096748,278.1501204309578
90.08294838518952,24.960048174143814,25.401881678575723,19.5962640351213,0.08054945763481808,0.4825709564947792,-0.39937827514336866,1952.263799360864,0.00020913840557348174,278.15379862671654
90.13294838518952,24.960048174143814,25.12321390244722,19.832381003748683,-0.19769827539204163,0.4817116096901304,-0.40263689627831106,1950.9980063641526,0.00020804013651970607,278.1319509614104
90.18294838518952,24.960048174143814,25.16852664814409,20.001543847013533,-0.1751208462228649,0.4774781673452334,-0.4074222727758554,1950.6417426276405,0.00021267885021558608,278.0982690145021
90.23294838518952,24.960048174143814,25.19308149441852,20.19969782880246,-0.16475100264755443,0.4661257609541135,-0.41067502832410846,1949.652308966208,0.00019902432352083532,278.25458115426625
90.28294838518953,24.960048174143814,25.11069843780826,20.11744979025447,-0.23562643023933644,0.45621012313835746,-0.41471369468685637,1948.9700532992356,0.0002077388144577744,278.3759823967174
90.33294838518952,24.960048174143814,25.216356011298664,20.18648035222382,-0.03384159065033826,0.4477941794131828,-0.41239257208370456,1948.016607709048,0.00019834657776386547,278.31025916334227
90.38294838518952,24.960048174143814,25.125839726448348,20.175247289197728,0.00066538078763529,0.44780351582570027,-0.40332071978431083,1949.790408192519,0.00021685656305715323,278.32854814268273
90.43294838518952,24.960048174143814,24.862855765771656,20.244244713681258,-0.18197400237819877,0.4332745568630785,-0.3962395736026001,1949.0582710725894,0.00019798618406548417,278.2404016612353
90.48294838518952,24.960048174143814,24.921592368195093,20.135171437749708,-0.05855427544421311,0.42087543732583627,-0.3946566652669296,1948.5361749132,0.00019733814096470665,278.1560169326115
90.53294838518953,24.960048174143814,24.990350761175453,20.108990625035393,-0.0020500092666575053,0.4141557978049386,-0.39513756686024754,1948.6239093541913,0.0002074284534310622,278.31238499466133
90.58294838518952,24.960048174143814,24.844614021938025,20.141238441394666,-0.1732786519922375,0.415208785957345,-0.3833604654987121,1947.1193399904041,0.00019190219596339154,278.2808580230031
90.63294838518952,24.960048174143814,25.042364065613512,20.09553017388975,0.08247388173005304,0.401838516950911,-0.3882641627662558,1945.847540709451,0.00019857745211009298,278.2374621666855
90.68294838518952,24.960048174143814,24.83876865015534,20.05190154695033,-0.010562156283184253,0.4026357778602076,-0.3887832832847704,1945.4386766841808,0.00019887850824397226,278.23785134933337
90.73294838518952,24.960048174143814,24.72703834654672,20.347307627345792,-0.018623878016275054,0.38965683700691567,-0.3912566940362172,1944.678767076364,0.00019115397649451364,278.14702517362406
90.78294838518953,24.960048174143814,24.619338409996363,20.293379996864033,-0.046355253010614265,0.38329022005893953,-0.3979114739355662,1944.117244491649,0.00018643294491854436,278.13978365754883
90.83294838518952,24.960048174143814,24.47493093001598,20.442975590122504,-0.15318548837175822,0.3641158409665535,-0.39288569327859935,1943.7899287140053,0.00018795999531857275,278.2117679712716
90.88294838518952,24.960048174143814,24.473710201601495,20.654745047572565,-0.0986452698891886,0.3560919928640224,-0.39228810820536425,1945.1568832811156,0.00019327768114006004,278.11714196986657
90.93294838518952,24.960048174143814,24.797286534482016,20.600055524869674,0.23619832194077378,0.3627527229104635,-0.4090632489208864,1944.2152015731915,0.00019042895584615662,278.043091842945
90.98294838518952,24.960048174143814,24.963279111443207,20.663271301075746,0.3779418379604721,0.341195211544835,-0.4176434319928968,1942.0145736662816,0.00018744503623552178,278.08732824621273
91.03294838518953,24.960048174143814,24.386333498685943,21.22737417441498,-0.1473137560810483,0.3644768720196149,-0.41407226836263555,1935.4981332962125,0.0001909326067755366,278.2702458359513
91.08294838518952,24.960048174143814,24.208423314964225,21.274659666512648,-0.15965440351961505,0.3467651565262561,-0.44157755836841667,1931.813206510775,0.0001829895546966612,278.17429644978756
91.13294838518952,24.960048174143814,24.161576585301745,20.95526102225262,-0.033193277032552794,0.30817788482846314,-0.4611861283942997,1934.4188518907358,0.00018171346152778402,278.0010865053913
91.18294838518952,24.960048174143814,24.084430792458818,20.903558870973786,-0.01133733744539085,0.2921286592623201,-0.46612810118416265,1936.9269190460955,0.00018456511576161715,278.01850035848
91.23294838518952,24.960048174143814,23.841558484722622,20.760710087510816,-0.27464348706521585,0.2985470104623328,-0.48080722519882124,1937.9101758989739,0.00018206668152226553,277.9094108648462
91.28294838518953,24.960048174143814,24.53468480125547,20.786570612462263,0.325738611020296,0.272295958644396,-0.4817360138673646,1941.6137186860046,0.00019499737547519738,277.71211921921144
91.33294838518952,24.960048174143814,24.25214911754578,20.848805569296893,-0.06546844816543607,0.265230043143619,-0.49082718245885465,1942.6145482290804,0.00019578540447128228,277.66726665792555
91.38294838518952,24.960048174143814,24.669184693410045,20.82961990103301,0.2620546074118406,0.24934433381157955,-0.49209007442767483,1939.9980509910076,0.00019619527661513672,277.5774130315773
91.43294838518952,24.960048174143814,24.24188614475881,20.831510857316246,-0.242316169670853,0.2631647145662389,-0.4800955677126915,1938.3549283497991,0.0001981941952423425,277.58450392512134
91.48294838518952,24.960048174143814,24.056071553092526,20.77842939740903,-0.5145536247360158,0.29197708541414663,-0.4582281413733733,1940.216745611221,0.00020093923529869304,277.55342995888583
91.53294838518953,24.960048174143814,24.633434431216116,20.70163973471806,-0.158089340054452,0.26912237318118504,-0.4358797934984636,1947.7548400271778,0.00020120258144565802,277.45210635488786
91.58294838518952,24.960048174143814,25.030433697926796,20.312154292817993,-0.06687513737973967,0.2505913810463258,-0.4292227890316746,1950.5275890491066,0.0001950185181350811,277.279758534185
91.63294838518952,24.960048174143814,25.51149201224673,19.924505431472774,0.2004709489389317,0.2386457621025689,-0.42339803115758046,1951.3687933921003,0.0001941567060450438,277.18061108063625
91.68294838518952,24.960048174143814,25.63086476447816,20.043087731155392,0.2001214548470729,0.23637534234941027,-0.4105663928625245,1952.3682821332313,0.0001873354230390045,277.15392625723973
91.73294838518952,24.960048174143814,25.31677730993084,20.493990685783796,-0.21850447263150288,0.23835900171321162,-0.3939548397764319,1953.57114732861,0.0001922422283150268,277.0263369718025
91.78294838518953,24.960048174143814,25.52902555599275,19.742700813397196,0.014895448077538304,0.21544295270371938,-0.37677688323195413,1954.6858256689036,0.00019153862201296327,276.9665873723211
91.83294838518952,24.960048174143814,25.50421704291642,20.29961391127555,0.08158030744841127,0.21336942960327981,-0.372356414886307,1952.4855132893085,0.0001983637144759685,276.9951187483549
91.88294838518952,24.960048174143814,25.56711277283397,19.37538117559045,0.24691430467699169,0.21021522347672283,-0.3840268335612863,1947.2660233745464,0.00019224484177404248,276.9685167029348
91.93294838518952,24.960048174143814,25.03593516085911,19.1272461185408,-0.25256537711094085,0.20570538776185723,-0.40514219879736985,1941.96047627366,0.00018130305653748147,276.8347698107706
91.98294838518952,24.960048174143814,24.986196279742686,19.35739981651753,-0.3303562111930761,0.19083466133823127,-0.4264944038648875,1939.4947362280232,0.00017170895192465153,276.8806082589994
92.03294838518953,24.960048174143814,25.227366095332968,20.24064778940312,-0.14390451238177965,0.24105183971256683,-0.43025649437241775,1935.477639335016,0.00017962410954220894,277.01091196544127
92.08294838518952,24.960048174143814,25.614339842803354,20.46551417961428,0.16519739649524492,0.23269561734611197,-0.41326644786721023,1937.687497121237,0.00018602147364676268,277.163824790567
92.13294838518952,24.960048174143814,25.64235574368459,19.452184675707624,0.17646861966983754,0.19877803838975905,-0.4107497128518985,1943.1230679367425,0.0001852390427065675,277.1220218023853
92.18294838518952,24.960048174143814,25.532466274330396,19.27212382428314,0.1179383018530761,0.22269289211439391,-0.4283201581353264,1945.234891010598,0.00018148831007306585,277.0816127638089
92.23294838518952,24.960048174143814,25.084071485191092,19.62743316708524,-0.2659726192962827,0.22584350638500486,-0.4457017098156515,1942.9698818462853,0.00016820589250117552,277.0665571933281
92.28294838518953,24.960048174143814,24.840443756627224,20.25562442946758,-0.4607702965213183,0.2133082107283759,-0.4459436795511182,1940.9015496555094,0.0001752555108756724,277.04084198540556
92.33294838518952,24.960048174143814,25.17514319843237,20.264969178621953,-0.029632697810198977,0.2330135932912299,-0.4116743232799365,1942.2186944629661,0.00018734599135684455,277.03650425249265
92.38294838518952,24.960048174143814,25.43857742310597,19.51666846847344,0.2759263941338508,0.22213392499961837,-0.4478284115870082,1943.7737379845382,0.00019235292449725018,276.8250099716112
92.43294838518952,24.960048174143814,25.533976354025068,19.517734699256835,0.3835504293498933,0.2230844629188738,-0.4314680671359283,1946.275093598828,0.00018613641875736564,277.35079937492765
88.18294838518952,24.910048174143814,25.97749096913191,19.384868335849433,-0.23375586545382115,0.5905896098636673,-0.38517839573690965,1942.0910800058198,0.00024803237119810787,278.8128262555978
88.23294838518952,24.910048174143814,25.361688434393056,19.42696307513618,-0.7160258643769315,0.6233287166435282,-0.37423366010992426,1944.6415933868063,0.0002424014425055194,278.80937125804684
88.33294838518952,24.910048174143814,25.68137601891555,19.862477131415947,-0.13198569750544364,0.645650881854896,-0.3513678453625275,1944.5593919030703,0.00021793907890828678,278.74387128995727
88.38294838518952,24.910048174143814,25.71974538441951,19.800831756582205,-0.22637581132331783,0.6248040374752574,-0.36353808660077563,1944.3412412730577,0.00020684349162480013,278.7317520997563
88.43294838518952,24.910048174143814,26.39686122984305,18.9530203182409,0.13748748219355902,0.6097335882325547,-0.3774807025840594,1946.570633708083,0.00020658150462771224,278.834788821214
88.48294838518952,24.910048174143814,27.03415725127322,18.87218316607821,0.49110428086053776,0.6159545380015867,-0.3716637837739267,1949.6228274868001,0.0002160556450753288,278.67118561091786
88.53294838518953,24.910048174143814,26.6503765352716,19.418460992537497,0.095650458858263,0.639812744100105,-0.3679260125452138,1948.1632094229763,0.00021944457261377203,278.6094200401537
88.58294838518952,24.910048174143814,26.279688963071447,19.69391967954392,-0.04320713939167331,0.6501990616956969,-0.3592711516430306,1948.1683045856216,0.00021258614204112573,278.6356357109832
88.63294838518952,24.910048174143814,26.14911440396295,19.843504885300597,0.02996628111964475,0.6285412367437636,-0.3379919174874763,1948.5813646316478,0.00022385517837308683,278.58943746508265
88.68294838518952,24.910048174143814,25.917215771551433,19.785696708303394,-0.1227679658377123,0.6279730029028547,-0.34279677368281886,1949.3575379129704,0.0002260398581537408,278.6126279373171
88.73294838518952,24.910048174143814,26.187661972790313,19.849434868704204,0.21765415158812132,0.608623377517014,-0.3324444256879591,1951.4046573036312,0.00022186276720368456,278.6694283423646
88.78294838518953,24.910048174143814,26.17443905743699,19.851493996242628,0.20717521173769843,0.6055232364459353,-0.33361431625350374,1951.431315913234,0.0002253654436340058,278.60579383165856
88.83294838518952,24.910048174143814,25.85727311272981,19.892801126063105,-0.11964572150681643,0.6069725138952426,-0.34869184119068997,1952.4063011670032,0.00021005735269637028,278.65842063676314
88.88294838518952,24.910048174143814,26.04200011451617,19.376576811327688,0.08997728129252065,0.5809670781276928,-0.33570957224699866,1955.5649148086134,0.00021678443784573065,278.50909839258554
88.93294838518952,24.910048174143814,26.24333004441051,19.248068301913943,0.26398303731351463,0.5770140284347354,-0.3208711207902916,1956.0282581997733,0.00022359560105684304,278.3809030956842
88.98294838518952,24.910048174143814,26.078752010414142,19.27844061357064,0.07764855503928081,0.589136776819814,-0.3097911136728124,1955.8239947191491,0.0002233754321014875,278.44332508465294
89.03294838518953,24.910048174143814,25.841540172375073,19.32071822984034,-0.09514328019174977,0.6155128626677455,-0.31669927468048065,1953.5192659848724,0.0002106568257216625,278.34308032525723
89.08294838518952,24.910048174143814,25.708089260083252,19.43715557949975,-0.15356368012640517,0.6234383601342258,-0.3395715015501059,1952.5537277817843,0.0002142546303165479,278.3961132540832
89.13294838518952,24.910048174143814,25.740501912815777,19.51269576109457,-0.0777354860997936,0.6111475949943703,-0.3523023776414298,1951.9625715890443,0.00021794347941135703,278.5017853843569
89.18294838518952,24.910048174143814,25.82957782162467,19.625114088773344,0.025975023730660712,0.6035883836048848,-0.34421609614140386,1949.5321944791106,0.00020889848341880168,278.3611698654582
89.23294838518952,24.910048174143814,25.65063176221051,19.585731596751035,-0.14280478038146616,0.6117644814047317,-0.33926367168655275,1947.5244791349742,0.00021999395258805307,278.41814246446626
89.28294838518953,24.910048174143814,25.734376432759934,19.404131556928725,-0.05008747820973418,0.6047940091538495,-0.3253703521665193,1949.3417002283593,0.00022403707732963058,278.4052102349603
89.33294838518952,24.910048174143814,25.756501842185937,19.06927182493229,0.0048852912765802265,0.5584003677518198,-0.31579567538318354,1950.2887113606234,0.00022431330788877743,278.364079728567
89.38294838518952,24.910048174143814,25.757879657401176,19.075928500047333,0.03866247094963699,0.5770739304955712,-0.3313632230813243,1950.8724637061414,0.00022594604887873074,278.3313437323479
89.43294838518952,24.910048174143814,25.3840278259886,19.17472091692234,-0.2761358852362818,0.6082223112614529,-0.35028060367320485,1950.658060027776,0.00022156760678839285,278.35936952082693
89.48294838518952,24.910048174143814,25.540112320971325,19.33617027442543,-0.0028032885706895513,0.599156087166215,-0.3588661539502741,1952.3614231331362,0.00021335964805569297,278.29479872459393
89.53294838518953,24.910048174143814,25.455186929074376,19.405015404090317,0.035382821161583866,0.5934097135856727,-0.3628275919822982,1956.2740597044012,0.00022242688764146629,278.32123573500417
89.58294838518952,24.910048174143814,25.02594129364329,19.198293758215947,-0.3856011789607411,0.4716677632406967,-0.2750133465210117,1962.205436764647,0.00023526005072968333,278.39603267600637
89.68294838518952,24.910048174143814,25.49502548502393,19.273648287068614,-0.004014316829667593,0.49065864665541215,-0.33781231613842116,1960.0300515078366,0.00021869494107921306,278.5395742184983
89.73294838518952,24.910048174143814,25.480566800655403,19.498594372162273,-0.08665592633659493,0.5306028983752287,-0.37856631589647183,1954.7549296721345,0.0002117295626173439,278.59123190044045
89.78294838518953,24.910048174143814,25.712776911194112,19.499797925913228,0.12421809122282627,0.5186052930515567,-0.3916052825520745,1952.1482619217845,0.00021382339488982245,278.4595947199916
89.83294838518952,24.910048174143814,25.420977143981247,19.66633332362815,-0.22855736629914788,0.5224347798280276,-0.3795148381908189,1951.9884580190924,0.0002156514721731997,278.353910408282
89.88294838518952,24.910048174143814,25.434541809784076,19.603311270665042,-0.22459035206638367,0.5245529141154087,-0.3752421036636164,1953.5256690655096,0.0002093801623962864,278.37110206692637
89.93294838518952,24.910048174143814,26.047245108708825,20.050567700946424,0.41351111640582167,0.503766477531259,-0.36090769294883795,1956.834601758641,0.00019889576584612408,278.36881963401333
89.98294838518952,24.910048174143814,25.594614465901234,19.897041845531664,-0.004388894962632528,0.48398820056239705,-0.35936403251798776,1957.2568669838615,0.0002050723803847018,278.1534559171353
90.03294838518953,24.910048174143814,25.271524867688722,19.459475284552315,-0.21233867287697006,0.49284782588085235,-0.37806255607874467,1957.3042947322185,0.000199548877665487,278.0858523725127
90.08294838518952,24.910048174143814,25.47440218337385,19.34780085957884,0.07618118203621055,0.4997277748397115,-0.38474574690549024,1956.464058524658,0.00021149907825064482,278.0597244612214
90.13294838518952,24.910048174143814,25.558434076125856,19.372751285781764,0.13411897850577953,0.48788997072228674,-0.3827324633944127,1954.232428328953,0.00021786585266397824,278.0003865188358
90.18294838518952,24.910048174143814,25.7509288750057,19.608904908420634,0.2799490073008003,0.467248462656689,-0.3933961716844531,1953.6209152437725,0.00021365526367855687,278.0649784167265
90.23294838518952,24.910048174143814,25.80256250849664,19.61788986406189,0.3355320015527937,0.44905204776744556,-0.3969042213910236,1952.2997364014047,0.00020007636949413837,278.16875178152515
90.28294838518953,24.910048174143814,25.616539454470683,19.787170328651218,0.190652185974956,0.45170591334903964,-0.4115045592166402,1950.1859241199843,0.0002008109646662029,278.27349726219825
90.33294838518952,24.910048174143814,25.28950820309779,20.325412913161976,-0.03582512049714909,0.4453778642612544,-0.4273464931119144,1947.5921865969935,0.00019893761259516844,278.22573103754064
90.38294838518952,24.910048174143814,25.18084155753891,20.313525163755244,-0.015550845430876672,0.4489439851816412,-0.4226607086633619,1948.6528277602645,0.00020535380808796546,278.2972524786591
90.43294838518952,24.910048174143814,25.012126124436577,20.644064092210684,-0.09562571508815432,0.4427501581494675,-0.3992617120149207,1949.9122556865702,0.00018405187804049534,278.249986444244
90.48294838518952,24.910048174143814,25.00451169372954,20.345387763034562,-0.07251949078692689,0.4433030198343112,-0.3933168495819958,1949.4633972301142,0.0001834698348247665,278.18379294207733
90.53294838518953,24.910048174143814,25.109272316414415,20.29337110105511,0.04507624469210959,0.4290102875539311,-0.3965725590523471,1949.5813472639236,0.00019056158952507834,278.3048957268567
90.58294838518952,24.910048174143814,25.120396044022478,20.20815459623696,0.060929049718613855,0.4317774516537739,-0.38743312832064314,1948.711255542835,0.00018966672393043677,278.21087948697533
90.63294838518952,24.910048174143814,25.09320739562068,20.039058835397977,0.0713909309455409,0.41492392169697967,-0.3781627387836538,1947.64287619626,0.0002024920211969762,278.09756512504754
90.68294838518952,24.910048174143814,24.868757699895987,20.10915746787572,-0.10950104057973287,0.4152380929676043,-0.37563318094741416,1947.7520638928008,0.00019129553572067669,278.10988629168196
90.73294838518952,24.910048174143814,25.02743013134731,20.178142376196597,0.15176075752513116,0.4042379261892062,-0.37430305968251915,1948.2862343171382,0.00019175111297806165,278.05648914379935
90.78294838518953,24.910048174143814,24.885496150123867,20.22117948995713,0.11384960480675557,0.38366796668055336,-0.38696950742022196,1946.2157899375113,0.00019009257076330857,278.02180735883013
90.83294838518952,24.910048174143814,24.676371458004642,20.245355390753982,-0.046158240654474825,0.36884396017979476,-0.3887102097147097,1945.2018216242104,0.00018944209792150406,278.081986124683
90.88294838518952,24.910048174143814,24.678828538326126,20.220547189649515,-0.03397851683940389,0.36914075423384607,-0.38637992620674266,1946.3707169575657,0.00018508106399376493,278.0250777726417
90.93294838518952,24.910048174143814,24.862885971813167,20.42538226093174,0.11473904594307614,0.3514279792059469,-0.3996219249214036,1947.406868951805,0.00017981506453775188,277.9657956495082
90.98294838518952,24.910048174143814,24.95186067292858,20.497666024211558,0.21102430761466165,0.32357641531406506,-0.42106895906263603,1946.889176319972,0.00018558790397471515,277.96170549490535
91.03294838518953,24.910048174143814,24.86745844223385,20.787829969880146,0.23165585228056898,0.32394872136427116,-0.4192898904266993,1942.583120828904,0.00017871669449092388,278.05066282576826
91.08294838518952,24.910048174143814,24.333781191429686,21.096764005737896,-0.12377079016149847,0.3503007904567425,-0.42469397119867536,1937.7194352214176,0.00019299992246793335,278.0892970688848
91.13294838518952,24.910048174143814,23.956074245001876,21.038063141465916,-0.29563569329910416,0.31770358490091744,-0.44298509969677974,1935.4026905430433,0.00019235592146959156,277.95905239529685
91.18294838518952,24.910048174143814,24.08028601141111,21.144938702584057,-0.030053983726880402,0.2782139348722971,-0.4762368862598952,1931.8388496600587,0.00018588152022930412,278.0150947686289
91.23294838518952,24.910048174143814,23.78983235937929,21.311576201406957,-0.29043663226583116,0.2943281140883081,-0.492834361479353,1933.1761030002265,0.00019044215018898216,277.94014446952434
91.28294838518953,24.910048174143814,23.831403776846162,20.774072941860926,-0.3576331694992746,0.30825382915614363,-0.4920576316662715,1937.4558694266123,0.0001904384045086042,277.7309736111458
91.33294838518952,24.910048174143814,24.63031158832552,20.836599329425567,0.3890793390930278,0.28691249279783576,-0.4913876757939875,1941.072313657011,0.00020035049343107792,277.60782204590265
91.38294838518952,24.910048174143814,24.074871740134878,20.98717790914827,-0.17278851024042852,0.297367317180345,-0.48585377340395974,1939.3641067952485,0.00019629266236818283,277.55404232730626
91.43294838518952,24.910048174143814,24.046039152870925,20.716336658014672,-0.2769458241379577,0.2866247410150972,-0.45989480590307596,1939.921287549075,0.00018995539542605332,277.4970258859118
91.48294838518952,24.910048174143814,24.34062207455674,20.892671176994483,-0.12667011994916744,0.29014754775279356,-0.4453445628262646,1943.7118834546295,0.00019633315984169438,277.44347661873087
91.53294838518953,24.910048174143814,25.075512626047587,20.64673190812949,0.2951259369149803,0.2566272191786102,-0.42986569261160645,1949.0069927553113,0.0001960219360062783,277.3720595955937
91.58294838518952,24.910048174143814,25.33498163574617,20.50891837252271,0.18438054495630676,0.25977485827004154,-0.4269269682922801,1952.2000315752148,0.00018815933313872475,277.25136388298034
91.63294838518952,24.910048174143814,25.57732649353953,20.01023046981917,0.19077199298348216,0.23878023116625002,-0.42609643019867127,1952.9203895578019,0.00019166825847381975,277.1806851624677
91.68294838518952,24.910048174143814,25.63576501228107,20.024827983875102,0.17493916197077272,0.23861280976345586,-0.4138931031699962,1955.62532922141,0.0001921928328039729,277.0159691566027
91.73294838518952,24.910048174143814,25.621300921225945,19.833913697194443,0.16277853578130172,0.2420655416354217,-0.38773705708340717,1956.4411220233158,0.00019356387304585588,276.9680812850365
91.78294838518953,24.910048174143814,25.465341515254455,19.531655758951356,0.026029294676208386,0.2453725804248405,-0.37248728796591596,1956.1636821797788,0.00019370926586114657,276.89200041164764
91.83294838518952,24.910048174143814,25.86608980614575,20.53150713724556,0.47371441280364335,0.2484956102581231,-0.34627938941141406,1954.8561917211027,0.00019168020845946536,276.7333255450069
91.88294838518952,24.910048174143814,26.591558834749215,20.991164325203236,1.2839084916644594,0.2431881313781276,-0.356839213555732,1951.203926347166,0.00018516928155591235,276.85535555607817
91.93294838518952,24.910048174143814,25.312583543853812,19.78294057812773,0.07268852213131671,0.23675643125537463,-0.40352391710619934,1944.7353575793634,0.00018348165925239672,276.95480688687394
91.98294838518952,24.910048174143814,24.98375698285372,20.56506376144231,-0.2504823760513937,0.2195270212223574,-0.4158475919614534,1941.1551708612926,0.0001776017204158547,277.05445850319626
92.03294838518953,24.910048174143814,25.234410967896686,20.64838965491096,0.010744693012547539,0.25565583023918154,-0.40625763946744653,1938.9252851019708,0.0001809092790186014,277.0652662501005
92.08294838518952,24.910048174143814,25.362431126956864,20.00670256907412,0.20879841381275033,0.21429962212316744,-0.4047182328151689,1940.1436123304957,0.0001721771995818725,277.02831554574334
92.13294838518952,24.910048174143814,24.963972017221668,19.864599209462668,-0.16203543499212314,0.20537490603767447,-0.4188748668484865,1941.6258554746366,0.0001721276955743508,277.047529307274
92.18294838518952,24.910048174143814,24.973059438428056,19.93203180457066,-0.12012512510164362,0.21167594959963396,-0.4206680887559516,1941.7056563758922,0.0001704460542095398,277.0041965619614
92.23294838518952,24.910048174143814,25.223430064835373,19.62712018899381,0.1583729545465803,0.2221460480802853,-0.41459571399856443,1940.818276115824,0.00017902250203665266,277.0517312283593
92.28294838518953,24.910048174143814,25.018307975320926,19.501155709873725,-0.11028892931865547,0.22123083796221338,-0.4276331742178686,1939.6633729155196,0.00018705531137922751,277.0310035768314
92.33294838518952,24.910048174143814,24.654323376488588,19.807021275031822,-0.5420155337751233,0.23194496568133194,-0.40319982354352335,1940.962890490235,0.0001955810091127543,276.9521087925072
92.38294838518952,24.910048174143814,25.059862467502292,19.592818164986408,-0.16110249399104745,0.22180028337864635,-0.3911131572636194,1943.0733680103094,0.00019337331014306284,277.05439038702474
92.43294838518952,24.910048174143814,25.40307591244595,19.210390590051112,0.1540169260394343,0.22132458544995467,-0.4152994248077468,1945.0138726141818,0.000179555714743832,277.38741172259154
92.48294838518952,24.910048174143814,25.189088015360362,19.58794264243877,-0.05752466171948169,0.2071131629969294,-0.4390470021545272,1942.8820209935182,0.00018837554776086543,277.00477753277295
88.18294838518952,24.860048174143817,25.749709765131318,19.77826603515453,-0.19800962624047302,0.6119213353384836,-0.38802224263546053,1941.7934377387776,0.00023951042984162894,278.7128043183742
88.23294838518952,24.860048174143817,25.197978566499874,19.552300765171704,-0.5359397342055873,0.6196996433608614,-0.3794187008340205,1942.891673772838,0.00024098815142211712,278.66923471731343
88.28294838518953,24.860048174143817,25.494559250653,19.54731682152865,-0.12224878160711089,0.6158021544097758,-0.37160392537581044,1943.0906522909522,0.00023243684879461745,278.63914338804227
88.33294838518952,24.860048174143817,25.170572335011535,19.520727484976764,-0.5750019218410968,0.6235832166772199,-0.3705790839754836,1944.3854108099813,0.00022794267029398264,278.70665709857303
88.38294838518952,24.860048174143817,25.719570301433038,19.040171116727834,-0.36949340137885245,0.6083148901070046,-0.3744829167988312,1946.3113608406018,0.00021229447539770612,278.6779237214972
88.43294838518952,24.860048174143817,26.668718660940293,18.791222774105158,0.22591082176894758,0.604780226193589,-0.38621214430151074,1947.4696286705848,0.0002146096007453153,278.8029637513082
88.48294838518952,24.860048174143817,26.66618463382984,18.997524493677044,0.10428840444137694,0.6261229096694699,-0.39353144159170844,1949.5079815413962,0.00021839465759687854,278.7567198109585
88.53294838518953,24.860048174143817,26.30815094748148,19.507274946049606,-0.11784889371304513,0.6623674850433221,-0.38779981837349775,1948.8681974918904,0.00022155521553900506,278.7439368826796
88.58294838518952,24.860048174143817,26.14551519925866,19.61593089416691,-0.017629333548889414,0.6540182273275196,-0.3796332474095569,1949.4262176982763,0.00021739602231371085,278.6069068907071
88.63294838518952,24.860048174143817,25.65428320834105,19.883886600653085,-0.3642177362135067,0.6349777798719217,-0.3532376188245989,1949.0666351388556,0.0002184864521114943,278.48617843391276
88.68294838518952,24.860048174143817,25.710501050077024,19.641371290766337,-0.20437592146340527,0.625368864909182,-0.33820249503612404,1949.871205441665,0.00021704143034071346,278.4692518341541
88.73294838518952,24.860048174143817,26.17166785632158,19.57582871513874,0.33504880324701963,0.5982743197150221,-0.33357846917921213,1950.7662413151509,0.00022023771719488803,278.5931479266416
88.78294838518953,24.860048174143817,25.968788988951683,19.935159657739568,0.13120316730457773,0.6028163969880731,-0.34223493018389195,1951.3725465446032,0.00022385176498698295,278.53928351377346
88.83294838518952,24.860048174143817,25.836247815195577,19.89635040178984,0.04863976313048308,0.5776852321373239,-0.33946459006088203,1952.8778700008002,0.00021253034436424383,278.53511222242247
88.88294838518952,24.860048174143817,26.104590963234806,19.64328088236681,0.3365536390937097,0.5639897259731719,-0.3201249352812353,1955.540993747101,0.00021514247173508826,278.4515081580226
88.93294838518952,24.860048174143817,26.130689858460553,19.581102829225962,0.315561411312404,0.5722566721494273,-0.31187945491736974,1955.7252017054468,0.00021759400656532697,278.3796561617529
88.98294838518952,24.860048174143817,26.19065675467642,19.573275827945487,0.29894665865185543,0.5968403851508572,-0.303997295705281,1954.7669844381778,0.00021762422868565952,278.31131540956983
89.03294838518953,24.860048174143817,25.994019077636565,19.495069104036244,0.08335985781365925,0.6171195263207966,-0.31246258726301873,1952.773708017002,0.00020665323234764742,278.271525891203
89.08294838518952,24.860048174143817,25.889616578114083,19.60466247370408,0.022447105427360347,0.6140145967533154,-0.3371657683058497,1951.5354705997695,0.000222516270359007,278.3090963617411
89.13294838518952,24.860048174143817,25.97331967256507,19.446392844106708,0.13548690899557828,0.6111966094750794,-0.35608052643337007,1951.56655629915,0.0002233369266715427,278.3977952375101
89.18294838518952,24.860048174143817,26.0866596447486,19.71527550703162,0.26703862672646156,0.5817714227270451,-0.3503551575711542,1950.4811126241163,0.00021698475054240907,278.3926834734285
89.23294838518952,24.860048174143817,25.843411161652355,19.523509952685956,0.04607575460218216,0.6108793067511362,-0.34484103298978225,1947.3895315069008,0.00021440379408357133,278.40374687224585
89.28294838518953,24.860048174143817,25.786649141799025,19.39530675405563,-0.008255197414879876,0.6052436346611784,-0.325978721327526,1948.487455150214,0.00021333460291475417,278.33987697592966
89.33294838518952,24.860048174143817,26.31633637537989,19.53805013312051,0.5071588699913568,0.572751719293748,-0.2964244371270643,1949.598987037024,0.00022345708263556848,278.27407716189737
89.38294838518952,24.860048174143817,26.99043599265023,19.820284873162375,1.180943124008283,0.5670185133707231,-0.3102641492392045,1950.641239565548,0.0002323525456980009,278.2104412777264
89.43294838518952,24.860048174143817,25.741261807755997,19.291278183439214,-0.041490872155297086,0.593234313735372,-0.35675852267930114,1948.8751778541098,0.00023519908139546728,278.1926437168671
89.48294838518952,24.860048174143817,25.656399100379932,19.426074053491515,0.001518782983058013,0.6057881041940164,-0.38479998448633246,1951.407423046889,0.00022162097002644392,278.20426535224885
89.53294838518953,24.860048174143817,25.536019981629764,19.491149298619387,0.03112466977249979,0.584805403275519,-0.3906542879069986,1955.5826562891768,0.00022785764666869536,278.26968298559285
89.58294838518952,24.860048174143817,24.969882278853003,19.42133431740707,-0.46672241576325163,0.4786541525867575,-0.3074531761454244,1959.6409402597974,0.00023090278728528604,278.34818041957413
89.68294838518952,24.860048174143817,25.70075696846305,18.99463012379293,0.18516058124970025,0.49619055075333096,-0.34133136584421747,1960.0484958526692,0.00021169571624771695,278.3434657608066
89.73294838518952,24.860048174143817,25.716945945506737,19.09637810411979,0.10661948565854054,0.5244239295246137,-0.3614273785088433,1955.142711448721,0.0002073508602052746,278.33356418807955
89.78294838518953,24.860048174143817,25.627916536835247,19.573467547841112,0.022530403769523904,0.5061394549853203,-0.36940898627239577,1952.6649827707931,0.00021011003321559093,278.3193207492495
89.83294838518952,24.860048174143817,25.60547801955733,19.586318496505093,-0.02745489482556323,0.5110302531397076,-0.3689800116962805,1953.0441513460403,0.00020563990691507817,278.31757722203724
89.88294838518952,24.860048174143817,25.773240505141434,19.601842030697703,0.1368905371271666,0.5291895998462076,-0.38066871145301323,1953.903288015574,0.00021283930851594214,278.3169282672989
89.93294838518952,24.860048174143817,25.82289182551529,19.698893604226306,0.22823542305278108,0.5531379137341876,-0.3846453918900741,1955.9281226612036,0.00020008259986155453,278.2739390964961
89.98294838518952,24.860048174143817,25.497268091613766,19.790370386207485,-0.052023514736169035,0.5357701767110856,-0.39583008846640355,1956.7056736617112,0.00019484456204686554,278.14923219170623
90.03294838518953,24.860048174143817,25.337204332767158,19.875432916903236,-0.18629222070499593,0.5036896773825535,-0.39146657285909636,1958.0702785258545,0.00020153385347341675,278.06536549289575
90.08294838518952,24.860048174143817,25.41911197122121,19.781196741755178,-0.1382344205977795,0.4881672793963253,-0.39530843614462796,1957.6973658797758,0.00020113325514853486,278.0903021679504
90.13294838518952,24.860048174143817,25.456798302328586,19.954159160894744,-0.16044120510109927,0.49152325102265915,-0.394963247807879,1956.0847395175058,0.00020645380222344368,278.03327841319725
90.18294838518952,24.860048174143817,25.41799611657221,19.780533840112017,-0.20379462684111405,0.46988089205005756,-0.3803742017651256,1957.1349058649732,0.00021318605768776914,277.92913870000496
90.23294838518952,24.860048174143817,25.744472806927647,19.556579643487385,0.19568886648866737,0.4541292019750158,-0.3729726614598057,1956.6760414876412,0.00021501263339763045,277.990943244861
90.28294838518953,24.860048174143817,25.563828642300088,19.825127115474558,0.11161689613970226,0.4492864128122771,-0.3791300891122386,1953.8721472258408,0.0002080895514917878,278.1342876878041
90.33294838518952,24.860048174143817,25.260177083957476,20.379344140846285,-0.08150736035184329,0.44416823900314034,-0.41269974760821954,1951.2321661673045,0.00020741999828867625,278.1604100702953
90.38294838518952,24.860048174143817,25.344976319397826,20.77861768584637,0.10652733436470663,0.43925313416682343,-0.4197871505006218,1949.8274867493196,0.00020259534141209073,278.11500896204444
90.43294838518952,24.860048174143817,25.329170491997104,20.829522729115638,0.14225457462272434,0.43858626099578707,-0.4078994330188322,1950.283571689498,0.00018666563890067746,278.13951047500194
90.48294838518952,24.860048174143817,25.077952359741573,20.28233700255471,-0.0942437260265871,0.44736259606716705,-0.4045497068493905,1950.5279158878102,0.0001906958916955513,278.14006158538376
90.53294838518953,24.860048174143817,25.022841363928865,20.29462731611432,-0.14820710092457143,0.44634522655569103,-0.40001704723892856,1950.4042927453363,0.00019319321368645487,278.11397581529553
90.58294838518952,24.860048174143817,25.202007978429798,20.15481820323838,0.05573037407691726,0.4258080739308524,-0.3917799267292921,1950.277081971724,0.00019985692581466093,278.1238576310113
90.63294838518952,24.860048174143817,25.195337505728094,20.00558867884484,0.08663760009324911,0.4183140495597194,-0.37607129469568523,1950.3653880193592,0.00019266226098637297,278.0528944443932
90.68294838518952,24.860048174143817,25.100306469915527,20.19312467374428,0.0457364393226411,0.42313883288513243,-0.36980289193837235,1950.559243474315,0.00019309785819302417,278.02575611341086
90.73294838518952,24.860048174143817,25.24359274260064,20.370671954614526,0.3051862287443777,0.3975331018372634,-0.3788482453770062,1949.0922649186793,0.00018227740385868798,277.9686310451311
90.78294838518953,24.860048174143817,24.561866812151255,20.43086913744473,-0.27214121554355897,0.38860046802484305,-0.41623955410264457,1944.8873895067156,0.00017619041065041206,278.05163961481117
90.83294838518952,24.860048174143817,24.501373273543273,20.717126997264838,-0.2687303269772955,0.38325007072401235,-0.41890746742628243,1944.0403999526209,0.0001781588034407183,278.07000433031754
90.88294838518952,24.860048174143817,24.63657870539075,20.563580582352014,-0.14195066917846674,0.3794009539053665,-0.40783398295468326,1946.5361060278842,0.00019081503931737091,278.01884005862547
90.93294838518952,24.860048174143817,24.91342056579985,20.5322286925573,0.0889444945774376,0.34286192231722956,-0.412706630821311,1949.623636557346,0.0001826369410874454,277.97534177531537
90.98294838518952,24.860048174143817,24.854484569588493,20.260930132305194,0.05263845055747242,0.31188997760398834,-0.42143221199297715,1949.921596387668,0.00018670602007936853,277.8725027857663
91.03294838518953,24.860048174143817,24.985208016137562,20.6306940730495,0.32264024272248976,0.33271987319372576,-0.4112314388450294,1945.5579817744856,0.00018828540989015196,278.0243359157987
91.08294838518952,24.860048174143817,24.67043596772145,21.265478730496117,0.2005170424874523,0.37586942313003313,-0.3987994445358877,1940.069004278276,0.00019115270169136776,278.1164203508113
91.13294838518952,24.860048174143817,24.06949966489591,20.929923162361685,-0.17756677837563944,0.34106937915907426,-0.4249485900624154,1936.3611770791858,0.000193903615376322,278.0558997589865
91.18294838518952,24.860048174143817,24.036579158547717,21.115364892460885,-0.06875742405550854,0.29597505205283825,-0.45676186568788324,1931.8536883540771,0.00019924728944277693,277.96301842767093
91.23294838518952,24.860048174143817,24.170911681540613,21.657647932492434,0.0826979554026344,0.33734825356300224,-0.46285255206004117,1932.0985058303288,0.0001980757966340373,277.9043963645015
91.28294838518953,24.860048174143817,23.85228718046373,20.91342009050245,-0.3240611869264161,0.31533708695193774,-0.4803142678718846,1935.0846846606573,0.00019583981075745898,277.66856762418064
91.33294838518952,24.860048174143817,24.504896002354805,20.905586129356244,0.3152730866898506,0.2842695490170536,-0.474984067201882,1940.8206695364504,0.00019113260413089754,277.538445707989
91.38294838518952,24.860048174143817,24.190926738534426,20.962180599464713,-0.002008556760598151,0.3198925896055427,-0.45726190085855184,1939.503827550401,0.00019464902657269324,277.5292390942025
91.43294838518952,24.860048174143817,23.918204750208236,20.94918794312068,-0.3536745051948389,0.2895352616596968,-0.4447058049880939,1938.7926853131107,0.00019126021664682302,277.5674841499876
91.48294838518952,24.860048174143817,24.26171590952714,20.931650279298545,-0.20773432182691406,0.29393506181014617,-0.4282796897773811,1943.6092936509228,0.00020528572138292378,277.32654365326346
91.53294838518953,24.860048174143817,24.762586633642748,20.799281036763702,-0.0380913931060759,0.2693708076842798,-0.4225059626562291,1947.7064411653391,0.0001973964349346001,277.19664958231743
91.58294838518952,24.860048174143817,25.45459571800156,20.380119481702447,0.3157181062938563,0.26020309379133283,-0.42857419907588257,1949.7041977184504,0.0001931914943750176,277.10388524929465
91.63294838518952,24.860048174143817,25.315295900713952,20.679812417288776,-0.034349145750853335,0.23649177274534586,-0.4272244019006095,1948.8709468342338,0.00019065997329909467,277.0556779909226
91.68294838518952,24.860048174143817,25.322646101664567,20.75247051053186,-0.0678132967629362,0.22877074725485028,-0.4227861718426384,1949.3371121515445,0.00019109193268003415,276.9697349285303
91.73294838518952,24.860048174143817,25.37884996531484,20.062081084782683,-0.008839007430155905,0.23269912550816632,-0.4139860778529733,1951.3321313756626,0.00018956351250122103,276.95631816566237
91.78294838518953,24.860048174143817,25.315571884318867,19.595442869489,-0.07588432600684178,0.22841245466098928,-0.41386263377996296,1951.8526943081547,0.0001877621156521388,276.88816318823393
91.83294838518952,24.860048174143817,25.296644180921728,19.743499929056657,-0.05925160441107655,0.24018648575309876,-0.4088328230645655,1949.3180987123326,0.0001921499456878423,276.73967471005375
91.88294838518952,24.860048174143817,25.491664874118594,20.28569032871558,0.21422288389057756,0.240979130614811,-0.40807768858197624,1947.6303700703795,0.00018918475145546492,276.85035864789927
91.93294838518952,24.860048174143817,25.429111654734537,20.233195078187418,0.23438554848222332,0.23509440761684114,-0.4190896293121397,1945.4330000004813,0.00018481353588699836,276.96361762526703
91.98294838518952,24.860048174143817,25.14324043805149,20.058020205100966,0.06277508870628289,0.23657209705641732,-0.41425096030965297,1944.7628241963373,0.00017701590594279817,276.9684732499598
92.03294838518953,24.860048174143817,24.60453027805082,19.818228343195546,-0.3902544408999818,0.23325377767436797,-0.41646366730089773,1943.0352792882254,0.0001804449766222586,276.8707999003774
92.08294838518952,24.860048174143817,24.939784663794516,19.598547272163135,0.010390397381977667,0.22437555652279603,-0.42479954348508747,1940.5239694685597,0.00018148129687161412,276.87606470865404
92.13294838518952,24.860048174143817,24.750768479391166,19.853809450211372,-0.2013554009628079,0.2172202243859576,-0.42345734623506265,1939.5953135079837,0.00017129475864244826,276.87592454185716
92.18294838518952,24.860048174143817,25.07265944414716,19.914258676235942,0.02998124288620971,0.21775323221212486,-0.41092304485647135,1939.1351348418355,0.00017257838165244386,276.9463882157755
92.23294838518952,24.860048174143817,25.33167116408878,20.20618544487168,0.27339832366675004,0.21553254310253886,-0.3962944500630569,1939.8999784275372,0.00017983118184614365,276.83739692250253
92.38294838518952,24.860048174143817,24.960218911605942,19.81933219953036,-0.21762176485345897,0.22190028362096995,-0.39382542128826153,1941.9177206476022,0.00019123347298445048,276.76704680945716
92.43294838518952,24.860048174143817,24.758286340389,19.76601608894883,-0.48867146485192475,0.2283378939857514,-0.4287294773432122,1941.865300888901,0.0001799441014167838,276.76627048847587
88.13294838518952,24.810048174143816,26.12300188050009,19.037912501648282,0.1073605830176348,0.5921123864995828,-0.37550948011142266,1939.1693365174197,0.00023198979131423475,278.57373854998485
88.18294838518952,24.810048174143816,25.793215115808202,19.463900150413973,0.04670510995754765,0.6148390842308267,-0.38175430994846604,1939.7398998021984,0.0002356059550788904,278.6880400697075
88.23294838518952,24.810048174143816,25.647933527553544,19.12746681061765,0.05554931201752554,0.6164207933012487,-0.3802886916000145,1940.1276063110545,0.00024075929994546802,278.63729430371586
88.28294838518953,24.810048174143816,25.406948532105897,19.722246305002678,-0.15638337796098195,0.6036777560341334,-0.37504759608769633,1940.5069615203854,0.00022575059029405822,278.5551359447424
88.33294838518952,24.810048174143816,25.885181606187597,19.433273686893543,0.12236928934957667,0.6058137623841104,-0.384152134443936,1945.7937319745151,0.00022138066695678312,278.65133847527903
88.38294838518952,24.810048174143816,26.555062053681006,18.74400043935222,0.40640038491316083,0.5989097074043656,-0.3887166186591179,1949.1685505447372,0.00022158717479475978,278.6265524621371
88.43294838518952,24.810048174143816,26.816787639932897,18.801325418243113,0.37292300264612704,0.6086370419120539,-0.39489653944323755,1948.6864960660005,0.00021794349200336447,278.6574065419974
88.48294838518952,24.810048174143816,26.40907814451579,19.245448539150214,-0.11689081565855892,0.6307687098442892,-0.39785187380874426,1949.736767322618,0.00021715276524311776,278.63629303498743
88.53294838518953,24.810048174143816,26.26206087025932,19.406110766235756,-0.0943963610346819,0.6427907233100566,-0.3959048348225848,1949.908183786909,0.00021534040607868184,278.62368217230426
88.58294838518952,24.810048174143816,26.33643700556754,19.297058638824247,0.2611811878297471,0.6340376584710438,-0.37861183663399534,1949.8531234897755,0.00021415312486282046,278.4627232629876
88.63294838518952,24.810048174143816,25.54509342061177,19.584874556393867,-0.3270743344136847,0.6071870517167783,-0.35393977238366414,1948.4192606598535,0.0002194351756246443,278.47100613568676
88.68294838518952,24.810048174143816,25.48876989600417,19.493509993828383,-0.23294428157360203,0.6091228638504805,-0.33728208842457896,1948.0003321476638,0.00021898694456431948,278.40640435034015
88.73294838518952,24.810048174143816,25.745599234952948,19.440175729566448,0.11474810124139098,0.5937397621157234,-0.34135180625373485,1948.1367008812765,0.00022262468189859097,278.3091824967986
88.78294838518953,24.810048174143816,25.536955731977798,19.693665334757114,-0.05779072592244008,0.5813861818000018,-0.35895875340434685,1948.6319556923877,0.00021792998676161912,278.3699864468841
88.83294838518952,24.810048174143816,24.839062164720215,20.05432310596933,-0.6987734295924859,0.5698305706151574,-0.3529637930174796,1948.5970494302608,0.00021510414230173347,278.2820986180064
88.88294838518952,24.810048174143816,24.834384254100506,20.107717096986104,-0.6407785636729749,0.5681533741198556,-0.32789570687145947,1950.9678397970424,0.0002220417942948587,278.34239785606707
88.93294838518952,24.810048174143816,25.911684093543716,20.389632658159837,0.36952483111321366,0.5738146769723409,-0.3144796299548442,1952.9384271257745,0.00020457519003733453,278.352632315213
88.98294838518952,24.810048174143816,26.196261374152094,20.083963255977338,0.5682248065416673,0.5888170217745304,-0.30899394981511236,1952.1019751460674,0.00020673132611151598,278.2340932402023
89.03294838518953,24.810048174143816,25.89879024453132,19.89149382781551,0.19653837626923248,0.6013575484658903,-0.32015263184568316,1950.2546269789414,0.00021235500143724077,278.22840501301675
89.08294838518952,24.810048174143816,25.813859945994217,19.610625663720516,0.09444762974911866,0.5735773724876221,-0.3459923384585861,1949.206290484145,0.00021643263015470068,278.28095872463314
89.13294838518952,24.810048174143816,25.867214657727992,19.617749795407583,0.1339671521572975,0.5857310264123108,-0.3654842740340327,1948.3116720582652,0.00022004174820204665,278.319190940769
89.18294838518952,24.810048174143816,25.78493116645644,19.844881844421618,0.03476390810208749,0.5813506125796092,-0.38166584727104125,1948.036202162507,0.00021518426363449444,278.42325803040336
89.23294838518952,24.810048174143816,25.74190996515402,19.90502917145862,-0.00866736332803913,0.6066676865951547,-0.3837793595040909,1947.2890495017134,0.0002049471058984465,278.3933361988311
89.28294838518953,24.810048174143816,25.552053011539368,19.81918559741883,-0.2816520527199953,0.5974282063774807,-0.37062547190645306,1947.9646242435965,0.0002109953358452507,278.29749934685935
89.33294838518952,24.810048174143816,25.93660950772567,19.39094128059129,0.04265347922419136,0.5795663501363072,-0.3356720946335259,1948.5884363238688,0.00020843558075141536,278.1425882389093
89.38294838518952,24.810048174143816,26.29744315148689,19.512452872527916,0.39113403542146286,0.5599273604438224,-0.3335632540597844,1950.140983267974,0.00022166457239954987,278.0987646686974
89.43294838518952,24.810048174143816,25.895907955786434,19.390224459427984,0.03145498550000869,0.5694613933129816,-0.3725619445077622,1950.5127778594956,0.00022663039631315676,278.22558993878687
89.48294838518952,24.810048174143816,25.655407034557275,19.383970009832694,-0.06289009359728255,0.5630339897664404,-0.40068401969440304,1951.8614842118077,0.00020906702162967433,278.2918744472191
89.53294838518953,24.810048174143816,25.784541916468243,19.397723283163902,0.22896617907647843,0.5411191450067087,-0.4111329387265627,1954.9305018407665,0.0002115939485156397,278.3894174996248
89.58294838518952,24.810048174143816,25.097983767406227,19.711911410257567,-0.36453345627271205,0.5122785715424859,-0.3450544165297502,1957.247478536694,0.00022158497407255752,278.2262000986593
89.68294838518952,24.810048174143816,25.729997950147492,18.584521920635567,0.23000472473313838,0.500465643032973,-0.309596236223771,1959.4968378647054,0.00021221090784651875,278.2591044120741
89.73294838518952,24.810048174143816,25.770342844688553,19.150097896506633,0.16906517688102804,0.4895773737211157,-0.33830445039235046,1955.471935417684,0.00020920550115935613,278.25753257353455
89.78294838518953,24.810048174143816,25.637129381034246,19.475887968081317,0.028283506942273013,0.5002480563129401,-0.34455453503480865,1953.5916369719146,0.00020463912906891078,278.17224049694204
89.83294838518952,24.810048174143816,25.58045217281684,19.57186016988028,-0.018115393508099716,0.5136510885081286,-0.34856904386826787,1953.2826116256163,0.0002113185541165368,278.1732481761253
89.88294838518952,24.810048174143816,25.502588131145586,19.73786164385029,-0.10169379898469667,0.5353054240210934,-0.37732329111220814,1953.0248160079657,0.00022233367965092087,278.1644415699964
89.93294838518952,24.810048174143816,25.717130985573778,19.68292954442415,0.15540805781380237,0.5258412862733526,-0.3928653544485184,1955.5090716457266,0.0002080144048308222,278.11110048604183
89.98294838518952,24.810048174143816,25.62012375600198,19.73486494849138,0.0656942387652182,0.5139546316057952,-0.40980456171754565,1955.8493198467058,0.00020152019829726216,278.20542628693573
90.03294838518953,24.810048174143816,25.706313478906385,19.707740277958873,0.06478210608925777,0.5080218628604818,-0.39587361292335366,1957.5846682264275,0.00020368859010438302,278.1062456140704
90.08294838518952,24.810048174143816,25.89513590941703,19.65752160299661,0.14347316128366025,0.4935988295604879,-0.4002959383665742,1957.0594949349081,0.00019977118055689377,278.052416298608
90.13294838518952,24.810048174143816,25.81491338285929,19.622207769732974,0.002700319619482596,0.5009860915828849,-0.4005405690486762,1957.0595040611793,0.00019949645864901383,277.9627555430947
90.18294838518952,24.810048174143816,25.59043758263398,19.81176109024345,-0.1344898296277115,0.5045770469048276,-0.3925370630694215,1957.308344993476,0.00021236179411006747,277.77165231498935
90.23294838518952,24.810048174143816,25.374093905285598,20.046852350848962,-0.19799096176540032,0.4730611590499968,-0.3872963593832098,1956.9392337312956,0.00022179338633521075,277.82854755373364
90.28294838518953,24.810048174143816,25.469560404289517,19.993726766627287,0.02218668909553667,0.4559702843177725,-0.3725378360386105,1955.0542938385547,0.00021869054893399291,277.98946069524357
90.33294838518952,24.810048174143816,25.365200660621316,19.78676820073305,-0.029074284856941204,0.44592419191496513,-0.3777682088153238,1955.100284416168,0.00021684932491891748,278.08758921952784
90.38294838518952,24.810048174143816,25.275139921422873,19.868364282049203,-0.06799545559049643,0.43867299261304804,-0.3845830579721407,1952.8948027066467,0.00020199049387862236,278.07028521470323
90.43294838518952,24.810048174143816,25.288004550934538,20.83318847894933,-0.03418297703317067,0.4261885476002869,-0.39393402100067276,1951.1305156821338,0.000192537486096863,278.09982684842504
90.48294838518952,24.810048174143816,25.326419686612216,20.86212966654514,0.0073799174034417814,0.4317820165088432,-0.40306357184105857,1949.7971660130372,0.00018825736369854117,277.95172893601756
90.53294838518953,24.810048174143816,25.30876106874696,20.22605851060816,0.012378544136002789,0.4255210785447904,-0.40551371331905267,1950.1781862630432,0.00019683759510422087,277.94117523222644
90.58294838518952,24.810048174143816,25.202368454975698,20.19789608690875,-0.04402714646309296,0.41911062892239326,-0.40396772705039335,1949.6238350279607,0.00020050090765251884,278.0582583204091
90.63294838518952,24.810048174143816,25.15521222008355,20.105820982014556,-0.04859974372966744,0.4223583692656183,-0.39614345587893646,1950.415466412537,0.00018695087278144826,278.00981172311293
90.68294838518952,24.810048174143816,25.07133782037245,20.088043025149783,-0.022883803239675895,0.4044946341218719,-0.38456428498017714,1950.6031168219915,0.00019529398439987157,277.9599708025067
90.73294838518952,24.810048174143816,24.98892914887881,20.041184451456164,0.03695314690255441,0.3930397279965832,-0.3880663447643114,1950.22717934311,0.0001873658116003545,277.9336925656001
90.78294838518953,24.810048174143816,24.861684085588674,20.260170746859167,0.01673255976157765,0.38203510555945586,-0.417032975857144,1946.880226526641,0.0001783276476976556,278.01059747778055
90.83294838518952,24.810048174143816,24.880278242063756,20.639206520786853,0.05915859586067169,0.3679394058579148,-0.4253563608379312,1946.0494559641957,0.0001796827661016272,278.0524456107258
90.88294838518952,24.810048174143816,24.8534195939486,20.695359018232953,0.0034091616595705605,0.35245097770102474,-0.4178043791862069,1946.8341411510382,0.00019275936362259867,278.0047998756106
90.93294838518952,24.810048174143816,24.801957903311934,20.639279860185127,-0.0745859792784318,0.32576168822708446,-0.42193038930362065,1949.0847158381016,0.00019154777552111228,278.00777398538565
90.98294838518952,24.810048174143816,24.99438757795286,20.766419124580878,0.15125867476423782,0.3339349541743209,-0.42054651348864286,1946.9612226796382,0.00019266282229743096,277.89009748068344
91.03294838518953,24.810048174143816,24.55108436266023,21.646042018202653,-0.1617972994197503,0.4098933343568419,-0.3885322972279416,1940.7483937444156,0.0002003283929820733,277.9349892863851
91.08294838518952,24.810048174143816,24.518102559713874,21.69751975171253,0.04524731062078664,0.4119755369106769,-0.38797612138884213,1937.329267477092,0.0001970089296991397,277.9470797546479
91.13294838518952,24.810048174143816,24.25838630325143,21.114310014386014,-0.010161621454684713,0.3399687066902197,-0.41283144648571296,1935.2537616799152,0.00019371986930736868,278.0421942777699
91.18294838518952,24.810048174143816,24.11330737592002,21.45989470329018,-0.04795651126814506,0.35232134471611726,-0.4246016760641832,1930.4659660554976,0.00019897973832508703,277.92585685085857
91.23294838518952,24.810048174143816,24.181011480498793,21.851405462593483,0.030342610741874165,0.3696749386855326,-0.44161958369744897,1929.0932630837833,0.0001918357771487743,277.75591706248537
91.28294838518953,24.810048174143816,23.85494549149356,20.965190337032443,-0.32218373384843374,0.3061145906578119,-0.4601265983698308,1935.1434332100919,0.00018325559244344815,277.53828444368355
91.33294838518952,24.810048174143816,24.241945854673638,20.816175729690745,0.15854297335398335,0.2856731505390472,-0.4528520749556131,1941.8780370978352,0.00019058923839347864,277.4250229870954
91.38294838518952,24.810048174143816,24.050933264508732,20.896671133651658,0.0061759266316750204,0.3166238835001621,-0.43954275013356625,1941.3882656052904,0.0001845554569960569,277.38251412884284
91.43294838518952,24.810048174143816,24.147038094577955,20.998864940814524,-0.011449588059339303,0.33723718262870594,-0.43474232070881963,1940.4477063481709,0.00018831566085392254,277.3766273226243
91.48294838518952,24.810048174143816,24.013037465661444,20.853622604540817,-0.44107824540128626,0.30768642407907754,-0.43858804579025823,1942.1924661501134,0.0002048508573569068,277.29581818243184
91.53294838518953,24.810048174143816,24.775605195539615,20.74917850267982,0.002871859559421557,0.26095015946148314,-0.4322876382213659,1945.327517630491,0.00019320154791074701,277.14490416327055
91.58294838518952,24.810048174143816,25.244448019816797,20.454739307322328,0.20016041068394402,0.23043659542432543,-0.43261702567359667,1950.1215640368157,0.0001862560962261574,277.0864579563929
91.63294838518952,24.810048174143816,25.226517592680686,20.379584154552948,-0.04449392321774343,0.2194227958841247,-0.4343140902961448,1950.6606506428875,0.0001974716405579281,277.0898472514234
91.68294838518952,24.810048174143816,25.26473732180756,20.070460625149373,-0.09206641327039203,0.22778820019593732,-0.42315450703389856,1951.4382970116505,0.00019479917614422359,276.97777843484147
91.73294838518952,24.810048174143816,25.52075994639267,19.645654723938062,0.15716401832777557,0.24033725400354305,-0.42173804869796416,1952.2046107157203,0.0001959502234308509,276.86881839506736
91.78294838518953,24.810048174143816,25.389133811979264,19.39541521400966,0.04115340764243722,0.22587332841413707,-0.4252112203735324,1951.361339509977,0.0001896521684497086,276.7968621379663
91.83294838518952,24.810048174143816,25.272860106214164,19.320982676721982,0.008931309665303151,0.23307788713646688,-0.4414422561361545,1949.0724436043477,0.000191312732082375,276.88985267401983
91.88294838518952,24.810048174143816,25.156173911136314,19.625191181630825,0.07247492433167023,0.23487211651649043,-0.44127140481585475,1947.236592237047,0.00019747217259950695,276.8932782880418
91.93294838518952,24.810048174143816,25.1573305303919,19.75034511787762,0.3082521176505594,0.2427326878768124,-0.44051355345638066,1945.519410209372,0.0001786285655192081,276.9383011123478
91.98294838518952,24.810048174143816,24.936786785539685,19.592584742991335,0.1729041656913689,0.24069432159495213,-0.44318423379276306,1943.1837571063838,0.00018028386473343606,276.8718087231997
92.03294838518953,24.810048174143816,24.521824717307407,19.594014250414876,-0.2706744039908456,0.22207685934209365,-0.43794025873540987,1941.8916027142316,0.00018804713653332016,276.84812644810097
92.08294838518952,24.810048174143816,24.923440742978666,19.809799515676556,0.062200929337792185,0.225122325994478,-0.43620381569890676,1939.7814063306166,0.000183918180464242,276.81257544747126
92.13294838518952,24.810048174143816,25.090561337786337,19.919171841748312,0.09998986757133951,0.2196721392921817,-0.4288677211857319,1938.0813448605165,0.00017911799372232956,276.8089779495106
92.18294838518952,24.810048174143816,24.744228071860288,20.01049778826272,-0.34127983087774927,0.2120028323512924,-0.4184973309976378,1937.0890324204615,0.00017913262342372302,276.89803761431
92.23294838518952,24.810048174143816,25.3462429695934,19.851573975302813,0.30952911180460396,0.22165387819699298,-0.40452343906043814,1935.9776003903744,0.00017556739154883462,276.7565663255699
92.28294838518953,24.810048174143816,24.83573501425451,19.505299945501324,-0.16198740557394778,0.20945937524564598,-0.4275344648348745,1935.7837345016724,0.0001817543770141771,276.7473931532127
88.08294838518952,24.760048174143815,25.83996284714674,18.43984847961948,-0.24128930183835853,0.6152587819247152,-0.3310654146600012,1939.1295659848079,0.00022157499652491209,278.1677093918019
88.13294838518952,24.760048174143815,25.866608626820984,18.61302274394655,0.026144818770316405,0.6059772200342656,-0.35038730921681366,1937.6228559975805,0.0002369794917174462,278.44454226075027
88.18294838518952,24.760048174143815,25.645743847796425,18.715209851801916,-0.01750083279364955,0.5994488279613351,-0.3659250321416006,1938.0578977733558,0.00024033744961429236,278.548461647778
88.23294838518952,24.760048174143815,25.27976795180867,18.919015265844113,-0.33813569808417177,0.6084304297095937,-0.3703191762129325,1938.5725259689027,0.0002474021470757375,278.52535799506944
88.28294838518953,24.760048174143815,25.260494947198968,19.74261601175953,-0.40834602950308346,0.6168565897428858,-0.37457325745291603,1939.4103896928468,0.0002419209692715319,278.46307313659725
88.33294838518952,24.760048174143815,25.41934027217578,19.012078242257793,-0.45631236260603164,0.6131253023602767,-0.39051946299039536,1944.3682134589503,0.00023686071883199174,278.5191913770125
88.38294838518952,24.760048174143815,26.381568228983046,18.484926888239446,0.1731847060296126,0.617814595533953,-0.39466366212709614,1948.6650451345815,0.00023229292399356554,278.45180366491593
88.43294838518952,24.760048174143815,26.8739939874024,18.823951003490777,0.3752539236865603,0.6254058021914415,-0.39556405871783984,1948.82926317988,0.0002314403204589705,278.43489074278676
88.48294838518952,24.760048174143815,26.53257871603132,19.090089473022445,-0.04435069002771578,0.6300004566945778,-0.3972788533629596,1949.4736052572953,0.00021859409342290829,278.5748570898105
88.53294838518953,24.760048174143815,26.468939362724882,19.204455792217583,0.09498393502311844,0.6383628728266606,-0.3985374913969826,1950.2974175943364,0.00021584508161368534,278.4620154374338
88.58294838518952,24.760048174143815,26.099385543778215,19.3566330740364,0.04650867571558858,0.6458426896445556,-0.3896990765643295,1949.2880809104763,0.00021992247434438148,278.3683836593553
88.63294838518952,24.760048174143815,25.070908531602488,20.002236673533513,-0.728013239396267,0.6063160812017648,-0.36633698922792435,1946.5346640354485,0.0002199337051772073,278.3992619375591
88.68294838518952,24.760048174143815,25.423425217741155,19.72010171669444,-0.1666134868937142,0.6057811229188882,-0.35151537079507866,1946.5802551371476,0.0002203004222553631,278.2447000814065
88.73294838518952,24.760048174143815,25.69003163269043,19.856344795832346,0.20359583411166357,0.6097233640230836,-0.3671565651348102,1945.8591311458047,0.0002167380214313902,278.25773163774096
88.78294838518953,24.760048174143815,25.600217134149986,19.93745466080687,0.20390549260411192,0.6001279253579923,-0.37950959074921126,1945.776088531817,0.00022311541634710409,278.31343289682326
88.83294838518952,24.760048174143815,24.75540697495269,20.35391113621344,-0.5277384792251035,0.6097082026974396,-0.36947321455999255,1943.4948025105273,0.00022389792241990129,278.2046665997511
88.88294838518952,24.760048174143815,24.699880892685282,20.591747604618494,-0.5868724450618223,0.5942004026655193,-0.34822979891236083,1944.6583233940569,0.00021824883352407988,278.3316435433139
88.93294838518952,24.760048174143815,25.047135679182546,20.078418510455233,-0.32917915851995455,0.5843629177736854,-0.33091008109350395,1948.818564472268,0.00020737951459779753,278.22595904487025
88.98294838518952,24.760048174143815,25.117900966455757,20.124565967235014,-0.3752328660522708,0.5869463243386934,-0.3365023706288294,1947.8603781441516,0.00020606989863426628,278.1754334553207
89.03294838518953,24.760048174143815,25.02977607786554,20.19298449206096,-0.5421617178098697,0.5896469491764673,-0.34692732219559325,1948.2191585066473,0.00020741348528449964,278.25205508763565
89.08294838518952,24.760048174143815,25.488006490929774,19.76693687095415,-0.12081341745087514,0.6023504990375739,-0.35147266767431123,1948.3519716967494,0.00020706226311793157,278.30227245158665
89.13294838518952,24.760048174143815,25.629453893556896,19.728847904084084,-0.04321621631784405,0.5924909233745899,-0.3660032598323429,1949.013263561859,0.00021647830062665398,278.2704635066827
89.18294838518952,24.760048174143815,25.674252624748974,19.839331168842374,-0.030760928490311264,0.593921463578322,-0.3867463607778858,1949.8614975447092,0.0002149711566190774,278.34446004074374
89.23294838518952,24.760048174143815,25.629305710936535,19.879117395964176,-0.11136645213433746,0.5994927479514798,-0.38770087980895757,1949.1527677245779,0.00022387348149867028,278.228518315575
89.28294838518953,24.760048174143815,25.680384159899972,19.642517159147513,-0.15797914152094497,0.5823818637256178,-0.3842671600212322,1949.4968232391302,0.00022193051920827505,278.20860447418113
89.33294838518952,24.760048174143815,25.80887127993685,19.246485065259037,-0.09906676333182976,0.573002964323399,-0.3687951568344479,1950.484861870789,0.00021301832088218005,278.17302017479767
89.38294838518952,24.760048174143815,26.087832668491913,19.165211261213845,0.18736388470592735,0.5440734421969239,-0.3490453029115023,1952.0057973186088,0.00022242220399003795,278.12176436010753
89.43294838518952,24.760048174143815,25.806985321739422,19.131000472520462,-0.050396409456932446,0.5544462457669066,-0.3743798765003302,1949.849153728063,0.00022737391124049913,278.1014327715919
89.48294838518952,24.760048174143815,25.843275586971405,19.23177778334534,0.10485055736525108,0.5708929154956277,-0.392214415291637,1950.276511749069,0.00020490469489720814,278.15851544196585
89.53294838518953,24.760048174143815,25.71698068741395,19.320136741887087,0.15371265229102687,0.583212353221762,-0.40909919089290614,1952.829663231752,0.000205669960672119,278.1104084528136
89.58294838518952,24.760048174143815,25.034861707982262,19.466693477087006,-0.4167444924122761,0.5400564180440562,-0.3932765830004695,1954.245959998117,0.00020971389861198912,278.1862713031032
89.68294838518952,24.760048174143815,25.49198794220493,18.550339673959616,0.0723632697139145,0.492488572694476,-0.28455881817867357,1960.1201274118114,0.00021897080709249478,278.1263069374425
89.73294838518952,24.760048174143815,25.44816719705455,18.73927672316398,-0.06101932894171218,0.49995138230829556,-0.318219234685538,1956.6951455222961,0.00021513612406438127,278.06079270406525
89.78294838518953,24.760048174143815,25.60538532120134,19.390887494654038,0.08475038661849674,0.5094229351944889,-0.35695908436194707,1954.5193655985029,0.00022159209753510844,278.02439916636473
89.83294838518952,24.760048174143815,25.713734526344926,19.61006030650703,0.19858967945277406,0.523524087814717,-0.3558431531210798,1953.6799064677925,0.00021512044172714503,278.0937747110691
89.88294838518952,24.760048174143815,25.509710632551748,19.70535228709007,-0.014367688330339214,0.5216214707942424,-0.3712345060297921,1952.738953424153,0.00021401181423205055,278.0048904575522
89.93294838518952,24.760048174143815,25.489940506582872,19.604142074362766,-0.07366518166635143,0.5108445569315267,-0.3762103921545371,1955.4359521890076,0.00020710961717516183,278.0595202837035
89.98294838518952,24.760048174143815,25.314084437884606,19.735078331018116,-0.3937189520521021,0.5018005534037111,-0.3807511035938978,1957.4779839814948,0.00021481166219159258,278.11331541329
90.03294838518953,24.760048174143815,26.18989237379833,19.134597154896028,0.3110500930756403,0.511393865607073,-0.36651974932500625,1958.5581049924851,0.0002054180605820273,277.84617696939335
90.08294838518952,24.760048174143815,26.255654071342217,19.323655552385226,0.2354605961075961,0.49207804462692506,-0.3711049444905277,1957.1277463128006,0.00020582284666041786,277.94049114336406
90.13294838518952,24.760048174143815,25.939983754944137,19.689078333705293,-0.025610642895053916,0.48593675895550487,-0.39214991811762384,1957.1601958830229,0.0002177997260822961,277.8926229653879
90.18294838518952,24.760048174143815,25.57335505565149,20.297431088330043,-0.1961285241561608,0.49330031410282915,-0.40689286036644834,1955.5736723875139,0.00021924597774970818,277.7484819897133
90.23294838518952,24.760048174143815,25.550247866036365,20.291452350003084,-0.027124106446758726,0.46278918986267104,-0.407320697871413,1956.7876960206029,0.0002194490806912252,277.75773462215847
90.28294838518953,24.760048174143815,25.59878146033867,20.55292128501226,0.13961480330862158,0.45187539626293455,-0.3955040336014199,1957.089010260926,0.00022394805779717182,277.810668817455
90.33294838518952,24.760048174143815,25.308740947936744,20.11701701835998,-0.1299646644197057,0.44973137067836405,-0.3688874935144504,1959.5186827706514,0.00021522722235856856,277.94504428486226
90.38294838518952,24.760048174143815,26.065816643877913,20.60383074401594,0.6302554935020729,0.43860015455453255,-0.32632614271537497,1960.878239694522,0.00021760943259259004,277.91167249267363
90.43294838518952,24.760048174143815,25.78747452389413,20.242746028435885,0.36411861161640724,0.4354025992527256,-0.33033585483112904,1960.100689343669,0.0002129027946833884,277.95390233671327
90.48294838518952,24.760048174143815,25.416940955180657,20.280615982395396,0.015898829988696166,0.4415341799996514,-0.37719046399659556,1955.0816148582605,0.0002040766546817854,277.9070439023099
90.53294838518953,24.760048174143815,25.45041739404217,20.236208818082563,0.1095481885579709,0.4412904109075436,-0.3856526172658079,1952.6367907694564,0.0001969402279666405,277.9278373092905
90.58294838518952,24.760048174143815,25.456740425328928,20.291797673029407,0.20024346643555102,0.41238933387461885,-0.3903037939167369,1950.3325420072451,0.00019858259290061908,277.9303851828499
90.63294838518952,24.760048174143815,25.19893579987151,20.174114197325054,0.030863553194682695,0.4173512135213031,-0.3916985841231424,1950.3066352045996,0.00019876791141631853,277.9287003508844
90.68294838518952,24.760048174143815,25.03172883929414,20.045803177659817,-0.02332328719825907,0.41620158813746533,-0.3923108398355942,1949.9901429486556,0.00018725690544614404,277.94010545721346
90.73294838518952,24.760048174143815,24.870681081668714,20.238207189357784,-0.08784755592470958,0.40533783566564346,-0.39299564272301923,1950.5625408903852,0.00018023159897237156,277.91729815755633
90.78294838518953,24.760048174143815,24.967539641116648,20.37778222019527,0.05058168418151557,0.3979208473415375,-0.3978144078158083,1949.1709843418703,0.00018005254540341556,278.010230449661
90.83294838518952,24.760048174143815,24.920236765751376,20.432215672293317,0.0030236683595449955,0.3756696052185151,-0.4011004959635638,1948.395074664824,0.00019556290553880413,277.9601493596252
90.88294838518952,24.760048174143815,24.788045604632135,20.420477866476766,-0.1655775739576697,0.3323004661612132,-0.4164240804722723,1947.7904344670594,0.00018495062299388792,277.94531884905194
90.93294838518952,24.760048174143815,24.89489045900447,20.798702442731763,-0.05988105651525302,0.3170252884130602,-0.42400238340017554,1948.8368623965523,0.0001867175779614263,277.95185444507285
90.98294838518952,24.760048174143815,25.167592039651115,20.933981418044837,0.31114830133551163,0.32283327018079794,-0.41832084504801614,1947.7348949018392,0.0001890219270997291,277.90046539380813
91.03294838518953,24.760048174143815,24.702280192299877,21.07981713473437,0.05844015777783499,0.3516971526023354,-0.38576120061463076,1942.939412829752,0.00019623322396847346,278.36751778099864
91.08294838518952,24.760048174143815,24.504742543663966,21.266246365212094,0.15699307810005622,0.35596169468979405,-0.3965594802040378,1939.4895450288313,0.0001913677037572677,278.0186252448995
91.13294838518952,24.760048174143815,24.14487520359707,21.335176004178372,-0.04621580644029306,0.38593102667884305,-0.41640564865815466,1935.416155894997,0.0001895310517252914,277.8978766839927
91.18294838518952,24.760048174143815,24.304612750369564,21.488757915812652,0.15283113823615807,0.3825179127005285,-0.4222009923743419,1933.4517145630468,0.0001874698489261332,277.84029651837665
91.23294838518952,24.760048174143815,24.445317916439187,21.44695105210504,0.33146575658000216,0.3498870090025717,-0.42616287576622097,1934.684303380406,0.00019103615016163655,277.6681548589764
91.28294838518953,24.760048174143815,23.982323448285804,20.819642545065577,-0.08896742734142987,0.3487740810194972,-0.41931855840536675,1937.4045723098545,0.000202656982733993,277.4185349775813
91.33294838518952,24.760048174143815,23.693226705188543,20.799512505063205,-0.3632271927708152,0.3552000162213498,-0.41827360832385496,1938.7332334188854,0.0001963315452816865,277.3791498957172
91.38294838518952,24.760048174143815,23.76931977913809,20.937426873617916,-0.3398960094444816,0.3455133486194961,-0.428052567337747,1939.0725491967978,0.00019200334649064027,277.32618303448504
91.43294838518952,24.760048174143815,24.137630297301076,21.266685145121897,-0.15495720482704467,0.37242761477405684,-0.4333803583350908,1938.4800659288169,0.00019579977419663342,277.36115647226546
91.48294838518952,24.760048174143815,24.06601006428311,21.27172828306692,-0.5126531771193295,0.32897000653059927,-0.44390827254512744,1940.828879597482,0.00019145942468069962,277.32183995161455
91.53294838518953,24.760048174143815,24.84942536320266,21.084145737529624,-0.0008243376240778455,0.27745554039721326,-0.43756994368791025,1945.9706086593512,0.00018561165227460422,277.18043585611446
91.58294838518952,24.760048174143815,25.38127310077553,20.68448518851872,0.2894276758436281,0.2404644466188155,-0.43936273656153574,1951.1765327628457,0.0001894474345717489,277.0885625775535
91.63294838518952,24.760048174143815,25.48879880385987,20.48280237865238,0.20693003924050987,0.23315685212356324,-0.4488766174538093,1951.4481488560596,0.00020389364059821146,277.05785417023884
91.68294838518952,24.760048174143815,25.52373458416554,20.271341294410952,0.17523961465598112,0.2231347403519412,-0.43420662777879837,1950.1159693393895,0.0002048457562338986,277.0057990293397
91.73294838518952,24.760048174143815,25.4446208987974,20.0617141817909,0.1082763883658813,0.22428396838065853,-0.4259125586570922,1950.2197568111308,0.0001917776887730349,276.802439457296
91.78294838518953,24.760048174143815,25.317408553604082,19.75942943893015,0.08294388124572943,0.2254159743129218,-0.42822318962787753,1948.8786757705213,0.00018440390751659863,276.73029269501086
91.83294838518952,24.760048174143815,24.889810003600058,20.045150834952175,-0.11621704159732762,0.23241279788155336,-0.43813471406887666,1943.507425613623,0.0001862258669667198,276.81892833841414
91.88294838518952,24.760048174143815,24.43788649454679,20.53165176497423,-0.322346707075192,0.23937702640046435,-0.444599613971839,1937.3068313680237,0.00019505379918839682,276.8661244488844
91.93294838518952,24.760048174143815,24.13573676122094,20.631303674643313,-0.48518719702206325,0.24644578910613849,-0.4459578970626096,1937.5597337030597,0.00019117858665820955,276.8831038206837
91.98294838518952,24.760048174143815,24.69438614025632,19.939187485815847,0.020063740645370212,0.23889611068738387,-0.44830119781700845,1941.5551989142007,0.00018396128151576123,276.85669330157316
92.03294838518953,24.760048174143815,24.86767748902428,19.65659279427318,0.04222802872050817,0.24738096313284272,-0.43726967948133044,1944.5985005189605,0.0001810288934889699,276.74475751403105
92.08294838518952,24.760048174143815,25.01783529425109,19.99064229808794,0.09638610534522761,0.2325501600278276,-0.43955628101542393,1943.4700800016212,0.00018148611802972382,276.77913117162905
92.13294838518952,24.760048174143815,25.264848557842342,19.946811595257216,0.27081055422300054,0.2448646899686077,-0.4384719535277181,1942.0776404702283,0.00017443222009890473,276.7619966586344
92.18294838518952,24.760048174143815,24.82599297655221,19.86651665680541,-0.1527470658016135,0.21753238806416217,-0.41924211725231414,1939.8088316562405,0.00018152476410339882,276.7569989937094
92.23294838518952,24.760048174143815,24.774025398017194,19.628585891708333,-0.12037509602845964,0.20751001322601112,-0.41348137348305336,1935.820781723135,0.0001750224648304704,276.6059231720687
92.28294838518953,24.760048174143815,24.32796437347822,19.3254380748402,-0.5761804762615153,0.2236935340973801,-0.43416548368843205,1935.091372461141,0.0001786301295151232,276.5613804011382
88.08294838518952,24.710048174143814,25.51414071669261,18.70391354495908,-0.32233818257443486,0.6306030290442844,-0.3490782511451641,1939.105318866178,0.0002317396670867032,278.21688559668473
88.13294838518952,24.710048174143814,25.567445807131552,18.706823753894227,-0.17462925823528178,0.6067387125661325,-0.3419132841039386,1937.9778398946626,0.00024055871517833423,278.38373681971456
88.18294838518952,24.710048174143814,26.204477328865423,18.738784278341036,0.5102311766602002,0.6162483238163536,-0.34915595727060256,1939.5142392185678,0.00023324705453411194,278.4903982659101
88.23294838518952,24.710048174143814,25.76523794564362,18.866843539149755,0.1437821337275244,0.6132227985571952,-0.36020426323107435,1939.759055468324,0.00024518869065351357,278.44888714079343
88.28294838518953,24.710048174143814,25.118501843609067,19.623818372967243,-0.5894941191151679,0.6147084098140547,-0.38527884650232014,1941.0399528965106,0.0002386433553045094,278.4866368848467
88.33294838518952,24.710048174143814,25.585120236807246,18.97862713679386,-0.3874021861899402,0.6227061225889687,-0.38897114406240474,1944.703388503767,0.00023598498095592525,278.5524555104709
88.38294838518952,24.710048174143814,26.638471440207926,18.31063995033897,0.25398866024847544,0.6069365848558722,-0.38169802972944816,1949.3964160132145,0.00022098178363626924,278.4267882252911
88.43294838518952,24.710048174143814,26.84362707210626,18.74197920323896,0.10387021465896022,0.6204279292066008,-0.37962789313535816,1949.527758704033,0.00022205580048891086,278.3864647562298
88.48294838518952,24.710048174143814,26.74832608389431,18.92426441608046,-0.06148654280824021,0.6316602598227571,-0.38111362747383326,1949.9756861743992,0.00022240658955444034,278.4919402399487
88.53294838518953,24.710048174143814,26.593836251252913,19.06968454888665,0.039921390420050946,0.6508715332775247,-0.37814995490190456,1951.0908001778953,0.00021919736687369234,278.42607134859634
88.58294838518952,24.710048174143814,26.12936607119555,19.255352171960375,-0.008527243024926984,0.6584201030114414,-0.3780570860219524,1948.45229809531,0.00021826143283794306,278.2945114496514
88.63294838518952,24.710048174143814,25.256161605095766,20.048746520885942,-0.5251654219268802,0.6201706689372661,-0.37378951879997313,1946.458394881844,0.00022215882051489574,278.18316025442385
88.68294838518952,24.710048174143814,25.509549811098605,19.935022082974044,-0.05213066034544328,0.613055142630633,-0.36274910980733677,1947.6428804839452,0.00022499279639918835,278.117565317722
88.73294838518952,24.710048174143814,25.777086813554455,20.14632333369079,0.3104938921073131,0.6239557937566172,-0.3623785795101652,1947.1808304397732,0.00022443789654089607,278.2023562408881
88.78294838518953,24.710048174143814,25.579668843080476,20.074681458723703,0.2095081854031601,0.6002751340841316,-0.3745064202432473,1946.869673927396,0.0002188668836881885,278.2190077721026
88.83294838518952,24.710048174143814,25.18542487675051,20.164668844308228,-0.09403323147764117,0.5931030890981608,-0.3848777926745053,1945.8733728368697,0.00021133337249360263,278.2810168854691
88.88294838518952,24.710048174143814,25.146653681976826,20.559699616678277,-0.15379326541228514,0.599742557428199,-0.3702808748647202,1946.977575157777,0.00020138425414060622,278.3068603643589
88.93294838518952,24.710048174143814,25.340049259757098,20.369055155187354,-0.047868932324374044,0.6017602411580986,-0.35166905190668174,1949.7178971016408,0.0002111041822622944,278.299387922335
88.98294838518952,24.710048174143814,25.596089690303806,20.201296840834548,0.09695132022453991,0.5868765651064981,-0.36502433254222316,1948.5054822471543,0.00021058567127852883,278.19169629415336
89.03294838518953,24.710048174143814,25.539383827160105,20.058346854820087,-0.04142857698041153,0.5988465901640339,-0.36436675321560946,1949.4952035649808,0.00021171612585954428,278.24279005536386
89.08294838518952,24.710048174143814,25.671155259174125,19.901069872810673,0.025466014123343414,0.6044181253078471,-0.3559848916689344,1949.896468676102,0.0002125697651408864,278.2769244406896
89.13294838518952,24.710048174143814,25.70386161544357,19.789574227578978,0.013239671046036365,0.5871273315994189,-0.3637490300955407,1950.418253536941,0.00022688228341764124,278.3022820194331
89.18294838518952,24.710048174143814,25.80692538597213,19.714592750768244,0.07630922317613896,0.5949379250742964,-0.37766113536313706,1952.047370341732,0.00021804240476804528,278.2791604351463
89.23294838518952,24.710048174143814,25.806345254286445,19.70745451398932,0.02738536913110738,0.602077087382288,-0.37744899679854754,1951.8187862351292,0.00021795091633463004,278.2455773359635
89.28294838518953,24.710048174143814,25.837905945541007,19.54941337830683,-0.0013864934595649487,0.5850790998688079,-0.38036451178771385,1949.8664779589722,0.00021803986914003078,278.1659681498017
89.33294838518952,24.710048174143814,25.884729570841486,19.36005214251476,-0.010161193037383408,0.5743965222263956,-0.36989662063759193,1951.6446125294417,0.00022018099808762245,278.1662353999926
89.38294838518952,24.710048174143814,25.972141408505955,18.999112896864048,0.0407056461717385,0.5529087200234495,-0.3486769458924421,1953.6413050981955,0.00021913543669433536,278.00342560141127
89.43294838518952,24.710048174143814,25.87985847604318,18.912690377013675,-0.0489756963037019,0.5585624979196092,-0.3698344747380613,1951.2085718139087,0.00021885332367616706,278.0474480205266
89.48294838518952,24.710048174143814,25.853775370648936,19.078986978213713,0.039915590746041014,0.5910821320298746,-0.38502712131449834,1949.966793132375,0.00021568551612032963,277.99009044078343
89.53294838518953,24.710048174143814,25.629928941953857,19.047317493481838,0.015540991026097102,0.5820631755454887,-0.4037199473038516,1950.6886182719386,0.00020774111694893136,277.9919912782186
89.58294838518952,24.710048174143814,25.286943515810947,19.160651084446965,-0.1661045673427571,0.5489181115985303,-0.4082134611057578,1953.5595664275497,0.0002033522054917492,278.0305866618344
89.63294838518952,24.710048174143814,24.69018505966084,19.62918362164014,-0.6833595469001826,0.47545254976637147,-0.3186721240623558,1958.0886530565467,0.00021546172075803837,278.0939867904793
89.73294838518952,24.710048174143814,25.385700600985327,18.799006765150782,-0.0402053675301171,0.5021468488354518,-0.31299122521038186,1959.5722239599343,0.0002130178983062535,278.0444885494711
89.78294838518953,24.710048174143814,25.190913177626683,19.16703242066196,-0.2935486376019382,0.5006388088607377,-0.38206912235317997,1956.2520210681448,0.00021163844769875372,278.024863461839
89.83294838518952,24.710048174143814,25.452791243139743,19.75415885744332,-0.031248796612694456,0.5232675203331646,-0.3954944124267337,1953.622723264635,0.00020480667181204982,278.00853153054055
89.88294838518952,24.710048174143814,25.54725237610732,19.713333781829625,0.06396297014967217,0.5203746400797303,-0.3906130340511565,1952.906787519369,0.00020971158010641802,277.9993474079435
89.93294838518952,24.710048174143814,25.4235619035357,19.740461338651354,-0.1835609484160489,0.5243673990876878,-0.38460855617565454,1954.984579853351,0.00021791982589431237,278.02342300872573
89.98294838518952,24.710048174143814,25.709703391471677,19.507007550897193,-0.13522173331075132,0.501193144283368,-0.38209688294862487,1956.9439293879266,0.00021825592881244573,277.89977905692
90.03294838518953,24.710048174143814,26.576951173645764,18.728889077491637,0.5461429064513535,0.4743678097477964,-0.37536216833192865,1956.1479520830226,0.0002110711164907665,277.68242396707444
90.08294838518952,24.710048174143814,26.53241505929347,18.64823324178205,0.40451394914261035,0.45520410303953257,-0.37411713339566877,1952.648161592068,0.00021335359631747595,277.8047291954617
90.13294838518952,24.710048174143814,26.07382982783871,19.240740654431107,0.019923933316920335,0.4422316580032174,-0.3760112817793909,1952.7993824032765,0.00022683347109252866,277.85453580171566
90.18294838518952,24.710048174143814,25.616396520696757,20.3151783802474,-0.25269580886431714,0.4950353378915334,-0.39166387758021604,1954.7335993765878,0.00022741942122768565,277.8621200457534
90.23294838518952,24.710048174143814,25.46443338896197,20.14524955986769,-0.2019828200946451,0.4825231780688403,-0.4039951857136989,1957.2113634552638,0.00021678608115121688,277.76131641583873
90.28294838518953,24.710048174143814,25.490361214664922,20.4318666107187,-0.048382472213381586,0.47867443292115863,-0.39656960626651233,1958.1515986834386,0.00021921273641612818,277.6697591859621
90.33294838518952,24.710048174143814,25.432111348856743,20.22115435631696,-0.09126966810901731,0.4599302288807358,-0.3788488120161052,1958.9927300475163,0.00021141810154732066,277.7765405590465
90.38294838518952,24.710048174143814,25.519724641351498,20.406649473892813,0.023636656124430135,0.4713307368251695,-0.34513547328561006,1959.4205984157595,0.00022293858187030332,277.79972333913366
90.43294838518952,24.710048174143814,25.537888321871524,20.08847143171391,0.09913141516568916,0.46424505596089527,-0.33632740800960514,1959.669644205566,0.00021779901219316729,277.8741153872914
90.48294838518952,24.710048174143814,25.371600219821175,19.844466929203406,0.001653255714224831,0.4493237293468288,-0.37144725428739334,1958.0188637984043,0.0002103423096329515,277.88475335883567
90.53294838518953,24.710048174143814,25.191440052641266,20.53115201047291,-0.08653946625669284,0.45458545400329864,-0.3834332331438301,1954.3697639893207,0.00020861459055062113,277.8884570434686
90.58294838518952,24.710048174143814,25.328297108260657,20.396982417285766,0.12874630076996482,0.42999389098138574,-0.38742282664337935,1952.2354169320965,0.00020717963452912062,277.85931859944054
90.63294838518952,24.710048174143814,25.12946820739572,20.252455846244924,0.02469116532412161,0.44881119594149815,-0.3961978292547504,1950.5062236642182,0.00019863905973940444,277.88883709649247
90.68294838518952,24.710048174143814,24.962064685275035,20.011519788973278,-0.07012619767529846,0.4355153448198611,-0.3988995919263538,1948.9478858028344,0.0001923745336109395,277.8899134453409
90.73294838518952,24.710048174143814,24.957585914691986,20.084175608876237,-0.036401151858375794,0.42097942946840095,-0.4016789038342119,1949.7515293260785,0.0001911793521455304,277.8217554366013
90.78294838518953,24.710048174143814,25.032829861829548,20.17763041986233,0.02595023132296421,0.40126714128713453,-0.38468723311113606,1949.6039277381426,0.00018446423736989887,277.7918720699583
90.83294838518952,24.710048174143814,25.08924359323787,20.230582090812586,0.035037680784060596,0.36197635689186264,-0.39013527732900105,1950.5146309815013,0.00018427425617483433,277.74633055579176
90.88294838518952,24.710048174143814,25.07260524261551,20.32261757956789,-0.04033455212483841,0.348036535320383,-0.42579018007252095,1949.7006588591219,0.00018245745957714055,277.7209232711819
90.93294838518952,24.710048174143814,25.175243372142518,20.528431726956462,0.12099268061885726,0.33707830634639757,-0.415010826952164,1950.0599899700157,0.00018398185196782257,277.708695912634
90.98294838518952,24.710048174143814,25.048286634605834,20.919985737446975,0.22977430838457394,0.3623948145062125,-0.3977298067142165,1950.0965001022141,0.0001871699000109869,277.6938404921703
91.03294838518953,24.710048174143814,24.06688958696682,21.010192953337704,-0.43821512854657046,0.41901453023464325,-0.3805304609825184,1944.3088063753316,0.00018482805272129963,277.81394401864316
91.08294838518952,24.710048174143814,23.83595129068226,20.731284548104608,-0.3645160098795795,0.3906588893229912,-0.4009450060449598,1940.009797229956,0.00019538118983964162,277.8032000797627
91.13294838518952,24.710048174143814,23.927258369991918,21.080677850460127,-0.17812287530136836,0.3939733463547486,-0.4279404663496578,1937.893094531158,0.0001921931791675329,277.8603912890101
91.18294838518952,24.710048174143814,24.311993594760356,21.14940463316181,0.22212262953701595,0.37297327361152094,-0.43648696264608833,1938.4577847155222,0.00019023645629504988,277.88007673670614
91.23294838518952,24.710048174143814,24.18177563739698,20.88770071083543,0.11215028827497636,0.3837227048712045,-0.41287255219734265,1939.382816085365,0.0001997058737591162,277.65483949480546
91.28294838518953,24.710048174143814,23.869439937488103,21.019102580956915,-0.20754140099524765,0.3991051841771003,-0.39254209979478744,1941.7897075283754,0.00019843757873453042,277.31299494794683
91.33294838518952,24.710048174143814,24.21033889311117,21.016352279929396,0.058873997276091966,0.35087054066854817,-0.4071112974764697,1946.5167780400725,0.0001961511253122709,277.22357122943896
91.38294838518952,24.710048174143814,24.59440341939062,21.331701212917757,0.25889593638870384,0.33561250994208663,-0.4331697174708212,1948.8920428057718,0.00019051010593248795,277.1748031660214
91.43294838518952,24.710048174143814,24.757269318358617,21.293648051203913,0.2124480491846457,0.32759197455707434,-0.44342484589055653,1949.5039039319306,0.00020007613926986318,277.19013584920447
91.48294838518952,24.710048174143814,24.683694914080164,20.775966677670294,-0.08956804517377798,0.28966278750864793,-0.44511829039634526,1950.4410807122924,0.00020134697785054935,277.14984170553856
91.53294838518953,24.710048174143814,24.835787451995664,20.757445169985473,-0.1720910762307989,0.2746967963042666,-0.43550811529515454,1950.6200692762322,0.00019695541438421562,277.17447744066095
91.58294838518952,24.710048174143814,25.184373263415505,20.775148686015548,-0.02581719864881671,0.2800098969534986,-0.43650181211524985,1950.9594472592707,0.0001997217579843712,277.1647868335485
91.63294838518952,24.710048174143814,25.137679688496664,20.715982987665285,-0.21903541239306892,0.25556451663771607,-0.4453277234595081,1948.9845568184069,0.0002004760522969401,277.1355996779833
91.68294838518952,24.710048174143814,25.254409373344362,20.565737491497607,-0.13254689775458034,0.24176637533871312,-0.4370865513332362,1947.405436011708,0.00019043781938803684,277.15075043855364
91.73294838518952,24.710048174143814,25.38694734888991,20.13590160266174,0.11100810574473936,0.2192400317533653,-0.43623683807857855,1948.677144134902,0.000186297721931936,276.88002038437384
91.78294838518953,24.710048174143814,25.28374231463135,20.048681350645495,0.24247356125441208,0.2416126058814153,-0.43157021774443516,1946.3286483488666,0.00019343912052564584,276.8001421853604
91.83294838518952,24.710048174143814,24.375624020050786,20.71679964081392,-0.3940758616272041,0.2444580508683871,-0.4294040296381558,1938.0968339853282,0.00018733122945346862,276.7853102986831
91.88294838518952,24.710048174143814,24.022252711619544,20.847680888817845,-0.6062729704420591,0.2441534064797039,-0.42492155024673856,1934.796168290403,0.00018060110349947718,276.6694270523337
91.93294838518952,24.710048174143814,24.62224334099729,20.292807510088334,-0.012294023104988163,0.24913595702460797,-0.439305435253419,1939.5581320249344,0.00019236412613930561,276.7061491012044
91.98294838518952,24.710048174143814,24.940888964175436,20.317279958347516,0.17460591773533357,0.23094775174133422,-0.46023365525439125,1940.5114031289509,0.00018546332715663232,276.8178562220736
92.03294838518953,24.710048174143814,24.7772424998621,20.51242630572366,-0.10638974091352524,0.2442408542571486,-0.44917874587021006,1940.1856297114202,0.00018096689986812155,276.8153439265027
92.08294838518952,24.710048174143814,24.83965995690794,20.353159844043056,-0.054755025103978665,0.23567747391472602,-0.45033405712866964,1940.4938870343542,0.00018665984931393438,276.78174465903453
92.13294838518952,24.710048174143814,25.035609573850383,20.462895485156306,0.13406755074920562,0.23133228102378345,-0.44964440878064316,1940.7255743473747,0.00018363118726934022,276.7263482039928
92.18294838518952,24.710048174143814,25.17100747920613,19.897147093193254,0.3444811272252493,0.23718118140939226,-0.42747090770242796,1939.7398482803358,0.00018356838888259987,276.7214310309935
92.23294838518952,24.710048174143814,24.593601656420816,19.62685859561915,-0.18973518064419156,0.23668434634709692,-0.43043507249715335,1935.8236596177962,0.00018134954480523597,276.5623482209832
92.28294838518953,24.710048174143814,24.276702630606106,19.69634193069235,-0.5747858815088029,0.23548709291035608,-0.4308787073271216,1936.0418486218946,0.0001841584581276739,276.4915266604791
88.03294838518953,24.660048174143814,25.46166423105248,18.93767535195449,-0.7635448844909097,0.6239770967042535,-0.3104842768105457,1947.7105285909802,0.00024332161770800439,278.4750542395048
88.08294838518952,24.660048174143814,25.44004238803526,19.252464726294715,-0.6095334458279968,0.6489494121465882,-0.2762217801005249,1950.5462209861487,0.0002497445523921989,278.39268943769275
88.13294838518952,24.660048174143814,25.7645237899656,18.877252788732488,-0.203795315375928,0.6422497681435146,-0.2961698657647332,1950.3849074776683,0.0002395785921274263,278.3540786233752
88.18294838518952,24.660048174143814,26.029558423095,18.859715325267338,0.13752334652575177,0.6308186940407066,-0.33510419254512963,1946.5695735663662,0.00023088727227912732,278.4198395287589
88.23294838518952,24.660048174143814,26.063363821565463,18.88323356742448,0.3322819867318292,0.6419936516817677,-0.3519982139234291,1943.3916835316138,0.00024241106205543842,278.40286126546346
88.28294838518953,24.660048174143814,25.42625072996119,19.808034054604413,-0.3911086408085442,0.619536080716294,-0.3781687775404972,1944.5834417505714,0.00024157025029335904,278.4657389342125
88.33294838518952,24.660048174143814,25.97919262011617,18.928853934591995,-0.23087929828702,0.6269354941257409,-0.3783787791450493,1946.9940643695552,0.00024265333586797198,278.4560217668268
88.38294838518952,24.660048174143814,27.27249606471664,18.342291102078292,0.5753252867471473,0.591519331728215,-0.35990628960406956,1951.73499126423,0.00023141857937397146,278.3497038852077
88.43294838518952,24.660048174143814,27.476926082789568,18.634250494346777,0.39800992728624013,0.5965156934991883,-0.3536355404703654,1952.6680346637124,0.00022146077736370738,278.33685825787484
88.48294838518952,24.660048174143814,27.31186827833629,18.782562755540727,0.20613578194831894,0.6227071590707443,-0.3531205596512548,1951.7821410794204,0.00021448559808327465,278.3441487671663
88.53294838518953,24.660048174143814,26.968355029751212,18.971015530562152,0.228511734305489,0.634166154222614,-0.35668528322597565,1951.260794541297,0.00021740710264647102,278.36237911290453
88.58294838518952,24.660048174143814,26.230990068241482,19.54718209428407,0.04652902129991613,0.6472836743361147,-0.36487385559775515,1947.7415371288373,0.0002181166415720118,278.28073029972336
88.63294838518952,24.660048174143814,25.257952326966095,20.198485790346815,-0.49557290597823817,0.6538498642533143,-0.36802391952134966,1945.4373328331728,0.00022127156778093906,278.15734854820414
88.68294838518952,24.660048174143814,25.260116039447034,20.348614365396674,-0.2994687712180143,0.642326412451654,-0.3731547536235149,1944.5992809246204,0.00022360976264948303,278.3120753647581
88.73294838518952,24.660048174143814,25.461977772601134,20.65057667427019,-0.04713582444373669,0.6385419519948516,-0.36372151239415623,1943.5625359005064,0.0002206395074346575,278.23189581943757
88.78294838518953,24.660048174143814,25.423623549192257,20.46673531882254,-0.03750636465441406,0.6382712407345773,-0.3659749874753257,1945.4298369411665,0.00021683527232264454,278.158979134793
88.83294838518952,24.660048174143814,25.257504868768518,20.186063888483247,-0.22095976591268168,0.6316627243937941,-0.3758919474909013,1947.4030141721798,0.00020775506992541009,278.17407548816107
88.88294838518952,24.660048174143814,25.582341107643924,20.278464776028056,0.0011202227263686884,0.6205063398939293,-0.37152102850396385,1949.4611603000542,0.00020374527372340635,278.3510236292766
88.93294838518952,24.660048174143814,25.814874070206432,19.987454162668556,0.14745737490982294,0.6050111415138428,-0.3581193528588535,1951.3021209645992,0.00020697757665489016,278.40364431834115
88.98294838518952,24.660048174143814,25.696995804377394,20.385016856353154,-0.028215740822664544,0.5805369982453935,-0.3658303042963776,1947.661077976694,0.00021324133637998683,278.2519237115616
89.03294838518953,24.660048174143814,25.65077092857801,20.282112808234874,-0.08418258137636292,0.594698354576379,-0.3687882839165165,1947.461349070275,0.00020245337302326273,278.351035448652
89.08294838518952,24.660048174143814,25.608521542193024,20.02484115160153,-0.1276365100221712,0.6001786324731712,-0.35888081510214354,1948.8036273930863,0.00021123833768110618,278.3260048569203
89.13294838518952,24.660048174143814,25.79418294018927,20.068661785106826,0.05564332725276832,0.6054709704449507,-0.352620764794735,1950.207260787987,0.00022176223619815082,278.2086982145657
89.18294838518952,24.660048174143814,25.844737908449176,19.7884148264471,0.11786645585771414,0.5872882820680277,-0.369371658081542,1952.1302443915156,0.00022740778283857294,278.1662294854756
89.23294838518952,24.660048174143814,25.897053786392522,19.724555732019834,0.1721690041105598,0.5679292316250414,-0.37219009751764937,1952.4943531799006,0.00022190866228625293,278.12490882022837
89.28294838518953,24.660048174143814,25.867489113583154,19.53471491576504,0.08328664583963036,0.5815777142131835,-0.3636319026764204,1951.4594484450322,0.00021845258278036534,278.08755607230995
89.33294838518952,24.660048174143814,25.9915497725383,19.24171844617607,0.10920323204838245,0.5818158662471368,-0.35122607182751714,1952.3980301978602,0.00021169999527403458,278.1523676861356
89.38294838518952,24.660048174143814,26.170595754061477,19.196151317248535,0.2230994984457488,0.5622538673327132,-0.32843890103989326,1953.908036931057,0.00021160309752996277,277.99481151219635
89.43294838518952,24.660048174143814,26.560991265134327,19.304582969900217,0.6179265923516326,0.5556156301595737,-0.34255270043334485,1952.7190811069381,0.00022600174987483796,277.93875803923004
89.48294838518952,24.660048174143814,25.99791250901365,18.892860864817866,0.1623730685843095,0.5580773538328548,-0.38373683743979775,1950.9756484559641,0.0002215121317698721,277.97393427281895
89.53294838518953,24.660048174143814,25.698362140978812,18.953752342552587,0.0679928229610098,0.5582923782192161,-0.40293214763191915,1951.0040345124303,0.00021503079155309486,278.06556797931796
89.58294838518952,24.660048174143814,25.657317678838453,19.10053886795136,0.1983242954197752,0.5531328797255838,-0.4199749701224729,1953.5493154164421,0.000196872759244345,278.10610899420647
89.63294838518952,24.660048174143814,25.023712197319657,19.60842604466423,-0.3577062038543665,0.5208546883788441,-0.3664130425401266,1957.780031737299,0.00021416291136912245,278.07253809205855
89.73294838518952,24.660048174143814,25.5968544626016,18.996029090337643,0.22859150775123402,0.47367579340742794,-0.32409231365084307,1961.3875713056816,0.0002067378754018032,277.97890418876244
89.78294838518953,24.660048174143814,25.528046464426502,18.53767075901354,0.07386700062567998,0.5003454830537565,-0.3591406169950872,1958.8062170329795,0.00021491343600222963,278.0752296780978
89.83294838518952,24.660048174143814,25.318501950874396,19.56342326762939,-0.15852516985662385,0.504617629521607,-0.4003193473998239,1954.3129091374094,0.00021132565438691044,277.93242619644366
89.88294838518952,24.660048174143814,25.673592460861798,19.494503692574074,0.18287694771365168,0.5227909990246198,-0.40839196638722003,1953.1464136162617,0.00021771448638751906,277.9576038841412
89.93294838518952,24.660048174143814,25.61477960904432,19.730003333870158,-0.009784850971716543,0.5332676968712357,-0.40092209470364887,1954.0409517777011,0.0002258088718016412,277.91594378105015
89.98294838518952,24.660048174143814,25.686847009245064,19.873936897416847,-0.1560301018195969,0.5093951695765865,-0.39477053242931176,1955.8576528012568,0.00022089965738464123,277.8308776267885
90.03294838518953,24.660048174143814,26.239003460318433,19.164830895412997,0.23567144296853768,0.48117830417055696,-0.38817639403227217,1954.362734069405,0.00021135614804883637,277.6340855178371
90.08294838518952,24.660048174143814,26.43714839880155,18.768741779695276,0.3275227657692163,0.43341762225347996,-0.3828996606182388,1952.656503400794,0.00021167722107987347,277.69438111467736
90.13294838518952,24.660048174143814,26.66090382529732,18.801820926272587,0.5691341271502778,0.4393874365483782,-0.391348164845759,1953.3581306790038,0.00021777556399875942,277.87962213149996
90.18294838518952,24.660048174143814,25.70836233743107,20.16585263803792,-0.28486887149240364,0.4861060343777543,-0.3974737156976777,1955.863112256641,0.0002220943598351487,277.75591407363896
90.23294838518952,24.660048174143814,25.64517533039125,20.275070122858736,-0.14827481993733507,0.49210085918444874,-0.3903309975932513,1957.9590886627343,0.00021768464394427317,277.6667524519131
90.28294838518953,24.660048174143814,25.618846963667497,20.126437344339177,0.013109660017610795,0.47877624535024593,-0.39911453056528884,1958.1172994572692,0.00021565727292512717,277.67056539736234
90.33294838518952,24.660048174143814,25.463684935055895,20.19432921602046,-0.09964829883039246,0.46879860946262797,-0.38971277084006084,1956.7386056052883,0.00021847790265264159,277.7254172527828
90.38294838518952,24.660048174143814,25.395356648391413,20.730541514968667,-0.10763446311751175,0.4581382765361745,-0.3744040819345368,1956.6950901232653,0.00022128732030276678,277.7320164764365
90.43294838518952,24.660048174143814,25.131981797111834,20.341581272895752,-0.2466193253666233,0.46675048842978145,-0.3606086104505864,1958.1677403140366,0.00021730820569483786,277.73540097798525
90.48294838518952,24.660048174143814,25.306055173712124,19.838095976768535,0.012968459606687063,0.454666074819235,-0.36834040931620976,1959.947795319473,0.00021165598594876118,277.78921434031315
90.53294838518953,24.660048174143814,25.07163839169748,20.23063366851708,-0.14386941871526474,0.45545055648299254,-0.3827157715044024,1957.2170981532215,0.00021610139628341053,277.71356501419217
90.58294838518952,24.660048174143814,25.16379478135398,20.250683167446613,0.005333477918778996,0.4464073847583218,-0.3843260837247594,1954.3148835498077,0.00020978980912322433,277.67510154736686
90.63294838518952,24.660048174143814,25.03700341402275,20.27439399314684,-0.0605261221452942,0.44490645712622345,-0.3910730946403874,1952.2581450802516,0.00019827247167619757,277.83708267564356
90.68294838518952,24.660048174143814,24.957217311445195,19.987534304556938,-0.10443341510869661,0.4240603112163541,-0.38737923283111053,1951.3175644160985,0.00019524330838386936,277.899196030066
90.73294838518952,24.660048174143814,25.103329637812806,19.9741697158968,0.026350306772102133,0.41972568465444987,-0.39768205582849314,1951.186502970694,0.00018579465159490298,277.8060427703152
90.78294838518953,24.660048174143814,25.134798348504475,20.035342238218675,-0.013405952975509242,0.3925359441240073,-0.39633068119839887,1952.2607493815206,0.0001868117730568528,277.70941578835146
90.83294838518952,24.660048174143814,25.413854833792065,19.99222487706542,0.19797823232405787,0.3650502008653793,-0.39970910447665364,1952.6898303437213,0.00019562560598410857,277.67564263720527
90.88294838518952,24.660048174143814,25.320200534023584,20.1891511576725,0.07624114147672575,0.3451603324389873,-0.4391357612181968,1950.8529806347376,0.00018777554251805993,277.67074673159186
90.93294838518952,24.660048174143814,25.040110244133658,20.38596476201612,-0.05742606265853801,0.36472445173607443,-0.43713394634102093,1950.6018460474363,0.0001941119732805633,277.7260304951444
90.98294838518952,24.660048174143814,24.668239735218762,20.78682467211621,-0.12322884595708983,0.39338494010393665,-0.4126205830171137,1948.1418318396557,0.0001893258887887926,277.6495586491879
91.03294838518953,24.660048174143814,24.147328950883445,21.07943838415881,-0.28274544888432146,0.414038984403542,-0.3922534564981564,1944.2973724507121,0.00019882541128310165,277.6808478514564
91.08294838518952,24.660048174143814,23.86425481654786,20.968985996566243,-0.3013958313888046,0.38675372236764133,-0.3988447775798743,1942.4373532158522,0.00018993875709633098,277.88348364726966
91.13294838518952,24.660048174143814,23.977549683605083,21.09465643631263,-0.10077471254051115,0.36731905417905203,-0.4246666785609636,1940.4470386110447,0.00019855100374926302,277.97351101106176
91.18294838518952,24.660048174143814,24.23862619639951,21.110346029358443,0.18893297242170295,0.4000954034734217,-0.4202528862024607,1939.0099952478836,0.0001949762818729624,277.84534253259125
91.23294838518952,24.660048174143814,23.91945327426018,20.90147361107915,-0.20329128305422753,0.43882709385007357,-0.39037464822009854,1940.1502967538554,0.00019082195224636892,277.54334099051977
91.28294838518953,24.660048174143814,24.088360982843213,20.917686908095646,-0.15533575716418213,0.37600205906374445,-0.39631255214853917,1946.3645732059495,0.00019152043562454396,277.1635095681671
91.33294838518952,24.660048174143814,24.57021068933944,20.889127514603373,0.15132590985438432,0.31259468615039493,-0.41600704939510535,1950.1467889716525,0.00019460601555082137,277.0769995571775
91.38294838518952,24.660048174143814,24.89753098452821,21.15315157196669,0.2821214234007234,0.29762198544313967,-0.43608713061020726,1950.5442472591355,0.00019154337277353827,276.9919595651655
91.43294838518952,24.660048174143814,24.951956345954386,21.015849491125675,0.23921662334450589,0.2950223157616152,-0.4349274355057158,1949.3600486411492,0.00019051743649432993,277.0444409698248
91.48294838518952,24.660048174143814,24.8438086332488,20.71728392314386,-0.07484000317866635,0.2705546863817113,-0.42675561478799084,1948.9805550004805,0.00019805355607898961,277.12494849210486
91.53294838518953,24.660048174143814,25.20839616112917,20.412884810432544,0.04111895411792941,0.2737697817085715,-0.41136001707033226,1951.773665898126,0.00020425226051832914,277.1441116036569
91.58294838518952,24.660048174143814,25.51810393548391,20.15914309793308,0.13279837389119353,0.2794541479572175,-0.40026651527485435,1953.5513088213604,0.00020270738151470326,277.049355915434
91.63294838518952,24.660048174143814,25.425056575049915,20.527722266700152,-0.0958317834366302,0.2618016790474171,-0.40252642194105237,1953.2904670020778,0.00020557952464318076,277.0241423278239
91.68294838518952,24.660048174143814,25.189923964378725,21.116552748587186,-0.310165500343607,0.22454308331901068,-0.42407777104636807,1949.959522242483,0.00019624423322148717,276.99184036014435
91.73294838518952,24.660048174143814,25.382064368727328,20.498714371580842,0.09966153006719114,0.22742178309794062,-0.4433153337745621,1947.0592263146566,0.00018895637027213332,276.94069298776293
91.78294838518953,24.660048174143814,25.262078455240758,20.646800014700016,0.3196696276565168,0.2418000160479929,-0.4419025527420145,1944.7068570243641,0.0001863316735932975,276.812366543516
91.83294838518952,24.660048174143814,24.789907886177556,20.95214720996108,0.07796081515821704,0.23403528701428253,-0.42947809891329086,1939.6766454423155,0.0001843123838114616,276.6688254863389
91.88294838518952,24.660048174143814,24.72451582087915,20.61906991236193,0.010410792123585954,0.2466221426543349,-0.42104715746157606,1940.0628506819191,0.00019072352004238202,276.6325541733501
91.93294838518952,24.660048174143814,25.007866590275764,20.115697767251557,0.1987391367460048,0.22990796237908454,-0.4372748065705249,1939.8708279757145,0.00019471659381039774,276.65119674759495
91.98294838518952,24.660048174143814,24.81067358060617,20.07717188503513,-0.04114606592572691,0.222188845022646,-0.47061556171855395,1934.5719136791708,0.00019443349739688666,276.69026559347895
92.03294838518953,24.660048174143814,24.426706685448003,21.087666479146737,-0.37873266769155917,0.18051173591577802,-0.476226007708498,1929.4934083800053,0.00019101792085963036,276.76402608184384
92.13294838518952,24.660048174143814,24.76509396060566,20.564196562233924,-0.10546950520224033,0.2112668993278224,-0.46235058749778035,1936.0571943812363,0.0001816477234795115,276.6588563640907
92.18294838518952,24.660048174143814,25.20849808164864,19.792572284063617,0.41282495760190485,0.24884093915651032,-0.43262693391867646,1937.0820458044564,0.00018187909823255837,276.57073381276376
92.23294838518952,24.660048174143814,24.241170768579963,19.99951702659059,-0.603478166324832,0.24686341846926627,-0.4565313915618467,1934.5174060442812,0.00018231606601736382,276.45403893128463
88.08294838518952,24.610048174143817,26.510945218421693,18.990000947383063,-0.001302111707566775,0.6197281021043762,-0.20230806372303678,1960.31013670888,0.000247541051383385,278.4219761334077
88.13294838518952,24.610048174143817,26.650183562150325,18.48746169664718,0.38155878786374675,0.6361930835180677,-0.19520463809975971,1963.2195005577162,0.00024737487361378425,278.4463349951526
88.18294838518952,24.610048174143817,25.589565242177695,18.818275598648647,-0.4320863953201443,0.6419241575027186,-0.28455079522974136,1958.2786620703546,0.00025208504840565745,278.4192701787805
88.23294838518952,24.610048174143817,25.67490652167762,19.614536455040344,-0.184126919775362,0.6388830203616238,-0.3298362638083017,1948.553304449145,0.0002657241665416405,278.3434924940772
88.28294838518953,24.610048174143817,25.909303267216192,20.11076822801721,-0.07831942930313036,0.6246017102022801,-0.34397194507860124,1947.6747384177534,0.0002637190240465958,278.38235953354757
88.33294838518952,24.610048174143817,26.468769792807368,18.81731992050481,-0.015165224312335558,0.6123724317596739,-0.356825580781161,1948.6548965011264,0.00024941793027692606,278.37642514248785
88.38294838518952,24.610048174143817,27.369490811784488,18.434574471308093,0.35418165101866844,0.5890786593635784,-0.35262226339173924,1952.342892918677,0.0002255694008368337,278.293964369022
88.43294838518952,24.610048174143817,27.736379208834244,18.446803793147943,0.38490731481202406,0.5876134934938902,-0.34966543482326967,1954.4286355322574,0.00022689287325261597,278.25434309124347
88.48294838518952,24.610048174143817,27.857467435601524,18.676516920963707,0.5758319613770586,0.6164724992427887,-0.34031376039222616,1952.6035684026829,0.00022953888123394286,278.1721120642356
88.53294838518953,24.610048174143817,26.72650149978495,18.95979747420704,-0.07159608417194235,0.633852643567722,-0.3464653747061241,1949.7995829080498,0.00022870517391988628,278.32409019950967
88.58294838518952,24.610048174143817,25.643349062483416,19.51063726941084,-0.5979874943232699,0.6276689096115526,-0.3523551126960754,1947.6945044653926,0.00021825936801900259,278.3200490403363
88.63294838518952,24.610048174143817,25.41631860625825,20.151443357703872,-0.4128396463031911,0.6401167664709266,-0.35498553614059936,1945.905512859887,0.0002172496442385913,278.16954624116164
88.68294838518952,24.610048174143817,25.61770503370864,20.314854637578417,-0.09535900123929925,0.6196451145670857,-0.3605111409358706,1945.779699041738,0.00022184522253486573,278.08961123155257
88.73294838518952,24.610048174143817,25.59000896942031,20.461654334098696,-0.15778602220144744,0.62773769088065,-0.360605410096874,1944.90836285436,0.00021444749674538898,278.1788474880274
88.78294838518953,24.610048174143817,25.661393832652823,20.658781942046144,-0.11948264019171635,0.6316821696514556,-0.34948918399549805,1946.6635116471077,0.0002224180849380636,278.2811918119423
88.83294838518952,24.610048174143817,25.65536682456176,20.514443116752027,-0.178543457865226,0.6220039315854953,-0.3603711279985051,1948.8650710014945,0.00022396009408050794,278.3226595653126
88.88294838518952,24.610048174143817,25.94402851180278,20.12310786976102,0.0404198776767536,0.6027780508332964,-0.36223563088668526,1948.835083127303,0.0002104129092296326,278.23349365698556
88.93294838518952,24.610048174143817,25.880728430822057,19.906933141356742,-0.030230490235451733,0.5936147560239124,-0.36008981531239304,1948.9989868249102,0.0002106519144237112,278.3311934277622
88.98294838518952,24.610048174143817,25.965984366692606,20.108264111081212,0.1456496005408771,0.5902874652675967,-0.3568098910987614,1946.272332499101,0.00021727109782836886,278.22024836213444
89.03294838518953,24.610048174143817,25.865376897571412,20.56120370718595,0.10994844371359533,0.6037788431967275,-0.3591610016262192,1945.7757966762454,0.00020663469897839716,278.2894529674368
89.08294838518952,24.610048174143817,25.713073532146364,20.61864088385682,0.003390571718010613,0.5900714329845579,-0.3636207769322967,1946.0815258160128,0.00020960025662441142,278.21447832919097
89.13294838518952,24.610048174143817,25.50146685979107,20.276593842892375,-0.17308584099194496,0.5724842311391265,-0.36734012216543005,1948.5963544426418,0.00021072003459920261,278.2873393628811
89.18294838518952,24.610048174143817,25.405496947202174,19.92715289816609,-0.2352783635224725,0.5682890751323566,-0.37537360788004476,1951.2763825266038,0.00021167765527581363,278.12748996365525
89.23294838518952,24.610048174143817,25.536799033508352,19.742822690241645,-0.1023654810989198,0.5386416883946306,-0.371696268041185,1951.8064687638882,0.00021278390420482554,278.0189797078376
89.28294838518953,24.610048174143817,25.730580675485616,19.674212810078778,0.021838764345178646,0.5520827782549519,-0.3543739486239268,1951.4570389800951,0.00020897027162421571,278.04493489807055
89.33294838518952,24.610048174143817,25.855930866417612,19.47712669511826,0.011755904824999426,0.5645198049691761,-0.3568973345239963,1950.7388427157396,0.00020947133686757442,278.0618323659429
89.38294838518952,24.610048174143817,25.921365494474045,19.40654967013177,-0.024851741298721235,0.5623133838014813,-0.3515583910260603,1951.3667862782302,0.00021361432926663497,278.0274179031598
89.43294838518952,24.610048174143817,26.04900433593352,19.51699430539966,0.13229274376110314,0.568761504925857,-0.35168893766000947,1951.3290351991877,0.00022255018632310567,277.94306744914076
89.48294838518952,24.610048174143817,25.817631118703982,19.236432350322644,0.008563511048104499,0.5692777366732361,-0.37897318562520277,1949.584187643415,0.00022022843014584117,278.04139817138315
89.53294838518953,24.610048174143817,25.516706896595057,19.267113746405677,-0.10392496550312161,0.5657312220333115,-0.3919691632951746,1950.4680210754063,0.0002147033071272952,278.00396648734295
89.58294838518952,24.610048174143817,25.629866088008228,19.045299964226245,0.17024040700042173,0.5394593911894954,-0.40792264452300797,1954.2567838229015,0.00020875738934272286,278.0091775472898
89.63294838518952,24.610048174143817,25.142526620133747,19.037701131584956,-0.2549437066703256,0.4696526199063492,-0.36707336225225357,1960.2167442173554,0.00021847084971532692,278.0030223006246
89.73294838518952,24.610048174143817,25.583870576181273,18.867910790768146,0.18608686151130155,0.4571437398577185,-0.3321507710553218,1960.011862498337,0.00022223464476087406,278.04128008842406
89.78294838518953,24.610048174143817,25.56962426308379,18.966947034340087,0.0735223293381375,0.49318086375532755,-0.3567481595780472,1957.6597255151855,0.00021902037509841758,278.07702782144077
89.83294838518952,24.610048174143817,25.204714730361367,19.639724208764417,-0.34710817293116264,0.49840648055900816,-0.39964287557038336,1954.740109222192,0.00021238822673703113,277.93752456883976
89.88294838518952,24.610048174143817,25.481021491067445,19.705214119317308,-0.0516272225280742,0.5174815469917486,-0.4208446088750958,1951.5400926283887,0.00020731967409404927,277.9251357890933
89.93294838518952,24.610048174143817,25.352113987637964,19.730102414970236,-0.2504365569828659,0.537299438346289,-0.42455570929299064,1950.9128862004998,0.00021378179182441354,277.8564577541929
89.98294838518952,24.610048174143817,25.336786799317863,19.80515236994193,-0.4147750704464977,0.5075351983129863,-0.41177431096386835,1953.469366681838,0.00022051577126638513,277.82663772850873
90.03294838518953,24.610048174143817,25.785750277708363,19.62993138741271,-0.13894181210120313,0.49521609030479613,-0.39037669921196555,1953.7667764588525,0.00021263014456698683,277.6425936418095
90.08294838518952,24.610048174143817,26.35507173792277,18.901021669193412,0.2887360973608996,0.45348053987779013,-0.3672510807855225,1954.3773017184615,0.0002142685319569853,277.5865750204002
90.13294838518952,24.610048174143817,26.854093524557552,18.668022046138713,0.7258812543020665,0.4442074714801877,-0.374546598890153,1954.0594440346265,0.00022816050378779993,277.74466185733417
90.18294838518952,24.610048174143817,26.079860066224363,19.66277051539072,0.011356622081688748,0.4725533749592576,-0.3942861354011167,1955.4627501158907,0.00022791756787122902,277.6860304885476
90.23294838518952,24.610048174143817,25.692468766956083,19.886321396684778,-0.20853193893822872,0.4636975707533616,-0.401889342954671,1957.5034020611604,0.0002225097839881308,277.5370877083835
90.28294838518953,24.610048174143817,25.792226521613163,20.05412940934417,0.09678750841494402,0.4536050722931392,-0.4167464450985259,1957.8845775518434,0.0002182045376640367,277.47266326964257
90.33294838518952,24.610048174143817,25.61130550566059,20.573774169421455,0.02721964596235759,0.4685804541649747,-0.40019076598274633,1956.708982310636,0.0002183316826681119,277.5381423164574
90.38294838518952,24.610048174143817,25.581872138474363,20.852897571631814,0.08030063185575026,0.45633875331825546,-0.38857518209404274,1956.882634241253,0.00022361536561035322,277.6825862845727
90.43294838518952,24.610048174143817,25.274927101753814,20.595117070134936,-0.11051267603802062,0.4689597362002188,-0.3747178738183253,1958.1849604451418,0.0002219094937207419,277.69042908934756
90.48294838518952,24.610048174143817,25.236547823304956,20.064323187254814,-0.05627698884878744,0.4616174557438683,-0.36379031248224925,1961.1419863315753,0.00021817377612767902,277.6890987816482
90.53294838518953,24.610048174143817,25.285805845563193,19.94496202947274,0.06363644092252112,0.45154522008999326,-0.36597872242171475,1960.5476762056308,0.00021811488669383383,277.64634866329726
90.58294838518952,24.610048174143817,25.208671722027407,20.268621188263076,0.03380785188436858,0.44450342459888864,-0.3831561980934296,1956.7938768446995,0.0002075648146142835,277.6938018744333
90.63294838518952,24.610048174143817,25.213417272345428,20.16354119868155,0.07782761699987209,0.4345736697891493,-0.38962278352807356,1953.8618605501058,0.00020696134015019303,277.7990161794387
90.68294838518952,24.610048174143817,24.980722811369567,20.035744973306045,-0.15794045575134208,0.42454898995143864,-0.3829415173319766,1954.0254034148363,0.0001938042993169402,277.86488989664275
90.73294838518952,24.610048174143817,25.14085574560268,20.001409111389115,-0.056721765579253965,0.41697583198177357,-0.4012071452008763,1952.8156307212748,0.0001992055139339582,277.7767663477997
90.78294838518953,24.610048174143817,25.23661840805399,19.99965928486396,-0.05003690548124214,0.3934384790713891,-0.418715576381172,1952.8461487931604,0.00019391425489759546,277.76002492197057
90.83294838518952,24.610048174143817,25.475839684708614,20.041543480243185,0.13351723011466127,0.3784315178413147,-0.42651286105962,1952.5586651482056,0.0001904615105800301,277.64469992567484
90.88294838518952,24.610048174143817,25.523545994968035,20.079043509555774,0.20789222140971458,0.34304277138496836,-0.4478118514444726,1951.3889086309011,0.00017710043806004827,277.64280897906724
90.93294838518952,24.610048174143817,25.542949026140743,20.46470366174899,0.4200089256327159,0.3352367421538298,-0.44853252313798114,1951.2631846232437,0.0001820548386234997,277.72888962018936
90.98294838518952,24.610048174143817,24.99680098429269,20.68074533697031,0.1723759236513832,0.3772107092153537,-0.41624794225376394,1948.6260441389961,0.00018037137666309077,277.65524728093044
91.03294838518953,24.610048174143817,24.445013427797086,20.945313936397625,-0.042586225494299704,0.4025237188297565,-0.38799426184272845,1944.575294539332,0.00019478366927285471,277.6166430722419
91.08294838518952,24.610048174143817,23.77513448374971,20.86617967116697,-0.475002269975228,0.37994367686883773,-0.3849054224170821,1942.349051031662,0.00019868093504444884,277.7927982585002
91.13294838518952,24.610048174143817,23.94246331893406,21.033680115218473,-0.15786104419587946,0.36306229924443983,-0.4054590462200146,1940.9224009527582,0.00020008210774152482,277.7653370899904
91.18294838518952,24.610048174143817,24.295507111381745,21.23228003853928,0.2069344991446514,0.4332259277367771,-0.4064224903969631,1941.413578259262,0.00020591837508608372,277.67507554936685
91.23294838518952,24.610048174143817,24.108743241349885,20.901254349130028,-0.12069454031212491,0.42568685441580734,-0.3958002277819963,1944.4413235638194,0.0001925978822829823,277.45946571832576
91.28294838518953,24.610048174143817,24.493930573254183,20.97358811127716,0.03907231642927035,0.33934362232003434,-0.4322888305406992,1947.984895408131,0.00019224108244081083,277.1978864380562
91.33294838518952,24.610048174143817,24.267978525859007,21.094033942414534,-0.40456474151217026,0.31383596141334424,-0.466861103932898,1945.2913871816643,0.0001950454245423861,277.17133147911676
91.38294838518952,24.610048174143817,24.552062909191317,21.41556721081405,-0.23402318622205984,0.33741167039314296,-0.4694170485471315,1941.9409968633927,0.00019829761256510303,277.16129603181645
91.43294838518952,24.610048174143817,24.662680894736944,21.333100788658356,-0.26055469097636513,0.3067376437317553,-0.4560949813809715,1942.1273410730087,0.00019121781341027935,277.1183638340186
91.48294838518952,24.610048174143817,24.9934639112348,21.038707824574267,-0.19933067521298706,0.2756508867229269,-0.42858460186957753,1944.8008720720518,0.00020175915541428236,277.05443764206564
91.53294838518953,24.610048174143817,25.659906664401344,20.875294960913276,0.17077017565137165,0.26602152331182627,-0.39098484976238623,1951.055875324894,0.00021586385860134107,276.93717374378724
91.58294838518952,24.610048174143817,26.06121954315481,19.76728140119713,0.34712170678390963,0.27167876141291136,-0.37659768672465166,1955.9071046409224,0.00020593380073070429,276.8247001442232
91.63294838518952,24.610048174143817,25.947248718382408,19.803841845413352,0.18164178083910368,0.2626518074742612,-0.3867243051053268,1956.0241570619949,0.00019241210419971438,276.8174126095755
91.68294838518952,24.610048174143817,25.56202956149395,20.33255243946963,-0.11686842272344707,0.2459777037743588,-0.4143482121361034,1951.2652492109257,0.00019305038053818725,276.8670858567848
91.73294838518952,24.610048174143817,24.93858316318922,20.927293780719005,-0.4845648022272978,0.2564199600575303,-0.4404465390381401,1944.8734712010823,0.00020046907326087365,276.86399118258777
91.78294838518953,24.610048174143817,24.528358559664976,20.901852774533857,-0.6216154587269992,0.2783240165632871,-0.4672269532508496,1938.2983070173327,0.00020345408015281813,276.75653510836617
91.83294838518952,24.610048174143817,24.61301727937345,20.742671355847534,-0.3956673467043178,0.2494348146415288,-0.4577386711014715,1938.9972977194122,0.00019166029113783424,276.6345049275043
91.88294838518952,24.610048174143817,25.052641715088715,20.252433303341327,0.0453392808439896,0.23486092396952543,-0.4288827555598957,1941.9189526653818,0.00019273572070641336,276.59832954048255
91.93294838518952,24.610048174143817,24.964888541840494,19.542138716162036,-0.056127869199134886,0.22511058692190067,-0.43968594868533417,1938.6372248335235,0.00020085284470284492,276.4864703128816
91.98294838518952,24.610048174143817,24.740386443135787,19.93158449518819,-0.24002949734169576,0.2212047763830352,-0.4515197853645147,1933.847636534107,0.00019370161188549305,276.46203133435915
92.03294838518953,24.610048174143817,24.594764256379232,21.041270845592564,-0.3402342219401557,0.20179994680076116,-0.45866944381837355,1931.0686649930426,0.0001752809096521619,276.5972413917526
92.08294838518952,24.610048174143817,24.435936082139428,20.692556406472484,-0.6251667360480478,0.22645896099122587,-0.4535497669688023,1933.4987590386609,0.00017483740730920685,276.6708591099052
92.13294838518952,24.610048174143817,25.026781718458054,20.273117598446262,0.018608517159794728,0.24117814463679144,-0.449652803287209,1937.9024130776895,0.00018149362658467904,276.58158667068716
92.18294838518952,24.610048174143817,25.376426461871517,19.662184719702836,0.5009185859156258,0.24097026692329424,-0.4394603892296271,1936.593220059359,0.00018507171984316433,276.40620698875944
92.23294838518952,24.610048174143817,24.187979548996157,19.867901372709404,-0.739039971583873,0.22112950715618868,-0.46071402480944496,1933.5198219531003,0.0001798598065867359,276.371377262919
88.13294838518952,24.560048174143816,26.93138024769757,19.20572337424004,0.6202410227097692,0.6252061725598917,-0.19324049593289375,1963.9003906237806,0.00024225620294161663,278.29601968439147
88.18294838518952,24.560048174143816,25.879534196863496,18.878352037591355,-0.20111564957759412,0.6200451700043073,-0.24668306351124922,1960.5627681692672,0.00024304276156262566,278.29071493254594
88.23294838518952,24.560048174143816,25.673637462372458,19.277007166426404,-0.26329836726972194,0.6282221882673835,-0.31503474843688245,1954.1143728330164,0.0002526518131909873,278.28768954842525
88.28294838518953,24.560048174143816,25.9940729510352,19.406706531686435,-0.14642253611572942,0.6338380598274145,-0.32652651044865055,1953.3951766222979,0.0002456032375808509,278.3260642927161
88.33294838518952,24.560048174143816,26.122232844584204,18.951630601592132,-0.5102035520075537,0.6209698443446781,-0.34600446043776895,1952.3293179517611,0.0002435963247157277,278.28429476970734
88.38294838518952,24.560048174143816,27.602781158190236,18.538245395549414,0.44430609174358493,0.5950360505473284,-0.34669494670003803,1954.1251150134042,0.00022861325166940156,278.2269353841749
88.43294838518952,24.560048174143816,27.929353241248737,18.56157976250435,0.49748436896810255,0.5873709376311153,-0.3483573912682119,1954.2668353387712,0.00024021284456019935,278.2676063554795
88.48294838518952,24.560048174143816,27.836124491004465,18.842178184160897,0.553434250294749,0.595446011230179,-0.3447889384045799,1952.7064922331924,0.00022999607416445626,278.15841043476104
88.53294838518953,24.560048174143816,26.811791875742202,18.990242212179616,0.021678530063884278,0.5923189340336914,-0.34285140917247836,1951.1185499182548,0.00023322859234594122,278.1911646115845
88.58294838518952,24.560048174143816,25.98514700556882,19.763058961659954,-0.36879649461785025,0.5998725006174883,-0.3260253614010453,1949.86745756204,0.00023123332003765224,278.17196343861656
88.63294838518952,24.560048174143816,26.149706158133075,20.04407183565766,-0.039354421009727844,0.6163583656645246,-0.3371645900701953,1948.4828979935965,0.00023176622459715365,278.0957268216063
88.68294838518952,24.560048174143816,26.39806535339599,20.01545322040089,0.19247952518847458,0.6187579381568251,-0.3345386267505257,1949.8149273453175,0.00021997209836761044,277.9294335898756
88.73294838518952,24.560048174143816,26.11953988127203,19.826235349503687,-0.05644694767963718,0.6214437836824798,-0.33619328612451393,1949.4609638222096,0.00022440081214372047,278.0673926650113
88.78294838518953,24.560048174143816,26.347132860312207,19.991171790240795,0.2360697846493684,0.6261093869967045,-0.33031294657119287,1949.8747902306043,0.00022664005368027907,278.06378715666295
88.83294838518952,24.560048174143816,26.538683263277054,20.340403918386833,0.474944137553364,0.6222933415635759,-0.3352251880318024,1949.6001320814983,0.00022398101936784763,278.07882003017517
88.88294838518952,24.560048174143816,26.111527918337632,20.169198838701952,0.04568472764034907,0.6097765209518855,-0.3386339745369555,1947.1171448656169,0.00021644326302534041,278.10960761103996
88.93294838518952,24.560048174143816,25.891227021315125,20.118058375568545,-0.0887029791583745,0.6232645283910355,-0.35343532541790745,1946.339987762675,0.00021417683265149303,278.2008201705293
88.98294838518952,24.560048174143816,25.730418279268527,20.2639875690111,-0.12411847308724165,0.6056332923320382,-0.3570085538123968,1943.210790708652,0.00022181870164096206,278.13106754319216
89.03294838518953,24.560048174143816,25.68953795142118,20.527489873321386,-0.05685151188259075,0.5953776686184543,-0.36864247831738983,1943.1774616396888,0.0002162995051773898,278.1733581333367
89.08294838518952,24.560048174143816,25.83177371931249,20.49039603835524,0.1937277820282084,0.568272104589378,-0.37076781132247516,1945.3948432433363,0.0002110665657285778,278.14796545246844
89.13294838518952,24.560048174143816,25.663508379188283,20.5812997043291,0.06481783192102265,0.5943358512572362,-0.3794641524546223,1945.8887514423238,0.00021853591797048956,278.1879458212776
89.18294838518952,24.560048174143816,25.409197042080123,20.49669398509503,-0.178951850737477,0.5927794996110082,-0.38298739324534586,1946.9956885338895,0.00020920697397085715,278.1426032198379
89.23294838518952,24.560048174143816,25.2331412884427,19.870793005872432,-0.37520430861362886,0.5444967104554006,-0.37283289376903844,1948.8808281438621,0.00020771834794188138,277.97670354250204
89.28294838518953,24.560048174143816,25.608425007874793,19.79801811944163,-0.09242368413841673,0.5531218206405102,-0.35902207830569494,1949.3877715632775,0.00021057270659496065,277.991139370832
89.33294838518952,24.560048174143816,25.86517355897676,19.744364700937748,0.05883486494623543,0.559957449664422,-0.3537312166175165,1948.911282054489,0.00021891961128197207,277.9901342614109
89.38294838518952,24.560048174143816,25.876357899405118,19.662559263371524,0.004512648852692894,0.5746611078507273,-0.3640053607110463,1949.2936279128342,0.0002114966445380379,277.918222931026
89.43294838518952,24.560048174143816,25.76145535609349,19.61455373453195,-0.0846995135831731,0.5808983742761117,-0.3673571945365081,1950.2637928013266,0.00022791360130698353,277.8192760728281
89.48294838518952,24.560048174143816,25.851186967532453,19.43022402272583,0.11061529802375274,0.5567269838468067,-0.378779812181093,1950.373064674119,0.00023252906373408746,277.9499256852106
89.53294838518953,24.560048174143816,25.542955331265052,19.473195292455962,-0.07699099117736811,0.5492826836004999,-0.3911537382414821,1951.4628150171854,0.00022001324358257102,277.9658257279621
89.58294838518952,24.560048174143816,25.480047760436705,19.267661205770317,-0.021320592243401916,0.5552710828016357,-0.39861884105610873,1953.1443126516522,0.0002046739637513066,277.91184564523337
89.63294838518952,24.560048174143816,25.350020272815215,19.19509071696337,-0.07697248641421986,0.49885704215166804,-0.3836526976296663,1956.9459460774717,0.00020199802634288333,277.9045465593226
89.68294838518952,24.560048174143816,24.599443640104862,19.663136037313716,-0.8358739864499929,0.35544353990565,-0.2824475258983934,1960.2164249380448,0.00022003878031093415,277.96876200696977
89.73294838518952,24.560048174143816,25.808790683219726,18.773909303255895,0.34946541032549056,0.4692129165509415,-0.3028715816375617,1960.6611363207874,0.00022320276501336376,277.94839659743417
89.78294838518953,24.560048174143816,25.821267014382983,18.866758350096237,0.287412930069344,0.4854822720951322,-0.3457328595538112,1960.1365076796908,0.00021729489031535116,277.9792137157442
89.83294838518952,24.560048174143816,25.540252307620765,19.222427817692125,-0.11002168685570184,0.49169036948796624,-0.3836770364571457,1958.4713162377395,0.00021557810720009398,278.0544480571375
89.88294838518952,24.560048174143816,25.68147831498474,19.59504801619651,0.05290311091320563,0.5060058145390673,-0.424997868209918,1952.9746526488445,0.0002100926038729687,277.9071618437658
89.93294838518952,24.560048174143816,25.734532380308025,19.639825020794678,0.13951671678292488,0.5159652037542207,-0.42016619177056835,1949.9731661696412,0.00022129697263056583,277.8737897080635
89.98294838518952,24.560048174143816,25.377002658181123,19.78666153405855,-0.28153393397239335,0.49582006756931624,-0.400375132565767,1950.8115118515661,0.00022121134501848564,277.8625835944285
90.03294838518953,24.560048174143816,25.624023503536467,19.368520824971014,-0.2307738979556374,0.46201027639224795,-0.3906686270698509,1951.4387898921696,0.00021357055375863249,277.60051695906975
90.08294838518952,24.560048174143816,25.9516435786298,19.486594853436483,-0.10306077574774379,0.47897131811796145,-0.3757761754028214,1952.6069620248766,0.00021010593378818825,277.6072572422597
90.13294838518952,24.560048174143816,26.706837070508236,18.68806935551719,0.5825488709919032,0.4496134370648109,-0.3694099661199192,1953.3510062895896,0.00020569129734213784,277.614821322129
90.18294838518952,24.560048174143816,26.372993868759846,19.514099377330822,0.2676531306838193,0.4456893134834521,-0.4026189557861614,1952.622606402506,0.0002174001713539268,277.5845367968064
90.23294838518952,24.560048174143816,25.60854798587198,20.103739530816647,-0.4034195208898242,0.4366645068741798,-0.4381172491479475,1953.3162233528685,0.00021904770774387833,277.50005413165064
90.28294838518953,24.560048174143816,25.824121193980865,20.18155342682279,-0.013693895168467472,0.44437677619205274,-0.4395032805473884,1955.8199941711964,0.00022154462900883095,277.4494024478937
90.33294838518952,24.560048174143816,25.74282557689931,20.935093115859964,0.031725328888875526,0.46259325629245546,-0.41275720868016236,1955.548132463833,0.00022850340282308177,277.53731415275996
90.38294838518952,24.560048174143816,25.63758703176573,20.602085205978213,0.04326574311184912,0.45217952746488427,-0.39065507966898044,1957.6851051810218,0.00022442341751626398,277.6527678293152
90.43294838518952,24.560048174143816,25.409187299168895,20.371774563657574,-0.09225680688435917,0.45693534573784933,-0.38253408577421233,1959.0113671456475,0.0002252110812870686,277.65762848483536
90.48294838518952,24.560048174143816,25.181964996058543,20.448445897431807,-0.22515376636350698,0.44582138338048133,-0.367564634463482,1960.393783973693,0.0002126039787642844,277.6084252908534
90.53294838518953,24.560048174143816,25.327772483012545,19.843300229776723,0.029780279759733585,0.44430085395147684,-0.3654880391749917,1961.2809879219421,0.0002110451021608627,277.60582176520825
90.58294838518952,24.560048174143816,25.202223759418224,20.05749694065457,-0.04255459753972964,0.43797100939677697,-0.3680636527323932,1957.2148113601384,0.00021099966462020882,277.6037320692368
90.63294838518952,24.560048174143816,25.1214722554784,20.264406133915397,-0.12597399780376992,0.43159725496570217,-0.3659478160810535,1954.5542346314967,0.00021132210962339002,277.68634529730804
90.68294838518952,24.560048174143816,25.267603431367927,20.22127765074674,0.0199573624136545,0.4214816061522668,-0.3657808381866843,1956.4522432987767,0.00020739975827571886,277.75418052528596
90.73294838518952,24.560048174143816,25.35247572117168,20.01306722465249,0.05624647480867916,0.3841648122145867,-0.3973080766662658,1955.2449817452061,0.00021194379840673477,277.7770595781405
90.78294838518953,24.560048174143816,25.415426883984928,20.018026990887225,0.054916806578496666,0.38386561488652227,-0.4131841298909721,1954.4889568295764,0.0001936478810341511,277.72823018331866
90.83294838518952,24.560048174143816,25.435491906432436,19.875504982393206,0.02621669584819277,0.38387094357920176,-0.4238340334997669,1952.3197586637355,0.00019511719506532812,277.66989121894204
90.88294838518952,24.560048174143816,25.40574354167026,19.985634679306024,0.015100453627037425,0.3392913214425214,-0.42201746884409735,1950.6372838705754,0.00018752075288484647,277.64955108865826
90.93294838518952,24.560048174143816,25.289181650582353,20.3710692894564,0.06783996803534378,0.3172605186330012,-0.43717020098693593,1951.3044925051206,0.0001888425109687546,277.58876540012733
90.98294838518952,24.560048174143816,25.273747294188084,20.999990122706198,0.37571149285912586,0.3786285483904616,-0.4106716630651118,1951.7326027606105,0.00018621413534684894,277.6058600778658
91.03294838518953,24.560048174143816,24.67540153077205,21.20861703305453,0.14231452186543622,0.4448697051550945,-0.38227266062003346,1946.533109528918,0.0001980801819372834,277.65590752045097
91.08294838518952,24.560048174143816,24.09817770977238,20.96202556378315,-0.17347947371532982,0.41912545915381566,-0.38916005080934457,1943.2209276612732,0.00018806991926718165,277.6881141477187
91.13294838518952,24.560048174143816,23.877144297033123,20.918124737307103,-0.28258379190275534,0.4045524787130055,-0.40443832607910646,1942.965213549019,0.00019849138013381217,277.733467442162
91.18294838518952,24.560048174143816,24.029968015738685,20.680485366246828,-0.23170723354545217,0.39649572166715447,-0.40071330270670547,1945.9092652246024,0.00020136559530563734,277.96070234857484
91.23294838518952,24.560048174143816,24.577602014508347,20.467332626759294,0.13512421564231103,0.3070719932114103,-0.4135163624798193,1952.512196958522,0.00019718011111243062,277.63302495393623
91.28294838518953,24.560048174143816,24.964683331098257,20.469807817081186,0.31354168668047877,0.30541044596794586,-0.4461160198689237,1953.788233207641,0.00019232143037213335,277.0998243212601
91.33294838518952,24.560048174143816,25.012825204017258,20.819996305087027,0.20288366200069333,0.29367665848082075,-0.47006469573318554,1953.5400187920134,0.0001959034670411998,277.0395118255583
91.38294838518952,24.560048174143816,25.11091147712548,20.762699845917048,0.12929841629873864,0.27471592845530796,-0.4730928595164324,1950.8905525216564,0.0001940447358763317,276.9794014269427
91.43294838518952,24.560048174143816,24.92423035165754,21.047783445279077,-0.26982948769818005,0.289007277324442,-0.4564337832889369,1949.7794844090101,0.00019634323287941435,276.989347392854
91.48294838518952,24.560048174143816,25.669577812411383,20.661363915042028,0.20183053600806297,0.26880901507049826,-0.41332337250270573,1951.9490323486816,0.00021069819955374885,276.9257291498736
91.53294838518953,24.560048174143816,25.92939992296214,20.372160522687768,0.15693467605547246,0.2535669206636124,-0.40355528489343645,1954.5183854852269,0.0002167380352676065,276.93973352522005
91.58294838518952,24.560048174143816,26.209485077214318,19.952066293497957,0.26572998599965925,0.2882685822972681,-0.40936252302085563,1956.3201559974611,0.00020413833555023235,276.7685231644652
91.63294838518952,24.560048174143816,26.28006350815041,20.039731544757366,0.3115901751159586,0.269271912358826,-0.4169150114598037,1955.9357439183184,0.00019871601595187544,276.72934040643634
91.68294838518952,24.560048174143816,26.620732503165634,19.23899292810447,0.7742201259952545,0.28796034713119834,-0.4182816442641279,1954.8729659756164,0.00019667799756431363,276.76100262991133
91.73294838518952,24.560048174143816,25.934680667249292,19.94096801155112,0.23783615032554323,0.2621680103195975,-0.44294559073857587,1950.5258305298923,0.00019180407145548626,276.7624425780814
91.78294838518953,24.560048174143816,25.234541806993263,20.69128695574986,-0.312329233465541,0.2784001524665965,-0.4723495231640127,1942.0675948614387,0.00019117028780558319,276.63535253714923
91.83294838518952,24.560048174143816,25.561362976522116,20.49733469115452,0.160733408273764,0.2706590703814877,-0.4486891137752013,1943.428551611314,0.00019476620970115404,276.5450721671744
91.88294838518952,24.560048174143816,25.544723043243767,19.840123355309387,0.19649088759747305,0.26619167126059523,-0.41806232000105564,1944.179234920555,0.00019426790117207972,276.4054881376587
91.93294838518952,24.560048174143816,25.278124339071734,19.450942677644715,-0.05287802829771657,0.23594508405174752,-0.4386339554378336,1939.9158181653797,0.00018942712060190158,276.36599499039954
91.98294838518952,24.560048174143816,25.38832571599255,20.024529052862615,0.0884401158144936,0.23416209114250494,-0.4379913483969502,1939.2106261168701,0.00019731936394409106,276.34657621897793
92.03294838518953,24.560048174143816,25.704441486320146,20.672142685577363,0.416838627271639,0.23698158125901544,-0.44113171409963065,1939.5029530817758,0.0001883785418527491,276.47387495171057
92.08294838518952,24.560048174143816,25.260136930040535,20.339968107670913,-0.025853818719505137,0.24482454737525716,-0.4390666895834627,1941.5723683850451,0.0001838604253291209,276.3931897286431
92.13294838518952,24.560048174143816,25.425208721639933,19.89170015556434,0.32970629377584865,0.2645577370486991,-0.4256377836224184,1941.6377146022062,0.00018480742698078246,276.3757275942468
92.18294838518952,24.560048174143816,25.12492108848314,19.706960253223205,0.14668019604981622,0.24876190466968873,-0.43348708317365064,1938.030734770548,0.00018376919391294884,276.31865923178293
92.23294838518952,24.560048174143816,24.1147561500111,19.722573896613362,-0.919976593851449,0.2281751807907295,-0.4446145777731551,1933.6719176492604,0.00018321190393152131,276.26273448466776
88.18294838518952,24.510048174143815,26.109189709888607,19.304792282221612,0.057044367856558885,0.6373734484053146,-0.25513757083956506,1963.967117699854,0.00023590004552250521,278.28285512381933
88.23294838518952,24.510048174143815,25.727236545058858,19.0197003594289,-0.2830488271626177,0.6436173617438524,-0.2921301234416884,1964.6359236571004,0.00023875338548104693,278.30332711553393
88.28294838518953,24.510048174143815,25.916445679091677,19.37848432302154,-0.3574103750120354,0.6490558631857782,-0.2776559032682559,1960.6284377588136,0.0002384514947994995,278.35297428845536
88.33294838518952,24.510048174143815,26.304191749237592,18.97131416676621,-0.45539266572118275,0.62595797339994,-0.31845384533659626,1955.7136746094714,0.00023527116170023703,278.3090309247149
88.38294838518952,24.510048174143815,27.67076241536298,18.675055939167546,0.5023845147971153,0.6097183045971861,-0.3329744374533764,1956.9315454989523,0.0002327393160392426,278.20108058752186
88.43294838518952,24.510048174143815,27.795345706456942,18.727803582691376,0.5335571122667979,0.6021502390889637,-0.3482693057739063,1956.6238195127078,0.00023396132535991862,278.1270513516001
88.48294838518952,24.510048174143815,27.326256470016546,19.021989862850486,0.23576151177591037,0.5994265808564239,-0.3544927033099953,1953.6620109179023,0.0002287466448420713,278.1007025957149
88.53294838518953,24.510048174143815,26.626944281320874,19.44532188036745,-0.1510714345183806,0.6161010733733767,-0.3542553235423556,1950.2227298630341,0.00022590261360008501,278.1834363935748
88.58294838518952,24.510048174143815,26.760025607332707,19.858242549503526,0.17213243166428344,0.6238495364057801,-0.32953181455683983,1949.4740179917465,0.00022680257064637457,278.03153246106376
88.63294838518952,24.510048174143815,26.872372445026294,19.533904037105845,0.2978648440229959,0.620521063813154,-0.32318679405294676,1949.0935786429225,0.00021841209203721446,277.98890305818685
88.68294838518952,24.510048174143815,26.79997395921218,19.656886220044207,0.24952708324652956,0.6271339807131648,-0.318176586129656,1949.6917035383167,0.00022705700712662946,277.84570834759256
88.73294838518952,24.510048174143815,26.185044392568937,19.946581857000307,-0.2665852420890551,0.6282074512660202,-0.323144186086681,1948.2463880280125,0.00022497580030786296,277.9716928523197
88.78294838518953,24.510048174143815,25.991956881713108,20.167263018425434,-0.31051930410177936,0.6373544956266151,-0.3295361401802173,1947.4758728568472,0.0002155655455928804,277.945377892061
88.83294838518952,24.510048174143815,26.153911720983967,20.82635058484461,-0.015981515676753266,0.6173424247249801,-0.33209385058553337,1946.5949724556172,0.00021776043450412973,277.93710491402726
88.88294838518952,24.510048174143815,26.217364048141107,20.81737604235441,0.13888343598452088,0.6166743351809825,-0.3249399614381112,1943.9407853520827,0.000222153155475132,278.0491715069905
88.93294838518952,24.510048174143815,25.975892807108874,19.848358765076558,-0.01524883267810431,0.6228117746836499,-0.3427836765796027,1942.704653967958,0.0002129759402354773,277.9476885777645
88.98294838518952,24.510048174143815,25.251259312998805,20.332535106040606,-0.6843174686136457,0.6066246106870056,-0.35888725673841604,1940.2940124877832,0.0002115023984627884,277.9862532372632
89.03294838518953,24.510048174143815,25.318109288194727,21.025708139949824,-0.5716081308854274,0.600236366586592,-0.3741807937871238,1940.7392721463252,0.00022456638679999093,278.10289773342845
89.08294838518952,24.510048174143815,25.60291547099559,20.46292935685204,-0.21478722153906413,0.6000882416095674,-0.3808119070954501,1945.0986084924284,0.0002162587519351533,278.1397217631371
89.13294838518952,24.510048174143815,25.665033030552753,20.5320381781409,-0.075246223784184,0.6062557415317799,-0.39072072013847986,1945.0001623885732,0.00021925622779989015,278.17758694186585
89.18294838518952,24.510048174143815,25.67984993166066,20.51321121093192,-0.040374480014427686,0.602293858586433,-0.3998960123887341,1944.7648299772684,0.0002151218208215476,278.13851217062336
89.23294838518952,24.510048174143815,25.625587671285125,20.139672301469997,-0.11319101493424255,0.5904185522736569,-0.38947502563601855,1946.5236163646962,0.00022226808412959234,278.08249257352315
89.28294838518953,24.510048174143815,25.543498042214406,20.01661422190375,-0.25365484465295207,0.5430149843207425,-0.3697620223992845,1947.29687896704,0.00021822873572565328,278.0716966380382
89.33294838518952,24.510048174143815,25.935618217363576,19.98386441715925,0.09003186238467173,0.5512186316755894,-0.35209472127915253,1948.1163163088604,0.00021387840726495099,277.9169231065891
89.38294838518952,24.510048174143815,26.043983999243224,19.901588318113465,0.19183146442418325,0.5515623372614473,-0.35830869139715593,1949.1276555867018,0.00021434304990480035,277.8617554519994
89.43294838518952,24.510048174143815,25.81663178086805,19.976686687228863,0.031215499363925616,0.5543316258035773,-0.3779863765053021,1952.316141063353,0.00021780813180880123,277.7362676718728
89.48294838518952,24.510048174143815,25.747822620814354,19.531078246406615,0.06140887935318351,0.5514721467200868,-0.3831598217276972,1952.1153099766577,0.00021452860955873591,277.82298913788816
89.53294838518953,24.510048174143815,25.65904026625257,19.487346519738576,0.0523610292998858,0.5398194822093938,-0.37810626981942247,1951.0704991933417,0.0002122565323952149,277.8349468842639
89.58294838518952,24.510048174143815,25.65639676973166,19.406223591589484,0.15201185129250677,0.5554063704611734,-0.38788765534014824,1951.2518393227945,0.0001993509331598843,277.8211568543715
89.63294838518952,24.510048174143815,25.529247574739653,19.231793120569627,0.042623719819205604,0.5488126788932304,-0.40056534230445984,1952.9403691860489,0.0001962367409071148,277.8535659708743
89.68294838518952,24.510048174143815,24.78910104996067,19.26271385715317,-0.7245750139333416,0.4493160257049856,-0.33709904696272963,1955.6242197528493,0.0002091937365624499,277.8461278992075
89.78294838518953,24.510048174143815,25.91409114890044,18.961575982524344,0.20757044721548615,0.49955039899216375,-0.3215714914209479,1960.5366299485086,0.0002121848368734821,277.90084300031435
89.83294838518952,24.510048174143815,25.94236960451592,18.89652054317647,0.1920644055607198,0.5154875170301266,-0.35569017262638813,1958.3216480692408,0.0002139369061550369,277.9457559474382
89.88294838518952,24.510048174143815,25.740858324639074,19.4565207463546,0.08201826116488979,0.5134079096544553,-0.41921805116538186,1952.7312107835587,0.0002056190439262781,277.8497966100266
89.93294838518952,24.510048174143815,25.76061615011841,19.504750940190387,0.17656762986910055,0.5131634425115565,-0.4281697313591158,1949.8102457769785,0.0002089132457969495,277.75563680266896
89.98294838518952,24.510048174143815,25.448321959298067,19.568370709569997,-0.18192234703506296,0.4707656914272195,-0.40222102628215994,1950.3012721295777,0.00021947238143285174,277.7078849864931
90.03294838518953,24.510048174143815,25.54922287391511,19.276188774249,-0.2632780723699297,0.4563558707165619,-0.3997093006194327,1951.3551912062135,0.0002090672230964286,277.52265034881293
90.08294838518952,24.510048174143815,25.714553813830896,19.785903397369694,-0.32437964622394005,0.46568344571244424,-0.3980020507746146,1952.4118710766838,0.00020678377025873528,277.5308503711712
90.13294838518952,24.510048174143815,26.381251275463207,19.014504270361723,0.25385951199548107,0.44554321475641423,-0.3915314062694896,1954.9456358639657,0.00020965374478990512,277.49390897129615
90.18294838518952,24.510048174143815,26.48061266451209,18.95774935309026,0.36702386816681354,0.4443927928355324,-0.3970336370317298,1954.6632775198427,0.00021925443830386068,277.5263247529757
90.23294838518952,24.510048174143815,26.105901488678946,19.639356047037015,0.04766096690488288,0.44748712364067844,-0.42869076047894483,1953.768698202255,0.0002161862914053327,277.5612322032206
90.28294838518953,24.510048174143815,25.850496311319247,20.37819161779771,-0.07445461752237142,0.45672050671591535,-0.4399319075199033,1953.1383335234912,0.00021388587533554282,277.4979715902909
90.33294838518952,24.510048174143815,25.726011200491683,21.081940892468126,-0.08154775193918902,0.4521094093401107,-0.41468478812848014,1954.1132945025627,0.0002077367414268951,277.47926752249026
90.38294838518952,24.510048174143815,25.9252174271076,20.788623479583897,0.2478266144480991,0.45537696450667137,-0.3933065194179285,1957.2829460445337,0.00022622908956670813,277.475649639618
90.43294838518952,24.510048174143815,25.689592643497882,20.25208176897527,0.10927248248739037,0.47253478656347475,-0.3834146434776273,1959.3418573168858,0.00022286686369282923,277.5301241583689
90.48294838518952,24.510048174143815,25.306685529136605,20.242990402562626,-0.17346619277651143,0.45824297246340334,-0.3746486919174772,1959.7996899156649,0.00021150380824203757,277.55115703522904
90.53294838518953,24.510048174143815,25.379418916511344,19.870493571542095,-0.011641185564883489,0.45528364790827563,-0.3740767627029781,1961.0909804338073,0.00021525696127110095,277.5751076958972
90.58294838518952,24.510048174143815,25.281782291545888,19.901980026485976,-0.08224047622147056,0.4590955510521423,-0.3649871542102817,1960.2399871887114,0.00021630070533320365,277.51589663976785
90.63294838518952,24.510048174143815,25.376631813738097,20.057045122332532,0.026622181130148605,0.4330019736841049,-0.3638604211573419,1956.8365890028874,0.00021081631856595856,277.55202437627037
90.68294838518952,24.510048174143815,25.256537300787414,20.13742171291601,-0.10604598811962805,0.3972946455364142,-0.35676640665690956,1955.2668369088935,0.0002060668675505818,277.5489623074214
90.73294838518952,24.510048174143815,25.27297258141802,20.033236370684886,-0.10054223394083493,0.3836382587656972,-0.38067066170593367,1953.5506056629843,0.00020178783772355623,277.5641341913456
90.78294838518953,24.510048174143815,25.41215147247696,20.089821782632956,0.01603825700481911,0.3749843156276448,-0.3929667880394501,1953.3026152083148,0.0001965514469548747,277.57525544112366
90.83294838518952,24.510048174143815,25.361230154533267,19.83543033345398,-0.06159759880745155,0.36654866623456117,-0.40372080348999245,1952.000050652141,0.00020840105279386055,277.45922719797744
90.88294838518952,24.510048174143815,25.413097752605367,19.80581219701322,0.05128169527054405,0.33241188779339,-0.4152647180428054,1951.0785867607444,0.00018935956478311882,277.42542304432664
90.93294838518952,24.510048174143815,25.277960438433333,20.42245455461562,0.11517639468461895,0.3258640874902695,-0.4309968799663484,1951.086316373943,0.0001877533579392398,277.45696602373505
90.98294838518952,24.510048174143815,24.900708241577448,21.181323370693207,0.054989262614390334,0.41195255245356793,-0.4129124427992225,1951.5534220554005,0.00020035070419218703,277.5562175879257
91.03294838518953,24.510048174143815,24.348298688020424,20.637518332539276,-0.15897798774846847,0.4463854180856349,-0.4094815402755786,1949.390539588467,0.00019902154828205763,277.49031751709504
91.08294838518952,24.510048174143815,24.32513928247717,20.390115516989773,0.03636435485078706,0.38507638167050756,-0.4256833353292559,1947.5787247247026,0.0001891339168106197,277.64503632010855
91.13294838518952,24.510048174143815,24.1151333070313,20.60780864281983,-0.18467988268269186,0.4007525057437767,-0.42388739315778284,1948.278161367696,0.00018500795989845128,277.80486542662373
91.18294838518952,24.510048174143815,24.410546044092577,20.344324248177003,-0.02677395017645772,0.3362225484476592,-0.4084887103715056,1949.7055773988998,0.00018653983177521684,277.9937802059916
91.23294838518952,24.510048174143815,24.567286508997498,20.474208432446748,-0.07313252440222943,0.3245027327972791,-0.44106392540461486,1951.7280910087727,0.0001968827453400884,277.6915935095303
91.28294838518953,24.510048174143815,25.10897922285563,20.47728012390588,0.27777505399815156,0.29996635679631317,-0.45214017571877596,1952.0232928448984,0.0001891144675129908,277.11435579473675
91.33294838518952,24.510048174143815,25.237982935431802,20.1759881363964,0.3092408844929341,0.2801538303147703,-0.4515469103818173,1953.7416450037576,0.00019306881161602028,277.0246443936503
91.38294838518952,24.510048174143815,25.144114716515922,20.246600079270944,-0.0003334355849145085,0.2710832289225687,-0.4566863323103374,1953.199371353278,0.00018693848473539204,276.89974693532827
91.43294838518952,24.510048174143815,25.356160697104073,20.78211618036242,0.009321710446172552,0.2834436945388918,-0.44962216893386686,1953.2528507530997,0.0001942872230382581,276.89563836484876
91.48294838518952,24.510048174143815,25.712552013476024,20.508506776993066,0.1441263067630533,0.2853435797221902,-0.4284392015165961,1951.0491159477463,0.0002028828785826517,276.7862877250294
91.53294838518953,24.510048174143815,25.819800999273678,20.749618881476405,0.03451424148314434,0.26474797506456965,-0.4386352878078042,1948.1668362635698,0.00019931405943484997,276.80251956089904
91.58294838518952,24.510048174143815,25.837699957823165,20.05821456563468,-0.14887019965378445,0.28409319504573954,-0.4454487000013161,1950.9809878058456,0.00019174276586896832,276.64079719976513
91.63294838518952,24.510048174143815,26.228088244009584,20.104611800944507,0.10853585907597145,0.266431592773632,-0.4396878402839493,1955.4371778174739,0.00019840447869985063,276.6446641154927
91.68294838518952,24.510048174143815,26.61241300340738,19.566176469646383,0.5421247049809469,0.28009489099957396,-0.40587649340663473,1958.1015924964859,0.00019443889586786786,276.68400752572194
91.73294838518952,24.510048174143815,26.144741244470687,19.79299106517346,0.13756194680284106,0.2777486848276609,-0.4152077674544507,1956.8702368230943,0.000200193760504265,276.6908519976754
91.78294838518953,24.510048174143815,25.778377030385627,20.276912423993053,-0.11508310025802476,0.2787416104142003,-0.4366215367767923,1950.328757495254,0.00019718568946504748,276.61747164500827
91.83294838518952,24.510048174143815,25.748570020503088,20.015552693171877,0.01447468674607596,0.290874806060319,-0.4250679561888476,1947.198532519244,0.00018704032807241223,276.54266728052744
91.88294838518952,24.510048174143815,25.81082172879416,19.581036642981818,0.18608225166552045,0.27069344511206306,-0.42093310670034595,1943.8764975489644,0.00018891797918102238,276.3273280091202
91.93294838518952,24.510048174143815,25.560238305680265,19.283703389404316,-0.0823556535497993,0.2517414415495407,-0.44611581775830444,1941.1500127601141,0.0001827395808796482,276.28689687488054
91.98294838518952,24.510048174143815,25.723180852853755,19.70460469373287,0.06693105021194527,0.24994480778578446,-0.42952904776064627,1941.9139175528474,0.0001943839317230765,276.2955798802948
92.03294838518953,24.510048174143815,25.696437955841766,19.681782428648496,0.14727109009521577,0.24633766154366724,-0.43437828968187914,1941.5527476260947,0.00018038470772272004,276.33447613834153
92.08294838518952,24.510048174143815,24.983182657427097,19.36423286406345,-0.3610417366218063,0.24242924931073762,-0.4448953924025391,1938.875051155223,0.00018481414851158679,276.2204403076653
92.13294838518952,24.510048174143815,25.0333365631641,19.467474641901045,-0.03505245989469499,0.25647325976580326,-0.4282317985140386,1939.6568956400465,0.00018450973494928418,276.3846867600864
88.23294838518952,24.460048174143814,25.92830072808707,18.855765078356246,-0.2449752031106222,0.6612583082281188,-0.23092057844381775,1968.5240208453743,0.00025224691670923513,278.16540467363245
88.28294838518953,24.460048174143814,26.98546488921818,18.88466626659568,0.5222689199660222,0.7072672630469858,-0.2002292208442294,1968.1893421261154,0.00024511413710908336,278.21426146570394
88.33294838518952,24.460048174143814,25.880410880455916,18.874967071097913,-0.9340524797987462,0.6414447985407731,-0.26365462759921005,1960.8328419902145,0.0002523093686933559,278.2168368658377
88.38294838518952,24.460048174143814,26.823886243435044,18.681228262635354,-0.13929021238793243,0.641275302578765,-0.31543024390988933,1958.1247572590403,0.00023924426317557012,278.107347582598
88.43294838518952,24.460048174143814,27.442067058690313,18.94056704310736,0.5161179638276349,0.6332550160949385,-0.3414651048799519,1955.9753146758221,0.0002250799613515311,277.98852438725373
88.48294838518952,24.460048174143814,26.9066121570177,19.83813293829449,0.05044310388727106,0.6352070266454619,-0.34505233680121433,1952.4084897063003,0.00021965429431030126,277.9862393817284
88.53294838518953,24.460048174143814,26.62266686550829,19.967496625455087,-0.17086631301465857,0.6189100061290159,-0.3442040652429333,1948.25033172658,0.00021765897607481925,278.0657085370543
88.58294838518952,24.460048174143814,26.788506436828378,19.73434259420792,-0.008758716246129717,0.6081783864277244,-0.3236822673142093,1948.4959717434647,0.00021942781732348766,278.0011670371527
88.63294838518952,24.460048174143814,27.200801561013034,19.764466704020613,0.38540268237334313,0.6119036250474561,-0.3199632660821002,1947.1574812395995,0.00021783228170112044,278.009542336217
88.68294838518952,24.460048174143814,27.0153148334571,20.800837033778613,0.3194998481837642,0.620621703253824,-0.3322061759478321,1945.2182259110014,0.00022568562194452555,277.88467233443816
88.73294838518952,24.460048174143814,26.507696993906954,20.503416393914705,0.027818345976726975,0.6268811194626477,-0.34195702641954295,1945.0784764194652,0.00022602407596927142,277.8662040980477
88.78294838518953,24.460048174143814,26.157694167065376,20.09371340375155,-0.14797136155298696,0.6314949664806877,-0.3409633313489608,1945.3647667646565,0.00022341279804446944,277.87865826547284
88.83294838518952,24.460048174143814,26.114694489895555,20.283936701470715,-0.09842271734731274,0.6171159149544588,-0.33596093079386957,1946.2847885958015,0.00022202357380707408,277.8336452312547
88.88294838518952,24.460048174143814,26.190842372188865,19.817067418290378,0.03491896632953697,0.613092660592055,-0.3311935316424844,1945.7425571605438,0.00021214118584747082,277.9322273136091
88.93294838518952,24.460048174143814,26.377940954361797,19.30624698194911,0.2613844307277124,0.590072948435129,-0.3332876765406626,1946.873407914908,0.00019417036085018455,277.8975785509281
88.98294838518952,24.460048174143814,26.617991632884344,19.31405474607951,0.4894218101622552,0.5799858591063676,-0.339197390203875,1948.1159739308198,0.00021003542902014056,277.8882583582381
89.03294838518953,24.460048174143814,26.330242958633026,19.82821886619797,0.17958068348816758,0.5720633676229281,-0.36599853103647445,1945.9731889339141,0.00021956897776230014,277.97324472250614
89.08294838518952,24.460048174143814,26.218929383076706,19.766982719355926,0.11947709107445253,0.5720994710667985,-0.381728789035371,1945.7597331055608,0.00022051069961983902,278.0734328402191
89.13294838518952,24.460048174143814,26.102029721119703,20.482934566002253,0.0903317564486672,0.582367249030735,-0.3990046322115712,1944.318643293622,0.0002237461623218954,278.0847613275384
89.18294838518952,24.460048174143814,26.0298827940715,20.31516162057578,0.07806460630295534,0.5713885398593517,-0.41821919880771524,1943.9472736186376,0.00022277756392114314,278.1545124627446
89.23294838518952,24.460048174143814,25.84404863705051,20.311440181811268,-0.12103602448188389,0.5906990303047484,-0.4055636714114775,1945.152843004317,0.00022572302809629525,278.04555438155
89.28294838518953,24.460048174143814,25.877187471145078,20.054858914639166,-0.13069933158348912,0.578723132712528,-0.3899616951197581,1946.527010363061,0.0002178117477387623,278.007995071764
89.33294838518952,24.460048174143814,25.789490074898954,20.12691451243582,-0.20789874132750183,0.5561065467224843,-0.37901464833034537,1947.1348278120538,0.00021004298011292985,277.92512476160874
89.38294838518952,24.460048174143814,25.757853280089787,20.31992356299782,-0.1710281842963382,0.5461305347584511,-0.36647443631398735,1947.7361126939204,0.00021117865422742507,277.93966621509463
89.43294838518952,24.460048174143814,25.643327159289328,20.289155545628052,-0.13223470780150126,0.5517768622787758,-0.37109564604841094,1951.2218500160827,0.00022434508816958386,277.7928319869406
89.48294838518952,24.460048174143814,25.615695474254004,20.062819970112578,-0.029443158726984782,0.5421848727340035,-0.3829304035737715,1950.9331765770628,0.00022551336905269842,277.8491506242049
89.53294838518953,24.460048174143814,25.611704921571075,19.876529043746963,-0.011295671614397455,0.5411977060419993,-0.3767754359444786,1950.7901866070968,0.0002150237575315011,277.84163371110617
89.58294838518952,24.460048174143814,25.748026289447605,19.5224315020229,0.18268559085841482,0.5528554082182757,-0.3823414648954819,1952.1868397506214,0.00020829673445065103,277.82557101151644
89.63294838518952,24.460048174143814,25.68625683155852,19.36758180920471,0.14939069833814939,0.5492208411691574,-0.3938795607223693,1952.6881865328019,0.00020507884912152825,277.84812771441625
89.68294838518952,24.460048174143814,25.404584285108022,19.58319313127219,-0.15467029850796088,0.49626354487464813,-0.3602537896405532,1955.334387990969,0.00021571950458619565,277.78881589961367
89.78294838518953,24.460048174143814,25.775243708251487,18.597627891967083,0.11494171997795026,0.4938999128674136,-0.29114923862141173,1959.397684712286,0.00022110988208560832,277.87797464189356
89.83294838518952,24.460048174143814,25.860421600646948,19.363602176756032,0.18700597712218173,0.508960178772568,-0.3487574081697498,1955.078794022289,0.00022153620202179078,277.79115769001726
89.88294838518952,24.460048174143814,25.332319330114785,19.685693702940977,-0.2821190499897195,0.5135649903162011,-0.4123899144786386,1952.4029869805283,0.00021006259539743205,277.7557905299058
89.93294838518952,24.460048174143814,25.50772492714185,19.760167839370723,-0.053277200407515164,0.5148425242620666,-0.435247554604079,1950.049157527557,0.00020757368931513447,277.78228391361364
89.98294838518952,24.460048174143814,25.519088153137545,19.90734175717572,-0.11187590906206615,0.480201429584698,-0.41731660131034953,1949.556477295992,0.00020475438721769207,277.5939477403403
90.03294838518953,24.460048174143814,26.034740425544683,19.30059863310137,0.2381603952846194,0.4628506147368507,-0.4171348522000091,1951.12208713909,0.00020821720680106885,277.5441545575441
90.08294838518952,24.460048174143814,25.805561806983295,19.688100873653333,-0.2141685820858645,0.4655319647351535,-0.4209428188325847,1951.68070882019,0.00021279104365628932,277.56344458268387
90.13294838518952,24.460048174143814,26.181468037105404,19.289508064757534,0.03717126807472404,0.4359311773665168,-0.4208058879548801,1953.0989649427759,0.00022781140490321606,277.51609323924174
90.18294838518952,24.460048174143814,26.405411020483413,19.076845020974446,0.2627851341788291,0.4348763679407467,-0.40953909433423463,1954.7673635246933,0.0002178880058315141,277.5256151414913
90.23294838518952,24.460048174143814,26.288774482959123,19.233011468101957,0.21684774509821111,0.4269603736981975,-0.4208500690149259,1955.3697223607037,0.00021735012166497112,277.45005723192264
90.28294838518953,24.460048174143814,25.827173701180783,19.594155317768898,-0.15608868587343935,0.43889715990101447,-0.43143459071923695,1953.271526389892,0.00021557857508895228,277.37454948171745
90.33294838518952,24.460048174143814,25.826726166939952,20.08660434921564,-0.07246284766027226,0.4284941738325303,-0.41910166089817513,1954.8211088534897,0.00022115797625447817,277.39140146047987
90.38294838518952,24.460048174143814,25.990858309231655,20.890818299472183,0.21170481840803326,0.4415261016553549,-0.40342627898615785,1954.6146704349437,0.00022550365714664913,277.4696635546411
90.43294838518952,24.460048174143814,25.687371954773486,20.585703393345188,0.03302646336736439,0.4541898725216485,-0.39741669510848543,1956.6531695149909,0.00021359684621895982,277.4669656418582
90.48294838518952,24.460048174143814,25.538021765994156,20.067516481842876,-0.005578421006863002,0.47804610375752743,-0.37770252581325514,1958.9761223725247,0.00021306843795169776,277.44382111583553
90.53294838518953,24.460048174143814,25.51357332536613,19.975896869598124,0.04289069332994389,0.4711969738065132,-0.3664046007403656,1961.474450176484,0.0002262465286744056,277.4552017887273
90.58294838518952,24.460048174143814,25.74888308076002,19.686463040597033,0.30413311602409115,0.45910899732412375,-0.35555270586662724,1962.3548336680094,0.0002209126726767764,277.43554786408237
90.63294838518952,24.460048174143814,25.471783338732692,19.840799181571825,0.05272947994409939,0.42069385072187787,-0.3497885746612789,1958.461671441956,0.00021542312673098466,277.4218846481448
90.68294838518952,24.460048174143814,25.346038555320895,20.19630096428528,-0.0590432435501841,0.39309597565414417,-0.3566227220918622,1956.2453429220334,0.00021260046422483025,277.47166781517217
90.73294838518952,24.460048174143814,25.42559963730608,20.52804358004463,-0.005009815254957486,0.3804908300244677,-0.36798080069357525,1954.7038417662711,0.0002061826717442811,277.4537012200269
90.78294838518953,24.460048174143814,25.59150771641052,20.214610699323778,0.1662903619421219,0.34240423222646293,-0.3789013205725918,1955.1652274415214,0.00020832213315167124,277.44948018689524
90.83294838518952,24.460048174143814,25.40527624469148,19.83418346806432,0.0028244049689127365,0.3460061268474584,-0.41046141676474285,1956.0690509535252,0.00020343233849637256,277.35393673506996
90.88294838518952,24.460048174143814,25.403334859597273,19.801333806834627,0.11245722110479156,0.345421638320681,-0.43190619940344277,1954.131291650829,0.0001901637749637149,277.3366408821924
90.93294838518952,24.460048174143814,25.049601622440708,20.47383200821282,-0.017695327087849114,0.3565638767869446,-0.4469466578117134,1950.589909481286,0.0001928518837857614,277.4271947854659
90.98294838518952,24.460048174143814,24.699032227009152,21.026117047331148,-0.08617693177932062,0.42274438997647545,-0.4342131320009452,1950.8735533352863,0.00019306004401841004,277.5272631665356
91.03294838518953,24.460048174143814,24.500094507939124,20.67997974362973,-0.019057120165716993,0.4205300136595861,-0.4420756443308467,1951.2784483281416,0.00019569380996286854,277.3696209049928
91.08294838518952,24.460048174143814,24.24967450802101,20.31341996856672,-0.18048009583523406,0.3929715031274476,-0.43768972175933435,1949.7091010089468,0.0001888609309997541,277.5065959413202
91.13294838518952,24.460048174143814,24.451126119839305,20.033430727128017,-0.02873785633646141,0.3588810477302042,-0.43925031069710024,1950.5713650948016,0.0001811035547278977,277.5110036199722
91.18294838518952,24.460048174143814,24.733712288636962,19.693319611788908,0.15978525723936524,0.2869992225758986,-0.4287882225233765,1949.7235689402087,0.00019319653611335808,277.67948079253597
91.23294838518952,24.460048174143814,24.45108029980497,20.528118459666988,-0.2698042506347936,0.3227136770967929,-0.4541995780565871,1944.6460803592229,0.00019788246127023194,277.8579488052716
91.28294838518953,24.460048174143814,24.53854610798807,20.755039877055257,-0.26804432852769366,0.34448283238210525,-0.4681729863194303,1944.714387509616,0.00018974210036263328,277.46427409044065
91.33294838518952,24.460048174143814,25.17812168615098,20.86168334584824,0.21466723584186137,0.3201971050593016,-0.4775518245894929,1947.4658799184542,0.00018351977404742242,277.16197159652495
91.38294838518952,24.460048174143814,25.121383380347666,20.948116827470916,-0.10646142820537167,0.30753685012971677,-0.49142971066423796,1947.518628742934,0.00019309386917605,276.90338568408794
91.43294838518952,24.460048174143814,25.09636370044605,20.790958663330454,-0.35090157711775627,0.29148619776295115,-0.4808063385358682,1949.5887465880944,0.00019742404143990692,276.8776825137532
91.48294838518952,24.460048174143814,25.20062716116384,20.983015311401026,-0.43620171219609216,0.26867440583538515,-0.46813265226325884,1947.8427527242673,0.0002039562534694356,276.7315654043291
91.53294838518953,24.460048174143814,25.838876065797365,20.98566656886131,0.05825962428985316,0.2825125079664869,-0.45987053727062516,1946.2051246034719,0.00020619285600036917,276.6856859305971
91.58294838518952,24.460048174143814,25.770050709907707,19.75280471475727,-0.2402983253061202,0.2730158058738711,-0.44529520325359584,1950.8825772139262,0.0002105861870032296,276.4703392056267
91.63294838518952,24.460048174143814,26.096130119878072,19.743110097862523,-0.09505208960539793,0.2636139851036932,-0.4429378801372395,1956.561568780864,0.00020219614206763776,276.4138522218429
91.68294838518952,24.460048174143814,26.662094946834113,19.69731193095008,0.4596269123203033,0.2692321608256828,-0.4113739566735598,1959.0744681916558,0.00019366941995371651,276.50343084240893
91.73294838518952,24.460048174143814,26.69303604454899,19.547283159909863,0.5552265861453409,0.2809604321770222,-0.399601775681809,1957.352310281901,0.00019513648727838317,276.5276319265014
91.78294838518953,24.460048174143814,25.993567083117533,19.705593006072736,-0.08323326031310906,0.24698052783040866,-0.41845932293440086,1950.6180148370686,0.00019129934352502041,276.52017725341955
91.83294838518952,24.460048174143814,25.632191322981033,19.869227472064406,-0.3361078067254843,0.2902942788796344,-0.4294410067235111,1947.6536769846996,0.0001891977330119333,276.560810489941
91.88294838518952,24.460048174143814,25.72704067870936,19.843392418566513,-0.17857361410336345,0.29043525752430666,-0.4292780550013936,1946.5908714345508,0.00018938332078451237,276.3823466882927
91.93294838518952,24.460048174143814,26.01541810378756,19.741334436364312,0.06785878442725915,0.27271355914643014,-0.43613563517788695,1944.8308864371056,0.00019512775268191041,276.1554390187508
91.98294838518952,24.460048174143814,26.283058793602667,19.476769064764078,0.43179594005897215,0.25007900622793,-0.4172368689078216,1944.0231125907014,0.00019359606177227193,276.1799252217075
92.03294838518953,24.460048174143814,25.87141377371588,19.27057571734354,0.3442585315278641,0.24357947412077474,-0.4333940351094394,1939.3074549439352,0.00019531454732458836,276.12804450990365
92.08294838518952,24.460048174143814,24.29703853519058,19.461332113585417,-0.93465058265904,0.22950885151546546,-0.46721186863281,1933.8009141613318,0.0001907139517099516,276.22249042853343
92.13294838518952,24.460048174143814,25.24872241144747,19.24285442285436,0.22392216050698138,0.24394286370926146,-0.4362489050809231,1937.1233054547997,0.00018187678651808656,276.3426804260097
88.33294838518952,24.410048174143814,25.951034018748192,19.093875512960214,-0.7638852046685769,0.6481441913316456,-0.26567776597904763,1959.677960830869,0.00023722336565827417,278.2249069920346
88.38294838518952,24.410048174143814,26.12173619125245,18.932394664581853,-0.6676152859569934,0.6744391307268903,-0.2679299449954063,1959.3093691408867,0.0002426834648997587,278.13579404148555
88.43294838518952,24.410048174143814,26.94281205787884,18.878180345339835,0.17966167864534874,0.6322404434636444,-0.3113820248368504,1960.4899828893647,0.00023073827646338048,277.92745166358674
88.48294838518952,24.410048174143814,26.837772679455313,19.172873547222405,0.08696292794329667,0.6225569371722026,-0.3089940007932647,1959.6671398355304,0.00021977308667351053,277.9062310179413
88.53294838518953,24.410048174143814,26.54681968228202,19.423805129074278,-0.22488268273246356,0.6095036363143856,-0.299718105124525,1954.4257605572388,0.00022484211951407634,277.9125675566858
88.58294838518952,24.410048174143814,27.316542921540087,19.77994385973123,0.4828803148864852,0.6110830034814517,-0.27015773810224564,1953.5032008723692,0.0002251675272982037,277.9581793524115
88.63294838518952,24.410048174143814,27.24152615709761,20.047970311676462,0.40184383975856536,0.6015415729313104,-0.291288024236357,1950.5996697274309,0.00022259362783590966,277.9043273567245
88.68294838518952,24.410048174143814,26.729785452359422,20.750869273759022,0.11843985004613274,0.6017744584304958,-0.3413758248471268,1945.063117654876,0.00022249248352778554,277.83262177509687
88.73294838518952,24.410048174143814,26.49987874086926,20.79479328580384,0.19538679452877733,0.6227305661439343,-0.3653914371016038,1943.4456611979408,0.00021646456654524407,277.7530987593892
88.78294838518953,24.410048174143814,26.396766098500223,19.987499986607684,0.24324020135978217,0.6215563948088666,-0.3654550129082039,1943.6031488783442,0.00022557854295737067,277.78027391799014
88.83294838518952,24.410048174143814,26.2624383404407,19.693356822627443,0.10092406598416982,0.6156618426540293,-0.367313236653357,1944.904756551243,0.0002190275400474346,277.82159243935774
88.88294838518952,24.410048174143814,26.14539148212416,19.253304802374796,-0.06962694441385672,0.6088167493815376,-0.36039025160519944,1946.704074719273,0.00021561399156860175,277.8744466793241
88.93294838518952,24.410048174143814,26.299657196299187,19.383597640728564,0.005211294026399973,0.5724850702382125,-0.34158232728051763,1947.1051051767083,0.00020644444342191514,277.88468865798046
88.98294838518952,24.410048174143814,26.980133039981904,19.855504537879035,0.637286936042501,0.5584033026376107,-0.3337914460881539,1946.9162907855473,0.0002209887321882583,277.838427452541
89.03294838518953,24.410048174143814,26.43657484141646,19.37125235734775,0.0965722868305035,0.5653691486369093,-0.3647873325731558,1945.6877236066555,0.00022847477733904488,277.9045345195697
89.08294838518952,24.410048174143814,26.10823421651483,19.49567854551691,-0.16547819802081498,0.5614821772976026,-0.3797493325573898,1944.7426470792798,0.00022306566274129584,277.9774902527815
89.13294838518952,24.410048174143814,26.135383572194183,19.8482495879659,-0.03714155163902618,0.5640561280742817,-0.39275035739983627,1943.7412799915712,0.00021775360868854615,278.07313296914543
89.18294838518952,24.410048174143814,26.189877425221123,19.6887471567349,0.021509473907328155,0.5748511203228148,-0.4128613406556294,1944.6853625690464,0.0002179247483682075,278.11421111356617
89.23294838518952,24.410048174143814,26.290308871687124,19.977482381964716,0.07241341301821393,0.558184646351353,-0.4195586369155815,1946.5916839646482,0.00022023154476706757,278.0624313427698
89.28294838518953,24.410048174143814,26.384772251168354,19.802326514551826,0.12955557191909747,0.6059918299991902,-0.4074078260742796,1947.2970243288046,0.00022353734550097134,278.0194093758873
89.33294838518952,24.410048174143814,26.37024194101158,19.841949528549012,0.20562748131534234,0.6116422666951984,-0.39587991239292364,1945.14122655054,0.00022012366291614715,277.94300631609013
89.38294838518952,24.410048174143814,25.94124983279511,20.959316081149353,-0.005579033773467867,0.5683573740722664,-0.37703199442857943,1944.1790637021984,0.00022274837749644438,277.9450429257106
89.43294838518952,24.410048174143814,25.527782059071143,20.75110570766618,-0.21257333384677402,0.5376768947029007,-0.37812740933666067,1948.4117137693372,0.00022433892983843745,277.7592694036998
89.48294838518952,24.410048174143814,25.486030310363624,19.91920683701077,-0.18154516794467168,0.5301528915608295,-0.38593689558010175,1950.7786121225731,0.00022464596118517089,277.6534718544554
89.53294838518953,24.410048174143814,25.574484219086248,19.861657836288707,-0.10287009383457912,0.5299055889841187,-0.3804221443060203,1952.1921823216153,0.00022767646115960102,277.71921393189854
89.58294838518952,24.410048174143814,25.83024057830968,19.56697513066725,0.1805369069378114,0.5295053630396991,-0.37955188943723633,1953.0156841361854,0.00022017891636225853,277.745882895093
89.63294838518952,24.410048174143814,25.572799446904103,19.470826574227182,-0.019884886338397134,0.5381074753243079,-0.40106362680834884,1951.0009782158052,0.00020258745826479067,277.73705768730315
89.68294838518952,24.410048174143814,25.09983617764825,19.55809202184766,-0.4423495576122304,0.505175883864718,-0.3818784299905636,1951.0987780398084,0.0002114797202630898,277.71547211063097
89.73294838518952,24.410048174143814,25.765719698927178,19.5435380777236,0.214273521541768,0.48175447402019295,-0.28393268230823765,1956.2651830349441,0.00021983394095564,277.6813874606589
89.83294838518952,24.410048174143814,25.510370535566082,19.802672891493085,-0.0479791618540761,0.49185696830894254,-0.36488728048878516,1951.8405873521876,0.00021545278938007228,277.5763085223939
89.88294838518952,24.410048174143814,25.517951310109684,20.194797729527792,0.023155425906274327,0.5109427819590506,-0.4228199845839209,1950.1941100554493,0.00021207000472510355,277.71657403798076
89.93294838518952,24.410048174143814,25.48570639225618,19.821245678159425,-0.09591191969143897,0.5155372903444352,-0.43887853625495776,1950.2971953106025,0.00020683866279979531,277.59549186946253
89.98294838518952,24.410048174143814,25.704725866145356,19.75092803613532,-0.0075582964294868115,0.5014942166649242,-0.43130354362524564,1948.981400120243,0.00021392225826201975,277.50903248926545
90.03294838518953,24.410048174143814,25.83428429628134,19.756209051662474,-0.01975203016520932,0.48083579369359797,-0.4394040836638295,1949.3284119490158,0.0002145860050108146,277.44462481325445
90.08294838518952,24.410048174143814,26.049917810516757,19.81508287269542,0.0073156803583238825,0.4926101740649518,-0.4413034057279398,1950.9869083535007,0.00022211977352800912,277.4810320567207
90.13294838518952,24.410048174143814,25.984452238671953,19.41311374611549,-0.14269086682628349,0.4636951817547023,-0.42944118124490666,1952.496219025,0.00023025039663007596,277.45776915622724
90.18294838518952,24.410048174143814,26.16223976749019,19.285128619868487,0.06881976846674281,0.4576108780584852,-0.4080436929639621,1953.2723095346948,0.0002324006796959275,277.544265305366
90.23294838518952,24.410048174143814,26.11348924731093,19.150525003484944,0.08707326418459442,0.4443112308701259,-0.40645794274002195,1953.7405502616878,0.00023762561955546456,277.56226846533974
90.28294838518953,24.410048174143814,26.127928299457963,19.14806943006555,0.179488282291328,0.4372306498409155,-0.42068280026917965,1951.3986524753648,0.0002301273525903717,277.48614017069735
90.33294838518952,24.410048174143814,25.886857054764782,20.178758953041957,0.012486069764174115,0.43501162073429667,-0.41758042763636105,1952.5805206114082,0.0002163034603123811,277.2713711817771
90.38294838518952,24.410048174143814,25.71236381986951,21.168461592878394,-0.0811161349439938,0.43340840072200076,-0.4143366385076087,1950.3652229980719,0.00021856507431385617,277.2599724440791
90.43294838518952,24.410048174143814,25.510868403630226,21.618112411626846,-0.1835130664534656,0.4520410679653383,-0.4171566907791293,1951.1034476656337,0.00022294026262967707,277.43342263905464
90.48294838518952,24.410048174143814,25.609238542872117,20.716524018292688,0.010924977051164783,0.48182439337752697,-0.39992008820576674,1955.6340248364083,0.00022117594113754772,277.4672723145602
90.53294838518953,24.410048174143814,25.464795837894663,20.153898757510195,-0.04052391744122245,0.4732480167539848,-0.38080921955093405,1958.0017755031288,0.00021643073987663867,277.4416847292999
90.58294838518952,24.410048174143814,25.267072697902478,20.07235539353039,-0.19418577971811224,0.4569981668691899,-0.36634949298600245,1959.4754383004768,0.00022087855603316147,277.3163399062441
90.63294838518952,24.410048174143814,25.56426177875216,19.78031042900056,0.13414963051394652,0.38789085398194356,-0.3407365695677651,1959.7178756858348,0.00022487412358863294,277.2980463546858
90.68294838518952,24.410048174143814,25.41212419766495,19.961306899139686,-0.02919920187907136,0.38417651533594555,-0.3471598035953362,1958.5413401612298,0.00022824023035724437,277.35267388964763
90.73294838518952,24.410048174143814,25.440965980553656,20.211632506696876,-0.031200209566324272,0.37931738173630886,-0.3530519848555612,1957.1080569900719,0.00021938780664522444,277.3599855095479
90.78294838518953,24.410048174143814,25.534000425201665,20.397830936511454,0.095835027896255,0.36221918523932767,-0.37667166751202624,1954.7051044335951,0.00020997119308934978,277.4144684451146
90.83294838518952,24.410048174143814,25.210527219989913,20.388211412186163,-0.18363309499775202,0.3499402018489591,-0.41882875220985033,1953.2176909354014,0.00019643758722201734,277.3899111704803
90.88294838518952,24.410048174143814,25.411299201132277,20.349810858053967,0.15327451460838096,0.36802376854233587,-0.4323316539752132,1950.8182880917886,0.00019215937432412385,277.43565913602913
90.93294838518952,24.410048174143814,25.04607775068264,20.85501372934364,0.003741075107581402,0.4120517809947249,-0.4421627043001695,1949.2717999140384,0.0001992643749187081,277.4339670569889
90.98294838518952,24.410048174143814,24.647078556320334,20.86577441222651,-0.12713140801430028,0.4517797017136504,-0.4250026135807725,1949.9730460608282,0.00019972018706445376,277.4388815953222
91.03294838518953,24.410048174143814,24.62885963335445,20.595410493318724,0.07360138308690453,0.3986761336831677,-0.42899552189620543,1951.0420498340347,0.00021019598784586863,277.31260706494675
91.08294838518952,24.410048174143814,24.60510173338241,19.899704272813093,0.097194694318687,0.36201826390006464,-0.43401793145848633,1951.2433383315374,0.00019708847361971834,277.3966562425743
91.13294838518952,24.410048174143814,24.795030300325404,20.036959760140558,0.25616488361232015,0.3386143970784594,-0.4448140639991443,1950.6244723584036,0.00019439481758044526,277.3927463894418
91.18294838518952,24.410048174143814,24.614752085511377,19.799514818751874,0.05744127584162229,0.30733130518608726,-0.4552647335524892,1944.2395356415675,0.00019806090085350888,277.341449602134
91.23294838518952,24.410048174143814,24.394074549963495,20.71292243761347,-0.2813436177417047,0.36513333648143464,-0.46539375628534635,1938.5068989301028,0.0001999268111141178,277.4267924665417
91.28294838518953,24.410048174143814,24.551079608194165,20.607067691199376,-0.3328469527269221,0.3436721277805741,-0.4705803280438925,1943.6173900869824,0.00018897829978315963,277.0071917850527
91.33294838518952,24.410048174143814,25.144047827846357,20.62977216318611,-0.029403874848772313,0.317509501389863,-0.47970411434523175,1948.7276206399056,0.0001931135536397244,276.93330573598325
91.38294838518952,24.410048174143814,25.658242763082544,21.01879382721353,0.18814606238058518,0.29435906798224293,-0.47990804170164686,1951.391440024456,0.0002082710619045693,276.95162688839844
91.43294838518952,24.410048174143814,25.76771113641509,20.899153541413632,0.08500103095315839,0.2698918576306354,-0.48717310666825625,1951.7184386260637,0.0002059574737432718,276.8878361887414
91.48294838518952,24.410048174143814,25.539602991142843,20.759782093094774,-0.3067262823699501,0.2941702982128687,-0.47894261049137227,1950.576483105532,0.00020611371006223458,276.74392915076794
91.53294838518953,24.410048174143814,26.063285583551774,20.489293921350015,0.09684439165759394,0.2816069090495396,-0.44034153137156434,1952.5124499328676,0.00021470823160833386,276.75260569270114
91.58294838518952,24.410048174143814,26.152264366936414,19.515296315996455,0.05335897016174002,0.26230888371838423,-0.43292390879998843,1951.6866086052128,0.00021151264469093843,276.5257213048088
91.63294838518952,24.410048174143814,25.7988924312637,19.849327019534545,-0.3939591502100678,0.2305847803653237,-0.47378660503490394,1948.8094877408164,0.00019953922168232147,276.4357843580359
91.68294838518952,24.410048174143814,26.023791547516726,20.741775982825335,-0.11602262782162187,0.23323506838324765,-0.4805472912621499,1945.6799498297207,0.00018930210902829835,276.51485233830124
91.73294838518952,24.410048174143814,26.585424913353055,20.082274294740095,0.525273307905715,0.26313406732780054,-0.44844975754921507,1949.8408891444126,0.00019013384747727577,276.45240470032644
91.78294838518953,24.410048174143814,26.433554267869066,19.305879228723065,0.4354228967674976,0.24699554845600644,-0.45160476645906755,1949.9857202644969,0.00019217906539405237,276.4484439901075
91.83294838518952,24.410048174143814,26.251314471712803,19.690439427958758,0.2441387791565937,0.2734549697235231,-0.4413684811397948,1949.108905104546,0.00018971986734531463,276.4499174635873
91.88294838518952,24.410048174143814,26.035893241466848,19.747908200231436,-0.015142903793212517,0.2801920896712472,-0.43588627357425486,1947.5617598233252,0.000197930900324863,276.43603392134963
91.93294838518952,24.410048174143814,26.214715477249303,19.669903287540897,0.09922457770255888,0.28002307419689815,-0.4319285885107185,1945.624007862384,0.00019741440978747756,276.20769156392356
91.98294838518952,24.410048174143814,26.22316745084457,19.675869130703425,0.3784220013440465,0.26787855538035826,-0.40984709820483456,1942.4663635064471,0.00018233851830680903,276.21408398833785
92.03294838518953,24.410048174143814,25.242382205547326,19.608738672821463,-0.20757502563670244,0.23563252442567506,-0.43741928098882976,1933.867670677568,0.00019059549904215542,276.05150917122126
92.08294838518952,24.410048174143814,24.07665234277843,19.694607524278112,-1.0925413228721512,0.22796866792540865,-0.47965053458126133,1931.2227205745712,0.0001864862440272992,276.05998625604565
92.13294838518952,24.410048174143814,25.3412733302374,19.11521727757726,0.3004007367732886,0.2329211909871322,-0.4404838218787136,1937.3214974587518,0.0001809371826733736,276.20310307086766
88.48294838518952,24.360048174143817,26.235592829277355,19.187157410855363,-0.5138172233562883,0.6269274467303306,-0.21458472208576132,1967.5710146540152,0.00023206194955196092,277.926618377411
88.53294838518953,24.360048174143817,26.330208131093475,19.62579432909891,-0.5129259061798451,0.6256786976199037,-0.20203670211156216,1967.8494993513775,0.00023637634792972626,277.900725913475
88.58294838518952,24.360048174143817,27.44260938102247,20.54117060112546,0.5303707616036955,0.5866166159197265,-0.19843731660503616,1964.0088856229345,0.00022405498740014538,278.00798590154517
88.63294838518952,24.360048174143817,26.864334932327107,20.239985762417547,0.024117815745244825,0.5821482079625758,-0.22705425902440887,1957.9652467325398,0.00022825247455935307,277.9529681766522
88.68294838518952,24.360048174143817,25.725578093554955,19.56229754439226,-0.8358571491804909,0.570279246144557,-0.3134351298899727,1949.513317878422,0.00022363368269788704,277.8380759123268
88.73294838518952,24.360048174143817,25.87013939867686,19.497636176042654,-0.36145464681830625,0.5972667271298047,-0.37296646189235955,1945.0751845442724,0.00021296454614414716,277.7900786153999
88.78294838518953,24.360048174143817,26.006511828774155,19.319201609951012,-0.0378582141423327,0.6108470820681244,-0.3819223291204103,1943.2686288032064,0.00021808310193622023,277.78735898433933
88.83294838518952,24.360048174143817,26.02010812273762,19.236997391000504,0.00900480344329114,0.6146091220284622,-0.37921331964853083,1942.86864626774,0.00021920340434007648,277.76917678142945
88.88294838518952,24.360048174143817,26.049403855811757,18.96044021628828,-0.08611253436203076,0.6130225712517113,-0.3757082766141756,1943.8221202488628,0.00021972132193155916,277.7790793027519
88.93294838518952,24.360048174143817,26.214612975379605,19.00707036952099,-0.0750165183661174,0.5897806708590114,-0.3655794791573439,1944.6590886486415,0.00022331799437188375,277.80940061760606
88.98294838518952,24.360048174143817,26.80734319099943,18.972934569308357,0.4681939303253492,0.5710974541334465,-0.3666944872526835,1945.8847761744978,0.00022821651094472042,277.83129110479666
89.03294838518953,24.360048174143817,26.372025439084666,19.355321881349287,0.0421485050781406,0.5600544809243583,-0.3848782072246482,1945.0986786760136,0.00022340912711174842,277.87120667051045
89.08294838518952,24.360048174143817,26.274886644253726,19.809922822023797,-0.013724891895286783,0.5554116167810518,-0.39322869078503087,1942.8239462250099,0.00022088343349899734,277.85088150699954
89.13294838518952,24.360048174143817,26.291427120466352,20.8237594533136,0.02106690330483029,0.5595513556167631,-0.3997514916813959,1943.8584330498911,0.00022267934719931345,277.9622981061994
89.18294838518952,24.360048174143817,26.43640811178526,19.237673079170357,0.06101199704061328,0.5650053362944711,-0.4027453936057603,1948.1274230836193,0.00021384383519308263,278.005690739321
89.23294838518952,24.360048174143817,26.798284047678084,19.084547373821007,0.3217837029185974,0.571543863872537,-0.40323316360350686,1951.1648951469904,0.00022415552764911133,277.8898145607379
89.28294838518953,24.360048174143817,26.69841647536744,19.166829050497945,0.21676072314487754,0.5490918557683869,-0.4081804916643809,1951.3247699411213,0.0002248347577293975,277.95566461041466
89.33294838518952,24.360048174143817,26.355536489752854,19.715487747436857,0.03670450531538079,0.5682764606885886,-0.41352798202140995,1948.0751631723851,0.00022015991545252899,277.8675214261142
89.38294838518952,24.360048174143817,25.80596887691311,20.267741461367198,-0.24886136474317783,0.5582498958387307,-0.39693537062592993,1945.746772155121,0.00021573433426031548,277.7061119307753
89.43294838518952,24.360048174143817,25.576781355375857,20.31236314414087,-0.2458594055471401,0.5393506865504386,-0.4070851515771781,1947.7594394819919,0.00022498742843926305,277.635944371992
89.48294838518952,24.360048174143817,25.788609274880574,19.679829740695435,0.00923251127369094,0.5315851713450576,-0.38769371930302954,1948.6507493699378,0.0002169580621529118,277.5403732243669
89.53294838518953,24.360048174143817,25.74198835342375,19.589276831974,-0.08942628822438928,0.5112289327625422,-0.37845702683951365,1948.5979347171449,0.00022060577829950028,277.61597899494143
89.58294838518952,24.360048174143817,25.804844474798166,19.382502369256734,0.048516830113429124,0.4932361885914447,-0.38830050696519586,1948.9683440892375,0.0002138018440605796,277.6168812328662
89.63294838518952,24.360048174143817,25.636941162724455,19.34549980408736,-0.0018912347242744823,0.510222216271164,-0.4031197090270236,1949.2999370300927,0.00020777739671743896,277.61460549225717
89.68294838518952,24.360048174143817,25.128550071999758,19.302196278416275,-0.45591498753069093,0.49025296040632843,-0.40189590936434283,1951.0161368671547,0.00021321554826269324,277.53859051083117
89.73294838518952,24.360048174143817,25.651267246809468,19.130230356805523,0.1390749362359717,0.444012608793291,-0.31224383606288053,1956.729999818612,0.00022357324262732502,277.5060034963456
89.83294838518952,24.360048174143817,25.369909010208836,19.828719607422567,-0.15413700695167581,0.43638465832470963,-0.37775344349750767,1953.2319127958338,0.0002245966822031445,277.6363373170525
89.88294838518952,24.360048174143817,25.562725019852028,19.92840095520243,0.020272616258384172,0.48229829286595205,-0.4296916075703076,1951.4202590057025,0.00022525088975481602,277.7226316786627
89.93294838518952,24.360048174143817,25.57442113457439,19.774607319155386,-0.06598816146568315,0.5004585772348528,-0.4335143087860911,1950.1825194289322,0.00021725578360291822,277.6542683360149
89.98294838518952,24.360048174143817,25.723940506904437,19.709717529697183,-0.06400420276279516,0.49850840446654715,-0.439781595716962,1948.2420623896132,0.00022301951083938956,277.6127668329064
90.03294838518953,24.360048174143817,26.066054487709756,19.91002132025356,0.1608951064721533,0.48583891791397227,-0.4432531765712754,1947.6606924762725,0.00021606375937380535,277.51063720968733
90.08294838518952,24.360048174143817,26.130351192386055,19.619661288639577,0.12815705369331656,0.4701605353943407,-0.44674536053228936,1949.0344544278114,0.00021830811283839112,277.43220199718286
90.13294838518952,24.360048174143817,26.021755309593573,19.048200600968745,-0.010374914524415342,0.44948008735125966,-0.43319359966645976,1950.988949911791,0.00023541458310720912,277.3787929365109
90.18294838518952,24.360048174143817,25.98375905486562,19.292189855906017,0.001100108192547103,0.4644057932509906,-0.40745206296367315,1952.1505082890421,0.00023919432396796237,277.4145782773309
90.23294838518952,24.360048174143817,25.9457707269669,19.307597624467107,0.02210992758078458,0.47464995896588014,-0.400608660363806,1952.230588713589,0.00022829812064685222,277.3763231342166
90.28294838518953,24.360048174143817,25.829095269044963,19.237023928492025,-0.0499813148099934,0.45385862920088327,-0.40799773420454427,1951.0171202456079,0.00021869641852201923,277.35641017087335
90.33294838518952,24.360048174143817,25.8240399397488,19.306628519097035,-0.03428337213573977,0.43180313443176205,-0.41484808077565105,1952.923209799875,0.0002121940637112828,277.2227057963349
90.38294838518952,24.360048174143817,26.137253026862957,20.174721987279852,0.2967393690874879,0.43439483508151355,-0.4107675835345073,1952.580883254801,0.0002068550758953659,277.18780951456597
90.43294838518952,24.360048174143817,25.597843742279135,20.846482420614883,-0.20903744824241421,0.43609215385222605,-0.42693220927513,1951.1939901973449,0.00022225272998813072,277.20050850446006
90.48294838518952,24.360048174143817,25.459864212669466,20.778039647631534,-0.20513905889384348,0.43919550066232943,-0.4298368594704856,1953.3820095850213,0.00022085909206283062,277.3841641098665
90.53294838518953,24.360048174143817,25.54592740447703,20.5121689390247,0.08733223524663689,0.44336623460669217,-0.41417667674889375,1954.987603389105,0.0002061419491049003,277.4448396120229
90.58294838518952,24.360048174143817,25.252959524776177,20.118647631228207,-0.163769584212176,0.4021665455638694,-0.3921289985591716,1957.8436866771137,0.00021526953855296972,277.39034296634725
90.63294838518952,24.360048174143817,25.413158468056206,19.693261666910217,-0.011538157019783016,0.3844562943096012,-0.35715878766544057,1958.8035586670214,0.00020788603326339804,277.28403801327494
90.68294838518952,24.360048174143817,25.63120902961688,19.680572841211337,0.17821678057865958,0.3697767728310849,-0.35464795476149014,1957.243172566858,0.00020857227863454482,277.2877687483604
90.73294838518952,24.360048174143817,25.35327426435229,20.120982521166106,-0.12804159561292874,0.3866439024874613,-0.36359827528196387,1957.1453079416253,0.0002151129613333026,277.355781236817
90.78294838518953,24.360048174143817,25.472085819362338,20.7167796283834,0.006320040735389277,0.37497491237026764,-0.39734983898288334,1952.2934692928063,0.00022222475753275617,277.40907468570475
90.83294838518952,24.360048174143817,25.516561679194083,20.824069261517216,0.10495579824473712,0.36828320024995764,-0.41741493676006414,1950.85554965606,0.00019344974461785156,277.43564082939736
90.88294838518952,24.360048174143817,25.597020871070423,20.934310389357144,0.33111119120299365,0.37350800564817094,-0.44468211778803834,1950.156926264671,0.0001853203045076965,277.42841401552556
90.93294838518952,24.360048174143817,24.98849502141427,20.8710279374264,-0.06480119720391413,0.4236646249893218,-0.43452262018958987,1950.6770514666782,0.0001979538820164699,277.3661943265723
90.98294838518952,24.360048174143817,24.4773536435744,20.69594302224522,-0.28452770632528196,0.4341011273568523,-0.4127865904403001,1949.701323016803,0.0002023950216254619,277.41436148358855
91.03294838518953,24.360048174143817,24.325272269966007,20.46479433927476,-0.23828416194402052,0.446532046584854,-0.40827358365489286,1948.9817618877373,0.00021363101419602344,277.26378484744737
91.08294838518952,24.360048174143817,24.379438720233814,20.253309889399283,-0.14258583679127249,0.3963910166703403,-0.41413551237215873,1947.0965703179668,0.00019415911076271867,277.1767982996829
91.13294838518952,24.360048174143817,24.532812225513386,20.06527431394193,-0.0216412728625219,0.39234493912841784,-0.4272313808761521,1944.5957317444902,0.00019565694340003965,277.24348997183876
91.18294838518952,24.360048174143817,24.708157172278273,20.22364583682902,0.10676622433235972,0.3309962399058859,-0.4367112125780482,1940.764728668362,0.00020025268761441695,277.2127788314176
91.23294838518952,24.360048174143817,24.660481250176183,20.641764152206193,-0.15245221303351456,0.3490808966055406,-0.4668743657365975,1940.7538334559988,0.0002062680185776262,277.26260594201096
91.28294838518953,24.360048174143817,25.141040368300796,20.741717911022693,-0.10014631370778679,0.3344196433456438,-0.46426048647497475,1949.085726861187,0.000199021023489079,277.0159264618639
91.33294838518952,24.360048174143817,25.826925401917137,20.58037272284632,0.11225881063235256,0.31478777045626477,-0.4506110313404363,1954.1657054735185,0.0002002217862134514,276.92493756018126
91.38294838518952,24.360048174143817,26.09259329855768,20.359046311033538,0.11174227774364683,0.31209957928464654,-0.4485790749863329,1956.6143572157848,0.00020640151353361127,277.02007608479624
91.43294838518952,24.360048174143817,26.17346642042684,20.563366371387023,0.10454196752898127,0.27896819236776654,-0.4641582787349771,1956.4617915290985,0.0002100368715361655,277.1683299525424
91.48294838518952,24.360048174143817,26.06332205056414,20.716616535357588,-0.0811931738911501,0.27541045805664266,-0.45982923406763127,1956.1443816944857,0.00020902115926520277,277.04089621373714
91.53294838518953,24.360048174143817,26.461632906202432,19.960336222546065,0.29165768715775686,0.281481382101791,-0.42791903954376787,1955.9198905502071,0.00021100097965672906,276.8995184699669
91.58294838518952,24.360048174143817,26.175444349850608,19.353318342511876,0.020843916501948268,0.23666550418484728,-0.44305353621870075,1949.8627186046951,0.00020530762483498844,276.6534613212573
91.63294838518952,24.360048174143817,25.929760871317693,19.562222929146472,-0.1984877339362081,0.22873736201929884,-0.48575578220107424,1943.6992056243248,0.00020805144945270206,276.4140137350797
91.68294838518952,24.360048174143817,25.29680181020516,20.926649679594494,-0.7948156594871462,0.2370648308579477,-0.5103183553970974,1938.4961534371548,0.00021261243173897865,276.4964585398545
91.73294838518952,24.360048174143817,26.117651840785157,20.097843816435972,0.05862008996076207,0.25700065472874184,-0.4777023258127534,1943.584587174018,0.00019128384381507632,276.5372841251948
91.78294838518953,24.360048174143817,25.816849341432768,19.32125855187895,-0.23111619587535512,0.2324655397419015,-0.4835351748514826,1944.6751248509163,0.00019345896459289422,276.4896489878019
91.83294838518952,24.360048174143817,25.86353295618676,19.61459587875207,-0.2564748633392305,0.24672987571650692,-0.46931112712131523,1946.179382217907,0.0001893675715547432,276.4896298626979
91.88294838518952,24.360048174143817,26.21945666486306,19.51144778185207,0.11680481404163287,0.24107373159651443,-0.4373614172648893,1947.3449267273993,0.000207213588813038,276.43709061385135
91.93294838518952,24.360048174143817,26.60334646991567,19.30635413817699,0.5658564886795274,0.2191617776307713,-0.4247934406002612,1944.965192883161,0.00020280317404599863,276.19746207393945
91.98294838518952,24.360048174143817,26.288828780196955,19.66052780180873,0.5865133564975257,0.23818438031967276,-0.40077631193433433,1942.388768735771,0.0001939294914389349,276.2191585585695
88.58294838518952,24.310048174143816,27.999696491356495,19.078983319649083,0.9702532643994164,0.6194399043810734,-0.23990387509018238,1967.1682152392157,0.00022327146659974233,277.8497212674727
88.63294838518952,24.310048174143816,27.470918872180537,18.5733765930856,0.6365434608026057,0.6364292545845905,-0.24065221630915012,1961.9939341550407,0.0002283424806247928,277.87970435309444
88.68294838518952,24.310048174143816,26.496623335839175,19.62714986710696,0.02250817329925857,0.6429815921993964,-0.28579459516226985,1954.0426778050576,0.000228635511288258,277.8364398108598
88.73294838518952,24.310048174143816,25.285885735138727,19.301769131518302,-0.8427457258645772,0.6180619992570888,-0.34650507704242123,1946.497311181222,0.00023584209243946404,277.775822356016
88.78294838518953,24.310048174143816,25.731791569342047,19.086350878077877,-0.21792891457166752,0.6371611433068491,-0.37172773233485623,1944.1477856568954,0.00024179700871401175,277.6430942192434
88.83294838518952,24.310048174143816,25.995502893562463,18.919128841871746,0.11237768328418053,0.6295421797605203,-0.36637201878221604,1943.5560845622997,0.00024093442078547845,277.6546656730887
88.88294838518952,24.310048174143816,26.0660022292279,18.69323413840739,0.05140657629878514,0.614596274963968,-0.3743326540334149,1943.0275154810286,0.00023482760761041354,277.6824568760834
88.93294838518952,24.310048174143816,26.12907738402977,18.75774914487285,-0.056158844469351696,0.5823768062002234,-0.3715534879372309,1943.4585018312857,0.0002372890776587227,277.6201992592496
88.98294838518952,24.310048174143816,26.374181452163448,18.90977563691473,0.08847513818250469,0.5823503562858737,-0.3848992563744757,1945.499520257706,0.00023591993375796018,277.6303175113202
89.03294838518953,24.310048174143816,26.117691847525677,18.982915476051797,-0.21396997462371306,0.5710758403508567,-0.3942426948756727,1946.2919386332665,0.0002241522789079849,277.75317370276167
89.08294838518952,24.310048174143816,26.228013147406802,19.157681941920963,-0.11271975984655129,0.5582820416879722,-0.39323858685018526,1946.6960962183687,0.0002236176982236664,277.68772971742936
89.13294838518952,24.310048174143816,26.250142081903718,19.536358824600544,-0.17863580237248994,0.5610629611731379,-0.3937402086127748,1947.6959713240444,0.0002235918505664388,277.72640774273736
89.18294838518952,24.310048174143816,26.431062275309817,19.098278447636062,-0.11339184790539118,0.5763009765115394,-0.39884399713309704,1949.6213698439378,0.00021662903215411322,277.83283136593656
89.23294838518952,24.310048174143816,27.066040145005232,18.818480627619753,0.4863707234967295,0.5840365767195432,-0.4063561282295047,1950.8338605813472,0.00022584818375806246,277.84644431817213
89.28294838518953,24.310048174143816,27.239843502704527,18.74536284697478,0.7639256801797419,0.570620110786479,-0.41044591330150554,1950.41383117358,0.00022042358575128648,277.9282294827117
89.33294838518952,24.310048174143816,26.557114949871558,19.59076343522872,0.2703420252329155,0.5600059780380516,-0.41672942143590813,1948.3689494911903,0.00022175380481021252,277.88373466515395
89.38294838518952,24.310048174143816,25.939845484136193,19.92102158988192,-0.1525699223595607,0.5574138215470685,-0.4203863328044258,1946.2487336366523,0.00020985162618771254,277.7076657090769
89.43294838518952,24.310048174143816,26.036623994998212,19.828324338170763,0.06302999832664567,0.557137481412626,-0.42487176537461685,1946.8840002361635,0.0002071662370494153,277.6665175061518
89.48294838518952,24.310048174143816,26.182902654357964,19.483704900519083,0.2194217359417003,0.5365348801369442,-0.4051021398949628,1947.6875497439619,0.00021969119043861653,277.5175450655369
89.53294838518953,24.310048174143816,26.018866400944567,19.451812550874273,0.04348934282992374,0.5249305819623057,-0.3889004143748261,1947.49998323953,0.00022006665464145052,277.5201279586837
89.58294838518952,24.310048174143816,25.904883709225448,19.414971739455403,0.019251648635137866,0.5152201544847508,-0.40800171046033534,1946.9788627576543,0.00020671479180917762,277.6139486096225
89.63294838518952,24.310048174143816,25.78876688895309,19.25103322711316,0.043901713512658,0.533195103504087,-0.426754148882745,1947.2129770700303,0.00020204372459057176,277.58667689473657
89.68294838518952,24.310048174143816,25.409637663207494,19.311413932040626,-0.23362896291256868,0.5133342520454331,-0.42167756148065005,1951.3320137053379,0.0002096077877030859,277.58402390890507
89.73294838518952,24.310048174143816,25.8758146956206,19.113407242423094,0.3415355430775125,0.47481530145292594,-0.3351423555464108,1957.078533857527,0.00022491317771330434,277.5370872007119
89.83294838518952,24.310048174143816,25.684986446276437,19.325944904084544,0.1030068411918739,0.4264602943172468,-0.41312252945778777,1954.7412370877505,0.00020612716103343508,277.60071324886826
89.88294838518952,24.310048174143816,25.654482975164,19.54703066492258,0.026642359704187074,0.5167943923633248,-0.43587619671968114,1950.811159830205,0.00021534293328030263,277.59392671240886
89.93294838518952,24.310048174143816,25.67548325164766,19.698312823407388,-0.0503228005166548,0.5180743574453119,-0.4255814885292854,1949.7930351519146,0.00022118557721049464,277.6731698399606
89.98294838518952,24.310048174143816,25.745421045433687,19.966772499635056,-0.0935686044173608,0.5036105592510738,-0.43747967930045156,1947.8317293682346,0.0002299929500342979,277.62224938528647
90.03294838518953,24.310048174143816,26.106007492661934,19.79783915917126,0.20580585961383074,0.47822417552478735,-0.4280604143074464,1947.3482460927773,0.0002174303887300906,277.4904426475228
90.08294838518952,24.310048174143816,25.91808710477945,19.540033298222514,-0.02796650738419433,0.4923884570538401,-0.4350352043058496,1947.5572715355624,0.00021891220593557475,277.42922796701475
90.13294838518952,24.310048174143816,25.749448162535963,19.065498324431584,-0.16335587076774943,0.45925987027402526,-0.42871742310441535,1949.3312317343573,0.00022164000894690216,277.33697869373896
90.18294838518952,24.310048174143816,25.99131840768361,19.210995668239494,0.16660182087322398,0.44551788276371956,-0.4145275093231859,1951.0675405012596,0.00022132342375377626,277.3119163905854
90.23294838518952,24.310048174143816,25.849363817135576,19.225805585742634,0.08299011220382184,0.45671082874256813,-0.414266287802887,1951.7828728434815,0.00023013201965298684,277.215245346012
90.28294838518953,24.310048174143816,25.65430834223402,19.468377000285532,-0.17083405278742383,0.45877732231478374,-0.4067304772480951,1952.470334767306,0.00023384791524566018,277.2695567741878
90.33294838518952,24.310048174143816,25.883853901970667,19.542314575401086,-0.038271795439072664,0.443203067677838,-0.38802874975837426,1956.154030829245,0.00022903220829858845,277.1383068680889
90.38294838518952,24.310048174143816,27.1820169474514,19.74183245436885,1.2059155508286112,0.4344223610797863,-0.3844452857025849,1960.2650492959795,0.00022344853804876944,277.04462002619255
90.43294838518952,24.310048174143816,25.779518644875328,19.69292309349578,-0.18483108417168947,0.4154961082301348,-0.4340425854104041,1956.9541730073868,0.00022340838292879073,277.09546016510905
90.48294838518952,24.310048174143816,25.38950480653845,20.321322799279958,-0.38397280999382294,0.43260034855611174,-0.44502619532440885,1954.7868477780469,0.0002251223897127422,277.2735662027329
90.53294838518953,24.310048174143816,25.38881928227458,20.794781411585905,-0.07430451753461612,0.38959342499378485,-0.43497273378270696,1952.4286732399398,0.00021297737541410547,277.3112381638183
90.58294838518952,24.310048174143816,25.392559672501683,20.74157054066078,0.016264393307715425,0.37417379409949275,-0.41210593374966714,1953.023622957391,0.00021605572342173337,277.33472035882636
90.63294838518952,24.310048174143816,25.576737841326665,20.00006594222513,0.18932696703883065,0.38562748834478233,-0.3801594207140883,1956.0848629449395,0.00021853597989434132,277.16175518665403
90.68294838518952,24.310048174143816,25.64806028932146,19.996041995594553,0.1976853796404599,0.388691462553251,-0.36711372558238353,1955.6038098920096,0.00021812810779965196,277.0862883490934
90.73294838518952,24.310048174143816,25.49055845634947,19.97181703048095,-0.019593587911050342,0.3979462076852097,-0.36754618978098547,1956.3013764643704,0.00021359046125185888,277.13912175479487
90.78294838518953,24.310048174143816,25.428670464360557,20.315294527808373,-0.1160003558084533,0.3846510954073997,-0.39311718221841235,1954.5654271708765,0.00021574084666948427,277.2572620344016
90.83294838518952,24.310048174143816,25.472319293101208,20.324356437302665,-0.02148223622260859,0.393265143512186,-0.41415951217222213,1954.8984311494182,0.00021030468677892767,277.1667808195218
90.88294838518952,24.310048174143816,25.52568125362055,20.348955512016424,0.21752587133478202,0.37717579143096713,-0.43688060336040746,1955.0804045238335,0.00019765760322849538,277.2334425615983
90.93294838518952,24.310048174143816,24.98974613651985,20.845919600096792,-0.026563768113397355,0.3628253155491219,-0.42463450687716914,1953.676151504842,0.00020255313707766582,277.20158392826323
90.98294838518952,24.310048174143816,24.52835951403705,20.677818537607838,-0.21889005726900795,0.4193476023145902,-0.42143294540056725,1950.7357552496642,0.00020401938206048421,277.1523947151299
91.03294838518953,24.310048174143816,24.394438569574106,20.292179168581598,-0.19785114248301264,0.4369649369081253,-0.42091517675192086,1952.2487256067368,0.00020006752553572348,277.0977218628972
91.08294838518952,24.310048174143816,24.65263718318144,20.3154214468039,0.0828621159160108,0.4489204929069452,-0.4048572346179764,1952.0439144153363,0.0001952980408512456,277.0494182692588
91.13294838518952,24.310048174143816,24.374142938075863,20.761626391400203,-0.2604473771700535,0.4560096928024298,-0.41305147388262714,1947.6690519142714,0.00019656162575738654,276.9630439196141
91.18294838518952,24.310048174143816,24.60284818245394,20.269058084499918,-0.20809096927094584,0.38831545348462787,-0.41147461905849086,1948.0620256370428,0.000194870180235063,277.0916539264356
91.23294838518952,24.310048174143816,25.02648284963551,20.602519679570147,-0.24965705164611676,0.3520064739537224,-0.45088162678487637,1951.98943943352,0.00020819059785437852,277.2778010533804
91.28294838518953,24.310048174143816,26.017089570675427,20.55483945167818,0.17793339397496621,0.31773792096207376,-0.44653285714613306,1959.434014267703,0.00020624795067833643,277.3494893063934
91.33294838518952,24.310048174143816,26.630216916739414,19.96893665445027,0.3585882851670828,0.34426694691759985,-0.4223108723286626,1961.3099346407034,0.00019906239908596007,277.22914040463473
91.38294838518952,24.310048174143816,26.396815258800697,20.002352563699038,0.024699741664463964,0.34798412848719473,-0.42690753831268846,1958.8406393159883,0.0002075587714764559,277.09586757793693
91.43294838518952,24.310048174143816,26.258423006240236,20.060109533615368,-0.048948356525899725,0.30077715029181235,-0.444846076676831,1958.6232115853531,0.00020880890355049343,277.09611723294034
91.48294838518952,24.310048174143816,26.21997734400216,20.26722785686947,-0.09672023873426307,0.298016105386831,-0.44578289621863637,1960.437624523597,0.0002135281468553134,276.74798329679675
91.53294838518953,24.310048174143816,26.475745037637264,19.940082323492533,0.18358932713643855,0.28388000666726676,-0.44444255968411833,1957.2822902695798,0.00021579180776368537,276.7231719340121
91.58294838518952,24.310048174143816,26.58070873127555,19.27317427312415,0.3862081156659527,0.23568372646578237,-0.4698394128554802,1951.4088962732274,0.0002000721732081432,276.6542551414233
91.63294838518952,24.310048174143816,26.318130738323106,19.408734564937724,0.1927556838758638,0.23189201652430738,-0.49079760475445516,1945.8350166267646,0.00020872646024822173,276.5951293211624
91.68294838518952,24.310048174143816,25.828420596479088,20.294522500441907,-0.3233084662206206,0.24196194454329686,-0.4832051862788004,1946.1131150645085,0.0002099249621642863,276.875621478989
91.73294838518952,24.310048174143816,26.422606791308446,19.875052763982744,0.2681834033346935,0.2561276813368104,-0.44779713026499435,1947.2030522942666,0.0001995693606495683,276.6036617757825
91.78294838518953,24.310048174143816,25.835750498149718,19.369190938547877,-0.32040458978976033,0.22899772337638136,-0.4724062022797976,1943.4405961337513,0.00019179365644809578,276.6060189281796
91.83294838518952,24.310048174143816,26.21853465791913,19.19851524208185,0.0916453895983973,0.24135080868245945,-0.4631558074762173,1944.0345223598972,0.00019293111908548767,276.4739175401085
91.88294838518952,24.310048174143816,25.88577954548258,19.31353448786983,-0.12399812264836331,0.2320843185154089,-0.42993467251747963,1943.7950367017127,0.0002033675777921292,276.16113571712077
91.93294838518952,24.310048174143816,25.32305282752606,19.35071034349096,-0.5662916268712549,0.21190452163797938,-0.43578201803095856,1940.7026007642169,0.00021197607023056686,276.03797450695174
88.78294838518953,24.260048174143815,25.45415106853788,19.026394397334727,-0.43454820311293973,0.6104180320902469,-0.3549478334257293,1943.0487904910567,0.0002279093381354764,277.5607751606091
88.83294838518952,24.260048174143815,25.664955516416292,18.814073888607737,-0.16687609493825065,0.6140688151007874,-0.36676284183745744,1940.6218562525303,0.00023426600446754153,277.5571153065804
88.88294838518952,24.260048174143815,25.868282573689054,18.824675760151216,-0.0946597005861478,0.5944336609902665,-0.37923615285998663,1941.2554399174205,0.00022996284623863605,277.5419639508729
88.93294838518952,24.260048174143815,26.27405834831723,18.546845631008907,0.1274094087792755,0.5865345760904062,-0.3789731017000451,1945.2352861063086,0.00023623270636182852,277.45224096906594
88.98294838518952,24.260048174143815,26.46237972771041,18.71818873524576,0.16656162844500436,0.5745371615230993,-0.3881903633591765,1948.547708354604,0.00023282028282509314,277.5298033502186
89.03294838518953,24.260048174143815,26.31688920652005,18.704981803500257,-0.1009919644358004,0.5609743397533836,-0.3927412163466129,1950.9274764164759,0.00023287519446159495,277.578466520368
89.08294838518952,24.260048174143815,26.457928647908087,18.84535602745372,-0.03371122342498482,0.5656822974635987,-0.3888383689576629,1951.0584050186444,0.0002314109758461956,277.50953424729084
89.13294838518952,24.260048174143815,26.617581684658568,19.147378958497345,0.05319031332412897,0.5477867810122488,-0.4051202575705602,1949.8546232445115,0.00022695500962006355,277.6854762438708
89.18294838518952,24.260048174143815,26.043730617833287,19.008856177567665,-0.5944558724132535,0.5624236416432961,-0.41000908175555256,1948.8387174054565,0.0002248299012771992,277.80143530694187
89.23294838518952,24.260048174143815,26.129174211454842,19.18899307176942,-0.48844260793246574,0.5560819618969933,-0.4139375483859233,1947.634963078987,0.00024086495503686947,277.9126275754975
89.28294838518953,24.260048174143815,26.400702100992238,19.286904063598843,-0.05342168048962503,0.5612204454760683,-0.40982996890449025,1948.0558866111714,0.0002343329208509735,277.82311480934214
89.33294838518952,24.260048174143815,26.471225132070387,19.442089491905293,0.17419429102960185,0.5360879802503498,-0.4170714691236694,1948.1714041790058,0.00022096730782544347,277.72431491799813
89.38294838518952,24.260048174143815,25.979589689376763,19.934000791626442,-0.2116753409517723,0.5644123998651551,-0.4329952174687284,1946.594234466959,0.00021567446371777046,277.6920000515103
89.43294838518952,24.260048174143815,25.923532949005804,19.812813466210883,-0.23889865505610278,0.5661931384492058,-0.4329988386073741,1948.0277979698349,0.00021080112676809514,277.70393360547484
89.48294838518952,24.260048174143815,26.299790649040148,19.49187446746724,0.13695557942512446,0.5397073990486492,-0.4187111983455039,1949.2371242046725,0.00022166757673201657,277.5559819062237
89.53294838518953,24.260048174143815,26.201611549252583,19.447609116972608,0.04955755628600386,0.5297824042258337,-0.4076131289028434,1947.609266317595,0.00022822049055360154,277.5094931230243
89.58294838518952,24.260048174143815,26.112496037180463,19.535324993216737,0.10983412415057443,0.5178391690775167,-0.41228215579691563,1947.3487244495157,0.00021440403122028074,277.6229279151826
89.63294838518952,24.260048174143815,25.984748162056636,19.335730299371733,0.15091454568641818,0.5340591972364459,-0.41919970653294136,1947.9835347047149,0.00020614011415433808,277.5683090174249
89.68294838518952,24.260048174143815,25.31824668306283,19.255216105805363,-0.4139075450596051,0.5153654600973979,-0.39913973780710676,1952.9546150443293,0.00022248764769183056,277.5714591992574
89.73294838518952,24.260048174143815,25.372851656904427,19.40469039996483,-0.2827440343079929,0.40461092497336887,-0.29745190863617355,1959.9387160259132,0.0002364761328769917,277.5588889468798
89.83294838518952,24.260048174143815,25.62866980766791,19.145696600217224,-0.1303891197648517,0.465051506992398,-0.412319204541466,1956.7087026411875,0.0002111828641210997,277.6639417632483
89.88294838518952,24.260048174143815,25.569676853892815,19.594348089030177,-0.21831222772078135,0.48943191099828903,-0.41245934159423003,1950.9611996380352,0.0002253089745555645,277.6153991147926
89.93294838518952,24.260048174143815,25.77556897756999,19.770075482094825,-0.01062051891636512,0.49522390571352054,-0.40060805722232573,1951.9294884090173,0.00021385729180543308,277.52273312491747
89.98294838518952,24.260048174143815,25.72651188214228,19.675985125646474,-0.10234107171041279,0.4915536964672587,-0.42545765256800466,1951.1327574341626,0.0002181148237849088,277.45782692651426
90.03294838518953,24.260048174143815,25.947518887447167,19.869265298720293,0.08871351178825669,0.4796521751887699,-0.4224938494661349,1947.9698861906686,0.0002171695757764801,277.35514190941086
90.08294838518952,24.260048174143815,25.933038238061915,19.47061155275217,0.06069132899329485,0.49704522057586104,-0.43071574592753387,1948.7163930437684,0.0002167064569397266,277.30851786433493
90.13294838518952,24.260048174143815,25.64591673676017,19.066965568593012,-0.18106441732276005,0.4799781237932108,-0.4324537117877313,1949.8873704498035,0.00022322424870274362,277.19397061158145
90.18294838518952,24.260048174143815,25.50888381641943,19.108674547147363,-0.24317049396726867,0.458737139558719,-0.4358692596018779,1950.8284349966582,0.00022432880761843292,277.2589204873339
90.23294838518952,24.260048174143815,25.65876749898656,19.110636984160397,-0.04047599901014861,0.4395512463537283,-0.44434920334508843,1950.968158046647,0.0002264317732686981,277.1943148680812
90.28294838518953,24.260048174143815,25.71144315149019,19.2374673802886,-0.12028076969501482,0.44172284488132774,-0.4305841062888083,1951.9419909607072,0.00023143743149206408,277.25267891562845
90.33294838518952,24.260048174143815,25.944437992043756,19.38267381360688,-0.10152819923102072,0.44705307974841224,-0.39516055841282993,1955.7999166084658,0.00022863762131236558,277.07012517117477
90.38294838518952,24.260048174143815,27.113911271334842,19.700892189321216,0.9831806377636825,0.43975093676281696,-0.3655667905085799,1961.6867557103199,0.00023263658563402217,276.8285229810474
90.43294838518952,24.260048174143815,26.359410300094165,19.463229496919727,0.277360558815318,0.40160340814954826,-0.39940128102604056,1959.2859147194201,0.00022733831425455461,276.8993979200113
90.48294838518952,24.260048174143815,25.377054968491336,19.926389530707535,-0.5182873711653527,0.3878476009872818,-0.4337824690686904,1954.6748152750451,0.00023035388616080528,277.0486977767918
90.53294838518953,24.260048174143815,25.16872438335237,20.727234912340254,-0.4056364942824596,0.36028277951793325,-0.4275033441077573,1951.8253460955248,0.00022086269617483344,277.02871076092634
90.58294838518952,24.260048174143815,25.06368774350835,20.584979106872943,-0.36027880396793677,0.35875477885678264,-0.40952920944667626,1952.6269552623066,0.00022732832762325448,277.08284467030614
90.63294838518952,24.260048174143815,25.249444548257234,20.140098443829483,-0.2058909828982477,0.36868246317055653,-0.3900809202004925,1954.7789809726107,0.00024011305319770925,277.064185918598
90.68294838518952,24.260048174143815,25.504677550821775,20.030434203023894,-0.04344461487459468,0.3799711638098837,-0.3712777343809329,1955.8840636578593,0.00022552477258383917,276.97010477142425
90.73294838518952,24.260048174143815,25.691446634782928,19.774510920539825,0.07604596922912654,0.3744445314449512,-0.3725038811382748,1958.0353073180443,0.00021579995269296453,276.97880342204445
90.78294838518953,24.260048174143815,25.662245431865987,20.026966163498333,0.02997085528039809,0.3687790951976132,-0.3793939167295213,1957.4037995697786,0.00022204655136721674,277.0109811401072
90.83294838518952,24.260048174143815,25.551256532555108,19.978238416874564,0.015487575763662302,0.40301780142773164,-0.4061932979365714,1958.7530185812875,0.00021679595124035817,277.0944486062123
90.88294838518952,24.260048174143815,25.375077602206055,20.11117956630198,0.02192506198769067,0.384980161479515,-0.4361732726597224,1959.242178796616,0.00021401834951938935,277.0837530251306
90.93294838518952,24.260048174143815,25.12447266842082,20.500908685172078,0.02662686761609098,0.3690833312320719,-0.4365619431488724,1956.0900408401953,0.00021805148692566166,277.0615482794392
90.98294838518952,24.260048174143815,24.662236128991058,20.500906026528114,-0.21420546120460285,0.41111187930952636,-0.43601966294782857,1952.8259999626503,0.00020404460027666416,277.12707034072224
91.03294838518953,24.260048174143815,24.52456740346316,20.2823740129958,-0.2134498118877139,0.422711347741898,-0.4242991282233702,1952.6165295433455,0.00021186216305612096,277.0461241180417
91.08294838518952,24.260048174143815,24.759531824412196,20.27814158695585,0.025322569431533107,0.38382588648647614,-0.4056299681483709,1955.1703236995959,0.00021677745620005676,277.0113496420897
91.13294838518952,24.260048174143815,24.848268835224896,20.255916981834922,-0.011031352374979089,0.37834725117275086,-0.4249346605826295,1953.6247502270955,0.00021528152682862654,277.13289101116084
91.18294838518952,24.260048174143815,24.77639117557255,20.732798527380485,-0.4985452496965872,0.3715357895705832,-0.44201377204891856,1956.4913547623598,0.00020859987798021475,277.22428704699826
91.23294838518952,24.260048174143815,26.021276589233885,20.113606758918998,0.14990506303363504,0.3165362886891392,-0.46001354731057237,1964.2365004520568,0.0002036532119751655,277.14663566408115
91.28294838518953,24.260048174143815,27.257417132242203,19.677177117046483,0.9007841263747565,0.30547951592319295,-0.43606889370720364,1965.0809312386427,0.0002060411726869991,276.9704386078616
91.33294838518952,24.260048174143815,26.571384126134134,19.85664550195585,-0.03717354284418034,0.3496813918162779,-0.44229777461201236,1961.9283034224509,0.00019657300954379893,277.02031142921413
91.38294838518952,24.260048174143815,26.47845736733181,19.953675365475195,-0.008311071203788198,0.30241630938286085,-0.4335321920365805,1958.1540476187927,0.00021098097248974744,276.7775904770167
91.43294838518952,24.260048174143815,26.297387432499615,19.99451374010093,-0.036860580378409925,0.2994449148913283,-0.44755724932185176,1956.7370681384475,0.00021497879488279996,276.73808712116426
91.48294838518952,24.260048174143815,26.4046533257135,20.253815467229554,0.052061294650314914,0.3138239592494182,-0.4573270462229459,1957.9760222112648,0.0002173257569447009,276.50806821543534
91.53294838518953,24.260048174143815,26.33311542588765,20.025619785000032,-0.02979163511822269,0.3043077649247925,-0.473195616679635,1954.011381867366,0.00020662723114426852,276.3941479668438
91.58294838518952,24.260048174143815,26.322619889948054,19.23504092501254,0.024001056689000766,0.25412300228745477,-0.4883932919341761,1949.9221353356882,0.00020493714222862727,276.3969347414914
91.63294838518952,24.260048174143815,26.499726452187023,19.263897023398915,0.26283131110745556,0.2459665578622869,-0.47910696205197145,1946.8525861443911,0.00020983055382552493,276.41030570636093
91.68294838518952,24.260048174143815,26.408119826015223,19.707543028086935,0.16226662657706728,0.259192350379487,-0.45761766328807535,1949.0771010252138,0.00019848228020485616,276.35745194265724
91.73294838518952,24.260048174143815,26.621960508033492,19.43504166829648,0.36572932424076726,0.24125992228444643,-0.4414821078014258,1948.0698489720914,0.000196642359620099,276.1472215663152
91.78294838518953,24.260048174143815,26.050010566501992,19.12128522122185,-0.17599702519816016,0.22417073682702623,-0.4659524316650908,1941.5671041577066,0.0001907458035690251,276.27240693012544
91.83294838518952,24.260048174143815,26.482751604755123,19.06855167506073,0.4847392928678012,0.23697777541831855,-0.4428369883835545,1940.857583749528,0.0001850267041892711,276.1937701028206
91.88294838518952,24.260048174143815,25.58585154491789,19.381348284838833,-0.20828395441494052,0.2293396166465213,-0.4405651556306518,1938.9781554836827,0.00019323184759892755,275.99782231887787
91.93294838518952,24.260048174143815,24.599735731790968,19.283423468591618,-1.0293524801807499,0.2318151981498951,-0.4698360470900864,1934.3323906301714,0.0002039246926531807,275.9461130269701
88.78294838518953,24.210048174143814,25.537893764083414,18.75826787890018,-0.5074584759800123,0.6117212491421281,-0.31688574865430646,1947.4257387378238,0.00023734637571283293,277.60153171640627
88.83294838518952,24.210048174143814,25.79597141226919,19.41799691327663,-0.26399137410580287,0.5934993017311998,-0.3702990687599038,1942.024682670929,0.0002332692034647449,277.5408708101134
88.88294838518952,24.210048174143814,25.699080539947186,19.773056914786643,-0.4846313990682219,0.5694462013341991,-0.3878141188727654,1944.230056455534,0.00023215695811282794,277.56073149683664
88.93294838518952,24.210048174143814,26.318274551060348,18.938385331238397,-0.00956975354555853,0.5770690144657847,-0.3772683657070487,1948.8821258542102,0.0002370771617821282,277.64201153449767
88.98294838518952,24.210048174143814,26.772784846999603,18.66452709226118,0.34325523350697645,0.5627573310403586,-0.3736066938420161,1951.2990744502395,0.0002297563519511447,277.60114172052874
89.03294838518953,24.210048174143814,26.717016008241867,18.62680507864782,0.1681800122546862,0.5613830391181446,-0.3841328752356535,1951.112250273895,0.00023816315289592344,277.5626764069105
89.08294838518952,24.210048174143814,26.881561323786194,18.713926328093574,0.30513660751734106,0.5606533471674007,-0.3942639994609507,1953.2865945031358,0.00024361403476145694,277.5267230154048
89.13294838518952,24.210048174143814,27.13718864392626,18.892362688091307,0.5788458122448717,0.5642866581237145,-0.400848970857086,1950.3610259527177,0.0002365524585040811,277.60604398107927
89.18294838518952,24.210048174143814,26.82908684048529,18.970292518450705,0.2744071819954949,0.5510532705068408,-0.4162784337808012,1949.1803829998978,0.0002269815633936731,277.77006040716947
89.23294838518952,24.210048174143814,26.8370759458563,18.988627698385706,0.3525394174751962,0.5474594472080276,-0.4240549813593405,1948.4679344323204,0.0002283486222661144,277.8372766936467
89.28294838518953,24.210048174143814,26.360566334727956,19.36749195585504,-0.040543793143173586,0.5453958630620209,-0.4278561004621196,1946.9121839638838,0.0002324451226769288,277.84679245176596
89.33294838518952,24.210048174143814,26.480412762815405,19.13174217809996,0.16957253081636736,0.5186690258147268,-0.4407286392576571,1947.6992474556894,0.0002223412105857848,277.68660038388333
89.38294838518952,24.210048174143814,26.305859577601588,19.480390940252178,0.04283297246369348,0.5153157831004346,-0.45027564754699834,1947.0856264967995,0.00021832050652379167,277.5761902539976
89.43294838518952,24.210048174143814,26.48885499522731,19.327733554734852,0.18717035133160054,0.5383582919187444,-0.4497735029828686,1947.4867533970137,0.00021534972618169335,277.62859124101897
89.48294838518952,24.210048174143814,26.499900179895096,19.44642841596131,0.17619487663063824,0.5459686454522256,-0.4175142365889761,1948.831984230685,0.00022367359197765916,277.4476646549448
89.53294838518953,24.210048174143814,26.335508922263244,19.532235135769987,0.0969496240964665,0.5433356061362934,-0.3954077437702854,1947.8816385846396,0.00021568708550924917,277.4135980975098
89.58294838518952,24.210048174143814,26.21381857542754,19.350387755109537,0.15549157867402963,0.5173099223217981,-0.38898914997377415,1948.2930805231272,0.00020861911583168924,277.49977065141366
89.63294838518952,24.210048174143814,25.937544663727557,19.245052299266355,0.09905617398509757,0.5251209307456366,-0.38920778803855555,1950.1711284131934,0.00019886554538588148,277.4861339109042
89.68294838518952,24.210048174143814,25.712028622756286,19.516124720768588,-0.02818843694567716,0.4824416849837318,-0.3459394660621607,1956.3668256960477,0.00021418430908060656,277.5144467609466
89.78294838518953,24.210048174143814,26.212312006692922,18.9128725660416,0.3167035440052861,0.35223828396451884,-0.28367430305655483,1963.649145098455,0.00023841379004096327,277.6020563671722
89.83294838518952,24.210048174143814,26.110715400013667,19.096216882220297,0.19826136267214067,0.45406581903038745,-0.37588594953224075,1957.2837761227477,0.00022227998550732516,277.4859926541148
89.88294838518952,24.210048174143814,25.916250907393376,19.339972611545914,0.042736536631763404,0.4736404515339093,-0.38668069460394755,1950.8814772792966,0.0002208952902078354,277.351662000214
89.93294838518952,24.210048174143814,25.61138338881354,19.53171657531738,-0.2192239179306114,0.48298837681631435,-0.3949823387772088,1951.178117155351,0.00021278380946360872,277.2743621327704
89.98294838518952,24.210048174143814,25.743628024935102,19.64524886326329,-0.06487774621257436,0.48117491094392156,-0.41536353421364836,1951.3676496771554,0.0002211447316636471,277.32820142343763
90.03294838518953,24.210048174143814,25.959278126442857,19.64816143271606,0.14057260537100016,0.47940724332887846,-0.4243863121195738,1949.148306755629,0.00021727290229343231,277.31345805146736
90.08294838518952,24.210048174143814,26.049562191905217,19.77845773930191,0.2248605374723148,0.5036522604003798,-0.42252420972263766,1948.9434096573884,0.00021353092741829887,277.2422527919005
90.13294838518952,24.210048174143814,25.842756490006522,19.37808746500462,0.04686267590980702,0.49781881848659815,-0.4270524696923778,1949.3643256613057,0.00022812836323085373,277.1000179081242
90.18294838518952,24.210048174143814,25.60157774174404,19.046347072634838,-0.13582235707753545,0.46672888143404495,-0.44516373419775285,1950.5906671538373,0.00022278360126875348,277.0405082895525
90.23294838518952,24.210048174143814,25.62857300794497,19.08149478662225,-0.06210353459566995,0.4380490244746509,-0.46502253318062076,1949.808666043909,0.00022241415145000907,277.11471962597483
90.28294838518953,24.210048174143814,25.745884301285166,19.4759809398177,-0.07224772521099325,0.43929467372649045,-0.44620685874917,1949.8412521901566,0.0002216357822626176,277.0776148656844
90.33294838518952,24.210048174143814,25.871152043461446,19.054215378675128,-0.2079006672584137,0.42853309820152413,-0.4206757183129875,1951.3383706287007,0.00022728229957277946,276.8796549427767
90.38294838518952,24.210048174143814,26.504270726857666,19.39107721152817,0.25952248398571487,0.43913664329843266,-0.3733393418806741,1959.2728523066537,0.000242020276798809,276.6800005609871
90.43294838518952,24.210048174143814,27.377037894975768,19.587503832382698,1.1845299067402217,0.4114642289477307,-0.36064193740153244,1962.8061838460455,0.00023611268327623634,276.77013314258596
90.48294838518952,24.210048174143814,26.05557073350694,19.43603554240963,0.07272132282553914,0.3524407519008263,-0.40457892442786025,1959.6052718318042,0.00023214810106301364,276.7807425063089
90.53294838518953,24.210048174143814,25.546846466478396,19.436625288623613,-0.13905241491522768,0.3332070456574595,-0.41650933549437325,1956.985181274619,0.0002168167388555497,276.8214849033485
90.58294838518952,24.210048174143814,25.465392424349997,19.410600275203887,-0.03377579287771402,0.3411031161996093,-0.39756022457590384,1956.832579974622,0.00022118084541976422,276.8781768901651
90.63294838518952,24.210048174143814,25.660513212961796,19.685375133451814,0.12909668295446589,0.3432044407206914,-0.37904129476085674,1956.8764614556576,0.00023106146315090152,276.98290574970144
90.68294838518952,24.210048174143814,25.89271002514303,19.71067417886144,0.2506270141072198,0.37089075343488587,-0.3683965699807907,1958.4603991618123,0.00022212910936591663,277.03893332827334
90.73294838518952,24.210048174143814,25.798043690831207,19.53671547103548,0.08769475000604203,0.3635890087814401,-0.3869606989041447,1958.99836002733,0.0002168643375343865,277.0633535313369
90.78294838518953,24.210048174143814,25.670207266538817,19.73917390260377,-0.007101025094504938,0.36430878552875556,-0.39805382877051787,1958.6309244764586,0.00022035644524653702,277.0171555515889
90.83294838518952,24.210048174143814,25.741125251009912,19.86407292961606,0.1768853576355274,0.3702444010724362,-0.4097236738900115,1959.6911383774132,0.0002128290243705281,277.0714775066524
90.88294838518952,24.210048174143814,25.652555827040874,20.08330681356792,0.24788202674508836,0.34536764349750854,-0.42407197918253225,1959.44183426909,0.00021015985953201657,277.0340024692408
90.93294838518952,24.210048174143814,25.32027078378825,20.585909400369868,0.12024533895242878,0.3266703669836154,-0.446387266144059,1956.7915138362641,0.00021107521618923963,276.98069007417354
90.98294838518952,24.210048174143814,25.114558684389273,20.763098466515647,0.08910396932083839,0.37167357162152165,-0.4453007082522826,1954.0586969588019,0.00020690713765405684,276.97427098911123
91.03294838518953,24.210048174143814,24.974482994254426,20.74915486653306,0.014460077759496533,0.35140676771675516,-0.42337467652377464,1952.7514047764823,0.00020578113523761016,277.00708080517495
91.08294838518952,24.210048174143814,25.08441083266716,20.435230869067663,0.07791474288302024,0.37094629288659137,-0.4343042267223322,1954.6405876200831,0.0002036651003711097,276.84894996111336
91.13294838518952,24.210048174143814,25.00398411321569,20.35445675962877,-0.2628232622724109,0.3756582237323617,-0.44775840167794695,1956.1036243654664,0.00020624254740973834,276.91367755668125
91.18294838518952,24.210048174143814,25.226520402356844,20.72979858943712,-0.6167755454209107,0.32398886723952497,-0.4493899744167262,1959.233662585907,0.00020307007400044785,277.0383969614277
91.23294838518952,24.210048174143814,26.569572835629685,20.12926476535093,0.22961393878767844,0.323305029724948,-0.4600394421050706,1966.3283907182204,0.0002033540957404628,276.8380075629978
91.28294838518953,24.210048174143814,27.280247161593497,19.840411156830314,0.6054731927790201,0.32236603489494403,-0.45217224193955274,1963.8543137636584,0.00020389058938257172,276.52021623325976
91.33294838518952,24.210048174143814,26.528164791751124,19.90247274775492,-0.1633574942872018,0.3308726816173243,-0.4444200884117619,1959.1591636083613,0.00019574209204324124,276.454473943381
91.38294838518952,24.210048174143814,26.161978013572483,19.518616571468556,-0.3648567206294223,0.2657125093612926,-0.4562638971315252,1953.051088548384,0.0002010756040458143,276.45528917084783
91.43294838518952,24.210048174143814,26.18134984086419,19.65267273231134,-0.2756058590952647,0.2776142369291257,-0.46352437903719274,1949.078685678033,0.00021152071487907934,276.44016743292815
91.48294838518952,24.210048174143814,26.37125250683243,20.032442388009112,-0.07778000020566543,0.311723826752436,-0.46960413582685745,1953.479785931892,0.00021116671931546393,276.5516738641153
91.53294838518953,24.210048174143814,26.488679395759974,20.029587281140568,0.07158550160263245,0.32575344829212827,-0.47866173868500306,1953.1415260217586,0.00019959036889889044,276.40900664817065
91.58294838518952,24.210048174143814,26.111370579505337,19.67104475866098,-0.2848770790675241,0.2730912402574887,-0.4964524134990907,1947.602969477674,0.00020239614806239687,276.45051217981216
91.63294838518952,24.210048174143814,25.762555253794215,19.358919497013826,-0.5324836577845552,0.24649934007029506,-0.48042252632317417,1944.2857558034898,0.00019941118724105361,276.3346483385053
91.68294838518952,24.210048174143814,26.826829277601277,19.171542686522436,0.6351103619192817,0.2545527358665119,-0.45617205823412904,1945.0141508121126,0.0001994058685401533,276.10966299490303
91.73294838518952,24.210048174143814,26.458017780296657,19.308306253416266,0.3232938862733375,0.23183405862002193,-0.46706581515164064,1942.9791346074771,0.00019246560437190157,276.0891027776861
91.83294838518952,24.210048174143814,26.569857462918552,19.245391345974102,0.7984243494535046,0.2348089481820512,-0.4506132597132317,1941.36385234115,0.00019022501540090782,276.14348111257283
91.88294838518952,24.210048174143814,25.877499970216437,19.154683441276692,0.3398261782168257,0.23135262940131862,-0.47181019375680155,1936.2129219274375,0.00019114231100391012,275.9889738276816
88.73294838518952,24.160048174143814,26.931360056928476,18.833753202863612,0.5358605332037694,0.6399110826569158,-0.2759743246752384,1960.4126498488629,0.00022632995953861417,277.75496653300655
88.78294838518953,24.160048174143814,26.55424408447665,19.3153693353434,0.33055102663605035,0.5698748429582431,-0.2356729500865748,1963.217070565526,0.00024515497292411663,277.5944046282889
88.83294838518952,24.160048174143814,26.441151854295622,19.348114937491648,0.166567611966424,0.5721059335077741,-0.2814036410286619,1960.1612438123134,0.0002415614712748833,277.48542826411983
88.88294838518952,24.160048174143814,26.222699349278628,19.25875560901812,-0.15501968033150945,0.6012506383092817,-0.3253515711196604,1960.4476497066992,0.0002366369773244614,277.4841686494787
88.93294838518952,24.160048174143814,26.464093109697526,19.09751839923126,0.036114243037348163,0.5940322214631474,-0.2974800837624529,1961.079891352722,0.0002408684840182644,277.4716628931869
88.98294838518952,24.160048174143814,26.277222959258825,18.86786231251109,-0.1894932369040259,0.6035471639863735,-0.27232983207269784,1960.8483864826037,0.00023966335752265025,277.48887542675175
89.03294838518953,24.160048174143814,26.175575178878546,19.026791465863344,-0.32896110145435054,0.5897171198857049,-0.32761163625442397,1955.6991678945008,0.00023638632742033834,277.53999558371765
89.08294838518952,24.160048174143814,26.58683508170856,19.269779693116618,0.04490169655442306,0.582166994345564,-0.3781180616777472,1953.871133842935,0.00023033836284852143,277.4951274466837
89.13294838518952,24.160048174143814,26.76968245427232,19.3040316712919,0.2494118093561541,0.5687554728222902,-0.39062142201931804,1946.9508267482129,0.0002341239370734865,277.5127217738086
89.18294838518952,24.160048174143814,26.257195777381376,20.146341453606624,-0.22252593192167705,0.5515052369020796,-0.40476567744892866,1945.5670558297888,0.00023413883320288204,277.6290464094882
89.23294838518952,24.160048174143814,26.580193885280554,19.798568691357843,0.18723785539068263,0.5522241179659116,-0.4151046106652679,1947.27211671306,0.0002185658227217341,277.76081967968895
89.28294838518953,24.160048174143814,26.51162111789395,19.08828528687949,0.13527333973297442,0.5366517852877625,-0.4332711787356277,1948.2101316764101,0.00022187840017131574,277.7022814389373
89.33294838518952,24.160048174143814,25.951225981662027,19.3543153855876,-0.4718754557186168,0.5412695370416619,-0.445757110342265,1949.4201172117575,0.00022424926828764824,277.6376807483557
89.38294838518952,24.160048174143814,26.34942250633157,19.78594442946842,-0.10184103688148265,0.5418834334116148,-0.45628629516989005,1947.5952348721044,0.0002227919393588429,277.57938148865395
89.43294838518952,24.160048174143814,26.341854042843128,19.610844870494716,-0.11468369453048648,0.5318558110423263,-0.44481700999556256,1947.7000241903686,0.0002273214129956496,277.51029460349076
89.48294838518952,24.160048174143814,26.513790429104624,19.49665999605959,0.0964958644191289,0.5293017697428881,-0.4252216593978441,1948.8267800218896,0.000221605919515107,277.3478572710504
89.53294838518953,24.160048174143814,26.02507022727798,19.648469145025814,-0.26418398931042486,0.5238472659194912,-0.393424152156259,1947.8876107437463,0.00021916010659337514,277.2429995786659
89.58294838518952,24.160048174143814,25.937236246868807,19.621633935248553,-0.13153009577616848,0.5052483269484455,-0.37871550706885027,1950.0033119257803,0.00022386912331772405,277.34498984063094
89.63294838518952,24.160048174143814,25.846674671179844,19.218806439240268,-0.0014243642494091466,0.49914456157428383,-0.37034724762622573,1953.1998614775016,0.00020835358359077945,277.293490212909
89.68294838518952,24.160048174143814,25.66765256495501,19.098956939652542,-0.0733285200510706,0.47341268237436673,-0.3228740358536159,1958.9558693978133,0.00021384547518167206,277.28631138910526
89.73294838518952,24.160048174143814,26.094112375381453,18.79358397740097,0.22956679725907456,0.3964657850266959,-0.2911137617201765,1962.5264472076801,0.00022128077011385595,277.31100338078784
89.78294838518953,24.160048174143814,26.139539968699317,19.056412247682925,0.1677547436698012,0.39139348680522557,-0.28615458003681027,1961.167621822908,0.00022649784962993776,277.4098913361482
89.83294838518952,24.160048174143814,26.302488144328446,19.32375330182308,0.36443062504152623,0.45665869989216046,-0.3649349873136052,1956.4901649095461,0.00021243964516254766,277.4183636528851
89.88294838518952,24.160048174143814,26.019776944899224,19.280766861357193,0.17632992706991343,0.47687643397196033,-0.3755609178564953,1951.2131059645142,0.00022612156357865136,277.27750204181297
89.93294838518952,24.160048174143814,25.54871380113634,19.460567845858854,-0.2376942562750751,0.4738530445264197,-0.387515268666964,1949.8799832683023,0.00023054104472718716,277.30017964172475
89.98294838518952,24.160048174143814,25.707819460868613,19.466464608190563,-0.09187230462286806,0.48919219436720507,-0.4074056607107322,1951.5181021832964,0.00022530085024261354,277.31322403721344
90.03294838518953,24.160048174143814,25.8267009456038,19.68892073334844,0.009464261702015123,0.4739767596220301,-0.4187246011770775,1950.47686006109,0.0002165119136171437,277.23500063155984
90.08294838518952,24.160048174143814,26.055739707160264,19.917934136421596,0.2281906558161316,0.4800388528758157,-0.42711445145803073,1949.6319808187804,0.00021400175014040204,277.1522001060994
90.13294838518952,24.160048174143814,25.838517653127063,19.418819581351446,0.013342821873857304,0.45652448156768094,-0.4280218042988824,1950.4700487281775,0.00021264105578864132,277.08395089602254
90.18294838518952,24.160048174143814,25.798402521187587,19.09064139507156,0.027080730419406646,0.441694203155731,-0.4413523684459462,1951.3240767644377,0.0002173586988324567,276.9684236455649
90.23294838518952,24.160048174143814,25.496423053579896,19.06183395791373,-0.24477457404015282,0.4272826673287448,-0.4761308876090782,1949.7350877122954,0.00022040109893876783,276.9608954877141
90.28294838518953,24.160048174143814,25.67246452048677,19.878452251300384,-0.1237083364633298,0.4386385645678593,-0.4652093395447294,1948.6467972934272,0.00022612827524334138,277.01486937379144
90.33294838518952,24.160048174143814,25.762192489619494,20.080843120582582,-0.32918638464284394,0.43539482819888997,-0.42899949897713,1950.8668913825961,0.0002280885826795642,276.8626175348171
90.38294838518952,24.160048174143814,26.258188472804804,19.426819228519555,-0.04190223140836476,0.42294546258733534,-0.38142711967477594,1958.4844443972006,0.00022754709279277304,276.595388377853
90.43294838518952,24.160048174143814,27.06464595188543,19.5048330792393,0.8034949040736318,0.3703275940737313,-0.3548459067981726,1963.0708485520618,0.00023058414854470517,276.5037861482388
90.48294838518952,24.160048174143814,26.017880627744862,19.16713664248642,-0.012789052660551331,0.334434139261223,-0.40195123832406776,1960.1719021206263,0.00023773138904663449,276.6269676248621
90.53294838518953,24.160048174143814,25.455349643580675,19.446732083113993,-0.28991493588547695,0.3327466640434618,-0.41379004455900514,1957.0036185492118,0.00023040966016809727,276.75329014497
90.58294838518952,24.160048174143814,25.301333508077708,19.752398900058868,-0.3186339281470148,0.33836022572655833,-0.405407659391251,1956.7122748888205,0.0002237642120564019,276.8869626933887
90.63294838518952,24.160048174143814,25.637232690610922,19.775578502547038,0.02212582922626659,0.3449466552156294,-0.39733541320703386,1957.2778882629516,0.00023213970728148405,276.95355637849605
90.68294838518952,24.160048174143814,25.880960153429143,19.652874275352925,0.22809748324743445,0.3590041365429338,-0.38616367423580694,1960.6171010017354,0.00022187644606912394,276.8862715711665
90.73294838518952,24.160048174143814,25.765678297475336,19.76077908716595,0.10285805918219909,0.3695363254294277,-0.4027540826083614,1962.2386542644756,0.00021770884451416934,276.92515157228837
90.78294838518953,24.160048174143814,25.472235250073386,19.832294714877843,-0.17822311400056595,0.35613957586162676,-0.421659357428214,1960.9102997367584,0.0002084143071812781,277.0338981930248
90.83294838518952,24.160048174143814,25.688011926919415,19.726625791929763,0.12191775988873534,0.3541366046836338,-0.425972080727858,1959.4210059065783,0.00019086153077272844,277.0039172400185
90.88294838518952,24.160048174143814,25.424009162964698,19.98417310129365,-0.028603837390018268,0.34180694548762547,-0.43989978426730575,1956.7983259945593,0.00019197634841590353,276.98679336763337
90.93294838518952,24.160048174143814,25.135983171796116,20.283222717487416,-0.20896159615043222,0.33676153222379185,-0.46334919601444086,1954.213551984046,0.00020072967525273458,277.06957549132113
90.98294838518952,24.160048174143814,25.000598222561194,20.80164698560149,-0.244207977328133,0.3612941319723439,-0.45518806860141703,1952.4872028531834,0.00020826086445398925,277.00974678371483
91.03294838518953,24.160048174143814,24.99120796075503,20.219866603321584,-0.23605298451222076,0.368940862203906,-0.45038584869031806,1954.2107718591317,0.00020241187396285106,277.0183093977315
91.08294838518952,24.160048174143814,25.453541352772664,20.706096513597103,0.1393816834358753,0.4108801621807232,-0.4645847886043732,1956.5564536239915,0.00020439861178126974,276.8163815866637
91.13294838518952,24.160048174143814,25.952676994459015,20.391965978161025,0.3480401891042703,0.364977002963662,-0.46921039092607547,1961.768615038755,0.00020264196343517413,276.8180730344659
91.18294838518952,24.160048174143814,26.31503724317451,20.301596047797283,0.23253509704516534,0.35293095002868774,-0.46778074115676405,1963.9562072777724,0.0002076648207197168,276.74523015410114
91.23294838518952,24.160048174143814,26.79917909815414,19.951706807948813,0.3322799595279559,0.3239346884252678,-0.46088819946846876,1966.0417803044584,0.00021537032425410742,276.634631829224
91.28294838518953,24.160048174143814,27.26810523440282,19.778044734898575,0.6482774007949169,0.32170832262871446,-0.43836221640815765,1965.4225425435334,0.00020410472053976081,276.617270227648
91.33294838518952,24.160048174143814,26.84540368357241,19.91379523356073,0.24510546771553762,0.3197715223424804,-0.400131403385321,1961.4245544348735,0.00020853836917815693,276.7496815331114
91.38294838518952,24.160048174143814,26.783034731365543,19.348120259425492,0.22710060208026397,0.2687624668371278,-0.4293426186202615,1953.4319983613398,0.00021750751098771113,276.5380019114542
91.43294838518952,24.160048174143814,26.109028145011166,19.418724014799185,-0.4663267354232828,0.26209989273093953,-0.4612866399139412,1947.618312739282,0.00021117777925952589,276.30981025006406
91.48294838518952,24.160048174143814,27.33415614157738,19.409549351298907,0.7731606175385713,0.2723743218451827,-0.45850536872406633,1950.3443335196846,0.0002023933222254084,276.45004318714916
91.53294838518953,24.160048174143814,26.556237779100254,19.888994345076515,0.144127039203675,0.28687414523895904,-0.4808625511499088,1951.2752207172762,0.0001944470618397061,276.7130435853982
91.58294838518952,24.160048174143814,26.050856894157995,19.459080289751235,-0.2780436105897027,0.2624544486900589,-0.5092500702340682,1945.6939693241552,0.00020398822396789073,276.6444911634499
91.63294838518952,24.160048174143814,25.487851525202736,19.25868519615789,-0.7262130672802776,0.2380952719222956,-0.4903371149840209,1940.7959006660726,0.00020089232160562463,276.25807175063926
91.73294838518952,24.160048174143814,25.60986595013224,19.39028738596694,-0.3210214419042766,0.23489541223742,-0.48423870789239926,1938.1097297905278,0.00018016811480974757,275.91111920139343
91.88294838518952,24.160048174143814,25.107651016303294,19.34700598543542,-0.3126534134444149,0.23228040716025083,-0.5060313971340921,1932.5711032461643,0.00019325943081261075,276.0017972544374
88.73294838518952,24.110048174143813,26.428510120987113,18.503281794555356,-0.2417121292151988,0.6415581404211413,-0.3323481590471198,1956.2240094500376,0.0002208525576741213,277.6679023364203
88.78294838518953,24.110048174143813,26.24620289336294,18.366680598798514,-0.24861552866210201,0.634875904850018,-0.2825559964242128,1963.5791139751461,0.00021343777161928685,277.47040534135664
88.83294838518952,24.110048174143813,26.688686591716046,18.599754085332968,0.2991131662998653,0.6519431812426176,-0.22639522804641948,1970.0114461365863,0.00021803490650944835,277.441766094022
88.88294838518952,24.110048174143813,26.83139088347006,18.864583764818736,0.4724337118786499,0.6411781646009558,-0.22059697799643627,1968.9483886749686,0.00022560973318677205,277.388703004932
88.93294838518952,24.110048174143813,25.965351629745456,19.0174284388946,-0.4057016672263969,0.623668930746941,-0.2628552412101897,1963.685672546768,0.00023270143244963774,277.2542153502759
88.98294838518952,24.110048174143813,26.3622601702219,19.036289888759796,0.05547668314613276,0.6113869657408192,-0.25629717808193897,1959.6087905376035,0.00023788024452601943,277.3560463528052
89.03294838518953,24.110048174143813,25.97121607130518,19.392405044011802,-0.34158763194384567,0.6151914494928278,-0.28359343478348353,1956.626519610416,0.00022991434575194528,277.5142946400328
89.08294838518952,24.110048174143813,26.57451436008058,19.213501872321256,0.2793111158119888,0.5781506467566397,-0.3533292652407236,1953.334213226822,0.00022808010807007014,277.4649766049121
89.13294838518952,24.110048174143813,26.451968830892966,19.49036131476244,0.1271865642970395,0.5597675156314363,-0.38471588491574055,1947.3777331188485,0.0002303709355891851,277.4874024652454
89.18294838518952,24.110048174143813,26.02644302629755,19.924470088067356,-0.35915084447470647,0.5710521218352681,-0.4046947271069045,1946.0945949759337,0.0002358095791615551,277.536606888506
89.23294838518952,24.110048174143813,26.08028172968734,19.703704227652267,-0.3153807050911594,0.563639907376397,-0.41145409014439793,1948.0253373772377,0.00022505144520538274,277.5682109233924
89.28294838518953,24.110048174143813,26.84514255595242,18.98066053981934,0.40594288643094756,0.5630590950788112,-0.42076540358916154,1950.2094285154449,0.00022138913045844247,277.52880952559184
89.33294838518952,24.110048174143813,26.72728529587931,19.090501891068374,0.22100481691681823,0.5399772142388254,-0.4350317153049555,1951.9614053272692,0.00021599916969612182,277.5651483352836
89.38294838518952,24.110048174143813,26.86337026191535,19.30687921748332,0.3133418111933289,0.5595396136591987,-0.44130309811488067,1950.3019054800823,0.000217112920105828,277.4817003929214
89.43294838518952,24.110048174143813,26.737707939512823,19.39736813443182,0.20344499360024723,0.555467469114935,-0.4232213393847756,1950.2797610053867,0.0002248270474087385,277.3486506785966
89.48294838518952,24.110048174143813,26.690508012542,19.18721676265882,0.26761922835581864,0.5436241871040847,-0.41106759483640615,1951.4830651137634,0.0002240418080274124,277.30542264720435
89.53294838518953,24.110048174143813,26.696446385308743,19.002947142573312,0.4738718630505766,0.5573890643016918,-0.40198270437356914,1950.6912536914751,0.00021769934562399448,277.20833339529463
89.58294838518952,24.110048174143813,25.94891728365461,19.377028933095453,-0.04990956874202068,0.5582053866717354,-0.3958005549556945,1950.4608975571784,0.0002245529225188574,277.30383069161564
89.63294838518952,24.110048174143813,25.46206072944163,19.428850194904317,-0.4040890433464876,0.5344883110720505,-0.3638795241632586,1953.457450985465,0.00021709903881520805,277.31368732652646
89.68294838518952,24.110048174143813,25.201256217350245,19.399538536061023,-0.5889113544174923,0.518033281455451,-0.2910242422191422,1961.0285882595174,0.00021827696377161416,277.3006716814503
89.73294838518952,24.110048174143813,26.07166528074808,18.86860354899014,0.210960003390603,0.48925452479501286,-0.26757832311063673,1962.7849144532352,0.00023026561666349965,277.4523200800071
89.78294838518953,24.110048174143813,25.753630939567408,19.506262417339666,-0.24097163609251945,0.5023992316417678,-0.30741777951172006,1957.8534754603606,0.0002294974849133678,277.3823240557824
89.83294838518952,24.110048174143813,25.620677460149007,19.476154788325967,-0.32248358207526034,0.48072890285079295,-0.3857307406225644,1951.8451509389786,0.0002086926659790372,277.28189496737593
89.88294838518952,24.110048174143813,25.944136054766687,19.39665382613513,0.10059164125760307,0.4787310082649267,-0.37782237109223427,1951.4796699078395,0.00021992017478343102,277.22371221919957
89.93294838518952,24.110048174143813,25.776511162429966,19.379976814012906,0.02310371472895917,0.46907165638108633,-0.3838795786713478,1950.3772812843258,0.00022469136744831104,277.21244381862317
89.98294838518952,24.110048174143813,25.510433063545314,19.485897439622345,-0.23476213845016947,0.49658503201076826,-0.4030777349631165,1951.340889604802,0.0002214040921076086,277.2495251884228
90.03294838518953,24.110048174143813,25.73003409946743,19.62269105233344,-0.05734869149316136,0.503312028664441,-0.41073325335997923,1950.7740984450884,0.00021490655829270667,277.161987281786
90.08294838518952,24.110048174143813,25.971170816703133,19.78489224427623,0.13646217164809918,0.47715287093408204,-0.4208677163368732,1951.279929069986,0.00023060652701919717,276.8893472019852
90.13294838518952,24.110048174143813,26.08295108639231,20.137050223078194,0.24179258568006534,0.44496292252772324,-0.41631443710647076,1953.9946244833477,0.0002284333695315887,276.82330610902386
90.18294838518952,24.110048174143813,26.346097404249516,20.168883619938686,0.5390214142510337,0.43944397394460205,-0.4144595364476722,1955.150417708002,0.00022815119492946277,276.825914221054
90.23294838518952,24.110048174143813,25.437494767600146,20.177223680769398,-0.3710054006439618,0.4368195149657928,-0.454761647023472,1951.4189255851127,0.0002265946038379371,276.9591389852118
90.28294838518953,24.110048174143813,25.44513563854571,21.072879987417416,-0.4966143024621125,0.4635915825399966,-0.4674031116285662,1950.5221025657306,0.00023375050769767393,276.9938583078194
90.33294838518952,24.110048174143813,26.07898595710131,21.244385681589808,-0.140114812422263,0.4612143661713981,-0.42419208787280877,1955.898975788062,0.00023347006140701546,276.86159372246067
90.38294838518952,24.110048174143813,26.609053531564697,19.794329108269075,0.2825302223240161,0.4076980619878511,-0.39842410722609234,1957.3793031928813,0.00024202000262317494,276.6614232620456
90.43294838518952,24.110048174143813,26.275233772061895,19.334076419283416,0.0251045421526707,0.37417784405569654,-0.3980971439496265,1958.9684763158941,0.0002294044713567977,276.4988496217428
90.48294838518952,24.110048174143813,26.209202716050815,19.49903056908275,0.2012330809997412,0.3580570196930373,-0.41699032701015154,1959.5059889957301,0.00023618760148965727,276.51218173282797
90.53294838518953,24.110048174143813,25.82519233744713,19.649621524385186,0.03299260067851646,0.3409443261363835,-0.4173745127286581,1958.3080758539807,0.00023107885232701155,276.7247382716829
90.58294838518952,24.110048174143813,25.453146552698662,20.384715766654534,-0.21904622146959524,0.3436538667530697,-0.4107206557014241,1958.2748674889356,0.00023213529273846534,276.8509958488698
90.63294838518952,24.110048174143813,25.28990664780529,20.212117144639123,-0.3318347376655837,0.35416912356937696,-0.4025115699196881,1958.51187847139,0.00023797412723333426,276.88437457183846
90.68294838518952,24.110048174143813,25.613275560142657,19.790588398564317,0.06503962389503946,0.34868522032883337,-0.4122575786914491,1961.770330593244,0.00022699503143893754,276.8744476788768
90.73294838518952,24.110048174143813,25.666233164116896,19.879378940362002,0.1312591719339225,0.3513443700706045,-0.42301206650833706,1963.0307941159047,0.00021337010925375724,276.91054121300584
90.78294838518953,24.110048174143813,25.541160019235924,19.97021655243701,-0.02059015867132845,0.3242762828367221,-0.42975939525832474,1959.4633152778558,0.0002128425487206857,276.96685364548574
90.83294838518952,24.110048174143813,25.682328792820147,19.762256807223157,0.12502639329048226,0.31445868148780837,-0.4258374815315231,1957.7268066165211,0.0002038675057432064,276.9788041875089
90.88294838518952,24.110048174143813,25.773519315698,19.92245292386758,0.21780048016361728,0.33579787664241995,-0.440668306611297,1956.8130799732567,0.00019511468399360414,277.00403259828073
90.93294838518952,24.110048174143813,25.564814849954935,20.03394303083876,0.031063923663849972,0.34460079148992123,-0.45872441992043134,1956.5811053275877,0.00020603383802186994,276.9568194936829
90.98294838518952,24.110048174143813,25.590259721548954,20.108373642522874,0.09527666413902705,0.30742370264737223,-0.4598862653589793,1955.6052035646767,0.0002063135032418952,276.9080627206873
91.03294838518953,24.110048174143813,25.383113795084085,20.519510064446518,-0.1530693300855478,0.32576040555209423,-0.4636363918498378,1954.6653183324395,0.00020988867345278107,276.9903871976098
91.08294838518952,24.110048174143813,25.3461498406197,20.32497603646589,-0.31524981797516266,0.36579209352324465,-0.4835989056630022,1955.5093751213672,0.00020716271809480567,276.8195450603115
91.13294838518952,24.110048174143813,25.446978467368304,20.651169017451316,-0.4235811040038657,0.3629643636495291,-0.47757384228180233,1958.694689942646,0.00021157629282174498,276.8241357707485
91.18294838518952,24.110048174143813,25.63480669663449,20.632309485568562,-0.5156342317035478,0.36384992921303105,-0.4716691649776448,1960.9745689097758,0.00020947935621433737,276.7573887323895
91.23294838518952,24.110048174143813,26.24211012132535,20.651147981255345,-0.09545421074399649,0.35557154415683206,-0.4626950598875937,1961.430401189561,0.0002160010135044345,276.80213893093656
91.28294838518953,24.110048174143813,26.647279461894737,20.276701165779123,0.19269058507671452,0.3328333391725491,-0.419746368934607,1961.397665335831,0.00021609520118845703,276.8416864150923
91.33294838518952,24.110048174143813,26.322535710620098,20.12109899040943,-0.1998140351695303,0.32811991567598464,-0.4000479341160632,1959.710677675882,0.00020983063606509086,276.6770400667665
91.38294838518952,24.110048174143813,26.960431389747924,19.44322917751399,0.3852126974379295,0.29842840875756454,-0.4107930954503597,1955.695834836014,0.00021699570624886518,276.2635881447132
91.43294838518952,24.110048174143813,26.971221354033677,19.127344182829447,0.33936468980728496,0.2681305680485686,-0.45844316268806995,1948.199664623319,0.00019631930961007114,276.3067459134684
91.48294838518952,24.110048174143813,26.370180926802693,19.28745542472022,-0.20657038548519807,0.2694635114097656,-0.474356367831803,1946.8430636557136,0.00020101869599344817,276.43357354005065
91.53294838518953,24.110048174143813,26.919379203486343,19.48215267455253,0.5916587121181991,0.2682554875454086,-0.4778090396226229,1949.1306449224544,0.0002074472092324415,276.3667811448075
91.58294838518952,24.110048174143813,26.362447625837174,19.63011757414464,0.1874408437951154,0.2745100875621442,-0.49257328666464417,1944.4559188001313,0.00020776229772502284,276.38815583117974
91.63294838518952,24.110048174143813,25.77662162493857,19.24823274538562,-0.3379306339958649,0.2449927837360032,-0.5043009127672914,1939.4416744563844,0.00020962802821644235,276.3457832017757
88.73294838518952,24.060048174143816,26.148984848029624,18.466364560107394,-0.5862940968983871,0.6537917085476974,-0.3519204824224359,1951.3004026918716,0.0002253258768564762,277.46112315975125
88.78294838518953,24.060048174143816,25.941507474412766,18.49805754961832,-0.649586329244549,0.6592863452735205,-0.3451133904594861,1956.8688068248457,0.00022627728125997764,277.4212712688598
88.83294838518952,24.060048174143816,26.185005475438313,18.771904940088543,-0.2746720167541184,0.6407169109951759,-0.33399199491473436,1963.180182762364,0.0002319714074756165,277.4054601178301
88.88294838518952,24.060048174143816,26.277475800603046,19.02836409922939,-0.14236156803929131,0.6189914137381789,-0.32866872714047457,1963.2808372882985,0.00023297713455684685,277.32250146454425
88.93294838518952,24.060048174143816,26.412269916159577,18.80868003354841,0.0614741511710857,0.6076273671511268,-0.35588356820628275,1958.3755245363855,0.00022453747121653765,277.2507904857842
88.98294838518952,24.060048174143816,26.140960752860945,18.836756419750895,-0.16081302694649732,0.5956594220275937,-0.34125307534262733,1956.3433373760417,0.00022080157928538536,277.21286905328316
89.03294838518953,24.060048174143816,25.813510235222772,19.542619411929863,-0.45824709630281196,0.6091991151791987,-0.29179514987872984,1955.6474365062545,0.00023036993957760852,277.38365435674706
89.08294838518952,24.060048174143816,26.155962956250583,18.64971464382222,-0.073202155978551,0.5942645744162824,-0.34057821716293213,1953.7774844975686,0.00022244959194429458,277.4029049496659
89.13294838518952,24.060048174143816,26.50872302934211,18.8116947357706,0.21636988496191195,0.5725219351571011,-0.3817373521073618,1949.305300422511,0.0002169928448581234,277.395866402305
89.18294838518952,24.060048174143816,26.177939620443528,19.60107160747218,-0.26434359238377375,0.5811663428896982,-0.40336498466124654,1947.2971714064179,0.00022249155313650365,277.3674856738292
89.23294838518952,24.060048174143816,26.41427899264194,19.545512546690606,-0.10268686334246319,0.5752078577560761,-0.4153593336478716,1950.4692076739534,0.00022280081290420355,277.481929647686
89.28294838518953,24.060048174143816,26.698344433603715,19.472050318295068,0.11807345702650485,0.5714577991632501,-0.42665665326179963,1950.7367014598765,0.00022308599789829604,277.4602385725772
89.33294838518952,24.060048174143816,26.42279576064656,19.14556336121036,-0.21274941852077153,0.5493391509019312,-0.43645836383671577,1953.0305291624165,0.00022122951232877088,277.4539516562201
89.38294838518952,24.060048174143816,26.40048947906851,19.285288103320976,-0.20703767184580138,0.542945093561318,-0.4255987958476353,1953.602722524485,0.0002177687412310875,277.39485879367766
89.43294838518952,24.060048174143816,26.444797882702602,19.289041036770797,-0.12770045125743434,0.5401727588113991,-0.407385646802019,1951.6353492965964,0.00021799725123189422,277.35492743812244
89.48294838518952,24.060048174143816,26.314249671388698,19.544885239684856,-0.1261323816500791,0.5412348212640714,-0.406138088411859,1951.3452572473475,0.00022146991013998458,277.17055796755807
89.53294838518953,24.060048174143816,26.26193446579945,19.366205792102534,0.06060215531719627,0.5372254198395037,-0.4159930960680732,1951.214001591646,0.00022137600150074654,277.1481332996307
89.58294838518952,24.060048174143816,26.112000573024343,19.43350118892104,0.16990839894925747,0.5506637835379716,-0.41364042031972686,1951.843281308696,0.00021779698087967964,277.2478894315598
89.63294838518952,24.060048174143816,25.71274495049929,19.513319764996375,-0.1357733380582397,0.5278170203431699,-0.36206664435186103,1956.2847666901457,0.0002166282030804274,277.3130863632667
89.73294838518952,24.060048174143816,25.926219205948627,19.007402115134212,0.04664854858537565,0.5550520566754661,-0.256783943489452,1963.895256387285,0.00022661091873240263,277.42542927309887
89.78294838518953,24.060048174143816,26.30752352547161,19.25216119167053,0.35433413735843916,0.5087279560554617,-0.3134654505510448,1957.2744506935924,0.0002233835839687323,277.27515386878144
89.83294838518952,24.060048174143816,25.8797333014925,19.429560072940067,-0.05131710700163929,0.47943162207528284,-0.3838029041907076,1949.47075378159,0.00021299450122756874,277.154239353905
89.88294838518952,24.060048174143816,25.74064827537403,19.48620007492971,-0.1247632243364396,0.4852195758181604,-0.3833471757490317,1948.9615000265899,0.00021545251111105635,277.0235929220174
89.93294838518952,24.060048174143816,25.869442734930754,19.29331345359083,0.10165917348483988,0.47342011717820087,-0.3705223641683106,1948.7591138478133,0.00022150582466276019,277.06409766177745
89.98294838518952,24.060048174143816,25.55689525126423,19.49371194697934,-0.16989388535644728,0.48630680311610935,-0.38302910824842684,1949.686625312585,0.00022652091758500333,277.05281488527845
90.03294838518953,24.060048174143816,25.59293778035463,19.521491696588157,-0.16864579929257384,0.4963783850361927,-0.40101373909627236,1950.8576240473042,0.0002217072354872071,277.0956295203136
90.08294838518952,24.060048174143816,25.86055040587876,19.594276193905948,0.026102318394080795,0.4865317814168542,-0.4196358487768301,1951.5393464264625,0.0002319449527993702,276.98035817642915
90.13294838518952,24.060048174143816,25.901140650112144,19.864106546420338,0.052605920577379034,0.46446230426818846,-0.42685484984945193,1953.084306677449,0.00022193271998595125,276.84955786792057
90.18294838518952,24.060048174143816,25.90030468761681,20.446779358671026,0.050460451410972024,0.4628038617357782,-0.4052824625522678,1955.6917888300964,0.00022098278109441028,276.824432304906
90.23294838518952,24.060048174143816,26.483035755694626,20.117979005426246,0.5095852331693965,0.45772020194806146,-0.40119987483951974,1958.7148789789985,0.00022469365446422295,276.87211608145503
90.28294838518953,24.060048174143816,26.136605079564475,20.322169470565832,-0.06977048210137411,0.4567787798895033,-0.40684014882869746,1959.8547183871244,0.0002339359755061484,276.80856584050537
90.33294838518952,24.060048174143816,26.31017486494615,20.78889150314025,-0.09339082239946793,0.4451540283226896,-0.4025982368269749,1962.3019214554483,0.00024100429287541767,276.8393453664132
90.38294838518952,24.060048174143816,26.30758331577328,19.801712470474296,-0.1372368440270206,0.3838455541686741,-0.3915813747432884,1960.140490818469,0.0002392878553449908,276.6913203851113
90.43294838518952,24.060048174143816,26.073476032116893,19.481472250330153,-0.19661473031671114,0.3651365471538089,-0.416751725390433,1961.7929667604615,0.00023550448146633,276.5283881838344
90.48294838518952,24.060048174143816,26.089008294924596,20.262672912144676,0.035498256362973095,0.3667826489789795,-0.4468684339407161,1959.723754965784,0.0002455382763429938,276.5168115417953
90.53294838518953,24.060048174143816,25.976441142644337,19.730725472193356,0.16917022081767355,0.34755566850745245,-0.43518320746999084,1959.3145986428488,0.00023755285760126922,276.6576305645474
90.58294838518952,24.060048174143816,25.794335636331862,19.822156564170346,0.16931331894916865,0.3439793150213012,-0.42121389445736623,1959.0320042877117,0.00023147301996376398,276.6899940612757
90.63294838518952,24.060048174143816,25.33159557662674,20.141774572344758,-0.2050852209797276,0.36330199177538747,-0.4016496670682377,1959.3471328156882,0.0002383558940310005,276.7371210712157
90.68294838518952,24.060048174143816,25.246417516185076,20.166181945396108,-0.24052954171224092,0.3670225536377054,-0.4165902441350008,1960.0248730266815,0.00023890988907867368,276.91387221928824
90.73294838518952,24.060048174143816,25.428345849217763,20.265185841334826,-0.0951091112865771,0.33537217961203103,-0.41244749933430197,1960.2356165601248,0.00022977792538699345,276.9848999283327
90.78294838518953,24.060048174143816,25.519272763155282,20.04062273883655,-0.11667645714216837,0.3201307459650959,-0.4069077685598391,1956.9045802092603,0.0002303579044431732,276.94480645320607
90.83294838518952,24.060048174143816,25.580971118353915,19.407417091518,-0.10061392312694668,0.3196129320085129,-0.4136537932891488,1956.4947063654397,0.00021646014636371222,276.85440071273354
90.88294838518952,24.060048174143816,25.871981351540537,19.515949364553833,0.2046744024821605,0.33145439847245356,-0.4325957901585307,1955.828299559305,0.00020505430579941046,276.892773272099
90.93294838518952,24.060048174143816,25.924422807779372,19.784898951071877,0.2664490648451834,0.3156775070993346,-0.44617926177021294,1956.7168855663153,0.00020431138778681616,276.9101677418796
90.98294838518952,24.060048174143816,26.182338670603418,20.294587674451655,0.5462628360846998,0.31199301489274117,-0.42976948761319655,1957.8614532174233,0.00021378848541699303,276.77761886385787
91.03294838518953,24.060048174143816,25.549565395510136,20.595366360059828,-0.17816079301005042,0.3027002996250595,-0.450066468305611,1958.542103032176,0.00021772612657830123,276.7920627805496
91.08294838518952,24.060048174143816,25.88111673297152,20.229447530271727,0.03680855594332633,0.3210997221884349,-0.4687296597711411,1961.8335802534184,0.00020470398533894648,276.6515705800817
91.13294838518952,24.060048174143816,26.103006258557446,20.392633144777605,0.13412137166271462,0.3242851018500923,-0.47617661389916754,1964.669429509621,0.00020469636579782064,276.70788390688534
91.18294838518952,24.060048174143816,25.81150951775208,20.431232082331412,-0.33465968523593526,0.33729847826499165,-0.4839796594787865,1964.7758458672647,0.00020333700284743455,276.7043291912648
91.23294838518952,24.060048174143816,25.897131377809394,20.52803687719315,-0.33577304275250536,0.3492786689514668,-0.47192484326701184,1961.2966187464046,0.00020946256546196617,276.86808277025096
91.28294838518953,24.060048174143816,26.42278875721079,20.387455881541367,0.09106543938202181,0.33107109169231064,-0.42715907778472373,1957.1721315345414,0.00021446097237661424,276.8517373508106
91.33294838518952,24.060048174143816,26.218951412071824,20.053035873509046,-0.25224135698423894,0.3422158019172292,-0.4090061677256312,1955.3235302474986,0.0002132906124185272,276.7854833435839
91.38294838518952,24.060048174143816,26.683787210130326,19.513518388804474,0.20008332793794253,0.32739408223374067,-0.41853283718085216,1952.570942363998,0.00021477355063621522,276.47213293895345
88.78294838518953,24.010048174143815,26.62948042349351,18.68384212271263,-0.059367331620584995,0.6581010356017315,-0.3777024180997187,1950.3756365686552,0.00022769302130778085,277.3026997670955
88.83294838518952,24.010048174143815,26.395179173504733,18.7843902643894,-0.16123676567627437,0.6582839590857567,-0.3867279353222123,1954.470679487816,0.00022636339013235493,277.2019004129301
88.88294838518952,24.010048174143815,26.66144941504387,18.872717395283157,0.1816667714448715,0.6389565244390103,-0.39300406151057615,1954.6839128519869,0.00023148979831915243,277.1705553516816
88.93294838518952,24.010048174143815,26.75229479426397,18.7570427047825,0.3503211409870366,0.6241305066713643,-0.39371915893210013,1954.726621901771,0.0002187032131230147,277.1397398348671
88.98294838518952,24.010048174143815,26.3426052998082,19.098352156972755,0.024251329611408814,0.6089225745299657,-0.36163089806141474,1958.242126857129,0.00021529425058682618,277.1305742827593
89.03294838518953,24.010048174143815,25.684575931535832,19.2890136149604,-0.5973347473355393,0.6167176965881512,-0.2796451807595501,1960.7008486434936,0.0002236615456009384,277.23795741623064
89.08294838518952,24.010048174143815,26.559692154605955,18.82017655290181,0.281784927766302,0.6047502100971377,-0.29438516457463276,1961.1276923464754,0.00021861408949068895,277.2675519473553
89.13294838518952,24.010048174143815,26.693037654331118,18.663511232899005,0.33848604808070704,0.5846840351132712,-0.3454174904756995,1955.4912523800006,0.00022260812141939546,277.15197996707855
89.18294838518952,24.010048174143815,26.709179982773964,19.230210094434316,0.25086278053705,0.5545135016804756,-0.36804753083051583,1951.4485936791507,0.00022636503060549686,277.1068946106034
89.23294838518952,24.010048174143815,27.159097783297955,20.039585005062996,0.66342056791006,0.5547389478275428,-0.3781568780414161,1954.019787881451,0.00022483093315282116,277.21532752805354
89.28294838518953,24.010048174143815,26.614198104283975,19.650760225916475,0.0895151694813767,0.5509461717740565,-0.41504142432950514,1954.5358051643366,0.00022449532867027837,277.3742294664551
89.33294838518952,24.010048174143815,26.761626457331978,19.15435751311983,0.2322326472181677,0.5539325794710098,-0.4374661497849481,1956.0876803915394,0.00021985052137746966,277.386960993058
89.38294838518952,24.010048174143815,26.657696105493937,19.092709890608315,0.1211713072081772,0.5333322938136081,-0.4274040654644245,1955.4504833393776,0.00021675945063368406,277.33414708471224
89.43294838518952,24.010048174143815,26.89988887667823,19.139678887754155,0.36512985259012964,0.5394213804132908,-0.4135380184673189,1951.6054467692097,0.00021483777021499592,277.1805344682865
89.48294838518952,24.010048174143815,26.286567013378285,19.348669839386,-0.1990643779421462,0.5485413717949496,-0.41543793478842,1949.7711975183336,0.00021864713587977646,277.1080521167783
89.53294838518953,24.010048174143815,25.840328608093515,19.387924977674327,-0.4936652490399128,0.5495284866861867,-0.427776587437483,1950.3946603772013,0.00021407089980016273,277.07236302775135
89.58294838518952,24.010048174143815,26.21638652613446,19.253977632150807,0.13823796723078124,0.556789980817395,-0.4248451626656398,1952.4496332512986,0.00021448913909525945,276.9594802841703
89.63294838518952,24.010048174143815,25.70305727322036,19.240023801906705,-0.2629881637368749,0.5406139578947804,-0.38306448502969254,1957.0077618356177,0.00021692585361516645,277.0517866842279
89.68294838518952,24.010048174143815,26.203847815891383,18.819158886277233,0.252259755308324,0.5167472612279531,-0.2972857031235801,1961.6169209253783,0.00021779213901352193,277.17211232881044
89.73294838518952,24.010048174143815,25.621400678863754,19.564816133216826,-0.32450282275589104,0.5434196068391408,-0.26486453737697335,1962.923223802268,0.00022006116995517896,277.21293636981073
89.78294838518953,24.010048174143815,26.159658849570388,19.56415233053608,0.20699611442537455,0.5170793537544555,-0.33315548182229676,1957.2734886309308,0.0002213271058093758,277.1819564628537
89.83294838518952,24.010048174143815,26.105575916857127,19.153552575318386,0.15292464775594847,0.4850453834752763,-0.3920161487751952,1947.986953978938,0.00021209449873201653,277.08645546056994
89.88294838518952,24.010048174143815,25.938865499784928,19.205696804180047,-0.0194910052236724,0.48776952508369403,-0.40046780936061066,1946.0522881511188,0.0002107602702315531,276.98246428265406
89.93294838518952,24.010048174143815,25.631565177217116,19.11796418982721,-0.26002141984546195,0.48533542749163083,-0.3832136589613835,1948.006759204128,0.00021028929052212993,276.9498176310669
89.98294838518952,24.010048174143815,25.641119118535507,19.1506522936503,-0.18177527807633861,0.48291795544887534,-0.3836099578166471,1949.6861690531073,0.00022191347432545406,276.87386472333554
90.03294838518953,24.010048174143815,25.737774093129115,19.37014813744333,-0.05799309981908079,0.4905702200031002,-0.38934872644718327,1953.0608564653458,0.00022053007490073872,276.8535983719285
90.08294838518952,24.010048174143815,25.72481369675774,19.564327479784996,-0.05575958979959033,0.4843625453686034,-0.4055671003408173,1954.0024194094863,0.00022874285142826796,276.87198882482306
90.13294838518952,24.010048174143815,25.690615442488763,19.706786263030867,-0.1531151240320301,0.47980436569031537,-0.4214877713684752,1955.3608202632552,0.00022433237098460905,276.6963569685127
90.18294838518952,24.010048174143815,25.83590806702226,19.900856151015017,-0.1447205206775381,0.46466464592935386,-0.3980342340569655,1959.6083886484842,0.00023178382770240924,276.61759732595266
90.23294838518952,24.010048174143815,26.339769722446107,20.110459944349067,0.12437299873701463,0.4498745802836328,-0.3559931399182881,1967.1773853662964,0.0002333475557086749,276.55563404028356
90.28294838518953,24.010048174143815,27.24068955080177,19.96496005234315,0.7935634907952315,0.443599144533349,-0.3232011108908441,1972.4712565636962,0.00023488478991920555,276.506262096264
90.33294838518952,24.010048174143815,27.530476234404336,20.909429405318527,0.9017572990988771,0.43290023963792507,-0.3176210645491818,1974.199236384413,0.00024091295305248174,276.5638581044335
90.38294838518952,24.010048174143815,26.793685302957858,20.314284836367563,0.23333250934491834,0.3980313890093194,-0.34259215842881124,1972.6734217002488,0.0002469190523032778,276.5162709129612
90.43294838518952,24.010048174143815,26.666568484296615,20.371555297807987,0.3711012608778008,0.3786646502823353,-0.40222833741470077,1970.0502853589537,0.0002469407311210677,276.4114116453378
90.48294838518952,24.010048174143815,25.830354740567433,20.55708471328304,-0.2795824750979588,0.3846458839743634,-0.46119250346081664,1962.6270813175902,0.00024392080337295647,276.510676185009
90.53294838518953,24.010048174143815,25.77841790675137,20.524596756632494,-0.025751853868311768,0.3723967992871141,-0.45571687253113874,1962.3484337332643,0.00023709895567718465,276.54018133686196
90.58294838518952,24.010048174143815,25.72628017874436,20.2393434560783,0.15935781631563528,0.3616319746769571,-0.44128810848385713,1962.8642703880741,0.00022805476251921815,276.55556617351135
90.63294838518952,24.010048174143815,25.15562100666939,20.157442992885304,-0.3550521191206742,0.3526981962905617,-0.4162074477337465,1965.0330858558737,0.00022854447777883284,276.7030145408039
90.68294838518952,24.010048174143815,25.461538202931443,19.78995955578961,-0.08286497081930216,0.36385227340868936,-0.42005980531535564,1964.639295420954,0.000238667083142547,276.834887100677
90.73294838518952,24.010048174143815,25.81601091281344,19.868440695566143,0.16094234563405826,0.35946587440400574,-0.4056355203485746,1964.7822748369367,0.00022327731345421148,276.7324500352377
90.78294838518953,24.010048174143815,25.761111626307358,19.626920545281855,-0.005811601604502522,0.3304040603094321,-0.40132571539520834,1961.6825832332722,0.00022297438744820405,276.6651081985934
90.83294838518952,24.010048174143815,25.673290081534358,19.618034358930583,-0.06720462653291302,0.32077214176788366,-0.4144891657610214,1960.1188883436967,0.00021884031492989004,276.72759819666186
90.88294838518952,24.010048174143815,25.632347278205376,19.84976336691101,-0.06395338154046622,0.32839641317367424,-0.42472919189730285,1956.523530424521,0.00021754493164828452,276.71832181457887
90.93294838518952,24.010048174143815,25.464679298235076,20.072391843067265,-0.2388590739451119,0.32578015853086584,-0.4423337418254984,1955.1029363667653,0.00022644915629134278,276.8870614152344
90.98294838518952,24.010048174143815,25.806489689038404,20.32782891631256,0.025395920076924854,0.3114912497933798,-0.44242895051733994,1959.2558838780496,0.00022294338311587363,276.8394597919199
91.03294838518953,24.010048174143815,26.105952963447137,20.057580019399698,0.20199914445896722,0.32868920187017997,-0.45967621038264045,1962.7988599011474,0.00020552636112133684,276.6527213477005
91.08294838518952,24.010048174143815,26.398627358871593,20.25477582497404,0.40396939744852406,0.3149536897715378,-0.45115130130341125,1964.5719629288894,0.00020241408278763004,276.57115929081374
91.13294838518952,24.010048174143815,26.23241302358711,20.735236783894393,0.15129083309949887,0.321113334386379,-0.4672508133488102,1962.814544784999,0.00020245877321344022,276.6111669288283
91.18294838518952,24.010048174143815,26.10937546714191,20.68925481883829,-0.03014141859711526,0.3547234788858592,-0.4977311199130215,1961.31751908059,0.00020030662197347194,276.6005282405539
91.23294838518952,24.010048174143815,26.301059336752765,20.61838902455394,0.15218275610777485,0.30693883573418324,-0.47723681977665183,1960.0789430216198,0.0002178900543582949,276.4923745138291
91.28294838518953,24.010048174143815,26.046206404587583,20.326799349660558,-0.24078334934028284,0.30050979903162506,-0.4423511844816667,1952.4687183968902,0.00022078650996329118,276.3612958516114
91.33294838518952,24.010048174143815,26.23858509052224,19.77701062407256,-0.22409946776306086,0.30792680126606475,-0.39938624358323016,1950.7457601441022,0.00021900388378478673,276.6562773099471
91.38294838518952,24.010048174143815,26.52595954469661,19.3983691466765,0.028845117248639005,0.30946856725459027,-0.40089133188491105,1949.1562264576673,0.00020920291570041796,276.37346927700753
88.73294838518952,23.960048174143814,27.071185003522054,18.76132466744637,0.11909878351847364,0.6356171237581685,-0.38166271044085476,1947.0854410543561,0.0002285578455384721,277.2487372146027
88.78294838518953,23.960048174143814,26.637248980759228,18.704843810223753,-0.17333138008537197,0.6447084545714074,-0.39361274436463417,1947.1577519838854,0.00022768407207579783,277.1316608128525
88.83294838518952,23.960048174143814,26.520664118601356,18.746674109946543,-0.1385700179273156,0.6450178455123148,-0.41049987609529626,1947.1671487396159,0.00022718044861146777,277.1519917381457
88.88294838518952,23.960048174143814,26.52890553336574,18.863389694407093,-0.036422196149070746,0.6234335169838728,-0.4113892509642182,1948.2050760033317,0.00022846618497772975,277.101845342357
88.93294838518952,23.960048174143814,26.618089185472172,18.769822734175985,0.17576685235068876,0.6172870008007237,-0.3937407122816818,1952.1910424099772,0.0002303786621827969,277.0025996786389
88.98294838518952,23.960048174143814,26.503744533847495,18.935178814968662,0.15968146207258116,0.6059593933169851,-0.37672227700790967,1957.1258056238746,0.0002147604845985775,276.97719531708026
89.03294838518953,23.960048174143814,25.879104401631967,19.072844546223887,-0.43494370060706206,0.5806662092731852,-0.33190371862535817,1960.784717798688,0.00021264997342393513,277.08125852701505
89.08294838518952,23.960048174143814,25.811523387277695,19.21392854452745,-0.5627856220171339,0.5439875784985383,-0.30426946814734407,1960.4244640419024,0.0002231648104317977,277.18105341884524
89.13294838518952,23.960048174143814,26.004788129483984,19.18049431282018,-0.42712783949689787,0.5429573760138354,-0.31024527825734055,1959.4530959051715,0.00022941396322969607,277.0933504288425
89.18294838518952,23.960048174143814,26.209195804946688,19.287375346158356,-0.2088733398112455,0.5351624542145008,-0.32102008594361625,1956.9588922259713,0.00022450075750691395,277.1072291943643
89.23294838518952,23.960048174143814,26.366947067202144,18.926298278893615,-0.014076793400914694,0.5474578396444169,-0.35456305009008104,1957.1116298857223,0.00022323848536790793,277.19908329205066
89.28294838518953,23.960048174143814,26.370005175864385,18.948204228059595,-0.006891203695814491,0.5223445401997813,-0.3880049559246533,1959.0674037575582,0.00022419431207133653,277.406466514175
89.33294838518952,23.960048174143814,26.339711399019762,19.239928632218522,-0.11061488059889735,0.5261094380657568,-0.4066448257854075,1959.3301889088395,0.00021777958043503373,277.31798829861606
89.38294838518952,23.960048174143814,26.248995578713945,19.41985537533267,-0.26669031883520966,0.5294507906446984,-0.42095216887717996,1956.257858349649,0.00022583506019913097,277.3004674514392
89.43294838518952,23.960048174143814,27.106623566054672,19.395750344325595,0.6115051494171136,0.5436769156509212,-0.42798159850117873,1952.1705904683797,0.0002232279226481208,277.2224058482807
89.48294838518952,23.960048174143814,27.024450033457253,19.37918999034419,0.5553403235064424,0.5377610614695659,-0.4398537026447673,1948.7785969931836,0.00022339281195979675,277.1230072585811
89.53294838518953,23.960048174143814,26.138730927400573,19.49128899502259,-0.21582319011486256,0.5269765757848692,-0.45043720822801264,1948.7613321324259,0.00022763905232354753,277.05311573860195
89.58294838518952,23.960048174143814,26.093306207876566,19.509415017414906,-0.1280746459038133,0.5091164758706778,-0.43495057499180545,1950.84212287303,0.0002216665969520091,276.99704092871235
89.63294838518952,23.960048174143814,25.90922314658604,19.225556765302727,-0.16510372181266475,0.5190045585040265,-0.38605819073922437,1954.5637733918454,0.00020893768009101437,276.9822475661406
89.68294838518952,23.960048174143814,25.866491817321883,18.781668421588567,-0.14261398620759616,0.4570175046652289,-0.3259131843365449,1957.5762340644424,0.00020694564463226707,277.01530480578157
89.73294838518952,23.960048174143814,25.373527173180744,19.79252729428458,-0.6094703939178896,0.4833659103678397,-0.30252911927731485,1956.3679812858663,0.00021779507982158073,277.0025095764708
89.78294838518953,23.960048174143814,25.91450962219045,19.098239574529117,-0.08111888590395742,0.41595525915709725,-0.37019448033756613,1953.6679159990995,0.00022225271617981284,276.8961950578527
89.83294838518952,23.960048174143814,26.317425999461467,19.11140766175122,0.31894931488783,0.47903471106956463,-0.4151324370098088,1948.013128551593,0.0002151895617594429,276.88379876528876
89.88294838518952,23.960048174143814,26.45653101212646,19.333656247772556,0.40409249205578673,0.49487992414243986,-0.41751989237723086,1946.9999544967568,0.0002108314079895451,276.8379414421948
89.93294838518952,23.960048174143814,26.048993729793906,19.207461129169694,0.00691716429291208,0.48938543710178806,-0.39579002402295843,1949.4451294010853,0.00020280088918498944,276.71403400442665
89.98294838518952,23.960048174143814,25.87844127672401,19.103786114780338,-0.05708768033588566,0.4683998726369868,-0.385850872664081,1950.30848391361,0.000210352447234392,276.66142572869876
90.03294838518953,23.960048174143814,25.699438823818202,19.33901081371842,-0.13049386008653327,0.46538076159213987,-0.3868972939019735,1955.0402380116657,0.00022495582491774548,276.57183687371327
90.08294838518952,23.960048174143814,25.726035386887773,19.689534696049883,-0.06725783345841876,0.4554896954673203,-0.3885584029335807,1958.4454424459407,0.00022773576169063324,276.5635133274471
90.13294838518952,23.960048174143814,25.69062994610772,19.633560538449228,-0.17097335217483048,0.46562754245806165,-0.3890145139730071,1960.723533191894,0.0002248069373136242,276.3057763343007
90.18294838518952,23.960048174143814,25.898924985621193,19.701598838440297,-0.21382562193214885,0.46819353328315455,-0.3806982080716508,1963.667520455366,0.00023828447399384015,276.3217743170343
90.23294838518952,23.960048174143814,26.02866645017482,20.38747673048761,-0.403301063600099,0.45333895912556516,-0.34144135198754066,1971.5823848233827,0.00024112550371671812,276.2153155740559
90.28294838518953,23.960048174143814,27.691176032159607,20.231618311363093,1.0546629921953419,0.43405678752964705,-0.29093649882672123,1980.664832020412,0.000245031062704339,276.268229482794
90.33294838518952,23.960048174143814,26.614460930785118,20.82962167979175,-0.20125457026845234,0.4369138217449326,-0.28323676370087564,1983.4091198375768,0.00023939398080871315,276.1974643880464
90.38294838518952,23.960048174143814,27.39247538062838,20.412701453950678,0.6945199222229894,0.4134670997951031,-0.3020074127306697,1982.8658789300011,0.00024206621095382554,276.17539251497993
90.43294838518952,23.960048174143814,26.359744748286698,20.2639678885906,-4.374746108079704e-05,0.391232459861965,-0.37899827325456975,1978.2834248978977,0.00024550484707487266,276.29740583536073
90.48294838518952,23.960048174143814,25.66588479214575,20.68623162124664,-0.41044094827829836,0.3956660515557916,-0.4329062732702955,1969.8823425613346,0.00024407875388600622,276.39045142810613
90.53294838518953,23.960048174143814,25.601779917551877,20.655112861131258,-0.20747750604651272,0.3945920979021973,-0.43218107041306464,1966.9650387925506,0.00023891381672963777,276.3374412592883
90.58294838518952,23.960048174143814,25.52379280553699,20.61781181130314,-0.10577655991849931,0.3833541749862527,-0.4137711946607367,1968.1059890185982,0.00022958375606604658,276.3805183352776
90.63294838518952,23.960048174143814,25.38411572626127,20.388403242220512,-0.2574978057530796,0.36786294097740896,-0.4033489818082837,1970.295771886066,0.00023977026570781552,276.56956731165104
90.68294838518952,23.960048174143814,25.737529515545457,20.001285367838197,-0.042412466831762606,0.3446578658054404,-0.3968847768961133,1970.7992839914382,0.00023761841058668416,276.6081270589144
90.73294838518952,23.960048174143814,26.282157123768258,20.040413175307517,0.4482526444469923,0.344222538360924,-0.3880754444254405,1970.4097999759092,0.000228638058281987,276.496253896685
90.78294838518953,23.960048174143814,25.843145028273458,19.824063548203014,0.03872239440419184,0.34665568756160026,-0.41208312187914325,1965.8447715750472,0.0002241595229288109,276.53973122576303
90.83294838518952,23.960048174143814,25.372105736556094,20.17764646831872,-0.3309379324041678,0.3399611833972625,-0.42946135877172775,1962.7896591369308,0.00022153714537140012,276.62676280125004
90.88294838518952,23.960048174143814,25.5255185927939,20.007693659520797,-0.10345940357947428,0.3233390876214664,-0.4247716236827625,1961.047811375325,0.00022558536335262196,276.6397488043911
90.93294838518952,23.960048174143814,25.74431020885338,20.60716209656122,0.07592853386636096,0.28676560750081864,-0.43133676428172807,1960.9265891614784,0.00021799830298437536,276.7314540657626
90.98294838518952,23.960048174143814,25.65106809886806,20.241098796560227,-0.13800024000561334,0.30824543255250264,-0.4502563413253298,1961.5693019656078,0.0002033246564002638,276.6262482385075
91.03294838518953,23.960048174143814,25.940159936446403,20.392590338874307,0.025041152330525066,0.3313112314467422,-0.46584507698229105,1961.1419475891269,0.00019792011893765595,276.54677301035525
91.08294838518952,23.960048174143814,26.246479715035903,20.575598839177495,0.2257416139983889,0.3296383423720793,-0.4571476046859706,1961.848666671662,0.00020679129245968885,276.4875618837961
91.13294838518952,23.960048174143814,26.141532998152908,20.792926307069813,0.049081104698752,0.3211643344427689,-0.48092381934871614,1961.9994949284444,0.00020551728156544398,276.43938801553503
91.18294838518952,23.960048174143814,26.287403541480465,20.651607435169012,0.17340600095612732,0.3362199068727486,-0.506518863823822,1959.4334279738616,0.00020669107396036258,276.28482445014424
91.23294838518952,23.960048174143814,26.079331945783785,20.25897483248733,-0.1290483139896489,0.2771242962802419,-0.4846528694579547,1957.5720769379373,0.00022070932480144255,276.0512228826609
91.28294838518953,23.960048174143814,26.324313042488523,19.63605620427719,0.015614120993055366,0.28674055537256954,-0.45477095248264526,1954.1407110916791,0.0002171063221413456,275.8284337683792
88.73294838518952,23.910048174143814,27.189909475902148,18.71449256003229,0.24976861476024553,0.6496199418750166,-0.4085903227641694,1946.1753960226445,0.0002316082407373285,277.31902626910284
88.78294838518953,23.910048174143814,26.80602402320404,18.714283977340067,0.05852301032543558,0.6460444243716539,-0.4145611693040302,1944.3706118973894,0.0002224413142619989,277.14675049912313
88.83294838518952,23.910048174143814,26.480546098037394,19.07904428674369,-0.14141282159234014,0.6395231804842255,-0.4132594257410632,1946.4923235765302,0.00022913582624052234,277.12152955056365
88.88294838518952,23.910048174143814,26.57427433428008,18.976251484542377,0.03961563049332441,0.627307190146177,-0.41068015198223407,1949.6589063561223,0.00023050338361921234,277.1689522355558
88.93294838518952,23.910048174143814,26.39769375158872,19.081252374082776,-0.052880327582620595,0.6440601876126347,-0.3916366437129352,1953.1639354328495,0.0002345488855152404,277.07676426467543
88.98294838518952,23.910048174143814,26.275637432543824,19.165714375685642,-0.09081720470378636,0.6213975255547963,-0.3789457154759849,1955.9900180120358,0.00021368516573505716,276.9779433151679
89.03294838518953,23.910048174143814,26.49708197184073,18.895707261752964,0.14088716215200647,0.594787452465287,-0.3688116784107239,1958.7935213593667,0.00022315633081049715,277.00723132918023
89.08294838518952,23.910048174143814,26.743554012623807,19.158160795744454,0.37924409713738455,0.5621772068351112,-0.3454530335559735,1958.7594472423766,0.00022706082327956007,277.10688877138233
89.13294838518952,23.910048174143814,26.646099061479273,19.815868581966022,0.2962110796628882,0.5579014914020056,-0.31799902927188844,1958.976984642102,0.0002186643572925685,277.05252414318056
89.18294838518952,23.910048174143814,25.71934370477144,19.722219438902094,-0.6161458285979848,0.5747471600886176,-0.33812659140047946,1957.343465957143,0.00022618648433653555,277.1504653013943
89.23294838518952,23.910048174143814,25.992522703340484,19.558896226370308,-0.27497571915179964,0.5546479973928347,-0.35650752725481893,1957.8145146536838,0.00023174886399655376,277.2053540014234
89.28294838518953,23.910048174143814,26.20193820685989,19.416843379351665,-0.04041693965746036,0.4994966369313029,-0.35155955938475647,1960.040302729484,0.00023178906706012298,277.30137277931647
89.33294838518952,23.910048174143814,26.00571512571585,19.421467463402514,-0.37319967632449863,0.45878245695785136,-0.35285179379268583,1960.634472706317,0.00022292662813089409,277.2199423414049
89.38294838518952,23.910048174143814,26.450671832070597,19.62632274752478,-0.09240162974203811,0.552391305202537,-0.3549844024318633,1959.8136260069812,0.00022254518035502144,277.3101483777082
89.43294838518952,23.910048174143814,26.43632327148052,19.59018928497186,-0.1437574325767331,0.5344022720633227,-0.38330815454497974,1955.5009568992398,0.0002327086353010925,277.287821639979
89.48294838518952,23.910048174143814,27.093093246724607,19.302785828479575,0.6121682810201978,0.5494052393832272,-0.43529266814742995,1949.5837698337084,0.00022187153666996842,277.2035010431366
89.53294838518953,23.910048174143814,26.32428304684381,19.85456616998952,-0.03787741966427973,0.5489632328103752,-0.4466608056784189,1947.6400621867817,0.000226474823490073,277.05367965041074
89.58294838518952,23.910048174143814,26.397331459815213,19.541930696473813,0.10920398905630921,0.5472290610472401,-0.43448535005926997,1949.0690287741274,0.00021586374278811924,276.9295140492242
89.63294838518952,23.910048174143814,26.20425881068701,19.411306259914625,-0.014433582542868584,0.5397646720654906,-0.40162650365147623,1951.673274018826,0.0002141680023812932,276.9132874872746
89.68294838518952,23.910048174143814,26.221468938267808,18.37083407936445,0.104268642510603,0.5002626996489329,-0.3588449477057031,1954.8953226022088,0.00020955033018004945,276.97172857444053
89.73294838518952,23.910048174143814,25.708974547270696,19.799208688028116,-0.2784015544404535,0.3311251461465873,-0.319688852160692,1955.5990437509417,0.00022805398840621544,277.05932215616446
89.78294838518953,23.910048174143814,25.692014034302275,19.331788031087804,-0.3438690572379086,0.45183900864020654,-0.37749688484644867,1953.9740994272113,0.0002208293249824983,276.99172578843127
89.83294838518952,23.910048174143814,26.23143595350732,19.310945990167877,0.12643267272692818,0.49148847652376504,-0.4192566169181506,1948.9422147791497,0.00021296903005778273,276.9024752808672
89.88294838518952,23.910048174143814,26.467375939934964,19.297710209285647,0.29566479384457645,0.49985305298907795,-0.41204325186453256,1948.879799187637,0.00021313768255644996,276.8500661371756
89.93294838518952,23.910048174143814,26.368076328426703,19.29726013081225,0.22138192730917478,0.4904851996566051,-0.39863904965390223,1951.7496240337314,0.000210582198202759,276.7873527845988
89.98294838518952,23.910048174143814,26.007059451683546,19.206600637012674,-0.008629694714871143,0.4621607222193775,-0.38263565445881054,1952.4704268812652,0.00020844445546812238,276.5945718962917
90.03294838518953,23.910048174143814,25.804586305939644,19.21239534464449,-0.07976579447766863,0.45066529068596706,-0.3788682379881764,1957.150613156692,0.00022658218822524693,276.4566176411064
90.08294838518952,23.910048174143814,25.75124396817193,19.74346556000861,-0.09665797645475863,0.45615974742732207,-0.3852880776606203,1961.5289313298938,0.0002304352701639242,276.50227662892183
90.13294838518952,23.910048174143814,26.101504880982986,19.95534578471292,0.1566880342523196,0.4571068730077151,-0.39193232364317265,1964.5453976015124,0.00022821100846502114,276.4024335503469
90.18294838518952,23.910048174143814,26.1664475852538,19.777583576528052,-0.017518369142718537,0.4613836912156406,-0.3775638600188203,1968.2177497242965,0.00024209297669446365,276.35534902747946
90.23294838518952,23.910048174143814,26.514512658016624,20.29251449674733,0.03766760495281977,0.4451566250693103,-0.339110903133508,1975.380469539394,0.00023732216094904997,276.2026629546697
90.28294838518953,23.910048174143814,27.52694585389942,20.292765596361374,0.810406322453137,0.42232063557479543,-0.2989895755797554,1985.6233096339129,0.000241010963406875,276.0770322392776
90.33294838518952,23.910048174143814,27.121879198095716,20.953913252988887,0.27348670940816255,0.44520935261896155,-0.2721878869991088,1990.015083830821,0.00023713475866341351,276.0053632224196
90.38294838518952,23.910048174143814,28.347384900533722,21.252445544837077,1.6306990871345728,0.4322829105532838,-0.257887949884889,1992.9287357639778,0.00023718237094967932,276.06386737871935
90.43294838518952,23.910048174143814,27.143468347071302,20.65595292893138,0.7383496767797542,0.41679909615791233,-0.3287311128519057,1988.0656315513802,0.0002449619149519878,276.1799534278717
90.48294838518952,23.910048174143814,26.187752053542468,20.316517184964226,0.005183743945517149,0.40529485000641047,-0.3812349748358542,1981.8214979870243,0.00024370437213661517,276.1790774902092
90.53294838518953,23.910048174143814,25.644172416854946,20.25720619848947,-0.40879022212720184,0.39669937773798813,-0.38417470162214207,1977.762802888277,0.00023985047687621807,276.1281193811157
90.58294838518952,23.910048174143814,25.849042033610054,20.56425941330733,-0.06999509493300063,0.393508905105246,-0.3806694125463997,1978.2808012849307,0.00024184481180227583,276.2863663329074
90.63294838518952,23.910048174143814,25.7845618752654,20.589439467094497,-0.17365243734224134,0.3668613031673901,-0.3848316010085997,1976.4968851027124,0.00024427752347114175,276.5424964528012
90.68294838518952,23.910048174143814,26.18023435420478,20.24108640206471,0.1653133366621675,0.3564066569329749,-0.3782046604490035,1976.1315316727198,0.00023557439373718842,276.4931950437407
90.73294838518952,23.910048174143814,26.243323954265936,20.195349622824647,0.300055263067697,0.3658620870824545,-0.3914695469326202,1971.3251571694475,0.00023188347201758057,276.4825618322767
90.78294838518953,23.910048174143814,25.62241038611877,19.85033792702222,-0.18226244062459918,0.34999091740175897,-0.4179605054687333,1967.640818526895,0.00022489517926308478,276.49406627010404
90.83294838518952,23.910048174143814,25.689116864422,20.15222910254307,-0.008376481357757733,0.32258868237697735,-0.43134040480556113,1963.5690696061533,0.00022071940905324258,276.72094295538164
90.88294838518952,23.910048174143814,25.715973845716363,20.08975329115835,0.04160653408400944,0.3347794667708638,-0.4298075755088225,1963.7878380742602,0.00022512843657555485,276.71805736648054
90.93294838518952,23.910048174143814,25.566560485343818,20.22971122663445,-0.19284138690343108,0.31061685939897943,-0.4413995062779304,1961.6968948646752,0.00021727999057451108,276.6772173206442
90.98294838518952,23.910048174143814,25.426487388273568,20.209008771335917,-0.41888237084919977,0.31496001764314396,-0.4647255013767963,1960.6876048589781,0.00021013808035528884,276.61611900918115
91.03294838518953,23.910048174143814,25.798347782758228,20.78966055587948,-0.1597100750885089,0.3254797151721165,-0.48876993833491295,1959.8212319841132,0.00020502059351950114,276.5821042294609
91.08294838518952,23.910048174143814,25.81935022960743,20.751882677977957,-0.2362715756414801,0.31538014916482543,-0.4873757202865194,1958.0681791409631,0.00021192566028717475,276.50701169089467
91.13294838518952,23.910048174143814,26.21520625152992,20.49310710602209,0.11907251779622002,0.3109362895255274,-0.4979076376314165,1959.3927200186038,0.00020483281039816874,276.3675218164296
91.18294838518952,23.910048174143814,25.82754867957617,20.664034676487617,-0.3169005734407692,0.31539328611955886,-0.4999964286662609,1956.1230242235035,0.00021375687124345453,276.2615433272775
91.23294838518952,23.910048174143814,26.12783791929922,20.001664126931452,-0.12768254502040746,0.2910608920105571,-0.4581799067246319,1955.3310805877798,0.0002204832048249649,276.11913805529144
88.63294838518952,23.860048174143813,27.080748119656725,18.894930695673278,0.08011585213653093,0.6661361532498022,-0.39072173087012835,1945.284183221959,0.0002211065096146453,277.18398180498707
88.68294838518952,23.860048174143813,26.840207691622915,18.75544172822463,-0.09008277479821905,0.6651525340026229,-0.392290808049184,1945.0106459847746,0.00021456028263965095,277.2605306537426
88.73294838518952,23.860048174143813,26.924154395125296,18.86130590344984,0.150976044752137,0.6451759296372261,-0.4126874493109605,1945.3532846455403,0.00022069560326597355,277.2989985721023
88.78294838518953,23.860048174143813,26.486337227297277,19.52025858298558,-0.15788508536292847,0.6475704022073042,-0.4207163883304543,1943.6690654223978,0.00022439467816813384,277.17210391993945
88.83294838518952,23.860048174143813,26.580197044926564,19.172626564027528,0.03396308607457228,0.638446040503659,-0.41602448122416846,1945.6402549449679,0.00022269841839809058,277.03429570538987
88.88294838518952,23.860048174143813,26.73529256205824,19.161928352315485,0.2915378725352508,0.6319469401116111,-0.4074661258938316,1949.6720957377768,0.00023131839517735012,277.0024094027086
88.93294838518952,23.860048174143813,26.457639270642705,19.06704233721043,0.055867770282200205,0.6386480791263023,-0.3998332474217872,1952.4544746649362,0.00022560170359574563,276.98399394071885
88.98294838518952,23.860048174143813,26.484691148869924,19.192580807942196,0.1461916273372812,0.6191789029343141,-0.3953627207843989,1952.7779960436128,0.00021267721419012943,276.94250883167757
89.03294838518953,23.860048174143813,26.490429592083956,19.162606329271668,0.19897181553580795,0.6087738944808178,-0.3845649699132955,1951.1201080483713,0.00021611222202454737,276.96405108425813
89.08294838518952,23.860048174143813,26.59568005056269,19.012395140440205,0.33871630587590834,0.6072137729810319,-0.3757047875104333,1951.1507824620533,0.00022463557247676293,276.9674778403759
89.13294838518952,23.860048174143813,26.7337404280556,19.005328339558314,0.47255334826528816,0.600531347125285,-0.3730303299670444,1954.672824129687,0.0002197981052359498,276.93728638221376
89.18294838518952,23.860048174143813,26.140517491787943,19.48621394814673,-0.20172510721994397,0.580101990096909,-0.37603587911167985,1955.8292784478524,0.00022663570946766738,276.89844227659495
89.23294838518952,23.860048174143813,26.246335199143207,20.02365751879055,-0.11782349462214702,0.5659358329606886,-0.39024473031089985,1956.116342270649,0.00023040782362904666,276.9739889079956
89.28294838518953,23.860048174143813,26.239643277289407,19.701631002553107,-0.1387314873227164,0.546977832333498,-0.4074896956606193,1955.91932196516,0.00022799265860559635,277.08445089825653
89.33294838518952,23.860048174143813,26.512379791360555,19.24080322022529,0.07082247830752648,0.5446998523232068,-0.4061220741583319,1955.7096605508127,0.00023385717130605405,277.180553309937
89.38294838518952,23.860048174143813,26.496697791082862,19.130264848240223,-0.09614098652663967,0.5280770137778,-0.37838579886723667,1958.4205399574853,0.0002276560901651296,277.1514359715238
89.43294838518952,23.860048174143813,26.338436615094825,19.289923628785033,-0.31729779372120354,0.4230873309023432,-0.3366991355692556,1960.1543985035735,0.00022359111180062955,277.1338765580151
89.48294838518952,23.860048174143813,25.93855780082768,19.411954811354114,-0.6219614543310541,0.44378394350214173,-0.3625823878367951,1956.5574743565523,0.00021232479775570498,277.03175054665667
89.53294838518953,23.860048174143813,26.377870499596753,19.43012211188869,-0.06574142667272911,0.5255338262295021,-0.4082804035030752,1953.2800090144922,0.00022450410398658534,276.9408227049409
89.58294838518952,23.860048174143813,26.847187720358306,19.4164022038892,0.5140330352155308,0.5575864858293151,-0.4168544586412837,1952.8502584098878,0.00021775439265346531,276.89657894452637
89.63294838518952,23.860048174143813,26.642946220299578,19.586654949406686,0.4143484561676875,0.5340640981283956,-0.4011401059701752,1954.0681496705097,0.00021665787377930475,276.86800045427924
89.68294838518952,23.860048174143813,25.987207766308966,19.24476029781236,-0.09891489666217222,0.5105426128454997,-0.36398556015998146,1955.947400503592,0.00021503559349647303,276.97316161703435
89.73294838518952,23.860048174143813,25.67956470981691,20.181648965040765,-0.25032554764484466,0.4169960768471854,-0.30421515628927775,1958.3319583021184,0.00023172022107129366,277.0615550678933
89.78294838518953,23.860048174143813,25.835946858144936,19.565810609828695,-0.17415164615608347,0.4411798678501332,-0.36603652274193293,1955.2507147067633,0.0002231416059341648,277.03133534888303
89.83294838518952,23.860048174143813,26.13050431410656,19.443631302019654,0.004873143205050596,0.48569052641651156,-0.42555470342902446,1949.2412437647379,0.00020666659235049338,276.92877128370804
89.88294838518952,23.860048174143813,26.373390849894268,19.312201628381732,0.18455328950401087,0.5008623056071974,-0.4115294762752762,1948.8811114997968,0.0002069675091576091,276.7502595298144
89.93294838518952,23.860048174143813,26.293149391096815,19.396940701382675,0.10415175661060011,0.486618231047803,-0.39604943330855885,1950.6080785409843,0.00020809830342897169,276.61629896613744
89.98294838518952,23.860048174143813,25.88041755756063,19.690693857928853,-0.2120332766726353,0.46728014760368186,-0.39107519330841617,1952.4303401860886,0.00020077511747233586,276.4999590827876
90.03294838518953,23.860048174143813,25.872842443368178,19.290649479406504,-0.09097899972275489,0.4680309051509769,-0.3842052473642648,1955.8098613246468,0.00021299215764272893,276.3714191194331
90.08294838518952,23.860048174143813,25.927121744241223,19.20895012840475,-0.0045708858516900226,0.46238529396729877,-0.38365335447680066,1960.1808132198287,0.0002217788189736322,276.358482955544
90.13294838518952,23.860048174143813,25.953849292272732,19.324792918711758,-0.048206910579037164,0.46380569769282703,-0.3871644930965413,1965.1074933096097,0.00022120075920954057,276.3712090355236
90.18294838518952,23.860048174143813,26.171899129936456,19.50717610535487,-0.014231487429443232,0.47423984372457667,-0.3814500296742333,1969.0879671919834,0.00021997639475616293,276.25054995530536
90.23294838518952,23.860048174143813,26.283912400570923,19.879633974001987,-0.2123736273947905,0.43851484196864415,-0.33927718936531537,1975.5168046465808,0.0002188589614933037,276.1423476745085
90.28294838518953,23.860048174143813,26.864729226201007,19.942437155683283,0.20482186887366474,0.4328765899110878,-0.33102707048396957,1985.8220061000177,0.0002291595160187963,276.10535584171646
90.33294838518952,23.860048174143813,26.909266611138275,20.25569061745374,0.08817139425627465,0.43902315171702744,-0.29838396680641244,1991.8059528824183,0.0002462827982014803,276.14369740376776
90.38294838518952,23.860048174143813,28.23358628756135,21.56389270247733,1.4266840143894404,0.44903240864524896,-0.24258552314435053,1997.599417548646,0.0002572422849169669,276.11985291864477
90.43294838518952,23.860048174143813,27.98824120224397,21.288073638334524,1.3568884718957777,0.4301593280819051,-0.26529138518394835,1994.942575801159,0.00026340062737240295,276.1159180822971
90.48294838518952,23.860048174143813,27.063006031774933,20.062778825661358,0.5726140293683416,0.42318999868943274,-0.32449623203260874,1994.9309623046806,0.00024975780651272024,276.0898704798528
90.53294838518953,23.860048174143813,26.410411851280774,20.0126478281664,0.042848059858392115,0.41060110267010724,-0.3355226842158987,1991.7784575744315,0.0002516615906865206,276.0128165852767
90.58294838518952,23.860048174143813,26.144629769801956,19.951816827063823,-0.14859248636431407,0.4040412028871243,-0.345932435162812,1988.7486944010775,0.0002533283075621475,276.14899837890175
90.63294838518952,23.860048174143813,26.17182847854398,20.076892229156133,-0.06749134776519626,0.3821098738171725,-0.3505343908553145,1984.069810649735,0.00023533710401921372,276.2508087602522
90.68294838518952,23.860048174143813,26.736868131950658,20.068118396075317,0.5496546896417839,0.3758619105550444,-0.36412856186899184,1978.4089593251972,0.00023121534445950262,276.3866273613802
90.73294838518952,23.860048174143813,25.63166103137459,20.273181071204853,-0.4015575649182286,0.3413958137037734,-0.4029739033766043,1969.309131681334,0.00023726797134787598,276.5765367769403
90.78294838518953,23.860048174143813,25.707321518686935,20.146110136124,-0.17023359424131065,0.30940127888328073,-0.41900685983278,1966.295484053061,0.00022865036987287162,276.55435812355677
90.83294838518952,23.860048174143813,25.9874271752553,19.97525594714335,0.11318849122376852,0.2868939661438013,-0.42755791465225124,1964.3424594142573,0.00021935895038443785,276.6322251065803
90.88294838518952,23.860048174143813,25.71626556085868,20.036496023212187,-0.2489616506512189,0.33098625297862494,-0.42602744098383377,1965.5515546930371,0.00022253862675239701,276.6491243955996
90.93294838518952,23.860048174143813,25.817312561162442,19.671406915108445,-0.19041217017023784,0.3275483997986572,-0.4383239542946977,1963.2284605102918,0.00021333630377232831,276.56802007248285
90.98294838518952,23.860048174143813,26.02142980000177,20.41057303468196,-0.03193189973688016,0.3091287916304737,-0.44116789740849155,1960.0961862967124,0.00020593554135570893,276.6312200778396
91.03294838518953,23.860048174143813,26.21675638942281,20.446603566338844,0.11957469227871068,0.3244699614661844,-0.4807513362384834,1959.541698822192,0.0002039507294566513,276.5823031633329
91.08294838518952,23.860048174143813,26.188614265962034,20.62496779224849,0.09471450134013443,0.3176957013278922,-0.4862793027310347,1955.6336200704313,0.00020997311536852576,276.55256662976603
91.13294838518952,23.860048174143813,26.094301139167342,20.96518240752163,0.008186240091075695,0.31482207977660326,-0.4750750627276093,1955.8424091836025,0.0002086100351037614,276.3165673335213
91.18294838518952,23.860048174143813,26.17429554581922,20.974192442561613,0.04463843264392572,0.2900382267541616,-0.4744561778082075,1956.6623881669734,0.0002079199654059812,276.19736606947504
91.23294838518952,23.860048174143813,26.237692500953038,20.351505939944328,-0.05456274301692843,0.29791361730285404,-0.4227997431753797,1958.6308656745985,0.00021840349017484143,276.1055429277854
88.58294838518952,23.810048174143816,26.550216603113387,19.20998319383816,-0.23384436258894387,0.6676829971734769,-0.39490162036561804,1944.8202903412919,0.00022690367248734744,277.04802359702563
88.63294838518952,23.810048174143816,26.67490579275962,19.22279876107053,-0.04948332253048854,0.6739178602075683,-0.38472592382307497,1945.2512211970068,0.0002242111694299127,277.05171922396505
88.68294838518952,23.810048174143816,26.69251228063663,19.12373261313578,0.06317469979812773,0.6732336255195047,-0.3748196704077806,1945.9258801764483,0.00021831771160653275,277.1169236383834
88.73294838518952,23.810048174143816,26.784779148680514,19.223436590167324,0.20155101225489774,0.6605268471635385,-0.38651307668656787,1945.933511021195,0.00022703969145087627,277.0957544745021
88.78294838518953,23.810048174143816,26.44914865472052,19.30792840818962,-0.08851085757226991,0.6320285476318241,-0.3975933620212932,1944.5056618940612,0.00022241855734114223,277.04113742669455
88.83294838518952,23.810048174143816,26.31961371230045,19.077455986702486,-0.11567862344071186,0.6205977877610421,-0.4000045655474503,1945.9194079335246,0.0002126494377310348,277.0438243273467
88.88294838518952,23.810048174143816,26.369587555177286,19.04371011646825,0.012798563485612747,0.6143201113937847,-0.3960109378161175,1947.9230742410055,0.00021639677423849845,276.97243393795054
88.93294838518952,23.810048174143816,26.143107701820412,19.15597267888397,-0.13199463148198165,0.6149510782355423,-0.40097428421772185,1948.5084582425432,0.00021704535039489433,276.9697272617084
88.98294838518952,23.810048174143816,25.956307081485495,19.35725363312946,-0.227899198704895,0.6120980351741083,-0.4085513586098228,1948.6667214955262,0.00021242886926147825,276.890992944887
89.03294838518953,23.810048174143816,25.67998271736253,19.39268631059317,-0.5354914045851162,0.6002157877005234,-0.397937993743397,1948.3039431546258,0.00021643809368953213,276.96213278987494
89.08294838518952,23.810048174143816,25.892195054468537,19.21300149695147,-0.37884915940716385,0.5913667913799169,-0.38821569343102025,1948.666875491969,0.00021811438522949977,276.9620108383418
89.13294838518952,23.810048174143816,26.649716148956127,18.972110812238515,0.2678488088241496,0.5851586646765489,-0.3957350616637575,1951.4090987281293,0.00021892223166879868,276.91457053351866
89.18294838518952,23.810048174143816,26.87800640474751,18.922800081808226,0.39235346195302245,0.5705310069368821,-0.4029656947479938,1953.1559437816697,0.0002222456226669152,276.8339190617936
89.23294838518952,23.810048174143816,26.539816098111274,19.15628442808777,0.010065906527746074,0.5551080032327612,-0.4072382653479157,1951.9234127622358,0.00022210147096083437,276.88218648156646
89.28294838518953,23.810048174143816,26.299192088021297,19.47344714799138,-0.24981176216824302,0.5503511682918909,-0.4147290791014673,1950.2814863417768,0.0002235749126039837,276.95961389627325
89.33294838518952,23.810048174143816,26.90286783206525,19.247318032317573,0.31917907015947555,0.5487001467015782,-0.4286960603348498,1950.2369253646648,0.00022788557888874975,276.98286777725696
89.38294838518952,23.810048174143816,27.185867186061735,19.412159783823164,0.5170920186943418,0.5558765377280384,-0.42355757333994803,1952.4532594651412,0.0002236323737387077,276.87729634612856
89.43294838518952,23.810048174143816,26.912976561628277,19.490605130024335,0.21667044300243776,0.5362059035865869,-0.40572793004639773,1956.885919518807,0.00021897717291709238,276.93164402942864
89.48294838518952,23.810048174143816,26.408443769739435,19.72822435521301,-0.19558312823670118,0.5361017231803993,-0.3728583096966901,1957.5666497503662,0.00021678263988293762,276.8719213724124
89.53294838518953,23.810048174143816,25.91203337000313,19.582737631651156,-0.6039603966763779,0.5162337032849023,-0.37558167162843326,1955.4361126913022,0.00022674836738025822,276.8768854910814
89.58294838518952,23.810048174143816,26.234349667194312,19.37209230579154,-0.1556406818237306,0.4788128651267708,-0.383735209756135,1953.9563986454225,0.00022902631662803443,276.8511067734374
89.63294838518952,23.810048174143816,26.334619043110894,19.165810696470107,0.09535165042803251,0.5016702146086212,-0.37012771622073876,1952.8696299106648,0.00023128685989965347,276.81439426385197
89.68294838518952,23.810048174143816,26.115310474661083,19.055289156437443,0.0798804613605532,0.5184135509789388,-0.3583582912165523,1954.8600670185722,0.00022219093964268052,276.771016384048
89.83294838518952,23.810048174143816,25.980071606086938,19.524607806282095,-0.13125515617013186,0.47149849913352304,-0.4148339451040343,1949.7674771231048,0.00021964475421789868,276.91010640063274
89.88294838518952,23.810048174143816,26.66586738749288,19.33720591226798,0.5513266999287437,0.49171446489029014,-0.4202332355539409,1950.810687245736,0.0002236147906851752,276.7329711770492
89.93294838518952,23.810048174143816,26.625315864732862,19.31554897783293,0.540285355773709,0.48291452686266917,-0.4078541127199724,1952.0114696278622,0.000211331573779612,276.5430326290773
89.98294838518952,23.810048174143816,26.073522827568574,19.01009395697204,0.07198649442119535,0.46892584023080247,-0.40524999436831777,1953.8450575827978,0.00020144806464514347,276.41098892892836
90.03294838518953,23.810048174143816,25.695188490794983,19.358396205261183,-0.20535069223093969,0.46834459031630915,-0.4082052629088572,1957.2388881770223,0.0002210735375451497,276.3468857471598
90.08294838518952,23.810048174143816,25.77469692869539,19.584218472009983,-0.11322410202578165,0.46458481221315967,-0.3953529223993844,1963.8862609455703,0.00022913382666848206,276.419436254268
90.13294838518952,23.810048174143816,26.056338499823525,19.49909389288696,0.11403976415242914,0.4706579302733142,-0.3971851565369808,1967.5212327459496,0.00022119278769942665,276.30631195871393
90.18294838518952,23.810048174143816,26.26680065276071,19.30868521622449,0.12050725180832664,0.435947278185452,-0.3934777499769122,1971.1741881457372,0.00022725403169254586,276.25883527354546
90.23294838518952,23.810048174143816,26.502864439493006,19.812992725002225,0.09853339926439589,0.4362542273471572,-0.34788015441090847,1980.4310310071273,0.00023736974575544386,276.0688162487184
90.28294838518953,23.810048174143816,27.008577393170828,20.32245324101056,0.4559868099969184,0.4561240034270595,-0.33509667858690256,1990.3534250873954,0.00024414910952652775,276.09644471426503
90.33294838518952,23.810048174143816,27.177120587593105,21.612665186057512,0.46854132845706165,0.45343865030293096,-0.2974508544707786,1991.9442775501514,0.0002476183630647968,276.128613931352
90.38294838518952,23.810048174143816,29.531129993386923,22.977915931237032,2.6612263778237124,0.4561159593796752,-0.24141338318275493,1998.1140728106732,0.0002597912563211288,276.14102061429764
90.43294838518952,23.810048174143816,28.396616149018595,21.60217753029786,1.554890926499841,0.44086465989340695,-0.23073764836437316,2000.7620933898115,0.0002503399628608886,276.12749842760593
90.48294838518952,23.810048174143816,27.38821340103526,19.742983903195526,0.758896475219191,0.4381638529751881,-0.26235690614382884,2003.2263438743657,0.0002492155671407844,276.07059061512655
90.53294838518953,23.810048174143816,26.336703684818236,19.894582891252057,-0.208832044497458,0.4187000499085287,-0.2979246249488132,2003.0338366915478,0.00025201724354633034,275.9861697474673
90.58294838518952,23.810048174143816,26.72409595549482,19.640362716926543,0.29333868091333126,0.39352533135978357,-0.30538097965421723,1999.6527702678275,0.0002637792157653184,275.9574609930147
90.63294838518952,23.810048174143816,26.518666056231524,19.71560739397528,0.17650464126496812,0.37379628034259244,-0.33767033729790885,1992.1144287802144,0.00024454930554375533,276.0959717782039
90.68294838518952,23.810048174143816,26.356843107141433,19.807405825643787,0.18392262474369797,0.37623711911188246,-0.37742112359195534,1981.4449349950935,0.0002385587941256814,276.2317841105602
90.73294838518952,23.810048174143816,25.846453042704518,20.0875483917157,-0.152213098567638,0.31865190951083017,-0.3957961926038988,1972.9026815116022,0.0002342003881698116,276.3347784859967
90.78294838518953,23.810048174143816,26.083629015429953,19.520510670190813,0.11605422100207952,0.32967744973081053,-0.4251669009326934,1970.529007622912,0.00022375662653297684,276.3988448943106
90.83294838518952,23.810048174143816,26.33093593567051,19.55408150299124,0.2614468356978748,0.331967284732434,-0.4283305631515035,1969.3707728954869,0.0002088991936307545,276.44573887318194
90.88294838518952,23.810048174143816,26.64945840986219,19.35770173516389,0.4515780333586331,0.34373440504274266,-0.43371007651788834,1967.1899975591448,0.00020411008659172153,276.4491216340504
90.93294838518952,23.810048174143816,26.504633612325907,19.758943730143244,0.21668966183718824,0.33683137646614925,-0.4438645674122541,1963.7075254512108,0.00020657430485534047,276.48218627310155
90.98294838518952,23.810048174143816,26.241513025137266,20.24504368197103,-0.09257664846204045,0.31143468126666013,-0.4617482549293317,1961.046978083087,0.00020485154327228153,276.56194819629525
91.03294838518953,23.810048174143816,26.22666276599684,20.44970700204056,-0.016207475497769606,0.3094619728904538,-0.4864751475888821,1959.0508479794373,0.0002041241943122428,276.47211588755397
91.08294838518952,23.810048174143816,26.07768315437573,20.52991525079766,-0.06576182765309589,0.32401064757258075,-0.4767958710089138,1956.9906810264893,0.0002008495619314935,276.34675142355644
91.13294838518952,23.810048174143816,25.91738778662761,20.75787277817095,-0.15611902722127968,0.3160823978539382,-0.4675757238163938,1956.7113333496181,0.00019727117238543885,276.21022087348723
91.18294838518952,23.810048174143816,25.87931704073956,20.85024637487752,-0.23775910485229743,0.291892662832798,-0.45548244922774045,1955.822777100463,0.00020143901758796703,276.1432686311922
91.23294838518952,23.810048174143816,26.01627240249699,20.60605464571888,-0.25411796291606603,0.29653210371566674,-0.4377555884116506,1958.8860677647438,0.00020757638433726043,276.02751942397634
88.58294838518952,23.760048174143815,26.095021022730553,19.226290638543375,-0.5380375208597241,0.6446958953655365,-0.4008705883707181,1944.7439045318529,0.0002298748499995039,276.86266530390935
88.63294838518952,23.760048174143815,26.25450087475213,19.388969236511738,-0.2637394798272893,0.6474883929052554,-0.39310190474468915,1944.4136689421503,0.0002246768668730468,276.89323470052256
88.68294838518952,23.760048174143815,26.550818295155818,19.172176977912834,0.07775356411331336,0.6438909524760209,-0.38299696209163414,1943.7380290289514,0.00022900222837867127,276.89561207742776
88.73294838518952,23.760048174143815,26.47668923785154,19.175910684202677,0.02654599816598405,0.6431801339476199,-0.3948470681792276,1943.9822827123317,0.0002325645228672685,276.9172851196593
88.78294838518953,23.760048174143815,26.318483080436025,19.332955111511765,-0.04874188197085543,0.6256231582087556,-0.38906436871727157,1945.1497296762147,0.00022728390639693998,276.9352640589354
88.83294838518952,23.760048174143815,26.378584137648353,18.824932807981746,0.08533373714046764,0.6104006231631465,-0.37638093781361415,1947.5083940219492,0.00022201546026128156,276.9722045667387
88.88294838518952,23.760048174143815,26.271546945072252,18.759901599568575,0.0332379882254308,0.6105822137227762,-0.3951683503106921,1948.166524073093,0.00021656023335565297,276.9354210660866
88.93294838518952,23.760048174143815,26.268378394541305,19.520540832607047,0.13052339890628945,0.5946000894779867,-0.40321265042485704,1948.559335508677,0.00022370391289032847,276.9449623202493
88.98294838518952,23.760048174143815,26.118484246671144,19.30757643409185,0.05948825511020343,0.5910216762905773,-0.39142473294250757,1949.1072556560468,0.0002163643363748644,276.92999736642287
89.03294838518953,23.760048174143815,26.123289603600718,19.188059822026396,0.03511866510555036,0.5752528003328026,-0.3728641831156265,1949.1630585204489,0.00021478720204932928,276.8121832597273
89.08294838518952,23.760048174143815,26.429484206199763,18.834377430060144,0.16420613534934486,0.5655264852185171,-0.37222962095628875,1947.625740623524,0.00021478377410321574,276.8194668835209
89.13294838518952,23.760048174143815,26.496889372065777,19.032726616564158,0.016852946406410337,0.5650022462975124,-0.3957927514700114,1947.7994664329665,0.00021662366703422654,276.86740949507333
89.18294838518952,23.760048174143815,27.02709830357648,18.82299865659501,0.4644096748944453,0.5619608286544114,-0.40830796830779204,1949.265674486504,0.00022377723626946315,276.8631277243386
89.23294838518952,23.760048174143815,26.527003067046106,19.044427698696197,-0.0858452434199313,0.5498369375623907,-0.410653617516229,1950.1276630781042,0.00022613395414865115,276.8662320352858
89.28294838518953,23.760048174143815,26.276833641102407,19.301311950898636,-0.4285039142756918,0.5556653116117252,-0.41285921891248345,1950.2493740247537,0.00022191588097252485,276.8911724329757
89.33294838518952,23.760048174143815,26.781259962885272,19.260142452116103,0.008892033824763047,0.5520601082221354,-0.4271491680605086,1950.039000706724,0.00022627325189348787,276.8780034138535
89.38294838518952,23.760048174143815,27.09786100716378,19.428574893464347,0.3088294112122896,0.5513702671252675,-0.43808937735291376,1950.420275312405,0.00021486307862016247,276.8583478451832
89.43294838518952,23.760048174143815,26.969962730208643,19.614597752645707,0.2412910675624006,0.5495316477838262,-0.44710277021244343,1951.6501161274905,0.00021230832407580954,276.8956300212728
89.48294838518952,23.760048174143815,26.573992609007764,19.63555474832634,-0.11080121827026457,0.524816411710915,-0.43746457237759134,1951.135178624677,0.00021986835442870808,276.86051422525924
89.53294838518953,23.760048174143815,26.772503034062943,19.56297499477298,0.1355603147801925,0.5300736051733336,-0.4294046366770797,1949.009047778559,0.00022171822818878856,276.7877701057965
89.58294838518952,23.760048174143815,26.59721357243329,19.690021907768923,0.08326627320414742,0.5243871452027311,-0.42499838737753654,1946.8598108364959,0.00022294546656497245,276.6700210189497
89.63294838518952,23.760048174143815,26.169286877929615,20.09086440998364,-0.2117347465617361,0.4861081586679274,-0.40269467526020214,1945.750359762738,0.00022443873719801025,276.54026704791073
89.68294838518952,23.760048174143815,26.0558299769332,20.069341103818648,-0.14923759557749228,0.4676756009822623,-0.397984219079687,1948.7832014719565,0.000228546434176924,276.5419435818838
89.73294838518952,23.760048174143815,26.175954247837527,20.16917455364111,0.16995119390034627,0.4215133504108172,-0.38007120839150543,1952.4352962552891,0.00021845630966312743,276.651983518791
89.78294838518953,23.760048174143815,26.05300774219102,20.05257849871203,0.036471195354675426,0.3869883706769684,-0.37777870997778756,1950.5005069630276,0.00022231318862253548,276.7848245458077
89.88294838518952,23.760048174143815,25.569898852513276,19.717915394235025,-0.4816758201815946,0.434982401719331,-0.3923882942673203,1949.1110627794253,0.00022901401677021668,276.82467042567356
89.93294838518952,23.760048174143815,25.744205166373938,19.606221394738814,-0.21177499337683375,0.4349900148709171,-0.4070530233192223,1953.0317945888658,0.00021470737265092454,276.72346698490935
89.98294838518952,23.760048174143815,25.940566936225913,19.271027361687295,0.13099389476731743,0.44266164913828776,-0.4264187800809531,1953.5520710561548,0.00022087767509310795,276.51311456841
90.03294838518953,23.760048174143815,25.64639487989045,19.557152788790543,-0.11211894581446277,0.4742044086924699,-0.43973275298624676,1956.0868602209055,0.00021835936377803054,276.4353998303142
90.08294838518952,23.760048174143815,25.530076010209193,19.680838212411,-0.2801076396514545,0.4813380368340262,-0.4234685393086565,1964.193445816433,0.0002190211728572555,276.45429921458054
90.13294838518952,23.760048174143815,25.878961988579295,19.24913409262789,-0.050103471078988625,0.46415094946419166,-0.4310700643782918,1968.1967961807197,0.00021525274142864323,276.41634115445316
90.18294838518952,23.760048174143815,26.189976525662534,19.08267138809635,0.0795936360661099,0.4367453614196916,-0.425752142658174,1971.3379281716695,0.0002152900979708374,276.2798721237933
90.23294838518952,23.760048174143815,26.249095316875813,19.44678599321822,-0.023957985896142252,0.42679894744305485,-0.38505304912042004,1979.4820646840035,0.00022958126690824954,276.13817040570274
90.28294838518953,23.760048174143815,26.28107764660839,19.581399374922913,-0.13284123488935415,0.4262802394325877,-0.34247869449001145,1990.0712100319226,0.00024079352454106564,276.04829749427944
90.33294838518952,23.760048174143815,27.165727972499397,21.27949973809015,0.5861867632339928,0.44717792940981116,-0.2787754881054853,1995.6116922188055,0.000253101147156881,276.0965938937576
90.38294838518952,23.760048174143815,30.61328224859175,23.605041860010207,3.7369314345070532,0.44331894652924075,-0.2095171753493465,2000.7689642427174,0.00026038000305201594,276.20573571941225
90.43294838518952,23.760048174143815,29.13385026153505,22.58031607119816,2.2272270824040272,0.43011755650764155,-0.1871850407460277,2000.674833999718,0.0002547338886861506,276.1002621968138
90.48294838518952,23.760048174143815,26.267840854602248,20.187925320386054,-0.458086366761857,0.4227546740750254,-0.22878792585912905,2002.6966647085922,0.00025733539142290865,276.0965560566151
90.53294838518953,23.760048174143815,26.64468879002123,20.248031166131263,0.0838467251854159,0.4105411385739118,-0.2567497506442738,2005.2808329565185,0.00025217781984678396,275.97734254019883
90.58294838518952,23.760048174143815,26.584081092563192,19.850052064128455,0.1564687007095249,0.38334520718387466,-0.29876489318361116,2000.2524518863083,0.00023736751766698246,275.9460364617795
90.63294838518952,23.760048174143815,26.417921575016035,19.706124269158767,0.1792124705619528,0.3806386625010863,-0.35284043842816637,1994.0044356784235,0.00023049872827103494,276.0552454020977
90.68294838518952,23.760048174143815,25.935238459090694,19.806851678560005,-0.06089532114485445,0.38263963591341943,-0.39014891277611286,1984.6687028381766,0.0002339199682698019,276.12404182578837
90.73294838518952,23.760048174143815,25.541096076564365,20.265764677899938,-0.3702361109882589,0.3397677707897999,-0.3919894180284126,1976.9941927556274,0.00023752678563620459,276.3973398553177
90.78294838518953,23.760048174143815,26.138478031505244,19.552578777492656,0.1487262508789922,0.3569337900956956,-0.4019795883316652,1974.2848551500983,0.00021635267240007456,276.33575710862624
90.83294838518952,23.760048174143815,26.273253437652446,19.477190879761793,0.05483940592946627,0.33348501540104075,-0.4065998816391767,1971.444535997337,0.0002120558668455457,276.36919997919995
90.88294838518952,23.760048174143815,26.430558268807072,19.571844923629854,0.00995534368435003,0.3315388295778849,-0.42085161692852774,1969.0874974410528,0.0002107596185991516,276.53173428493415
90.93294838518952,23.760048174143815,26.92340353778423,19.43172558630016,0.4590686356868062,0.3459020354623311,-0.4475338067789745,1965.2887046092967,0.00020859809161442178,276.5120509492414
90.98294838518952,23.760048174143815,26.480390795065777,19.942348866414697,0.06605104263573856,0.33216349257969896,-0.4676334169883678,1961.3106306410077,0.00021226288026802284,276.4558471000375
91.03294838518953,23.760048174143815,26.24986253404747,20.547168434473793,0.0008062380062675717,0.29592611195868085,-0.48459800662016445,1959.8790641172143,0.00021116140350653303,276.41397013682064
91.08294838518952,23.760048174143815,26.09907060243606,20.812669236564002,0.008479338675444155,0.29630313125285773,-0.4699243946357051,1959.1543163845538,0.00019995082275866213,276.2311235213578
91.13294838518952,23.760048174143815,26.014426291877776,20.320039612655858,-0.004724108538097208,0.3120100340311731,-0.473939080507557,1957.7628289365061,0.0002060885544777943,276.09369275088414
91.18294838518952,23.760048174143815,25.95002158710097,20.41043194122313,-0.09087858328420272,0.28580579716745147,-0.46522584957469426,1956.5581599115014,0.00020089509397259612,276.1283376943924
91.23294838518952,23.760048174143815,25.866995846545457,20.330725776570336,-0.25695952124751154,0.26747581575332957,-0.45113807283299967,1956.6723180203385,0.00020768823602746917,276.08175300164766
88.58294838518952,23.710048174143814,26.206766796092165,19.336497623175465,-0.4129816441130952,0.6655324173046868,-0.412919988129365,1943.2514569456775,0.0002316186373429437,276.8232077430096
88.63294838518952,23.710048174143814,26.42699553550993,19.030353716107427,-0.023366517769660332,0.650469740534382,-0.4200686380646088,1943.7131098262757,0.0002256129042749988,276.8585830609687
88.68294838518952,23.710048174143814,26.494784874017828,19.088354364558313,0.1599296312765319,0.648253634743242,-0.4125949279490071,1942.7557104575458,0.0002275382903925262,276.8762588583816
88.73294838518952,23.710048174143814,26.443256752374058,19.15858893819064,0.14862879593731246,0.6455994881219363,-0.4006609417206416,1943.5530789040545,0.00021853794045723402,276.90525436561586
88.78294838518953,23.710048174143814,26.207180172857438,19.19467511009485,-0.06296034807194181,0.6293413166813948,-0.38627167858369743,1946.208000082819,0.0002244521999287096,276.94045448787625
88.83294838518952,23.710048174143814,26.012337354924036,18.735333338333778,-0.2721025758326815,0.6239444424187833,-0.37338788135484297,1947.9273463153934,0.00022071383058938802,276.9566861724976
88.88294838518952,23.710048174143814,26.26562361677892,18.91043754490979,0.025941000099818423,0.6254374369065582,-0.3853181084725674,1947.7678300090527,0.00022925770050979206,276.84846963177233
88.93294838518952,23.710048174143814,26.138556579492576,19.43511753597905,8.545020502368167e-05,0.608315160210055,-0.4098879556573533,1948.177415863466,0.00022771759977609343,276.8751974640334
88.98294838518952,23.710048174143814,25.894218249161923,19.62785293400033,-0.16930246897563966,0.5927105238291352,-0.4013530147408796,1949.2992993283008,0.00021403757366237502,276.7969343470306
89.03294838518953,23.710048174143814,26.041915776023792,18.784542917823476,-0.06081102105069774,0.582666897989076,-0.36951308807738953,1950.4361147361783,0.00022167874971489233,276.64310201467055
89.08294838518952,23.710048174143814,26.26661974254763,18.878868163440828,-0.031146012696568935,0.5647129843630176,-0.3751612218158326,1947.313968752222,0.00020976664695970045,276.7012018388503
89.13294838518952,23.710048174143814,26.405991579146864,18.9631465728583,-0.08119455356226243,0.5561682753538858,-0.3933956563721127,1945.6715334807734,0.0002219047014935337,276.6705996484319
89.18294838518952,23.710048174143814,26.66694361262626,19.04356512436571,0.09975890762639784,0.5528803739709682,-0.3931256005010304,1947.5978267940145,0.0002245087605361048,276.6792108762118
89.23294838518952,23.710048174143814,26.900352389383357,19.081582734547258,0.2731694882136275,0.5688152706525349,-0.39733849535290633,1949.8543145242181,0.00022592642581595047,276.6764630129621
89.28294838518953,23.710048174143814,26.582775078740628,19.117312662466997,-0.15448707727117933,0.5652235943888118,-0.41302237368723616,1950.7290556716684,0.00021582976869201055,276.7832358567737
89.33294838518952,23.710048174143814,26.555911805851856,19.41001480908258,-0.2506100906878993,0.5715218811439103,-0.4285919446672283,1950.901730709243,0.000211423849984987,276.92525058695935
89.38294838518952,23.710048174143814,26.854541535053784,19.32534824229677,0.03363657953865297,0.572625318353114,-0.4427782239121354,1951.2159693525373,0.00020998549822779305,276.90022910477444
89.43294838518952,23.710048174143814,26.979450845944807,19.54406996448139,0.19677424375711422,0.5611192146163699,-0.44246457311184856,1951.2416217726318,0.00021259658519959032,276.9701418356606
89.48294838518952,23.710048174143814,27.045094303605392,19.437252360619453,0.28800065735541197,0.5451836359190478,-0.4372791446437027,1950.171738754842,0.00021541429891060618,276.8749010366417
89.53294838518953,23.710048174143814,26.787900916151678,19.466037574033383,0.07319597253297898,0.5318899261581476,-0.42870617002272565,1947.357870066796,0.00021219531437453501,276.55454730113985
89.58294838518952,23.710048174143814,27.292269829698018,19.543723474237087,0.6681893971199178,0.5270579427684629,-0.4341657872684957,1944.7776699739818,0.00022136157128157795,276.46886007720803
89.63294838518952,23.710048174143814,26.203718128165143,19.931473182959266,-0.30585280349098476,0.5005218117850093,-0.42747410318570106,1944.1896738687908,0.0002132249658087312,276.34095595156634
89.68294838518952,23.710048174143814,26.180317859945,19.640844174764453,-0.19263607963036652,0.4797257722586446,-0.4316354312913565,1945.8882460152836,0.00021689616416928863,276.36746741758174
89.73294838518952,23.710048174143814,26.097090596919543,19.534324960359672,-0.10090354195315074,0.488768586280114,-0.42846084346688484,1948.8067954914347,0.0002158665605704739,276.3572082160255
89.78294838518953,23.710048174143814,26.084586830958525,19.516447144107016,0.02955142469377764,0.4891233911554273,-0.4217372930856292,1951.0329702662618,0.00021474114087595338,276.5214405929222
89.83294838518952,23.710048174143814,25.948134851553036,18.947424272049737,-0.051225703053697495,0.4338212351376301,-0.3793802725634318,1950.8126824857395,0.00021074719449132683,276.65953963237206
90.03294838518953,23.710048174143814,25.5689010672334,18.988976821458124,-0.1450375246095354,0.47044953008649476,-0.4339225190592665,1956.7166582325979,0.00021651764138532487,276.44181550053247
90.08294838518952,23.710048174143814,25.686233554985858,19.613242325871635,-0.11631882186392818,0.4720068049316926,-0.4350302575555253,1962.6436823629767,0.00021749537474884153,276.3685476804518
90.13294838518952,23.710048174143814,26.00778042479045,19.476258662531542,0.06677025133286363,0.4472279267424338,-0.4402776158348101,1967.2218570677264,0.0002111767091429092,276.429275863928
90.18294838518952,23.710048174143814,25.908172516312334,19.3162451647101,-0.22246400381806222,0.4318840374468069,-0.43201482497353744,1969.4925706648369,0.0002152424621664706,276.27575569694613
90.23294838518952,23.710048174143814,26.052426107363853,19.393634929309968,-0.26288791010673823,0.42073667175902035,-0.40627238502334706,1974.1336453612564,0.00022006308655339444,276.1423319577687
90.28294838518953,23.710048174143814,26.258385064225937,19.47376495877201,-0.22004801341991131,0.4233202923012424,-0.365171874148824,1984.4721100734478,0.00022468899093190938,276.04260619744423
90.33294838518952,23.710048174143814,27.04109536922234,19.85761063426923,0.39319999371676295,0.44327346875542745,-0.28973586043066335,1995.025733384194,0.0002492669114147685,276.0402307031507
90.38294838518952,23.710048174143814,28.76076968148768,22.570305432050557,2.0317243413572794,0.44733681175519463,-0.18462666142186393,2004.0343651253281,0.0002569667788405294,276.04415512098353
90.43294838518952,23.710048174143814,29.232493206334954,22.91573655411575,2.5047305005362603,0.44260548900041835,-0.13353266839597466,2008.8487283832894,0.0002589421400967531,275.99986889084175
90.48294838518952,23.710048174143814,27.284063058492986,21.50969144640074,0.6631505924312181,0.4380008499809307,-0.14846350567803202,2009.3033437337722,0.00024900618268410165,275.9619602557316
90.53294838518953,23.710048174143814,27.05088146577405,20.7512298839078,0.578787548924352,0.4160546705723334,-0.21089558907185607,2009.8676609424979,0.00023665930825466668,275.845212631752
90.58294838518952,23.710048174143814,26.17731497581215,19.812986577568516,-0.08217963663795962,0.39075480727597967,-0.31317540791588117,2001.588654698512,0.00023638491238176895,275.9358890469858
90.63294838518952,23.710048174143814,25.858661936747247,19.537690113410523,-0.17158065206651102,0.3807674497646524,-0.3706793723973841,1994.00981491166,0.00023804125054762494,275.98407403560134
90.68294838518952,23.710048174143814,25.560367746376432,20.23320762348022,-0.2774528787984513,0.36500631732807487,-0.3872259400199419,1984.9344423974949,0.0002336603238680925,276.1321604905568
90.73294838518952,23.710048174143814,25.567780766556876,20.22716564126706,-0.24814714248479797,0.38714447748127695,-0.38334477326086985,1979.2564573771206,0.00022741518751311052,276.4152192361776
90.78294838518953,23.710048174143814,25.91767580486279,19.722116425799644,-0.053846337241818705,0.35854550741000296,-0.38150946921826645,1976.5466440520802,0.0002228761784425211,276.2834336155303
90.83294838518952,23.710048174143814,26.198820913820644,19.68100677450955,-0.0518243162938549,0.3411359035013639,-0.40007303625815155,1973.0830662958365,0.00021713367193261,276.4094123918559
90.88294838518952,23.710048174143814,26.56463594221164,19.49221584745834,0.15534838191705583,0.35689947331430183,-0.41834132221250625,1970.2903211037735,0.00020700359113168468,276.3911963527265
90.93294838518952,23.710048174143814,26.927532746947687,19.591929700328496,0.5278460533197009,0.3501975092566841,-0.44625549877349663,1965.2220618265324,0.00021744856046064732,276.3977886474226
90.98294838518952,23.710048174143814,26.23004618810265,20.1631622708054,-0.07980424736023013,0.31407341145486345,-0.46963630042496307,1960.1550617221935,0.0002142792496800492,276.3702242146157
91.03294838518953,23.710048174143814,26.151923923327328,20.611776264399644,0.003653733365859686,0.2894354593830467,-0.4839323358130492,1959.3395300633206,0.00022041536221155565,276.3475833592517
91.08294838518952,23.710048174143814,26.13788775276102,20.614598545871928,0.11607870221321864,0.2928578533563295,-0.4722278153940341,1959.2267125463034,0.00022029592779851878,276.1735161898828
91.13294838518952,23.710048174143814,25.836709926107712,20.233215666665046,-0.13462708775818727,0.29059477134749284,-0.4807602754092624,1956.770052029669,0.00021673210470619648,276.09394128168765
91.98294838518952,23.710048174143814,24.52020583916213,19.33218786701805,-0.2517203255709322,0.1816612969851968,-0.559434305100927,1915.6584684187721,0.0001918959413334082,275.04179548767166
92.13294838518952,23.710048174143814,24.27899602163471,19.03679808421061,-0.11755903257769698,0.17875529413970903,-0.555251144090286,1918.15564942602,0.00018274166068914997,274.72235777963215
92.18294838518952,23.710048174143814,24.422713103144783,19.29743246976848,0.10133773205547553,0.18089599618817587,-0.5584816653430777,1914.9206339842497,0.00018122117016578762,274.6253401941357
92.28294838518953,23.710048174143814,24.162247350288762,19.316796907803845,0.1438310840145462,0.1677216728693179,-0.557162958697405,1896.1655387237429,0.00016928849548780527,274.5654228268351
88.58294838518952,23.660048174143814,26.216467815184515,19.318461923774024,-0.35420686513377725,0.6537502747503701,-0.4176436704981931,1944.1686578982462,0.00022164164328589874,276.8543322897188
88.63294838518952,23.660048174143814,26.15449019225144,19.311461545354287,-0.20709230578133622,0.646101359946774,-0.4172998595665686,1944.4685577247924,0.00021501168764627993,276.88932069214417
88.68294838518952,23.660048174143814,25.98477503862554,19.392947154994648,-0.2793273425680328,0.6291691133623569,-0.4144214705806675,1943.3610962182315,0.00022424263882003513,276.84048631916573
88.73294838518952,23.660048174143814,26.12563318553113,19.25937662205093,-0.07633222501666129,0.6512337326553751,-0.39587659504084793,1944.9786448093676,0.00021678334984781867,276.89388497387773
88.78294838518953,23.660048174143814,26.346733842234165,18.919019990205047,0.1358231023459895,0.6395680277680155,-0.38542197827861907,1947.30977714739,0.00022407116613714061,276.8634924590131
88.83294838518952,23.660048174143814,26.571062195685787,19.113091040258883,0.3152306991041925,0.6269209447143422,-0.3726778364057567,1947.8585026880085,0.00022590193017111622,276.97202332827294
88.88294838518952,23.660048174143814,26.375397903794642,19.249889378563957,0.15050798894156608,0.6362181354279203,-0.3915871485597862,1946.6392487483856,0.00022689346315009375,276.9193014257832
88.93294838518952,23.660048174143814,26.013105126250306,19.541141671390005,-0.13274723629922122,0.6222918832292907,-0.41173649991379,1946.3968447538039,0.0002218189710382458,276.87837834287194
88.98294838518952,23.660048174143814,25.80664400878786,19.83967768750333,-0.28174374902012495,0.6015339507399073,-0.40550025767561787,1947.3696627567133,0.00021436282892478223,276.8312759794422
89.03294838518953,23.660048174143814,25.93260790583608,19.56532786001841,-0.1845302518078687,0.5821444827862807,-0.38399642291432146,1948.276158604194,0.00022351872125458096,276.65333592365056
89.08294838518952,23.660048174143814,26.284311260934466,19.138262224688486,0.056928830116084295,0.5675092300400378,-0.38862837161795577,1946.4172732389698,0.00022000614409359604,276.6278441797372
89.13294838518952,23.660048174143814,26.442361368345104,18.954570463077626,0.05389074895368835,0.567177729739614,-0.4018363287698609,1945.684145453562,0.0002123014799590319,276.640927586965
89.18294838518952,23.660048174143814,26.517176740870706,19.13720589165127,-0.031816658050902724,0.5679734454886419,-0.4020599549780058,1947.4718790712543,0.00022083561597575237,276.79122072133885
89.23294838518952,23.660048174143814,26.764112153945216,19.334701451303577,0.0965609726719562,0.582491907280276,-0.4013325305559117,1948.771662065017,0.00022640884437882494,276.69492322395024
89.28294838518953,23.660048174143814,27.077707694838033,19.207228981902674,0.28323062932349463,0.5949520358985313,-0.41738333741551736,1950.560338181487,0.00021481045362940795,276.67767504061663
89.33294838518952,23.660048174143814,26.912056715485363,19.24598314279843,0.03670228246170192,0.57728310377574,-0.43432586161960673,1951.362673812598,0.0002116363835544835,276.835383312071
89.38294838518952,23.660048174143814,26.567669218600063,19.387666668401696,-0.31074445192017697,0.5703433164836883,-0.44136152786522653,1950.7538659470501,0.0002116277493995098,276.7423689979295
89.43294838518952,23.660048174143814,26.565454778849375,19.55212520163606,-0.2812018332307593,0.5754044660233204,-0.4261304421789876,1950.7422886931408,0.00021847107132940205,276.77640712272756
89.48294838518952,23.660048174143814,26.806810948777503,19.37358508262712,-0.022866511966528134,0.5698894706162321,-0.42046149716347886,1950.3833175874565,0.00020924724575841893,276.7085668235206
89.53294838518953,23.660048174143814,26.91571432180499,19.224976254441998,0.11388250812368966,0.5553767735600998,-0.41701384950032744,1947.3320702639598,0.00021254065799448222,276.4700644160974
89.58294838518952,23.660048174143814,26.948506704205123,19.455928257476007,0.1623974625302613,0.5292986310143891,-0.4254002411739998,1945.075081405514,0.00021941802248362085,276.4205162319897
89.63294838518952,23.660048174143814,26.953070460107398,19.6404293057617,0.21594296789094164,0.5210612650581559,-0.426074606103603,1944.1281774174195,0.00022353125480171346,276.423656386824
89.68294838518952,23.660048174143814,26.44442747663478,19.41059713988449,-0.15537068990431757,0.5052226745164253,-0.43032125234135266,1945.5745054168533,0.00021977858129313207,276.2865108498969
89.73294838518952,23.660048174143814,26.134483756097087,19.35570817136599,-0.3203392000724741,0.4856365528504587,-0.43733811956000235,1946.3919179435436,0.00021498996298696882,276.3286321259325
89.78294838518953,23.660048174143814,26.29820896064439,19.372691421489126,0.031032821938422116,0.48407567224634634,-0.42517993787096564,1950.473831778683,0.00020370789408520506,276.43660936709614
89.83294838518952,23.660048174143814,26.07669141061855,19.27295162253858,-0.10667423938815845,0.48513699187392445,-0.37858037747606443,1955.6058011217654,0.0002108522622453012,276.55402699674113
89.88294838518952,23.660048174143814,26.369486258029166,18.887039255202023,0.22797167899219137,0.47114790468747875,-0.3486601461708113,1958.6671009410827,0.00021931135550976537,276.60657047341755
90.03294838518953,23.660048174143814,25.37626355980629,19.8503978891917,-0.389140227239412,0.46105654756263353,-0.39544639854952407,1961.2358717748316,0.0002178870318955907,276.5186672283181
90.08294838518952,23.660048174143814,26.198484248566146,19.575493398164397,0.37838017693503295,0.4378245805492742,-0.43589289891666533,1959.876154482234,0.00022371864970347204,276.3472502054577
90.13294838518952,23.660048174143814,25.974326687268643,19.778019566015917,0.02386994158312747,0.4434386278125127,-0.43935309599208056,1962.921791660919,0.00022160236318035815,276.3859593971683
90.18294838518952,23.660048174143814,26.170842944623168,19.654797707515815,0.0741392603045923,0.43507274765481757,-0.4343421636111357,1966.3600503557134,0.00022330434534822947,276.2400103139701
90.23294838518952,23.660048174143814,26.621865179017078,19.5762870749085,0.3450135907395786,0.4389764980218289,-0.4167517442631989,1968.9924951780063,0.00022748450574527462,276.07360697336657
90.28294838518953,23.660048174143814,26.523659067406193,19.655976281338294,0.0650054916380327,0.425053396240109,-0.3730114219920897,1976.8165326510111,0.00022927622522498283,275.95974083085713
90.33294838518952,23.660048174143814,26.553600364897637,19.60091082654339,-0.02421869044720036,0.43129457200687343,-0.3313076993957696,1989.5538769963025,0.000234023524585233,275.9639158989634
90.38294838518952,23.660048174143814,26.923795729656614,19.620223251874805,0.3079114804524385,0.44984817010172656,-0.24725106206094516,2004.2594465427437,0.00024982114328653596,275.98892752320444
90.43294838518952,23.660048174143814,27.138697892093703,20.600204291053235,0.4958698943902974,0.46518543990311945,-0.17308181625184219,2010.7248354414703,0.0002638457320772306,276.0543150599304
90.48294838518952,23.660048174143814,27.352664189951884,21.48227741915485,0.8391327946515977,0.45110417308862566,-0.1372720775606212,2012.537598621754,0.0002515387752296999,276.0103609423313
90.53294838518953,23.660048174143814,26.78725513391847,20.73705682104603,0.4775307685208755,0.41954756745164967,-0.21703596461164218,2014.6596269566821,0.00023786254009893233,275.9334441971323
90.58294838518952,23.660048174143814,26.247277120652004,20.006971665142427,0.14256255128660536,0.40829001191727154,-0.3095447140046675,2005.6310651556403,0.00023970900899070125,276.0102619637548
90.63294838518952,23.660048174143814,25.70027981315685,20.494804474437835,-0.22197884274680857,0.39448255246582936,-0.3562830906781595,1992.1326493498593,0.00024549985726949925,276.0988705779304
90.68294838518952,23.660048174143814,25.575703419348354,20.164246407987093,-0.2267890560915156,0.3744524271990848,-0.38748836195369674,1983.3931681028487,0.00024294163718549771,276.09684619504606
90.73294838518952,23.660048174143814,25.594966274878033,19.874716665059044,-0.251871707499849,0.37304658797016277,-0.39297116423214373,1979.2358835736445,0.00023089358022544508,276.24882229250824
90.78294838518953,23.660048174143814,25.919808364537857,19.77796563481894,-0.05207211296327801,0.3580469055497385,-0.3831937130727073,1976.8551509262772,0.00022126708254683553,276.26628620864733
90.83294838518952,23.660048174143814,26.291624123374003,19.624060017072303,0.12696343258761866,0.35183356535583876,-0.40345086143833636,1974.708066629396,0.0002203341632147523,276.2883643627033
90.88294838518952,23.660048174143814,26.22226551834107,20.079077762724207,-0.02899344895323966,0.3416616448780103,-0.42284682136991625,1970.3924190105358,0.00021619476967031707,276.2583976430184
90.93294838518952,23.660048174143814,26.242973867111278,20.19871701992616,0.05069974741250853,0.32461033312814186,-0.4458540281959718,1965.6095362277517,0.00021650073112419987,276.30850997043837
90.98294838518952,23.660048174143814,26.079796299528862,20.424502427982883,-0.0003902527990379752,0.30953308914974986,-0.45252615105245536,1961.8340019203165,0.00021963353578282889,276.30630803499423
91.03294838518953,23.660048174143814,25.9780214467742,20.43553665456325,-0.007894593156235022,0.3041991805221034,-0.4737704406348363,1958.4922365804416,0.00022739279045548154,276.32223281877356
91.08294838518952,23.660048174143814,25.96354782714512,20.496931539787703,0.01949293350921511,0.2798846340881324,-0.4801611507107304,1956.9615310385877,0.00021639341018144705,276.2393426106386
91.13294838518952,23.660048174143814,25.902271176050366,20.530221861567277,-0.03896103758009066,0.26348696198366284,-0.48780358092831977,1956.8746989512529,0.0002062901949184809,276.0897811210989
91.18294838518952,23.660048174143814,26.01541621739603,19.965788964020952,-0.009689698032883061,0.2667215839556806,-0.4851801030595425,1960.5196517834902,0.00020970132003378362,276.03350041705255
91.98294838518952,23.660048174143814,24.131693079594715,18.969285615180137,-0.530025909274019,0.19189513822781948,-0.5601634136759436,1915.6794604542442,0.00017423918542379443,274.9081286959557
92.03294838518953,23.660048174143814,24.041166746606756,19.1242217478562,-0.38115606649114986,0.18024230183460177,-0.5529005071410762,1917.3604605838048,0.00017287326966964088,274.9069630645015
92.08294838518952,23.660048174143814,24.351894032182578,18.918463475693052,0.15415493105376424,0.1851730614209103,-0.5485839821317195,1918.306303280345,0.00018143263545416412,274.8583832621684
92.13294838518952,23.660048174143814,24.022337791469955,18.753229052128397,-0.12766907752052714,0.1835767268385548,-0.5688607859509335,1915.4593761639217,0.0001775855976979922,274.731587402991
92.18294838518952,23.660048174143814,23.793766016866407,19.196448928615663,-0.24292300942102263,0.19150127796472588,-0.578118497337854,1912.8933451312757,0.000163803944892769,274.63170414046834
92.23294838518952,23.660048174143814,23.947407736715153,19.64564698157172,0.03755640572892917,0.17850713446398578,-0.5672090372458575,1909.0360771898925,0.0001681408649197115,274.5659794296007
92.28294838518953,23.660048174143814,23.68772334855533,19.0169018775495,-0.08152596104938216,0.18079863015456252,-0.5553921543526266,1915.7185017258473,0.00017478131109780528,274.5647768896526
88.63294838518952,23.610048174143813,26.105962084281412,19.628455074619673,-0.20760130597614013,0.6524868685883929,-0.4129641510392245,1944.5714882314685,0.00021332929361109846,276.8598827272598
88.68294838518952,23.610048174143813,25.886502431662247,19.59994047676843,-0.3699540338254905,0.6309005139090775,-0.40710273047153206,1944.3489837786385,0.00021448139068388537,276.90545085094726
88.73294838518952,23.610048174143813,26.270768978272702,19.171226287271917,0.08523868444195663,0.6398040506344975,-0.393853547394526,1945.1137104036413,0.00022700777980948472,276.8830643011958
88.78294838518953,23.610048174143813,26.298219366531956,19.271609491056644,0.1472661357032785,0.6356107724302393,-0.3995888022684504,1945.8896568423952,0.0002299284374593948,276.8051751720191
88.83294838518952,23.610048174143813,26.184852057545882,19.398556492789226,-0.009012365480122237,0.6314142606177667,-0.39281951413354765,1946.1933214676897,0.00022282171404087154,276.8928342700548
88.88294838518952,23.610048174143813,26.40808422325342,19.3248991712073,0.20446503080384917,0.6229153892900431,-0.4027732379047358,1945.8915786594303,0.00022179296182527107,276.9273376791967
88.93294838518952,23.610048174143813,26.246723094674387,19.338805173704184,0.09903020052902957,0.610677826635519,-0.41339982320980806,1946.151964918823,0.0002221034152369528,276.9472929996673
88.98294838518952,23.610048174143813,25.960560706632652,19.493970536802546,-0.1525321917694863,0.6111892679823495,-0.405360461663379,1947.8527691664751,0.0002183113125294961,276.8301149472859
89.03294838518953,23.610048174143813,25.88497544274599,19.449270950657418,-0.2125719727329209,0.6015696112702567,-0.39210877990588905,1948.266134116057,0.00021687588013494615,276.6188618595216
89.08294838518952,23.610048174143813,26.30168054533242,19.51013796629866,0.16463858539480747,0.5961376193708386,-0.38585901113000903,1947.2318495165587,0.0002173792436519391,276.6601529968325
89.13294838518952,23.610048174143813,26.217157114617564,19.008530099255843,-0.058641838170205435,0.5707830912474907,-0.39308639811686696,1946.4376359867404,0.00022139728868870442,276.6360548927869
89.18294838518952,23.610048174143813,26.36910708466647,19.10931602555879,-0.09811735080966373,0.5806274695186042,-0.40462181986578255,1948.432333791176,0.00021303089077847847,276.6824814321262
89.23294838518952,23.610048174143813,27.303946743192146,19.01904960590973,0.6648478328066582,0.5915931089375748,-0.41145634525883407,1948.659684095207,0.00021564732903543902,276.63505141920626
89.28294838518953,23.610048174143813,26.855955018462005,19.2396236607996,0.0910542958523712,0.5710009363642291,-0.42869852371939327,1948.6811951307084,0.00021903430299223344,276.6712257898377
89.33294838518952,23.610048174143813,27.171771166401207,19.12736629883454,0.34953056985933084,0.5706528240279926,-0.437193041214397,1948.7165731435139,0.00021633883067014405,276.7607173544503
89.38294838518952,23.610048174143813,27.001966442088438,19.225065028577497,0.17116817483868535,0.5585642396620912,-0.44326186223218056,1949.4582998672547,0.0002224866180393334,276.73033297768603
89.43294838518952,23.610048174143813,26.685747146033417,19.13970568717149,-0.15542921728629183,0.5647747036883867,-0.43076078778157434,1949.4975419145212,0.0002199392865216207,276.6591259567699
89.48294838518952,23.610048174143813,26.495039224855073,19.552115734576134,-0.2804295000576868,0.5690431611250597,-0.41331094873764357,1949.3768649549513,0.00022187345919368742,276.66234353082274
89.53294838518953,23.610048174143813,26.867943461109522,19.225856356773804,0.0648909695199021,0.5729436391976468,-0.4206141276424965,1947.6743555264377,0.00020783400426663422,276.5525017716684
89.58294838518952,23.610048174143813,26.75717631372308,19.394887873105183,-0.12213380605379758,0.5299054801398732,-0.4257672898471491,1946.193109670735,0.00021169738058674807,276.45456956999135
89.63294838518952,23.610048174143813,27.504324221257935,19.38156808324206,0.642818831684389,0.5311978197050616,-0.42275070240518753,1944.7931216573872,0.00022406581200436798,276.46038584036273
89.68294838518952,23.610048174143813,27.38145382789099,19.194901144211418,0.6446414383026702,0.5183945198049857,-0.4237233089393982,1945.259919206751,0.000225262116705416,276.3630284929541
89.73294838518952,23.610048174143813,26.258349544831674,19.33909920226082,-0.3054062702314001,0.4943054302418049,-0.4306614193469827,1944.9944531145672,0.00021740066296892238,276.3803106639256
89.78294838518953,23.610048174143813,26.308734826214398,19.589334192178335,-0.09044206105840771,0.4782009791572358,-0.4068364190535975,1948.1278530251636,0.0002117913703795375,276.3486506885528
89.83294838518952,23.610048174143813,26.480603699015628,20.048588773732888,0.12345874134983233,0.48010206430994934,-0.3703444595597538,1951.8287230506905,0.00021755497923621733,276.36730092924523
89.88294838518952,23.610048174143813,26.207280531014238,19.1800526258367,-0.12555838573507935,0.4884464934725381,-0.3581603519709484,1954.517994520954,0.00022053953681493952,276.3358279460394
90.08294838518952,23.610048174143813,25.414678203690407,20.179699001016743,-0.4989332371654982,0.38470058376999516,-0.3851085298910048,1953.9819684131317,0.00022754435269032135,276.45349088100926
90.13294838518952,23.610048174143813,25.82472652299459,19.970559255385826,-0.12108776510120567,0.405430800865265,-0.4135551706378762,1956.7211668829425,0.00022370618188118487,276.4132464244501
90.18294838518952,23.610048174143813,25.968841916714297,20.50947636396165,-0.09394302830975958,0.46413935132927425,-0.4394310266054193,1959.3296788636892,0.0002176778201699645,276.27629634432276
90.23294838518952,23.610048174143813,26.402372067284606,20.058014867762004,0.27977858384626575,0.4400496559046125,-0.4334719481458831,1963.103836231229,0.00022685992968218507,276.13542889789795
90.28294838518953,23.610048174143813,26.350255395465346,20.21516132740041,0.08900477727493837,0.41354780258529944,-0.394578815827503,1971.6260061167725,0.00022412617772131548,276.0105326086256
90.33294838518952,23.610048174143813,26.478120621088358,19.735128302927055,0.07573050101631468,0.41366631218767197,-0.3497393270381539,1985.198848911069,0.00021879187067507961,275.9264286957999
90.38294838518952,23.610048174143813,26.38774655505293,19.660361340400343,-0.143946008341248,0.4485031962578676,-0.3012736873297056,1998.8753569527544,0.00022756957351229205,275.93086900694374
90.43294838518952,23.610048174143813,26.362071223869556,20.095909637870214,-0.2551910351933909,0.464317159207549,-0.24328985096743985,2009.4822763223208,0.0002399534598590895,275.9372309258227
90.48294838518952,23.610048174143813,27.668538776612365,21.569848921088372,1.1706517555963944,0.4518738862626579,-0.19513359643063882,2015.3485734904623,0.00024643773317881514,275.9027897968024
90.53294838518953,23.610048174143813,26.55912795564294,20.481005727609467,0.23796879066771204,0.4175162188337454,-0.27229898302778943,2014.3257670770631,0.00023741326811426634,276.05091785106606
90.58294838518952,23.610048174143813,26.064527776532614,20.32236010062414,-0.058833217110861355,0.40136290246212025,-0.31792582802746555,2002.3323740301594,0.0002377626851024881,276.07281464836706
90.63294838518952,23.610048174143813,26.122590351332004,20.349676810662167,0.18528410709561413,0.34705957884994276,-0.3424460044356246,1995.6493655956554,0.00023339683039469666,276.0002316801434
90.68294838518952,23.610048174143813,26.053676594009865,19.636079229615213,0.2128762642738751,0.3804703324437435,-0.4013256165544024,1989.6948369463428,0.00022870116367426258,276.1115965149233
90.73294838518952,23.610048174143813,25.704382917693554,19.753294816817473,-0.1892714131533974,0.36707164014094174,-0.4084926946777368,1981.5946812867453,0.00023104121298328197,276.27672484091323
90.78294838518953,23.610048174143813,25.85038567388441,19.703886877688248,-0.09477046574732406,0.35729299932807707,-0.4025150108585647,1979.6734532301807,0.00022895040757244905,276.3131175277124
90.83294838518952,23.610048174143813,26.17200079745645,19.97787075507362,0.17188992410402973,0.33509862733491846,-0.4136065452038535,1975.1849912936495,0.00021117029809723562,276.1636684082063
90.88294838518952,23.610048174143813,25.911848720400247,20.90207665981845,-0.09319451705117932,0.3252327390068643,-0.44027473705721576,1968.6077107066594,0.00021032541812369935,276.3179472680019
90.93294838518952,23.610048174143813,25.8379790434676,20.803208205070028,-0.11134890268332068,0.31627766007055635,-0.4425225209073624,1964.1980276960032,0.00021597043876954547,276.32860917487545
90.98294838518952,23.610048174143813,25.94054981498438,20.33423599716001,0.01206511959524281,0.318578243081091,-0.43424662540091347,1963.0243043240084,0.0002115511735121839,276.22452707553094
91.03294838518953,23.610048174143813,25.85785555204756,20.240066086503752,-0.06921147314912698,0.29026580619488856,-0.453741344754741,1960.0266721521916,0.0002191464163541044,276.26991756877976
91.08294838518952,23.610048174143813,25.681506820886668,20.415617094725604,-0.2512974180769001,0.27043704303303717,-0.4765230109576615,1958.2953239637297,0.00021279937361314954,276.224262339375
91.13294838518952,23.610048174143813,25.876851011961747,20.438916891787628,-0.12119726156431791,0.2717425408761637,-0.4916626723595831,1959.4723196565133,0.00021654324237527868,276.02491517948573
91.98294838518952,23.610048174143813,24.091132240175874,18.93306192212491,-0.5175611931552523,0.1947119519013245,-0.5365166675059954,1914.182903890292,0.00018191726852976104,274.9331618572612
92.03294838518953,23.610048174143813,24.01582711585962,19.28740787239922,-0.28029181551316573,0.19770674896431434,-0.5452319364138073,1916.82933015817,0.0001830231721011648,274.90554215483013
92.08294838518952,23.610048174143813,24.07374446267208,19.23463730994612,0.03098272258147583,0.18867823804631448,-0.5560444576976928,1913.3589453128145,0.00018067189600098768,274.9252768101394
92.13294838518952,23.610048174143813,23.73575260189326,19.062032668069975,-0.18619232627449903,0.17778548872238858,-0.5742742527038153,1907.7147408416217,0.00017655718312050274,274.9379462526555
92.18294838518952,23.610048174143813,23.672486290098202,19.116986620964692,-0.13161145685558384,0.18986860485319076,-0.5746937671979468,1905.9096773359495,0.00017402196508004312,274.7558233364021
92.23294838518952,23.610048174143813,23.794509316334835,19.75931682719886,0.09453190610718051,0.17839725018405844,-0.5548838343573027,1908.4430975170367,0.00017292396385348472,274.45331270615264
92.28294838518953,23.610048174143813,23.57344118770605,19.01862223466434,-0.00032728476556065193,0.17746357984436126,-0.5473360924425267,1918.0634685424343,0.00017920600436313375,274.4540729011682
88.68294838518952,23.560048174143816,25.995407693587833,19.722008411566552,-0.3679819015212612,0.6261726550520241,-0.4017236304520532,1944.691197546535,0.00022054069370958397,276.84235508789317
88.73294838518952,23.560048174143816,25.54763338465127,19.59257771832932,-0.689891107578866,0.6298745391791292,-0.3889289456133183,1943.151234401763,0.0002245558784880311,276.8454983631157
88.78294838518953,23.560048174143816,25.846399894931036,19.261601121300604,-0.2989755621769294,0.6204892452657684,-0.40137636889873984,1944.7934047241342,0.00022876828103836238,276.7823817193766
88.83294838518952,23.560048174143816,26.095871193635976,19.316662408835267,-0.0663777769541112,0.6306982740812506,-0.3988197079721614,1946.2438638089034,0.0002183515302483818,276.8691800581909
88.88294838518952,23.560048174143816,26.504104303253158,19.333149083227017,0.30216438858992956,0.6131847109907897,-0.40369033518427744,1945.9683656782424,0.00022693638882213116,276.89216357745676
88.93294838518952,23.560048174143816,26.274837798730843,19.63681177958302,0.11065272877590765,0.6147065298357512,-0.41860279210721185,1944.8006442715803,0.0002245475333880643,276.8256301328364
88.98294838518952,23.560048174143816,26.061136938915197,19.840011880344715,-0.02908899816652007,0.609742948382444,-0.4132641611397183,1946.453125918235,0.00022089756281640615,276.6930572365314
89.03294838518953,23.560048174143816,25.958213105446674,20.00181013145303,-0.054408130169104355,0.5959055026124231,-0.40616692492169537,1947.3108208265758,0.0002072743358276277,276.62580301105794
89.08294838518952,23.560048174143816,25.727020563166985,19.581682899430064,-0.2717292503865247,0.5792556555941077,-0.40234081201753247,1947.649067880965,0.00021309583064655475,276.5981464015211
89.13294838518952,23.560048174143816,26.01689536371251,19.522906192421935,-0.08310527484950418,0.5716330958452972,-0.3911943639138355,1946.5567430112783,0.00021812005173024333,276.46399271875015
89.18294838518952,23.560048174143816,26.29608774996371,19.639265937731693,0.04043136980895494,0.5707269610317506,-0.39122486761796116,1946.9053153631044,0.00020713457130225324,276.53545029432365
89.23294838518952,23.560048174143816,26.397149105211035,19.28908435250769,-0.0470549482789173,0.5703849613012748,-0.41567116064116977,1947.4498659081669,0.0002111583610202189,276.5760993341071
89.28294838518953,23.560048174143816,26.412922985844585,19.28008846744283,-0.1990103885157684,0.5724103219340506,-0.4382092953972013,1947.343172934642,0.0002262487215374473,276.60198617997753
89.33294838518952,23.560048174143816,27.079854307953468,19.06531187645881,0.422900022725713,0.5500751686605104,-0.4459958242505192,1946.8087894842868,0.00021650902374206155,276.7942137827866
89.38294838518952,23.560048174143816,27.127464236722904,19.330979771698555,0.49810493908468395,0.5411770681251246,-0.438592565608946,1947.3658765958676,0.00021762638113689297,276.69659878071474
89.43294838518952,23.560048174143816,26.688219570387428,19.269791144723147,0.1031245543656707,0.5510186829917698,-0.4310978155984598,1947.810893211813,0.00021839557137980122,276.59708043247116
89.48294838518952,23.560048174143816,26.40989584006678,19.403188028624538,-0.18235163159980472,0.5567088350497105,-0.4248379300511366,1948.4093670767384,0.00022106528441088343,276.5939870132812
89.53294838518953,23.560048174143816,26.801224968222797,19.554645230214863,0.14644038066808815,0.5491248389049724,-0.4192403586151354,1947.5029616558875,0.00021888111223885358,276.5748945533008
89.58294838518952,23.560048174143816,27.365528041733253,19.43701005559244,0.6065013914133922,0.5316719989439903,-0.4226442825297333,1946.7977407452186,0.00021899668871235914,276.379671460702
89.63294838518952,23.560048174143816,26.94104779961957,19.382559671202774,0.18438118915422466,0.5125952454547098,-0.4196215747565425,1944.9299126880821,0.00021672562524034338,276.34857514461834
89.68294838518952,23.560048174143816,26.757558551831593,19.3156930485782,0.08091095267370113,0.505033399010257,-0.42441021653442085,1944.797520537278,0.00021586576389276367,276.28654814469917
89.73294838518952,23.560048174143816,26.52515146561835,19.413412907488148,-0.08006634488617576,0.5060456425716665,-0.43544962334969645,1944.2138143883274,0.0002098492739660292,276.20593415079634
89.78294838518953,23.560048174143816,26.409416651436384,19.572465870231724,-0.17446299704206475,0.4738826668098366,-0.42320833464940716,1944.771767205998,0.00020838398759641453,276.1953232977989
89.83294838518952,23.560048174143816,26.668812503122023,19.600281250398375,0.08475731945621667,0.4748154410530361,-0.4108080328023575,1945.3388912640614,0.00021247915020794085,276.27641825790556
89.88294838518952,23.560048174143816,26.357222678682497,19.463866191930606,-0.20895942937141843,0.4774167005543672,-0.4051286153738639,1948.5313810331338,0.00021336265274459856,276.337249101679
89.93294838518952,23.560048174143816,26.365298545710452,19.252274532197525,-0.1218470409090487,0.4822279114865532,-0.391258642438959,1951.031812886989,0.00020072937960876166,276.41441788565254
89.98294838518952,23.560048174143816,26.52759412787894,19.324698075699754,0.12672997945947356,0.46979324490954205,-0.37468832731079854,1955.0761247605044,0.0001996270860336818,276.3861499525067
90.18294838518952,23.560048174143816,25.586506324239775,20.22685985534301,-0.2697836929713402,0.4002926460199721,-0.4149264291393744,1959.9219772601966,0.00022712670977524814,276.30123118609566
90.23294838518952,23.560048174143816,25.576359133660475,20.485491335535084,-0.3475628351551318,0.4814948232894732,-0.4392630220815867,1963.5693926480703,0.00023374801252703896,276.17078815600973
90.28294838518953,23.560048174143816,25.907477393457203,20.567868247684277,-0.152989111406598,0.4145898822440242,-0.4091561096641193,1970.7712449186865,0.0002177151618152799,276.10507837160355
90.33294838518952,23.560048174143816,26.621978245822927,19.700255400878344,0.3745531176468283,0.40051235141220126,-0.36522782296654926,1981.6291129283243,0.0002122403251189138,276.03559770580426
90.38294838518952,23.560048174143816,26.64030762339698,19.56345116055483,0.15547978590397996,0.41010224818933316,-0.3386562962892546,1988.6865979707127,0.00021888458068022436,275.92986584675145
90.43294838518952,23.560048174143816,26.688814469539523,19.52271254529732,0.05262441492927078,0.4229718382816335,-0.2982375875478969,1994.5932344621444,0.00023412012418331176,275.86723837606894
90.48294838518952,23.560048174143816,26.523748093628114,19.946058187347234,-0.0964654556279046,0.4435074492434619,-0.2695790710448579,1997.1373279046304,0.00023961870878307914,275.8878267929454
90.53294838518953,23.560048174143816,26.440357536751353,20.41761803950685,-0.05571939776031209,0.40554691960661265,-0.3082270547351676,2000.6618180052421,0.00024237720604808072,276.00188995399503
90.58294838518952,23.560048174143816,25.856559970357754,20.432675828472583,-0.4285578603035405,0.3612429003813308,-0.3557344101903804,1996.3926822971596,0.00024160610700494633,276.0268384825932
90.63294838518952,23.560048174143816,26.251092015060856,19.614356399729814,0.2436570497081513,0.40833854908192085,-0.38503950291062106,1993.4633792372579,0.0002302220788597962,275.97380213717923
90.68294838518952,23.560048174143816,25.812016584002144,20.093400235149176,-0.024281743449049018,0.37233192221207156,-0.39215406884407844,1990.111081921042,0.00023185965861784752,276.0034290811983
90.73294838518952,23.560048174143816,25.614196916968794,20.036578784826673,-0.23113023088102705,0.35737764721993576,-0.39773699052075967,1981.0680266690874,0.00023664783970070305,276.1118940549335
90.78294838518953,23.560048174143816,25.96137507637251,20.397249503004684,0.1001700715030302,0.34431990300367477,-0.4106518202189255,1977.1007468618932,0.00022951588089075594,276.2704890807322
90.83294838518952,23.560048174143816,25.828484546165125,20.97115189778795,-0.07639466861376351,0.3385955667566305,-0.4325826780242,1971.4219848203002,0.0002186974969534319,276.1354371139743
90.88294838518952,23.560048174143816,25.569634846195786,21.022709061533796,-0.35102613386860976,0.3221597168596946,-0.45307302445247305,1967.4428019100983,0.00021587075439347405,276.2509806690293
90.93294838518952,23.560048174143816,25.990578462987607,20.733223748771252,0.09476830094229216,0.31127061431993275,-0.4587436550177808,1966.1347145370432,0.00021506616145458373,276.2637027292282
90.98294838518952,23.560048174143816,25.882077156349947,20.298176116113208,-0.057812008151184945,0.30234413520234743,-0.450432578485835,1965.1872291429352,0.00021168762760342998,276.2576335979453
91.03294838518953,23.560048174143816,25.98513948732388,20.000108816148128,0.019536257361016707,0.29641058048152086,-0.4434860646106908,1963.766748528001,0.00021378063664127093,276.14401988248306
91.08294838518952,23.560048174143816,26.0458316558068,20.20151875103938,0.06083034793886221,0.2865680613077638,-0.46248171359627765,1961.5100327340256,0.00021816237457726918,276.0888222995793
91.13294838518952,23.560048174143816,25.77309383249851,20.352117761742427,-0.2949232160620387,0.2769271779174724,-0.4793068766512039,1960.6461301660495,0.0002102145147220181,276.0882460518429
91.18294838518952,23.560048174143816,25.911606283448624,19.962334111980077,-0.18886856707700062,0.2751314652131365,-0.4918155762499337,1960.7321094088215,0.00021619832425738146,275.89548505487306
91.98294838518952,23.560048174143816,24.581756369143005,18.613285985387783,-0.03536341351902776,0.19490039103570603,-0.5336098384792876,1917.6422270113815,0.0001806016960201775,274.90500962769215
92.03294838518953,23.560048174143816,24.12416844010905,18.98324202688251,-0.15754527024944623,0.18728369144944068,-0.5509857935605829,1915.4130787306262,0.00017244527071478362,274.97278107032855
92.08294838518952,23.560048174143816,23.90682259075451,19.16052873292953,-0.09628952450064113,0.17488113426935847,-0.5593868970878,1909.8341246314744,0.00017497796542674713,275.02559788431194
92.13294838518952,23.560048174143816,23.72086161745584,19.469028226086717,-0.10918275058775556,0.17186129723325105,-0.5669131535056979,1904.8500608173756,0.00017473581345631492,274.91740372899835
92.18294838518952,23.560048174143816,23.71639865943183,19.036729508137505,-0.038610176297097995,0.18251111356268412,-0.5659649169909496,1907.3013269545909,0.0001881160535950131,274.8259926483106
92.23294838518952,23.560048174143816,23.899566585977958,19.614374284715243,0.21072834637090643,0.17575658400504804,-0.5253318913984467,1908.5659479380154,0.00018428850808236262,274.52646153131855
92.28294838518953,23.560048174143816,23.616217037938263,18.918877254826512,0.03411353154231414,0.17583355580444454,-0.5176571175760472,1909.7858611491088,0.00017387046528093492,274.5850581912913
88.73294838518952,23.510048174143815,25.91859582573889,19.523565976439873,-0.3416329601269078,0.6279937398074572,-0.38774579526460884,1942.2628427744294,0.0002358213502451731,276.7521951095056
88.78294838518953,23.510048174143815,25.969252461392838,19.449853666107682,-0.19307565970036605,0.6226111737844231,-0.3927357386238419,1944.4702255245681,0.00023628069467848965,276.7387473434894
88.83294838518952,23.510048174143815,26.05675698750191,19.567046271005854,-0.1332795996691209,0.6235338237841489,-0.4016646952457547,1946.1125520978521,0.00022042763180215392,276.78883188247255
88.88294838518952,23.510048174143815,26.276092158100166,19.609657134844287,0.08304095661615377,0.6269772476445055,-0.4080960607998145,1945.1996830378598,0.00021876662273470775,276.8172645347249
88.93294838518952,23.510048174143815,26.20145281298006,19.881311117351373,0.09032524087724597,0.6483401491014634,-0.4235447973349129,1944.173524932632,0.00022662674789838597,276.8137253782046
88.98294838518952,23.510048174143815,26.006617482426705,19.666278990860278,0.04000612258483487,0.6184413082891861,-0.4211614540035008,1945.9821192635832,0.00022337342196540822,276.8051849882674
89.03294838518953,23.510048174143815,25.832922258784205,19.637351815237217,-0.020897896741728185,0.5865455212738294,-0.4223488905035022,1946.9112896423696,0.00021800432966829632,276.70675680230033
89.08294838518952,23.510048174143815,25.667158710089346,19.57220366932778,-0.17493425694395107,0.5793267970829281,-0.4245621659971069,1947.0818896133717,0.00022423052876559553,276.6821641576386
89.13294838518952,23.510048174143815,25.71946098831767,19.831030691526074,-0.19370986350685737,0.5913036126286841,-0.41862301827299875,1946.3391442245506,0.0002066803207352196,276.5651082002281
89.18294838518952,23.510048174143815,25.994774982559147,19.816738217858994,-0.028622748222123077,0.5628340638659216,-0.4157526465601965,1945.5528539955374,0.0002021318697721835,276.679458357918
89.23294838518952,23.510048174143815,26.106872687598422,19.599369543912566,-0.058793498575408554,0.5646948918282405,-0.4292874542242253,1946.3096650858786,0.00021233310028629805,276.58432539652716
89.28294838518953,23.510048174143815,26.382642905448254,19.357396388559394,0.05213701399029907,0.556149613357795,-0.432250627809536,1947.2689242525275,0.00022571304939643445,276.55197862433715
89.33294838518952,23.510048174143815,25.99109422526535,19.282891064790075,-0.43930927394286456,0.5512547871235852,-0.43606145059531976,1946.332187061759,0.00022682567350265393,276.5403687172857
89.38294838518952,23.510048174143815,26.189810960114322,19.50570661590992,-0.21117897047995002,0.5474244556101313,-0.42815482943929295,1947.2585239565035,0.00021961041045752536,276.52870815135054
89.43294838518952,23.510048174143815,26.45516111086509,19.651452711383783,0.12700085111439424,0.5400018545666697,-0.43010200506895674,1948.9084184550247,0.00022388263731368504,276.5046988708905
89.48294838518952,23.510048174143815,26.210642550771187,19.64123340812537,-0.17367609194899067,0.555449149156299,-0.4192317008886789,1950.6254506320522,0.00022239630452705912,276.5001348262951
89.53294838518953,23.510048174143815,25.871439574593946,19.634381879625593,-0.5488591665938943,0.5498644221884389,-0.4129605718959269,1949.1918880549479,0.00022311079483309726,276.48719277717487
89.58294838518952,23.510048174143815,26.12300183749656,19.34658973856276,-0.3734507734654028,0.5448639488123432,-0.42066843162306383,1947.2023846958787,0.00021833756535875575,276.2906670751482
89.63294838518952,23.510048174143815,26.589710924960336,19.542178985172143,0.05664382501544253,0.5175965716628442,-0.4257346865718619,1946.4516133298564,0.0002231355328065362,276.2695525401419
89.68294838518952,23.510048174143815,27.005521834969333,19.42867518791489,0.44785084011040216,0.5230892634512972,-0.43205766907736837,1945.8364667071805,0.0002162561812308629,276.1943265100581
89.73294838518952,23.510048174143815,26.66073262787514,19.45106490625887,-0.05091977514945011,0.509719336960539,-0.4498275368878246,1945.2910954030515,0.00020233853927542454,276.2151398805686
89.78294838518953,23.510048174143815,27.110745006883413,19.5534684733161,0.3218204938881047,0.4885993862298546,-0.4417198138873968,1945.7489021549422,0.00020452342159181945,276.22674820169755
89.83294838518952,23.510048174143815,27.173081510370977,19.56216978156108,0.35478419921488746,0.47605590358506694,-0.42832015235334897,1947.0088714673764,0.00020641472299786736,276.24748885144226
89.88294838518952,23.510048174143815,26.74788511271598,19.335638135150486,-0.06657283854456345,0.47289597116711524,-0.425588148566212,1948.308587070075,0.0002006503325531691,276.33329947976455
89.93294838518952,23.510048174143815,26.476039344139956,19.173610220915915,-0.2732817032300135,0.45985195991902855,-0.40760036600775446,1952.179404321237,0.00020124622736330443,276.38604594922634
89.98294838518952,23.510048174143815,27.057048512704913,19.18188745269283,0.4071264717024556,0.4383651748626713,-0.392508656696709,1956.9307763692389,0.0002072175882609145,276.23908578546724
90.03294838518953,23.510048174143815,26.7999566185673,19.223951903089144,0.3065813148761568,0.4062774956589437,-0.3667079171087104,1958.693269302286,0.0002051131713898794,276.1088454485414
90.23294838518952,23.510048174143815,25.28849971367356,19.837461276453922,-0.5143549863154643,0.4131670599838184,-0.4139226217848252,1967.8185607639982,0.00021522426257369643,276.25907144314885
90.28294838518953,23.510048174143815,25.578510894744536,20.32163797282548,-0.4515437055038038,0.4249480716735827,-0.42249244770697597,1970.286975704576,0.00022175818235799016,276.24041660673595
90.33294838518952,23.510048174143815,26.316209188316275,20.368262966255436,0.025774102464587844,0.4183440566441582,-0.39969089077770303,1976.2768808312644,0.0002273498072900319,276.0817349272873
90.38294838518952,23.510048174143815,27.103217378929795,19.679617466769837,0.5912062233650475,0.3988682639434159,-0.38068202623121494,1982.2119068055788,0.0002219006061487081,275.9729557094855
90.43294838518952,23.510048174143815,27.10598031276535,19.46317119423477,0.4638382964729532,0.4078463444125054,-0.3522142658230947,1983.7396888660767,0.00022531326777882056,275.9304531509437
90.48294838518952,23.510048174143815,27.05875823815538,19.46605035615327,0.4550552397373834,0.43445497872828126,-0.3319380995857336,1987.344867320976,0.00022551314674010555,275.9739187348071
90.53294838518953,23.510048174143815,26.932032329203967,19.17813670286843,0.45454073042953114,0.4323945992939833,-0.33397208260626327,1992.2261770804062,0.00022151957209567638,276.0220861937776
90.58294838518952,23.510048174143815,26.162116009578625,20.379316685021124,-0.0908971995424632,0.33113255800391383,-0.3686918055935523,1989.076951200476,0.0002330102759153141,276.16193629171886
90.63294838518952,23.510048174143815,25.85270465419127,20.230291184550108,-0.04548986096517234,0.38187796164626703,-0.4138510725838197,1984.853088761288,0.00023712310621679613,276.11667115743575
90.68294838518952,23.510048174143815,25.848812324299004,20.097639502200952,0.1080970576475917,0.38779837414611906,-0.41428620403736943,1983.8754528338573,0.00023189613106718533,276.1126190228017
90.73294838518952,23.510048174143815,25.7079820941132,20.04444422989165,-0.1097989709549722,0.37180840791010733,-0.40951566026487674,1978.9134214874462,0.00022552281381811538,276.0114014491002
90.78294838518953,23.510048174143815,26.05953779047487,20.302880111229598,0.16585528369157282,0.3595503043022469,-0.4085144755010407,1973.2182379114392,0.00022188954215858717,276.150401461361
90.83294838518952,23.510048174143815,25.75771007598397,21.0021832549055,-0.24428191397293794,0.3326376962097192,-0.43021203115150475,1971.8120666039267,0.00021423498392129272,276.1763351522496
90.88294838518952,23.510048174143815,25.761923465052448,20.606865887485085,-0.26966209779490813,0.3171162101532976,-0.4509809940854121,1971.741578422199,0.00020407949188494697,276.19425580105553
90.93294838518952,23.510048174143815,26.194656838203592,20.40990643453163,0.1826573007462303,0.31694131528571245,-0.46370840093155774,1972.422230506391,0.00020172711380630793,276.33287806671177
90.98294838518952,23.510048174143815,26.169180387909833,20.39022940480437,0.16253951095613514,0.2951083738971168,-0.45667056604076495,1969.9022847946285,0.000207198689897658,276.3242990404294
91.03294838518953,23.510048174143815,25.963756713618718,20.10418277776663,-0.04022844971215509,0.2996655976997654,-0.44671161401351345,1967.1228335253963,0.00021803960906075856,276.12575005153883
91.08294838518952,23.510048174143815,26.198595367617838,20.26136774116914,0.2012540858552287,0.2946698168154297,-0.44812936533842596,1964.8184223439166,0.0002242146579404133,276.07070045265897
91.13294838518952,23.510048174143815,26.031186562622292,20.426949074916042,-0.03619496820914636,0.28815528172843774,-0.4439726245704462,1963.396465494826,0.0002170605368254903,276.02801424035994
91.18294838518952,23.510048174143815,25.90598048846785,20.124370389818285,-0.1984565332213505,0.3050362130716842,-0.45956059319924797,1962.649931169485,0.00021475721744051716,275.8545917777536
91.23294838518952,23.510048174143815,26.10039867090553,19.86534991621538,0.021370628810827512,0.29779664165787784,-0.4733680152847788,1962.434709838534,0.0002037354331216893,275.7643788919416
91.98294838518952,23.510048174143815,24.682924984975628,18.71749905367567,0.038660657863343405,0.1886230118294893,-0.5274651572296998,1922.093786212813,0.00018112268978348937,274.82391162721916
92.03294838518953,23.510048174143815,24.199241134854837,18.71722658061412,-0.11973259363098201,0.18207259907226386,-0.5416567900210946,1917.0526501593004,0.0001813777738061517,274.8876511243772
92.08294838518952,23.510048174143815,23.884761548978165,18.89600755310904,-0.14631688540851032,0.18799478849678625,-0.5583049623870988,1910.6923968852877,0.00018795285064529616,274.98973273980005
92.13294838518952,23.510048174143815,23.729675747840727,19.76961704570149,-0.16497753330040807,0.18175912861766527,-0.5751400582451638,1902.923803148365,0.00018004869434006657,274.89071774242285
92.18294838518952,23.510048174143815,23.68664229202041,18.976517209751336,-0.1777371530577649,0.1820470722506863,-0.5528284282111795,1911.078941496928,0.00017532485328925073,274.7678828166999
92.23294838518952,23.510048174143815,23.963627002795167,19.3120188627875,0.13224656585529287,0.17931861414742897,-0.5176981768540305,1917.4464387321377,0.00016505823672044483,274.5831978366661
92.28294838518953,23.510048174143815,23.604615150385257,18.850244285493645,-0.09977261882985025,0.18451247120049763,-0.5124471570405078,1916.8246024273365,0.0001632471075478783,274.6983893157188
88.78294838518953,23.460048174143814,26.081627386050453,19.23677194519103,-0.07985987058154759,0.6082297592100137,-0.4097930436327426,1942.596378900581,0.00023090707347403418,276.6943347777939
88.83294838518952,23.460048174143814,26.191454999992242,19.222912576984623,0.06339555713942177,0.620042346697338,-0.41493600905341066,1945.6194628671744,0.00022102703614800158,276.72209728169406
88.88294838518952,23.460048174143814,26.16794095426758,19.343524996862655,0.08537229213328225,0.6351002586635272,-0.41864580215759517,1946.5507015425926,0.00022755604141534103,276.66875685746686
88.93294838518952,23.460048174143814,25.872717203495327,19.52360962473469,-0.13458263244629162,0.6321019620283947,-0.4136325390329669,1947.2020755713186,0.0002295637313355481,276.67783832048383
88.98294838518952,23.460048174143814,25.831511142581604,19.66400561012426,-0.05471248301185478,0.6190884653826748,-0.4142045224954104,1947.213169606212,0.00023118847017082906,276.61359944028686
89.03294838518953,23.460048174143814,25.758710676788304,19.6631259161917,-0.029589128966762843,0.5857859076015279,-0.41989043750846633,1947.193670655411,0.00022136651447273158,276.61126013533374
89.08294838518952,23.460048174143814,25.82107835123261,19.639871369682442,0.02742331427673351,0.5737069030961498,-0.4252108962938488,1946.8587858653175,0.000218663393407447,276.6420815115488
89.13294838518952,23.460048174143814,25.651787007584804,19.882258074555764,-0.213672978179943,0.5870504637529085,-0.42860502524908384,1945.6382641929406,0.00021923559194911418,276.6067053294836
89.18294838518952,23.460048174143814,25.795090958551132,20.10127610417904,-0.1598320910462996,0.5812447799540359,-0.4300030857876189,1944.0638120413917,0.00021357625564608003,276.66973926930245
89.23294838518952,23.460048174143814,25.892219236291233,19.893471217550452,-0.16019934683332818,0.5727860195938301,-0.4336227629982503,1943.776910070895,0.00021474300784879048,276.5970835462388
89.28294838518953,23.460048174143814,26.203340566121113,19.61380232326252,0.04770866896951099,0.5652102533002599,-0.43880230630635964,1945.4540388101857,0.00021987004652062976,276.5961856126973
89.33294838518952,23.460048174143814,26.038829655443795,19.75491105836894,-0.2001067962526478,0.5667307984107286,-0.44129231370491234,1945.9547809644248,0.00021335022993170213,276.5457377974846
89.38294838518952,23.460048174143814,26.089614165008726,19.726969840369883,-0.15288383431070726,0.5505313171591792,-0.42705819014009144,1947.0031853248177,0.00020402114919078416,276.52653701009905
89.43294838518952,23.460048174143814,26.219380977062173,19.707324768290633,0.03377519623851233,0.5499504803607599,-0.42814917261299695,1947.7728460720393,0.00021266592652875518,276.4940367264828
89.48294838518952,23.460048174143814,26.016608723247266,19.860090691168143,-0.20276283482594384,0.5361580944669275,-0.4281312013188967,1948.050914679302,0.0002033943862149883,276.5360003531739
89.53294838518953,23.460048174143814,26.25263159265687,19.49534013627798,0.0033307892597227535,0.5309897172052553,-0.43101454315590126,1947.8278683901383,0.0002021529129590561,276.4991732497502
89.58294838518952,23.460048174143814,25.94835324858411,19.627708298076477,-0.36299684944211436,0.5328233515814915,-0.4239663820289993,1947.009059679259,0.00021064228516085503,276.34409103806604
89.63294838518952,23.460048174143814,26.303632950314665,19.580068728158277,-0.09581833309745462,0.5343479528919398,-0.4322643208789323,1947.7978321692442,0.00022128283484716018,276.27882369443296
89.68294838518952,23.460048174143814,26.614632381608807,19.53576631499446,0.055978099586316034,0.5235198750760166,-0.4357435980871874,1947.9107957407723,0.00021919116082642388,276.3052174866398
89.73294838518952,23.460048174143814,26.813117033916935,19.543158689908093,0.022566487195520266,0.5085781405524687,-0.44416208163533555,1947.3750965200545,0.0002058269501747457,276.278602289627
89.78294838518953,23.460048174143814,27.24066885084953,19.57991555520765,0.2997825707498332,0.5118470242641494,-0.439600713765251,1947.5434950591514,0.00020067412240247926,276.2421452384328
89.83294838518952,23.460048174143814,27.220516212654484,19.572060067707692,0.22840705622477103,0.4989130068441286,-0.41893644693760324,1949.2342967650304,0.00019858793607199258,276.23157863665404
89.88294838518952,23.460048174143814,26.975733216535268,19.683719091553613,-0.0037978388824314994,0.4741540821599869,-0.4232935544623431,1949.2981166829547,0.00020363729986457366,276.27929284429683
89.93294838518952,23.460048174143814,26.923492785822283,19.54607015258713,0.01995634342722529,0.4467342519758742,-0.420458034432109,1951.5154282259346,0.00021202136622432946,276.3059586673473
89.98294838518952,23.460048174143814,26.42251531195302,19.527719052948655,-0.3308744170473899,0.41086690891228256,-0.41743494362921546,1954.2002182249216,0.0002150415832707049,276.2957240545962
90.03294838518953,23.460048174143814,26.38743416149681,19.43992334585605,-0.19308155200111818,0.40654219300649586,-0.4027986160529801,1957.5640051939408,0.00021246551855297127,276.14432776732184
90.08294838518952,23.460048174143814,26.026051009475484,19.272858004147942,-0.3598147426276279,0.3874635254872103,-0.35564556389334456,1962.4921011622337,0.00022618943262063657,276.1763430397938
90.28294838518953,23.460048174143814,25.699895925526484,20.314157280807187,-0.42473507117697773,0.3312581137223971,-0.3339987908660584,1964.6549533770346,0.000236958423109663,276.44707436561873
90.33294838518952,23.460048174143814,25.495926135304355,20.831372455454392,-0.8416462403039868,0.31553462379271374,-0.343441490676459,1968.3230208580533,0.00023603060364823565,276.22114799473974
90.38294838518952,23.460048174143814,25.930665253775203,19.96937271036565,-0.5610563962573315,0.33616233185583316,-0.34814811345501034,1976.7921985822888,0.0002304850711724041,276.0747295392256
90.43294838518952,23.460048174143814,26.529556420832982,19.342480501338223,-0.0398818363218723,0.432240940131513,-0.352122977772456,1979.602137419377,0.0002241523210764177,275.99817523886935
90.48294838518952,23.460048174143814,26.699714040157847,19.40839664272951,0.1775393398868598,0.4466796052375645,-0.3477903534807578,1980.9752714823742,0.0002233291803385733,276.06264635615884
90.53294838518953,23.460048174143814,26.692035657769157,19.25214779899178,0.37183173804075326,0.43786123946267663,-0.3381852659612291,1984.097989304596,0.00022236203346384087,276.09242093731575
90.58294838518952,23.460048174143814,25.591072256435478,20.655933891961972,-0.4316591966019468,0.33450214947881396,-0.36494469459271844,1981.4132671927505,0.00022907893675066008,276.14209564000333
90.63294838518952,23.460048174143814,25.47031109610669,20.32864496077406,-0.2791640695272761,0.3586395748351596,-0.40530894135026124,1978.0847150956724,0.00023577677066489145,276.101296264339
90.68294838518952,23.460048174143814,25.553099250268147,20.218250584962636,-0.16528110868637705,0.37197482336903026,-0.41716182802177043,1977.756453589978,0.0002219915282876792,276.0569287034413
90.73294838518952,23.460048174143814,25.973726899866925,19.842213111154432,0.13000359985512844,0.38840575693045015,-0.4189017865869381,1976.7857532855799,0.0002285427645946446,275.9147496196023
90.78294838518953,23.460048174143814,26.419985740046478,19.879408894039305,0.47129115268496063,0.38908777946771966,-0.40815080789534053,1977.3976810018114,0.00022498081474146565,276.00471857622654
90.83294838518952,23.460048174143814,26.630805964046512,20.203077947604825,0.57832556811863,0.3545598003319776,-0.4184531661309923,1978.9390783456965,0.00021597402738151537,276.1384311817586
90.88294838518952,23.460048174143814,26.10306190432,20.623061346456954,0.015942739323801754,0.338238019538366,-0.4369707771599473,1975.2649070883924,0.0002063426260575363,276.1531090200652
90.93294838518952,23.460048174143814,25.938692630087345,20.443579528940788,-0.07181949691690814,0.31806524501086103,-0.4536723163887104,1972.6489213753173,0.00020536763040018927,276.2299142055673
90.98294838518952,23.460048174143814,25.91888470456727,20.4426456279568,-0.020352202948909492,0.3090940043097368,-0.457022231339151,1967.7336530251803,0.00020594436848854068,276.26403450468825
91.03294838518953,23.460048174143814,26.070850100116463,20.475850238239925,0.1515621916677054,0.3089955799671075,-0.45097902092154296,1966.1626009082042,0.00019787783570275792,276.15037242939803
91.08294838518952,23.460048174143814,26.081600816925413,20.305625935646553,0.15312170321527263,0.3022985570229391,-0.4517737525756363,1966.653672108134,0.00021057138824606114,276.03831332426284
91.13294838518952,23.460048174143814,26.36796121260249,20.54608257525414,0.3603203872081467,0.2971229560878949,-0.4203096104815957,1967.1928326818424,0.00021683109232118071,275.8923952826033
91.18294838518952,23.460048174143814,27.096957016747524,21.168315859976715,1.0295247743813756,0.299627990930152,-0.4182657171773426,1968.263120583561,0.00021537624873546588,275.8228430376366
91.23294838518952,23.460048174143814,26.258366104215394,20.266060767223177,0.2124727543037743,0.3048429252587776,-0.46095055792056094,1964.1654880613844,0.0002077359593032579,275.66891050848284
91.98294838518952,23.460048174143814,24.784648973241854,19.20899406306372,0.035167636852173216,0.18673468066099547,-0.5230774848765984,1921.8163585609518,0.00018114605482189356,274.90113462528564
92.03294838518953,23.460048174143814,24.33043302590352,18.7987189733504,-0.0919337802627627,0.19317312147947444,-0.5296807092375477,1916.0458478082244,0.00018224099903695897,275.0074772072435
92.08294838518952,23.460048174143814,23.88753590059798,18.95321068975336,-0.2923440022821869,0.19909566507003307,-0.5451982018533374,1912.2077974177048,0.00018705793506698106,275.03879594870875
92.13294838518952,23.460048174143814,23.83835253504365,19.71983048033415,-0.2633728315841688,0.1859608452132134,-0.5625267247539143,1910.2423936303012,0.00017203154611599298,274.8537744668754
92.18294838518952,23.460048174143814,24.274242542711157,18.845711919884778,0.17449806942965787,0.17919554279942052,-0.5455226840649264,1912.9260541013734,0.00017360207731381472,274.807397061445
92.23294838518952,23.460048174143814,24.219871101210817,19.275283203612705,0.1429205464659161,0.18131157583308613,-0.5277929647749695,1916.7873284966515,0.00017694880897919165,274.7049626686947
92.28294838518953,23.460048174143814,23.78580072114137,19.290855723215337,-0.1648164725386368,0.17900983132807605,-0.5213546017007525,1917.9610251616493,0.0001780955174474793,274.5924868819576
92.33294838518952,23.460048174143814,23.738565451777692,18.882053327714775,-0.011894459091682763,0.18657375716029237,-0.5166445810961466,1915.8482522314548,0.00016441850549817614,274.5856432540465
88.78294838518953,23.410048174143814,25.935892162894092,19.37416675653023,-0.18357602359593653,0.6210433354054589,-0.4225610406179051,1941.9117362238246,0.0002313888922937632,276.6938005761546
88.83294838518952,23.410048174143814,26.222854763725135,19.669549365669454,0.28460383474788814,0.6465256624629342,-0.41670662714774537,1945.9072939576588,0.00022752452968649998,276.6351919223707
88.88294838518952,23.410048174143814,26.286837478784815,19.40327737495895,0.4209602235074101,0.646832904335811,-0.41087302820113186,1947.8489040701159,0.0002320950124014021,276.54274665670334
88.93294838518952,23.410048174143814,25.972005831478622,19.570414769230844,0.12869539438680552,0.6363590891669828,-0.40708329482409056,1946.3220514480033,0.00022511839522917259,276.5761306845692
88.98294838518952,23.410048174143814,25.741029955558883,19.87647554512906,-0.09934543349538853,0.6033734039271329,-0.4153889304521687,1946.0905490603611,0.00022985798212062385,276.5846771893137
89.03294838518953,23.410048174143814,25.653400955216664,19.5254911510186,-0.17218219226834433,0.5773999285104261,-0.413851083713431,1946.3429394283446,0.00022502129255624559,276.5880594904025
89.08294838518952,23.410048174143814,26.030793593463343,19.689370803086952,0.2130380077927649,0.5932392534940532,-0.4227570920614678,1947.0253279184224,0.0002123433056238438,276.55645261498483
89.13294838518952,23.410048174143814,26.062687319770045,19.773429275064974,0.20830272178662737,0.575275804616798,-0.42048168213415227,1947.0939676305131,0.00021742975390911382,276.49349859682843
89.18294838518952,23.410048174143814,25.92523055607288,19.605266147105805,-0.027419120682079298,0.5732748367089648,-0.42862919742884925,1944.7512839924675,0.0002108927488754361,276.4443181027516
89.23294838518952,23.410048174143814,25.8894734514349,19.80340076551273,-0.17850513006654342,0.5581030996056235,-0.43907505436005434,1943.7160478194726,0.00020467118169441775,276.46370690862045
89.28294838518953,23.410048174143814,26.613205044312824,19.933274389643582,0.5093594665135103,0.5621575551472969,-0.4407510648378246,1945.2767585822821,0.00021701046368818516,276.542339162025
89.33294838518952,23.410048174143814,26.31246985472387,20.187002144060095,0.16694148604689146,0.5727445654338911,-0.43906394800682186,1946.1931492187139,0.0002129600988339076,276.51504351449705
89.38294838518952,23.410048174143814,26.140849878739502,19.99955853164663,-0.0347551782452403,0.5656054560031442,-0.43791133713413205,1946.649999959242,0.00021182467266588152,276.5215489579546
89.43294838518952,23.410048174143814,26.472794276409836,19.9149710856735,0.22923528639261032,0.5462786955422101,-0.4295196894528996,1947.3020133151108,0.0002118629283968026,276.37476957228694
89.48294838518952,23.410048174143814,26.224049754133933,20.058816707246816,-0.0675693349347696,0.5407871739005572,-0.4343462051332872,1947.0716270383707,0.00022204495144336717,276.41000116114213
89.53294838518953,23.410048174143814,26.401310396470105,19.767747560232635,0.12213473550934753,0.5377245165016014,-0.4462747793494889,1946.8938875533472,0.0002176012296626726,276.49276138585486
89.58294838518952,23.410048174143814,25.9823469140134,19.84785332155899,-0.2957765837623711,0.5272827103400234,-0.4455783621338493,1947.2033972043214,0.00021199638375927476,276.33692979129387
89.63294838518952,23.410048174143814,26.131158353820958,19.70407504119459,-0.19435533085736476,0.5310659736051077,-0.4382233050520566,1948.2285251969447,0.0002186108994054629,276.25907326770226
89.68294838518952,23.410048174143814,26.5723704001815,19.764725138284586,0.0768142780440394,0.5078430266909765,-0.436584337665732,1947.7044029236863,0.00020724592953155703,276.30052022917874
89.73294838518952,23.410048174143814,26.80358487468562,19.639955197525843,0.02155126481815644,0.5028498830829888,-0.4325528228324177,1948.5931052294993,0.00020494701273293816,276.2463983388757
89.78294838518953,23.410048174143814,27.14760334668078,19.51572671929237,0.14933809854114616,0.4996539279689277,-0.44074366876289883,1950.0200580701737,0.00020500292558774696,276.3395979309566
89.83294838518952,23.410048174143814,27.294714340545728,19.62313509276249,0.2143863240706738,0.48709107904932525,-0.4307623013561691,1951.7900840968512,0.00020267620536253229,276.3310417344973
89.88294838518952,23.410048174143814,27.298145646078655,19.83089398970907,0.2601055372188352,0.4591793512727318,-0.4273530141811187,1951.878043148815,0.0002105142336686637,276.28292545462966
89.93294838518952,23.410048174143814,27.177413769203362,19.70304264019026,0.23497155516566454,0.4212875578462575,-0.4270706743615353,1953.271127822866,0.00022795103651810817,276.3458626261309
89.98294838518952,23.410048174143814,26.806218948245434,19.79269203565671,0.06685357716773925,0.414584786639204,-0.4161753264729867,1956.208184950542,0.0002198530365712462,276.2590718725713
90.03294838518953,23.410048174143814,26.420663011819737,19.479909502791806,-0.1532899376940551,0.41219430274755,-0.4069516103494422,1959.6010515859275,0.00021440748862588935,276.1453795553694
90.08294838518952,23.410048174143814,26.26634008987944,19.502010493848022,-0.18805737594992683,0.41160534658661024,-0.37528736491272696,1964.134459433368,0.0002123352504377504,276.08392385027054
90.13294838518952,23.410048174143814,26.271406617110706,19.298690512240505,-0.12989917340318113,0.40638152555711826,-0.35693918842694167,1967.4157969367216,0.00020925517108483756,276.0665536198514
90.18294838518952,23.410048174143814,26.18418464089096,19.521918147570222,-0.23758164917696833,0.4013701206273676,-0.3424410234796296,1967.710824875872,0.00021568209141003216,276.0315560903648
90.23294838518952,23.410048174143814,26.295856901084527,19.92161120508306,-0.1419514520132336,0.39276860458632407,-0.32469273641691615,1967.7330502500402,0.0002101572623788525,276.0924199901538
90.28294838518953,23.410048174143814,26.28137899635038,20.193545586951924,-0.21803456183631073,0.4554337726517093,-0.31257614658909283,1967.6135141159589,0.0002051892951135061,276.1876078882194
90.63294838518952,23.410048174143814,25.48377047669935,20.162568583347152,-0.17969794426124772,0.3443051904260154,-0.40516045045884896,1977.3191463607693,0.0002345141386601751,276.0526835960505
90.68294838518952,23.410048174143814,25.75337466069899,19.92105936921207,0.10559458886302982,0.3755030309860638,-0.4146351614183211,1974.9902439088755,0.00022452591687658347,276.0058888132821
90.73294838518952,23.410048174143814,25.579878517087753,19.94209438824639,-0.207939184715411,0.3690323413252036,-0.4231430160732406,1973.7222970609243,0.00021623218359732182,275.9494832305922
90.78294838518953,23.410048174143814,25.92123201405131,19.89596063290854,-0.020713387011246646,0.38532209198055056,-0.41311275014643994,1975.7770080291807,0.00021534714690828462,276.0071903699499
90.83294838518952,23.410048174143814,26.262678743486735,20.072607892436594,0.24302360674669293,0.36027286453585,-0.41601459604942587,1975.4112822176287,0.0002161274366069049,276.0641290847734
90.88294838518952,23.410048174143814,26.005559821406692,20.421762066391526,0.019593144833260516,0.3323867974151987,-0.438253303303899,1971.8263893105127,0.0002081904528494843,276.02051562224904
90.93294838518952,23.410048174143814,25.623265636948112,20.49928224962907,-0.22483620376383687,0.30893964121200257,-0.45451573756129676,1968.431167816542,0.0002080823884776589,276.09161886287484
90.98294838518952,23.410048174143814,25.65673025111045,20.43642948854415,-0.06970111188580061,0.3216543591109538,-0.46062740028286814,1964.5661006732823,0.00020692844800030015,276.1382509236377
91.03294838518953,23.410048174143814,25.610649551381645,20.344198594061247,-0.10612067083393027,0.2990064946495217,-0.45871723233262934,1964.4053537422346,0.0001972071832525595,276.0485209994418
91.08294838518952,23.410048174143814,25.574781132288848,20.082662606332686,-0.21273272079601113,0.30208044169315423,-0.4577877174657976,1965.9773090272947,0.00020712304128586113,275.9444140416269
91.13294838518952,23.410048174143814,25.90955873969309,19.895583042313266,0.01790430493757455,0.29863462754522874,-0.4482697896469947,1966.037012445595,0.00021526515680867127,275.87115793732846
91.18294838518952,23.410048174143814,26.123893595853772,20.239411185633912,0.12197860927411154,0.31669174326921307,-0.4476449739908602,1966.6115378297793,0.00020461493623784955,275.77558252464746
91.23294838518952,23.410048174143814,26.051173393743166,20.192764018883377,0.011126341323404197,0.3071806683365715,-0.4601231604687008,1964.4171743841416,0.0002015656716952958,275.6706579831435
91.28294838518953,23.410048174143814,26.026006561944573,19.903696459227916,0.024780999846028665,0.2762237671574278,-0.48358381702298175,1960.3427293659577,0.00020131895636860193,275.4298344916893
91.88294838518952,23.410048174143814,25.323650577535172,18.9011228530008,-0.011244042744626877,0.19217850896950656,-0.5469657720656762,1925.2055116467427,0.00019383361238323928,274.9867260602414
91.93294838518952,23.410048174143814,25.350374745709715,18.73434437528517,0.18248179859718247,0.19422025439088525,-0.5253361928944563,1923.2957712577054,0.00016830816383824802,274.94718773784496
91.98294838518952,23.410048174143814,24.965242740837425,19.29722014402408,0.037144737261068754,0.1914762160346814,-0.5267568161330154,1922.383832557585,0.00017433477363868157,274.9400909783281
92.03294838518953,23.410048174143814,24.64762325508209,18.880255273496367,0.013344485785447256,0.19655284810612858,-0.5274843567775606,1920.918085204612,0.00017800713821571092,274.99458065569513
92.08294838518952,23.410048174143814,24.489273218673212,18.714438075717965,0.03158248798599026,0.18736726306108278,-0.5313940898456578,1917.5623834752419,0.00018205154794695668,275.07651214459213
92.13294838518952,23.410048174143814,24.260186876916706,18.98017477658712,-0.17362638113692005,0.17988714553454194,-0.5521956833728182,1917.0366931816434,0.00018478581694437844,274.986356318956
92.18294838518952,23.410048174143814,24.71598717366132,18.832952126327157,0.29778371767577877,0.1657626577630987,-0.5472256628368833,1918.2217994496596,0.0001709315464832851,274.82658515331315
92.23294838518952,23.410048174143814,24.576111534181784,18.95585357082441,0.15926991398441184,0.18703784713652838,-0.5264847381084298,1917.920517900697,0.00016717345125676325,274.75147977054695
92.28294838518953,23.410048174143814,24.627258844143967,19.37883247291986,0.3204618743665698,0.17969348826713744,-0.5158268216499465,1911.985549983337,0.00017211670368905637,274.4522682268033
92.33294838518952,23.410048174143814,24.242985325947814,18.606840726502313,0.1008683606418317,0.18870572354003126,-0.49915528054297065,1909.621157059832,0.00016997386366782594,274.40854353038293
88.78294838518953,23.360048174143813,25.439630693488947,19.65210446710041,-0.5443708481542165,0.6262278898037177,-0.42395344013396546,1942.4409843498415,0.00022687097439512855,276.52296229218246
88.83294838518952,23.360048174143813,25.379968408878213,20.117563184973438,-0.40042992529793264,0.6526007532671257,-0.42727892400478695,1943.5693232193084,0.00022005990924047722,276.6126039174216
88.88294838518952,23.360048174143813,25.744158546279625,19.88187518552828,0.010704141378062285,0.6576419310744206,-0.4024484594072998,1946.2459375864164,0.00022296658225466005,276.5475697419455
88.93294838518952,23.360048174143813,26.001879996138676,19.524155707692437,0.21866753900011632,0.6317350577505683,-0.3960471157175581,1946.3198454581827,0.0002298816151709856,276.52348993646524
88.98294838518952,23.360048174143813,25.83649409783843,19.559068137688204,-0.009461717002499658,0.5913004006586193,-0.40215621389883066,1945.2104702128654,0.0002230892952335866,276.52171921395814
89.03294838518953,23.360048174143813,25.914391888611313,19.520515726337496,0.07156179539578289,0.5787249418850013,-0.404778798523747,1946.3071108661234,0.0002146285800467468,276.47292629220465
89.08294838518952,23.360048174143813,25.83422507421963,19.724244302690515,0.0124206008032563,0.582466385950153,-0.41857893209165,1947.0155173940923,0.0002097939811793541,276.4829992274841
89.13294838518952,23.360048174143813,25.866150378927514,19.729011607075527,0.027101958257000527,0.5725342541598442,-0.41680058909253465,1946.9720138970813,0.00020844925009816108,276.3869700735225
89.18294838518952,23.360048174143813,25.989658038572927,19.624157790606922,0.05557297022459839,0.5493553249225013,-0.42582258799364253,1946.5157765441263,0.00021745177730367657,276.4186663684687
89.23294838518952,23.360048174143813,26.13410032408855,19.778722335489245,0.11218919051935806,0.5354858521265634,-0.424983468960885,1946.491080995959,0.00021090824783832483,276.50514603935477
89.28294838518953,23.360048174143813,25.863299482332952,19.99007476226526,-0.19165050788572158,0.5498797697084354,-0.4252300062999416,1946.5269627737002,0.00022046857688460102,276.496488147319
89.33294838518952,23.360048174143813,26.032807243853522,19.97987262761939,-0.06891499933945149,0.553913746242023,-0.42469978692042637,1946.9326798510733,0.00021654428817832096,276.41332177828616
89.38294838518952,23.360048174143813,26.077934822879822,20.04381083577973,-0.10515641875494335,0.5489701633545441,-0.43641396479917793,1946.4280964982536,0.00021530126238079547,276.43874192424545
89.43294838518952,23.360048174143813,26.620465549052607,20.195901047673303,0.309157303213248,0.5367677540633359,-0.4330665130901834,1946.8413201053922,0.00022165051312186183,276.31917048924976
89.48294838518952,23.360048174143813,26.560352347273327,20.221253410843083,0.1763732680956063,0.5279470115372755,-0.42812330072812943,1947.3167074827552,0.0002151920208997802,276.2726316892174
89.53294838518953,23.360048174143813,26.428191157847806,19.92864395326698,0.06589448928054692,0.5347632752109907,-0.4374302031258934,1948.6016945660663,0.0002048889438267665,276.40936676198436
89.58294838518952,23.360048174143813,25.92862805112135,19.963464311475914,-0.38922694675495184,0.5368871282239347,-0.42906856919720876,1948.647480691657,0.00020219874336883554,276.36595958523725
89.63294838518952,23.360048174143813,25.926899206758428,19.748605971074625,-0.43224469549521044,0.522413407833475,-0.4256642336916132,1948.8047954577332,0.00020407821598079486,276.30133479966827
89.68294838518952,23.360048174143813,26.431152329250555,19.525658493504032,-0.07705918408633823,0.49705072859675564,-0.44310773220158456,1948.1175525835265,0.00021280449839285748,276.29983007204123
89.73294838518952,23.360048174143813,26.890068303481822,19.774590828797344,0.15482354638878573,0.48770722152283374,-0.44910211324552674,1948.7229721099632,0.00021259643852634057,276.23388087233417
89.78294838518953,23.360048174143813,26.880302017383467,19.480976738125392,-0.08832541114313536,0.49324405990994774,-0.4543548071682439,1949.614129665022,0.0002011496915967785,276.2787816537811
89.83294838518952,23.360048174143813,27.088184436804397,19.642242640661255,0.011630482311266873,0.4809745856497464,-0.4446757274165194,1951.3239803409688,0.00020153881205836307,276.24647099585184
89.88294838518952,23.360048174143813,27.274871659241754,19.81137712976597,0.24257211457474126,0.4431984990309519,-0.43712080167709283,1952.818300373895,0.0002037099435291806,276.1738142482148
89.93294838518952,23.360048174143813,27.272188304648974,19.672761435080773,0.3967873157536088,0.4369856094049128,-0.4266968534770402,1953.7967786324045,0.00020834844317892898,276.1768094346929
89.98294838518952,23.360048174143813,26.816514309857045,19.784198151110544,0.12157631718163021,0.4074828080607158,-0.4218605354514884,1957.3730318631826,0.00020657327701321986,276.14121121953184
90.03294838518953,23.360048174143813,26.864220225245965,19.61740881606333,0.2729913865707415,0.41716564448533716,-0.4228607734544665,1960.6825266103674,0.0002047793917688691,276.13789542459693
90.08294838518952,23.360048174143813,26.339390652230094,19.544803186288675,-0.19257759481860015,0.40655251116616387,-0.4022771010641434,1963.6653601003522,0.00020637192719943142,276.06854576876844
90.13294838518952,23.360048174143813,26.514426851629523,19.45081619097739,-0.007942555588689202,0.4137199474461078,-0.3755532410072379,1966.763030195696,0.00020248497414824762,276.00235458088935
90.18294838518952,23.360048174143813,26.81718930215844,19.28595119107619,0.25087415647373884,0.41249224900613946,-0.3731960059451548,1969.8865694360845,0.00020905654307025207,275.9708449524369
90.23294838518952,23.360048174143813,27.184494991199877,19.31315942799191,0.503799015119008,0.42052739412243123,-0.36728072453922844,1971.0376664390024,0.00020084248157034682,275.934479468539
90.28294838518953,23.360048174143813,27.07027661152424,19.25143253671212,0.3124558352137574,0.42106371083645844,-0.3503795805613925,1971.3088109659593,0.00020057206016482922,275.91302680465066
90.33294838518952,23.360048174143813,26.54162709193731,19.63716157730732,-0.13921687029695207,0.3927397836218569,-0.33795230415051847,1973.4527434611352,0.00021468309614358703,276.05577737061236
90.48294838518952,23.360048174143813,26.829290299267125,19.67900014204825,0.6747849384299603,0.4122778719784044,-0.3284534483134506,1985.0931098808164,0.00022276786097512807,275.99889272973286
90.53294838518953,23.360048174143813,26.256094313118403,19.827854143467555,0.3239403483601674,0.41887098577601756,-0.343439028704135,1982.3985722148623,0.00022297581827169063,275.99304756529574
90.58294838518952,23.360048174143813,25.989139900812106,20.186667963787905,0.17787938821712537,0.35375037902668394,-0.3678931305868504,1976.86004598446,0.00022357537256520866,276.1017427954081
90.63294838518952,23.360048174143813,25.390789728052646,19.997217510592023,-0.13755633651892776,0.35250964104937615,-0.41165302495502526,1971.665494652018,0.00022562048005447287,276.16548930669137
90.68294838518952,23.360048174143813,25.20507322215882,19.869434098508698,-0.3268126686784215,0.3738141904559692,-0.43677118135372683,1970.6364344961407,0.0002288721240402596,276.08438170741323
90.73294838518952,23.360048174143813,25.143373083329397,19.920071221745335,-0.5720926560294144,0.36531440386997704,-0.4283532086543291,1969.7128124563305,0.00021574856200164117,275.98776500635023
90.78294838518953,23.360048174143813,25.95182480021488,20.08200141762624,0.05790371179152763,0.370038453013635,-0.4133104217975236,1972.352908131609,0.0002144174513758243,275.9564159469734
90.83294838518952,23.360048174143813,26.181954229058423,20.184486995978894,0.22229089072228808,0.36042102252201696,-0.4243208786002135,1971.7259483324008,0.00022361795300525635,276.05316997169575
90.88294838518952,23.360048174143813,25.781608459447902,20.514859440956513,-0.09276542020498522,0.335363461632984,-0.44521076008868526,1968.8725821784813,0.00021194506498210127,276.09923999666466
90.93294838518952,23.360048174143813,25.431800336159473,20.630325359331557,-0.28177668500840214,0.30801411526902983,-0.44878682332649333,1965.526211359169,0.00022050722910636392,276.08520610800036
90.98294838518952,23.360048174143813,25.440545586563694,20.579105141809805,-0.1578007082349368,0.30852215072722566,-0.46403222137245903,1964.264325440289,0.0002076209183728228,276.1336037841756
91.03294838518953,23.360048174143813,25.433003792939967,20.32412596676423,-0.1520515363369301,0.30498863794094017,-0.462538436689799,1964.2165912927437,0.00019982571354780734,276.1079672681043
91.08294838518952,23.360048174143813,25.472545923238457,20.08571953814033,-0.22206388884659015,0.3011773230731523,-0.4533446081848775,1964.2015650757303,0.00021067414920697799,276.0442851563779
91.13294838518952,23.360048174143813,25.848301418656323,19.972026563289905,0.03773015502450427,0.3012188614522942,-0.46351528936789316,1964.5872765870884,0.000211368657355026,276.07495191206704
91.18294838518952,23.360048174143813,25.8865807744851,20.22083867574999,-0.022902560423012946,0.3186475811046959,-0.48231004789039167,1963.756401823969,0.00020825534980915386,275.94599572787007
91.23294838518952,23.360048174143813,25.914339213915017,20.21515888162685,-0.056972566023605946,0.27839288643182797,-0.4681493874677306,1961.825683940686,0.00020094329263122985,275.5835710092079
91.28294838518953,23.360048174143813,26.1737339497003,19.82588250815527,0.17053558251586134,0.2739130445938709,-0.46057492140177364,1959.9950557680147,0.00018999499442597694,275.3713139147411
91.83294838518952,23.360048174143813,25.583842425373707,19.226586109149054,0.03337560802621804,0.19675153118245062,-0.5381168304317633,1930.5237644922233,0.00018785578090858564,274.8380463751039
91.88294838518952,23.360048174143813,25.64163194459929,18.77344302600849,0.16205172185622452,0.19553996616168084,-0.5337543565260631,1928.0642270091626,0.00018401499694683328,274.95915095771437
91.93294838518952,23.360048174143813,25.554185544992684,18.739897046108528,0.2563842885391991,0.20130471920579288,-0.5279299101215177,1926.4532500122007,0.00017560945753010502,274.9941590460623
91.98294838518952,23.360048174143813,24.911845407050944,19.36743361731512,-0.18384443391106614,0.18931878789873244,-0.5279066501571347,1927.3201152059955,0.0001772043232727659,274.8114475823112
92.03294838518953,23.360048174143813,25.013704102350953,19.074820310083688,0.15699445685059377,0.19802882172029054,-0.5251761300276674,1928.3842243792335,0.00017094997263433998,274.9315982799415
92.08294838518952,23.360048174143813,24.42424928434898,18.950591687403055,-0.3317814543493066,0.19535907882515088,-0.5409353594941987,1922.8699708534473,0.00017235677246778646,275.0297675990926
92.13294838518952,23.360048174143813,24.539790504689087,18.708751050413177,-0.22391771304384078,0.1733279347206349,-0.5473389524529955,1919.8219254144403,0.0001743760840751291,274.957301244079
92.18294838518952,23.360048174143813,24.629266621556063,18.90381432992067,-0.08841809875491077,0.16991552364144266,-0.5517729817771286,1919.5979928348559,0.00017351685578936951,274.9545375547153
92.23294838518952,23.360048174143813,24.973909851206106,18.696306760579443,0.35703654981228194,0.1875158756803538,-0.5325739806568811,1917.1792308538795,0.0001660677640965635,274.83151262146134
92.28294838518953,23.360048174143813,24.780896241499917,18.92656033803693,0.30390801965446307,0.18404691710677631,-0.525043593335803,1916.1489987853456,0.00016993462162714446,274.6104420250864
92.33294838518952,23.360048174143813,24.897135091530313,18.5946850050962,0.6456155508856534,0.18902961054698875,-0.5015178298932498,1913.6556831839237,0.0001711158063220632,274.5246785590099
88.73294838518952,23.310048174143816,26.28644155871649,19.54290437241317,0.20247976797196296,0.6220841535512082,-0.4127889104278103,1945.0486866205001,0.00022932975430660935,276.50460242062474
88.78294838518953,23.310048174143816,25.53873901880158,20.182977931420734,-0.30670454916548456,0.6312703765728989,-0.4139097320890773,1943.2241589989096,0.0002259610549684067,276.4767690442714
88.83294838518952,23.310048174143816,25.276097289336562,20.834956979194732,-0.4517396670618906,0.6487398210242397,-0.4183300602009051,1942.606171864004,0.00022348461576287375,276.4982846394763
88.88294838518952,23.310048174143816,25.676410924355274,20.18807374751532,-0.09554266803099552,0.6527204432869264,-0.3991201807571304,1946.486885377444,0.00022186796475936275,276.4961192978969
88.93294838518952,23.310048174143816,25.93356138509764,19.80205779280893,0.07504055695954878,0.6292321933037017,-0.3887759136610664,1947.3011016722396,0.0002298247276138527,276.45089107557556
88.98294838518952,23.310048174143816,25.920573372953246,19.8399861646292,0.06046839519336953,0.6171520955516003,-0.39331575467429114,1946.561487704354,0.00022324015866347698,276.54264688879016
89.03294838518953,23.310048174143816,25.758677964997002,19.802792575457882,-0.027555573124631784,0.5886650784476373,-0.40980419880221375,1947.7112948010592,0.00021384028875205764,276.5301940253052
89.08294838518952,23.310048174143816,25.439061627461914,19.979215873592302,-0.3303974829635121,0.5788699517047486,-0.42039328952032523,1948.75350645601,0.00020718351284719697,276.4283530726714
89.13294838518952,23.310048174143816,25.56006654546271,20.01001166786181,-0.22356850035961465,0.5652781743792279,-0.42401033831812396,1949.2810043555835,0.0002110922165572978,276.2817105104422
89.18294838518952,23.310048174143816,25.93689269751223,20.113255604250597,0.1233386479379425,0.5497791968516417,-0.4236383614372752,1948.2674518009749,0.00020960829136319804,276.33466339400945
89.23294838518952,23.310048174143816,25.843665828560916,19.82970735593539,0.0009479205455268043,0.5503703268503723,-0.4249625822765938,1947.6391956550433,0.00020791206184973753,276.3464292407872
89.28294838518953,23.310048174143816,25.8960098182122,19.82267149497699,0.05295073108663042,0.5532943313040748,-0.43433240962669917,1946.8713810067015,0.0002109214392416762,276.3678067508339
89.33294838518952,23.310048174143816,25.935057505449784,19.712175992293023,-0.020437487073474654,0.5333070081273766,-0.43615112226800873,1946.5231657214376,0.00021010275863921795,276.43066765857645
89.38294838518952,23.310048174143816,26.10056199599618,19.8874439571601,-0.06794137034847939,0.5264063520900947,-0.4468022507374597,1946.5478844401564,0.0002087298369482085,276.41288917400914
89.43294838518952,23.310048174143816,26.40981141334953,20.093312205719222,0.04477693372772413,0.5368853801364157,-0.4447576848468152,1947.43836735298,0.00020596932435394625,276.3184030405071
89.48294838518952,23.310048174143816,26.618887070401545,20.05063781959133,0.16231486573248938,0.5318155556765155,-0.4272550436671498,1947.1036390780102,0.00020716883121739838,276.2435283084919
89.53294838518953,23.310048174143816,26.664934682742945,20.454133555571296,0.2419038569410668,0.5290227329326423,-0.4219793992915064,1948.0220601863052,0.0002003232364099336,276.3450165208748
89.58294838518952,23.310048174143816,26.559538415261354,19.66478486469862,0.19849985072521412,0.5116022234557975,-0.4212890867967535,1949.558599479977,0.0002069021464836829,276.37114838036797
89.63294838518952,23.310048174143816,26.00673102147402,19.783367117276804,-0.37308297336838936,0.5158833554317029,-0.41158788294253207,1950.3297776200318,0.00020954179602120738,276.32120986865476
89.68294838518952,23.310048174143816,26.321234237247452,19.621104248325988,-0.16162593271353126,0.509198174162031,-0.43394644806313515,1949.4517074808014,0.00021938677984070635,276.27604989094584
89.73294838518952,23.310048174143816,26.740236717231465,19.682691394976953,0.13260029186829023,0.4984262253871142,-0.45914831071915674,1948.726960361097,0.00021028594294490897,276.3066347092135
89.78294838518953,23.310048174143816,27.11820222239638,19.545875935640634,0.2894333578480186,0.4870565024511604,-0.46172036739828554,1949.0260581123298,0.0002120724785187884,276.22721022512826
89.83294838518952,23.310048174143816,27.027827398857195,19.453384945655124,0.09927294654188343,0.46759311930342595,-0.4567138000507172,1949.908653341264,0.0002144881115284766,276.11443320472483
89.88294838518952,23.310048174143816,26.67591484046104,19.74409466391351,-0.1983166826059563,0.4410564369286292,-0.46545442499524564,1950.4006430833103,0.00020353047106965193,276.209103321012
89.93294838518952,23.310048174143816,26.60833488089859,19.752784275372893,-0.13336615642873267,0.43482946890440555,-0.4544354850504346,1950.7976543404814,0.00020346746757463633,276.2362155173444
89.98294838518952,23.310048174143816,26.606872579625925,19.911768337050333,-0.0037448111660821765,0.4133769951643688,-0.4304094153427389,1955.3234110387516,0.00020966936175545524,276.1580347668501
90.03294838518953,23.310048174143816,26.92645510334527,19.45708507646025,0.37971159555864026,0.4083611401628028,-0.4372448158085915,1958.570191571682,0.00021240426464683152,276.180403661523
90.08294838518952,23.310048174143816,26.53278390022788,19.35389791351473,-0.01002767361632907,0.396007790678494,-0.42504090054539195,1961.2949755004825,0.00019858356806887802,276.0799898400261
90.13294838518952,23.310048174143816,26.27608756269225,19.394609539658013,-0.31127411620721684,0.4154093165879761,-0.3983680883457206,1965.7489124496017,0.0002102203168249398,275.9323141460823
90.18294838518952,23.310048174143816,26.64847854707637,19.10487277197248,-0.007241611918739502,0.4208135563978245,-0.40364731265152526,1969.9736418899774,0.00021223788590892784,275.95550440058105
90.23294838518952,23.310048174143816,27.095075985543964,19.27210525637876,0.3413234813320932,0.40550432503751693,-0.39778367877885906,1970.556102749392,0.00021165365316645876,275.9054856941408
90.28294838518953,23.310048174143816,26.861631099628173,19.48600187191049,0.04460601025117044,0.40155078912731823,-0.379070140755026,1970.6378202896442,0.00021180991013872023,275.8745939193003
90.33294838518952,23.310048174143816,27.198493264669786,19.26106931097441,0.407576202755723,0.4079394537418201,-0.3691138508768202,1972.8338265690932,0.00022778954628004285,275.9522274223444
90.38294838518952,23.310048174143816,26.87097330030182,19.808008040267634,0.3107906682268014,0.35151751464355474,-0.3459254122082992,1973.7292730991321,0.00023525785648700423,275.98985377108124
90.43294838518952,23.310048174143816,25.472165301021157,20.262704647652168,-0.7730129817073937,0.32883929774518866,-0.3430066762651446,1973.256272395886,0.00022884444655636805,275.9393592823792
90.48294838518952,23.310048174143816,25.470641018993682,20.191275893431627,-0.6036487338067377,0.33772475224016285,-0.33573098633648013,1972.0274667002773,0.00021693289671035972,276.1074453255981
90.68294838518952,23.310048174143816,25.32013078446872,20.211570233834838,-0.21995845988582247,0.32422150824333007,-0.4335651173006517,1962.2243429199573,0.0002316638210053965,276.1378379233436
90.73294838518952,23.310048174143816,25.873910966690058,20.23613028612708,0.17679943727929873,0.35820943964118795,-0.43166974259080615,1964.4992636381799,0.00022728896051740205,275.8964008308968
90.78294838518953,23.310048174143816,26.14084372276595,20.113831779525082,0.2824745602405769,0.3499616765403976,-0.4219624585526357,1967.3810656727665,0.0002283211559480625,275.8428119463991
90.83294838518952,23.310048174143816,26.221443414809826,20.218640463189384,0.3273266203155226,0.35449631054303643,-0.42662625686354533,1969.3594762255586,0.0002247505794350219,276.0120745978934
90.88294838518952,23.310048174143816,26.015466975104992,20.33185316465592,0.24140968630662565,0.32431567551530993,-0.43665954100528764,1967.286980066688,0.0002192137661327254,276.0671120414795
90.93294838518952,23.310048174143816,25.627933658203,20.551697124109438,-0.02721440009331734,0.2951573747019303,-0.4441988533053586,1963.4144324704832,0.00021254096054209017,276.0636099588925
90.98294838518952,23.310048174143816,25.578884432225337,20.491024034058494,-0.028787126512705753,0.29844427493549036,-0.4640225403052644,1962.9462230057027,0.00021238562882010235,276.11617270371516
91.03294838518953,23.310048174143816,25.55214387985293,20.43364781835088,-0.06715529065063994,0.30887897924695323,-0.4636485509538164,1963.6695956201559,0.00021399775645784578,276.14715395169117
91.08294838518952,23.310048174143816,25.590231064743737,20.378874300877456,-0.12007459220289261,0.29539797688669783,-0.4534773364585367,1965.3692951411615,0.00022004141600420553,276.0463173455234
91.13294838518952,23.310048174143816,25.75567229486361,20.063987883046163,-0.033611306807620235,0.2899124095906374,-0.4552284468461165,1965.4096502563605,0.00021008549436742416,275.97508064466075
91.18294838518952,23.310048174143816,25.83060163099404,20.00195205261853,-0.008933140929612685,0.29378361571260536,-0.4703950067564747,1964.2530162801775,0.00020626465805397313,275.8601909846872
91.23294838518952,23.310048174143816,25.76412198148779,20.161770461833694,-0.13839861534277897,0.2910227693090297,-0.48056815335673814,1961.5443347801308,0.00019401943952280558,275.65523383498413
91.28294838518953,23.310048174143816,26.017859262847416,20.076497421238575,0.03845073724568317,0.2762469803908825,-0.4623494057258815,1959.4554973124436,0.00019282723256805503,275.40174214236004
91.83294838518952,23.310048174143816,25.66979880970544,19.138426047785906,-0.011165230455112134,0.2028048699286939,-0.5195684942922931,1932.199104334572,0.00018215005447453885,274.86595746754114
91.88294838518952,23.310048174143816,25.58041541407225,18.705936608529914,-0.02185189784345157,0.19128480961386118,-0.5103371442700426,1930.5339124105685,0.0001835943310389313,274.8859747843134
91.93294838518952,23.310048174143816,25.63532480013422,18.734799393342158,0.20350275183421387,0.20427467363612875,-0.5067161332499639,1930.0918357522057,0.00018130354201351446,274.7705955540601
91.98294838518952,23.310048174143816,25.07584414358006,19.371215373771197,-0.23261423952803867,0.18998264465203316,-0.5101100993097724,1931.0239068674489,0.00017957748702662673,274.61664771064767
92.03294838518953,23.310048174143816,25.41986537459157,19.107739801341083,0.27930878058174674,0.19434483450869136,-0.49273165880753517,1934.404544639216,0.00018010644485275806,274.7966637652812
92.08294838518952,23.310048174143816,25.138172510917766,19.247391840641892,0.07330200172737016,0.18281474604969192,-0.5206413763659322,1929.5997193651722,0.0001700404172343664,274.93113959297267
92.13294838518952,23.310048174143816,25.00542420663815,18.985784078799266,-0.01238969470987242,0.17817374679962314,-0.5352709613802387,1924.0521364595302,0.00017249324854309294,274.9733352508399
92.18294838518952,23.310048174143816,24.94824926591282,18.971459469667924,0.10207844718075883,0.1788637679523442,-0.548757983547497,1920.7689317086454,0.0001798745027847359,274.93351000874503
92.23294838518952,23.310048174143816,24.335025852783108,19.244923075884692,-0.3239686471427784,0.17847541918135296,-0.5535182724548763,1916.4618031660636,0.00017357301180486197,274.83163555347306
92.28294838518953,23.310048174143816,23.750970668974645,19.089722050613165,-0.7480894387640812,0.17325706740774802,-0.539209991835928,1911.7276358874904,0.00017198106505392346,274.64401084604265
92.33294838518952,23.310048174143816,24.14351197262375,18.996577445002224,-0.15251832703840898,0.17960068730195808,-0.5133952176431992,1910.0452727267884,0.00017755544327466134,274.48329867504225
92.38294838518952,23.310048174143816,24.336047526840808,18.662721903332127,0.15398935207184677,0.18574125995688995,-0.47851400648528947,1903.4805446063622,0.0001767591405809078,274.4955457553378
88.73294838518952,23.260048174143815,26.08419808854168,19.8652757569061,0.001645117993498867,0.6225796394218586,-0.4155315959316268,1946.8652744449491,0.00022312341822126907,276.55547153598286
88.78294838518953,23.260048174143815,25.62268564502137,20.221278790344257,-0.31716787398878193,0.6333679565121149,-0.41140792303272417,1947.0345868857194,0.00022013306993532577,276.47025136088433
88.83294838518952,23.260048174143815,25.698746911506195,20.106816578753257,-0.21498046905424079,0.6329773485141728,-0.4150268615267646,1947.0287468030153,0.00021546340849221065,276.4297218606829
88.88294838518952,23.260048174143815,25.989865996438112,20.066771162671458,-0.007798161735564834,0.6310337696894034,-0.4096994059209869,1948.895697599725,0.00021609422116931204,276.4273410120937
88.93294838518952,23.260048174143815,25.796544989865453,20.139720980013994,-0.26028727555526143,0.6370085749542429,-0.40433787185832715,1948.3620846000174,0.00022204738642707188,276.4879773349163
88.98294838518952,23.260048174143815,25.780300283896068,20.31226559027239,-0.1758390030047607,0.6164743398800088,-0.4041023210681209,1948.5356308632176,0.00022741308428085417,276.53105326957444
89.03294838518953,23.260048174143815,25.784583159181164,20.24084612417675,-0.018414162620544555,0.5883800397491272,-0.4081831606873611,1949.9017667346072,0.00021337205964208912,276.5213546301173
89.08294838518952,23.260048174143815,25.70336760045474,20.048504283075317,-0.03638154411867683,0.5729427005860843,-0.41258213967024626,1950.2241462728782,0.00021066550947684975,276.4336605372366
89.13294838518952,23.260048174143815,25.894234642118512,19.76813075121221,0.17426144136505167,0.5663453209088547,-0.4170410159867564,1950.5643389419156,0.00021230819028411523,276.35992909628885
89.18294838518952,23.260048174143815,25.43555424162956,20.072951132446814,-0.3164414230314415,0.5432864690577509,-0.41584627488457476,1949.417723357891,0.00021665516589973148,276.3066275738304
89.23294838518952,23.260048174143815,25.444323147665763,20.1762702194717,-0.3113464319590702,0.5494134711140237,-0.43094227540832397,1947.909805455494,0.00021235459018935794,276.29003891213074
89.28294838518953,23.260048174143815,25.66535013097553,20.133759255610723,-0.12144217297924956,0.552042591184089,-0.4433123655001307,1946.2433620465274,0.0002087784887517845,276.4485430455075
89.33294838518952,23.260048174143815,25.822893154513512,20.002793320322073,-0.08573870290480828,0.5432795554390469,-0.44887586357655584,1946.3548289254268,0.00021425808372786134,276.5353945375167
89.38294838518952,23.260048174143815,26.245093520638527,20.049061103426233,0.11368690099339238,0.5446380742724581,-0.4523603763403816,1946.5620696049268,0.00022088376641985608,276.4408127179609
89.43294838518952,23.260048174143815,26.332190005630874,20.07454777914472,-0.025667749680722638,0.5516565160157737,-0.44934629064994763,1945.8817493117415,0.00021060979281174757,276.4769621355099
89.48294838518952,23.260048174143815,26.56350586540996,20.204786819307337,0.0776233239092532,0.543179875464532,-0.44529921133769784,1945.9070148428984,0.0002121618818453102,276.5108442374482
89.53294838518953,23.260048174143815,26.496112450318943,20.319179322952664,0.044801332991743444,0.5256703741684179,-0.43490333096065914,1947.6733898771279,0.00020746242814686887,276.3850281417201
89.58294838518952,23.260048174143815,26.803856602858932,19.583362217438296,0.4705606125815212,0.5050831658179421,-0.4295898115629902,1948.697141439534,0.0002099865994620926,276.41616719583425
89.63294838518952,23.260048174143815,26.073363976016015,19.776712878805103,-0.2261844245377818,0.520293332490907,-0.4118572619367379,1949.829698076082,0.00021849531842216396,276.24244811246564
89.68294838518952,23.260048174143815,26.13418106550085,19.591602118945794,-0.25036106517127477,0.5018608885161517,-0.41504229034305395,1949.1639351668573,0.00021927982027216634,276.26967656556064
89.73294838518952,23.260048174143815,26.398878842299705,19.528585974889236,-0.11660299946594745,0.49444920762393846,-0.45621570637443276,1947.558806202353,0.0002122148754027633,276.29294155608613
89.78294838518953,23.260048174143815,26.788905932852746,19.416359123774626,0.15109999474031174,0.47659185093051604,-0.46877002639627996,1948.1958259708322,0.00021660355383601148,276.20845486166195
89.83294838518952,23.260048174143815,26.93968545405651,19.689386054242085,0.2724277085726995,0.4488202095184152,-0.45875405170289246,1949.0248341547476,0.00020626877303129155,276.1229700597893
89.88294838518952,23.260048174143815,26.662015876845246,20.2409444360177,0.10171269328686781,0.4469539675594437,-0.4637673752670995,1949.0862881899116,0.00019491469337378354,276.1836079855038
89.93294838518952,23.260048174143815,26.312948982205114,20.288556178245727,-0.1258358242552713,0.45641691818267177,-0.45114683097304825,1948.4976005052058,0.00019878154098947718,276.15435929959983
89.98294838518952,23.260048174143815,26.426113374102062,20.164354294707053,0.04000318243325852,0.4318974920920669,-0.4305294533378992,1953.5989708802858,0.00021430177023901216,276.2742304463312
90.03294838518953,23.260048174143815,26.85150083845592,19.740867809641546,0.45368111870817157,0.40696957335915196,-0.42947762969312087,1958.3869616607922,0.00021031777818462753,276.1100424519151
90.08294838518952,23.260048174143815,26.358656278926635,19.597526685097236,-0.10937162159286497,0.40003493242129995,-0.42658421989757495,1960.1060214794068,0.0001995562379722562,276.03042920882524
90.13294838518952,23.260048174143815,26.228836446823752,19.386050591248917,-0.2914327106909671,0.41674230118390837,-0.41660320143484425,1964.4269325543723,0.00020736335799989724,276.0152101869562
90.18294838518952,23.260048174143815,26.338893648657834,19.50962293618995,-0.2607126586472555,0.4168935858085785,-0.41561424016552245,1969.191699822895,0.00020603894167483131,275.9552648064701
90.23294838518952,23.260048174143815,26.661975100137344,19.32365693578874,-0.06824233898428818,0.41814258514451624,-0.4117960906683663,1969.6265562692436,0.00021199701096803942,275.8788092207142
90.28294838518953,23.260048174143815,27.033496600933223,19.32817456406142,0.26253833218796774,0.398110273972584,-0.4145183404354449,1968.1369812276725,0.00020268060186108466,275.89721374886204
90.33294838518952,23.260048174143815,26.87168829308737,19.572546266365737,0.25242652785733355,0.3953731875532436,-0.41331470559112826,1967.9452037322467,0.00021302896138869444,275.85242896483334
90.38294838518952,23.260048174143815,26.406640658837823,20.546373399096712,0.08015474040408922,0.3870833955171971,-0.41989130016291,1969.6557069683124,0.00022003506267962862,275.9108216154799
90.43294838518952,23.260048174143815,25.816362974100077,20.926447957310952,-0.2663274241914511,0.37712117502623965,-0.4199561361383893,1971.339384716804,0.0002230608342927777,275.8444403909383
90.48294838518952,23.260048174143815,25.939550779754725,19.98309887890547,-0.07580640360794882,0.36545608323352685,-0.39797209506613695,1974.4326565460049,0.00021855303164146616,275.8774813879848
90.53294838518953,23.260048174143815,26.17493985482596,19.81916606532381,0.07638509559732985,0.38614526038165836,-0.3644324160805393,1977.361056935535,0.00020913936496142827,275.93553134610363
90.58294838518952,23.260048174143815,25.69309071037102,20.154113323426657,-0.37760025855021107,0.3733741011530941,-0.3582848363988638,1971.576470465284,0.0002197599935657117,276.12341215926455
90.68294838518952,23.260048174143815,25.246226521476494,20.355864425843563,-0.32693055885371236,0.3303196898666324,-0.4048476770038389,1959.1931405286348,0.00023624781963306205,275.9963815050378
90.73294838518952,23.260048174143815,25.929212114101087,20.303431427894445,0.28765435758735036,0.3511956248003439,-0.4367584222347706,1961.7622922417086,0.00021919400277918574,275.8219049670739
90.78294838518953,23.260048174143815,25.772573569855314,20.278057512789836,0.011640786529959923,0.3474633223393407,-0.4281140661366148,1961.5535021190105,0.00021341663631258535,275.75293151490246
90.83294838518952,23.260048174143815,25.868597722565063,20.414835509792507,0.1194083006083681,0.34360109435240876,-0.4221251202722202,1965.3035781895096,0.0002177153378363698,275.8235587196324
90.88294838518952,23.260048174143815,25.91946919883669,20.517311442996046,0.2593228122185085,0.32398500301195876,-0.43305117007284144,1965.0595426341306,0.00021348347681821012,275.96978322897706
90.93294838518952,23.260048174143815,25.64765604405501,20.47356439913525,0.028450752854505944,0.3099776539135607,-0.4559376104057572,1961.8732217009317,0.00020526755899977797,276.008362848629
90.98294838518952,23.260048174143815,25.72254366910833,20.535602779793734,0.07018954742452053,0.3101522854425509,-0.47115366889194693,1961.0054502618168,0.0002056838598928421,276.0610022322224
91.03294838518953,23.260048174143815,25.856463326388145,20.651667815770825,0.12648835846850762,0.30738459283747016,-0.4684045170595943,1961.1274412209548,0.00020015227982898644,276.13788651681
91.08294838518952,23.260048174143815,25.778796983803566,20.758764736130505,-0.006898833381194324,0.30103194018029206,-0.46495492164135926,1962.6957709962344,0.0002086669674011019,275.98630990819225
91.13294838518952,23.260048174143815,25.92974518494623,20.361053114619498,0.13853938158443513,0.2820932231107189,-0.4605553613274179,1963.233984173805,0.00021527738867915797,275.8407819132912
91.18294838518952,23.260048174143815,25.670030581868627,20.169256632788045,-0.12977591180607734,0.2862992733620038,-0.47532937931791713,1962.173719129163,0.00021845710979155955,275.8373354436398
91.23294838518952,23.260048174143815,25.586113273644035,20.26884389616258,-0.2741308440830233,0.2886266059809905,-0.4731306484878113,1959.7163437471886,0.00020266013028909412,275.74170242381587
91.28294838518953,23.260048174143815,25.907919517893518,20.288475752261107,-0.03905765635828327,0.2704142080356576,-0.4548460283394212,1958.235158652144,0.0002066484988084492,275.4180082344406
91.43294838518952,23.260048174143815,26.394210702533414,19.633073077698292,0.0944338980041237,0.247039603276273,-0.443264011929387,1951.2060099300356,0.00019020778596661313,275.15215859543093
91.78294838518953,23.260048174143815,25.916997352821646,19.10708731539245,0.1767339486324984,0.21566977407736512,-0.4926538951036132,1939.8199455488816,0.00017741795844350886,274.9765142436989
91.83294838518952,23.260048174143815,25.77558126994379,19.111157888134002,0.07073869269041903,0.20661317254973272,-0.5015343352681979,1936.1082828067954,0.00018184904123957814,274.80378643534885
91.88294838518952,23.260048174143815,25.710212164469276,18.77733771917545,0.0783097852477276,0.19871483657402472,-0.5009099143100258,1932.6719218881578,0.00018298853599436123,274.78778636777815
91.93294838518952,23.260048174143815,25.677090814079577,18.776163314485796,0.1801069734865676,0.20767734903667662,-0.4965341045698378,1931.9170242136768,0.00018537273904779074,274.7854174877498
91.98294838518952,23.260048174143815,25.455600766335564,19.081546847059048,0.02696939668078213,0.19552614097293955,-0.499890974644222,1931.1109376415027,0.00018152874852744196,274.6234769498052
92.03294838518953,23.260048174143815,25.456123491012168,18.94516827053999,0.12539098053154474,0.19070879078364075,-0.46829696779380575,1933.1253454322268,0.00018410213581407904,274.731153174941
92.08294838518952,23.260048174143815,25.545365928993085,19.13407200823943,0.32284517143517316,0.181610647551575,-0.4902093569983695,1932.158769593273,0.00017693894379883492,274.8324967408644
92.13294838518952,23.260048174143815,25.173390124508515,19.36998260442345,0.09974929372754848,0.1812701034415086,-0.5264045383725297,1928.27137135021,0.00017231159538205792,274.9002590849951
92.18294838518952,23.260048174143815,25.138969323251025,19.174751691648222,0.3099460239325597,0.17925661574449656,-0.5478530849977925,1923.8608029640288,0.000183762245255404,274.9052052737285
92.23294838518952,23.260048174143815,24.37310160461784,19.429243523325184,-0.22602593910089785,0.17385630705256003,-0.5595375619062593,1918.786342295355,0.0001728089365880448,274.8577240899831
92.28294838518953,23.260048174143815,24.11309968321206,18.78170812224172,-0.3373907541923366,0.1783678092950317,-0.5349109312300532,1913.4269198594243,0.00017480581468843937,274.6921587066407
92.33294838518952,23.260048174143815,24.076920911515575,19.087439658459783,-0.3236585343444051,0.18048933549690221,-0.5203542731829875,1910.7262512854566,0.00016603329485727182,274.50342446565605
92.38294838518952,23.260048174143815,24.207777693098542,18.693092796418917,-0.053212005967776435,0.17808677126939132,-0.47766870213973484,1903.563590190698,0.00015905845520070773,274.4031114610965
88.93294838518952,23.210048174143814,26.34405742268051,20.528947693057056,0.183405884091293,0.6314564137210058,-0.41203553561885164,1948.4472952718659,0.00023236984845657655,276.36796678542544
88.98294838518952,23.210048174143814,26.005018574151425,20.36069881514579,0.019456085381647878,0.6115986633703028,-0.41172989197425475,1949.2724382525541,0.00022419051775349335,276.52830649889296
89.03294838518953,23.210048174143814,25.793053455922607,20.399383429627967,-0.03054601723810569,0.5817775361723021,-0.40855943796363475,1948.7626291175393,0.0002161422994520462,276.55911065796033
89.08294838518952,23.210048174143814,25.64847403536368,20.29078648395372,-0.09137382472972307,0.5646961313616636,-0.4097080159835091,1948.3209604305243,0.00021421217830337443,276.5314964309749
89.13294838518952,23.210048174143814,25.71633481098479,20.089981369716412,0.0015082299104347144,0.5504973379882634,-0.40123573349309605,1949.1945670072155,0.00021697964118779962,276.3381372858355
89.18294838518952,23.210048174143814,26.07593750308994,19.9204010762551,0.3713446155179085,0.5473006324268442,-0.3848302099788769,1949.4021833533413,0.0002107031722173217,276.31880064678757
89.23294838518952,23.210048174143814,25.632492459529715,20.294476019512008,-0.08590511485357324,0.5526966578895668,-0.41076415434141444,1947.2430548750092,0.00020717913273830894,276.374596139143
89.28294838518953,23.210048174143814,25.545301751047173,20.20641362303845,-0.2500466998553451,0.5604298655093631,-0.4332016862511421,1945.003123911584,0.00021234285554178812,276.44172751262533
89.33294838518952,23.210048174143814,25.730252288115576,20.187819646775537,-0.15383654429107527,0.5339392407314955,-0.4421559835097508,1945.474696443814,0.00021206958782098967,276.50148753787863
89.38294838518952,23.210048174143814,26.162662434716943,20.00502559779496,0.09532100321402509,0.5423682086133174,-0.44830058138604184,1946.5987349888885,0.0002122388387077972,276.48758742205285
89.43294838518952,23.210048174143814,26.486860773332563,20.046203850081667,0.2217910621540953,0.5357487757982919,-0.4544107046500932,1945.6498451449627,0.00021321286886183296,276.46772449649006
89.48294838518952,23.210048174143814,26.388465196228672,20.200521459359713,-0.0038075871752732454,0.5301782123723021,-0.44651905891753507,1945.2931523532304,0.00021092061818840167,276.5024494828151
89.53294838518953,23.210048174143814,26.207067245507307,20.148233945384636,-0.16427513024685322,0.5064086659749797,-0.44167747660513174,1945.6392612277464,0.00021078053547283698,276.4247544195421
89.58294838518952,23.210048174143814,26.29751280237137,19.942628851003736,0.07755381446232801,0.4985106360404171,-0.43560469799278156,1947.177003075963,0.00020328384533226034,276.37072531145634
89.63294838518952,23.210048174143814,26.120184696636837,19.865036071679636,-0.006165773663037343,0.5005437418723597,-0.4320301452303861,1948.765287957125,0.00020949455669966145,276.16145829722717
89.68294838518952,23.210048174143814,25.88611472236343,20.21641843514736,-0.28989548025825435,0.5096912978437327,-0.41857310108150464,1948.0597157302966,0.0002121517074045378,276.1606130180204
89.73294838518952,23.210048174143814,26.3257019421416,19.877397065424265,0.057600778450917586,0.5020051060115215,-0.4403181352168508,1947.6878864267167,0.00020521028393250147,276.14115585271196
89.78294838518953,23.210048174143814,26.56104472609524,19.925589844173206,0.1603041472926782,0.4588517039501619,-0.45100094042929695,1948.462010713658,0.0002100395258286226,276.05961643208707
89.83294838518952,23.210048174143814,26.621769006906263,20.413869757796515,0.2879630812766382,0.4528500195671433,-0.45255638878667526,1946.4693526620554,0.00020715683115643657,276.0685401397324
89.88294838518952,23.210048174143814,26.158035930028053,20.968368082039287,-0.0006128780789855228,0.48175600844233496,-0.4607663172247963,1943.6548825065547,0.00019725504531936888,276.2088005704269
89.93294838518952,23.210048174143814,25.720683950360076,21.319030154812566,-0.3310350073735635,0.4750029437606619,-0.44640459504539093,1944.3879464505324,0.00020210841145935912,276.1261298816802
89.98294838518952,23.210048174143814,25.960431873114388,20.752552903145357,-0.14619772191276556,0.416638923964389,-0.43921378401461564,1949.3830444292948,0.00020690809680898228,276.1465480778796
90.03294838518953,23.210048174143814,26.46478158050797,20.12437275652757,0.21940286484336888,0.3986659365360165,-0.4397054139173967,1955.8518213228247,0.00020794223799041432,276.00256053390945
90.08294838518952,23.210048174143814,26.55479066147477,19.78462044948122,0.22992364960262565,0.3845950797957522,-0.42674855750782476,1958.1187438095733,0.00020859691693600978,276.02492327795835
90.13294838518952,23.210048174143814,26.542148086519813,19.69239121592927,0.1610034483655241,0.3977332357464061,-0.4166299343800289,1960.4977497373584,0.00020653595280852776,276.0262685482977
90.18294838518952,23.210048174143814,26.442618490621925,19.63188464823657,-0.013572158495088207,0.4112470855820485,-0.4080403767775699,1965.6228062732682,0.00021431411550313625,275.978222517757
90.23294838518952,23.210048174143814,26.364124188370294,19.585789994917658,-0.16464952411987654,0.42682887554693216,-0.4095660889073531,1967.3710892914155,0.00021622233751184664,275.92907758550643
90.28294838518953,23.210048174143814,26.98964750363514,19.402455346258233,0.46234746140366234,0.41284915405763434,-0.4305141885425861,1966.0269131654818,0.00020466742090654693,275.90488877399406
90.33294838518952,23.210048174143814,26.296432176467327,20.058819904126356,-0.11025928283217248,0.3742368898676468,-0.44256503546715054,1963.2874104873736,0.0002091400466524189,275.9934046493771
90.38294838518952,23.210048174143814,25.845559706768537,21.032552159121607,-0.3572832841866483,0.36603102900543993,-0.44462842382185225,1963.8532545632993,0.00021243245141459378,275.88185849256223
90.43294838518952,23.210048174143814,25.89114080512006,20.91259098828821,-0.25856988036179146,0.36419702993343334,-0.42775982393619655,1969.4000052637825,0.0002205440055479884,275.7690201625342
90.48294838518952,23.210048174143814,26.562726312145934,19.915193945714336,0.3733162492415288,0.38196215173755654,-0.4040213268531907,1973.9619723936598,0.0002160517037907753,275.7809156911767
90.53294838518953,23.210048174143814,26.606604443381936,19.599103541817353,0.3646164501865741,0.3938645314002742,-0.4050920863164445,1976.0594955918643,0.0001997747860206675,275.9693874959374
90.58294838518952,23.210048174143814,26.113485551706287,19.941346077749607,0.06654828419621378,0.36366692816001217,-0.395432782441027,1970.5990683101927,0.0002093995870114679,275.9916587415389
90.68294838518952,23.210048174143814,25.198987133873512,20.258688602006128,-0.15892793132736446,0.33993181032474923,-0.41285508858630776,1959.476353438518,0.0002245829848077575,275.8989649780801
90.73294838518952,23.210048174143814,25.340339108359505,20.269335465155343,-0.06203899919469581,0.3435100843130575,-0.44217458015924554,1958.8511538898417,0.0002204308253281062,275.8251858052144
90.78294838518953,23.210048174143814,25.704173570080204,20.39234392960191,0.21653023247265812,0.3448107022452318,-0.44141379410593595,1956.4916050055433,0.00021986753195865993,275.7622661114136
90.83294838518952,23.210048174143814,25.473904858672398,20.492054290764543,-0.063311724224805,0.3381088575897564,-0.4457603479419085,1959.4337265136564,0.00021993507134643894,275.87047723990054
90.88294838518952,23.210048174143814,25.17664879764826,20.31190405883363,-0.38016315958496966,0.3149432207140743,-0.4503514220040531,1961.0072441609327,0.00021838373944831963,276.0798157617191
90.93294838518952,23.210048174143814,25.73091876869344,20.584676840551502,0.12549534915823707,0.30862299343567134,-0.4577955957209325,1960.5294204287277,0.00021722940948776413,276.01089816957784
90.98294838518952,23.210048174143814,25.836788462824824,20.714960594573057,0.09496576581429625,0.3108839261648763,-0.4660242420860524,1958.3943346434141,0.00020783298729160188,276.0513740970281
91.03294838518953,23.210048174143814,25.746840826577035,21.00216739761489,-0.08389149011999716,0.3198663131498484,-0.4675140092603552,1957.3141160893692,0.00020860479436150942,276.1100046328046
91.08294838518952,23.210048174143814,25.77191908853665,21.29017080223739,-0.056033963890095406,0.30543683071897315,-0.47405983022428133,1957.8142012291023,0.00021967655410498756,276.0544422057881
91.13294838518952,23.210048174143814,25.959975493388676,21.167179700563487,0.15984055053233476,0.2880406505588498,-0.4688594291036058,1958.9177272573734,0.00021083492741617274,275.7994957265344
91.18294838518952,23.210048174143814,25.65754020047395,20.81293127295924,-0.13054128685914684,0.2843898708460619,-0.47361545884757544,1958.7037882836175,0.00020052886463333374,275.8115996338155
91.23294838518952,23.210048174143814,25.69213045339596,20.711287437629537,-0.14889569894271332,0.29351042065465205,-0.47335898869500403,1958.1388909397767,0.00020485412200559188,275.6098161837286
91.28294838518953,23.210048174143814,25.916464951327917,20.45484174631064,-0.03619953773575978,0.28194155507519497,-0.45783287032466324,1957.7982045004705,0.00020554379311541406,275.35740743566566
91.43294838518952,23.210048174143814,26.194116404090867,19.98390094292856,-0.17832704792526013,0.2743242224460259,-0.44280709913388605,1952.7117278323885,0.00018430694781613598,275.19612867849736
91.48294838518952,23.210048174143814,26.83989251601216,19.524488351043967,0.4611995408300886,0.24798381990153973,-0.4486990837324708,1950.1551593816694,0.0001991374131146891,275.05032376296225
91.83294838518952,23.210048174143814,25.7674721880092,19.116133527707994,0.04507070713018998,0.21514245387022,-0.5001820310481155,1936.9594638488957,0.00017970020212829452,274.84816740410673
91.88294838518952,23.210048174143814,25.39199973209301,18.975083642870157,-0.2896777660825103,0.21077944259172696,-0.4987562084061017,1933.4428124314495,0.0001840161693926568,274.8208089516634
91.93294838518952,23.210048174143814,25.71714315239287,18.71538354703475,0.14547919879377239,0.21299059243041488,-0.49117227526208773,1931.666621151244,0.00017502588939265543,274.8096433123035
91.98294838518952,23.210048174143814,25.388898172926968,18.789617367889868,-0.10854009115556008,0.20537249319946774,-0.5020067839307567,1929.6191949994607,0.00017854911197357612,274.63782244821795
92.03294838518953,23.210048174143814,25.15231898545565,19.034517086215278,-0.23076176513281804,0.18684762637660673,-0.49275253924905327,1931.1261661044762,0.0001743999400620341,274.6498735943622
92.08294838518952,23.210048174143814,25.402892660342104,19.13801183898289,0.14693612414300536,0.19684513903751244,-0.48576084606968906,1932.2414317868231,0.00017659802568196445,274.8098978877095
92.13294838518952,23.210048174143814,25.016674986093598,19.56815191751546,-0.08435438170940604,0.18602409182594798,-0.5288216095890662,1929.3152240633028,0.0001824187681765614,274.97244163143614
92.18294838518952,23.210048174143814,25.199230739682594,19.452210698575353,0.28159381202184025,0.18058139957745695,-0.538908102042794,1925.6627147109734,0.0001895487424363699,274.9737739337784
92.23294838518952,23.210048174143814,24.861594138954057,19.12056954810422,0.11751307601611745,0.1745542483340367,-0.5546282667632586,1921.87096344995,0.00017990072951658747,274.9025276194258
92.28294838518953,23.210048174143814,24.712434625240828,18.693752761522926,0.0820665709659289,0.1734865207885751,-0.520187488959773,1916.0586762617509,0.0001733077695356301,274.6995773759164
92.33294838518952,23.210048174143814,24.572793702315032,19.308701476915285,-0.0014018036172937054,0.17987146744997293,-0.5120541250989844,1914.7082867222728,0.0001682401400997333,274.40170686703834
88.93294838518952,23.160048174143814,26.009223674541172,20.634039923866247,-0.016909187314155583,0.6323806815207892,-0.4263050103406257,1948.5391420108763,0.00022752578900631082,276.56251047849986
88.98294838518952,23.160048174143814,25.80607644350276,20.9753413010768,-0.06064405848030943,0.6278288483161537,-0.40769947523686756,1947.7731869445781,0.0002302292434456674,276.5743830486037
89.03294838518953,23.160048174143814,25.70118381747622,20.397492655421985,-0.0346154317128405,0.5906282013838465,-0.3917509870025003,1947.9082989509018,0.00022514243616963592,276.5440978810511
89.08294838518952,23.160048174143814,25.762416066241368,20.215130708240782,-0.023561415080346322,0.5703462189634481,-0.3946982458031712,1948.8233867275405,0.0002254857213554093,276.52231620560906
89.13294838518952,23.160048174143814,25.333860972322725,20.281445461173153,-0.48962884239811433,0.5649319988296114,-0.395818454756611,1948.3505230731364,0.00021621143167885437,276.33058005877507
89.18294838518952,23.160048174143814,26.159001447603192,20.58901966365914,0.38461611898744263,0.546312055920914,-0.3739522608673299,1948.249782625389,0.00021545728461694954,276.2735721501172
89.23294838518952,23.160048174143814,26.44318328899949,20.753256182157955,0.7178589682133509,0.5436047806041547,-0.3873951234363468,1946.8306661140537,0.0002089047460658697,276.3765992514549
89.28294838518953,23.160048174143814,25.507105760584256,20.05812822111975,-0.24734726074792512,0.5308165885551089,-0.41721513738180077,1944.3700340703897,0.00021524252504840578,276.4124501800077
89.33294838518952,23.160048174143814,25.600106251230688,20.096374509416027,-0.25219451069724785,0.5261382252572165,-0.4431851169748781,1944.0031148883752,0.00020945288261785635,276.5487861666118
89.38294838518952,23.160048174143814,25.92135463127438,20.342902250545183,-0.08794688003246078,0.5376863778983684,-0.44961697357511027,1944.6114531085257,0.00020907196345874168,276.477657287928
89.43294838518952,23.160048174143814,26.3960464863188,20.571969783889994,0.24634326941997417,0.5349158522699689,-0.4464152848721067,1943.6800611823953,0.0002070854709199243,276.4394800670561
89.48294838518952,23.160048174143814,26.56456270353807,20.51198071084186,0.3541978591178692,0.5268616423048279,-0.4491069395494646,1943.8125690019674,0.00020124208399377265,276.50877801303983
89.53294838518953,23.160048174143814,26.08112246926985,20.325697526191433,-0.14397914274324997,0.49726725670726446,-0.45596349177387346,1943.2699064723558,0.00020075602199074184,276.3340434281627
89.58294838518952,23.160048174143814,26.05157248812642,20.637753760987085,-0.06084808874267006,0.505185620491116,-0.4590739652585552,1943.173039704037,0.00020174808364948143,276.2509808560713
89.63294838518952,23.160048174143814,25.8921752887351,20.036104948141045,-0.11402721796430874,0.4931581604507281,-0.4547995791017939,1945.5618539759018,0.00020091644750043762,276.10795524620625
89.68294838518952,23.160048174143814,25.866781638101433,19.978324341078913,-0.12549725736794468,0.5144506680210316,-0.4436289002091994,1947.734593537775,0.00021288670446685816,276.12341142275596
89.73294838518952,23.160048174143814,25.63456197092006,20.04757939244999,-0.47990433210679584,0.4740552403806245,-0.4371092716747334,1948.8454601092674,0.00021444540126494362,276.10218340832137
89.78294838518953,23.160048174143814,26.2329983010235,20.040266751202594,0.06221548972566271,0.44855023363950725,-0.44616362950230604,1947.7524564639086,0.00020649748343431356,276.02331789126004
89.83294838518952,23.160048174143814,26.000197354978244,20.751233129819752,-0.015031104861796053,0.46741030277161905,-0.45380397142761714,1945.4690365404092,0.00020582461808051376,276.0202274592584
89.88294838518952,23.160048174143814,25.149535670499677,20.707496523310958,-0.7060949398996844,0.45666273617880787,-0.46891201442802566,1943.2975651969946,0.00019988629817884303,276.05190326791904
89.93294838518952,23.160048174143814,25.449603584880325,21.32992392055657,-0.3528181543086476,0.4647194590001193,-0.4583890570125339,1944.030677016487,0.00019915547469305926,276.0456716074956
89.98294838518952,23.160048174143814,25.91041414796675,21.5540968568788,-0.046310223464826265,0.4392548819937288,-0.46256692200547106,1944.6121866486365,0.00020333572957636237,276.09459089348263
90.03294838518953,23.160048174143814,26.30474841010249,21.11686148542199,0.22543158841894428,0.4132401910741682,-0.4594451142220733,1949.349308641411,0.000199822173360015,276.027686010285
90.08294838518952,23.160048174143814,26.4701088590405,20.37635289797982,0.3688891295775524,0.39657544548776325,-0.43371002772153316,1954.390652756786,0.00020080035093801398,276.1020214672158
90.13294838518952,23.160048174143814,26.10180534536934,20.239576213997644,-0.007435939723160371,0.3852786097824322,-0.4280615483622834,1956.400352805752,0.00020369105030733923,276.0356638332451
90.18294838518952,23.160048174143814,26.181185668815026,20.240911285087325,-0.020620937125711537,0.3829559728804689,-0.4153069001446234,1961.8916641085104,0.0002125469053835375,275.95979114757773
90.23294838518952,23.160048174143814,26.296803578345344,20.055455526207975,0.016755079247338094,0.4030535123018899,-0.40834763156015,1965.939306746299,0.00021590961038665837,275.96438231296133
90.28294838518953,23.160048174143814,26.388379527780025,19.67715151612111,0.08973950585005211,0.39823606153113905,-0.4181008679662591,1964.6707013172083,0.00020223074381539287,275.8537535769985
90.33294838518952,23.160048174143814,26.562519302416938,19.690823894631468,0.33207451568189006,0.37264524792110854,-0.4410503736088273,1961.2045920077435,0.0002049822636845601,275.85926567115223
90.38294838518952,23.160048174143814,26.388730675360986,20.788284951033287,0.19712856799746625,0.36828960926022,-0.44965783842800866,1962.474857168659,0.0001985608018861513,275.9463326175398
90.43294838518952,23.160048174143814,25.908196420752684,20.732676284712777,-0.36621424223076066,0.3603241869210705,-0.43470047433623676,1968.3840567596385,0.00019827872916595616,275.8933149964774
90.48294838518952,23.160048174143814,26.6323318416133,19.83021569164232,0.39532148945490364,0.3872588505779593,-0.41321298540746615,1971.4343390464642,0.0002108983021283141,275.7696099518829
90.53294838518953,23.160048174143814,26.35095092327988,20.108369210273626,0.19180637230630979,0.39759827101373696,-0.41505416177565385,1970.8337112800932,0.00020855155405509338,275.9414809834892
90.68294838518952,23.160048174143814,24.671557531588054,19.816499690114505,-0.46885529821908484,0.34226803693784014,-0.43955044988196235,1955.3536390920895,0.0002148843266948322,275.8902843207977
90.73294838518952,23.160048174143814,25.100082314712534,20.350651388747327,-0.12788838135785738,0.34112201120302965,-0.4370097810161956,1955.912985168512,0.00022795750917866322,275.84720348414476
90.78294838518953,23.160048174143814,25.69912781451067,20.373054283666313,0.41433486523960067,0.3374000475023608,-0.43255683543958323,1954.7503850498242,0.0002246772829947228,275.73817613395903
90.83294838518952,23.160048174143814,25.02474925003391,20.193950643504753,-0.36786184245601017,0.3328374326502075,-0.4401795608045016,1956.1735344875776,0.0002187532938137224,275.7888060991523
90.88294838518952,23.160048174143814,25.432092714845062,20.529618223798085,-0.04772556377226224,0.314815060976003,-0.44436706275941745,1957.510628598048,0.00021657556529915465,275.94258115702837
90.93294838518952,23.160048174143814,25.844791894194707,20.707745323414283,0.2803367629905053,0.31381779077662014,-0.45884394894911784,1959.4850165618514,0.0002249640138756949,275.9656953120868
90.98294838518952,23.160048174143814,25.908966851410625,20.871649882932,0.21740872637784225,0.315437575430937,-0.45584503300643664,1958.164151655744,0.00021225647844791418,275.94847535924856
91.03294838518953,23.160048174143814,25.81747080149538,20.916777560202732,0.06854414891863737,0.3136893365347806,-0.45747801148472483,1957.6574287231244,0.00021871520317158673,275.929290308876
91.08294838518952,23.160048174143814,25.980040942665966,21.221027132048995,0.2276292672708474,0.31520285413969434,-0.4699428634833619,1956.8176197979883,0.00020842854335439862,275.99662317290137
91.13294838518952,23.160048174143814,25.927033725025794,21.181718870660244,0.1614016398218567,0.3086380484832334,-0.47338142278222883,1956.7436206432662,0.00020602748778667562,275.8258527284237
91.18294838518952,23.160048174143814,25.739061018508632,20.775769665066548,-0.05671227538374412,0.29056575741216795,-0.46141361858447866,1958.2266601784024,0.00019960656142915478,275.7626235476645
91.23294838518952,23.160048174143814,25.74216339446712,20.63073141159476,-0.11430545418062195,0.29453794322651883,-0.4714238110294331,1957.9086250866587,0.00021350364585000995,275.50219496537676
91.28294838518953,23.160048174143814,25.970891488868123,20.477082032767523,0.004480230633645879,0.2822168244514572,-0.46505130019335617,1956.1498200599253,0.00021247589457706615,275.1985000921723
91.33294838518952,23.160048174143814,26.250527856994033,19.97548964849796,0.19399563050569904,0.26153614094196564,-0.4604091017309714,1954.5155357125268,0.00019954822364823133,275.0780838055793
91.43294838518952,23.160048174143814,26.24164781035427,20.177652093290842,-0.12888564331798652,0.2580717742594385,-0.43561950151869583,1952.572816157605,0.00020136617186202347,275.04265951091526
91.48294838518952,23.160048174143814,27.058788190117323,19.621847973836434,0.7052927340119316,0.2517576887317288,-0.4443837947432435,1951.5070366447428,0.000206120889296797,275.03664265139264
91.83294838518952,23.160048174143814,26.05073812065601,18.972615187453876,0.3002047536720554,0.20937244034826072,-0.4924215499017196,1935.2898286730406,0.000182213502465035,274.7972513716712
91.88294838518952,23.160048174143814,25.75193006400326,18.86714212535796,0.05210108880429039,0.20886383302725603,-0.49310332778746296,1933.9159575671542,0.00018578864840197086,274.7447971703931
91.93294838518952,23.160048174143814,25.443496536620668,19.14832151694179,-0.18623741147069584,0.2039483394880442,-0.4961364309865158,1932.7780544586983,0.0001800471869919384,274.69832938220566
91.98294838518952,23.160048174143814,25.76163535745577,18.658970784730723,0.24474971458420677,0.20997661670849901,-0.49339238304025745,1931.924972427247,0.0001734652243875128,274.68016215265254
92.03294838518953,23.160048174143814,25.137304266939687,18.91523528965802,-0.2436169232346355,0.19553661196768948,-0.5118518126913698,1930.4243570227693,0.00017886218286555723,274.63134210959157
92.08294838518952,23.160048174143814,25.127068466749026,18.97246214527995,-0.12659067915075503,0.18383580745149605,-0.4929586387392955,1930.3691256548286,0.00017541397154318552,274.72864976688953
92.13294838518952,23.160048174143814,25.252857049992876,19.25040207048522,0.1445806676395705,0.17959395608225068,-0.5038882869921842,1927.7060915141608,0.00017932992634498864,274.86450406030576
92.18294838518952,23.160048174143814,25.078777127271852,19.585860632158774,0.047257433689795195,0.17314806326425092,-0.5195118336112676,1924.8091631432605,0.00018257325449792133,274.87385630467685
92.23294838518952,23.160048174143814,24.974059519289295,19.376975883681073,0.03977916684223697,0.17669898853552243,-0.5365048945590407,1923.6423316670798,0.00018102874327428098,274.88619643264616
92.28294838518953,23.160048174143814,24.897161607477138,19.253687322542753,0.104155360651679,0.16795451306432446,-0.5327469726010788,1919.1457490972168,0.0001711751142222884,274.7434481659083
92.33294838518952,23.160048174143814,24.682275211732758,19.44789249783249,-0.024224583159663807,0.17916888253933053,-0.5152493266569768,1918.5459653121661,0.00016207569056238144,274.48510208834887
88.93294838518952,23.110048174143813,25.38898769531683,20.946520543159895,-0.5201752071862779,0.6352570874106219,-0.4254600885243406,1947.293264862281,0.00022610310116917215,276.38129638706704
88.98294838518952,23.110048174143813,25.52255514704341,20.487476066720298,-0.21558821876036122,0.6045715065469985,-0.4022665957225275,1947.7577433385188,0.0002223551491070244,276.3712823043874
89.03294838518953,23.110048174143813,25.912679528991703,20.49209542093326,0.1568975779631906,0.5807852844970975,-0.38580458764353553,1948.0153729430976,0.00022549898536973888,276.4145029907227
89.08294838518952,23.110048174143813,26.09784339663769,20.21976004265699,0.25963651615794753,0.5601777269144355,-0.3883542805754007,1948.5926111402378,0.0002142701272335362,276.4641692764408
89.13294838518952,23.110048174143813,25.82756339940595,20.17643695545107,-0.036445862115804556,0.5666177578721611,-0.40634113676947564,1947.9544155755373,0.00020892154135087145,276.41359421157915
89.18294838518952,23.110048174143813,25.619880881804946,20.56343024437879,-0.14755401831003986,0.5810515065728844,-0.4044156929593692,1946.4008538945977,0.00021490875701148587,276.37215667132665
89.23294838518952,23.110048174143813,25.780894758767356,20.8493269299741,0.10799884865267677,0.5739214232082224,-0.4119324921479533,1944.2700937687018,0.0002139208539722581,276.3563624823562
89.28294838518953,23.110048174143813,25.70564905335074,20.894395109578518,0.014974756949453842,0.5411547516731163,-0.4280338419526908,1942.7131326449583,0.00021435708709463734,276.35816198536173
89.33294838518952,23.110048174143813,25.704419732837234,20.953688499260455,-0.09210713074246236,0.5437994180333505,-0.4446101455991123,1941.8241037752277,0.00020917718810596947,276.4019236113415
89.38294838518952,23.110048174143813,25.578622670214635,20.51198463833861,-0.38945716593427787,0.5335238544750622,-0.44203664862984543,1942.5821107790618,0.0002089861175045078,276.3626908101847
89.43294838518952,23.110048174143813,26.181263132073184,21.014188471169124,0.10944545004839576,0.5558885224468095,-0.4263937622456347,1941.6161192333302,0.0002056421316848735,276.3206661852061
89.48294838518952,23.110048174143813,26.304245720981594,20.958274890480737,0.18129644365889683,0.5406274901976555,-0.4451416444710579,1940.427144131883,0.00020245770546490792,276.39229426632215
89.53294838518953,23.110048174143813,26.14347986257344,20.918687354934494,0.022681371440790615,0.5308698229740073,-0.4638671350918509,1939.6041165515085,0.00020460582574407951,276.34958314667256
89.58294838518952,23.110048174143813,26.179088705667613,22.459687511401473,0.1606457099356512,0.5807221349971227,-0.4702649307334211,1938.524737176574,0.00019594503866104113,276.26067874589774
89.63294838518952,23.110048174143813,25.790713009636914,20.592975094862933,-0.10649246918152534,0.5166884495910388,-0.466561911373791,1944.9576068740641,0.0002030608814476802,276.1580409140554
89.68294838518952,23.110048174143813,25.626553030251713,20.12007297085589,-0.3211473706442585,0.5145217491169706,-0.4434580685945754,1950.4228954433847,0.00020990669518242895,276.0606906519182
89.73294838518952,23.110048174143813,26.048785196369806,19.81339641359193,-0.010886274528192148,0.4543811489139848,-0.44583170844881986,1950.0861357465553,0.00020799392443586443,276.07258810336555
89.78294838518953,23.110048174143813,26.60428625915086,20.45600290987556,0.5562907201841965,0.4610381615290979,-0.4545889156233198,1946.4859914963556,0.00020285035655551357,276.0186042418399
89.83294838518952,23.110048174143813,25.623434334314553,20.734484208348192,-0.33824360477698345,0.4720768969001851,-0.4545377626716231,1943.7329869022863,0.0002045955510314353,275.9988451689171
89.88294838518952,23.110048174143813,25.59941353711807,20.907325195815165,-0.19843262181571075,0.45271592943613603,-0.47039946072419236,1944.3887135170505,0.00020193329400335156,276.0031033667179
89.93294838518952,23.110048174143813,25.83271013898345,21.635137607013295,0.020226246197407673,0.4707988257967406,-0.4794336952084541,1941.8132135247613,0.0002083061200538139,276.06873948603663
89.98294838518952,23.110048174143813,25.790708580888666,21.843481472595627,-0.10987230487860632,0.4738161550532914,-0.47615405973646474,1938.9688172050846,0.0002150577210016425,276.0677279561018
90.03294838518953,23.110048174143813,25.23319374262677,21.225307130709407,-0.6476929845170245,0.48927412185924934,-0.4679150738216533,1941.1200999647392,0.0001991271136273876,276.01556310338185
90.08294838518952,23.110048174143813,25.82365627042802,21.556969675327927,0.029753252120126274,0.46176937796928413,-0.45076513930792866,1947.4594181854939,0.00020132254285173078,276.01500844111916
90.13294838518952,23.110048174143813,25.831846738444064,20.784244578784307,0.050496086204253665,0.40909278980611447,-0.4409386820825486,1954.0063445148437,0.00020603220604415503,276.0578127804872
90.18294838518952,23.110048174143813,25.847392723467415,20.259375703532392,-0.0371696963573713,0.36991315578607586,-0.4313886522200512,1959.6226112675743,0.000211233452758214,275.99218799342844
90.23294838518952,23.110048174143813,26.02969662678848,19.872301641612083,-0.02113658974410815,0.36719293673929115,-0.41676357911041756,1963.554957819767,0.00021126693623117388,275.8803773604494
90.28294838518953,23.110048174143813,26.157568570947813,19.937104757282388,-0.01150720586628456,0.3731324022754872,-0.4043637314132563,1964.3399304629638,0.00021593649152259903,275.83119241905877
90.33294838518952,23.110048174143813,26.249710626453847,20.041704103245536,0.10346860647755318,0.3723564068091642,-0.4190966523205269,1962.5359315804108,0.00021174639946367494,275.850120109197
90.38294838518952,23.110048174143813,26.3209245725933,20.27988094481143,0.18575469553581903,0.35809279944153555,-0.42659472310624913,1964.3904240963575,0.00020158572793414553,275.8339429516173
90.43294838518952,23.110048174143813,26.07518190845556,20.220341343895225,-0.05584590221205688,0.3530621649663047,-0.4232823027232593,1969.020836305667,0.00019803991883037377,275.85970120145066
90.48294838518952,23.110048174143813,26.175940354992672,20.154755726242524,0.09676713270739502,0.39227806523938186,-0.4065583800094001,1970.6464850745017,0.0002109957464133558,275.72288547030143
90.53294838518953,23.110048174143813,25.612119714860256,20.327117298553848,-0.43136437581447534,0.3965305495622439,-0.40870169751445373,1969.4609496032201,0.00021038737339202883,275.7761530598948
90.68294838518952,23.110048174143813,24.878994682818398,19.933372549935115,-0.26161991022500786,0.35224083230704495,-0.4375451636473581,1953.0239976866135,0.00022151820102302576,275.7913748861025
90.73294838518952,23.110048174143813,25.098696211374374,19.974194855321663,-0.09583210134709717,0.3560997863047318,-0.43115807113576565,1954.0525254900422,0.0002127573716003889,275.81018336953724
90.78294838518953,23.110048174143813,25.513815737541496,20.07976372558727,0.2847811292762844,0.34270014550597117,-0.4300821618178709,1953.1606330243324,0.0002068947617547745,275.6891366513194
90.83294838518952,23.110048174143813,25.133293403577373,19.855949062724616,-0.11110486091281016,0.32662428012769185,-0.4267189559486524,1953.758968635811,0.00022272459083941108,275.628884663268
90.88294838518952,23.110048174143813,25.380988409906273,20.25365144426783,0.07702980505414965,0.3149730845773025,-0.4197501162171225,1956.135730407683,0.00023587548829448826,275.6579137296397
90.93294838518952,23.110048174143813,25.62860326178533,20.509093564418233,0.2502122001692512,0.3113252681142111,-0.4416649800499902,1957.2193217183715,0.00021707545654874163,275.83755429733986
90.98294838518952,23.110048174143813,25.59398774791573,20.49221447609925,0.16490907974242805,0.3077964343034613,-0.4547307075210794,1956.5841786147041,0.0002164258740893552,275.8055466912273
91.03294838518953,23.110048174143813,25.491616959336127,20.772365963028502,0.0011511952265607305,0.3158313862909527,-0.4695481478361654,1956.4140750594484,0.00021010833669027595,275.79890886135814
91.08294838518952,23.110048174143813,25.81239732686251,21.165916566449223,0.2576383714971324,0.3237038378361306,-0.46142761756892814,1955.7050502634156,0.00020677880918494067,275.85595590994876
91.13294838518952,23.110048174143813,25.813295930943493,21.15000041976865,0.17797069376096247,0.3077462185007066,-0.4566554571186825,1956.1321438167156,0.0002123419854570975,275.8700385706269
91.18294838518952,23.110048174143813,25.83018105808573,20.624645110429274,0.09570687684123973,0.29540525289514635,-0.46004919159796964,1957.4134738805137,0.0002141590312983991,275.73651061854
91.23294838518952,23.110048174143813,25.72205713943572,20.53903552976099,-0.11827893499279986,0.2876509646949429,-0.4773993514925158,1956.3149778459504,0.00020187324125973163,275.5426883547177
91.28294838518953,23.110048174143813,25.879751532515247,20.591843224650255,-0.04796773305706283,0.28488250857117203,-0.4729943282689345,1954.1552328369005,0.00019047174951358618,275.30121978221126
91.33294838518952,23.110048174143813,26.175979061954227,19.914607707253484,0.1575887476259954,0.26819173360784054,-0.4649301722989529,1953.4157071386107,0.0001828954177585229,275.1124892384025
91.43294838518952,23.110048174143813,26.100372747325878,20.011460680551515,-0.2424109855023463,0.24797705474565787,-0.43926374250468386,1951.1255864060954,0.0002017175662090087,275.03703534288377
91.48294838518952,23.110048174143813,26.68790233114606,19.66922436506727,0.3512359451017454,0.25559415752958164,-0.4445365441506124,1951.647728703161,0.00021421890133972168,275.06929532403984
91.83294838518952,23.110048174143813,25.841415666254544,19.05582502014715,0.08145858092389147,0.2182496301717328,-0.49089119239142,1936.0341480451536,0.0001906173942769777,274.8805945405883
91.88294838518952,23.110048174143813,25.940992262551223,18.97529089533275,0.20134263824622725,0.21362049442711237,-0.4969069057177094,1935.8493308188115,0.00019001375276843753,274.7902418073606
91.93294838518952,23.110048174143813,25.599316837878895,19.383630160525495,-0.11647340852689642,0.20345478632945793,-0.5016352687503585,1935.6841294408455,0.00018895700747756082,274.66370884967665
91.98294838518952,23.110048174143813,25.969300174737416,19.321649463119122,0.3789117511312647,0.20822912517284853,-0.4611527178529573,1935.2953373417367,0.0001867689081686133,274.6789988827567
92.03294838518953,23.110048174143813,25.27291764661379,19.061100745139356,-0.1743858660595949,0.2001584060242812,-0.49587704681608946,1931.3043638877916,0.00016816316411107638,274.6160763055072
92.08294838518952,23.110048174143813,25.02666655124418,19.299116614262914,-0.28864125934791707,0.17063869764876038,-0.5072743611389267,1928.3716766697146,0.0001667118933201901,274.62578321506277
92.13294838518952,23.110048174143813,25.207047341367385,19.254622496329294,0.023144948673481786,0.1681386192784267,-0.49879555337733794,1925.534452742286,0.00017699811888196906,274.70628577814875
92.18294838518952,23.110048174143813,24.898079989423856,19.602401057297634,-0.2424190418552914,0.16990133197688234,-0.5189825119039443,1924.1810577907181,0.000182340847910274,274.7270409520292
92.23294838518952,23.110048174143813,25.044481698676798,19.89499429870849,0.009029358834085293,0.18598753268936702,-0.5180137308506001,1925.66702152377,0.0001768213873124187,274.84672715224764
92.28294838518953,23.110048174143813,24.95023469396426,19.488472256943,0.009084843844478836,0.17430951641596007,-0.5321628570459717,1923.6161991190625,0.00018366961496856866,274.68908763095254
92.33294838518952,23.110048174143813,24.569324151233996,19.79331832890661,-0.25184008977919026,0.16983779925652095,-0.5196933615345243,1917.0828989919833,0.0001725711067082701,274.42463556214875
88.88294838518952,23.060048174143816,25.696405544583413,20.884304372847463,-0.2067776841694485,0.6475517612164712,-0.43048598119584114,1946.678927942445,0.0002315781799704372,276.2880514093979
88.93294838518952,23.060048174143816,25.569744525926303,20.873142576641374,-0.1791964669150985,0.6393439664750321,-0.42887295226112604,1947.246677093434,0.00023094799496990276,276.30648914801253
88.98294838518952,23.060048174143816,25.703090383672308,20.28978254750564,-0.05463967932495058,0.5940039322435525,-0.4126183798010788,1949.2989397333001,0.00022261739982539386,276.28930910996354
89.03294838518953,23.060048174143816,25.928929577949535,20.2133118716051,0.07240592626530058,0.5811312714286296,-0.3975069411691147,1949.4871824812171,0.00021307991450276475,276.3552177361621
89.08294838518952,23.060048174143816,26.266373066993793,20.267505325385127,0.42619511957196005,0.5947177617942772,-0.3919443172837474,1947.94595257648,0.00020989003144692898,276.32628577091964
89.13294838518952,23.060048174143816,25.607200878183797,20.348515947388016,-0.15664170637136307,0.6068087613454289,-0.405845340690554,1948.07560248935,0.0002066359749557831,276.28740709885017
89.18294838518952,23.060048174143816,25.42518225254339,20.24499451847386,-0.22798744143648947,0.6000021506475096,-0.4165190189483399,1946.824376252307,0.00020366346614382556,276.31821434747184
89.23294838518952,23.060048174143816,25.551702614802803,20.58362209089473,-0.06187070414934937,0.5901423321233139,-0.4341061937381808,1943.7746990536039,0.00020290751183829473,276.2901733732774
89.28294838518953,23.060048174143816,25.70279551319926,21.617409601926347,0.047123221147366286,0.6078768381406567,-0.440333365804395,1938.3900700713637,0.0002134762487882743,276.3308324805009
89.33294838518952,23.060048174143816,25.903703290153103,22.26973157392098,0.16961093968924876,0.605517459775648,-0.43833709132345217,1935.6019185180758,0.00021789150923641986,276.37602011394495
89.38294838518952,23.060048174143816,26.049734382749328,20.777614154793838,0.21097761474205218,0.5487949380256365,-0.43519287033174786,1941.1617905937846,0.00020933296388882635,276.33533999853995
89.43294838518952,23.060048174143816,25.855128526691068,20.792236100958622,-0.10072949026634004,0.5578568137279815,-0.4341002022647259,1941.0772097417678,0.0002085614135930995,276.26459157695956
89.48294838518952,23.060048174143816,26.19693926465112,21.914101454971316,0.1734197727305279,0.5866755178817448,-0.4420919548255059,1937.6149539879566,0.00020902590800804836,276.2955317973842
89.53294838518953,23.060048174143816,26.275566474745997,21.587394370504615,0.2549709822891798,0.5672055933533833,-0.4586843750929698,1939.1126268211697,0.0002154619953475769,276.2361816380965
89.58294838518952,23.060048174143816,25.93386128592642,21.863485034137035,0.004008634460286512,0.5751982024536079,-0.46923610598963694,1943.3088206355071,0.0002151172772872797,276.2125846402995
89.63294838518952,23.060048174143816,25.661746089758722,20.94678829460915,-0.2548982070874885,0.5599451906585601,-0.46061423347933445,1948.583015081879,0.00020227776162271867,276.08616916987825
89.68294838518952,23.060048174143816,25.876541614816585,20.116178968097707,-0.1628267166809541,0.4823931953063676,-0.4623997925098721,1951.06089515886,0.00019856863002261306,275.91575656743163
89.73294838518952,23.060048174143816,26.668412544902836,19.92635675978343,0.5495132958763644,0.4606821878476129,-0.454534134740787,1951.7506447458886,0.0001990555195169251,275.87733531073417
89.78294838518953,23.060048174143816,26.395186884358303,20.299768978005968,0.2743399710951765,0.45907240255364445,-0.44797695884944105,1948.462992125341,0.0002093747084109929,275.9752755267626
89.83294838518952,23.060048174143816,25.801865193951574,21.184234866377054,-0.19480063478408197,0.47894393557038767,-0.45258777497360814,1944.6167177176058,0.00019655842080564052,276.0294037415616
89.88294838518952,23.060048174143816,25.928424516731738,21.13023508794143,0.021846762482699168,0.4672357054497384,-0.47452268518769203,1942.002315093692,0.00020244149745500718,275.95402466582544
89.93294838518952,23.060048174143816,26.219372599953704,22.451565712422788,0.42052500705553447,0.4789186427251534,-0.4951975087862468,1937.1509958474178,0.00020721190269266127,276.0698062928501
89.98294838518952,23.060048174143816,25.95074306410147,22.910879772481792,0.2988300730518291,0.468736162241033,-0.47916816044385835,1936.5755843300192,0.00020241022252614867,276.14672362683723
90.03294838518953,23.060048174143816,25.4447195129154,21.29092314982649,-0.09075292840671734,0.46323173438598453,-0.4755366043942597,1942.2401268602907,0.00019614674988230124,276.006781428015
90.08294838518952,23.060048174143816,25.140853312463385,21.45250726653005,-0.30659592199821284,0.47083294892097943,-0.47763454276909556,1945.358550894918,0.0002028221501012724,275.99660896609595
90.13294838518952,23.060048174143816,25.25913071222583,21.195168051274223,-0.24570968980444696,0.45161219594147517,-0.4621769765906526,1950.0716594331657,0.00019455677488488954,275.9884590472629
90.18294838518952,23.060048174143816,25.706809948659924,20.729424093759594,0.07462279357526336,0.39726393566654145,-0.4308874440750679,1956.8307944733135,0.0002070829959852998,275.7611969287394
90.23294838518952,23.060048174143816,26.06404228521,20.156094283763938,0.2109548676454194,0.36245136234375147,-0.40427151285297414,1961.7810766625355,0.0002097285910838781,275.7330167963947
90.28294838518953,23.060048174143816,25.920897403724474,20.305154612096267,-0.1211723869076967,0.3743830308194977,-0.39953863464904293,1963.881097493034,0.0002111458642701633,275.77409114393265
90.33294838518952,23.060048174143816,25.922232000859346,20.12956504247329,-0.11756503315640031,0.3808335414858363,-0.4081356943424338,1962.653076857524,0.00019975571522408238,275.77181443599727
90.38294838518952,23.060048174143816,26.02758967470684,19.79571502509634,0.08321039687332937,0.3626559256833692,-0.40964204973293916,1964.735211824628,0.00020576108613512513,275.69348393367693
90.43294838518952,23.060048174143816,25.877852259600015,20.240417458166043,0.009675779627035006,0.3762938548132808,-0.39900438500395224,1968.1562920060176,0.00020915326158980408,275.7101174269144
90.48294838518952,23.060048174143816,25.887314499737055,20.45535074309839,0.02512408773977267,0.4061302705731137,-0.3930385135948335,1970.751102950286,0.00022152491817777618,275.68423423251846
90.68294838518952,23.060048174143816,25.363852275967076,20.047312044697048,0.21157821901422952,0.34724983414558985,-0.4439652609987517,1954.8387443055917,0.0002198437572079085,275.81672824794515
90.73294838518952,23.060048174143816,25.069357601845045,19.554460145539977,-0.10301287836146443,0.3541248218845511,-0.43660643589889014,1954.6184941034508,0.00021385672092264293,275.81463749180966
90.78294838518953,23.060048174143816,24.876856466541344,19.275394335052006,-0.2302933596289644,0.3393962803626931,-0.4332585301624741,1952.9157046234423,0.00021508287954992035,275.7336894206836
90.83294838518952,23.060048174143816,25.009308786852834,19.610046889183195,-0.01248507531067773,0.331380177133917,-0.4330903327772152,1950.4024847259568,0.00022023212585276736,275.61903407732893
90.88294838518952,23.060048174143816,24.703000687440408,19.813816257638766,-0.3354256860019792,0.32581943032027066,-0.4360905024547415,1952.1227522855731,0.00021922747458767293,275.69247067525976
90.93294838518952,23.060048174143816,24.76842160871858,19.961540941037622,-0.31389357697438297,0.32454828762765453,-0.4473096762565953,1953.1270717687307,0.000214429299391242,275.8103393393556
90.98294838518952,23.060048174143816,24.895436574231027,19.710236990651463,-0.2407296499916819,0.30685337639246263,-0.4511878010564916,1955.317371235534,0.0002144206135255014,275.7803895377407
91.03294838518953,23.060048174143816,24.86701698416928,20.0413114981168,-0.3437396418290523,0.314386418053684,-0.4575742054807931,1953.87910296964,0.0002007036365994958,275.8016964480472
91.08294838518952,23.060048174143816,25.20078193929903,20.672819196874674,-0.12070927043175647,0.3267385922655184,-0.4528302997714482,1953.8786012822975,0.0002130538327900145,275.8183334240196
91.13294838518952,23.060048174143816,25.615664842977967,20.80260882870046,0.17407259549322301,0.3075034310702218,-0.45387947084826635,1954.7571902495492,0.00021231593053721684,275.77957483098635
91.18294838518952,23.060048174143816,25.827672473392397,20.84738300999103,0.25309582925709406,0.2891947328366008,-0.4714715153372918,1955.531710394671,0.00021199813229403567,275.81114068819204
91.23294838518952,23.060048174143816,25.710754568572774,20.531327313122944,-0.011284139744521334,0.2973732226101446,-0.48549118392126417,1954.8137792661196,0.0001995603701130046,275.5582212405284
91.28294838518953,23.060048174143816,25.817900269150723,20.574400125797506,-0.037041306479796296,0.2921042007467442,-0.4776593632335843,1954.2249874906458,0.00019419583247774427,275.3277256442066
91.33294838518952,23.060048174143816,25.89335095838514,20.254512948853595,-0.07030550082241697,0.2776185599305259,-0.4647309049539979,1953.4432530367728,0.00020134666068078559,275.20473202292
91.38294838518952,23.060048174143816,26.266075873634165,19.835778030488278,0.18268091718208274,0.26117517174088867,-0.4392655750188061,1953.2473209215384,0.0001926494631317588,275.1222019151192
91.43294838518952,23.060048174143816,26.139511356518728,20.015077883599464,-0.1582963792959682,0.24373643968855493,-0.4367964888690652,1951.9449527059842,0.00019923247040457592,275.1027869312291
91.48294838518952,23.060048174143816,26.20284965312347,19.856440114771733,-0.11050370497173585,0.24226825212001757,-0.44896380863931357,1952.071525766439,0.0002127151583022028,275.0441732512916
91.53294838518953,23.060048174143816,27.06990793344253,19.44341784366586,0.842008756920182,0.2469793807133842,-0.44950887389933025,1951.1849923792836,0.0002027678869770817,274.9314896188485
91.78294838518953,23.060048174143816,25.622055808262402,19.102650297424645,-0.23827546603234467,0.22725019612576985,-0.5352750643049011,1933.4440533541497,0.0001833039594972772,274.77658194727167
91.83294838518952,23.060048174143816,25.69575222317349,19.03147770541447,-0.12682943714891642,0.21303520643317458,-0.5121528928174807,1935.4863943868731,0.00018640740879091942,274.8143017788921
91.88294838518952,23.060048174143816,25.99334730073497,19.04832394807691,0.16047546602952617,0.20854417514436968,-0.4963485364161026,1936.0559924560919,0.00019674483099422246,274.80690497954544
91.93294838518952,23.060048174143816,25.79407118394103,19.451051209178154,-0.058842680727362956,0.21091895501385652,-0.49624156132289365,1936.2689229422401,0.00018830015484524798,274.69436517786096
91.98294838518952,23.060048174143816,25.825674638650995,19.49122964940894,0.10571844121066187,0.2071566673785599,-0.46799526365314764,1934.3595839260533,0.00017686887913982499,274.6319648530329
92.03294838518953,23.060048174143816,25.729106282518583,19.190392563178353,0.2034302980099738,0.18930700794456795,-0.47633589253532405,1930.9934024466368,0.0001723722315985691,274.616475266539
92.08294838518952,23.060048174143816,25.258978866197705,19.68397221089898,-0.12257415751211585,0.17660594128551163,-0.48964038799416865,1928.6071407671511,0.0001762523881996476,274.5096741345831
92.13294838518952,23.060048174143816,25.446860920166667,19.661555711143908,0.16418513801107093,0.16340343437017107,-0.4818557954974084,1926.7866404307897,0.0001787624791608636,274.6635751983282
92.18294838518952,23.060048174143816,25.44197730993495,20.221317634985464,0.2224829057559839,0.18696680448481004,-0.5114263173151138,1924.6703483246438,0.0001853825322027698,274.6885047813201
92.23294838518952,23.060048174143816,25.52460466324144,21.118586649444328,0.3754663444944259,0.20486143834466564,-0.5037944864787307,1923.339543890865,0.0001900443061362331,274.78531493107016
92.28294838518953,23.060048174143816,25.051681892104355,19.926191348604775,-0.044228495095808125,0.17571984066459567,-0.5293429071422456,1919.4118648397184,0.00018848026470628539,274.6376932733822
92.33294838518952,23.060048174143816,24.901302817790615,19.647064402178163,-0.05633308162509837,0.1642812932355401,-0.5187462230731922,1914.0859927053916,0.00017769467356534838,274.5003470110524
92.38294838518952,23.060048174143816,25.2333560129063,18.707399665317133,0.445602074891417,0.18186966412180258,-0.487367039565746,1916.2704805855487,0.0001759136103570094,274.4135230755787
88.88294838518952,23.010048174143815,25.757526883833496,20.836033142328116,-0.11195697924894607,0.6374804350940914,-0.43528236429908956,1947.1552120461135,0.00022736969376128006,276.1203271942255
88.93294838518952,23.010048174143815,25.605048165406156,20.895434083111056,-0.15571364485147032,0.6332171827268815,-0.4290470406509125,1947.6616692439977,0.00022384300716845405,276.2020952725917
88.98294838518952,23.010048174143815,25.804635402176856,20.217112202017457,-0.001156010466711405,0.5733886613717266,-0.41331452651062106,1950.0544312395564,0.00022480320080811415,276.18971464647433
89.03294838518953,23.010048174143815,25.850627971023727,20.31456874037261,0.0031395658489372417,0.5718670591231741,-0.4057485932400764,1950.309260234356,0.00021474185016088842,276.3037180297363
89.08294838518952,23.010048174143815,25.845715185016772,20.712903696818575,0.06944017442102328,0.595748322449904,-0.39789923465638993,1948.174636288051,0.0002123601085307837,276.28293240455594
89.13294838518952,23.010048174143815,25.550565478372192,20.716448641319683,-0.10855382896382199,0.6102994096808692,-0.39943399537374363,1948.2040376746738,0.00021647160519599936,276.2276505786309
89.18294838518952,23.010048174143815,25.4497064071897,20.349042531466523,-0.12275396551069787,0.5886443464828038,-0.4084370378730264,1947.192892683081,0.00020539751232520988,276.0983683647438
89.23294838518952,23.010048174143815,25.682436839512153,20.41277296722377,0.10022933580939361,0.5752841180080239,-0.43133666490966777,1942.6803792544717,0.00020592132911329453,276.03767440737005
89.28294838518953,23.010048174143815,25.66971665943389,22.185718371303643,0.014511883273547882,0.6135741196654526,-0.44313607972131214,1932.5386572434802,0.00021088643863786366,276.13175295566447
89.33294838518952,23.010048174143815,25.579536473954818,23.119183863486086,-0.10134867804991675,0.5141372353669309,-0.44349019120798033,1925.5583222901607,0.0002144939528395263,276.2621018451272
89.38294838518952,23.010048174143815,25.645105969612807,21.520531410770623,-0.07850348144027096,0.5864858108370069,-0.4438297346961786,1935.6159434936217,0.00021662065396466,276.28756190234986
89.43294838518952,23.010048174143815,25.817137407059246,20.388235770035458,-0.003571976608365484,0.5407541364474906,-0.443249936625841,1941.5966241838325,0.00021669701611084466,276.1744083310475
89.48294838518952,23.010048174143815,25.91270719783006,21.446023635491283,0.04614482948641915,0.5688467928867916,-0.44597945364734626,1939.7948211953533,0.00021007296650124295,276.2021961379358
89.53294838518953,23.010048174143815,25.99905974711758,21.893095740721694,0.10707702446152788,0.5888969706880312,-0.47039507199914105,1939.5383892680786,0.0002044270313598454,276.274230040232
89.58294838518952,23.010048174143815,25.801758471999914,21.696006727162672,-0.07092454149705209,0.5741978914498864,-0.476157766089194,1944.059123985331,0.0002113057977113453,276.1397909695583
89.63294838518952,23.010048174143815,25.8071392927475,21.445812973650614,-0.12600601764957503,0.5134396866871804,-0.4778082780749933,1948.7526809322223,0.00020728941218243983,275.9655873200734
89.68294838518952,23.010048174143815,26.254244779369795,20.35857631538841,0.20493432182922597,0.4840177829248175,-0.4772986105187351,1951.722340997337,0.000191833414609361,275.9416877491874
89.73294838518952,23.010048174143815,26.22378444620218,20.219098155729405,0.1478417756221624,0.479992776535356,-0.45706242753636783,1952.7259289454994,0.00019904544721934187,275.81363938631415
89.78294838518953,23.010048174143815,26.2717741350454,20.285841533321406,0.2623806203903153,0.4562094066568772,-0.4296815689907501,1951.9032192583538,0.00021025682150432998,275.8978445926897
89.83294838518952,23.010048174143815,26.226903257847066,20.876688092357863,0.2897021362671278,0.4649560064356009,-0.4415368405584454,1948.1406049542177,0.00020003400736308259,275.8372922324259
89.88294838518952,23.010048174143815,25.697655361347103,21.276589448778733,-0.15683210319298602,0.48070567596149816,-0.4784202319659194,1941.7018153529232,0.00018731739399226917,275.6846228844952
89.93294838518952,23.010048174143815,25.609311290127298,21.681977630692288,-0.04284991479840014,0.4776531911373295,-0.4952638056335022,1938.8937355084518,0.00018932368984002877,275.8396628395071
89.98294838518952,23.010048174143815,25.360909568295984,21.449277748855238,-0.07510964041174523,0.4514177556363578,-0.4830211690608447,1941.3583118435672,0.00019850853369732322,275.80009883591777
90.03294838518953,23.010048174143815,25.358393777752397,21.441610960877437,0.0684614607094957,0.45475699079889403,-0.48666390265957193,1944.2168925447468,0.00020432797603272385,275.7970225179859
90.08294838518952,23.010048174143815,25.18569912519227,21.187690402514573,-0.058086423799501054,0.444749015065345,-0.4847200670963685,1945.0416796431616,0.00019944224423465632,275.88152831905734
90.13294838518952,23.010048174143815,24.91348648607619,20.81690072793782,-0.4254875663470064,0.44897071951633694,-0.470115991027026,1950.4582325294273,0.0001968116161007367,275.94913938283315
90.18294838518952,23.010048174143815,25.469717127901212,20.883351062177848,-0.058222093658783364,0.41833891924514266,-0.4266356209867543,1955.8498581620704,0.00021361409408974562,275.71692624129963
90.23294838518952,23.010048174143815,26.24171245039203,19.839506850654022,0.49445539210859796,0.3733613610810594,-0.39246005798291794,1961.3474652524992,0.00020526137519123776,275.6605748729044
90.28294838518953,23.010048174143815,26.171502106973243,19.55532913137106,0.321941909006266,0.3731003740904073,-0.3844262223214288,1964.5599845878453,0.0002007803606948223,275.63228832739975
90.33294838518952,23.010048174143815,25.509000775913456,19.990139507745344,-0.33848088544661853,0.37706271774619854,-0.38214099265753915,1961.940814658752,0.00020458082885336512,275.5830208604332
90.38294838518952,23.010048174143815,25.531840559142314,19.938551865288566,-0.23841587999461128,0.3636662730032229,-0.3897800669568251,1962.7326498246844,0.0002090734959241955,275.53978288800477
90.43294838518952,23.010048174143815,25.71820961506057,19.96870260865334,-0.024178691318739193,0.3676303421886894,-0.38552712205379014,1965.8056242751393,0.000203666489495579,275.55309481218916
90.48294838518952,23.010048174143815,25.825241038082147,20.430727839546147,0.03116555759068839,0.3845773385508823,-0.3754942781274881,1968.5415176910697,0.0002061163668583761,275.6257040996556
90.53294838518953,23.010048174143815,25.972339803226205,20.329700035448745,0.16702713725159235,0.41722171944123265,-0.3975966227027033,1967.2567395186286,0.00019219281056125697,275.7836220594895
90.68294838518952,23.010048174143815,25.352311077040476,20.254852240467812,0.1506477059833975,0.3245369150360518,-0.45055927182430466,1954.7914619202918,0.00021168120283526513,275.85632630762257
90.73294838518952,23.010048174143815,25.136097025886606,19.635595791577604,-0.010091673144740127,0.35192727835572546,-0.4488207089808174,1953.648113043727,0.00020789622293992556,275.84350250091114
90.78294838518953,23.010048174143815,24.749457185043553,19.279612900444874,-0.29996658772575907,0.3455987848339024,-0.429027108041423,1952.2537001290848,0.00021967440599462247,275.80255113676594
90.83294838518952,23.010048174143815,24.724494655854325,19.518086057469823,-0.2329472654615729,0.3521303496517113,-0.4434966357160011,1950.132319912254,0.00022061815781137083,275.59926411164537
90.88294838518952,23.010048174143815,24.76504793187536,19.704344343113373,-0.216530920651804,0.334387355513355,-0.44369757622663336,1951.8247968941682,0.0002139134115440445,275.5893046801717
90.93294838518952,23.010048174143815,24.968736508134374,19.73256302676941,-0.06763743000437326,0.31913942822075514,-0.4479151240763857,1951.4325104180512,0.00021214947880724208,275.7747753773052
90.98294838518952,23.010048174143815,24.875997405685855,19.674265091836315,-0.1982568827599834,0.3093019597354706,-0.4501158960169684,1953.5010073712501,0.0002117050582293139,275.7765990497064
91.03294838518953,23.010048174143815,24.936967761298938,19.893119124976334,-0.1729824894686905,0.30441985454777715,-0.4515399723434776,1952.4324786989032,0.00021896385604720596,275.6945287848313
91.08294838518952,23.010048174143815,24.898971861373514,20.27024926995931,-0.29451847165445366,0.3133620637828745,-0.4497463805985949,1952.3875087461902,0.00020956563861660482,275.7424138607179
91.13294838518952,23.010048174143815,25.039022149843632,20.537114331162467,-0.31205398204464646,0.3041545976183631,-0.453157776952187,1952.2566507578927,0.00020240042183778537,275.67867562216634
91.18294838518952,23.010048174143815,25.573021395447398,20.758184500496245,0.05221539175504622,0.2822210545073384,-0.4603396421441778,1953.4186477491635,0.0002053275003595688,275.68059953753055
91.23294838518952,23.010048174143815,25.769752630183888,20.43478667869324,0.11783930171466134,0.29001534056258543,-0.4733989014330187,1953.0592061073467,0.00020212866258337696,275.4777880809076
91.28294838518953,23.010048174143815,25.63946725771377,20.375541492417256,-0.20452775050426872,0.28074400551192324,-0.4720538055989017,1952.018545743832,0.0001989355211924218,275.2213537571489
91.33294838518952,23.010048174143815,25.780634541704543,20.253906704668125,-0.21510801708129434,0.2780194333042096,-0.4597975883748126,1953.1433223566212,0.0002057879835696449,275.17753915858725
91.38294838518952,23.010048174143815,26.67221068267462,20.45030708277004,0.5927707434707433,0.273473940081165,-0.4349595348803577,1953.6937362755305,0.00019896063303294839,275.0192032012742
91.43294838518952,23.010048174143815,26.21727260840565,20.07094012962836,-0.007297781389651482,0.24766503570153334,-0.4426072419905999,1951.1776476917144,0.00019875218418528826,275.0424565879865
91.48294838518952,23.010048174143815,25.864810036339257,19.986309247306902,-0.39604586339471054,0.23676149588997053,-0.45460862429933463,1950.4795792681766,0.00021188136680721337,274.99900626280026
91.53294838518953,23.010048174143815,26.707849714333538,19.57818929276446,0.5282250193936064,0.2464105018802757,-0.44951756803711806,1949.7087308355242,0.0002049431695985923,274.89128587297813
91.78294838518953,23.010048174143815,25.651319987524303,19.02462676607286,-0.26032579530858546,0.2227730759227862,-0.5196597632407651,1933.9361055050715,0.00019088608957267767,274.8945578277878
91.83294838518952,23.010048174143815,25.648046808200604,18.885987741625165,-0.2942993246214019,0.21496213591881083,-0.5122025730540585,1933.9796693067012,0.00018734995580543505,274.8483233873768
91.88294838518952,23.010048174143815,26.181332333795265,18.982282131182796,0.18960125131996913,0.2143463945463339,-0.493815280097895,1936.1048345767833,0.0001892923432490911,274.7087311087253
91.93294838518952,23.010048174143815,25.95847382559815,19.40868148387511,-0.014374453202680743,0.2153073248895673,-0.4957012614506782,1934.4187721158094,0.00017909681793516915,274.57210490959284
91.98294838518952,23.010048174143815,25.799583301390317,19.578842104213177,0.041228513676262755,0.20238906468040152,-0.48829592577467207,1931.8798115769507,0.00017925634642073835,274.594653670557
92.03294838518953,23.010048174143815,25.92940067579182,19.319746014340854,0.43374026687548844,0.20015005113909107,-0.4767136052922788,1930.0755187275715,0.00018774509156051008,274.5936982516701
92.08294838518952,23.010048174143815,25.100194540696492,19.716013226408656,-0.24568236654961778,0.17501571057684173,-0.4762993147911824,1928.7953481344516,0.00018699349054845336,274.3853849247019
92.13294838518952,23.010048174143815,25.301585267449592,20.02444767065958,0.01916440401876491,0.1747703159652182,-0.47645101374465776,1926.5926754250709,0.00019074870601976332,274.51486237447136
92.18294838518952,23.010048174143815,25.34189787539165,21.232850829387704,0.0913247769469218,0.1978552908215518,-0.48850963039979844,1921.630864639313,0.00018820532039460477,274.7053417844023
92.28294838518953,23.010048174143815,25.301133793105507,19.910120484120256,0.14241620560509993,0.1762061143836476,-0.5281843231597253,1920.1037208167136,0.00018009640271293044,274.6940560583424
92.33294838518952,23.010048174143815,24.936894491738784,19.76736930674737,-0.049365440853888116,0.163822934304621,-0.525738189398283,1915.4129089493617,0.00016928084103862647,274.4363555162326
92.38294838518952,23.010048174143815,25.31417105343919,19.010612410764352,0.5386330692068884,0.18837194046933284,-0.4960298890018906,1914.4592990478397,0.0001822389123391226,274.2549435870719
88.88294838518952,22.960048174143814,25.63807607968193,20.79504322878247,-0.28638165660164727,0.6227051610607182,-0.43161822367806857,1947.4884729054095,0.00022253163371480355,275.9068402343566
88.93294838518952,22.960048174143814,25.72966308931438,20.965857592786634,-0.11701243521701747,0.6345223610474697,-0.4218709261144539,1947.2776026881386,0.00022725785842352922,275.91612673994774
88.98294838518952,22.960048174143814,25.689335569836135,20.544376747627272,-0.15525487388419187,0.589382721755978,-0.41196208088224795,1949.3483583949162,0.0002273930021761735,276.03951485010555
89.03294838518953,22.960048174143814,25.88220764234644,20.976707289706543,0.07214443572885643,0.6053035660183633,-0.4118282387579941,1948.6940540639375,0.00022812696376857403,276.1365664846776
89.08294838518952,22.960048174143814,25.92127320306549,20.92732873764113,0.20306533444565844,0.6133089255546116,-0.41761886998096603,1947.3347424214617,0.00022867624142105294,276.1404911735066
89.13294838518952,22.960048174143814,25.424610264388747,21.115181404128325,-0.23811851027994269,0.607289598755045,-0.41288725789605224,1946.236048538704,0.0002171459940184486,276.053294604671
89.18294838518952,22.960048174143814,25.431654041200574,20.989437830413202,-0.20309941682691224,0.5933250629899013,-0.4160436654078704,1944.086459864841,0.0002144304340385736,275.88814519727543
89.23294838518952,22.960048174143814,25.659600037987584,21.302612083034557,0.017911955430778097,0.6031796451560344,-0.4398732761899437,1938.1106894801521,0.00020585319945454967,275.9189887209693
89.28294838518953,22.960048174143814,25.512585923997932,22.48896456571694,-0.1405445041606582,0.6492393809535902,-0.4398569432395025,1928.5393377963974,0.0002119420876429102,276.0473540066339
89.33294838518952,22.960048174143814,25.38087918812794,22.346004717030834,-0.25562539125500944,0.6543343281411074,-0.44471883923243444,1922.9045692553234,0.00021586032670914586,276.07806448218736
89.38294838518952,22.960048174143814,25.4144676793147,22.11436624257355,-0.193912868968386,0.6519988925688822,-0.456454984984013,1927.564340956054,0.00021683012372013865,276.1374215678768
89.43294838518952,22.960048174143814,25.495414206092754,21.991949326368008,-0.16229463661106097,0.6287911739391914,-0.45762858474574014,1933.2329900216753,0.00021469541492260663,276.12475591070375
89.48294838518952,22.960048174143814,25.79957020967347,21.196607151176366,0.0444046209554768,0.5425167596787136,-0.4543573714705232,1937.712073882027,0.00020784210582698882,276.1268064643811
89.53294838518953,22.960048174143814,25.75591138223468,22.20490590082099,-0.04919408023621289,0.574197943471337,-0.47733217367292097,1938.811307465857,0.00019775629953587697,276.11875006166844
89.58294838518952,22.960048174143814,25.873963174284903,21.860899558439492,0.014519376340589883,0.5499724841751251,-0.4899432805617617,1942.070572558186,0.0002053020753795711,276.0274284379764
89.63294838518952,22.960048174143814,25.878520626305917,21.43949802307294,0.028625957979761966,0.5098213706127968,-0.5014961697103597,1947.6673776534026,0.00020573891053251523,275.90357081665366
89.68294838518952,22.960048174143814,25.68371489654707,20.520557112744708,-0.20191303039092173,0.5104473979891363,-0.4788072514863329,1949.8000658329775,0.00020243026586808235,275.8015863824298
89.73294838518952,22.960048174143814,25.741217523840756,20.28199309177276,-0.1488565837740423,0.4975148176120351,-0.45521005265032394,1950.0445153427074,0.00020504223469177123,275.63662950610984
89.78294838518953,22.960048174143814,25.863886564932,20.60350218085295,0.03455053950166733,0.4891682876647497,-0.4447581963777139,1949.8125722640125,0.00021524861514332581,275.6073524524967
89.83294838518952,22.960048174143814,25.888504029130427,20.570648107102826,0.13089050124500534,0.4619573187514675,-0.4606637685134708,1947.4046515386578,0.00019751575471351677,275.60933012867554
89.88294838518952,22.960048174143814,25.548531682540904,20.820671468317965,-0.10769256273164828,0.4538947481276788,-0.5005333154142496,1940.777726472014,0.00018514570751378663,275.57674161413837
89.93294838518952,22.960048174143814,25.29407398620814,21.362063619299075,-0.1919814743961073,0.4680435921923563,-0.5109518677593795,1935.8662807599849,0.0001981578814552409,275.6057228543069
89.98294838518952,22.960048174143814,24.994101337199375,21.28530007435544,-0.3194268008340431,0.4644267763974205,-0.5034128376292196,1937.9114496615775,0.00019711298907506246,275.56787633429366
90.03294838518953,22.960048174143814,25.404778400557625,21.725168890726454,0.22876196799336443,0.45010800078229546,-0.5032219540618249,1940.1972112998535,0.00019622766118163255,275.6383306651025
90.08294838518952,22.960048174143814,24.938455808204687,21.03967861511752,-0.22585819095944498,0.43159557602946746,-0.5011591087306143,1942.3500198548409,0.00019589256522661906,275.8899777017259
90.13294838518952,22.960048174143814,24.90775240810602,20.82256147527639,-0.3626892375239777,0.4248933094702974,-0.48051013458853686,1948.3176652959612,0.00020693572299644003,275.7500781889795
90.18294838518952,22.960048174143814,25.214055343849015,20.445088075904447,-0.2795313462836516,0.38920142143826003,-0.44599363718274565,1953.7347049905998,0.00021354976079829952,275.62424925331095
90.23294838518952,22.960048174143814,25.696194397498438,20.357254481360005,0.03188071800012201,0.381981755610553,-0.41162325610651485,1957.7938523766907,0.00020799582998352696,275.5573434588987
90.28294838518953,22.960048174143814,25.783120936649567,20.08244039906552,0.0703912446658966,0.37301407342564064,-0.39824026124270495,1962.219842066301,0.00019765318828097867,275.4776749046941
90.33294838518952,22.960048174143814,25.649660260346987,19.87062045040405,-0.025745019159389176,0.3723800557653749,-0.38720926465058103,1963.050412610709,0.0002050815778074471,275.38593341778034
90.38294838518952,22.960048174143814,25.546207603090227,19.98138221377074,-0.129959044523562,0.3833164293004284,-0.3863552751133232,1962.8879461449103,0.0002124110969517173,275.39659023164046
90.43294838518952,22.960048174143814,25.819424697926465,19.83065417506453,0.08368127687899306,0.3604211873542836,-0.4055296242892447,1964.2266923937277,0.00020136747636525175,275.5270863344394
90.48294838518952,22.960048174143814,25.79845683514812,20.42911171277997,0.054076255847815925,0.36148716847609186,-0.3915378902814211,1963.916296927206,0.00019821720168602367,275.52923391504595
90.53294838518953,22.960048174143814,25.888870603846964,20.469653012518176,0.1561269239067749,0.36528709261865716,-0.393890231351169,1961.32794571904,0.00020783113843308898,275.5554374498121
90.68294838518952,22.960048174143814,25.722264994657277,19.797571461130342,0.4281216465187071,0.3231894471352932,-0.43328716434221887,1959.7932459098176,0.0002030930188583504,275.81515054411284
90.73294838518952,22.960048174143814,25.30633068241111,19.834706147811165,0.07838299722982142,0.3313583685028133,-0.4428525530475652,1957.6793789082508,0.00020132171619424892,275.6156177307055
90.78294838518953,22.960048174143814,24.936854846103863,19.489618728591914,-0.2980612912462865,0.34046039639403664,-0.433383865061187,1956.931240791504,0.0002024224000503895,275.50944128910004
90.83294838518952,22.960048174143814,25.193826600921028,19.877375702904367,-0.06737894474494796,0.3363861271410999,-0.42216199709781643,1955.8125636738682,0.00021664066491001497,275.48290213329614
90.88294838518952,22.960048174143814,25.22603051723523,19.955160427640543,-0.08238472482824147,0.32353322656532146,-0.42023185632140364,1955.0631816745274,0.00020889351452706788,275.426993304774
90.93294838518952,22.960048174143814,25.634647526996705,20.077831759379517,0.3052420709675184,0.3055184095633462,-0.4333027137318023,1953.1683853455704,0.00021766165725573778,275.52954687406526
90.98294838518952,22.960048174143814,25.068314487240762,19.678949667929935,-0.1804740943861226,0.298359030321053,-0.4433606226393173,1953.450326657047,0.00021850591142903557,275.67282926816983
91.03294838518953,22.960048174143814,24.990984944112654,19.866088652382967,-0.17432499641616087,0.3179607397535318,-0.44046005574309505,1951.8763602015931,0.00021857282307463354,275.53890652310906
91.08294838518952,22.960048174143814,25.161289888479825,20.236746191123775,0.020078065133055805,0.31622363804873305,-0.44284797755289523,1952.123949918244,0.0002108265221325393,275.5530368192034
91.13294838518952,22.960048174143814,25.462024193706643,20.376246159835432,0.19161262035574642,0.29007198979404775,-0.44674792017157106,1952.6536787351863,0.00020270821799721206,275.43873323317933
91.18294838518952,22.960048174143814,25.501499478179486,20.507305803239262,0.07042532432850211,0.2841510300397347,-0.4522070651350199,1952.7555788583452,0.00020609844545257757,275.48358544595885
91.23294838518952,22.960048174143814,25.90321784260249,20.483219777919082,0.3234335313304439,0.28286600623621144,-0.45101577042685154,1950.9556270854428,0.00019487841448511062,275.36856606522855
91.28294838518953,22.960048174143814,25.86830478515222,20.300815534317497,0.03779289612164878,0.27821183961517953,-0.4550334862395515,1950.8877881739877,0.00019859438281684343,275.1459895109455
91.33294838518952,22.960048174143814,26.018979398033835,20.12233740869327,-0.00456365402852507,0.2760042265932239,-0.44164895169237345,1952.008097043592,0.0001950880094840328,275.11712543204874
91.38294838518952,22.960048174143814,26.07119916387245,19.899715383500077,-0.021862946563102014,0.26423168516421136,-0.4439759730807999,1951.2209365996528,0.00021282752893493452,275.0302002086505
91.43294838518952,22.960048174143814,26.124386414683332,20.000794614274124,-0.015490249248487553,0.2494147244253273,-0.46068882093689406,1949.3787903644698,0.00021462599609479858,274.94681168848484
91.48294838518952,22.960048174143814,26.098075150564394,19.954591472760658,-0.0955044612707535,0.24305163707312974,-0.45889269476122097,1949.546330251362,0.00021006479980965,274.95486356155396
91.53294838518953,22.960048174143814,26.47381503805157,20.04910591893417,0.2735728166129024,0.2589650218652258,-0.4453179050096171,1949.3742206792845,0.0002116314725903139,274.95611617592976
91.58294838518952,22.960048174143814,26.5563189210861,19.788282199366435,0.33428814667126333,0.25139963382714825,-0.43704505772500485,1946.75384784552,0.00020075687605849632,274.81624285134126
91.63294838518952,22.960048174143814,26.29790859844723,19.629783616871837,0.11964915843609081,0.23477093937055554,-0.46171048881252214,1943.021225406036,0.0002037223029217114,274.84127383431286
91.68294838518952,22.960048174143814,26.017714636950316,19.425175911024045,-0.08043818781140208,0.2320428581277308,-0.4582910976113564,1941.39153150279,0.00020545683637706425,274.82503932902154
91.73294838518952,22.960048174143814,25.967683221017793,19.188431451628787,-0.08822741307064512,0.23605108305270056,-0.47828729818698495,1938.152706395148,0.00020658517345493327,274.82245997225243
91.78294838518953,22.960048174143814,26.004424811614165,18.76492861231608,-0.09980626526375666,0.2257286728320884,-0.500881379985302,1934.839551356778,0.00020075701892094264,274.7857694222747
91.83294838518952,22.960048174143814,26.34611909370416,18.860950058972925,0.1732033283067765,0.21624521883033737,-0.49331288261167616,1936.2992578296191,0.00019650922766955352,274.7224569104658
91.88294838518952,22.960048174143814,26.377386753493962,18.94052706825261,0.2071553164771687,0.22108044811491046,-0.4863708857377064,1937.4389098785643,0.0002007393378306438,274.65444527735247
91.93294838518952,22.960048174143814,26.107409510461068,19.29662928562242,0.04949647818816821,0.21551883105118333,-0.49562674744869506,1935.884151213665,0.00018958975185824674,274.5408085661886
91.98294838518952,22.960048174143814,25.308395235888252,19.883898518926664,-0.42314637135531696,0.20522466195049005,-0.500682754215255,1930.9603473070179,0.00017706829595337255,274.53488964407427
92.03294838518953,22.960048174143814,25.26515459223204,19.886955727889575,-0.13001042961764264,0.1951606500931547,-0.49515270556241325,1926.7346895712947,0.00018229197362783372,274.61488061844454
92.08294838518952,22.960048174143814,25.10032100570925,19.699353558084248,-0.13612812462519563,0.18050464306299516,-0.5026994919216015,1925.2607236072956,0.0001790316567987584,274.38091591325235
92.13294838518952,22.960048174143814,24.904464981639112,20.285650354051608,-0.2880182039884154,0.18804340215862553,-0.5058825594961748,1923.1455470537082,0.00018188406816053754,274.44633130540177
92.18294838518952,22.960048174143814,25.307682184503843,21.701312748513587,0.08090139412300994,0.19535868663289513,-0.4944325731447687,1913.5098185201582,0.00018935499388461169,274.64767509297815
92.28294838518953,22.960048174143814,25.3780202509353,19.842140979440902,0.3421923735922364,0.17900265767590046,-0.5267316951267655,1920.4281814072638,0.00017918339924621028,274.699260312158
92.33294838518952,22.960048174143814,24.336266574036582,20.127743212205186,-0.5453324598860347,0.15817505954432082,-0.5339259717935692,1914.1935033293287,0.00016795853228614862,274.55928243820256
92.38294838518952,22.960048174143814,25.13259082248913,19.659597414002718,0.40123701195884287,0.1600483193029101,-0.5073647781058706,1913.3714597133157,0.00016427976674958684,274.3055464679587
88.93294838518952,22.910048174143814,25.897454853373517,20.844889606237945,-0.10618961082021894,0.6370516997055844,-0.4205347925395629,1949.2974348279774,0.00022605489221660282,275.78675618210366
88.98294838518952,22.910048174143814,25.784511451932325,20.57478267182521,-0.19237984472205502,0.6148681060673543,-0.4184680110944327,1950.1403718455517,0.00021700138266386428,275.90465295310224
89.03294838518953,22.910048174143814,25.82011752199716,20.78328436104932,-0.06159721517147423,0.6080075950828002,-0.43019088408029926,1949.1531123507093,0.00022260493068841284,275.90520148059755
89.08294838518952,22.910048174143814,25.7799309690482,20.71267809375628,0.00917690511338659,0.5852950676961697,-0.44097937592908315,1947.982326514999,0.000216343764538418,275.99901701344226
89.13294838518952,22.910048174143814,25.74559962361016,20.671491494303293,-0.002241365432860718,0.5853478770179269,-0.43163472507605105,1947.9632855098384,0.00021335123084355144,275.9246184587916
89.18294838518952,22.910048174143814,25.69232296897195,20.922922173846302,-0.05495674528478114,0.6041925320311535,-0.42512331187809554,1945.4289826066915,0.00020566596410320775,275.94165244415274
89.23294838518952,22.910048174143814,25.976065088314723,21.813435622325805,0.24023744988204074,0.6237258075292325,-0.4306350041803253,1940.1781372839364,0.0002054059206162908,275.9620052359088
89.28294838518953,22.910048174143814,25.84551475998322,22.420006530652977,0.13796348915597445,0.6484547185465435,-0.42281138370031357,1930.339135945996,0.00020384618382103602,276.0437556757532
89.33294838518952,22.910048174143814,25.528307941650645,22.446096911977776,-0.09853309801980531,0.6674462703815454,-0.43032729306964057,1924.3901051863206,0.00020918565939930358,275.96840029015993
89.38294838518952,22.910048174143814,25.607719848706388,22.062698102748545,0.014265179673923626,0.6306889525870423,-0.47179012259794495,1925.0455901301655,0.0002150100351034926,276.08094782058197
89.43294838518952,22.910048174143814,25.313870579473434,22.59115733316733,-0.3623514316834383,0.6478868877710978,-0.48255672687115303,1928.7745026727507,0.00020720138052131914,276.1558108597828
89.48294838518952,22.910048174143814,25.810208373879956,21.847228838962714,0.0420972938451263,0.5777923451604962,-0.4479578156155829,1938.989609208227,0.00020882337956526771,276.0980844799758
89.53294838518953,22.910048174143814,25.939861138548075,21.705492253469806,0.0910564721952988,0.5405721759721283,-0.4435208213138699,1943.0111160439428,0.000208604348971238,276.0497748209066
89.58294838518952,22.910048174143814,25.725845673860167,21.832374286553947,-0.12033115176498933,0.5234709697163468,-0.47736155595557656,1941.4177547162635,0.00019937879720081502,275.97892604185364
89.63294838518952,22.910048174143814,25.652042684856955,21.213549198292284,-0.1257083289692262,0.5243109955622774,-0.501161762803884,1943.7937606194082,0.00019680425721194415,275.85186012416506
89.68294838518952,22.910048174143814,25.662037768405096,21.013028938742437,-0.04789325523866392,0.5285651224270769,-0.4892672283482604,1944.9346471249978,0.00019710448703276568,275.8266784642538
89.73294838518952,22.910048174143814,25.643914952567137,21.017552403755552,-0.05518234126445981,0.517770630875376,-0.4791921733174741,1944.459586446985,0.00018843704807760352,275.77904357910995
89.78294838518953,22.910048174143814,25.41800857020267,21.185958567122224,-0.2958090817216465,0.5061912962659335,-0.48186635073164563,1944.1710434331746,0.00020079785610531295,275.67525059327045
89.83294838518952,22.910048174143814,26.000091518639927,20.61000007015182,0.3463775916368612,0.45799115352864295,-0.48315972869046114,1944.42510079662,0.00019110794719618464,275.67681838746824
89.88294838518952,22.910048174143814,25.777423193421544,20.632477150767013,0.22709921220660292,0.46197115744118644,-0.5071897954545497,1942.5618069347452,0.00019868442643960178,275.6858928331809
89.93294838518952,22.910048174143814,25.21416866852721,21.51854256173909,-0.2159424991355869,0.5043029051895206,-0.5216773942765386,1936.3720411639451,0.00019973700884606168,275.6440844746202
89.98294838518952,22.910048174143814,25.373884474856506,21.67023281116046,0.11885166835942292,0.49173945516045425,-0.5152189670263986,1936.4643255398712,0.000202240449408353,275.5388441252645
90.03294838518953,22.910048174143814,25.33388926438686,21.92440330269289,0.20089395673854946,0.4481467100929152,-0.5064363262784408,1938.0387643410568,0.0001988959579578871,275.5507245645739
90.08294838518952,22.910048174143814,25.13410892237459,21.392845768054237,0.00015871907274694961,0.4512098430412916,-0.4909611568800164,1939.4092128526634,0.00019845126395852297,275.7359070124294
90.13294838518952,22.910048174143814,25.280158135348184,21.421374567611075,0.06488108828112255,0.4352454010855663,-0.47293439207996213,1944.4439275221646,0.00019838983091505515,275.75107149262317
90.18294838518952,22.910048174143814,25.650834959405884,21.0583745645503,0.2783209859068102,0.40446856469310744,-0.44446401598103447,1951.2828994003028,0.00020432191322168462,275.6530653490701
90.23294838518952,22.910048174143814,25.579721507409257,20.67864957737738,0.050660209324144154,0.37722458080932125,-0.4201811379160495,1956.6790754153528,0.00020099750990848424,275.4471194566019
90.28294838518953,22.910048174143814,25.623277548054453,20.256250654406283,0.023790384544944972,0.36832126231500945,-0.4215943333135541,1961.5170237180632,0.0001946747572199195,275.39274121175055
90.33294838518952,22.910048174143814,25.803352574044727,19.711735474618905,0.1488066158480384,0.3620046642319259,-0.41795617477188296,1961.3099802073086,0.0002004776382021519,275.3887648729492
90.38294838518952,22.910048174143814,25.438088388394785,20.005654707457712,-0.27853280976583755,0.37438609548271856,-0.40444009006610837,1959.54760570049,0.00020818473932437693,275.3323815810304
90.43294838518952,22.910048174143814,25.762389819112233,19.965339458380846,0.034170741440765505,0.3579850121693844,-0.41928426292693893,1960.03362594234,0.00019520289848365359,275.4793722066492
90.48294838518952,22.910048174143814,25.620444643066364,20.374886793631774,-0.08727828618110278,0.3526276731260302,-0.39726790996164285,1958.5860876125564,0.0001936802356407663,275.4559000854881
90.53294838518953,22.910048174143814,25.30634675366028,21.14376102047618,-0.3327785268671564,0.38212451392082836,-0.3686057044494946,1956.0128395978288,0.00020149459197175312,275.33451057096744
90.73294838518952,22.910048174143814,25.845250988797165,19.47677829045326,0.3978295155136507,0.3477004966687693,-0.4231462208725684,1963.5302116808764,0.00020185747502824341,275.6060010914097
90.78294838518953,22.910048174143814,25.89153265595761,19.964698828591466,0.41307900421647825,0.34335875930219945,-0.43106548306866244,1962.6129882113285,0.000203910713490529,275.5536124299962
90.83294838518952,22.910048174143814,25.828929581142994,20.211029347035257,0.244953198828282,0.33470722566953787,-0.41521165499428603,1958.9834141937297,0.00021460380500488993,275.44695389621023
90.88294838518952,22.910048174143814,25.5080607761128,20.145667485757755,-0.1612156500623013,0.31520734665057215,-0.41860590187299546,1957.5589444150385,0.00021234238984668027,275.4325058213591
90.93294838518952,22.910048174143814,25.93473695136678,20.162124787363847,0.3324675608710729,0.30107015242350543,-0.42694745338935475,1956.133599162335,0.00021088278607543328,275.4474802418777
90.98294838518952,22.910048174143814,25.383161067211617,20.023478284181383,-0.08155602458256092,0.3141203443536889,-0.44083317301461694,1953.921731170418,0.000208837484231901,275.5375130050876
91.03294838518953,22.910048174143814,24.9848225164137,20.085168216390496,-0.3426220858858419,0.3324209123902513,-0.43045073153909674,1952.269195455075,0.00021027939366666758,275.4064513439527
91.08294838518952,22.910048174143814,25.138987662385205,20.26605014904755,-0.0839182861568149,0.3094317963453763,-0.42352155238102385,1951.4002055773838,0.00020989681077797264,275.3526797408915
91.13294838518952,22.910048174143814,24.91189320713521,20.582753851894356,-0.4051906440459752,0.30643025496939513,-0.4302624218976905,1950.571219897367,0.0002194320602052007,275.3655429489016
91.18294838518952,22.910048174143814,24.93721107974779,20.581996000971827,-0.5349077857003028,0.2994396915989908,-0.4470750015927404,1949.6122724597299,0.00021803414311627928,275.44502424482476
91.23294838518952,22.910048174143814,25.795311256732113,20.577659163329283,0.17225603508654808,0.2756768311112668,-0.44549690472351494,1949.0193820285397,0.00020241108651682904,275.32682761348866
91.28294838518953,22.910048174143814,26.038776044554588,20.24028938467458,0.18733851863213707,0.27280856836558404,-0.44281375927880123,1951.0859201178066,0.00020988768369082077,275.1322573456611
91.33294838518952,22.910048174143814,26.220838996145467,19.962059241170838,0.20553680992610374,0.27715817496198897,-0.4332664412409248,1951.4423512344622,0.00021568446002370552,275.0343296371678
91.38294838518952,22.910048174143814,26.150470866928114,19.868070936270318,0.1002594820858893,0.25566551321552994,-0.4537223457849065,1951.979781843118,0.00020291222910595328,275.03800080480266
91.43294838518952,22.910048174143814,26.012531368840726,19.552709222638114,-0.0634088863734165,0.24997914621395353,-0.4856331240498068,1950.7849645460892,0.00019906655641474148,274.9415235674982
91.48294838518952,22.910048174143814,25.93179640602116,20.193863613569427,-0.2547419931371031,0.2618572180292318,-0.4664254508648253,1949.5900383654396,0.00020385767248997557,274.94083020411387
91.53294838518953,22.910048174143814,26.334283363192707,19.846633528672537,0.10087422737063154,0.24690346322184673,-0.4240074443583625,1947.8309331074506,0.00020746952243593731,274.935285043963
91.58294838518952,22.910048174143814,26.382476436372986,19.43900113858136,0.16881326546816489,0.24394042291708445,-0.4346394382581753,1943.1565595571317,0.00019012860441196679,274.7667269828934
91.63294838518952,22.910048174143814,26.004121728269492,19.493925708449474,-0.18586658030569092,0.23101800659750413,-0.43713371114796656,1941.1597456350676,0.00020822505264225097,274.7635711929221
91.68294838518952,22.910048174143814,26.397070413743222,19.409048951240127,0.2847007031615124,0.23343095730872124,-0.44180024065822904,1941.8516021491737,0.00020291399986143062,274.81547819888743
91.73294838518952,22.910048174143814,26.41354260487022,19.125402683411565,0.24983098022815617,0.22763517325257776,-0.47652642747069024,1940.2164126976918,0.00020275470136049494,274.88679299729256
91.78294838518953,22.910048174143814,26.094010695045565,18.89852576574652,-0.17757493926178516,0.21956127662088687,-0.4987727867138975,1936.7221552343221,0.0001998353994487495,274.8153550228809
91.83294838518952,22.910048174143814,26.580702718565263,18.914670863460692,0.27540235966731696,0.21293363658572556,-0.4892548248810358,1938.0387920593923,0.00018508270746948974,274.7030995247718
91.88294838518952,22.910048174143814,26.672207449278066,18.788477692611234,0.45993596241075807,0.2182702145154969,-0.48860651024537566,1938.1410937296323,0.00018979299752356547,274.6678260033076
91.93294838518952,22.910048174143814,26.234375484958615,19.233725803386665,0.2780987674690371,0.22083207247026684,-0.4909687398647575,1935.4768964116438,0.00019871131332982667,274.570693016025
91.98294838518952,22.910048174143814,25.40301971600963,20.061656602190826,-0.20714603291272135,0.20640845227280386,-0.5110121812097712,1929.9778011921298,0.00018363825584823674,274.5296778212481
92.03294838518953,22.910048174143814,25.20414428005828,20.093259558772576,-0.0832598676453128,0.19718341327622374,-0.5092317380870869,1924.6791139239597,0.00018314138511041247,274.5305935031449
92.08294838518952,22.910048174143814,25.32580054824251,20.24223110122167,0.18132092426556862,0.1905594606635678,-0.5214991676658287,1921.2256269670218,0.00017073317031797707,274.445419174361
92.13294838518952,22.910048174143814,24.813626887655545,20.456904353927325,-0.335322310043475,0.19287600279503184,-0.5359133836315021,1915.9755688233352,0.000175137774053247,274.429238669777
92.18294838518952,22.910048174143814,24.979353180846196,21.56748226424752,-0.1735915721929296,0.1974401109781871,-0.5174553921197789,1899.9035540002712,0.0001887235713936407,274.76594135991326
92.28294838518953,22.910048174143814,24.98066402642805,20.30257609739813,0.07240923278146572,0.17025780969906346,-0.5441725721453675,1908.5869689858312,0.0001864168990388891,274.76348700758626
92.33294838518952,22.910048174143814,24.47319476732091,19.857868731258996,-0.3585456489845881,0.155431640790278,-0.5338403683506611,1914.0296695737177,0.0001761125284457788,274.53724190428596
92.38294838518952,22.910048174143814,25.244468662607378,19.923471730421525,0.4605934956889774,0.16297180477035988,-0.5046011410773301,1915.0392827078085,0.00016204849267491904,274.3448702215161
88.98294838518952,22.860048174143813,25.97044818187007,20.17182218199392,-0.16011281335206565,0.6079218006549935,-0.42470609106129525,1950.50482103972,0.00021319174915457412,275.8310109327114
89.03294838518953,22.860048174143813,25.83574369925248,20.847271023281124,-0.16950615174439956,0.5984641363521168,-0.43976827142919994,1948.7827423336498,0.0002266091574125848,275.9257905107015
89.08294838518952,22.860048174143813,26.007229287881785,21.382072591494936,0.11179483384880472,0.6133891531180704,-0.4411117393996116,1946.7454086576952,0.0002241463752083108,275.8947773614845
89.13294838518952,22.860048174143813,25.888238669542087,20.652579755697296,0.007164160168181381,0.5841252998331662,-0.43386307134535645,1947.882850503027,0.00020221117438575854,275.88044111516933
89.18294838518952,22.860048174143813,25.830347537795397,20.664013873227262,-0.06121989360634867,0.5964957665517072,-0.43406642905071197,1947.387922701053,0.00020446855797686008,275.8879495966972
89.23294838518952,22.860048174143813,25.953136328118013,21.81345956943963,0.09414240606888176,0.6350893287437,-0.4215012702848518,1943.509841404455,0.00020033306559142305,275.87017988028634
89.28294838518953,22.860048174143813,25.95767966599937,21.826781348824458,0.1703384979907369,0.6117701907114199,-0.4135900623745557,1940.8269453087112,0.0001995067500017185,275.7730734478626
89.33294838518952,22.860048174143813,25.587486753578347,21.837436959491633,-0.1420691599679159,0.6030222320001762,-0.41910816422094427,1935.834933931376,0.00020267213476297594,275.78171726542064
89.38294838518952,22.860048174143813,25.416642310039734,22.208805972316654,-0.3217512213570328,0.6251513091340776,-0.4610072370216827,1932.7803443431199,0.0002074750966567911,275.958875657528
89.43294838518952,22.860048174143813,25.980137402981054,22.901925892075923,0.10924777052268422,0.6471950008849308,-0.4713883867511936,1933.399238631648,0.00020964031419353827,275.98826142494954
89.48294838518952,22.860048174143813,25.953224456249437,22.271394872386054,-0.05644366688713543,0.611429487040244,-0.43435348646294303,1942.2511640368673,0.0002176912506837542,275.9082339650055
89.53294838518953,22.860048174143813,26.88489564902619,21.616994314553146,0.8107773904301456,0.521187929139501,-0.3934512614912534,1950.9009353436802,0.00020564953530463167,275.8467775017473
89.58294838518952,22.860048174143813,25.731101732017557,21.361635113289125,-0.2998044806894852,0.5206657089665369,-0.43997411754082866,1948.370040128527,0.0002010954483826543,275.84698308078384
89.63294838518952,22.860048174143813,25.648677907628944,21.549305501563442,-0.1882278755118696,0.5131336496838331,-0.48063887156106316,1943.823807080298,0.00019322513378413196,275.86825365966126
89.68294838518952,22.860048174143813,25.761392665132895,21.681552422254747,0.10521608776183362,0.5016639185643912,-0.48569800656446516,1937.2219162501744,0.00020118451849874294,275.7874253071819
89.73294838518952,22.860048174143813,25.660328911710852,22.242198398304097,0.05609124755186765,0.5304275060688167,-0.49251234317047143,1931.439998642817,0.0001957140150961978,275.76528829917
89.78294838518953,22.860048174143813,25.520542415728418,21.777229145815756,-0.08635254342152628,0.49235100952179384,-0.49691319762753566,1934.2182364424443,0.0002087606314535049,275.6739409522236
89.83294838518952,22.860048174143813,25.842825017339532,21.48712867108979,0.2458150976241223,0.5030835015575206,-0.49444907579631947,1938.5417028808927,0.00019979117710986936,275.72590103993315
89.88294838518952,22.860048174143813,25.7767889020097,21.24628818672214,0.2492578483344973,0.49318575549669863,-0.5027313403581497,1942.1593980950013,0.00020296000248981415,275.6751750610184
89.93294838518952,22.860048174143813,25.212786932207436,21.231864559185684,-0.2031574793993369,0.48200526489901385,-0.5087404176661712,1939.6965157460543,0.00020195705854651085,275.67539975298547
89.98294838518952,22.860048174143813,25.032408821890684,20.88541825993226,-0.21656133930806867,0.4527215326422688,-0.5142572029882608,1940.3106983464716,0.00019242199148653325,275.6200418469326
90.03294838518953,22.860048174143813,25.133192337351723,20.88713187898313,0.05270715911253438,0.4295146820265291,-0.493360719334705,1941.415315539095,0.00018647637261135516,275.49143708848374
90.08294838518952,22.860048174143813,24.971962550067808,20.68002861984717,-0.05890893204820421,0.4394838532012656,-0.47465271616838894,1942.3481596906433,0.00019329301742642554,275.59369670135357
90.13294838518952,22.860048174143813,24.826188239029378,20.547888469059423,-0.2640781143585169,0.42796177029339,-0.4488515951216977,1946.7510873277738,0.00020233831881722144,275.66035236359573
90.18294838518952,22.860048174143813,25.114862359400018,20.69282407468365,-0.11099169848250406,0.4021696496169027,-0.4221439172242277,1952.4399573817113,0.00020198943144330667,275.5732090699401
90.23294838518952,22.860048174143813,25.414450401706937,20.436737321778914,-0.025198545636300543,0.3546473191642525,-0.4105155434268971,1957.029182681218,0.0001952728067166758,275.4338955109899
90.28294838518953,22.860048174143813,25.73226700600996,20.235004430299192,0.155396832352904,0.3612717071231356,-0.4113132366692085,1961.5150669437453,0.0001838790660517879,275.35516643178147
90.33294838518952,22.860048174143813,25.803771450427064,20.018367542361595,0.12018453470876408,0.3773840762873771,-0.41857283655536626,1963.1528524356536,0.00020197373648921332,275.3949731840894
90.38294838518952,22.860048174143813,25.81969674919555,19.81499703608879,0.10652491165368858,0.376999122390607,-0.424429305500747,1961.5613155803078,0.00019556064327639784,275.3712317136618
90.43294838518952,22.860048174143813,25.832176258607383,19.752661093225175,0.19178269241056323,0.3576608796665377,-0.4136141145058984,1960.2263917118808,0.00018534557551413332,275.41415604651917
90.48294838518952,22.860048174143813,25.308986105731023,20.869047424300664,-0.2700885818431245,0.3549036920817887,-0.3896706550314763,1957.2214121695715,0.00018771356515192496,275.424436720824
90.53294838518953,22.860048174143813,25.506231432466247,20.331385895107097,0.1254157128523538,0.37021212091765915,-0.41813391738923744,1952.9681184547999,0.0001906443328364374,275.3689450160352
90.58294838518952,22.860048174143813,25.430799887227412,20.598808976338976,0.13075968820282408,0.28772872741919364,-0.3983928868561847,1943.6546362343797,0.0001943811860568911,275.48790776441473
90.78294838518953,22.860048174143813,25.614251965189084,20.05627335201414,-0.13508446948178957,0.349007203703548,-0.40880417092128274,1960.487866314639,0.00020918531988746124,275.7027389295843
90.83294838518952,22.860048174143813,25.80065858255058,20.158460109461632,-0.07599528980799965,0.35283500017068764,-0.41474695086919144,1961.8007610024933,0.0002085557507000247,275.4793253508053
90.88294838518952,22.860048174143813,26.28960789197381,20.116079260842543,0.3645799838558727,0.3147616766655231,-0.4163479313617886,1961.6819930342056,0.00020996003371441123,275.3198096129516
90.93294838518952,22.860048174143813,26.115417587674333,19.841196568091135,0.2338983131274272,0.31699544238064686,-0.4165025961825465,1958.307050841322,0.00019605238662556238,275.3822260093888
90.98294838518952,22.860048174143813,25.593551329465907,20.14434764648412,-0.1445190971432294,0.3178591900735791,-0.4288204807719696,1953.3558219607633,0.000200496320947378,275.45184993275285
91.03294838518953,22.860048174143813,25.323435529845398,20.112276477157184,-0.2552488644188881,0.32280311720536314,-0.4188178519472292,1951.663399370932,0.00020288863738285206,275.4007625465456
91.08294838518952,22.860048174143813,25.373559263769604,20.096469142627686,-0.12249848782259272,0.2993126847567137,-0.40200047755246276,1951.533415609749,0.00020813657083198762,275.3332397036102
91.13294838518952,22.860048174143813,25.30222658970173,20.483833823094514,-0.2162823396637423,0.30861732067654407,-0.4246641681157098,1949.7552155955168,0.00021981503445398084,275.3850630493178
91.18294838518952,22.860048174143813,25.110078257944917,20.610666078054315,-0.533903384294052,0.3031456957958736,-0.44783076870582283,1948.0647266064473,0.0002199192810752701,275.4382727325924
91.23294838518952,22.860048174143813,25.670488454600633,20.4903324019469,-0.12544600471475442,0.2808623476223556,-0.4375655186627374,1948.479170350977,0.00020687943362801117,275.3176708926682
91.28294838518953,22.860048174143813,25.87098595319876,20.1350205886104,-0.09785234931328056,0.27346278404924573,-0.4386633287936174,1952.1621462040373,0.00019706224496467018,275.02491357444535
91.33294838518952,22.860048174143813,25.931974029189885,19.960833366282284,-0.1399513279648534,0.2832899579850762,-0.43609709510109324,1953.044291675164,0.00020453101990628632,275.00778932570324
91.38294838518952,22.860048174143813,25.941749905979385,19.804664634158396,-0.13316210832894776,0.2551785604312086,-0.4683102113322348,1952.6023313351116,0.0002008492460918134,274.925276087242
91.43294838518952,22.860048174143813,26.0313110567156,19.921035156429458,-0.08740016520300725,0.2722367821475157,-0.48574259475730985,1949.5288654613223,0.00019788661769150288,274.9536872406842
91.48294838518952,22.860048174143813,25.938225999214744,20.57105316147155,-0.33736034630249945,0.25998328005045973,-0.4794473890711437,1947.2340285793796,0.000207962151111899,274.9173605247204
91.53294838518953,22.860048174143813,26.587396939016497,19.761467218730143,0.27589304076560783,0.24856438736223493,-0.4431449468514753,1945.0431361362944,0.00020854293371950656,274.79396442969113
91.58294838518952,22.860048174143813,25.935473044668537,19.592087317249057,-0.35568067133213455,0.2414253097825193,-0.4632556811111952,1939.9762965310492,0.00019348846239487794,274.63903708348187
91.63294838518952,22.860048174143813,25.840990214397653,19.432826342113444,-0.3612924789565011,0.23404205008373827,-0.4420674998676329,1940.16238894333,0.00020585147934977613,274.61791571969036
91.68294838518952,22.860048174143813,26.28727761606285,19.410032382827566,0.1492876706783407,0.2382026642243243,-0.423854266375582,1942.4309658768832,0.00020284803831791876,274.7099872944936
91.73294838518952,22.860048174143813,26.208097003734853,19.455573525969513,-0.01804722656040357,0.22856689573220546,-0.4362874322037679,1940.0733239971548,0.00020120643547139405,274.7793777487669
91.78294838518953,22.860048174143813,26.147130938406242,19.125854129465843,-0.15534945509759532,0.22255320306851784,-0.46091247987988065,1937.8635655710025,0.00019708021095283845,274.7495204442179
91.83294838518952,22.860048174143813,26.200309446151913,19.171601268016513,-0.13113945509940697,0.22884926209630127,-0.45990992344099074,1937.9196270749574,0.0001875642005640102,274.62322203406757
91.88294838518952,22.860048174143813,26.598205821354703,18.962670997782183,0.41775168929155987,0.22535550695861126,-0.48587848816426216,1938.5364693543613,0.0001870099539387478,274.6410317817529
91.93294838518952,22.860048174143813,26.007374060542197,19.09962411822293,0.1539158039506561,0.2196267173611991,-0.4854255323758194,1932.606230710952,0.00019313263930050662,274.49251744351466
91.98294838518952,22.860048174143813,25.015168777048526,20.244636362318918,-0.5009947554369446,0.20309501016011758,-0.5031216160807178,1927.0194496118866,0.00019029966670196488,274.47416215335676
92.03294838518953,22.860048174143813,25.354650838824814,19.6181549856103,0.11529215931749008,0.20057954279523735,-0.5028893746858308,1921.2744727810962,0.00019614112527657144,274.48411021271244
92.08294838518952,22.860048174143813,25.343796568840183,20.90699035633666,0.19421375036051336,0.21571684184033682,-0.5199140456755077,1914.8664012484815,0.00019044325498917113,274.4806692446457
92.13294838518952,22.860048174143813,24.906518064310006,20.269930698605158,-0.26067576080374827,0.19143854989650416,-0.5494738259042324,1911.0319943918885,0.00018327655472643375,274.40818135914003
92.18294838518952,22.860048174143813,24.92667748652304,21.288736951224678,-0.17828260029146828,0.18025903209084626,-0.5433944150551213,1897.96384629444,0.00018236581818332885,274.6933166259092
92.28294838518953,22.860048174143813,24.93380076387732,20.47705613961452,0.023395810473606476,0.1669844991845564,-0.5466208909666835,1895.6414062307724,0.00018916029757186449,274.68557821010194
92.33294838518952,22.860048174143813,24.655246316384297,20.053341472311235,-0.3092726060627837,0.1687415987486213,-0.5408772655035351,1912.0273752795122,0.00018764230242567607,274.5388674712265
92.38294838518952,22.860048174143813,25.396767213076828,19.903241226618054,0.423838321770564,0.17014549982680888,-0.5111530864241847,1917.228571543932,0.0001778356694997341,274.5330994033926
92.43294838518952,22.860048174143813,25.305376193212755,19.600250653584265,0.39892402261246296,0.17140795555949584,-0.5108868661753859,1916.0052929251096,0.0001686759386444561,274.38908247559596
88.98294838518952,22.810048174143816,26.185995416525994,20.57095951933086,-0.037789645657919715,0.6202950000566501,-0.4362791856550514,1948.516882880275,0.00021485409962927857,275.68350346781153
89.03294838518953,22.810048174143816,26.020838750409656,21.403431365427114,-0.06641825693893172,0.6238932462306612,-0.4364231648659483,1947.138872348833,0.00022516744654379334,275.810230329904
89.08294838518952,22.810048174143816,25.981343380465873,22.291481228540274,0.0019749174681871658,0.6386532673058125,-0.44578663280108244,1943.5099165608483,0.00022054995352870663,275.82594406448226
89.13294838518952,22.810048174143816,25.856872125870186,20.707851295654603,-0.0944273943994083,0.5838303260983602,-0.4388179337390025,1946.3509078107502,0.00020889830274330919,275.84812918751226
89.18294838518952,22.810048174143816,25.973311375307347,20.583266680626725,0.035372121649767274,0.5705538943214263,-0.4305586094022792,1947.7098735061095,0.00020970144559699454,275.8082019384732
89.23294838518952,22.810048174143816,25.918785896915796,21.671521449563087,0.022641454419819754,0.6223090709578949,-0.432714829352746,1946.1399637900386,0.00020169712299847388,275.7075882438121
89.28294838518953,22.810048174143816,25.887896903091306,21.479046654628164,0.05300247788216904,0.6151484578300359,-0.42876589437796647,1946.9691958441242,0.00019888917305275705,275.6462034922094
89.33294838518952,22.810048174143816,26.03296018025813,21.68665293546906,0.18732418472455203,0.5894883126018745,-0.4216235340099118,1942.778593279159,0.0001994747007387631,275.6909079528558
89.38294838518952,22.810048174143816,26.043243952673343,22.030707728675907,0.07888503715904291,0.5875528464348251,-0.4420821038291703,1941.3715518971542,0.00019539073536337302,275.84989367544784
89.43294838518952,22.810048174143816,26.169088160509144,22.542731540345613,-0.033204596076326066,0.5942658640124128,-0.45187365745144886,1944.126942867736,0.0001986802165338748,275.8551515604899
89.48294838518952,22.810048174143816,26.508327738847466,22.29454365911971,0.17534273767439082,0.578597998961503,-0.4278984655800927,1950.6403446623026,0.00020822766259635328,275.81503330206175
89.53294838518953,22.810048174143816,27.801402249029987,21.63875194871127,1.5228192664418636,0.49667044854660014,-0.36364235699765224,1958.1472471453465,0.00020167726309366603,275.7141541119544
89.58294838518952,22.810048174143816,27.405641504851296,21.673911589133027,1.3046906391269504,0.4751422173399308,-0.38506140266956645,1957.808125898126,0.00019595437004407646,275.7393114393213
89.63294838518952,22.810048174143816,25.739255522650296,21.056957109010938,-0.10570628223133229,0.4727989711650516,-0.4458961922834792,1949.4915212273534,0.0001912422241965291,275.72800241197206
89.68294838518952,22.810048174143816,25.34213931863844,21.409340965261794,-0.2959487951925146,0.49888779405651545,-0.47694417106608483,1937.449912611865,0.00019106247273157704,275.6956291970725
89.73294838518952,22.810048174143816,25.393534557437544,22.40173817311367,-0.12148294833576173,0.4991116594412159,-0.49136814044965443,1928.2036293677584,0.00020226027388557603,275.7371008882884
89.78294838518953,22.810048174143816,25.420811108068627,22.194557688820503,-0.0824979224791526,0.48657150030815277,-0.5020553471257085,1927.7817809505157,0.00020345888051892427,275.65889770749726
89.83294838518952,22.810048174143816,25.553085367177776,21.84477241020508,0.03263688912712252,0.5116103775994515,-0.49452567446726947,1931.7829115467716,0.00021485079578447056,275.6100263875359
89.88294838518952,22.810048174143816,25.856357152092304,21.77571020395845,0.37028921385442654,0.5165879544385391,-0.48309009021233584,1939.045088646387,0.00020787315865652918,275.4992345662599
89.93294838518952,22.810048174143816,25.53854482517699,21.125373367905627,0.12703248486980878,0.4606472048570401,-0.49750523613551545,1941.0763058218267,0.00020070201990514034,275.61169303845713
89.98294838518952,22.810048174143816,24.659191583948243,20.653679503545423,-0.5984631122727142,0.43331336909950297,-0.5042868135181917,1940.349469543557,0.00018729925727355582,275.5855333181426
90.03294838518953,22.810048174143816,24.887657172904024,20.054596022155682,-0.1367441844558318,0.406056093386919,-0.4822074927162302,1941.9941106300703,0.00018771114909112933,275.33325250582425
90.08294838518952,22.810048174143816,24.76226225629287,19.763822884588606,-0.17779764236456483,0.4002966938357082,-0.4553031656005404,1946.2023630983228,0.0001948803563512124,275.43744482086566
90.13294838518952,22.810048174143816,24.688658113528362,20.027940983208076,-0.31991856140379815,0.40533890746997947,-0.4267438331857125,1948.7135266147814,0.0002000232392103658,275.4564021740895
90.18294838518952,22.810048174143816,25.069601897763505,20.312387275582626,-0.1545810080243123,0.40297005654494183,-0.40287860073063886,1952.5643061296294,0.00019725118402886616,275.3680717577183
90.23294838518952,22.810048174143816,25.392278704940534,20.37052430519501,-0.07461189377439104,0.37687364803190665,-0.3980460112960411,1956.3276665582523,0.0001974849354144416,275.395863759847
90.28294838518953,22.810048174143816,25.709755526221105,20.6984858660982,0.060894337084074907,0.3776816029107487,-0.4116588965038947,1958.8278252215305,0.0001934399161690821,275.3969079994734
90.33294838518952,22.810048174143816,25.562523828324366,20.186560016084453,-0.15398375176466148,0.3736974447747252,-0.4176208343760285,1962.8425552071699,0.00019538716026800128,275.3061135981465
90.38294838518952,22.810048174143816,25.787492115275143,20.205711951492894,0.12810027584688477,0.3779652517999518,-0.40442925422908793,1961.9412420422086,0.0001927614208814941,275.3519469634956
90.43294838518952,22.810048174143816,25.58413677774692,20.35034700585078,0.026178650413726728,0.3701938732185033,-0.3944015461432615,1956.5273920134086,0.00020371188599903488,275.3893356307306
90.53294838518953,22.810048174143816,25.19305188587146,20.510666408985976,-0.05358356041959609,0.35248929837375526,-0.4154683234415523,1947.0478089200526,0.0002006046629962546,275.46021305571674
90.58294838518952,22.810048174143816,25.241094225571825,20.73723006898633,-0.04042855191018035,0.28566370481665343,-0.40106758390444036,1937.637166546288,0.00020441967165348121,275.37073632974625
90.83294838518952,22.810048174143816,26.09189366709614,20.116868165744282,-0.0008822876927658255,0.30906067279897825,-0.4021342763608977,1957.5998515268411,0.0002013315507625232,275.50467422755645
90.88294838518952,22.810048174143816,26.376537863528895,19.88722052213444,0.22003943586729774,0.32330500529441697,-0.4158497126492173,1963.2220544358547,0.00020214098858651228,275.2889472678838
90.93294838518952,22.810048174143816,26.224151216558557,20.0177917109598,0.09994850116972963,0.3147069893290934,-0.41056049988371424,1959.9486757946381,0.00019981324608650604,275.2351470575153
90.98294838518952,22.810048174143816,26.076861368083485,20.35104131386844,0.04366103697823563,0.3206685434094637,-0.4146967152715127,1955.8598892863918,0.00019452697210343758,275.4030643167445
91.03294838518953,22.810048174143816,26.04978490898083,20.15581566517704,0.09714916482373578,0.31090564042917407,-0.41411064501578504,1954.9460355045012,0.00019875906963802144,275.23873605520515
91.08294838518952,22.810048174143816,25.971857273757113,20.301123169812996,0.12960967770362664,0.30123007510662064,-0.41391881724438373,1953.3061272529606,0.00020122944544494995,275.2324873003823
91.13294838518952,22.810048174143816,26.038364065179508,20.81005665718325,0.22397829437465214,0.30277749889395145,-0.4207504480790526,1951.037994987834,0.0002064277992750254,275.312071106488
91.18294838518952,22.810048174143816,25.840327493450623,20.55514409357013,-0.03678450915333893,0.2967014586804368,-0.43146665562747505,1950.0286033861898,0.00021119539547758648,275.3490099527642
91.23294838518952,22.810048174143816,26.016831312888133,20.489575342320844,0.035232677786604966,0.28282006898548023,-0.4184965559476955,1950.8379453349446,0.0002066472430472617,275.15443105891563
91.28294838518953,22.810048174143816,26.139450304702983,20.295778685208628,0.04310862016810735,0.27075353199445246,-0.4169891674228329,1954.959240331794,0.00019916791998696387,274.92095901813934
91.33294838518952,22.810048174143816,26.05132630947606,19.937517757440748,-0.09806822944007455,0.2882589133705527,-0.40311288019012803,1956.9045760943218,0.0001991040675765292,274.9049156759765
91.38294838518952,22.810048174143816,26.474189531566168,20.279579767448308,0.30102086999379063,0.28734038797424505,-0.4135488108195599,1953.7848971756632,0.0001975144875538816,274.91157754213924
91.43294838518952,22.810048174143816,25.976980770504394,22.357812778061422,-0.402156397534419,0.30180324151654153,-0.42269369603161333,1948.0976597298225,0.00019554236186660902,274.98119949628114
91.48294838518952,22.810048174143816,26.511202825799685,20.67430189063102,-0.07521848370687154,0.25555640725826984,-0.4689789665066788,1947.6774513035484,0.0001997516776789952,274.87009189215115
91.53294838518953,22.810048174143816,26.64505403847401,19.805029624657777,0.05714811157037877,0.2512004797679293,-0.4694196568341935,1945.7047779139014,0.00019601087827060545,274.7582883564094
91.58294838518952,22.810048174143816,26.14998435992621,19.93924005917244,-0.33300110048585246,0.24410729633432202,-0.4769700562823998,1940.8400575422065,0.00019666415767411328,274.5718725579694
91.63294838518952,22.810048174143816,25.79784697505417,19.709280057770748,-0.5221784935860798,0.23674222788784657,-0.4638669136733227,1940.0691831407082,0.00019919680062181343,274.50753719433243
91.68294838518952,22.810048174143816,26.246085385148785,19.33966843860046,0.03751078215317357,0.23197201472619502,-0.4203626923686379,1942.9587704038677,0.00019799050630163315,274.5229013774532
91.73294838518952,22.810048174143816,26.350401207146966,19.63795031406711,0.15740069666007123,0.2307865963485414,-0.4147176010837027,1941.780458074137,0.00020366783395186575,274.5917097889014
91.78294838518953,22.810048174143816,26.0629751039649,19.420424343208317,-0.2674611970237743,0.2177428788363669,-0.4493283483375334,1939.0995292918083,0.00019606040988033002,274.62203142588885
91.83294838518952,22.810048174143816,26.144357179766928,19.232741502633342,-0.17218377074571867,0.23001886252176101,-0.45712548022061983,1938.3050666648408,0.00019340664601234732,274.476396000172
91.88294838518952,22.810048174143816,26.526276956549236,19.01557169916026,0.4500527161873321,0.22526149335092688,-0.47847449345654275,1939.2265935988714,0.00020610995097471467,274.4293921775894
91.93294838518952,22.810048174143816,25.5790948798394,19.1503219461824,-0.16531246922040063,0.217287605792524,-0.4745691124286335,1933.6101991064395,0.0002046270679475815,274.34093851903225
91.98294838518952,22.810048174143816,24.991310165583073,20.272612225730484,-0.4441780593166289,0.2013115073936923,-0.4943806569217829,1923.0273828142101,0.00019220241980152545,274.32908471012377
92.03294838518953,22.810048174143816,25.347783635500065,19.465822207196542,0.09016278500167839,0.19835029886643676,-0.49377995858725854,1921.1548081479496,0.0001976663364043441,274.40557214327066
92.08294838518952,22.810048174143816,25.721878023808195,20.601733605755985,0.5507213045494244,0.19547789690668996,-0.5201471192905086,1910.5082915483165,0.0001993332233316532,274.4851954805318
92.13294838518952,22.810048174143816,25.07368546646134,20.827565514781703,-0.09032152683886091,0.20232955450993031,-0.5601855727264821,1906.4896932721672,0.00018027252032555305,274.34249212570705
92.18294838518952,22.810048174143816,25.040858545758955,20.88930143556813,-0.061485741847517136,0.18316767278201468,-0.5684976786097036,1902.2553538856073,0.00018339528655190963,274.4329404866273
92.28294838518953,22.810048174143816,25.2070658533537,21.1933771583049,0.24053849501037033,0.17000560572209128,-0.5391160286202882,1897.904173635338,0.00018988601440320885,274.665561468045
92.33294838518952,22.810048174143816,24.59998056496312,20.30068161676019,-0.3888034549667872,0.17206085171789587,-0.5532082139448261,1913.625697512217,0.00019087014321228146,274.53832270550157
92.38294838518952,22.810048174143816,25.05490294761288,19.91789767332558,0.0371024297918246,0.16685565046977213,-0.5102344929115823,1915.5608054401278,0.00017590215224350326,274.5556885518302
92.43294838518952,22.810048174143816,25.142968883215737,19.62780342286843,0.24508591374873756,0.17404208968825452,-0.5179948485287282,1916.1254792860211,0.00016916922062147117,274.34127792722285
88.93294838518952,22.760048174143815,26.41805731805083,21.391103127245504,0.0592121296925893,0.619909493361889,-0.4334254450226503,1946.9761441635603,0.000214263335012114,275.6443581919919
88.98294838518952,22.760048174143815,26.232383900762777,21.463206598645275,-0.03168358901390103,0.6374218138540471,-0.43902465544760866,1946.2825120176537,0.00020933115381196652,275.69419030330295
89.03294838518953,22.760048174143815,26.10674711771165,20.95603260787419,0.0014448124205237427,0.610493001453119,-0.4395822550507541,1946.8769690923007,0.00021936095923845048,275.7359910820274
89.08294838518952,22.760048174143815,25.918103516408245,22.12664865925908,-0.052180753419576224,0.6323260875671802,-0.449475628905687,1944.2900113159592,0.00022351573667345767,275.83484575632406
89.13294838518952,22.760048174143815,26.01188036167801,21.742584119823203,0.09245818576147247,0.6345054835625017,-0.44860347308205833,1945.6872012647027,0.0002137012748413533,275.89603368590537
89.18294838518952,22.760048174143815,26.031703814309616,20.673278040899113,0.12062381525500894,0.5892036819212705,-0.441624852043718,1948.179097959647,0.0002059126006612713,275.79964546379557
89.23294838518952,22.760048174143815,25.821096934051333,20.824799975289334,-0.08963688646909045,0.5785585949766517,-0.443174224413271,1947.7845932619507,0.00019500645375470065,275.773342071856
89.28294838518953,22.760048174143815,25.580199204683943,20.810889934695183,-0.3350007577896,0.5874933230807737,-0.43426698938981645,1947.044964040277,0.00020039261648711218,275.7647542703773
89.33294838518952,22.760048174143815,26.09679311849625,22.620578524673583,0.10695384760883585,0.6461812283461127,-0.4257212826270188,1943.2100155498554,0.0002044986603553476,275.66549415052526
89.38294838518952,22.760048174143815,26.468531768579535,22.325180757898426,0.32331155742681766,0.6113086212491432,-0.4338760947408371,1945.509378998458,0.00019365693097708042,275.75275910445424
89.43294838518952,22.760048174143815,26.177956233237566,22.036428516850755,-0.2132800454720577,0.5815991336139458,-0.44576155833193404,1951.592981250228,0.00019298926496177766,275.75097270041954
89.48294838518952,22.760048174143815,26.641513299093965,21.526358121855775,0.16574812155730972,0.4825083663534041,-0.432680443142375,1955.7962910753563,0.00019645588473343146,275.82124598017
89.53294838518953,22.760048174143815,26.618933962533845,20.960896300057655,0.29605774876735397,0.46460290388426084,-0.3968925818415427,1956.54102313826,0.0001949131747148033,275.77534159929934
89.58294838518952,22.760048174143815,26.097908397752448,20.99476038802271,0.08015947657947929,0.4618554953119714,-0.4184179665877242,1954.631480686545,0.0001948490076087819,275.57223957169083
89.63294838518952,22.760048174143815,25.91755851140626,21.12408096132521,0.22794020082355984,0.46771032285010383,-0.44387964191035123,1950.702701197215,0.00019750679934448266,275.5304462448037
89.68294838518952,22.760048174143815,25.579150570727645,20.65374078666859,0.06725936371178315,0.45425056954044274,-0.4714440400335807,1944.8505931278582,0.00018550082489860885,275.43027415165665
89.73294838518952,22.760048174143815,25.24356030255855,20.86972528970345,-0.17652892026235936,0.465275326551128,-0.48348905570736467,1937.0325892816866,0.00019455967799465103,275.4584960147388
89.78294838518953,22.760048174143815,25.15540274813489,21.749557464594268,-0.2951535735566597,0.4890749636492703,-0.4896567685613321,1931.206404514554,0.00019686884163219818,275.51676558552236
89.83294838518952,22.760048174143815,25.302667980291947,22.059894662153724,-0.26790907063038655,0.5076284667273374,-0.48067898033735224,1933.2725623166152,0.000202105528311047,275.6274820218985
89.88294838518952,22.760048174143815,25.78671219979303,21.67507905473394,0.1757823637887828,0.5027243805147645,-0.47388353149916906,1941.0973902546104,0.00020320989884525876,275.5248509779674
89.93294838518952,22.760048174143815,25.828381401481728,21.031334767506944,0.30638530380202683,0.45917294960704613,-0.49338322623095804,1943.2434748613712,0.00019436722909817145,275.4790866239293
89.98294838518952,22.760048174143815,25.33520639150063,20.751154495326276,0.04851141432145039,0.41597478077784716,-0.507476358653507,1941.7668281754598,0.00019094042052228587,275.3501900568271
90.03294838518953,22.760048174143815,24.78433916080888,19.946490066473835,-0.27213367524026044,0.3949281254601341,-0.484671995823241,1942.5425839630125,0.00018455042069206898,275.13988129332284
90.08294838518952,22.760048174143815,24.78927362393181,19.896152686838374,-0.1984659486452692,0.39790650886165696,-0.444771843694764,1947.138461838928,0.00019171559065808163,275.11545196042056
90.13294838518952,22.760048174143815,25.07786578968739,20.039191407083884,-0.028487893238384257,0.3837349351200986,-0.4267165678145152,1950.0174344627055,0.00019135324040163922,275.28547519677153
90.18294838518952,22.760048174143815,25.438354090174812,19.675370550624955,0.09539344606488305,0.36569289528777854,-0.4307085128842651,1953.080142828779,0.00019502450951321316,275.2340962421055
90.23294838518952,22.760048174143815,25.85118729124948,19.84028511802899,0.32752834265376424,0.356938403785952,-0.43748428551679835,1954.5095344943973,0.000206587836307723,275.2756954369457
90.28294838518953,22.760048174143815,25.706364362796435,20.157620553508572,0.0863458053085304,0.3564927121277408,-0.4334575626935912,1955.9508732165968,0.00021207654955954328,275.2638898090998
90.33294838518952,22.760048174143815,25.60926520349257,20.171557538647843,-0.018125483497482112,0.36549413308232565,-0.4188839891306376,1958.4804892630818,0.00020383950970888806,275.24814245528086
90.38294838518952,22.760048174143815,25.649110842123548,20.44253750233058,0.08512574981362886,0.38291174147598883,-0.38873873970643613,1958.5267992930965,0.0002121726959254204,275.3033050793878
90.43294838518952,22.760048174143815,25.338975175572703,20.890554768743606,-0.15634275893508712,0.41163805491082966,-0.3738525455986335,1953.113988604254,0.00020701081476897647,275.3319491176808
90.48294838518952,22.760048174143815,25.03198837849848,21.277557307660373,-0.3437592972775264,0.3698674673829414,-0.3631944271037777,1950.495369081296,0.00021182580709382004,275.3804832226993
90.53294838518953,22.760048174143815,25.02349160857345,20.913164483752297,-0.31512315360446186,0.33752864138370053,-0.38888803183661297,1951.0371667322074,0.00020654267002584954,275.3625445127196
90.58294838518952,22.760048174143815,25.434978165653266,20.216556419486054,0.04059493220716654,0.33152639548633983,-0.4197865757502208,1948.6253746593031,0.00020391262800769397,275.24132454626994
90.63294838518952,22.760048174143815,25.55203467323375,20.561912486713638,0.03059109232508494,0.35132297987197114,-0.39177219378198325,1942.4415401800293,0.00020157827437522558,275.46142663046635
90.83294838518952,22.760048174143815,26.095063821834938,21.168235381296384,-0.17281474732519583,0.3231248996653272,-0.35517355135330947,1950.7552324111036,0.0002132611625592261,275.5783035497604
90.88294838518952,22.760048174143815,26.536811539145077,19.97839238429167,0.2367639254151549,0.3280372874670503,-0.42465961095416144,1959.6804523822254,0.00020735210005162137,275.34774761392606
90.93294838518952,22.760048174143815,26.68768673587226,20.120417411647423,0.39136743663483486,0.3216456243447955,-0.4158236736180598,1960.9200401234057,0.0002002284200029205,275.174936344034
90.98294838518952,22.760048174143815,26.373662908450335,20.0457159600308,0.11205865611811786,0.3264480206662436,-0.4187565676335667,1960.3548340538373,0.00019012001061345245,275.2477001589413
91.03294838518953,22.760048174143815,26.382794516760843,19.734852310908238,0.18064144583440855,0.31330452310430057,-0.42939930148603234,1959.8121948774885,0.00019554625165960199,275.2611979915316
91.08294838518952,22.760048174143815,26.20250617798641,20.522783722738847,0.08330318659577236,0.30469482115490265,-0.4420245963808313,1956.671281431647,0.00019199818497009122,275.3167653598423
91.13294838518952,22.760048174143815,25.96498113558461,20.944329008884896,-0.12209591995503905,0.30118312429125405,-0.4317553077521719,1952.390482917514,0.00019892538513754956,275.26269444057726
91.18294838518952,22.760048174143815,26.226126514722743,21.120088030606134,0.12637426796366152,0.30747013840428744,-0.42688276261691627,1951.6211369411617,0.00019184268689017984,275.2101212821716
91.23294838518952,22.760048174143815,26.253835088849552,21.246100600410564,0.12894958762826325,0.29903168685583503,-0.390635799948175,1952.217452714626,0.00019996453096235686,275.1875715179005
91.28294838518953,22.760048174143815,26.626822789798382,20.967997749982224,0.4643361944046202,0.29433838993935746,-0.33832507799336137,1953.2415368091272,0.00020327308070508318,274.8926119282433
91.33294838518952,22.760048174143815,26.157811036121174,21.2104955636506,-0.08889129509819213,0.3535704232597125,-0.31838788200133195,1952.7342598883079,0.00020794103618684788,274.86757101588375
91.48294838518952,22.760048174143815,27.885182085168523,19.622002128438634,0.9846069439499326,0.2761861435194333,-0.4414085482579755,1955.3418243052622,0.00018981689684648742,274.80379400703185
91.53294838518953,22.760048174143815,27.27103769724423,19.457586484814005,0.5051446206936997,0.24826167948605254,-0.47206660934999234,1950.7074024602216,0.00018899985454871204,274.6605920419609
91.58294838518952,22.760048174143815,27.06718987675996,19.689072112143513,0.5542034747082415,0.23933259610492089,-0.46286489666121167,1945.4461273950963,0.00019364316741625478,274.43527054710586
91.63294838518952,22.760048174143815,25.79774324781656,19.877071547827615,-0.5535842170740228,0.23258244934490332,-0.4778639158510004,1942.1938072535902,0.00019121475115945277,274.3480685356312
91.68294838518952,22.760048174143815,26.30574355761404,19.18701909888595,0.04804614742143822,0.22621672576598137,-0.4510019568320153,1943.854735605278,0.00019332274077304534,274.46255333289156
91.73294838518952,22.760048174143815,26.404770665605785,19.601083389542858,0.18313307915367788,0.2282317473751664,-0.4200292488761291,1945.2833599337132,0.0002087912654169101,274.5964302595544
91.78294838518953,22.760048174143815,26.44047086215076,19.449783488024114,0.1005374547354376,0.22614500737782492,-0.4383603724992358,1942.7435984872034,0.00021201010606062716,274.62819856493167
91.83294838518952,22.760048174143815,26.526972490421244,19.296203201581672,0.20737828163706082,0.23676735016891443,-0.44947866652808843,1940.777946419213,0.0002046328071907332,274.505994223093
91.88294838518952,22.760048174143815,26.151369372739083,19.067362275467282,0.07741436912029163,0.22636904677885744,-0.47669190516096355,1940.9289887900204,0.00019456127235388575,274.43169482878324
91.93294838518952,22.760048174143815,25.542598793374573,19.120424091756075,-0.16701519056376882,0.2069476220526011,-0.4833840481506027,1937.6086380009642,0.0002030905975367596,274.34243155513326
91.98294838518952,22.760048174143815,25.147401086430754,19.94951575584032,-0.30885464572125737,0.2020101864387784,-0.4933127996336826,1927.3151195870207,0.00019145832239145049,274.2609390670893
92.03294838518953,22.760048174143815,25.064957060239934,19.8090153868338,-0.2432698808624071,0.19797815516711728,-0.49894043168021435,1917.8305051111438,0.00017196652874108373,274.3301362141952
92.08294838518952,22.760048174143815,25.37631709231245,20.257765832480686,0.15003778097199097,0.19130544168980101,-0.5190359374416377,1910.039761780159,0.00018837720188531594,274.46364266454043
92.13294838518952,22.760048174143815,25.241567742428632,21.873942930399267,0.04899011157825161,0.19267629860992658,-0.5581238903620128,1903.8078230447998,0.00019096097999623453,274.5039724607806
92.18294838518952,22.760048174143815,25.089418668189463,20.678495146976992,-0.038229279992516366,0.18530175257625497,-0.5712117614979204,1905.5797288814235,0.0001847293509224909,274.3431258895522
92.23294838518952,22.760048174143815,25.016514421795463,21.42749039286438,-0.01697606857677253,0.17667560200544274,-0.5501432550208345,1902.0596994637328,0.00018391798886831123,274.49031020501576
92.28294838518953,22.760048174143815,25.25397762912148,22.155105767683857,0.33952771270086274,0.18553839038100248,-0.5232818786751976,1900.4018677216334,0.00018563625242549436,274.67807927523234
92.33294838518952,22.760048174143815,24.76431157949447,20.940702908210163,-0.11684210192543229,0.18005486981171334,-0.5407318704445648,1906.5948005300963,0.00018441966312649066,274.66075412577646
92.38294838518952,22.760048174143815,24.724877254613812,20.10999392416331,-0.1618943734430283,0.1629174195316953,-0.5228058182422377,1913.1991803999704,0.0001674579981453116,274.5316633455574
92.43294838518952,22.760048174143815,24.759365318813842,19.744376125184974,-0.07451267091964654,0.17240890883413912,-0.51574689605666,1915.6414559804405,0.00017861999692767337,274.41014052180077
92.48294838518952,22.760048174143815,25.08927102435987,19.3784471912789,0.38372856053223864,0.1889451497834659,-0.5190757364105693,1915.2553145744976,0.00018560849410119732,274.14813338865446
88.93294838518952,22.710048174143814,26.65212243591061,23.059996732917277,0.33836309759915695,0.6356953303140985,-0.4126776128197807,1944.3790842834321,0.00021941887437845845,275.6970896639375
88.98294838518952,22.710048174143814,26.324166124770116,22.42184765000739,0.13842555245018856,0.6495571894335473,-0.4243730019640767,1942.5291967610003,0.00021934845789286874,275.7047925360647
89.03294838518953,22.710048174143814,25.763610432724604,22.32533102663557,-0.2797877952654098,0.6600826534416255,-0.42948034144360425,1943.3017401348275,0.00021781771021302964,275.7517222550583
89.08294838518952,22.710048174143814,25.80850892492445,21.732843833816837,-0.07472584322283785,0.6127999824276742,-0.44422020784499167,1943.2924376911187,0.00021922663236331182,275.833629293727
89.13294838518952,22.710048174143814,25.840312416146,22.615537156418515,-0.029801400905506016,0.6833350029352583,-0.4468425450504232,1941.498898448807,0.00020102135361456177,275.8633641741351
89.18294838518952,22.710048174143814,25.864391369076795,22.003634983155674,-0.012151631445897135,0.6478896814027433,-0.44782196529784524,1940.8672783847312,0.00020271938116261896,275.8730524920655
89.23294838518952,22.710048174143814,26.08650757851374,21.347517413211254,0.24100885740448033,0.607278307604618,-0.43522100930632535,1943.4185204442686,0.0002003788929127352,275.7622095963372
89.28294838518953,22.710048174143814,25.832548783063224,20.822811373817252,-0.06007035534355164,0.5635333209187835,-0.4292927639273047,1945.4792385407397,0.00019170978229875724,275.7606559641956
89.33294838518952,22.710048174143814,25.653930804169786,22.058683116385826,-0.3164478627965804,0.595589219604891,-0.42615306180761586,1942.4829393024027,0.00020314518695878912,275.8060498817793
89.38294838518952,22.710048174143814,26.531633151822167,22.075788928906846,0.3959882666849625,0.5750340344719808,-0.43751930992440263,1948.5861880978716,0.00020669946453965007,275.8249411975023
89.43294838518952,22.710048174143814,26.49514752427136,21.2635675377636,0.14131108194293976,0.5020979039253944,-0.4514151200275088,1954.3955382212298,0.00019622916689660515,275.77534007531244
89.48294838518952,22.710048174143814,26.50691603912909,21.189589886952305,0.16302240642009605,0.47025906274486323,-0.44624643601575986,1956.2313035875798,0.00019721260674742357,275.73242105501055
89.53294838518953,22.710048174143814,25.756991831579406,20.720660916932886,-0.41127139098332066,0.4744070407996936,-0.4318290867213798,1953.8420592357097,0.0001943938762572314,275.69634897588656
89.58294838518952,22.710048174143814,25.753596020942002,21.393974657341676,-0.0909501009993467,0.484973694156752,-0.46196310646296385,1949.7318802778207,0.00020090966301499125,275.5584867058752
89.63294838518952,22.710048174143814,25.437845537684982,20.830743449144432,-0.14455802317120547,0.4505280128028751,-0.47499271869993726,1945.6333257263798,0.00019922017077405327,275.5244030269853
89.68294838518952,22.710048174143814,25.396675190494864,20.844847884136954,-0.060237010222863784,0.4403718801345521,-0.4802826072207122,1940.3540153320048,0.00019298870324542774,275.39427090993047
89.73294838518952,22.710048174143814,25.264199796502226,21.28637964942301,-0.16888732374515028,0.4621029281462681,-0.4855136336722132,1937.8500572308378,0.00017976842107683908,275.3576651039682
89.78294838518953,22.710048174143814,25.479703673664392,21.30585134861465,-0.08221136781320468,0.4697519045845002,-0.4775609771238193,1937.7794088685898,0.00019341980628186832,275.37646263673156
89.83294838518952,22.710048174143814,25.800727768058486,21.6510394101206,0.08677150439972021,0.48991091906568074,-0.47177327735011815,1940.5225404322257,0.00020967764366655066,275.4957824286436
89.88294838518952,22.710048174143814,26.21271883125351,20.552314789411408,0.46678598575933583,0.4342368065393195,-0.4868848060737491,1944.4908391772233,0.0002097846534779384,275.4530082836095
89.93294838518952,22.710048174143814,25.819054274003285,20.60783915815893,0.2843172934275493,0.4111837033953051,-0.5051597980931226,1946.0163716291963,0.00019937323936683766,275.3742656136413
89.98294838518952,22.710048174143814,25.294890444072646,20.61066412362699,0.005654261987089252,0.38914189431891627,-0.5130792241697134,1945.6033843614277,0.00020033556152118008,275.2567154776378
90.03294838518953,22.710048174143814,25.24330244512659,20.260531934086643,0.13084902711993707,0.3909946600461713,-0.4947460972932409,1946.9450979709295,0.00019302939670731958,275.08307177440213
90.08294838518952,22.710048174143814,25.01037063121251,20.277828003121236,-0.12782643122670223,0.39234317147886666,-0.46890140916390166,1948.695856448752,0.00018196136306077373,275.1213802232925
90.13294838518952,22.710048174143814,25.064657051829407,19.72147327496884,-0.2899693038589143,0.3548086339319562,-0.4634378207987203,1951.0739153426096,0.00018700491131513786,275.23786321882477
90.18294838518952,22.710048174143814,25.39958192529961,19.654090318910924,-0.08263921543547537,0.34742071857932577,-0.47311264921936186,1952.3569193174662,0.00020036820589048424,275.2544504234314
90.23294838518952,22.710048174143814,25.66029541014711,20.013290158148788,0.14779146367706306,0.34769946246271,-0.47228354376544696,1953.0340749324937,0.00019996905139095392,275.3046456057427
90.28294838518953,22.710048174143814,25.46364659083494,20.136751362704782,-0.04857264150443619,0.3501617876264798,-0.4416995272398153,1954.9144011602605,0.00020136630789475136,275.2751750399185
90.33294838518952,22.710048174143814,25.567135053969114,20.352426275119463,0.06269525678397378,0.36612937934378076,-0.3828401813475435,1959.0998176295043,0.00019595012393872692,275.2230283176868
90.38294838518952,22.710048174143814,26.09781987730431,20.866591113487324,0.5423780486730725,0.37996633525650675,-0.3611341189133448,1960.4255621002824,0.00020552268986969043,275.20833861642086
90.43294838518952,22.710048174143814,25.52650303024767,20.42057619393561,-0.06051900627503011,0.36874477933357297,-0.40753095254028554,1955.9704767283397,0.00019073426727427982,275.2196032735522
90.48294838518952,22.710048174143814,25.671482435294386,20.855487532590278,0.15468516009011005,0.31441238634659974,-0.39164318736486375,1955.1882209919938,0.00019901757678756203,275.3359073304322
90.58294838518952,22.710048174143814,25.65006306684656,20.22881564403657,0.06687753085652397,0.3501606002552401,-0.3888036020565709,1954.1082685816923,0.00019544387225366711,275.1496516175778
90.63294838518952,22.710048174143814,25.860115040906884,20.24722489133882,0.15456692304676742,0.3217522078465459,-0.39902745902398223,1949.5877736623663,0.00018656024849864115,275.2990347219872
90.88294838518952,22.710048174143814,26.06683002956104,20.541649806375357,-0.30739378065817397,0.3388615750070632,-0.4127396941772227,1952.2190404020118,0.0002146628579752889,275.3765926727448
90.93294838518952,22.710048174143814,26.598839122359372,19.940321727951428,0.2624547158300049,0.34956725954616713,-0.4370325801582874,1959.2159350270658,0.00020495192332432516,275.1855053838481
90.98294838518952,22.710048174143814,26.388323847861614,20.015633227835625,0.0643084200455273,0.3372749986658592,-0.42978667072927557,1959.4243400556481,0.00019506241973731283,275.15384611543203
91.03294838518953,22.710048174143814,26.0357781481125,19.94212943799144,-0.29403957314641954,0.3027480209789004,-0.42939438970670823,1958.4725124676413,0.0001852055258728822,275.2802736989134
91.08294838518952,22.710048174143814,26.31005896543156,20.070452448076328,-0.0002102724476819672,0.3049552956938253,-0.43504859178616434,1957.8138610726862,0.00018468462327788615,275.2528073101675
91.13294838518952,22.710048174143814,26.3201124774153,20.390332400503553,0.06747601349305454,0.2932317081208826,-0.43959310684196434,1955.1956407742978,0.00018357419594903295,275.29689662308596
91.18294838518952,22.710048174143814,25.87319836652601,21.017331688223994,-0.3521951049607337,0.29174310859621294,-0.4322106582765679,1952.2541873292457,0.00018668503250285936,275.22664877860666
91.23294838518952,22.710048174143814,26.02312130286113,21.581276453206563,-0.1506138604485247,0.31531933764725656,-0.3627122873182838,1954.0493782695987,0.0001937991181922562,275.14234033394314
91.33294838518952,22.710048174143814,26.49578385445117,20.38300407202573,0.20731993170306282,0.29262432138640654,-0.35427740598583846,1958.8218818942203,0.0001889993708858178,274.9198165007722
91.53294838518953,22.710048174143814,26.48059810259713,19.316508748405774,-0.30507346412443226,0.26354192142558536,-0.4668651881091141,1944.2939425611362,0.0002027699873190758,274.78802689030005
91.58294838518952,22.710048174143814,26.92477595155287,19.531660800315738,0.4971127966738861,0.2516473525838674,-0.47583563803041634,1945.4590666374606,0.00019071885384722636,274.45088819512614
91.63294838518952,22.710048174143814,26.173322241095686,19.930061552021044,-0.13062802862756195,0.22992525954744159,-0.4959888243832257,1940.4144015791844,0.00019301624262989524,274.3828929817312
91.68294838518952,22.710048174143814,25.727367294022397,19.506760133678956,-0.5446790684440374,0.22601225545778983,-0.49116409102685477,1941.685862812235,0.00019273872984033516,274.5071344086163
91.73294838518952,22.710048174143814,26.494891058422677,19.48287961995556,0.21877324541232335,0.22857280082405898,-0.4309331404167253,1946.7485167715483,0.00019767337380157952,274.5905762087618
91.78294838518953,22.710048174143814,26.666793501346994,19.66500594439971,0.3220488502413677,0.23641254337269085,-0.40182750735940237,1946.811320904801,0.0001955584490919617,274.5667535475054
91.83294838518952,22.710048174143814,26.36951678017954,19.38858562242326,0.018787541762670192,0.23296816605056275,-0.4065948846079813,1943.6426377719317,0.00019276387217825777,274.4111291055942
91.88294838518952,22.710048174143814,26.360212164441577,19.04018146434206,0.2332269690346922,0.21893933647617775,-0.437605752454327,1941.1761225018784,0.00018980988938127477,274.3992283291436
91.93294838518952,22.710048174143814,25.779949063019096,19.094536938632395,-0.02269239407719909,0.2019800998118619,-0.4694716899987557,1937.638163669601,0.0002055173847370792,274.4148645464119
91.98294838518952,22.710048174143814,25.314703793802785,19.30671014768062,-0.27061591772318044,0.2081814404830956,-0.48605738805510834,1930.9144929478528,0.00020469529183329323,274.3292047704644
92.03294838518953,22.710048174143814,25.33463543637677,19.84992197124366,-0.0882756568011925,0.194368217914684,-0.493703861170422,1926.0285105900323,0.00018426627979658858,274.2553656150604
92.08294838518952,22.710048174143814,25.049225483147296,19.803933574685306,-0.3128661418229186,0.19523512657805853,-0.5034632702165225,1919.581863033371,0.00018387770100691768,274.28821607722074
92.13294838518952,22.710048174143814,25.139655345532972,21.150311083354413,-0.16803503420557023,0.1810736884381674,-0.5360089402090981,1908.0941738543354,0.00018990179879333242,274.40352776624667
92.18294838518952,22.710048174143814,25.34124788619629,22.214958814292853,0.1780026517216819,0.19165013854232632,-0.5600537448478664,1901.9609138369015,0.0001834097598966639,274.4009650191431
92.23294838518952,22.710048174143814,24.928290816579405,21.296518446887358,-0.11962657311688338,0.18979301504248192,-0.5625078292531409,1901.3122002702278,0.00017383104804632115,274.42390855192195
92.28294838518953,22.710048174143814,24.527067781576374,21.824102581392008,-0.38301414092795294,0.19591176960178852,-0.5351195627926234,1903.1468829678984,0.00018908496569632478,274.52481389494454
92.33294838518952,22.710048174143814,24.804165237599463,21.18919451294902,-0.004999295750995707,0.18284874224639133,-0.515636639271355,1906.849908924529,0.00017945027990095753,274.53764874607316
92.38294838518952,22.710048174143814,24.792156179011428,20.394169322227437,-0.017817324172031385,0.17605276602511363,-0.5235973891122302,1913.3985369542072,0.0001703406145792851,274.4316998691419
92.43294838518952,22.710048174143814,24.665563121228644,19.904892126269022,-0.1565232579759517,0.17128007657811925,-0.5283324165943073,1916.2839472478554,0.000173878019951191,274.34319289507846
92.48294838518952,22.710048174143814,24.707506496869545,19.57285544593498,-0.01556931803943608,0.17828702785671793,-0.5205564504526045,1911.9981692702577,0.0001857769357511703,274.0118209712234
88.98294838518952,22.660048174143814,26.065791118321034,21.901865262289675,0.01335607648117286,0.6285686883612615,-0.413940926277698,1943.4857168697783,0.0002168987421177442,275.6426682083714
89.08294838518952,22.660048174143814,25.486885821100046,21.265322389431912,-0.3037837359090012,0.6234348675390448,-0.4532406399229959,1939.427354416375,0.00021428767101402575,275.86605443252955
89.13294838518952,22.660048174143814,25.724865275063735,22.14448603542728,-0.14912920991423473,0.6576415996514896,-0.44804721911787304,1939.657967426087,0.00020693310242820702,275.7974237489511
89.18294838518952,22.660048174143814,25.99173247558621,22.784942287985324,0.12820969187928355,0.6829837587736526,-0.448514304701433,1936.2607028952314,0.00021360310721814312,275.9000076443968
89.23294838518952,22.660048174143814,25.84790920311918,22.117133803024434,0.051763270133029775,0.659911699694646,-0.43240090107031814,1939.1637832246995,0.00021069738177352185,275.8564662242575
89.28294838518953,22.660048174143814,25.55109024313453,21.146384450772036,-0.2150286837883963,0.5555861838440808,-0.4232267778939722,1940.9623813601281,0.00019484809360675504,275.7654211908393
89.43294838518952,22.660048174143814,26.343017525772105,21.633304791153517,0.12469556577991388,0.5061321421989116,-0.43277795361315846,1953.1216452727367,0.000183920061364039,275.83780425638554
89.48294838518952,22.660048174143814,26.536311128507528,21.198922039273373,0.36589429538458984,0.4843311372777081,-0.437360640216211,1957.126436753293,0.00019533053284484712,275.83148131253546
89.53294838518953,22.660048174143814,25.922941348029887,20.91848729715513,-0.12977554697193786,0.4846038237504981,-0.4185256968911666,1950.9435854924047,0.00020045945848792495,275.7327871477542
89.58294838518952,22.660048174143814,25.710869878819313,22.246011302314393,-0.0471701726780034,0.5079093893735791,-0.45634397750406813,1941.3361665225975,0.00020271863728163223,275.6788969267881
89.63294838518952,22.660048174143814,25.552832796392742,21.607547867851796,0.0340268562517213,0.47968825862310205,-0.4969953565892199,1936.8214452798163,0.00019537038560707556,275.6722739547918
89.68294838518952,22.660048174143814,25.619777055038824,21.58355419156674,0.15807044696175448,0.4607251278240947,-0.4924589689927943,1936.13807563744,0.00019344659354552862,275.42703452559095
89.73294838518952,22.660048174143814,25.67799690329649,21.4150395838885,0.09132928538142103,0.4571348352538355,-0.478428178760433,1937.9739459795337,0.00019765208320001037,275.2332294564142
89.78294838518953,22.660048174143814,25.959415694507356,21.168778973276435,0.19173781490934966,0.43721720144432885,-0.47296038156151343,1940.789627201417,0.00020512916602197557,275.3415350609458
89.83294838518952,22.660048174143814,25.715115356399146,21.30211944559223,-0.1073797530051893,0.45629315297887574,-0.4918169653999727,1941.461274624425,0.00020384458417537564,275.457218405946
89.88294838518952,22.660048174143814,25.859914984903693,20.35049658429064,0.22961457887153014,0.4095678174527545,-0.507810023911943,1943.991620182682,0.00018816534411040018,275.3635994046735
89.93294838518952,22.660048174143814,25.402259196216722,19.854153297351676,0.01416274823758159,0.3993605326453155,-0.5168686577734557,1944.9548727327683,0.0001887094384871911,275.34869469931374
89.98294838518952,22.660048174143814,24.856993113839536,20.0984357373752,-0.3786880679527055,0.389374672559481,-0.5184294617220762,1944.1209338574606,0.00018908427754856048,275.27312023078554
90.03294838518953,22.660048174143814,25.338567011701976,20.41053637512224,0.14105773420931664,0.39741991449614483,-0.49934235576270664,1947.1586060653572,0.00019986338594542622,275.18796225951763
90.08294838518952,22.660048174143814,25.30420081376482,20.344185385453226,-0.04009964065905397,0.3961456241959819,-0.48864441696571564,1950.9397437330597,0.000196748772325894,275.1809956150314
90.13294838518952,22.660048174143814,25.709207753046616,20.089525543611142,0.2357315914969839,0.37683843026171543,-0.48547693863879976,1954.8220367410593,0.00019613754320626123,275.1931253509433
90.18294838518952,22.660048174143814,25.633252832593012,20.224254948102775,0.0989621320636387,0.3555191916192078,-0.46952290762748833,1954.781980746631,0.00019513451755753702,275.30325978321457
90.23294838518952,22.660048174143814,25.028013103044298,20.08365005911678,-0.4454748835899474,0.35862358270997124,-0.46634675214029186,1954.7376230392495,0.0001974901579126086,275.2865801950292
90.28294838518953,22.660048174143814,24.977808498344487,20.283153972777924,-0.49172810096617375,0.3544910434549245,-0.4256782211393541,1956.1738078255153,0.00019749738768534865,275.1650062616575
90.33294838518952,22.660048174143814,25.661003248766686,20.427542801146096,0.11730209046660221,0.36477797411502205,-0.37956693897138244,1958.792121748997,0.00018528301527804162,275.07211062031274
90.38294838518952,22.660048174143814,25.93907880255913,19.95121146132887,0.27144401993840966,0.36813916964703636,-0.39338577648241524,1961.1826119890145,0.00019063584705738854,275.016577779612
90.43294838518952,22.660048174143814,25.81189224945544,19.970486397069628,0.1016563967354168,0.35573146796809463,-0.43367136051178223,1959.0311616109996,0.00018899900552250186,275.0907837691503
90.48294838518952,22.660048174143814,25.664826025071847,20.582532541080433,-0.021058281252589527,0.3213270929879967,-0.41575125463409934,1956.404014854915,0.00019285763446386613,275.22461180562357
90.58294838518952,22.660048174143814,25.778887581772725,20.35254039123517,0.02825228532333251,0.35441560762464247,-0.37067522868847635,1953.945591933516,0.00019690677511999553,275.20413220100374
90.63294838518952,22.660048174143814,26.06444528774902,20.21235096019896,0.24315350756168672,0.3373547236230051,-0.37933570979138376,1949.911937059774,0.00019863192544913226,275.204962983687
90.68294838518952,22.660048174143814,25.76225145166573,20.366176855512958,-0.1565221385167488,0.3157345716512421,-0.371247277450814,1945.147193261088,0.00018565901307211955,275.2323534430735
90.93294838518952,22.660048174143814,26.131894663571018,20.538157592989585,-0.18468791305947083,0.34969204953911753,-0.40400499063502676,1951.4417041831853,0.00019706033146756356,275.29057979052885
90.98294838518952,22.660048174143814,26.67679542668819,20.124522947578264,0.3494215143840675,0.3401358405409192,-0.42738190394068065,1957.3128826659913,0.000197298981283636,275.2214868927591
91.03294838518953,22.660048174143814,26.423212256314585,20.142598867753804,0.06271846756138828,0.3340106152407767,-0.4140021140103459,1959.4832132359966,0.0001841582082716878,275.2187303552813
91.08294838518952,22.660048174143814,26.62884233615202,19.83833066026653,0.262121088791998,0.3173593405356983,-0.423877691829863,1958.3272422514874,0.00018030388812408912,275.17314251344385
91.13294838518952,22.660048174143814,26.567200627437632,20.123683411967814,0.26855685233249327,0.3040052146512021,-0.44169821069050946,1954.9169671590391,0.0001854488698775757,275.2336991441408
91.18294838518952,22.660048174143814,25.967247594752486,20.90716014639892,-0.21592135002094673,0.3002851169028148,-0.46053085717327197,1951.013328773804,0.00017962143522038215,275.15304370096993
91.23294838518952,22.660048174143814,25.79099621671784,20.90805081692095,-0.35625895912365146,0.2979385402296384,-0.418924815652837,1951.1381985904306,0.00018319588969960054,275.0905581708178
91.33294838518952,22.660048174143814,26.421956392254057,21.24118180350742,0.12219176036800283,0.317620199998957,-0.3254504555515766,1950.3407581059469,0.00018914373493586245,274.9759941966895
91.58294838518952,22.660048174143814,26.35003676863934,19.68110519511347,0.03536660446916716,0.2543453795148749,-0.4609527367406779,1936.4645470140313,0.00019293702653678946,274.62932778258204
91.63294838518952,22.660048174143814,26.62140101523428,19.901223793860336,0.3717405558255447,0.23002409223340292,-0.48827162090890863,1936.0687701169752,0.00019264329204220064,274.4272686374985
91.68294838518952,22.660048174143814,25.60140409860564,20.00772322826239,-0.6889394367379542,0.22504834726314385,-0.5041941583947823,1937.0480300442155,0.00019249158702627013,274.42262278138867
91.73294838518952,22.660048174143814,26.26030615682178,19.457687921117316,-0.08934231527852836,0.21754138711947296,-0.43897757180781194,1944.0396676255284,0.00019830038245026197,274.4958651960849
91.78294838518953,22.660048174143814,26.686052569042257,19.65554103390667,0.30754178285019285,0.2396433623292446,-0.383109260461604,1947.0080024244912,0.00020636621014933008,274.5417720038108
91.83294838518952,22.660048174143814,26.416326017672517,19.618146080384477,0.015808344921498782,0.23565499788659736,-0.38553928289793576,1944.859850340951,0.00018929431105804367,274.4759837467695
91.88294838518952,22.660048174143814,26.55540692364989,19.071102341309768,0.32523489976845055,0.2143786153020575,-0.3973013074530136,1942.6664858291656,0.00018604132298521975,274.33422754602583
91.93294838518952,22.660048174143814,26.10205134929881,19.1822509953715,0.13950217795161,0.2036689515895308,-0.44071302774855686,1940.150569867266,0.00020027429742693455,274.31514430443406
91.98294838518952,22.660048174143814,25.453223304286503,19.219903529713417,-0.33117944354659634,0.20653204384729645,-0.4683104343034875,1935.6677575284602,0.0001955187572575002,274.3139896413072
92.03294838518953,22.660048174143814,25.734180974200314,19.18309480311214,0.10658402543954594,0.2078025244777825,-0.4621807001347862,1932.877363511024,0.0001858425906522249,274.1484800539287
92.08294838518952,22.660048174143814,25.576894425384452,20.04606443970519,-0.008063984820335409,0.18482871494071787,-0.4772663567481503,1927.0890618430979,0.000189240191677336,274.0582523798996
92.13294838518952,22.660048174143814,25.28828238319631,20.444625921195602,-0.20999425986372525,0.190738313843124,-0.5107147595921149,1914.5146254724837,0.00018655491017084756,274.208971648118
92.23294838518952,22.660048174143814,25.071458058540045,22.059070762661502,0.04563530006543388,0.1804868034569911,-0.5604386981125219,1897.9502474764915,0.00018875214686447965,274.4572498508777
92.28294838518953,22.660048174143814,24.965900956918848,20.811120320110355,0.030867654312362373,0.17410546971992774,-0.5482961136980363,1905.040144241056,0.00019670943782631745,274.40660596474805
92.33294838518952,22.660048174143814,24.68059057955535,20.50811092478052,-0.23099392044928185,0.17688716917113637,-0.507753481262655,1908.6398562069355,0.00018804838668985238,274.3957212313542
92.38294838518952,22.660048174143814,24.605889704596734,19.836054475071155,-0.3130314955159257,0.18254424028239052,-0.49898600869627807,1915.7543326190169,0.00017588012994858963,274.2767907897169
92.43294838518952,22.660048174143814,24.883508058371092,20.018874223708867,-0.05355134564157141,0.17204971003722183,-0.5222877582548291,1919.5660932841267,0.00017297959849870825,274.1290740168666
92.48294838518952,22.660048174143814,25.14053794710568,19.633962626507614,0.30931728178449047,0.1838293897360227,-0.5068248268128415,1901.6074830830783,0.0001713370353027002,273.7720548064931
92.53294838518953,22.660048174143814,25.082976471391746,19.13861940772106,0.3770706591887813,0.19623231949623063,-0.4821025438462957,1902.1461184082686,0.0001898849277131111,273.34107621317
88.98294838518952,22.610048174143813,25.573215560521632,22.047457374547147,-0.3714201668679033,0.6445762044562205,-0.4208813225627307,1939.820965435717,0.0002195242229087708,275.71265097456177
89.13294838518952,22.610048174143813,25.977634438266684,22.196622964320923,0.17292007165649478,0.6211897943581411,-0.4528302726822814,1937.3399653363383,0.00021302584465965192,275.7914239852395
89.18294838518952,22.610048174143813,26.024483724111143,22.378446840150765,0.23781020550935772,0.6385713681574087,-0.4451884475395038,1937.5607958945589,0.00020651085957237479,275.8743473357884
89.23294838518952,22.610048174143813,25.46281480313949,22.21182963405915,-0.2695349056270121,0.6477458731861806,-0.43067350483063266,1936.7042604168116,0.0002081507517900477,275.93476169946143
89.28294838518953,22.610048174143813,25.29059349684155,21.669969247070412,-0.35970538442911515,0.588087637616643,-0.41799363265444306,1939.2354490478529,0.0001977048256570411,275.82369172307375
89.38294838518952,22.610048174143813,25.272646297748793,22.16550256316367,-0.6970032375792036,0.47645206246213784,-0.4042233653506221,1948.8859661433114,0.00018931475721570035,275.77153474757586
89.43294838518952,22.610048174143813,26.135664494364725,21.19599013254056,-0.044475621704454876,0.4944540954654674,-0.41215004417178575,1955.8774422801469,0.0001906325175984913,275.7338272401243
89.48294838518952,22.610048174143813,26.69469073096007,20.708478459139265,0.46804258881461164,0.475105275221594,-0.4230168060546047,1955.1738028150091,0.00019851151122976489,275.71878631426733
89.63294838518952,22.610048174143813,25.17805665868846,22.18142541120374,-0.49965074938434995,0.46942788237147726,-0.4779195647031734,1935.711236072829,0.00020880796144700457,275.7286449627608
89.68294838518952,22.610048174143813,25.34521175690278,21.949633897167665,-0.3277894919123357,0.4976483130570401,-0.4862078896359963,1938.2525991128568,0.00019731937871802151,275.5324493753925
89.73294838518952,22.610048174143813,26.151313399529865,22.286759710270264,0.33379100845899207,0.4979883751992451,-0.47975299181922465,1940.4694663629598,0.00019644516513192238,275.3358910088643
89.78294838518953,22.610048174143813,26.09795946832804,22.24701493987154,0.2396968924292955,0.48913252838123256,-0.478604965147766,1940.3149637785975,0.00019520256205751748,275.5084739695995
89.83294838518952,22.610048174143813,25.401705791121067,21.1474964382413,-0.4156216226812505,0.44850502380779445,-0.49539051915792304,1939.4581053856812,0.00019030882071807416,275.49927067944685
89.88294838518952,22.610048174143813,25.138864124644307,20.368363830166203,-0.40514698570240315,0.4254699560168956,-0.5046127476816691,1941.3792149704143,0.00018876984649886347,275.4590056939279
89.93294838518952,22.610048174143813,25.177581794939417,19.914436620540965,-0.17313854397511233,0.3946481032344762,-0.5102599568735446,1944.0259122790842,0.00018566489509131727,275.51246559389324
89.98294838518952,22.610048174143813,25.274826180930173,20.080056748076924,-0.009756867144507594,0.3897554213637178,-0.507475401831873,1944.8347435023436,0.0001938487425839419,275.3988104914092
90.03294838518953,22.610048174143813,25.066201322837856,20.665091439842218,-0.3481714894789826,0.41063383521673086,-0.49336127145311004,1945.9809971497632,0.00020164716531540433,275.2775429525959
90.08294838518952,22.610048174143813,25.61365646164357,20.353847852623986,0.038839236687070636,0.37796218645674073,-0.5056430408093049,1951.3941147459766,0.00020395174496749195,275.222358194934
90.13294838518952,22.610048174143813,25.86796655810848,20.123732885983234,0.23787639439325192,0.38323094145090947,-0.49620442401680315,1955.942296718876,0.00019446760593407934,275.2092926384243
90.18294838518952,22.610048174143813,25.52848370539473,20.147645239498853,-0.0605947232746534,0.3887307870707735,-0.47070707155591546,1955.8600826209963,0.00019098359779424755,275.1417034281137
90.23294838518952,22.610048174143813,25.43077234525024,20.16422543898675,-0.05874969702745973,0.3672122781745534,-0.4649619834363626,1954.9129428281772,0.00019230970902474247,275.1981322675707
90.28294838518953,22.610048174143813,25.41987459383089,20.473600689766112,-0.12636295224453953,0.35812727993764565,-0.45022005175941315,1955.2179419419629,0.00019577109760985297,275.1315578687957
90.33294838518952,22.610048174143813,25.636082363838636,20.31537398194064,-0.07783982911957005,0.36466904010621976,-0.4243269321376782,1956.9526811529306,0.00018610205073577498,275.0254309494725
90.38294838518952,22.610048174143813,25.885741151301477,20.130358272155032,0.06405061039727275,0.3741793374400915,-0.4217218067661419,1959.6378222349554,0.0001902656817469346,275.02188824638995
90.43294838518952,22.610048174143813,25.92279260829739,20.12118362142765,0.08165733114815814,0.3697047022250193,-0.42596522443369256,1959.0478387173584,0.00018539611563050566,275.0870687088246
90.48294838518952,22.610048174143813,25.843836501604272,20.40936667378555,0.050071729197616224,0.3448361868420702,-0.41125924852003615,1953.1429119507975,0.0001937661230658442,275.2850419326616
90.58294838518952,22.610048174143813,25.812755986915825,20.358435376180857,-0.05663406290957383,0.3573723356505267,-0.39673501735292177,1953.7462391364988,0.00019374328162940276,275.2591549121691
90.63294838518952,22.610048174143813,26.011458090376177,20.000537047992655,0.10929577979013334,0.3541781785015037,-0.4023346227626428,1951.7571266060659,0.00020149728613986533,275.12639619769544
90.68294838518952,22.610048174143813,26.176058754116013,19.895448627217007,0.23876958877687904,0.3474526114826477,-0.4074602851855851,1946.9172418934118,0.00019408989871988184,275.0995409875099
90.73294838518952,22.610048174143813,25.778547246012923,20.479329231693114,-0.14041718274591442,0.34434416857261024,-0.35547943648752456,1935.3398789420473,0.00019262193362127157,275.28979221611627
90.98294838518952,22.610048174143813,25.813971805285362,20.85727079305206,-0.5345937553021376,0.3425403219545799,-0.38896324560490614,1947.7730359737175,0.0001960923535021466,275.35962940190683
91.03294838518953,22.610048174143813,26.773492587667068,20.386157168591396,0.3585165622999789,0.3431993199544517,-0.42425936009250653,1955.933462504982,0.0001807983694471445,275.30243961542647
91.08294838518952,22.610048174143813,26.444037558067265,20.142406339414034,0.09395029930416851,0.3310718064563123,-0.4392503004315116,1954.465350771705,0.00018058347950276416,275.11126378145667
91.13294838518952,22.610048174143813,26.632838812992233,19.955808488904538,0.45655036722953324,0.3141487073639744,-0.4676196231819108,1953.361851533611,0.0001729710475275043,275.111053273218
91.18294838518952,22.610048174143813,26.020592416657852,21.16458600001402,-0.0661648409932623,0.30137361265843793,-0.4810528718376297,1950.2851737569777,0.000171930173688698,275.13707343303304
91.23294838518952,22.610048174143813,26.145980842323205,20.69027985985018,0.0647860813115694,0.3262670511923611,-0.4352307165058859,1947.0711263951014,0.00016850443895081608,275.13166136884985
91.63294838518952,22.610048174143813,26.65612811559896,19.964764452828234,0.3851639391865809,0.23068392372324806,-0.4466534177829139,1930.7897953537165,0.00019311894382343387,274.6423900926478
91.68294838518952,22.610048174143813,26.405702295225222,20.250882486629788,0.05936516360288233,0.2161981032348568,-0.49108371497934006,1935.643667631815,0.00019884775097792456,274.4753978219932
91.73294838518952,22.610048174143813,26.01648863987044,19.592568750725448,-0.4030441012971128,0.22725344909743064,-0.4647380700329096,1941.6832604502636,0.0001957573454975724,274.36283603647473
91.78294838518953,22.610048174143813,26.751834181460577,19.491263889228197,0.31661795889503097,0.2330699639617713,-0.39631616155703103,1945.9619537884766,0.00020255846279486345,274.4331226240577
91.83294838518952,22.610048174143813,26.490706423623248,19.66654573376753,0.030714955046805784,0.23577475604793097,-0.373965845559604,1947.3013618767254,0.00019242925536009793,274.43667356031705
91.88294838518952,22.610048174143813,26.488128615651487,19.513883862026372,0.13235077008657845,0.23357568597749634,-0.37563996226354185,1945.5473563348905,0.0001917962439748145,274.29739742002056
91.93294838518952,22.610048174143813,26.322644938364295,19.446254202712893,0.10784284521017247,0.23630888996235838,-0.4129576141301033,1943.5542901304177,0.00019691123636074583,274.28906854260975
91.98294838518952,22.610048174143813,25.860320868888635,19.279362584723387,-0.27763229070706874,0.2114109315810032,-0.4553462214254282,1940.7058948609683,0.00018783897464954663,274.31528227233053
92.03294838518953,22.610048174143813,26.221702749290237,19.352991198803426,0.21656933785477753,0.20303921465584626,-0.43570128705345096,1939.2012450428163,0.0001815754269513207,274.24577095071857
92.08294838518952,22.610048174143813,26.055136027899877,19.55318188520796,0.19426113940882422,0.19073914048164964,-0.4490374290424891,1933.0638329532687,0.00018733989220418915,274.23391763970176
92.13294838518952,22.610048174143813,25.31522321036899,20.905758653329336,-0.41205510967835385,0.18822873673149695,-0.5044936709264622,1917.5521201393883,0.00019087017010789665,274.3430208520007
92.28294838518953,22.610048174143813,25.318721849841427,19.911992583517694,0.2572530819944196,0.18286659879398734,-0.5321879421231934,1908.0099856904608,0.00018905251532881244,274.3233752311881
92.33294838518952,22.610048174143813,25.19320293210767,20.26984745995926,0.1384235976854612,0.17468773188156417,-0.5128322424080166,1903.7093912549321,0.00017263548429038902,274.19311090983643
92.38294838518952,22.610048174143813,25.196682025743893,19.419966039582953,0.12594125526313343,0.17258226063964702,-0.49686591438745076,1916.5981485919428,0.00016566666159805775,274.1821379287423
92.43294838518952,22.610048174143813,25.083945857522554,19.72122938150189,-0.00410432824742876,0.16678110414607977,-0.5163673210005154,1916.4574353847556,0.00016412179269954322,274.0783873300845
92.48294838518952,22.610048174143813,25.160960999131685,19.671298088909342,0.18770483383237796,0.17923206663911473,-0.5112950899219241,1899.8216675766919,0.00017044524874842965,273.70946689515847
92.53294838518953,22.610048174143813,24.902675331025645,19.118941120475036,0.07139813689159352,0.18871140773500833,-0.49609742872980594,1901.1854842996108,0.00016264350492384944,273.31851533028
88.98294838518952,22.560048174143816,25.34080461213438,21.894118223054942,-0.6473534252492608,0.6270990422872607,-0.4262259960967538,1940.276528032505,0.0002150456118195093,275.6861462774084
89.13294838518952,22.560048174143816,25.605311393135338,22.645518842492635,-0.12400760201351911,0.640139285360589,-0.44898078019866194,1936.8074748207798,0.0002123690190971655,275.85360889747864
89.18294838518952,22.560048174143816,25.832591993316164,22.46547248372028,0.04558518114411941,0.6006729109958009,-0.42933377860866906,1941.6748928321995,0.0002102414412748872,275.89316130138576
89.23294838518952,22.560048174143816,25.902738427776143,22.105953291671682,0.044087094861042765,0.6110689169200655,-0.42735691564315315,1942.1760163267838,0.0001980489280333812,275.8552113261853
89.48294838518952,22.560048174143816,26.472075763479328,20.619397260391914,0.12643174613181576,0.48884608210241304,-0.4206008568288445,1954.3582900540885,0.0001890168967514015,275.6162671288075
89.53294838518953,22.560048174143816,26.856000711664485,20.306943899185562,0.6511681878525702,0.47461138858029595,-0.4117470999826415,1949.9455050969602,0.00020213736483363777,275.5589841816928
89.68294838518952,22.560048174143816,25.60925458474264,22.455393867030363,-0.27010543254681807,0.49125125515199913,-0.481815655821245,1941.143619064603,0.00020173257690426648,275.6745744668145
89.73294838518952,22.560048174143816,26.52152305287796,21.635463394640805,0.6480868332189094,0.4624539598142272,-0.490290226815578,1947.3137984456316,0.00019144312721419744,275.4454450887224
89.78294838518953,22.560048174143816,26.350594670688665,21.43637781002015,0.46690060246912984,0.46916303402256737,-0.48834628510910477,1948.0777176401664,0.00018941212305297216,275.4466472208148
89.83294838518952,22.560048174143816,25.765566535328148,20.932113960009108,-0.02208808092253818,0.4591766989778453,-0.4914334357420151,1945.476900813545,0.00019326410154421418,275.4306972248904
89.88294838518952,22.560048174143816,25.540839252250397,20.724485055253073,-0.09568565202979466,0.42557550573253267,-0.49810663343288175,1942.6087924685062,0.00019620984199889233,275.49235195142285
89.93294838518952,22.560048174143816,25.23009569610941,20.079005304711544,-0.300002981560694,0.3966950022460286,-0.49192351819350566,1943.5033061757626,0.00018792263547333363,275.43507236013147
89.98294838518952,22.560048174143816,25.762348812200152,20.341171070045426,0.3197169737768683,0.38421687245508884,-0.4812011672618792,1945.2873068532983,0.00019810884934341378,275.35249059835263
90.03294838518953,22.560048174143816,25.280157621893853,20.449394099770775,-0.2948684874954545,0.3887317361577404,-0.485191323710272,1946.040729971895,0.00020024593483465903,275.22996212284295
90.08294838518952,22.560048174143816,25.965024035660935,20.150562323434315,0.2893540107810174,0.3818055581712101,-0.504741465755863,1950.969698875374,0.00019009352332038864,275.1966272288636
90.13294838518952,22.560048174143816,26.052072818082653,20.042942700829812,0.34718438571309157,0.38335894020645045,-0.4977625087418943,1954.8114593265968,0.00019388413711811782,275.19540595216534
90.18294838518952,22.560048174143816,25.532532774433477,20.079076357474086,-0.1250768844037534,0.3821853882549874,-0.4706486423230895,1955.9643614724878,0.00019898945656800386,275.1594459028874
90.23294838518952,22.560048174143816,25.65068093326434,20.24085577142199,0.04231057962139216,0.3649800459694191,-0.4676370289778082,1955.5549663303038,0.0001874942326400084,275.17853132047577
90.28294838518953,22.560048174143816,25.73036883172395,20.275133433166662,0.00547325641148781,0.3511765866483069,-0.45969311671437313,1954.9800200492375,0.0001984555540486272,275.0724117120022
90.33294838518952,22.560048174143816,25.76211356852054,20.145312937161474,-0.1284177712147742,0.3527911018837093,-0.4352752422358103,1956.1849386114943,0.00019128187945871797,274.91422591621233
90.38294838518952,22.560048174143816,26.036586965337325,20.093423653905433,0.11248255802520114,0.3644913461617204,-0.4347929448949467,1957.806884985178,0.00018574193428962072,275.010446398146
90.43294838518952,22.560048174143816,25.913635068599365,20.29730611445916,-0.021037668221376163,0.3829825469531949,-0.4225137446937745,1956.8408080164402,0.00018912598873409753,275.030168781435
90.48294838518952,22.560048174143816,25.892459195558818,20.34206909973881,-0.054849683280684396,0.37306701063010017,-0.3966906336774998,1956.409248885696,0.0002012549809727832,275.17792932057574
90.53294838518953,22.560048174143816,25.525631223126233,20.70861854592589,-0.49488382817043614,0.3770399604632656,-0.38547271883515927,1954.4868328677057,0.00021340809147787814,275.34152330448984
90.58294838518952,22.560048174143816,25.68864338192683,20.898449573860194,-0.35076257249372206,0.3961495455063483,-0.35951028061659995,1953.2716878355702,0.0002034916516867517,275.386041475651
90.63294838518952,22.560048174143816,25.90242037720945,20.377753891626924,-0.10579067978198116,0.3694481224380601,-0.37402931454561,1951.963837448621,0.0002015568981831245,275.17575551687514
90.68294838518952,22.560048174143816,25.939601642982517,20.0808750091959,0.028435766276054868,0.34926081195759195,-0.40175911163809025,1948.6994421887896,0.00019367934746584707,275.05224524470935
90.73294838518952,22.560048174143816,25.857314477202536,20.596313797152987,0.004839247324469586,0.3596520982899088,-0.36889460956759584,1935.850857897476,0.00019502072497365632,275.23893536911197
91.03294838518953,22.560048174143816,26.03341380964149,21.442062228633997,-0.251229568516273,0.3795852702424443,-0.35883987470485285,1939.1233376681853,0.00018832063851556322,275.52054395877536
91.08294838518952,22.560048174143816,26.01084836801265,21.07753214168005,-0.16418571681822852,0.3290157389524282,-0.4423188835533266,1945.240061085019,0.00018185059949293457,275.2854073157406
91.13294838518952,22.560048174143816,25.877302411458906,20.973327511593144,-0.18926227231947473,0.33495589163059936,-0.44755539263970484,1944.4670127836155,0.00016508351989780683,275.2746270771434
91.18294838518952,22.560048174143816,25.79259779213994,22.07714571682328,-0.23709460362557058,0.38217534128136277,-0.3934713921093092,1937.7112581568013,0.00018997973200582833,275.31008645339875
91.43294838518952,22.560048174143816,27.374542638414066,20.444515965188636,0.4060671205193225,0.2628602154454013,-0.35091105307650405,1958.1151637839853,0.00016464278139302922,274.5440116709441
91.48294838518952,22.560048174143816,26.485805222639094,20.534922265057094,-0.31440150346950846,0.26176904863424594,-0.35183084254460345,1937.7083291956485,0.00017222815005840252,274.7985806695717
91.68294838518952,22.560048174143816,26.771350577106546,20.203107714489626,0.35767464668396975,0.21767129531296553,-0.4554015047717017,1930.8291885995645,0.0001967781325354168,274.6321739393495
91.73294838518952,22.560048174143816,26.0071991335071,19.850688979774525,-0.46212115969106426,0.23171207833130208,-0.4784377716317026,1937.7213770145006,0.0001938156081391913,274.4846880716533
91.78294838518953,22.560048174143816,26.620033569319922,19.58870686355951,0.1578536566040164,0.23230165829029295,-0.4229743139117638,1943.0545370397422,0.00019781892844780708,274.4572004961669
91.83294838518952,22.560048174143816,26.341024385349392,19.672438995085244,-0.12232849226095033,0.2389769360172011,-0.3973959309424453,1946.745210351381,0.0001986700225047623,274.4569233904872
91.88294838518952,22.560048174143816,26.680200475883964,19.48596662463236,0.2516551930913803,0.23967336626836977,-0.3945781500983713,1946.5181622149812,0.00019618181038501842,274.3401128661005
91.93294838518952,22.560048174143816,26.711367832438665,19.602488867682553,0.37187028492468305,0.22770682408871576,-0.4000401773917587,1946.6772436963186,0.00019334582764981708,274.26185858906865
91.98294838518952,22.560048174143816,26.246180778996102,19.574423393949807,-0.0887331446122232,0.2078120167119429,-0.4385295598337585,1945.4523729856417,0.000202268563631583,274.2847319224722
92.03294838518953,22.560048174143816,26.34630506529424,19.645281227644055,0.1348125729419333,0.19895777838216006,-0.428125842627052,1943.0385686063792,0.00019358910968111584,274.2760013822443
92.08294838518952,22.560048174143816,26.4363030807029,19.651526135658848,0.46094184291613166,0.19599751927141912,-0.44764039070044576,1937.465785136429,0.00019749244413174355,274.21068499935046
92.13294838518952,22.560048174143816,25.440426297052348,20.662726726971236,-0.32556025112106357,0.18451564339347482,-0.5077854560027322,1923.0333969251594,0.00019700253756827683,274.19462560297836
92.23294838518952,22.560048174143816,25.224405049738902,22.016526422158083,0.03927106132081586,0.20650446825328506,-0.538102259045598,1905.7065777812795,0.00018293229130415483,274.378930186796
92.28294838518953,22.560048174143816,25.074307989281778,20.232215271115766,-0.04151059459201574,0.1900735143892055,-0.5356484032022835,1912.302553007536,0.00019161844221512322,274.1552296875882
92.33294838518952,22.560048174143816,25.28450769329642,20.127799355944205,0.19576637726349275,0.17995237528685043,-0.5157142427747972,1906.6513305500825,0.00018580471234966295,274.02727037323695
92.38294838518952,22.560048174143816,25.296033317384108,19.57821604904632,0.16410390848721426,0.17344751717332307,-0.5050334559159863,1915.5305695664056,0.0001691758092778878,274.0841503769786
92.43294838518952,22.560048174143816,25.163223128252174,19.58327753271279,0.033987835924698305,0.1746400318383277,-0.5135286014205824,1917.832261564937,0.00016683123766925918,273.9470768056554
92.48294838518952,22.560048174143816,25.15864076601588,19.76421178550199,0.1715387152066661,0.1721040651947013,-0.5390214941999787,1898.2821811358806,0.00016793130821386574,273.625743097611
92.53294838518953,22.560048174143816,24.866673055903615,19.02433516873638,0.040657268818353305,0.184139016631312,-0.5210117231225362,1890.690026147246,0.0001615403256987657,273.14219499125437
88.98294838518952,22.510048174143815,25.93126740563192,22.336467079458735,-0.26135530112380073,0.6161652324284057,-0.4218263841199001,1944.4970970449954,0.0002054825639128116,275.51180978908906
89.03294838518953,22.510048174143815,25.658670529182128,22.545723457611633,-0.37611662198854484,0.6123851395007592,-0.4408998212333004,1938.0359272055307,0.0002075305230825666,275.55498808722126
89.08294838518952,22.510048174143815,25.30166479307208,22.696352679099185,-0.48124304366024095,0.5330872224655405,-0.4375294693622635,1933.3593965258574,0.00020889099288923452,275.72231374719473
89.13294838518952,22.510048174143815,25.465993641676896,22.689208899778112,-0.2750434400146649,0.5631050931134485,-0.4380682461604017,1935.8741056789052,0.00020729236745586004,275.7689693031612
89.23294838518952,22.510048174143815,26.826279670555333,21.98713374487869,0.7821344524275993,0.5545712611032679,-0.428912452911913,1950.0544848470142,0.00019068259313067423,275.70238706576254
89.28294838518953,22.510048174143815,26.283512881690505,22.094020878940796,0.01502844823476263,0.5444754538191294,-0.4111168017776691,1950.653615129137,0.00019616035595097924,275.64100224097785
89.33294838518952,22.510048174143815,26.63869239271992,21.511365735697126,0.24146428217276117,0.49875489773563386,-0.38826317418733897,1953.7131742681302,0.0001975962375854883,275.68103579903186
89.38294838518952,22.510048174143815,26.614756170424577,21.545774856766453,0.29384824214266164,0.4645055528610573,-0.3738730471257015,1952.0764921018265,0.0002002532954340114,275.74347931624203
89.48294838518952,22.510048174143815,25.954454712000665,20.420110848959474,-0.023095716480490764,0.47468498342310317,-0.4342176054399985,1953.4284891860152,0.00019028344661708513,275.43798909060445
89.53294838518953,22.510048174143815,27.08310692193872,20.11933949486473,1.1244670598471065,0.445228481921255,-0.44320885448093805,1952.9578189084737,0.00019266987333108954,275.44560324595403
89.58294838518952,22.510048174143815,26.743877349668953,21.150014753159883,0.945378599740471,0.48019509827346235,-0.42784632056501043,1945.6869539244094,0.00018911474740472407,275.5293436877031
89.63294838518952,22.510048174143815,25.792485538469883,22.630473564412455,-0.028356495854240348,0.4372225720471789,-0.45326322424663307,1939.5273593941422,0.000194255881765274,275.56110562868406
89.68294838518952,22.510048174143815,25.47667585231344,22.918039137296642,-0.38953020590917253,0.41744049080240514,-0.4798577251752491,1936.7137676030707,0.00019186607939442358,275.63467052291713
89.73294838518952,22.510048174143815,25.734268697044328,22.724862954878727,-0.1644478433090886,0.4985213270402223,-0.4815337503525474,1942.4427179081897,0.00019441730212768518,275.44608547367585
89.78294838518953,22.510048174143815,26.057340664073013,21.693226739529702,0.09399676152161363,0.49472976711720673,-0.4769341699024015,1948.440952785682,0.00019370657472166328,275.4046211596549
89.83294838518952,22.510048174143815,26.46276547206504,20.755839892659797,0.5600523884568385,0.45059673104072795,-0.47728055185303075,1950.7696096945335,0.00020212782096237084,275.3670483668207
89.88294838518952,22.510048174143815,25.97103650109101,20.331649503532972,0.14432375809078984,0.40766012522325823,-0.48681218262400594,1946.3021520890618,0.00020215330654717924,275.32537731151155
89.93294838518952,22.510048174143815,25.484836504005802,20.102209601163793,-0.163061425665079,0.39944141459049926,-0.4860792739160359,1942.9743974136438,0.000185307488731247,275.3606055628078
89.98294838518952,22.510048174143815,25.508012426182837,20.529997935226405,-0.08846539804504158,0.3865682512881222,-0.45727830686840254,1943.5730951260891,0.00018701590964400607,275.3080916515366
90.03294838518953,22.510048174143815,25.236327422523917,20.42139838190684,-0.49241020680396447,0.3868367733872146,-0.4618704765705561,1945.0140267563886,0.00018860796202835992,275.1070094811333
90.08294838518952,22.510048174143815,25.854824763483965,20.30763095736752,0.05204082047271293,0.39190806534136724,-0.48692754256451737,1949.194163354,0.0001822236549725914,275.0116819686111
90.13294838518952,22.510048174143815,25.784972157351785,20.210236658070993,-0.013214522789700575,0.3899654163886407,-0.4818638827082481,1953.7912729566708,0.00018953754604709568,275.1058284065647
90.18294838518952,22.510048174143815,25.448108181400706,20.340426667478514,-0.3389083773056375,0.39714184042912615,-0.4447995217265567,1956.4674184266544,0.0002014256235868721,275.1178714854886
90.23294838518952,22.510048174143815,25.766352132008542,20.07388591184278,-0.09462220764909582,0.37264877014803827,-0.4434501980406434,1956.8713425739106,0.00020181093454962139,275.069032883203
90.28294838518953,22.510048174143815,25.973949402603075,20.070473110197305,-0.016067390756827966,0.3744142332662793,-0.43393682062833966,1956.2094223942872,0.00018917221673078185,274.9967557499049
90.33294838518952,22.510048174143815,26.100911318754783,20.22268579431015,0.024447395255947843,0.37320884140098953,-0.41287261638010553,1957.0250349522641,0.00019121486327348144,275.0273924499528
90.38294838518952,22.510048174143815,25.95843300708735,20.840099064693092,-0.13065072354873838,0.39792796509187367,-0.4096544550596761,1959.308954702769,0.00019218304564079077,274.9937848131228
90.43294838518952,22.510048174143815,26.08914475023133,20.363143114251532,-0.05704687661071483,0.3814047394459321,-0.418081731832167,1960.4599733427995,0.00019641399784304118,274.9672996621872
90.48294838518952,22.510048174143815,26.368271305828575,20.15817405761855,0.14681126598872965,0.3613923143834752,-0.4185911863156557,1962.4800965885224,0.00019861378470805216,274.92425331566386
90.53294838518953,22.510048174143815,26.549212658843405,20.00819059749512,0.2637873432053126,0.3588506832369758,-0.42709373086343366,1960.50101008284,0.00019432165205996658,275.1018525394167
90.58294838518952,22.510048174143815,26.319925839626386,20.12101641520698,0.026734508897281864,0.3501643293004424,-0.38251763712577574,1956.2964654358009,0.00020107725876997404,275.1738995983091
90.68294838518952,22.510048174143815,25.550748216653037,20.40160791956933,-0.3451562306127843,0.3587793668481737,-0.37096521290333256,1946.0546075885788,0.000195237758863328,275.0764465413446
90.73294838518952,22.510048174143815,25.959693887248964,20.447232501598496,0.18696413133208226,0.35749347787432706,-0.3764087667309832,1935.8196653648645,0.00019016846231366622,275.0848118021131
91.43294838518952,22.510048174143815,26.559900607342286,20.493645492000365,-0.10488994758796377,0.265582504573441,-0.37173693756580234,1953.5260389178611,0.00017802925559938607,274.7066517266779
91.48294838518952,22.510048174143815,26.15051001881212,20.434379773231335,-0.3762110086941659,0.25623594650502707,-0.40130945357294967,1942.2408452737698,0.00017939197690379296,274.7604894395652
91.53294838518953,22.510048174143815,26.918679224696557,20.769275783194733,0.4653050244659142,0.2669914886866725,-0.3308776856164534,1931.539499751487,0.00018250955947706848,274.79834232177507
91.73294838518952,22.510048174143815,26.445053547635407,20.10637822711001,-0.002634319162058898,0.23691394234221175,-0.44893642609284823,1931.8046747151714,0.00019717417585209048,274.4902408678168
91.78294838518953,22.510048174143815,26.577065044724172,19.81020732823781,0.1425728674810234,0.22894671509045858,-0.4349521078865389,1940.417022201383,0.0002040882218131208,274.41161902148554
91.83294838518952,22.510048174143815,26.308118021403313,19.90636952410354,-0.13060500587592333,0.24595764939851925,-0.4185940360841833,1944.5505208920758,0.00020911403509286375,274.3923284951052
91.88294838518952,22.510048174143815,26.260574535319208,19.8261533211354,-0.1716659519203335,0.25095848185738934,-0.421675815347488,1946.8042471093124,0.0001995046148314974,274.5048634493188
91.93294838518952,22.510048174143815,26.696523172293425,19.703548316790002,0.3216800132079991,0.2552939272072276,-0.4126722354670081,1949.234674866089,0.00019222402134881682,274.40679889488877
91.98294838518952,22.510048174143815,26.41935119783007,19.652770447112758,0.0691167606364373,0.22837448208057304,-0.43952041841148826,1949.053401408704,0.00019635697271863303,274.3391676316578
92.03294838518953,22.510048174143815,26.404807554498106,19.64730882828604,0.17989568907279502,0.2032886272777554,-0.44008035470904344,1945.9887315493545,0.00019218811558061906,274.33561839832936
92.08294838518952,22.510048174143815,26.212193863619174,19.866488653037788,0.23300907344380764,0.21512063190420067,-0.4513500649278157,1941.1643831497377,0.00018821640464794848,274.26512319516286
92.13294838518952,22.510048174143815,25.652010890614534,20.258366811712524,-0.10420902862094496,0.19613882610400818,-0.49973485743870905,1931.3669425088501,0.00019005947698540722,274.18539335573615
92.18294838518952,22.510048174143815,25.09930155342546,20.727086024528756,-0.37532417988460703,0.20813674980119545,-0.5404347442254707,1920.876261822965,0.00018067554068789706,274.24288433106585
92.23294838518952,22.510048174143815,25.100460390306786,21.474665502160185,-0.1915783366754609,0.19492496880211624,-0.5271728861296189,1916.7177734603308,0.00019033250056735867,274.16853293912595
92.28294838518953,22.510048174143815,24.81523792797947,21.05542739226206,-0.37318318346827356,0.18173483763921675,-0.5287062741163853,1913.9411150587334,0.0001899054511101122,274.16133668291883
92.33294838518952,22.510048174143815,24.834663570771596,20.560592296620076,-0.33049303496105664,0.17664466747566426,-0.5220346378718591,1903.6660942105111,0.00018048006064688685,274.0561497325344
92.38294838518952,22.510048174143815,25.243855112368518,19.872312069212075,0.06053204340456897,0.1737535427050937,-0.5153019788871626,1913.0457054558485,0.0001672890044091,273.9460414485902
92.43294838518952,22.510048174143815,25.290162677148498,19.3905177580913,0.16750788111308515,0.17220619730416667,-0.4947016334210215,1920.883136147379,0.00017014976176629612,273.8825291743737
92.48294838518952,22.510048174143815,24.807225630242595,19.97288480312137,-0.17044370676980458,0.16703527672299304,-0.5376867136455074,1909.9554372502776,0.00017695395693626367,273.6236423809559
92.53294838518953,22.510048174143815,24.747777241197902,19.089394582909815,-0.03130172435873379,0.18733704326512865,-0.5373675490652766,1900.9590227353422,0.00017116862697643775,273.12700190941536
89.03294838518953,22.460048174143814,25.918620299381306,22.455048294170787,-0.24897516489584082,0.5708176990910838,-0.4279584507256888,1942.1184255073567,0.00019859328291781128,275.47501082231247
89.08294838518952,22.460048174143814,25.46079542516979,22.11194026188905,-0.3922178606370904,0.470993574384095,-0.4295899948570163,1938.8426545592242,0.00020000484466874195,275.5117637338085
89.13294838518952,22.460048174143814,25.48592398760163,22.610839985604606,-0.3892127081056235,0.4375783526101503,-0.42547784791685084,1936.5626799930862,0.00020274496427955677,275.51675565628426
89.23294838518952,22.460048174143814,26.042814415592083,22.39475603304156,-0.1725252141267384,0.4642413122422449,-0.4232815376209905,1946.7489259665347,0.00019698971808591428,275.6330213116029
89.28294838518953,22.460048174143814,26.429491724060934,21.460549664593323,0.04650302244829171,0.5172124178011829,-0.409110299301139,1953.9405936600585,0.00019777079960252387,275.5179576346637
89.33294838518952,22.460048174143814,26.891265121729965,21.11068564892282,0.6128064008166225,0.5272494302482449,-0.4024279153008983,1955.5790532367078,0.00019211550112274527,275.49824826835015
89.38294838518952,22.460048174143814,25.81062885733371,21.346018911765512,-0.20098298850476828,0.5029332381967215,-0.4019575101969602,1948.0394391555913,0.00019776933327024586,275.5336768773554
89.43294838518952,22.460048174143814,25.730578830695347,21.31404599752802,0.14678520421609442,0.40465478033785157,-0.40684295925401825,1942.4334808483356,0.00020310242045988147,275.45534760763303
89.48294838518952,22.460048174143814,24.769440828123024,19.798245001914996,-0.6604797164220046,0.46126853679610136,-0.4649552206528483,1939.4328032264882,0.00018760656391486288,275.4690628051558
89.53294838518953,22.460048174143814,25.00590009962297,19.47882676979684,-0.39984053692829674,0.4394282648853905,-0.4846709493153002,1940.3404485355877,0.00018117976163122828,275.54774673688485
89.58294838518952,22.460048174143814,26.158195770925666,20.840492110930484,0.8352157223469583,0.4495161991845049,-0.4443124073123002,1937.281538870185,0.0001819687596656544,275.62865905387184
89.63294838518952,22.460048174143814,25.752235431701298,22.50733193428772,0.3246932750884079,0.3909716035113682,-0.45765038546134706,1932.9804140931803,0.0001810859153772009,275.67543403413634
89.68294838518952,22.460048174143814,25.591980580219072,22.791938566738743,0.03215685650380877,0.4222315719576175,-0.4812126247160991,1933.4122101740302,0.00017744956575614784,275.59653133966873
89.73294838518952,22.460048174143814,25.825629662069886,22.488233735226,0.06860713123983113,0.526676291168641,-0.4756196786810273,1941.544243835686,0.00019264027265757986,275.45275771212044
89.78294838518953,22.460048174143814,25.980271596248233,21.984140838424693,0.0305037590939627,0.5128535499350347,-0.4667544322744573,1947.4352029157528,0.0001975379551051066,275.38613845962664
89.83294838518952,22.460048174143814,25.968010032906896,21.07729339746294,-0.07314873496695942,0.4662807268441686,-0.45477906768351106,1950.799454897826,0.00020561830408777975,275.2267158663773
89.88294838518952,22.460048174143814,25.896748473616952,20.256723457855866,-0.027788458111085598,0.4389645735233694,-0.45605835597625527,1949.6951386590765,0.00020777995504368794,275.2706807697767
89.93294838518952,22.460048174143814,25.8089157954404,20.258506791287907,0.0728708675572906,0.411094196567971,-0.45395293197198694,1946.515639690313,0.0002048264396875553,275.3950111433666
89.98294838518952,22.460048174143814,25.467167187665744,20.265450952005462,-0.2982906920292258,0.37694521439496737,-0.43366058887936854,1946.68829988744,0.00019889162760453735,275.2478517819134
90.03294838518953,22.460048174143814,26.12910530431602,19.78364977599928,0.26498017349611586,0.3853454588232336,-0.4628404744474662,1948.2508061585247,0.00019013493879911666,275.0429782796193
90.08294838518952,22.460048174143814,26.094605237662044,20.175866359474497,0.208221107442218,0.3962779984457587,-0.4755266691813425,1950.8778436144366,0.00019067247321733288,274.928930118909
90.13294838518952,22.460048174143814,26.0365868907627,20.019563991994985,0.17807106817191565,0.39265246637089424,-0.4472638594720016,1954.3039213525003,0.00019726158611393233,274.89680014804924
90.18294838518952,22.460048174143814,25.702718812876892,20.114829005439145,-0.24915399193970036,0.39306622007207825,-0.41860733847925213,1956.7979899487416,0.0002062564144671375,274.92485384570404
90.23294838518952,22.460048174143814,26.635206518309136,19.784047792387792,0.5666619260136039,0.38188869745253795,-0.41982714082000616,1957.0207800476467,0.0001917639816324925,274.9259770837457
90.28294838518953,22.460048174143814,26.42140183351132,20.080859534276446,0.2430825824453401,0.3839727019749322,-0.40345503723355863,1957.539982481508,0.00019124793307677846,275.05812174063254
90.33294838518952,22.460048174143814,26.216710596419308,20.265539952416223,-0.04548101181924133,0.39931438657576906,-0.39408361052336316,1958.8494052022138,0.00019313892601547684,274.98283997289116
90.38294838518952,22.460048174143814,26.407074710271512,20.07579731799481,0.10152921166372261,0.3846738020965975,-0.4034519517390816,1961.9760528035672,0.00019447566878692306,274.8653478754887
90.43294838518952,22.460048174143814,26.150101334162517,19.954116149772656,-0.3127886948952528,0.3956256456627393,-0.40659836531361276,1962.489988403908,0.00018677720351030166,274.878663492913
90.48294838518952,22.460048174143814,26.559173471329206,19.967964216945667,-0.014485626865164554,0.3780410700214246,-0.4081431149203112,1962.4985473776171,0.0001807571072062976,274.8172051131069
90.53294838518953,22.460048174143814,26.81075839404938,19.880620056681817,0.22467982336827977,0.3852217126486828,-0.4107990315966359,1961.9023422438884,0.00017806882336710356,274.95055162096946
90.58294838518952,22.460048174143814,26.361267528235203,20.214350521902315,-0.1053969920006876,0.376460260279207,-0.39012339437193067,1959.1507933592209,0.00018757858693980292,275.0489266732411
90.68294838518952,22.460048174143814,25.536652743813068,20.37764851881048,-0.2779376929861778,0.400388187088609,-0.3644125215281419,1950.964360720014,0.0001825668056723051,274.8877859287439
90.73294838518952,22.460048174143814,25.779911303453787,20.288911746581856,0.03900109012053437,0.38605752561166456,-0.39721951312887516,1946.8055295622125,0.00017627637758103955,274.9088236926953
90.78294838518953,22.460048174143814,25.801975397074717,20.446092847087424,0.03156043339109407,0.3610498738900749,-0.40136003634259804,1942.5569936572613,0.00017543322396414845,274.9907412731106
91.48294838518952,22.460048174143814,26.256167450997108,20.451169333950276,-0.20948684734121714,0.265717992252812,-0.39150480478215954,1947.1141559577918,0.00017741194813303003,274.8736684791625
91.53294838518953,22.460048174143814,26.76655290701014,20.39065203563442,0.2151782075469129,0.26958010323959997,-0.3578301188188854,1939.6460842545212,0.00017703076857568555,274.94808748572416
91.73294838518952,22.460048174143814,26.675720587060155,20.65101123193516,0.24495067799391101,0.2631327522914905,-0.38080779732641157,1926.7769724606296,0.00020916659123564323,274.52058207240015
91.78294838518953,22.460048174143814,26.082125562593625,20.03445948616753,-0.3212774915136139,0.2521853689550775,-0.4046854051345636,1940.426777544413,0.00022195976190634098,274.3556246463195
91.83294838518952,22.460048174143814,26.465289690384452,19.93150693316707,0.05525801427920544,0.271223414793214,-0.38939809749020693,1946.0530699183098,0.00023119034353385608,274.40339236324877
91.88294838518952,22.460048174143814,26.07205553306429,20.267088862218614,-0.3300825543007181,0.268471889914506,-0.42381616663028754,1948.4641423155858,0.0002106745580600395,274.53675450850545
91.93294838518952,22.460048174143814,26.420527161465724,19.821774888153364,0.12416364178845773,0.2821333079899132,-0.43662838163032264,1950.740301515713,0.0001989274984382481,274.5246194368989
91.98294838518952,22.460048174143814,26.247878148112513,19.84744180917661,0.04548109566179199,0.234104219388045,-0.4439948652965349,1951.7569383538691,0.00020187651684081733,274.3718372092554
92.03294838518953,22.460048174143814,26.147195505083268,20.248511131023058,0.026891130890894028,0.1986333335319159,-0.4372634381801047,1948.6255225173768,0.00019321233561514319,274.38405662875897
92.08294838518952,22.460048174143814,26.155652509183376,20.295549057885324,0.18119322314015776,0.19811188088879317,-0.4426315270030084,1943.7946068894075,0.00018563519216941682,274.3651441367732
92.13294838518952,22.460048174143814,25.780451687204756,20.181384289589868,-0.06181371583980916,0.1911996861310801,-0.48003032273753665,1935.4880532158927,0.00019218542636869994,274.22595874962497
92.18294838518952,22.460048174143814,25.70049604901525,20.021463765925553,0.0429482258745425,0.18271967127797906,-0.5094385634244734,1928.3965579185742,0.00019536678784814803,274.06851373818887
92.23294838518952,22.460048174143814,25.172896972083468,19.841423338191905,-0.3161247937780934,0.17236818674885926,-0.5125194026905888,1922.934221401265,0.000183291571470574,273.97041819787916
92.28294838518953,22.460048174143814,25.18911244812912,20.125141374558332,-0.18863619637147852,0.17822160007465615,-0.5299079775355148,1920.749064972954,0.00018218383547243777,273.9924440815182
92.33294838518952,22.460048174143814,25.291584959558982,20.220528096356844,-0.038776439261399176,0.16973584501114122,-0.5169905549643179,1917.622719430984,0.00016618108822428283,274.01055106113006
92.38294838518952,22.460048174143814,25.37648710509398,19.91674288405662,0.09880520215831451,0.16685977441204736,-0.5132737118463911,1914.6717630885848,0.000164973256631584,273.86267705929464
92.43294838518952,22.460048174143814,25.177080548747263,19.285306272734545,0.005176850950222688,0.1655969819956369,-0.5065081111935846,1926.239374061806,0.00017178181895070868,273.77572291561296
92.48294838518952,22.460048174143814,24.691722173475828,19.987989890100803,-0.2815112819447544,0.17134135167171113,-0.5423265994071444,1925.7716471612207,0.0001742894750265661,273.55921963872544
92.53294838518953,22.460048174143814,24.92236036382536,19.271783200160034,0.15605334941845445,0.1808062359773092,-0.5362972763725598,1910.5078837654544,0.0001758123204408096,273.0474183715475
89.03294838518953,22.410048174143814,26.05770313014519,21.765109418133807,-0.29178652808385674,0.5713554042603307,-0.4296663990446496,1947.4987610377677,0.0001916018809421097,275.370931621679
89.08294838518952,22.410048174143814,25.857030002695716,21.530441774665974,-0.25350281354544135,0.5543476864038345,-0.4471382332400861,1945.1528816610685,0.00019388397172952562,275.2331984461247
89.13294838518952,22.410048174143814,25.854281527382824,21.456960962656986,-0.21999201873276641,0.5484221951592135,-0.43304582326147734,1942.8306235602242,0.00020093630236820166,275.2634844509124
89.18294838518952,22.410048174143814,25.618545277266055,22.969333768411552,-0.5403975151100167,0.4571962647610195,-0.4254714899835288,1940.4683670786333,0.00019646157069109596,275.4867974524563
89.23294838518952,22.410048174143814,25.74064736337822,21.9759547532981,-0.5302207049927512,0.5223825615324391,-0.433352214687799,1945.27053319115,0.00019113366768702697,275.49750204192105
89.28294838518953,22.410048174143814,26.57084128176346,21.86638638435055,0.3822226103196498,0.4957345744889743,-0.41721142888261226,1948.1729727020222,0.00020020334148796934,275.4064919821209
89.33294838518952,22.410048174143814,26.692554066824652,21.15918814618601,0.7323224187123364,0.5354256409949233,-0.41829650328834833,1945.323700416394,0.00019143474216764772,275.3677620174329
89.38294838518952,22.410048174143814,24.476424230379468,20.197848739227616,-0.9367193026121146,0.4764160391197052,-0.4409409548734153,1930.4355891242571,0.00018543820391906735,275.3216201449516
89.43294838518952,22.410048174143814,24.782807549368002,21.158929690251018,-0.11017381190007311,0.4068438182298032,-0.41854484659879077,1918.508323565449,0.00019007820936356052,275.34792586739877
89.48294838518952,22.410048174143814,24.410637497237992,19.87587235549021,-0.3673171192464666,0.4539028745942792,-0.4706481646235493,1915.606221156255,0.00018973569519182732,275.34605616134786
89.53294838518953,22.410048174143814,24.30417871666521,19.436186460722777,-0.4977931340480217,0.4163156620875225,-0.49609730600396035,1917.4574522687012,0.00019166221523614547,275.4363872137918
89.58294838518952,22.410048174143814,24.35792500505161,20.04434705251432,-0.4787693698537755,0.3849328534444699,-0.4726615757290985,1918.8120797442182,0.00018006129561767815,275.4788250040183
89.63294838518952,22.410048174143814,25.44656265039884,22.2958645466624,0.4553377816228934,0.3936236905436846,-0.4486106954489493,1924.3015122927497,0.00018541585484863722,275.52628955300054
89.68294838518952,22.410048174143814,24.959544263656024,21.2231543277838,-0.23849664973151027,0.44269660591322374,-0.4813345846775899,1932.0026183748241,0.00017532984535561055,275.4497365571633
89.73294838518952,22.410048174143814,25.726270856943426,21.197518299028403,0.25945681359790296,0.46437029192947776,-0.48688097160278543,1943.705265992024,0.0001845559053100729,275.2652189512571
89.78294838518953,22.410048174143814,26.58206493550445,21.315718184120684,0.8087217928878733,0.46488859050878195,-0.4682747935243417,1951.100556502934,0.00018955365402889822,275.08719566372054
89.83294838518952,22.410048174143814,26.329601222847835,20.781784950238254,0.25371318329957665,0.4522245465621814,-0.4615759772707025,1950.9061414189396,0.00019294162279032836,275.06337638864005
89.88294838518952,22.410048174143814,25.640089333795718,20.466877142243288,-0.4692248409423481,0.42661170869687515,-0.43343678998442287,1948.5440802490737,0.00019676947241606955,275.114596843869
89.93294838518952,22.410048174143814,25.684186252302244,20.66141701040247,-0.3272942689028695,0.38378785920774017,-0.41415172143530543,1947.2875694428988,0.00019792885090960555,275.18984088786914
89.98294838518952,22.410048174143814,26.055554182113724,19.757132028775402,0.04039627733342933,0.3887031640413997,-0.43313807776672353,1949.3463948243282,0.00018577029824153054,275.107717749108
90.03294838518953,22.410048174143814,26.233520049155917,19.83467446095072,0.1865619076015387,0.3964809971331103,-0.4561995330113294,1948.779239659447,0.00018599204963504857,274.87732364672587
90.08294838518952,22.410048174143814,25.89909656995283,20.283203918047043,-0.07713194556173263,0.405609190629442,-0.4575610579975022,1948.9227288747002,0.0001936228994216991,274.93022243486405
90.13294838518952,22.410048174143814,25.640577688431883,20.408569745751166,-0.35657562094030393,0.40890226046171946,-0.41914215843822034,1951.248445523261,0.0001884131223743444,274.99129384486605
90.18294838518952,22.410048174143814,26.074187608122276,20.070213831345256,-0.07681865240719662,0.3954718643462184,-0.4162868251348635,1954.065281859677,0.0001855100105863741,274.80860380489963
90.23294838518952,22.410048174143814,26.385995968111985,20.079207264925678,0.09566353832567154,0.39026029740444146,-0.401239532658926,1955.1255775635886,0.00019713461377246212,274.82030940232977
90.28294838518953,22.410048174143814,26.128257616234286,20.36700494265133,-0.2570830988425841,0.40032810310503925,-0.3819647324702594,1956.183053715963,0.00020840931873886736,275.0115330089019
90.33294838518952,22.410048174143814,26.44773457726452,19.990225579688495,0.023753742644519276,0.38212132523351705,-0.40087224117816145,1959.7189851692126,0.0002035754723158375,274.94933449559556
90.38294838518952,22.410048174143814,26.645300169077018,19.972968065513243,0.08943515093017076,0.38203921747828506,-0.41196946230202247,1963.1702273856365,0.00019483161477775544,274.7882607553478
90.43294838518952,22.410048174143814,26.923035640775417,19.921470296580857,0.22444284620424404,0.3822646269408055,-0.3970048404957703,1964.0204968057988,0.00018710975691949017,274.84337132701245
90.48294838518952,22.410048174143814,26.81515785542912,20.058993035770325,0.0175120952969948,0.3775468390469135,-0.38899129062440413,1961.4793651808297,0.00018068428887575363,274.880119032072
90.53294838518953,22.410048174143814,26.943784900370044,20.045374201574006,0.1252203729550379,0.3811537548733299,-0.3882071801043246,1959.6605442547852,0.00017754151680166185,274.8661603006546
90.58294838518952,22.410048174143814,26.32890077349805,20.210170143100804,-0.32177718875251254,0.3796640917293473,-0.38839794463660754,1958.8949190212434,0.00018163644194839554,274.91411250128465
90.63294838518952,22.410048174143814,26.07243351717793,20.529552258661855,-0.24026793700437346,0.38734118769382886,-0.35236829375262596,1953.0434720588025,0.0001912389784362871,274.9604941280595
90.68294838518952,22.410048174143814,25.501687122769784,20.684822855914895,-0.3355518802338155,0.40845365271884226,-0.37002284745766423,1950.065016064886,0.0001873236949744537,275.0126537780224
90.73294838518952,22.410048174143814,25.732726979474982,20.301758703917145,-0.01938478537719779,0.394180660793605,-0.3967164189370576,1950.3486190161898,0.00018075613187664802,274.9633464133349
90.78294838518953,22.410048174143814,25.926290688344466,20.119302944566847,0.11730981400835906,0.3854151552375578,-0.4143533444900593,1948.0256707664805,0.0001716503406646758,274.96116839937133
90.83294838518952,22.410048174143814,25.95314676261075,20.56406723882556,0.04900650061641212,0.3817442158633295,-0.39448882146897574,1939.0885548122608,0.00017572741221526844,275.22827460768735
90.98294838518952,22.410048174143814,26.100505597954072,20.863714960306936,0.08282870047781471,0.4792373629627649,-0.3238701714233737,1945.2930408057425,0.00017556324329683632,275.19748498429334
91.03294838518953,22.410048174143814,26.236654199506223,21.63898266975402,0.2494850869192957,0.41395652201909566,-0.2963721123194458,1933.8257769685915,0.00018093977713833922,275.1723056113781
91.48294838518952,22.410048174143814,25.951663365985247,20.74561950777107,-0.6108599955589361,0.2649502580616475,-0.33815946634369703,1945.0816216831786,0.00017661144693122558,274.70419448538524
91.53294838518953,22.410048174143814,26.856855530702184,20.90657260533356,0.28857067967998423,0.28742662594581475,-0.3125409621703244,1941.1896877135914,0.0001787682936135023,274.9352957048798
91.78294838518953,22.410048174143814,26.58819950648319,20.572980913089257,0.12866840214786868,0.2853405957325883,-0.35432814404990076,1946.575277526649,0.00021726888956439085,274.2985195108234
91.83294838518952,22.410048174143814,27.321166467035408,20.880658415570533,0.90682087071113,0.2814344686228341,-0.3240273806965614,1956.2648926509264,0.00022032215084693546,274.33280842454053
91.88294838518952,22.410048174143814,26.61296823817509,21.033543775103038,0.29938253466111314,0.2680877517415927,-0.37761802133118033,1957.0052544886876,0.00020990270112656169,274.4045837916772
91.93294838518952,22.410048174143814,25.78922988898822,20.397459741082866,-0.4212566997497516,0.2534030980687413,-0.4462760665552251,1952.7838649667847,0.00020148704213440277,274.50481183644337
91.98294838518952,22.410048174143814,25.871149559381408,20.242027343653557,-0.2862442804189631,0.20684762742065457,-0.4708188191903692,1950.5501493971522,0.00020398528266173793,274.44939312552833
92.03294838518953,22.410048174143814,26.04586859379939,19.737639257653438,-0.07233208688891449,0.2046913453030468,-0.4703800960173812,1947.7272991013324,0.00020318773744637498,274.3400705128984
92.08294838518952,22.410048174143814,26.446780862870447,19.87167232000947,0.38879947501219925,0.2038857603590361,-0.47178214816791647,1943.0245515252047,0.00018649439686993087,274.31476209823495
92.13294838518952,22.410048174143814,26.28703655366053,19.387548098280206,0.3270537581919434,0.1959643949756685,-0.49888806574566763,1936.215576236548,0.00018893395667286342,274.2137411015765
92.18294838518952,22.410048174143814,26.248502646973115,19.477724320294072,0.36634186759069237,0.1782447282905324,-0.501646655400781,1930.7248768128354,0.00019215992245054449,274.1332335712924
92.23294838518952,22.410048174143814,25.858522096273933,19.357325851919352,0.08040244396691122,0.19092208450749226,-0.5006087545224748,1925.9786530275544,0.0001763232778154901,273.9567776348505
92.28294838518953,22.410048174143814,25.518886463042968,19.786013457906098,-0.1379148962967188,0.18209385066795972,-0.5141896973191316,1926.8426298195145,0.00017458501631136263,273.8416304306227
92.33294838518952,22.410048174143814,25.470040045130684,19.916637875518745,-0.11650734405894528,0.171021861781663,-0.5155468149499773,1918.3862105054889,0.00017842360136601182,273.844444956577
92.38294838518952,22.410048174143814,25.466426744894918,19.47590428392224,0.016244809088283886,0.17622542520297121,-0.4944668045597686,1915.1481896467596,0.0001728779787323043,273.79169640148757
92.43294838518952,22.410048174143814,25.497418560577504,19.320862131270875,0.2583037250596968,0.16988977606838326,-0.5057458867137595,1916.9610250823837,0.00017053178035833657,273.7599684774659
92.48294838518952,22.410048174143814,24.613738642000346,19.730154886498685,-0.40757253869746807,0.18239961460823903,-0.5347925472779418,1921.9215585312609,0.00017648231240008166,273.47075094032454
92.53294838518953,22.410048174143814,24.50102842694368,19.439319901225137,-0.32442838578363886,0.17800845135231846,-0.5363322318806788,1909.253346112556,0.0001742612454139281,273.07315794838166
89.03294838518953,22.360048174143813,26.49916367899436,21.270844088334307,0.02525491949904181,0.5805997704455746,-0.4407273522370851,1951.5178940061771,0.00019612341969624415,275.3151082383497
89.08294838518952,22.360048174143813,26.709783295526382,21.366794143143,0.40270548416581675,0.5622323219730175,-0.448959835464753,1950.9877864716045,0.0001963507967401891,275.2135887708567
89.13294838518952,22.360048174143813,26.712887625009305,21.52310474533857,0.4799120824616595,0.5672345599016894,-0.44719650025172497,1949.3657583008655,0.00018921850931353953,275.2845736553551
89.18294838518952,22.360048174143813,26.24850785130634,22.281652388506753,0.023752729452343368,0.546434017139856,-0.4249058457765532,1944.2625273528647,0.00018857147441392376,275.43920824408207
89.28294838518953,22.360048174143813,26.159741389028927,21.853158725157975,0.38321606160621097,0.5155815232572597,-0.4257488606281407,1943.8404348200586,0.0002000878864021046,275.46296164200254
89.33294838518952,22.360048174143813,25.53548166782026,21.05154233648617,0.2521923322060319,0.5014185111676839,-0.4397843677334517,1933.8503311654463,0.00019574257795090688,275.27797653358493
89.38294838518952,22.360048174143813,24.31952623542241,20.211770727084854,-0.5903106774087666,0.4742830788762364,-0.45586033836492584,1917.5170015429899,0.00019170517591743085,275.23849612713514
89.43294838518952,22.360048174143813,24.591535323237206,20.979208606609394,0.03326933268299293,0.4529270508261253,-0.4366807191594959,1908.111302935412,0.000176721341409794,275.3391665010713
89.48294838518952,22.360048174143813,24.40662945827546,20.155530356843286,0.009233470117403069,0.43574995646379305,-0.47921749533345304,1908.674066984511,0.00018398557902287062,275.32833179332147
89.53294838518953,22.360048174143813,24.158612246231478,19.91816722379245,-0.2712779612276556,0.42640220156819747,-0.49573899878762007,1910.3952891200984,0.00019593300654643583,275.373067328963
89.58294838518952,22.360048174143813,24.251839905658045,19.72465067304406,-0.21713896757967768,0.3952890911890701,-0.4891809012476654,1912.7974091732544,0.00018553646094894078,275.3208431017857
89.63294838518952,22.360048174143813,24.758060781117504,20.728914011919006,0.2104684716041267,0.4105774436633649,-0.46581013229837404,1918.6909423516129,0.00018605132007534891,275.27427736199144
89.68294838518952,22.360048174143813,24.110664600271686,19.507033105052063,-0.691321258072932,0.39382674379930094,-0.5014989521366435,1924.077923689144,0.00017806071683797853,275.19508259470433
89.73294838518952,22.360048174143813,24.390052430791204,18.971804554302665,-0.8099596763001146,0.38184474501588567,-0.5068937603636074,1938.2586850612333,0.00017292988023588946,275.04386662200227
89.78294838518953,22.360048174143813,26.44710340903423,19.925607475827192,0.8260529927543043,0.41483496100007394,-0.47422285247483303,1952.4977038804009,0.00017113749960476524,274.93269092939306
89.83294838518952,22.360048174143813,27.124449480393046,20.19558775517193,1.156290859621736,0.42997633963836956,-0.4567628811154922,1953.2529111143933,0.00018617130421995926,274.97907819037346
89.88294838518952,22.360048174143813,26.20459385292194,20.76017259752031,-0.02177552140751536,0.3950916047096214,-0.4120255871188558,1947.8615531942808,0.0001919296306326677,275.11263650310514
89.93294838518952,22.360048174143813,26.25507084681724,20.3756657523497,-0.01064898449595459,0.4058963329966475,-0.4325976378675185,1946.4952445193535,0.00019296288068656084,275.1099785232217
89.98294838518952,22.360048174143813,26.257851884005877,19.758468632083265,-0.004182928098043182,0.39577417533439047,-0.45671707476148327,1945.8903421588955,0.00018750845113560578,275.0663085600313
90.03294838518953,22.360048174143813,25.951630726261932,20.2299695622704,-0.2652387611472122,0.4086860844463033,-0.4541968466553531,1947.5889135089344,0.00018755448453371422,274.87117808128943
90.08294838518952,22.360048174143813,25.754735027392584,20.365409034791412,-0.37912240395921926,0.41009812244963334,-0.4386495519175384,1948.5005395207256,0.00019068821607457487,274.9548564792769
90.13294838518952,22.360048174143813,26.170384755951712,20.07525269786709,-0.037983850628305726,0.4037715386159089,-0.4203549446006674,1950.512819069194,0.000188072297037718,274.86999566376306
90.18294838518952,22.360048174143813,26.70618822816293,20.01296338714001,0.40994521386522437,0.39462681299137736,-0.4136720246852937,1952.843902337029,0.0001885805214542185,274.89224701909444
90.23294838518952,22.360048174143813,26.299532297488682,20.386361242429693,-0.13961159059892417,0.38646313092490947,-0.37700402494618834,1952.9992656262123,0.00018524156031549552,274.8842425555162
90.28294838518953,22.360048174143813,26.479791513086436,20.43775940703399,-0.042490822059705224,0.397639330206521,-0.36088392919787937,1957.8814790432114,0.00018051480884341035,274.9014045479359
90.33294838518952,22.360048174143813,26.613109275369098,20.502961618973462,-0.05076540818861863,0.3879961954743921,-0.3615156069265532,1961.6136582384854,0.00018720963084419074,274.86031387633756
90.38294838518952,22.360048174143813,26.659977130185755,19.841908565856563,-0.12418587669459898,0.38697880200067253,-0.380900575241862,1964.168104174414,0.00018547961198414202,274.75853573082543
90.43294838518952,22.360048174143813,26.774664832021823,19.688167703229478,-0.11254133891644637,0.38540584752895113,-0.3839995920058688,1966.594407029975,0.0001892963679727643,274.7632737226375
90.48294838518952,22.360048174143813,27.176440497476673,19.90305256199771,0.19189104916664654,0.36745886066581407,-0.38129100903333674,1965.6965797689838,0.000193079439100953,274.7790177784801
90.53294838518953,22.360048174143813,27.38803731099797,19.815909491032087,0.3963187149678411,0.37233594044863766,-0.38387470602767276,1961.3729008641562,0.00018291852908334982,274.75732903515745
90.58294838518952,22.360048174143813,26.954780944866144,19.91568745394529,0.14744760429666878,0.3838836919251155,-0.3996752501162781,1958.3947709392382,0.00017857304269027014,274.87910494617694
90.68294838518952,22.360048174143813,25.397943259846834,20.63232889764168,-0.40067415562109776,0.39578806938791294,-0.35663748591115835,1944.5020318654974,0.00018796921553962753,274.9691023694056
90.73294838518952,22.360048174143813,25.813590291113375,20.327872613460357,-0.004613769793342016,0.384835050195361,-0.3892530199934436,1947.9032065011734,0.0001721140358076962,274.8317132000286
90.78294838518953,22.360048174143813,26.020216009058565,19.97270577681131,0.1077038476468212,0.3844252950730224,-0.39869915505551284,1947.5610182683238,0.00016828690375881152,274.8603991971652
90.83294838518952,22.360048174143813,25.83251665528386,20.56266161636275,-0.18087832526325864,0.3903426472222869,-0.3695113706080646,1937.737951967927,0.00017038208755807696,275.0434484274872
91.03294838518953,22.360048174143813,25.276365884245095,21.905367950209797,-0.5673652392780651,0.43335000805838825,-0.2974155309478969,1938.5156210102573,0.00017654708073841955,275.1576127550684
91.08294838518952,22.360048174143813,26.10412901066164,21.004649415373482,0.2689667768959902,0.3957029582678962,-0.3237843222244383,1945.789491074095,0.00016691720122266967,275.0522312491253
91.78294838518953,22.360048174143813,28.762730174863695,22.49579247911275,2.009140229194441,0.3093402435198889,-0.29092187128274954,1957.6734337066646,0.0002170220428851832,274.47141039353045
91.83294838518952,22.360048174143813,29.279628898713206,23.022332752760796,2.7135537651696695,0.31254549887731414,-0.26045488817780255,1968.0791055732025,0.00021408936492003168,274.28274949992766
91.88294838518952,22.360048174143813,26.739171258763573,21.30180950978154,0.34659549419959285,0.25264556923719694,-0.3396792335824403,1963.4759850208418,0.00021713783805839542,274.3735680194235
91.93294838518952,22.360048174143813,26.08312997043782,20.300027736343083,-0.1946295285008377,0.2205877621343289,-0.43546879087200113,1956.5549687962086,0.0002044483238915061,274.3962980392038
91.98294838518952,22.360048174143813,26.54996629444039,20.058156243806074,0.34768939628138795,0.21842192202530875,-0.46488696648326877,1951.9167691760567,0.00019433786282636604,274.3634198042002
92.03294838518953,22.360048174143813,25.892212303618734,19.586182786622988,-0.2862027340120576,0.19985513840504412,-0.5022332718701097,1947.7166072547147,0.0001840211040310795,274.2447267425144
92.08294838518952,22.360048174143813,25.888969840261623,19.73503408371698,-0.2334781562710554,0.21460087623953053,-0.5074368394120116,1942.4866288094702,0.0001708409332476452,274.173570415638
92.13294838518952,22.360048174143813,26.30650982270263,19.613000664706583,0.29910666700422267,0.20349479071534096,-0.5077900773224686,1938.1543564132462,0.00018005855532382924,274.1190298728112
92.18294838518952,22.360048174143813,26.177356121426712,19.327105146514242,0.17452786099714515,0.19394587493960197,-0.5037961305427902,1931.8375899111254,0.00017543169754713226,273.99013169717745
92.23294838518952,22.360048174143813,26.274834902522315,19.298371842534877,0.33851411267675646,0.1911976873747776,-0.4954717541862721,1927.634832035999,0.00017865892342782834,273.88464464349505
92.28294838518953,22.360048174143813,26.03753461994072,19.379384930457118,0.18824400374282085,0.18188318692810068,-0.4973563781864342,1926.3939192222922,0.00017778680597092044,273.7343846812048
92.33294838518952,22.360048174143813,25.794140582745545,19.987009089474295,0.014399152794964428,0.1781560736850846,-0.519521378298841,1924.1433403756132,0.00018777655827498338,273.688430359831
92.38294838518952,22.360048174143813,25.72658115144012,19.39796930881266,0.11545745428279379,0.17927149396090164,-0.49600639902702093,1921.4824334476675,0.00018693332100033628,273.7158297998814
92.43294838518952,22.360048174143813,25.59031416181546,19.581760965952167,0.25904818722872747,0.17898429926660778,-0.5011661211668903,1920.757753138235,0.00018818224080081856,273.79122784704913
92.48294838518952,22.360048174143813,25.125576075143293,19.554866946638796,0.13415154416539204,0.18516238576048705,-0.5247439376325518,1914.969064535437,0.00018158949089675945,273.49415626830125
92.53294838518953,22.360048174143813,24.337743134822514,19.63711642905076,-0.42496258725011465,0.18119204793361188,-0.5424140254938161,1911.599827382341,0.00017699906180743174,272.976834392553
89.03294838518953,22.310048174143816,26.122575369312464,21.856368293477985,-0.44850041592757256,0.5983606484133065,-0.43288076219160626,1949.3235492354129,0.000195423255083791,275.3296372367258
89.08294838518952,22.310048174143816,26.246257485727863,21.761050707550176,-0.22910695443290793,0.5729269058478788,-0.44647143738611117,1949.8360164568855,0.00019869345806479213,275.2407663563317
89.13294838518952,22.310048174143816,26.267752862616994,22.034971247649473,-0.10142549440855002,0.5794742774639988,-0.4434915341480842,1948.385619645603,0.00019810347462782135,275.26704520075043
89.18294838518952,22.310048174143816,26.153997219901925,22.481328496001407,-0.0862041748917022,0.49436905336714004,-0.4287671489206039,1941.518897859067,0.00018387351829035457,275.4235200663591
89.28294838518953,22.310048174143816,25.74501489927451,21.7437566443063,0.307938700342412,0.5015454511894648,-0.4318244293847274,1939.2437424304637,0.00019839388717223828,275.3545359541437
89.33294838518952,22.310048174143816,25.47065497370059,21.233787978258782,0.3727203738798912,0.5007510865662163,-0.45518212515000966,1929.7503764871176,0.0001892580761526314,275.1438082822447
89.38294838518952,22.310048174143816,24.362374523076976,20.34703689844014,-0.43847052287506194,0.4616126399199315,-0.4701276708592639,1914.371215241799,0.00018421299897110728,275.1312781244353
89.43294838518952,22.310048174143816,24.554958822491567,20.986450605451335,0.0424688031042782,0.43144460194259254,-0.4576657111039887,1904.1073914011906,0.0001768728773731328,275.2382194151622
89.48294838518952,22.310048174143816,24.589120808566935,20.69541700994264,0.24741493706404608,0.4236610883437822,-0.4791929826924535,1906.1638993267368,0.00018601878565697094,275.2332832972126
89.53294838518953,22.310048174143816,24.07768228477629,20.01559470222637,-0.23848865530930474,0.42666138996669234,-0.4961541158416923,1910.5150754850251,0.00019059596157621777,275.2686520227177
89.58294838518952,22.310048174143816,24.21417375642205,19.998498757668017,-0.0558662859796388,0.39849122942676035,-0.4910295411701696,1910.7399156031668,0.00019152397428985206,275.31534762734566
89.63294838518952,22.310048174143816,24.127511951855443,19.935460200922325,-0.12458695907971054,0.4063994801751246,-0.497787282130413,1913.4478707992735,0.0001919004836522804,275.2585716041648
89.68294838518952,22.310048174143816,24.07281778351548,19.56581639470483,-0.4234330717289607,0.3866646431770758,-0.5047779508326873,1916.7942666760255,0.000187862726281776,275.08758656705
89.73294838518952,22.310048174143816,24.322813823982365,19.13156959143611,-0.6406886630854876,0.37298255295205357,-0.5095479748450662,1930.527185234621,0.0001882067299191629,275.0107278258828
89.78294838518953,22.310048174143816,25.929519982234908,19.80599404014067,0.5162385317004445,0.40023485581433144,-0.48912697778417596,1946.9643076660288,0.0001867425784154794,274.88675131732174
89.83294838518952,22.310048174143816,26.629432298385282,20.45489832619694,0.8156169640413026,0.3909446819088075,-0.4429738604576097,1949.602983682456,0.00019170371214231947,274.94729995454264
89.88294838518952,22.310048174143816,26.26567575542407,20.488044222290306,-0.006821473541193062,0.4020578919366068,-0.40948021869282913,1948.4598191690718,0.00019454142026364632,275.1393129681688
89.93294838518952,22.310048174143816,26.628738533663633,20.075338354026904,0.19386277422471238,0.410359293770015,-0.4321609865404856,1950.2105258902438,0.00019430379109396787,275.07876073308694
89.98294838518952,22.310048174143816,26.68776203880132,19.953169071531846,0.19155966053408696,0.40845251509405106,-0.43709634180684376,1949.4217280348953,0.00018095307679680226,274.98612566002487
90.03294838518953,22.310048174143816,26.53020714469676,19.89543248796814,0.09993665506089561,0.3975405135231416,-0.4333056426066164,1951.089461566049,0.00017644485968259995,274.7756584998331
90.08294838518952,22.310048174143816,26.09502081795944,20.017297384485698,-0.3040265681195014,0.38858998962508057,-0.4155236560769161,1950.2151607070132,0.0001818339426110659,274.7846548097343
90.13294838518952,22.310048174143816,26.31817821072044,20.021953141516242,-0.07918250953003825,0.3868677538935648,-0.41640573802001263,1950.6485040556443,0.00018260628473997946,274.80712551497146
90.18294838518952,22.310048174143816,26.54527790566069,20.15770578468085,0.09168583436599358,0.38595131007140143,-0.3980154700280245,1953.376475876257,0.0001822779054018033,274.83095136038224
90.23294838518952,22.310048174143816,26.460873804888905,20.167392269834505,-0.12031988509368317,0.3777762645954601,-0.36954530492285254,1957.385763451265,0.00019484835847538974,274.7661874125704
90.28294838518953,22.310048174143816,26.900371840465283,19.78585587114342,0.2462742947327489,0.3676526502627302,-0.3672697992181496,1961.49432157167,0.00018692755271388297,274.7226105005679
90.33294838518952,22.310048174143816,26.958981142049037,19.768446794635235,0.1550155450170076,0.3735786917571965,-0.3591601352843425,1962.100539983048,0.00018664026193927262,274.7871847149582
90.38294838518952,22.310048174143816,26.55767807907182,19.686455278114618,-0.36814505251991364,0.384647917788779,-0.3673141443724171,1963.9560449967828,0.00019175920057952343,274.6851244209194
90.43294838518952,22.310048174143816,26.898330690261123,19.51663149086806,-0.0945828595629952,0.3873195576263643,-0.38640626211823503,1967.9137500104598,0.00018794871245238968,274.6670893425716
90.48294838518952,22.310048174143816,27.53431777230447,19.680655027114593,0.4868571471062299,0.37117216107034107,-0.3950863657193584,1966.9772231610732,0.00018601537654217075,274.69361894185846
90.53294838518953,22.310048174143816,27.584814730478474,19.823828119049463,0.5888023822712117,0.3762767210804602,-0.39600151373723413,1962.0099841480283,0.0001827496065645056,274.60634896207023
90.58294838518952,22.310048174143816,26.813156999182773,20.10784603984171,0.0941300799971756,0.3928388408139838,-0.38871764953832544,1951.5744264309733,0.00018132545439468223,274.77644298496125
90.68294838518952,22.310048174143816,25.470996683539543,20.58416139680334,-0.351035922231901,0.39953663511175447,-0.3549339820030183,1944.297222800493,0.00019320890874883635,274.86615080306916
90.73294838518952,22.310048174143816,25.896613630462117,20.297244200372138,-0.048220957955628044,0.37940139682047247,-0.39108984386482876,1947.6843757069935,0.00017240196255523623,274.7724599819502
90.78294838518953,22.310048174143816,26.37460045229897,19.944095274187415,0.286314128573872,0.382551309615508,-0.40329448073482554,1945.9230034701243,0.00017159125627503975,274.84162317109843
91.08294838518952,22.310048174143816,25.92956441315489,20.641361140965895,-0.07838875628003422,0.3763282558316666,-0.3558256652564756,1950.904062010982,0.00016100185091480837,275.04260243432583
91.13294838518952,22.310048174143816,26.065949179526957,20.80772845313222,-0.0728123854352453,0.3529929047007344,-0.36422139929218666,1946.7585725119059,0.00016816164251390753,274.96253225268526
91.78294838518953,22.310048174143816,28.340623678520505,22.55165570186986,1.3356707264978118,0.3147638271255144,-0.2772656075612533,1960.9887837682668,0.00020812878862067185,274.4997243120648
91.83294838518952,22.310048174143816,27.358939650298982,21.52180236164385,0.6826229400150459,0.3039657103033229,-0.3051924933344304,1965.2918848098893,0.00020488740775241439,274.21390635921796
91.88294838518952,22.310048174143816,26.712510506345144,20.561030606782047,0.205100939992727,0.22872417084401042,-0.3651484010613572,1960.135489260516,0.00021372679987266403,274.2449867723655
91.93294838518952,22.310048174143816,26.404171553763618,20.175241789674338,0.025142301431282894,0.20798069794380172,-0.426410661188391,1955.9280032833663,0.00020349123043401153,274.25570544224485
91.98294838518952,22.310048174143816,26.589825492240074,20.253156187627923,0.35613264066134637,0.21151770917787968,-0.4415958113774486,1952.6763747881873,0.00020198158365458436,274.20571552136
92.03294838518953,22.310048174143816,25.932498980076907,19.68014149156846,-0.21350874414035675,0.20383977471279605,-0.4947106820859779,1947.9384510345456,0.00018856454757408807,274.0899220203818
92.08294838518952,22.310048174143816,25.451241157176067,19.354141207338483,-0.6017692395941351,0.20392970877003544,-0.5324797434846971,1940.3770029061943,0.00017958097737045937,274.11231777192654
92.13294838518952,22.310048174143816,25.975317304727778,19.25668583902595,0.025593337984702483,0.19986102354208649,-0.5286309862703839,1934.3609030464365,0.00018731842460744508,274.06626791518056
92.18294838518952,22.310048174143816,26.101708424630246,19.20812513316336,0.16480500803932344,0.18855507955683332,-0.5166135698524874,1927.901463630032,0.00019254745772552802,273.9676745683753
92.23294838518952,22.310048174143816,26.04036042114738,19.03968049598228,0.09600668487806283,0.18899843644501543,-0.518804697796286,1924.064216592489,0.0001765424463995081,273.83822370863123
92.28294838518953,22.310048174143816,26.078843425038322,19.316364575193838,0.16782272422612907,0.18649850887296474,-0.5240150922228359,1920.435610479795,0.00018230641992976484,273.72343290540124
92.33294838518952,22.310048174143816,25.939852617345295,19.574357116914506,0.09384130985597063,0.1733462342063961,-0.5284041678881545,1919.983262121308,0.000191178653753057,273.5974133257949
92.38294838518952,22.310048174143816,25.690507145499097,19.8290602832164,0.01064659014425713,0.16651514122099742,-0.5260121548809292,1921.4850217493583,0.00018393978156321436,273.47955566667173
92.43294838518952,22.310048174143816,25.476383414487277,19.595455688434328,0.16236709902726434,0.1635694268254348,-0.5275863560399273,1904.2929737344548,0.0001830162673388181,273.6301550863046
92.48294838518952,22.310048174143816,25.03381275713848,19.268671973548447,0.14424194904000023,0.17712600968297845,-0.5356473247439724,1906.6528829431836,0.0001779312520824697,273.43988328193154
92.53294838518953,22.310048174143816,24.057778797029307,19.626207312314186,-0.6013416720680829,0.18225758550690382,-0.5694771321027121,1914.1223754307891,0.00017440972502501156,272.97253344695076
92.58294838518952,22.310048174143816,24.472190393744697,18.744763495453164,-0.17001794569515388,0.18167775764687,-0.5478694891033495,1912.3996630251045,0.0001861023443532345,272.93031115150666
89.03294838518953,22.260048174143815,26.010308366957048,21.975335220056653,-0.4523288050190742,0.5676167948866121,-0.4249967063805521,1951.479949592426,0.00019703261527870448,275.28776184275586
89.08294838518952,22.260048174143815,26.33857082138426,21.80279841160662,0.02904498360586299,0.5734399885345508,-0.44238067326572506,1952.725226095418,0.0001931238553814505,275.2428208870085
89.13294838518952,22.260048174143815,26.90930432757508,21.49993261071741,0.8320005342198256,0.5622870584421868,-0.4418828237603521,1951.4808443255179,0.00018784559519981003,275.250361164822
89.18294838518952,22.260048174143815,26.150778971853775,21.715554747979212,0.3440548109172237,0.5328396023589298,-0.4568217231008199,1942.2019685087812,0.0001875304658716952,275.2815987441979
89.23294838518952,22.260048174143815,25.305470095053277,21.989756747790935,-0.2015169809186817,0.3919405672124699,-0.4445715198282104,1933.4790236694948,0.00019240534209961265,275.3421700959239
89.33294838518952,22.260048174143815,25.571508484511824,22.301169553023584,0.6158696472897286,0.4125306862374571,-0.44052661465935494,1923.5693819009025,0.00018503192779523777,275.21207349685056
89.38294838518952,22.260048174143815,24.515592353296306,20.54976098220397,-0.219382004328952,0.4560163969199227,-0.4658123120199895,1911.1408064177294,0.0001800221083250308,275.04449334300574
89.43294838518952,22.260048174143815,24.509099360061672,21.000253444835007,-0.002793841264927054,0.43293193692047766,-0.4621522267062046,1902.781543197192,0.0001823167316885737,275.08923586375727
89.48294838518952,22.260048174143815,24.419613322629665,20.964039117395195,0.07520058551335827,0.4148208022472279,-0.4721613512483653,1904.426204647197,0.00019081402595828495,275.2081163074308
89.53294838518953,22.260048174143815,24.021162909531288,20.01356892245585,-0.2594385662792578,0.42018729489226825,-0.4915830775795462,1907.71863330272,0.00018548513665853688,275.3152954831918
89.58294838518952,22.260048174143815,24.4649857313031,21.05770721167801,0.273983235730184,0.41564829917735924,-0.4812569087248701,1905.7577584075375,0.0001903672109094393,275.281841891291
89.63294838518952,22.260048174143815,24.117116288661702,19.56860168142225,-0.05548517718051465,0.38333378150278197,-0.5197862684443664,1910.5821476688477,0.00018939445995236462,275.06017022875744
89.68294838518952,22.260048174143815,24.10346920165236,19.34435354513703,-0.1587293055099882,0.37334661498831717,-0.5160838184900474,1913.6796830641008,0.00018757028430779643,274.90099044661764
89.73294838518952,22.260048174143815,24.248215160047327,19.96480941331434,-0.35310634796150087,0.3771824585310557,-0.5046647842736409,1921.2805480316963,0.0001842505992503152,274.9513499489426
89.78294838518953,22.260048174143815,24.296645679093608,19.319163027536995,-0.6440750305184837,0.3747027693780761,-0.5085389348650795,1934.9606015322322,0.00018754606259420504,274.95833695923085
89.83294838518952,22.260048174143815,25.90038568285397,20.764795854492274,0.6058026742776131,0.3895904165767787,-0.43081109231489934,1942.0649134877453,0.00018828882918236133,274.9819418620448
89.88294838518952,22.260048174143815,26.35763742227812,20.71183692714035,0.3426233641936353,0.39433626155588897,-0.40012032815174714,1946.2968594060696,0.00018615513192752072,275.0803220966951
89.93294838518952,22.260048174143815,27.016395147161454,19.994181711352024,0.5100262976452098,0.40172141973863906,-0.4252408594059381,1950.9382478621565,0.00018736725650954843,275.0037362533619
89.98294838518952,22.260048174143815,27.10267057311897,20.027902644638676,0.38379280746347383,0.41955533386454785,-0.4237350280623512,1951.9615040237436,0.00018308885589613235,274.8775442625339
90.03294838518953,22.260048174143815,26.76908389851914,19.818292754428295,0.12234795716546966,0.3961432548702784,-0.4268229414097011,1951.7951398247928,0.0001776088858936313,274.8186612371955
90.08294838518952,22.260048174143815,26.266086267572422,20.217864885009156,-0.2790396639773017,0.38761553539543875,-0.4074568044478147,1950.5973499562656,0.00018324536588465285,274.78779599424087
90.13294838518952,22.260048174143815,26.68794294662661,19.9936101466451,0.18685794309212017,0.3781426012677663,-0.4135649211558134,1950.3470646589587,0.0001805348246330714,274.6847966978762
90.18294838518952,22.260048174143815,26.46423806293155,19.871006957367115,-0.12304331129109122,0.3815846606209441,-0.3944828658112469,1952.5451969264202,0.00018258497486572044,274.764432321143
90.23294838518952,22.260048174143815,26.343883097836528,20.02385794269447,-0.3731923354297087,0.38221246291128746,-0.37368255436329567,1958.8248699755766,0.0001950090307403337,274.7140632892828
90.28294838518953,22.260048174143815,26.98867718688743,19.726797166953418,0.1956178749944656,0.3693179359940879,-0.3846117512979238,1961.3536872429308,0.00020180358109949016,274.731198881152
90.33294838518952,22.260048174143815,27.32641735721342,19.69910047400143,0.44114933476060336,0.3780404000656772,-0.36731382741598173,1961.4126901058987,0.00018825203100837195,274.7728817103683
90.38294838518952,22.260048174143815,26.89228331989519,19.557176513774728,-0.01916018834946286,0.38198994598545694,-0.3739758764936264,1962.7319620013361,0.00018752699365936194,274.64755162953344
90.43294838518952,22.260048174143815,26.612708937608414,19.672869256864526,-0.26487290140590275,0.39461863894104854,-0.3993133629835429,1964.7247152970747,0.00018883778753184426,274.64247825118855
90.48294838518952,22.260048174143815,26.955403412587245,19.722145027467533,0.11452408581528664,0.37669311590658605,-0.40610100736447874,1963.148028705888,0.0001857685052681816,274.58618554032876
90.53294838518953,22.260048174143815,27.09373431310478,19.898384876617634,0.4038159795615442,0.37745009966740634,-0.39815327470070005,1956.9775419433977,0.00018323812622517578,274.62370245162543
90.58294838518952,22.260048174143815,26.057990513179643,20.785468781590513,-0.34649285311566524,0.40412490045487026,-0.373102712345676,1946.4723828306273,0.0001762219517937717,274.7626414762824
90.68294838518952,22.260048174143815,25.903200507682275,20.29113286199578,-0.01310813126159218,0.39126812525774146,-0.3606975322197858,1947.610826573569,0.00018946614460097917,274.7683679848316
90.73294838518952,22.260048174143815,26.132131381893124,20.183284129475638,0.009457358829063128,0.37181184506902554,-0.3970086472163242,1947.8421148102161,0.00016890820495651612,274.7567780822758
90.78294838518953,22.260048174143815,26.54335685081274,20.131935784412036,0.3126374781530993,0.3778971297409971,-0.41591660108767914,1943.1398800217407,0.00016896617099551717,274.85152051434187
90.83294838518952,22.260048174143815,26.39873526956707,20.62492277607558,0.14236050240912762,0.3931793072727302,-0.3592396750789395,1932.519630798851,0.00017912428938857808,274.9631835580262
90.98294838518952,22.260048174143815,26.15778695073408,21.75039468286864,0.07217837695939519,0.36511885632831026,-0.3225017937854604,1933.6301479773497,0.00017675949113779563,275.2033120601342
91.08294838518952,22.260048174143815,26.246707964452277,20.64542291701986,-0.05782406201903733,0.36199728776764833,-0.3427543209022373,1951.4600006398325,0.00015429705995159104,274.9934759957993
91.13294838518952,22.260048174143815,26.550961211439866,20.431944467023815,0.19998415978505418,0.34164218050949974,-0.37242425986906086,1950.0456139903704,0.0001613025009896451,274.8067004440983
91.18294838518952,22.260048174143815,26.18369802567405,21.063489981578673,-0.22591137599924474,0.32335031301925243,-0.31923603325142946,1935.2334837574126,0.00015870745856760577,274.993491496074
91.78294838518953,22.260048174143815,27.407899917363036,22.278923932596154,0.5285728326883415,0.27961460299254354,-0.28781677247870063,1955.4307279837114,0.00020201633787468717,274.50364971581416
91.83294838518952,22.260048174143815,26.67520038799631,21.398118988897995,0.00677091143413561,0.2638862964084701,-0.35368338828606694,1959.0686239507759,0.00020050176559063902,274.2948217296931
91.88294838518952,22.260048174143815,26.38144649900404,20.21769638781129,-0.14710856224496102,0.22376841203898054,-0.39898546705215104,1955.7643082683835,0.00020604541842747867,274.26075168507253
91.93294838518952,22.260048174143815,26.247999644181046,20.018606727002048,-0.19449656734253917,0.22309616568135301,-0.42569747591056684,1954.1888332238973,0.00019844639245680739,274.21653399855563
91.98294838518952,22.260048174143815,26.376490808903466,20.253964109936415,0.1140665425491734,0.22345626656494516,-0.43519361672797047,1951.907267347891,0.00019820516088624258,274.1403454897642
92.03294838518953,22.260048174143815,26.712222633624613,19.890738809034858,0.6048600207160133,0.2148504782627535,-0.4631030392124672,1947.0660828651562,0.00020057367584280685,274.0809925638892
92.08294838518952,22.260048174143815,25.470862091972638,19.570960699862713,-0.5299278585151402,0.2052302971206276,-0.5210099622332666,1938.4374886682995,0.00019109397000111538,274.05164066122603
92.13294838518952,22.260048174143815,25.627782830029197,19.520090714773545,-0.29961410815470313,0.20775034881231694,-0.5324556240698751,1932.1104253765825,0.00019539650122194237,273.9560269256688
92.18294838518952,22.260048174143815,25.684460852872043,19.464569878978,-0.1921920242632796,0.18216279209504344,-0.5348521581238757,1926.2060027943403,0.00018873411846377113,273.91138706710484
92.23294838518952,22.260048174143815,25.769908325276486,19.24212979337489,-0.15259525790128678,0.19181423271859008,-0.5350140656345301,1920.919868821754,0.00018476930531018555,273.83124877398757
92.28294838518953,22.260048174143815,26.068091697902933,19.28293780650304,0.1445438919818951,0.18871557122957322,-0.5349272171145192,1918.9085865629092,0.00018430269696941,273.764466835831
92.33294838518952,22.260048174143815,26.038065797530898,19.239939930617094,0.20411034536089742,0.1827311962124029,-0.5414582541615957,1920.4828617535193,0.00018777536679257263,273.6367181777222
92.38294838518952,22.260048174143815,25.774969570082842,19.20657248500318,0.12672098998055764,0.1785698043493712,-0.5339918867495558,1923.464014992942,0.0001791391048728148,273.4450251511805
92.43294838518952,22.260048174143815,25.21012479321705,19.49107895987012,-0.03587989378677987,0.16782854607472034,-0.5265512409652975,1924.6995816710578,0.00017843410299592106,273.3709847585673
92.48294838518952,22.260048174143815,24.591843151373894,19.27087896915396,-0.15798129631012783,0.16650889943442485,-0.5152460993944106,1943.2747802734375,0.00017083760504664388,273.1316128696561
92.53294838518953,22.260048174143815,23.873562792019182,19.62608581914965,-0.5950458606198823,0.17957915390649207,-0.5413010109439913,1915.5086012418515,0.00018778903906644672,272.7614600269877
92.58294838518952,22.260048174143815,24.200412897694335,19.158649206018485,-0.2731056891164608,0.17650121682762948,-0.5326161693052257,1914.354526395842,0.00018313918342805527,272.68735128719493
89.08294838518952,22.210048174143814,26.27528642012487,21.40029902170898,0.36527091133622436,0.5577904079738675,-0.4398945433373024,1941.0599135741904,0.00018745485752924877,275.1919893573707
89.13294838518952,22.210048174143814,25.570143926626155,21.781701030569433,-0.005873193380821284,0.5171603303241619,-0.45108275052103375,1932.8934304228492,0.0001868477193002748,275.10273591879326
89.18294838518952,22.210048174143814,24.949143181160185,20.736731060364164,-0.36956479644484885,0.4995326268964179,-0.48374114295473497,1925.2812233384166,0.0001821198562584668,275.0867146922065
89.23294838518952,22.210048174143814,24.91884515804256,20.92057544821357,-0.24993415691755666,0.4511273661062281,-0.4809974347855971,1921.802752847834,0.0001764498262032704,275.1297120924837
89.28294838518953,22.210048174143814,25.12407231940295,21.267846105479485,0.07737930214365207,0.4532154286233901,-0.4597630921909328,1920.1358371631502,0.00018021728499786712,275.2798831685848
89.33294838518952,22.210048174143814,25.223600661498367,21.489185717193095,0.3819523333911131,0.46900833735157144,-0.45262426459578403,1915.0075295098254,0.0001722951481964471,275.1133974261379
89.38294838518952,22.210048174143814,24.47490586232822,20.489657514436242,-0.22860367147737543,0.4572209280356402,-0.46857665468803744,1908.3851859364418,0.00017926226435775944,275.0049064344084
89.43294838518952,22.210048174143814,24.453019408053287,20.908286561981132,-0.04656342886287034,0.4251048155685279,-0.4630984692018539,1903.8905765164714,0.00018964178872321938,275.09023707928856
89.48294838518952,22.210048174143814,24.439351026459473,20.722978921593427,0.04644982675606752,0.40623424849134543,-0.47039326452669816,1903.0023003627794,0.00018221479112462736,275.13757663511603
89.53294838518953,22.210048174143814,24.14308932673835,20.47181920666882,-0.1908301052461953,0.41222313142886996,-0.4956315876130196,1906.602520199441,0.00017996624164007488,275.12593562772645
89.58294838518952,22.210048174143814,24.122062631567626,20.35721812192941,-0.1301642756485917,0.3855483548381552,-0.4930975796751691,1906.7781300644656,0.00018744760325839415,275.1433441116605
89.63294838518952,22.210048174143814,24.072025523623324,19.525608715787993,-0.15214755004929495,0.3827101728179069,-0.5219347802228055,1911.438915412853,0.00018473525083463057,275.0143221300558
89.68294838518952,22.210048174143814,24.26099897059358,19.901641149701653,0.06487131387548367,0.3876466974149246,-0.5110042144201071,1912.919347653948,0.00018713465654015713,275.0705449340431
89.73294838518952,22.210048174143814,24.092333913958527,19.59229952137026,-0.2774353018456473,0.3741835791839433,-0.5040811908232461,1915.5347355121537,0.00018179321061015274,274.97611780658184
89.78294838518953,22.210048174143814,24.080381602278226,19.225801727854297,-0.5272308396424975,0.36974729641022774,-0.5089798991205935,1924.9142358786976,0.00018548108738647488,274.86915012682607
89.83294838518952,22.210048174143814,24.694345142528267,20.26058996952381,-0.36221890968006354,0.36153905800933467,-0.4475494855603651,1930.4661912738059,0.00018836992698904265,274.93535816979573
89.88294838518952,22.210048174143814,26.034371338963794,20.20042791083056,0.05897730144506243,0.3633725154909651,-0.4057164488652896,1940.2599789262838,0.00018724651973084543,275.0323965823098
89.93294838518952,22.210048174143814,27.064557932224147,19.87060386387303,0.6293136421616543,0.4137503595692601,-0.42134597415535396,1950.1753253352367,0.00018304389328249453,274.9806056652501
89.98294838518952,22.210048174143814,26.997589175380206,19.877440739897505,0.26439559858516803,0.40910640334467363,-0.4148445366712509,1951.5177518108862,0.00017412181341750383,274.83380822547696
90.03294838518953,22.210048174143814,26.323675534178925,20.35084526555737,-0.40094153614990324,0.38669821978893476,-0.3936768561378025,1949.1643018656657,0.00017801458010675128,274.8697641918513
90.08294838518952,22.210048174143814,26.374327409719456,19.99870478295195,-0.22985198171313256,0.37758880606227163,-0.40844421873739395,1950.8058347108715,0.00018536399862144294,274.82536635368643
90.13294838518952,22.210048174143814,26.905321972340342,19.716948222350712,0.36855849711389105,0.37179184778666613,-0.42861541295830213,1952.176858475206,0.0001812832190781621,274.7525543124257
90.18294838518952,22.210048174143814,26.574429381735822,19.785081332436373,-0.022433795405068183,0.3642898989760225,-0.4071869880731324,1952.5532038526924,0.0001808787100033847,274.7007545939012
90.23294838518952,22.210048174143814,26.280473883610625,20.0176721309882,-0.47389258911116433,0.354536349993909,-0.37090667069033023,1955.1456116499535,0.000181119703956375,274.75682979405985
90.28294838518953,22.210048174143814,27.128124160637135,19.577249692279352,0.27236321094956645,0.37606028835096694,-0.38238750559816354,1957.5449116464247,0.00018408754124277064,274.8396275989595
90.33294838518952,22.210048174143814,27.22667211623291,19.718534868935205,0.35934434709768015,0.3770642671091611,-0.39002438152805124,1960.629514264263,0.00018070573859043894,274.8576639388339
90.38294838518952,22.210048174143814,26.3753210724011,19.757871983403675,-0.4080610047700418,0.378562519121119,-0.3802404195352697,1960.2307044672132,0.0001729306119494623,274.66782973579666
90.43294838518952,22.210048174143814,26.18750434434741,19.796801725046468,-0.447092943532677,0.38247985012328056,-0.40060481142974175,1958.70787805536,0.00017834037877978282,274.65449556179084
90.48294838518952,22.210048174143814,26.544615551858428,20.144412882979687,0.03975818613591521,0.3800299656220182,-0.40071216239188473,1955.8398352361658,0.00017667568517030233,274.6465717031415
90.53294838518953,22.210048174143814,26.528373090720322,20.61566848700819,0.15271585605922486,0.38372177574627236,-0.362756035063792,1947.714033602293,0.0001811757986649663,274.7189332773909
90.58294838518952,22.210048174143814,24.894994563966392,21.046141307851737,-1.0910982138436305,0.3849081390412108,-0.35534310211722653,1945.1666755566825,0.00017631016687828227,274.9129665075258
90.63294838518952,22.210048174143814,25.572178405863724,21.016813935145954,-0.34172538503524075,0.359074945669961,-0.35679715670466006,1948.2180001414947,0.00018010506502917222,274.9120480311713
90.68294838518952,22.210048174143814,26.079480466477293,20.276391361164027,0.03163000408007689,0.37420263890789546,-0.37443406369709853,1949.2340971149515,0.0001945533564573975,274.7882208753443
90.73294838518952,22.210048174143814,26.266311220863287,20.359915303294006,0.10429890902606682,0.376994443403673,-0.39961899561328695,1947.3996240082356,0.0001809893449185083,274.81067044771004
90.78294838518953,22.210048174143814,26.277093245361854,20.536088840704902,0.07009011571825163,0.384705333801755,-0.4213448648650145,1940.9413286601168,0.00017147046788920534,274.90661670798715
90.98294838518952,22.210048174143814,26.80535121577236,21.236418698927842,0.4762252695848987,0.36052545689368154,-0.30540143679642673,1936.1915173727398,0.0001681122184470852,275.2240558158536
91.08294838518952,22.210048174143814,26.565998331348126,20.38532004410728,0.1812987904756289,0.3387381171873373,-0.32701903995973985,1951.5453579578802,0.00015947487300219365,274.94292650984335
91.13294838518952,22.210048174143814,26.68573203885795,20.377999902716365,0.32705819487249377,0.31158542995409705,-0.3576235148894601,1949.5717720101316,0.0001524811248245083,274.696973044815
91.83294838518952,22.210048174143814,26.826334612348244,21.02102159578611,0.30920063520170654,0.23768264624645208,-0.38562902640593005,1953.0015505030683,0.00020345826959962821,274.347743196823
91.88294838518952,22.210048174143814,26.55012108144632,20.129161450317454,0.1500832764148069,0.23902168583931266,-0.42798030273699467,1954.0061477789932,0.00020200645722217537,274.2378953398268
91.93294838518952,22.210048174143814,26.489091382903858,20.153248422738713,0.14238226493949918,0.23393192742621044,-0.42704251693350637,1952.8191865319925,0.00019768307267990936,274.2070006461549
91.98294838518952,22.210048174143814,26.07679357477199,20.360030762863627,-0.1794536845218567,0.230081840989277,-0.44186213914068884,1950.2700155286554,0.00020420491373630893,274.0768089017904
92.03294838518953,22.210048174143814,26.719107198472177,20.019592493526176,0.5846906676869278,0.21441827217567494,-0.44869325447301867,1947.0868491375068,0.0002103287369461068,274.0664773817927
92.08294838518952,22.210048174143814,25.9065309755524,19.809450263403196,-0.17196807697847813,0.20257871626054125,-0.5011972742674711,1941.7417684902525,0.00019814467083487268,274.0894897205102
92.13294838518952,22.210048174143814,25.684080470534198,19.85296961081263,-0.33292510386688673,0.20405566718972232,-0.519916069804593,1935.3873889813565,0.00018874041650441975,273.9848207739684
92.18294838518952,22.210048174143814,25.98638728058777,20.0842331363459,0.039083267508596795,0.17769810942525532,-0.5200396764337686,1927.772909230598,0.00019051938532068595,274.00603133475215
92.23294838518952,22.210048174143814,25.898491360059534,19.734551204073032,-0.05216356771291805,0.1891448402720076,-0.515964490192184,1922.1786528113005,0.00018569783902969763,273.94280307195805
92.28294838518953,22.210048174143814,25.829457130209207,19.308703849792735,-0.10695735651819503,0.18956537679291868,-0.5350582141174253,1919.860298565905,0.00018332328318285704,273.7789026131493
92.33294838518952,22.210048174143814,25.894033082372577,19.34600075634631,0.10443395107464547,0.19090646624275298,-0.5630811192941768,1922.1695543122087,0.00017319235320166222,273.68883845128784
92.38294838518952,22.210048174143814,25.88637968273401,19.093933948700368,0.3674504757868568,0.17390603799889598,-0.5578610019341368,1922.5170175519454,0.00017779537858943472,273.5532900319933
92.43294838518952,22.210048174143814,25.292686966772468,18.891435105162287,0.21456709739258123,0.1653556122739117,-0.5286592499341156,1929.03385359067,0.00018417807830544523,273.17017354587057
92.48294838518952,22.210048174143814,24.409013502402203,19.297430105813405,-0.16400265807744208,0.16629774967838268,-0.5199951750407574,1943.2747802734375,0.00016364112464002984,272.8909105504491
92.53294838518953,22.210048174143814,23.74558051378369,19.494580386028108,-0.5605268303465794,0.18237564971654263,-0.5330589503257107,1921.1218254924315,0.00017546681697780874,272.5549630497437
92.58294838518952,22.210048174143814,24.048971370288903,19.598468666305898,-0.2340362205453418,0.18943454444039862,-0.545460829301476,1917.4628105836005,0.0001783220425331269,272.60826647446805
89.08294838518952,22.160048174143814,25.23965105688577,20.902774188593757,-0.009691730972250248,0.516204598436837,-0.4657938120514489,1911.458075898585,0.0001860121719369171,275.0803321576683
89.13294838518952,22.160048174143814,24.92546264646469,20.263900991703537,-0.1766509958295897,0.49643801907902035,-0.4786471437931394,1910.5852600892108,0.00019062952956030047,274.98035316614653
89.18294838518952,22.160048174143814,24.850109917779427,20.191542238078398,-0.15876420025057267,0.48447777318359114,-0.49458089053672055,1911.174550091027,0.00018261051745869608,275.04881258257427
89.23294838518952,22.160048174143814,25.057938196835206,20.883565763835367,0.022237809714702808,0.4844951129777252,-0.49375614569757864,1907.8313510317485,0.00017321003829289018,275.0328175753668
89.28294838518953,22.160048174143814,25.007552668085744,20.8095523357019,-0.0006792844353178027,0.4542310264958872,-0.48302556237986355,1904.833849714571,0.0001805002131330801,275.1169925487798
89.33294838518952,22.160048174143814,24.868142360094915,20.433782121341476,0.01927167130623977,0.45264752125080443,-0.4734569617402656,1903.7624973271445,0.00018142181315936018,275.0368204278169
89.38294838518952,22.160048174143814,24.547102040158737,20.192637918489698,-0.18429547017584763,0.4510917430590856,-0.46643538221025266,1903.2106476742208,0.00017420377340300069,274.9442822290015
89.43294838518952,22.160048174143814,24.64426608792345,21.06612130642515,0.042538232747093,0.43955797935474683,-0.459881632818881,1902.2912516737308,0.0001822530472015159,275.04196275370094
89.53294838518953,22.160048174143814,24.456951629871746,20.532828960462112,0.011541962259349402,0.395591164888193,-0.5025406362225487,1905.687593429419,0.0001820107115079594,275.2805380766757
89.58294838518952,22.160048174143814,24.514187577011917,20.860113443532125,0.15709209629739126,0.3813422554373127,-0.491072152068256,1906.3231581124942,0.00018140862307717434,275.15158338469803
89.63294838518952,22.160048174143814,24.251560133542082,19.73793246679541,-0.027312964771243047,0.38486415101840354,-0.5068699510175936,1910.3239066413826,0.00018753873850780347,275.00775066162186
89.68294838518952,22.160048174143814,24.22866330823088,19.70928815746121,0.015326378779673886,0.384368500517392,-0.5071136947912218,1910.8124878831752,0.0001872366296040315,275.08633071519176
89.73294838518952,22.160048174143814,24.29196010967804,19.565271216822758,0.070019409015083,0.3714740861096724,-0.5129873132826868,1910.7475807828964,0.00017680889871260383,275.02230714557896
89.78294838518953,22.160048174143814,24.09958946346527,18.900641438121536,-0.22352158737317157,0.3546825569861223,-0.5357217580602468,1916.8003424016024,0.00017927173720124344,274.88651074717114
89.83294838518952,22.160048174143814,24.411656943695135,19.61232582804211,-0.34495017704016784,0.35184092343796547,-0.5098534974211482,1922.505576218983,0.00018093362936171046,274.9937151086893
89.88294838518952,22.160048174143814,24.649229297365572,20.20113132284814,-0.793496140427187,0.3588701164924025,-0.4518008641570882,1933.3940192035407,0.00018158972209815795,275.0903812229559
89.93294838518952,22.160048174143814,26.812606135665277,20.02617904670704,0.4983470846057854,0.39226386257093776,-0.43057056099458607,1947.9000396116294,0.0001830653869527929,275.0591243378568
89.98294838518952,22.160048174143814,27.270746951840774,19.817869466692954,0.5635725439711768,0.3953525013843046,-0.4130763044502086,1951.155867304239,0.00018545682329885346,274.8191876518322
90.03294838518953,22.160048174143814,26.355057458770997,20.38650626607993,-0.4010320095635272,0.37416395091356885,-0.3775913470451021,1947.8321680185154,0.00018096062572195854,274.8144985872684
90.08294838518952,22.160048174143814,26.28881768881437,20.175976539495682,-0.34478348388100266,0.38328892336406545,-0.4152198573717259,1950.7389077501039,0.00017577167333923105,274.7229319557701
90.13294838518952,22.160048174143814,26.893798628721544,19.98029058015725,0.34903178625908904,0.36760545528163874,-0.4295243137337778,1951.8270128880595,0.00017911873257500823,274.6692700294643
90.18294838518952,22.160048174143814,26.48058051546371,20.10711468354751,-0.12026691619744384,0.35671044354472925,-0.4105094341305323,1950.2570652803754,0.00018089389341924655,274.6464241761384
90.23294838518952,22.160048174143814,26.180069677801917,20.435264149234953,-0.6284848633396874,0.35513441888259556,-0.37787524585911436,1953.0073776497854,0.00017619101696506135,274.7021849217252
90.28294838518953,22.160048174143814,27.248606339514314,19.793937488415576,0.3378554482155584,0.373914574882639,-0.3888172163936551,1955.6141968912502,0.00016511048735047218,274.6191572140835
90.33294838518952,22.160048174143814,27.036969223302734,19.75437374896602,0.20712904060296444,0.3689674895172271,-0.3945107971863867,1956.8376137789178,0.00017672651349633927,274.6385457332616
90.38294838518952,22.160048174143814,26.368328572516777,20.080853205784596,-0.26186996927025125,0.3767012989591729,-0.37123993109855363,1955.9052089342713,0.00017610059924369473,274.6088475559497
90.43294838518952,22.160048174143814,26.097911392387335,20.120278507439757,-0.2315909429614732,0.3829709960356802,-0.388897643900947,1955.1609608372692,0.0001754707948179374,274.5395816505347
90.48294838518952,22.160048174143814,26.4156464698216,20.344986963793048,0.2004190801017615,0.3863957536930095,-0.37472380806416883,1950.0211188069684,0.00018569386891078462,274.7019724121835
90.58294838518952,22.160048174143814,26.369109658581916,21.0321188130717,0.22223864962563017,0.4012830547557561,-0.3434884582603634,1949.862919173244,0.00018265268696437641,274.8322609493019
90.63294838518952,22.160048174143814,25.850413565650634,20.690837923997577,-0.3220522771224633,0.37447745155971,-0.36291074543772495,1948.1361199686044,0.00018156972274601646,274.74577554393716
90.68294838518952,22.160048174143814,26.076043362376215,20.501863669330973,-0.05313416469536445,0.37162436199117815,-0.3890762891590986,1945.7329596388822,0.00017721246143027983,274.66350562202274
90.73294838518952,22.160048174143814,25.91035061675864,20.597741888381496,-0.19635205526636118,0.37716826369675144,-0.413492699792522,1942.07071206423,0.00017770770612475238,274.7418514437588
90.78294838518953,22.160048174143814,26.20408505380615,20.93853802158679,0.1346525711526195,0.36446600630844583,-0.41260307638243465,1934.9550557023015,0.00017232573592223046,274.9370452506868
90.93294838518952,22.160048174143814,26.628446078253745,21.30325621535152,0.4145725594097476,0.3599633948693448,-0.3185042008250538,1932.1432905960562,0.00016965637055801848,275.14507375222627
91.08294838518952,22.160048174143814,26.436493534720057,20.154905136376293,0.2608756927729042,0.3291721588064545,-0.3284400326582022,1951.4377121343903,0.00015697385034982113,274.85012109571164
91.13294838518952,22.160048174143814,25.997879272976903,20.48711573321994,-0.20083106698242512,0.3145064966557734,-0.33912468715906025,1944.502889743581,0.0001531690274272245,274.80863452712805
91.83294838518952,22.160048174143814,26.321276681378976,21.335192793018212,-0.04067680527498101,0.22925618534262626,-0.3821369641318638,1947.511047265245,0.00020214547890533876,274.5586481253123
91.88294838518952,22.160048174143814,26.04816012732522,21.04838435070932,-0.20527173337965887,0.22628981725925004,-0.42339591284600653,1950.600995693742,0.00019390190537944366,274.3165467140115
91.93294838518952,22.160048174143814,26.10652831563033,20.379048229442983,-0.1379529665683776,0.22136276622272008,-0.42880440546068843,1949.5121483195876,0.00019312260961840445,274.1991548040397
91.98294838518952,22.160048174143814,26.12239110600503,20.291098002929303,-0.1543647368626389,0.23085159158272445,-0.43823429503278377,1949.335069011614,0.0001993883686274357,274.12242710816724
92.03294838518953,22.160048174143814,26.625565494137472,20.232592809868628,0.3901692431459849,0.23454428499076438,-0.4347787145322997,1947.0781360813248,0.00019817471800328095,274.10441560022787
92.08294838518952,22.160048174143814,26.660725422470666,20.171754595438422,0.43707875758057707,0.22816844386313734,-0.4676592234142268,1943.6433571314542,0.00019852041102762626,274.0587313459265
92.13294838518952,22.160048174143814,26.014663048132945,20.02823006966249,-0.19367593993580373,0.202015738676066,-0.5041994719946494,1936.9414852937346,0.0001865372564884945,273.9740752865556
92.18294838518952,22.160048174143814,26.205624601902144,20.06424738236423,0.0834195234191108,0.18372630849330082,-0.5207007334186267,1929.0294023720526,0.00019259962549178172,273.8109033182486
92.23294838518952,22.160048174143814,25.977953397810218,20.117789378731192,-0.06578904222042686,0.17633126590576995,-0.5257833436927702,1922.7028113679737,0.0001823574319047812,273.7829297943127
92.28294838518953,22.160048174143814,25.753966215759974,19.596155391177685,-0.20664868901050318,0.18778035371095766,-0.533399646038449,1920.7952724676143,0.0001796168849411578,273.7952704301334
92.33294838518952,22.160048174143814,25.77148024804973,19.559347521462985,0.041498270764927236,0.18653130646295024,-0.5604489311340534,1920.9394578134918,0.0001798023233957016,273.65203880037893
92.38294838518952,22.160048174143814,25.553514291034798,19.216180463123244,0.12737488082247442,0.1680824797529168,-0.5720932708878184,1919.611518505689,0.00018890799312939706,273.54438428479926
92.43294838518952,22.160048174143814,25.16847299018084,19.300567618857272,0.1930818186071905,0.15849638141560807,-0.5515999278605561,1919.7266060354957,0.00019618704940759754,273.3356902221081
92.48294838518952,22.160048174143814,24.43785266707611,19.196212445783218,-0.05272465031691455,0.1677810950958579,-0.5357286631263838,1930.92578125,0.00017546097369302904,272.9771225672688
92.58294838518952,22.160048174143814,23.765728200345052,19.71765219320246,-0.4378514628102089,0.18476242035496487,-0.5415214473524869,1918.0597181700482,0.00016373715494861474,272.4018499476827
89.08294838518952,22.110048174143813,24.89110339802869,20.23896314295553,-0.140072833225167,0.46586442430414066,-0.4688394526654528,1900.5021772818602,0.0001904071782041496,275.1620557141968
89.13294838518952,22.110048174143813,25.06607088834413,20.38793793780169,0.0425922058811513,0.5008021701648722,-0.4827088634132928,1902.0260493345716,0.0001901928434512913,275.0411342433286
89.18294838518952,22.110048174143813,25.056527059955897,20.445576925138933,0.040075773751241744,0.49075562930432765,-0.48501679654925356,1902.7118927808785,0.0001838922978590549,275.02312644084213
89.23294838518952,22.110048174143813,25.05030740292927,20.967701556371058,-0.0011189062498962853,0.4738949457637255,-0.4727537557569624,1901.016627734037,0.00017723166374965956,275.0216620703724
89.28294838518953,22.110048174143813,25.165963044259904,21.041916305510004,0.1813614874809142,0.43659899701372734,-0.4662258187597832,1899.625998586057,0.0001991530810423142,275.19890638234466
89.33294838518952,22.110048174143813,25.110895256237807,20.329706272923595,0.22137730796795718,0.4517684076865029,-0.4636736253477051,1900.9229328914307,0.00018624308832141477,275.12580651617077
89.38294838518952,22.110048174143813,24.91112493884196,20.860477296857464,0.1356910557187171,0.4386227818436015,-0.4468493034102944,1901.5422738798288,0.00017091084675323657,274.9487247483151
89.43294838518952,22.110048174143813,24.471052200992023,20.33550943580747,-0.21324124104815492,0.42804731121459183,-0.4594628271095476,1902.726659651292,0.0001775414951412881,274.9101632048263
89.48294838518952,22.110048174143813,24.780463002973057,21.46688319286899,0.16405531298616952,0.42175298924643084,-0.45917595255866145,1904.563787442215,0.00018504017169101452,275.0275246446985
89.53294838518953,22.110048174143813,24.514533151115597,20.67968243366162,-0.03772757038645965,0.3986149293393399,-0.47802897667027056,1902.695605025212,0.00018731269572109556,275.21528346095045
89.58294838518952,22.110048174143813,24.580030742743677,21.130149595747454,0.12664116445543117,0.4116120241202608,-0.4717686672455145,1902.5970325574563,0.00018537435158036438,275.15793498453866
89.63294838518952,22.110048174143813,24.282694225814666,19.927743982891162,-0.052887005099539815,0.3988823413723634,-0.49070538615217846,1906.8323584333893,0.00018652688117841884,274.9868808481265
89.68294838518952,22.110048174143813,24.102495629201794,19.750819934633025,-0.13082633365458127,0.39117274550704567,-0.5016603115124552,1908.848690144872,0.00017991763322250493,275.04537262401965
89.73294838518952,22.110048174143813,24.1967045057221,19.369907129412656,-0.01232826707918245,0.3784452026357057,-0.5175435735419697,1907.7871975924409,0.00017050104885551408,275.0883225392629
89.78294838518953,22.110048174143813,24.172871363649268,19.398378872463468,-0.09574614182888438,0.36528559089025453,-0.5345447420892409,1909.1529928172881,0.00016625655827655526,274.9571512953588
89.83294838518952,22.110048174143813,24.32873490182362,19.892617166671066,-0.32810136292019054,0.36569731598404065,-0.5113426018866676,1913.6769248564071,0.0001700380590015766,274.88698687143614
89.93294838518952,22.110048174143813,26.822645338731892,20.166508085977803,0.3981949816635478,0.40551483993919507,-0.4388815004690659,1949.309056650104,0.00017411584798413156,274.9517381267602
89.98294838518952,22.110048174143813,27.260252229385493,19.96269167973778,0.5746435113846238,0.3825852545170372,-0.4271361440439479,1951.9063905894516,0.00017394674298385388,274.88113963422177
90.03294838518953,22.110048174143813,26.393031805098243,20.34276159987588,-0.27489123620952194,0.3772942743026277,-0.394434212357598,1949.3257422979987,0.0001730271271220754,274.7755741630593
90.08294838518952,22.110048174143813,26.803723313722948,19.863146137912498,0.2250254142827638,0.3847842412167132,-0.4138177588371133,1950.7348259922549,0.0001735174214666687,274.60625014503137
90.13294838518952,22.110048174143813,26.290085360322962,20.36075309444108,-0.28913702723230494,0.37096567422785537,-0.3862827260379924,1948.4589352304238,0.00017780141926305684,274.5834149087583
90.18294838518952,22.110048174143813,26.466477602472036,20.537175317419166,-0.2906519201424763,0.34229785871546187,-0.371814278241536,1949.5177192646665,0.00017081398019856957,274.6249503139397
90.23294838518952,22.110048174143813,26.61829093913035,20.05858265234019,-0.35167857447741613,0.36754948091601347,-0.3798584778047943,1953.6243390336979,0.00018096253246392135,274.5463983399111
90.28294838518953,22.110048174143813,27.45730697803242,19.758318279020155,0.4817726639384725,0.36609734424531504,-0.40275216194756275,1956.1438721012587,0.0001813813725130512,274.46956385964444
90.33294838518952,22.110048174143813,26.941983174635773,19.92720445153847,0.18109508021822113,0.3559343729200865,-0.4064810700696368,1955.229811722727,0.00017198753832880148,274.5713643810707
90.38294838518952,22.110048174143813,26.06302478468584,20.421718966386376,-0.36568758687826836,0.3488873918281288,-0.38621580401565064,1950.5847753056,0.00017643151597761646,274.7095139344155
90.43294838518952,22.110048174143813,26.153218143909577,20.41070593355962,-0.015609259684451886,0.3770721861249553,-0.3912070174492951,1947.8234215865357,0.000173594311143633,274.75392411482306
90.53294838518953,22.110048174143813,26.68203906595428,20.787356979383336,0.22073345494613347,0.3878350957135588,-0.37722926169701687,1952.9460379651657,0.0001727934658325124,274.60330510074897
90.58294838518952,22.110048174143813,26.73156957465455,20.63947999785988,0.29471110235529063,0.3831598952176236,-0.359730131026954,1954.3591510956585,0.00017888059007140474,274.71168134142476
90.63294838518952,22.110048174143813,26.08011810025842,20.77081754596598,-0.20728988015008581,0.3804364499649944,-0.3571490006494721,1949.6596822950964,0.00017285403634320623,274.7751621249068
90.68294838518952,22.110048174143813,26.061014627994556,20.655074776942907,-0.055274048050916874,0.3795845976353468,-0.40180230766030084,1945.1083385940838,0.00015725263029795557,274.6398818459076
90.73294838518952,22.110048174143813,25.900829267833128,20.5694054180262,-0.1720307486875931,0.3732759161588556,-0.42107316111913856,1941.1508716222602,0.00017380270931447594,274.78941387781276
90.78294838518953,22.110048174143813,26.057731405300718,21.295026962238776,0.04146133609567303,0.366102902132734,-0.36376992345209663,1931.1919107816664,0.0001784040884598433,274.90251911500366
90.93294838518952,22.110048174143813,25.244762124911386,21.665766066139014,-0.7663968135959978,0.38801400736624836,-0.31540287972627856,1921.8277135890262,0.00017398262029131415,275.1029326265005
91.03294838518953,22.110048174143813,25.614952033601856,20.432854816774984,-0.26638739326890887,0.3542836897802772,-0.29963697274993345,1947.108174283987,0.00015189142308916063,274.8321989019271
91.08294838518952,22.110048174143813,25.504088751981406,20.335088402564494,-0.41207850167383975,0.32238941793868064,-0.3087111377642141,1947.7061589358557,0.00015613461232582133,274.7629249102644
91.88294838518952,22.110048174143813,26.09293418082134,21.16373489986789,-0.10379577680425393,0.23107224440741753,-0.4029388384162127,1945.4707493822953,0.00019558524579412485,274.40043483026835
91.93294838518952,22.110048174143813,26.06646670401943,20.129290510165667,-0.14232226223002056,0.23345806843877612,-0.44582481786009726,1949.2393161505818,0.0001998690364402836,274.17482432885214
91.98294838518952,22.110048174143813,26.269425638976834,19.94787373391882,-0.01339472775418992,0.21719980953154114,-0.4613878084008339,1949.8458363645611,0.0001893560904026576,274.0957655476255
92.03294838518953,22.110048174143813,26.318077366914824,20.257373351773623,0.01721724545247617,0.22226287721757187,-0.4395548070936547,1947.284474817904,0.00018245643827796826,274.00672420495147
92.08294838518952,22.110048174143813,26.62835176015959,20.357050126459807,0.28471060825025446,0.22677586603638472,-0.4502520382088914,1943.0299929120195,0.0001979091631073984,273.9391430959741
92.13294838518952,22.110048174143813,26.2219624999232,20.024484214520044,-0.17696061211265163,0.18891316067678318,-0.4976360511483226,1936.4628391766719,0.00019771471397747617,273.88435133667065
92.18294838518952,22.110048174143813,26.429187490725337,19.762202043350918,0.11996107042487215,0.1610774410886375,-0.5262865022764192,1931.8957234826628,0.0001894092198979967,273.74484178068957
92.23294838518952,22.110048174143813,26.218856555845793,20.31764586797024,0.08368999321468269,0.16940765901438468,-0.5414627144687657,1926.6142375549236,0.00018783132870409024,273.67063202136535
92.28294838518953,22.110048174143813,25.93432526364165,19.84131118283922,0.013080738954029211,0.18050574538584405,-0.5436483204650718,1921.9972487209689,0.000181058108626039,273.62237728018
92.33294838518952,22.110048174143813,25.515202506099353,19.699495949992443,-0.1331554493585149,0.1766798890265715,-0.5560783109001028,1919.644686562548,0.00017870022998405378,273.4713089285449
92.38294838518952,22.110048174143813,25.367221807428056,19.26315307634004,0.04837581217407505,0.16684973100057882,-0.5606951086708752,1920.6628444739042,0.00018943652837902892,273.41141158510925
92.43294838518952,22.110048174143813,25.12989670090486,19.395780084876783,0.19877404441753646,0.1677894086693715,-0.5416136051212527,1923.3236406358833,0.00018648408299794643,273.2868141305158
92.48294838518952,22.110048174143813,24.35987062753469,18.95189371872392,-0.17201266689228298,0.16332573773893894,-0.5353868012677969,1929.721523785926,0.00017130403063049106,272.86148632210507
92.58294838518952,22.110048174143813,23.724348938055734,19.436416918319196,-0.5250074492083922,0.19277469460753896,-0.5029225504681465,1922.8160183081131,0.00016944226998716935,272.16989287386536
89.08294838518952,22.060048174143816,25.122958583562784,20.492475318889007,0.08682694950847486,0.4751616195847403,-0.44609312829703923,1901.0710797962497,0.00018581271896222647,275.06705348511247
89.13294838518952,22.060048174143816,25.01637288372078,20.536208531759822,-0.02998918812398086,0.48084195359545895,-0.47076952479020023,1900.3703668359178,0.00018588726313186718,274.98207724295804
89.18294838518952,22.060048174143816,25.035855530999118,20.761404411177196,-0.046555295493003156,0.4886931692703945,-0.47003331718577707,1901.2253283995683,0.0001869681357975182,274.9358310144683
89.23294838518952,22.060048174143816,25.19628852981492,20.86213215996767,0.09715791167852027,0.4575330047710364,-0.46767488435962845,1899.588404646033,0.00018817166974634516,275.1217947340623
89.28294838518953,22.060048174143816,25.203767352684416,21.10154740317887,0.13564473975846686,0.4299003608047634,-0.45872888159300035,1898.091428561817,0.00019322622733670847,275.1498971088451
89.33294838518952,22.060048174143816,24.862354589170298,20.413968220665495,-0.06624444613836057,0.4281363980639501,-0.4535697146741266,1899.9683912539754,0.00016982208628684483,275.0875769590562
89.38294838518952,22.060048174143816,24.717548158578197,20.637401080731586,-0.09552442589602839,0.42749712266237305,-0.44914852776921793,1901.5622193095455,0.00017131046984691887,274.96075540398795
89.43294838518952,22.060048174143816,24.598970629923713,20.512375090896647,-0.13867425631618854,0.4316683251039054,-0.4682006936214641,1903.1119877072015,0.0001808133709646099,274.8881507384613
89.48294838518952,22.060048174143816,24.759704920824714,21.292020719056325,0.06982007084991479,0.4266809188009764,-0.4558113929375255,1901.631588196879,0.0001773676742693325,274.9757655309626
89.53294838518953,22.060048174143816,24.849107637003268,21.54151994781569,0.23801757650617406,0.4375642258818796,-0.4522951191052558,1899.5295215154981,0.00017525348610219048,274.94281071412865
89.58294838518952,22.060048174143816,24.611550940978848,20.725187080859772,0.14015323865070367,0.4214069387419381,-0.48683257768183624,1902.152976677427,0.00018492578521808983,274.9603881308853
89.63294838518952,22.060048174143816,24.137609903101104,19.796724334388752,-0.25205312656879114,0.39539153088383183,-0.5083794731057464,1905.8491790264097,0.0001789586280384828,274.929376225927
89.68294838518952,22.060048174143816,24.372461326152195,20.5371331670836,0.08734115571886034,0.393928869144378,-0.4970600096953801,1906.5372134747633,0.0001628121729049183,275.0018571825661
89.73294838518952,22.060048174143816,24.126874656038463,19.578549255473256,-0.13069854621252486,0.3742241695525733,-0.5145755965857978,1904.6214745880493,0.00016699398382619387,275.08503979939525
89.78294838518953,22.060048174143816,24.19769194847948,19.63239186302355,-0.06803649085433247,0.36049199950381317,-0.5193880850223289,1904.1950319976597,0.00018032466140486828,275.0106045194714
89.83294838518952,22.060048174143816,24.347042379471542,20.682474155220266,-0.18300364902263266,0.3604936643094057,-0.4612825107808586,1906.770401800505,0.00018197284730027573,275.0542276439698
89.93294838518952,22.060048174143816,26.615276147172562,20.40080968085964,0.35809519200913253,0.4158609959998284,-0.41558147832845466,1944.4973235270475,0.0001790725474537382,275.05082964698937
89.98294838518952,22.060048174143816,26.69010485010541,20.484775920965504,0.15427130751626594,0.4178099954738387,-0.3984795301409054,1948.854940180123,0.0001693789618641168,274.8742158834443
90.03294838518953,22.060048174143816,26.31091076751017,20.525575154962496,-0.15044450852305488,0.3920291696831332,-0.3798597980719204,1949.6761192682104,0.00016974389762327912,274.6696123061179
90.08294838518952,22.060048174143816,26.593731289080328,20.273259363424124,0.05143421046481865,0.39521022500588043,-0.3693167341321537,1951.0398916811448,0.0001696046640261691,274.5787234763396
90.13294838518952,22.060048174143816,26.607394176619966,20.26560038994552,-0.09971116619196844,0.3887541583327052,-0.3624039896842098,1953.3352843732287,0.0001831325067742992,274.5328843002605
90.18294838518952,22.060048174143816,27.126777166437904,20.032396092886923,0.28217960381728147,0.3767931063070623,-0.38551444491463716,1955.608058408776,0.000180176449632936,274.4880516080263
90.23294838518952,22.060048174143816,27.398533788992783,19.994754545831206,0.42411195738403856,0.3715167571026507,-0.37942827197217033,1957.7496779449143,0.00017399770494604762,274.46822873428175
90.28294838518953,22.060048174143816,27.10693573127802,20.050984689414264,0.20788102788624777,0.37127616967955385,-0.3826922396108114,1957.4952782386301,0.00017712459240802318,274.62113750646694
90.33294838518952,22.060048174143816,26.627746338815513,20.484362570145652,-0.020075786967791297,0.35072271583174625,-0.36643899524269896,1951.986009641847,0.00017059302320758394,274.70638561478233
90.38294838518952,22.060048174143816,25.58912587960185,21.38689261046537,-0.7871240798263994,0.3652181418645789,-0.354371701305059,1945.1774297208888,0.00017813253768630133,274.7957192312891
90.48294838518952,22.060048174143816,26.05373785176017,20.843342786223015,-0.6239322426400723,0.40331244900076413,-0.3688979827475525,1956.2175604587028,0.0001683600682230458,274.7429495897315
90.53294838518953,22.060048174143816,27.160622492637888,20.413185501085955,0.5566662506694827,0.3807118486740172,-0.3876182408676081,1956.6255238041188,0.0001677531751483794,274.73463344075884
90.58294838518952,22.060048174143816,27.07546708057153,20.623299314995084,0.6295237730540603,0.3749563534985225,-0.3460598121872732,1953.0687245181523,0.00016501467746470665,274.80143058488466
90.63294838518952,22.060048174143816,26.33461139191948,20.469016199601228,0.1232448678532862,0.38417524342985887,-0.3637958503154974,1950.9759756689486,0.00016272334817478876,274.73027594763596
90.68294838518952,22.060048174143816,26.11366240161735,20.507465623620675,0.11760097966384517,0.37863052645765105,-0.39304649633646005,1949.2220632854608,0.00015996016324860775,274.7787274985491
90.73294838518952,22.060048174143816,25.930907210069478,20.939862197786933,-0.10735497003993287,0.38941138872655967,-0.34657647665632035,1941.4890595794684,0.00017240878758456756,274.8182382805327
91.88294838518952,22.060048174143816,26.38728442787746,20.88117594232324,0.13611627354250724,0.25188084963549845,-0.4106228608720366,1941.1024661858576,0.00018856802742515063,274.3925376820359
91.93294838518952,22.060048174143816,26.301111724443256,20.284270237716978,0.045187870835619794,0.23777138475842774,-0.45755035692204066,1945.5242874835042,0.00018528167271495736,274.14716176549115
91.98294838518952,22.060048174143816,25.756630752670848,19.729341488248444,-0.5422547353244198,0.21666389738605657,-0.487988577607172,1945.9660743072216,0.00018123615170663948,274.02493968293464
92.03294838518953,22.060048174143816,26.379678057951892,20.05935175118906,0.07604308961147362,0.2267846651761153,-0.4603631937263278,1945.1934292858746,0.00018717123458720781,273.9023159035069
92.08294838518952,22.060048174143816,26.8435101958628,20.079637668862862,0.4522022749681196,0.2259046116154844,-0.44773216241527025,1942.121500299118,0.00019892349655872629,273.815043242129
92.13294838518952,22.060048174143816,26.687022173741052,20.024362109556883,0.15424572364749495,0.20518187278440714,-0.4808156135643832,1937.5274068574345,0.00018973766931787848,273.87530441196935
92.18294838518952,22.060048174143816,26.52024853581788,19.36000551053526,0.06116163504554265,0.1654320468349932,-0.5228551898308724,1935.0696064229985,0.0001891502148738778,273.7205544482797
92.23294838518952,22.060048174143816,26.402335429199745,19.812771919554024,0.21570215429399736,0.163442812153215,-0.5327503318232926,1930.733894550401,0.00018062846416792342,273.52436285619086
92.28294838518953,22.060048174143816,25.71598647393162,20.00723543528048,-0.151291655181424,0.16956852097101918,-0.5567008974424178,1928.3189406477811,0.00018097675838205435,273.4575412789665
92.33294838518952,22.060048174143816,25.358797858222395,19.509855076431375,-0.24122708719241193,0.17387794597082631,-0.5511134492332389,1919.3716175720651,0.0001724852681149904,273.40102771561817
92.38294838518952,22.060048174143816,25.535968753652078,19.41444111176791,0.21950347359666428,0.16836236436946656,-0.5426447571814444,1919.580437035098,0.00018510259757046246,273.43862677112173
92.43294838518952,22.060048174143816,25.299252884284996,19.689976513083018,0.27885356051854376,0.17108958119240006,-0.5343020687537184,1922.8235183303636,0.0001951282858579502,273.20462872455806
92.48294838518952,22.060048174143816,24.540779761348396,18.793228001462904,-0.1277046484566472,0.15546497325363537,-0.5330134140586681,1924.8807546307178,0.00018344800058142402,272.7144294733702
92.58294838518952,22.060048174143816,23.631789301649547,18.95864668680772,-0.6448229078162785,0.1854912723733619,-0.5083824328626791,1920.2992099029868,0.0001780949686064509,272.082360539428
89.13294838518952,22.010048174143815,25.00242145415899,20.325973628316476,-0.07453821514059976,0.4747632779238512,-0.4641365583989734,1901.5490392406796,0.00017240566626923432,274.81308852790426
89.18294838518952,22.010048174143815,25.262786988051463,20.998430651501778,0.16113559965121188,0.47512010711173913,-0.4560502453224099,1901.0576380727011,0.0001734587834056608,274.7785151973919
89.23294838518952,22.010048174143815,25.123434454786146,20.822270827763738,0.01945686950381875,0.450349320266359,-0.4691611518052409,1899.257395395261,0.00017612907807311684,274.9857099676921
89.28294838518953,22.010048174143815,25.07552245173163,20.378307977099876,0.009806276028283463,0.4298619064431068,-0.4678882098668084,1898.2735580216902,0.0001771400862262419,274.9586746932398
89.33294838518952,22.010048174143815,25.197867232259522,21.275778336098618,0.2674317261801731,0.4284332838201052,-0.43503356749516414,1898.1700221198705,0.00017716081169013136,274.93500547089735
89.38294838518952,22.010048174143815,24.819570760387073,20.343456389213042,-0.027602843140436907,0.4394482962694271,-0.4599998445013449,1899.8426560232076,0.0001765571478007749,274.85737310802114
89.43294838518952,22.010048174143815,24.7673686015034,20.660674794510697,-0.04949672980089546,0.4257105276912612,-0.4817127254838212,1899.7351688379274,0.00017885761760650374,274.83830227241685
89.58294838518952,22.010048174143815,24.675920972725958,19.915426067564937,0.12450740637636301,0.4130860359571318,-0.49905837363804906,1902.7228329387788,0.00017715017240380526,274.89141054122155
89.63294838518952,22.010048174143815,24.40252249746591,19.91039829816883,-0.050733912264453056,0.4058410920574513,-0.5046398768357654,1904.461210840284,0.00017535270575239206,274.86139385299674
89.68294838518952,22.010048174143815,24.36431317926534,20.48610064344707,-0.007149135510167565,0.38640575112515185,-0.4889238643507078,1904.8194326302867,0.000164687775153997,274.91472100921317
89.73294838518952,22.010048174143815,24.266181788082765,20.10498636675123,-0.050457861550709124,0.3817951131901038,-0.494719646760044,1905.563571899418,0.000173381318592819,274.96375458376696
89.78294838518953,22.010048174143815,24.13764013977384,19.434132959454438,-0.16581974196515453,0.3594900502544384,-0.5099046224995554,1906.5203239445066,0.000176233852155932,274.85969533397144
89.83294838518952,22.010048174143815,24.296909226527312,20.242699907396506,-0.2859517413954987,0.36120931319975536,-0.4577845278966059,1904.757216124768,0.00016743628323382604,274.84267715844965
89.93294838518952,22.010048174143815,25.997624654609467,20.804856335272277,0.06865974738593673,0.41605406519654325,-0.37630502091259976,1933.9747131101465,0.00017998106765866799,274.92234307605105
89.98294838518952,22.010048174143815,26.003480378275537,20.783456708507444,-0.20504516777314835,0.42291181821401674,-0.3756992901522371,1942.4910165905526,0.00017286041198957749,274.78187863997965
90.03294838518953,22.010048174143815,26.50185169401095,20.351539837015448,0.20643655154784862,0.40515171159320224,-0.37122100592024476,1947.2284611065656,0.00016811096393181898,274.7095960745672
90.08294838518952,22.010048174143815,26.752096738924976,20.327797320594307,0.19505836734938253,0.38684186126982567,-0.34951079683858377,1951.2912701806285,0.00017488536414005733,274.5996840291534
90.13294838518952,22.010048174143815,26.855957584410163,20.18127639294514,0.19898618236295,0.3917853954838681,-0.36135057653787467,1954.8580592689311,0.0001725558668282435,274.478934503183
90.18294838518952,22.010048174143815,26.794152560499068,20.4397903677858,0.03712474337521325,0.3803323494916488,-0.36216930287017435,1955.1749899464928,0.0001667129286973077,274.4090525203122
90.23294838518952,22.010048174143815,26.693970284625916,20.546696475802108,-0.14856058972965477,0.3756027776441234,-0.3494924346628434,1956.6115897158743,0.0001545277995728203,274.39998419627966
90.28294838518953,22.010048174143815,27.017463541377605,20.634936396556167,0.2635583304002105,0.37009375025894947,-0.34374880319364853,1953.8642363248916,0.00016329294337792856,274.6941191521167
90.38294838518952,22.010048174143815,26.339158278819124,21.37605232588144,-0.20244761094564778,0.3992813860477476,-0.3388666693656501,1949.4124602181762,0.0001676461991236819,274.69308540238603
90.43294838518952,22.010048174143815,27.01416540637228,20.274947608206805,0.4125543243232322,0.3866507618457064,-0.36275239892517275,1954.751493092142,0.00015605046039408557,274.72257398329924
90.48294838518952,22.010048174143815,26.25526727992414,20.38476335567971,-0.46659500915478863,0.3961379842760861,-0.37735925399809195,1952.0837073555945,0.00016068232267437517,274.6947369560989
90.53294838518953,22.010048174143815,26.91439459402004,20.87398167051797,0.341503201528579,0.37047703453331343,-0.3509670624674071,1947.8523144200299,0.0001740590964231709,274.77083362050786
90.58294838518952,22.010048174143815,24.997543295285084,21.189932452720477,-1.4115291597269435,0.38826737471657696,-0.3479419416343344,1943.7284340284946,0.000176185444492807,274.74164685504803
90.63294838518952,22.010048174143815,25.92969799020251,20.50493996248176,-0.2482695086668005,0.3948827434983394,-0.360968374659509,1944.549995367232,0.0001670087525596799,274.76687454588654
90.68294838518952,22.010048174143815,26.343042343301775,20.717832656329634,0.38209468835197274,0.3837652311155023,-0.3384053138867396,1944.5325771841751,0.00016844218078421394,274.8502667024925
91.88294838518952,22.010048174143815,26.826913584269494,21.379608297180095,0.44937046269950265,0.2525162836060873,-0.3935659107368618,1940.5336044647577,0.00018505489789695227,274.4122231349009
91.93294838518952,22.010048174143815,26.362211388856895,20.643130887661044,0.05870588126630076,0.25363646304806825,-0.4584528426658653,1943.4568987504695,0.00019351857589448122,274.1514027622249
91.98294838518952,22.010048174143815,25.8139785197517,19.725986763188878,-0.47416746835676393,0.21973185401442832,-0.49140698625068224,1941.7354972198668,0.0001968321538111223,273.90874355438103
92.03294838518953,22.010048174143815,25.94036496986341,19.821758742924395,-0.3681099749265917,0.21551094455326103,-0.4810727072118707,1943.2451926167178,0.00018853871361713164,273.85393943621034
92.08294838518952,22.010048174143815,26.850464464564155,20.14144551813398,0.470645465723522,0.23492387433360215,-0.45798871150144965,1943.9356773474817,0.0001838546869217959,273.8498113204242
92.13294838518952,22.010048174143815,27.069166974172052,20.12160724537217,0.620659888338676,0.20768319626462975,-0.46910659793223836,1940.7788295006358,0.0001924133289309837,273.8739647251766
92.18294838518952,22.010048174143815,26.494124132234493,19.73406811487508,0.11701085694266442,0.18938537280628798,-0.5064644304613053,1938.0981658838928,0.0001968124002845883,273.7376588468734
92.23294838518952,22.010048174143815,26.10548717822011,19.492585938310096,-0.0010497505188400511,0.1735959710484752,-0.5273510143173145,1933.6469447461327,0.00017859932527561578,273.51755239084605
92.28294838518953,22.010048174143815,25.815701896771138,20.08663999545642,0.015997143061994557,0.1613882176738165,-0.5576250078499368,1929.6960948714648,0.00017647159713999848,273.265666491295
92.33294838518952,22.010048174143815,25.446585605007698,19.294098977771778,-0.13474838637152312,0.163227619085699,-0.5637662422332249,1915.4405550150914,0.00018268724203343855,273.1430279682599
92.38294838518952,22.010048174143815,25.49291859956939,19.38499760713321,0.1586820880957508,0.1739626603542234,-0.5554298454599591,1918.710155900553,0.0001890513590023588,273.3444802102255
92.43294838518952,22.010048174143815,25.52767229212404,19.720921943464482,0.46053795801448394,0.17950288767657727,-0.5463319068218023,1920.3492244416325,0.00018077097002700858,273.2110851683639
92.48294838518952,22.010048174143815,24.644462317508488,19.28254783051014,-0.07445863821898581,0.1659070657601027,-0.536497602290524,1917.6991467346243,0.00017806532511552105,272.72445041809215
89.13294838518952,21.960048174143814,25.05454927591078,20.825889851931443,-0.06026283367226053,0.4881074066395735,-0.4606338457814315,1900.2390669131591,0.00017287944264144937,274.75532224800827
89.18294838518952,21.960048174143814,25.106475855815365,20.3279776117916,0.00966306496184438,0.4478971295683071,-0.44794869210928456,1901.5909391772066,0.00017328234498291157,274.7290586706061
89.23294838518952,21.960048174143814,25.13074792895427,21.036040401256628,0.029142979446193377,0.45512806460198113,-0.46050991169548366,1899.950088434245,0.00017457912193511723,274.79129189617174
89.28294838518953,21.960048174143814,24.866079700696215,20.027574489348556,-0.20326936446442626,0.4251824599318685,-0.4787075114728104,1897.9234859234998,0.00016749806983342236,274.69245511608204
89.33294838518952,21.960048174143814,25.09598029816496,20.94800426792051,0.09680996120725358,0.41062502007120055,-0.4432228327749687,1896.773804980495,0.00017492482683996167,274.7020005606935
89.38294838518952,21.960048174143814,24.97071891532424,20.858555269322547,0.06667203235993388,0.43934111267626635,-0.4403551722734126,1898.6438582691728,0.00018001985258986618,274.6090540798832
89.43294838518952,21.960048174143814,24.92534307239723,20.551374918156625,0.05962864916906906,0.4386306144691632,-0.47186367909711135,1899.9259212800707,0.00018096552113707807,274.64836712112833
89.48294838518952,21.960048174143814,24.704070776020025,20.978920610936157,-0.1230872767514977,0.4189325245978283,-0.44201759257061307,1894.4479720384224,0.0001752988327688594,274.67988519484646
89.58294838518952,21.960048174143814,24.697986705892383,20.32899280606596,0.0924959980615002,0.44507512606568966,-0.4859178428346073,1903.2106859950172,0.00017013000819422405,274.68648511684904
89.63294838518952,21.960048174143814,24.617144834761145,20.159475158975745,0.07306340047668303,0.40178372692837927,-0.4901250019522544,1905.1443569130101,0.00016908155482588054,274.6929615229159
89.68294838518952,21.960048174143814,24.496464663553077,20.526628620962313,0.048123285592001575,0.3910345628124524,-0.4774000498528932,1903.1648658521126,0.0001755566890510024,274.7276215487567
89.73294838518952,21.960048174143814,24.433899724866215,20.516910230115695,0.05806293783991158,0.38488268846554174,-0.4713998632887508,1902.3563496146521,0.000166718173286262,274.64358084728053
89.78294838518953,21.960048174143814,24.197161936338187,19.38191414478637,-0.14704518972318414,0.352245380991891,-0.49540729073919704,1901.4001921537124,0.00015341702145467843,274.66639282413064
89.83294838518952,21.960048174143814,24.32070484912318,20.147726515240237,-0.13374957706135673,0.3661651338818298,-0.4615548181398132,1896.9882063248194,0.00015733173449842264,274.6631580510918
90.08294838518952,21.960048174143814,26.26640750000415,20.522048517111276,-0.0631934154227039,0.4009980535635693,-0.3556279611647003,1952.395578276322,0.00016388199276677517,274.567839417869
90.13294838518952,21.960048174143814,26.060482918676062,20.53171174591573,-0.3721611750103639,0.3928069083360378,-0.3483302276297952,1955.0944467291492,0.00017094628454085778,274.4085779107818
90.18294838518952,21.960048174143814,26.511384188702788,20.572555200275687,-0.10693371056719565,0.40234905987406044,-0.3361172763760864,1955.5474717102295,0.00017618975175889498,274.3642029271795
90.23294838518952,21.960048174143814,26.71243888325459,20.80034482806069,-0.12925197996539756,0.39129627661025573,-0.34017094757873917,1955.6087753148267,0.00016388034368576684,274.39129916399173
90.28294838518953,21.960048174143814,26.957872805683635,20.963802307205107,0.07270383992809908,0.376044353741542,-0.31460853306919695,1951.2536538483346,0.0001626377427531904,274.59746418072535
90.38294838518952,21.960048174143814,26.92081811889132,20.915617649329505,0.3407522825359192,0.38497398694025514,-0.38299871312768113,1949.6245254990902,0.00015960874624882372,274.6185796764555
90.43294838518952,21.960048174143814,26.917518887920785,20.24315655824938,0.3925277130347696,0.3715146963651333,-0.4102187934640207,1953.7629456565671,0.0001598732041709845,274.6090807622407
90.48294838518952,21.960048174143814,26.399734821112844,20.79128759816438,-0.15096616977564575,0.3925799009563718,-0.3744457978866364,1947.6133339731655,0.00015657304965218096,274.5815325446609
90.53294838518953,21.960048174143814,26.60326877494007,21.261359379022867,0.17092110911735492,0.38992288375185463,-0.33075963952417126,1946.5292907836533,0.00015793573198152883,274.6078426799662
90.58294838518952,21.960048174143814,26.88576857616561,20.945789794479843,0.5914242435734611,0.4034252417199981,-0.3511495685394437,1945.2887839543505,0.0001698625832292007,274.6122048099207
91.93294838518952,21.960048174143814,26.62077457853164,20.96234584955983,0.2548173642304138,0.2450628734344654,-0.42724476017492935,1942.3531289262532,0.00018830854032591505,274.14661202374907
91.98294838518952,21.960048174143814,26.096017594971144,19.71545512676855,-0.20769137226449028,0.22640350075056107,-0.4746579224413379,1939.836160760093,0.00017758989549588239,273.8054865420981
92.03294838518953,21.960048174143814,25.578443569085298,19.689736372883136,-0.7196333425716913,0.21573271420516513,-0.5043628985881279,1938.9635623301003,0.00018269720810268306,273.75140707023587
92.08294838518952,21.960048174143814,26.21402273128831,19.874929689208784,-0.073931657266834,0.20949107369881262,-0.48520950778716143,1940.4555228984568,0.00018777133376745274,273.71588609868496
92.13294838518952,21.960048174143814,26.53982993722953,19.811681768379767,0.27670734063746155,0.20768051868922052,-0.4925641743652995,1938.6664041263898,0.00018855477013548014,273.694405820798
92.18294838518952,21.960048174143814,26.29493982706185,19.515764395299538,0.13903490900231805,0.19152064692360105,-0.5195637398816191,1935.3374967086038,0.0001836789770325785,273.67700581158243
92.23294838518952,21.960048174143814,26.069518150901292,19.38115801269545,0.12033785692939684,0.1829162429985145,-0.5425629934121484,1932.3401799794196,0.00017925922548056992,273.47981313503004
92.28294838518953,21.960048174143814,25.80005418273847,20.006828780674372,0.07945794698438509,0.17373922215488047,-0.5599566543817663,1933.2947747202038,0.00017994991773082218,273.3089316983254
92.33294838518952,21.960048174143814,25.34857633849818,19.61966251485529,-0.1850113565270499,0.1690844595645664,-0.5706824422138428,1925.2968242330662,0.00017822300595997224,273.26560699535804
92.38294838518952,21.960048174143814,25.150145462409625,19.469174211144537,-0.1711758934240758,0.1720369491190385,-0.5616324758035398,1921.7109410934802,0.00018303503161968467,273.2951594764063
92.43294838518952,21.960048174143814,25.254897224565248,19.512870061890776,0.2022902367751069,0.17421265917178216,-0.5539703135289327,1921.60169530705,0.00018912368901033116,273.07305868591976
92.48294838518952,21.960048174143814,24.778302242298405,19.11724307161607,0.04114072568484992,0.16226172278850767,-0.5366733567172316,1918.7774974587999,0.00017310741513365343,272.4236024317101
89.13294838518952,21.910048174143814,25.076932426831537,20.39093149810107,-0.04333575563631849,0.467312771771949,-0.4638726683427892,1900.241866048527,0.00017715707840323665,274.6977675051031
89.18294838518952,21.910048174143814,25.109565169047833,21.03131019086865,0.021454871787383478,0.44656205367016527,-0.44796786321539694,1903.16414734101,0.00017419130428580722,274.6757160329423
89.23294838518952,21.910048174143814,25.239067257763153,20.652468714297328,0.15930422280937537,0.4368609008242877,-0.47024199929328003,1903.1560489020399,0.00016034628615642276,274.71403285913533
89.28294838518953,21.910048174143814,25.16421245284909,20.994930034711775,0.06907967199642492,0.42961142890144355,-0.46629005958994557,1898.1339345787703,0.00016700912035008493,274.7460082075793
89.33294838518952,21.910048174143814,24.990812822071884,20.346085760001607,-0.06961248101263175,0.4181912440394484,-0.451907547817217,1898.2605928693163,0.00017729529328741427,274.71023628955703
89.38294838518952,21.910048174143814,25.031941493446315,20.67052504428204,0.10126634348728124,0.43465587675475276,-0.4255868977012053,1897.4700139304343,0.00017448037387141833,274.621843734789
89.43294838518952,21.910048174143814,24.88637034944049,20.20799259198706,-0.0016938668657714962,0.4250905605349303,-0.44375169234361533,1895.9308911862172,0.00017464632558707212,274.61048134755106
89.48294838518952,21.910048174143814,24.754026790395876,20.88220072210396,-0.05899339379726416,0.4182068223592688,-0.40483642696404115,1888.757290762046,0.00017209270613754673,274.75776843954816
89.58294838518952,21.910048174143814,24.557459693937272,20.231373812917138,-0.12241703123973602,0.42374381142838946,-0.4819485647778113,1903.4979969101917,0.00017164462256481807,274.699893674333
89.63294838518952,21.910048174143814,24.571462422559797,20.55282808335611,-0.05393148893763211,0.39324855222789185,-0.46478001065104607,1902.2747315042925,0.00015887594208280668,274.7031545278874
89.68294838518952,21.910048174143814,24.54566433496245,20.699003297369998,0.023624776106404167,0.40068116453365277,-0.47397732028179823,1900.0178624273944,0.00016417720354952172,274.66912537349197
89.73294838518952,21.910048174143814,24.42901151197268,20.46001214348834,-0.04022709335039558,0.37425459876157136,-0.48459710998883415,1899.5838958232423,0.0001646535737723792,274.6794961997747
89.78294838518953,21.910048174143814,24.296354116445976,19.90984726958558,-0.14219982631609346,0.3592196683214213,-0.4991821499633061,1898.6390848598983,0.00016659476132189794,274.6979200463442
89.83294838518952,21.910048174143814,24.290965338968427,20.051809642994975,-0.17037399620311713,0.37215666341581916,-0.46880184314759343,1895.442510417552,0.00016583036481249808,274.6993968247724
90.03294838518953,21.910048174143814,25.99351760727858,20.904837279272545,0.010848348405456332,0.38937360887288597,-0.35264671039706497,1939.0677760399044,0.0001678559465766223,274.6371934814964
90.08294838518952,21.910048174143814,25.928499633330386,20.303041539527367,-0.2359025775535114,0.3815348906216968,-0.37768614589615374,1949.5219307427628,0.00016736411469369246,274.5432452130461
90.13294838518952,21.910048174143814,26.228838163372107,20.515320262492473,-0.25626343105817,0.4077888336169338,-0.32892309971116535,1951.7004232794677,0.00016444297075345637,274.47502690999744
90.18294838518952,21.910048174143814,26.856537821834745,20.42996323301755,0.004280935432758469,0.39080026089682113,-0.3227679043753559,1953.7180472302578,0.00017220431551117528,274.3532451420007
90.23294838518952,21.910048174143814,27.350225309346843,20.458508681821826,0.26542350034684226,0.36394907610910715,-0.3461423046865585,1951.821629550266,0.0001686992948877306,274.3769677163243
90.28294838518953,21.910048174143814,27.12201251850104,21.10906698701788,0.07781901377402516,0.38969262096390894,-0.3059146964135136,1945.3396766967924,0.00016595000115511593,274.45857912720254
90.33294838518952,21.910048174143814,26.425314375553867,21.028344251917833,-0.15971332221506657,0.38519806367469195,-0.3652292917205209,1940.5633697440833,0.00016434853801132945,274.55770685066864
90.38294838518952,21.910048174143814,25.61200005381825,21.196649125228756,-0.8456543705103661,0.3851817801534507,-0.40672250699527607,1944.3386722309353,0.00016337730567623043,274.64654120037954
90.43294838518952,21.910048174143814,26.321598078131014,21.02784099244597,-0.02105298505228253,0.3887744213945027,-0.3897317200237698,1944.0588587165932,0.0001656637696150668,274.6302556882438
90.53294838518953,21.910048174143814,27.065920793543054,21.102145490732735,0.7836929219594901,0.3828104121462992,-0.3325501766024524,1946.3136741761355,0.00015291655956483106,274.5237248257298
90.58294838518952,21.910048174143814,26.770443841725967,21.128824954583507,0.6324271573961666,0.3904412954425705,-0.32266206372513756,1946.749977059244,0.00015539498740386104,274.5793195469476
90.63294838518952,21.910048174143814,25.466261853595327,21.36947451066529,-0.5752742132183543,0.40949719309321775,-0.29269871130530456,1930.2763877982845,0.00015742269026896506,274.6625268776268
91.88294838518952,21.910048174143814,26.83724871995578,22.67069244205739,0.10052544841493977,0.2523994320480954,-0.3356174792649059,1931.5176600115567,0.00018314466540371097,274.309533965153
91.93294838518952,21.910048174143814,26.950046940150227,21.697016365549178,0.4574780495660506,0.23869722879869243,-0.391772925275476,1939.653340388604,0.00018150452926642103,274.1789782856184
91.98294838518952,21.910048174143814,26.322990547247343,19.949646633917318,-0.01951841380432616,0.22598894096239167,-0.460569539577639,1938.897156448217,0.00018408207090184626,273.93976131672076
92.03294838518953,21.910048174143814,26.036020148722145,19.487471593096,-0.20232850030353913,0.224572285926348,-0.5027918580813051,1936.8426550652464,0.00018825249592424763,273.82518205782577
92.08294838518952,21.910048174143814,25.860521554857122,19.595166027550768,-0.2875262760201408,0.18646599306123532,-0.5047185852127445,1934.4527325639851,0.00018744093751806801,273.73991617590053
92.13294838518952,21.910048174143814,25.79765664469357,19.557807336101554,-0.2881230817810164,0.19410709369495172,-0.522594709874138,1931.8612171810544,0.00017054572753922862,273.61807642945416
92.18294838518952,21.910048174143814,26.10422708514883,19.39948677051881,0.11853335524699883,0.18540218013029558,-0.5389658221435372,1930.89288545567,0.0001680618558809195,273.6342276018495
92.23294838518952,21.910048174143814,25.87299806383693,19.39381077783379,0.03122696946117687,0.1774697177360141,-0.5593189668501624,1931.0419002554288,0.0001701866663067606,273.54850029158695
92.28294838518953,21.910048174143814,25.76555297453981,19.920112422064587,0.118111489907647,0.16893522924847232,-0.5631118190670918,1929.8288977798547,0.00017153949967365178,273.43576995752153
92.33294838518952,21.910048174143814,25.226836093122905,19.927568389415004,-0.2541007028566485,0.1756274409137756,-0.5687254520445877,1921.2728511048356,0.0001838401736454742,273.27699976587843
92.38294838518952,21.910048174143814,25.564929863850786,19.30429549580943,0.26688102188822777,0.18439769883571966,-0.5422347015148974,1917.6425951324059,0.00018755474338627337,273.2885862662943
92.43294838518952,21.910048174143814,25.09483915452072,19.41427973792051,0.05257174308320385,0.17787467017943254,-0.5343200638370202,1919.1090885443707,0.0001896523948732986,273.1416526420478
92.48294838518952,21.910048174143814,24.86539237691579,19.377500161539643,0.06372496570189821,0.17189498167846975,-0.5252159859144198,1915.8769366708534,0.00016927931737243746,272.5565434973311
92.53294838518953,21.910048174143814,24.336894237443772,17.98708784769368,-0.07561885253444828,0.15774971188449755,-0.5552186357388853,1899.3504235334094,0.00016825644176633888,271.83623386225906
89.13294838518952,21.860048174143813,24.848402153206653,20.33147575764206,-0.2956481341310332,0.4595007014342125,-0.46818164943326196,1900.4421941705914,0.00017253266566809956,274.8006298032617
89.18294838518952,21.860048174143813,25.09270651312957,20.60421947152629,-0.04910060103629632,0.46564688265792625,-0.4683117355887092,1902.2120194281154,0.00017105392002720446,274.7313315180973
89.23294838518952,21.860048174143813,25.165146965549418,19.90788884078549,0.03533794319871697,0.4527918711174785,-0.4787237934071409,1903.2662338285124,0.000169744597963683,274.68324899485157
89.28294838518953,21.860048174143813,25.084179914362092,21.175146969617355,-0.0639786192531895,0.4431450780891522,-0.44793508715092983,1900.5835675520034,0.00017750364806384667,274.72550605588407
89.33294838518952,21.860048174143813,25.255721265227375,20.930492746993437,0.19843980637295258,0.4714055095132821,-0.4364505735260028,1900.707641864347,0.00016751817064285417,274.6930953584663
89.38294838518952,21.860048174143813,24.820297879352342,20.17585789697941,-0.1112826666214892,0.4475089062426694,-0.4338562648884673,1899.076945932912,0.00015785381404816276,274.5859719069659
89.43294838518952,21.860048174143813,24.687875410793545,20.335848933512935,-0.1853541825896805,0.4228216691839679,-0.4308805353784062,1893.0874775609175,0.00016906614229396965,274.69985368820943
89.58294838518952,21.860048174143813,24.71535016675384,19.995167064354934,0.00046171907854630496,0.4031871358590807,-0.4645978318518922,1897.40544479169,0.00016552825806123215,274.7615219328857
89.63294838518952,21.860048174143813,24.806027303119038,20.8006265317,0.13731194944914407,0.3985665954762238,-0.4454324132970951,1897.1853213579116,0.00016498399164318914,274.73166335174113
89.68294838518952,21.860048174143813,24.68768507111307,20.726960803997603,0.08338709021976291,0.3908504501958682,-0.44246409278195015,1897.5969199487806,0.0001662608424291468,274.75978273380326
89.73294838518952,21.860048174143813,24.750095779334956,20.854707787864687,0.1993190291741786,0.39995189529123615,-0.44784558943161396,1897.8604122657223,0.00017041754006623226,274.8221950044208
89.78294838518953,21.860048174143813,24.665386476145674,20.62903973792324,0.13593770343681946,0.3698401567830141,-0.4428765632830457,1900.2675357921642,0.00017095150360328185,274.8829042677456
89.83294838518952,21.860048174143813,24.652493470274617,20.73037270217753,0.13184442207323396,0.3793968093469615,-0.38822770552227,1900.8206340483814,0.00016358231501371236,274.80597352983193
90.08294838518952,21.860048174143813,25.538446168961027,20.803049839459895,-0.8990197862760878,0.3657216485308544,-0.33584626096346293,1944.8410092666927,0.00016740869591106686,274.65919790803014
90.13294838518952,21.860048174143813,27.178197805111616,20.533017533981834,0.3154859718861366,0.3788454883663696,-0.320210919347171,1954.4691740726387,0.00016430601142293494,274.58570350536985
90.18294838518952,21.860048174143813,27.927875365135144,20.336055156292904,0.8092334573886756,0.3799602945085237,-0.3263700824942145,1954.8703475605992,0.00016701671785031115,274.3917180593264
90.23294838518952,21.860048174143813,27.22613260390901,20.81262866773324,0.04902965645369449,0.3771059966386399,-0.32315153218269466,1946.1045685690483,0.00016492156959736323,274.55428774349554
90.33294838518952,21.860048174143813,26.31368359507737,21.223733722944853,-0.008866584788154684,0.3758358065793827,-0.33203443499994656,1934.7255957625423,0.00015410412063710793,274.6887876200337
91.88294838518952,21.860048174143813,26.91540843091693,22.559203628708666,0.1242706610238046,0.2520617581961097,-0.3502913418241543,1932.2359777327247,0.00018094872424452696,274.3072036692929
91.93294838518952,21.860048174143813,27.0492387403529,21.87815255432924,0.43078261411257235,0.26730550715457946,-0.3871221344767063,1939.3310026603517,0.0001831041086001247,274.0558173398334
91.98294838518952,21.860048174143813,26.349232420236852,20.36155122271471,-0.11442983681680143,0.24786288420235936,-0.4627703947581381,1940.0032284334784,0.00017995091978715671,273.8417015398903
92.03294838518953,21.860048174143813,26.30214660777438,19.68605497606016,0.04001395913626985,0.21360163184963438,-0.4791161253349252,1938.5265226391207,0.00017882542864127004,273.7222973409393
92.08294838518952,21.860048174143813,25.988971340419344,19.717277063221594,-0.13062008684821325,0.20258607592922825,-0.49914039811130606,1936.3589480698463,0.00017059239161581734,273.6268308915532
92.13294838518952,21.860048174143813,25.972445476709122,19.52405446498354,-0.0738721097100155,0.18769060743601287,-0.5318710715843428,1932.3163437112403,0.00017477081238516558,273.6182805249955
92.18294838518952,21.860048174143813,25.839585428494637,19.298284882953894,-0.12785252947813402,0.1832995936122627,-0.5398306283670755,1929.2712255301938,0.00017861197684210356,273.6085291019702
92.23294838518952,21.860048174143813,25.762462779751235,19.071468605276436,-0.06229806662445067,0.17265926889074854,-0.5535649138725531,1928.9961652303014,0.00018211813482871286,273.54500969571995
92.28294838518953,21.860048174143813,25.837884568329756,19.60346026646085,0.15895261915301478,0.16518644479864064,-0.5547365288688362,1927.6254256102015,0.00017249996099782911,273.3844523541714
92.33294838518952,21.860048174143813,25.189273468203012,20.317424752945588,-0.3515227629675605,0.16366071508162397,-0.5493381169886264,1927.6214898617409,0.00018498927586891413,272.9936310100773
92.38294838518952,21.860048174143813,25.402117363972643,19.6079253644352,0.02625616973227441,0.17589660280079472,-0.536364526621483,1915.816109623928,0.00018596937283572594,273.08057998839314
92.43294838518952,21.860048174143813,25.325489718896765,19.49771768768844,0.1831588692419805,0.1794447314316101,-0.5342206656145391,1921.5576983691494,0.00018127012048226818,273.05690332821877
92.48294838518952,21.860048174143813,25.12224444166354,19.513164077923562,0.24257842938626156,0.1673969423158457,-0.5286677483030003,1923.0345990019514,0.0001786839153504163,272.58437450612536
92.53294838518953,21.860048174143813,24.260767442964518,18.585086818180756,-0.30074462058756374,0.16904765834934335,-0.5610745656261963,1919.2878793999596,0.00017062792003893728,271.8933744329095
89.08294838518952,21.810048174143816,25.34952507710042,21.37379975585082,0.20238166625904416,0.46822378388372665,-0.42553405256791127,1890.949643303782,0.00017356727932755695,274.80915028171927
89.13294838518952,21.810048174143816,25.142851207549704,20.59931437980571,-0.05179971410606658,0.4938890098570625,-0.43577927381856874,1894.614626578289,0.00017842831649469244,274.85983065241567
89.18294838518952,21.810048174143816,25.350850279406952,20.719627148817366,0.13145112372510706,0.48993613481424025,-0.44575366372958225,1896.7444506497384,0.00016870031252187818,274.74389201141884
89.23294838518952,21.810048174143816,25.194775614250517,19.93483547848544,-0.013882622172923994,0.4556612822571257,-0.4794228817074779,1897.5538613151746,0.00016195322858476673,274.63096464915765
89.38294838518952,21.810048174143816,24.95104238875783,19.82468739439015,0.06474834199048886,0.4304692653405152,-0.4536857686670275,1896.9339910816673,0.0001513192261632398,274.6755012633465
89.43294838518952,21.810048174143816,24.706651090224025,20.03371771643735,-0.11780241798620716,0.40942096429482616,-0.44509000095569595,1893.8946824971486,0.00016171384137994208,274.70892756635703
89.58294838518952,21.810048174143816,24.85014145756339,20.506050213567107,0.03718810830427246,0.3953390780771798,-0.4468840467808611,1894.2525524727728,0.00016081309322000763,274.7015757583641
89.63294838518952,21.810048174143816,24.511212578622168,20.30951111478714,-0.30640353921228486,0.37244492501496435,-0.43964312119995475,1893.4101387959852,0.00016519274421554478,274.7825183731095
90.18294838518952,21.810048174143816,26.88135402990937,20.93678068839713,-0.421341832301126,0.3852416324574664,-0.3146139935108992,1956.2905131269329,0.00016783696606851697,274.5860035623562
91.93294838518952,21.810048174143816,27.27348781664882,22.29759602173306,0.584459881632993,0.27513562247879875,-0.40631031630343256,1939.9072488342833,0.0001771709315776265,274.0385727023637
91.98294838518952,21.810048174143816,26.537766484941162,21.119994117255523,-0.008454068666371698,0.27616947462243774,-0.47506879942829994,1939.9178586969206,0.00017180366441040375,273.8383328694225
92.03294838518953,21.810048174143816,26.314937579530163,20.3644056542379,-0.06127175053375939,0.23207854316501633,-0.46591424905660783,1937.462069500332,0.000176897002509931,273.74992992047686
92.08294838518952,21.810048174143816,26.13134021686925,20.13100018830941,-0.10962273721636082,0.21735784935092878,-0.478083553825868,1937.117121927002,0.00018374726517198688,273.7148119701002
92.13294838518952,21.810048174143816,26.227485002568844,19.977778768081986,0.05881246409103787,0.18571744564071602,-0.5131466337384074,1934.6544698645182,0.0001886842466499137,273.55544201743476
92.18294838518952,21.810048174143816,25.910637356175688,19.768453082869907,-0.1882632754804669,0.18407774039709063,-0.5214909113063054,1930.8232475489372,0.0001939622600921013,273.54904249845265
92.23294838518952,21.810048174143816,25.9408544288876,19.29515333409042,-0.034684158466506534,0.1688658886901159,-0.5301938467781608,1929.9450372314138,0.00019786722159661894,273.4883952641431
92.28294838518953,21.810048174143816,25.901665701339965,19.233577818199215,0.09189244757565217,0.16747584224368944,-0.5411632409603779,1928.4277424147072,0.00019452029479953957,273.3626211248858
92.33294838518952,21.810048174143816,25.82325587690819,19.929850202602722,0.12757264530100262,0.1626186083439481,-0.531351925734831,1927.0837582810937,0.00018357014094885744,273.00361197979447
92.38294838518952,21.810048174143816,25.077349564342654,19.8426854272408,-0.48741664987347955,0.16394855224796337,-0.5473054627251992,1925.533837460509,0.00018502400779951992,272.80361091649485
92.43294838518952,21.810048174143816,25.405574405714724,19.630410332932904,0.06479497404801264,0.1826438262904399,-0.5448510311839129,1930.6763070964507,0.00017919967139295006,272.9248993258893
92.48294838518952,21.810048174143816,25.523025791305958,19.68332523435679,0.4668757303798191,0.17723305022190444,-0.5506495308946021,1931.017808030407,0.00017390525074707514,272.7212817580829
92.53294838518953,21.810048174143816,24.813204920221878,19.21977385704137,0.12718781327287082,0.1676684852341879,-0.5619274154433566,1924.4776611328125,0.00016458179532027854,272.10376919020564
89.08294838518952,21.760048174143815,25.478868880890154,21.020328548030495,0.30152314799057,0.4521751434781656,-0.4289540001304782,1887.846095592175,0.00016446332771645464,274.827760871687
89.23294838518952,21.760048174143815,25.172589975918918,20.457649347186518,-0.04826035748026128,0.4658815394683982,-0.447532889799889,1887.4578460845348,0.00017450116418546273,274.78060425453265
89.28294838518953,21.760048174143815,25.105989949430377,20.94412996798537,-0.0590753153206035,0.44180491738516003,-0.4064085037452708,1889.1979152174172,0.00016868687047697997,274.83387514685654
89.38294838518952,21.760048174143815,24.830006522433774,20.281358881041108,-0.03547665918664933,0.42965388050467596,-0.4299960452651614,1892.3796045076224,0.00015751280943035172,274.8399503687303
89.43294838518952,21.760048174143815,24.651428314081222,20.483328075262605,-0.1820234505029339,0.4226439777622955,-0.4255937035874217,1891.9096146789786,0.00015638442308471925,274.8344887361259
89.58294838518952,21.760048174143815,25.01715195101437,20.77057760032058,0.14471022122511393,0.38809049889924585,-0.4230948155995962,1893.4049924442734,0.00016086988263959572,274.825810153779
89.63294838518952,21.760048174143815,25.070032868970124,20.485807466267296,0.1775280342766411,0.3923645147641052,-0.40483231693994026,1892.9576374795865,0.00015954635611192353,274.9273035977602
91.93294838518952,21.760048174143815,27.0096196741961,22.466000542710052,0.3753224057368803,0.3333031492396803,-0.41387376301339873,1940.5128687879242,0.0001698571268732061,274.10895663588053
91.98294838518952,21.760048174143815,26.619382812173455,21.631894151128403,0.13273864398911395,0.2667123941975767,-0.4577112916246982,1939.1533475619794,0.00016732835267663755,273.94960961701474
92.03294838518953,21.760048174143815,26.401419658861453,20.64270038941703,0.004114358340512065,0.22273567733709107,-0.4462137669494368,1937.4923125303944,0.00017573706500817975,273.7614710393213
92.08294838518952,21.760048174143815,26.896899645330944,20.50567072223077,0.5804033417994434,0.22178889330969184,-0.45432550309609887,1938.535080807366,0.00018696276974129164,273.72201268108734
92.13294838518952,21.760048174143815,26.83384813621897,19.98197712832281,0.5970434040254771,0.20829162146244984,-0.4870174428220713,1937.16140341074,0.00017605549043691061,273.584865717294
92.18294838518952,21.760048174143815,26.134782972245393,20.29699763721461,-0.038124224563915315,0.1711354880893063,-0.5084176101849317,1932.9016427338831,0.00018345504996619534,273.51829949571095
92.23294838518952,21.760048174143815,26.184994627035227,19.7422911271873,0.08653219220133791,0.1699982620381968,-0.5143161100870456,1929.5589667991994,0.00018847349162632286,273.5012216019805
92.28294838518953,21.760048174143815,26.075280400990646,19.384611442024546,0.10358403566809908,0.17290396597985705,-0.5373321613663096,1927.7430011892068,0.0001855843743365399,273.48787025931506
92.33294838518952,21.760048174143815,26.1483138179404,19.60561122570463,0.30917005923564306,0.17106665498240597,-0.5469575122301552,1925.2609912312132,0.00018446010790491035,273.19487307834146
92.38294838518952,21.760048174143815,25.63386487647714,19.94875850222933,-0.0710391130989813,0.15818779208460226,-0.5513432131480333,1912.098001613216,0.0001810703622648467,272.83520347059203
92.43294838518952,21.760048174143815,25.191284051191484,19.525519503953333,-0.29869050741691516,0.16723807077969763,-0.5703812958837944,1931.3562600069695,0.00018353578107196283,272.85158542553086
92.48294838518952,21.760048174143815,25.328186936501993,19.473069777554045,0.20391201935984998,0.1779707214598961,-0.566003960989669,1931.672346834408,0.00017532403491130402,272.7741893767671
89.23294838518952,21.710048174143814,25.145236604151826,20.97761438681298,-0.03995639218756989,0.47063913960498804,-0.40884553884082014,1881.4256590770178,0.00015944647548964092,274.8843514365811
89.28294838518953,21.710048174143814,25.056855284818212,21.10301054714543,-0.11257285421227309,0.4502981946085654,-0.372027530610077,1882.7630990658554,0.0001532230971751647,274.9664567824908
91.93294838518952,21.710048174143814,25.943552901033886,21.458986721970177,-0.36123470913481603,0.25828804329208,-0.43276597874381345,1940.86680273316,0.0001779468683267548,274.03749282796076
92.08294838518952,21.710048174143814,26.10142678018148,20.24160682464814,-0.2182067030646663,0.22748989781720044,-0.47191634175813113,1934.285380210364,0.00018022816544103302,273.6998421123567
92.13294838518952,21.710048174143814,26.20847706569323,19.681838522097483,-0.07300392090698633,0.1985166157718148,-0.5075841629814473,1934.4296869918085,0.00018182962968553106,273.5408484199557
92.18294838518952,21.710048174143814,26.264217173176604,20.061718006964938,0.022525897006530092,0.16894728338622503,-0.5232926983242842,1930.6044560538887,0.000188701915060323,273.358042983637
92.23294838518952,21.710048174143814,26.27283326129525,20.193312369123035,0.06600962256536815,0.16497837406737234,-0.5294662757007399,1926.9344087467496,0.0001778583907110145,273.3356245159608
92.28294838518953,21.710048174143814,25.982627209397158,19.61209497058569,-0.1885632248089831,0.17196018895463766,-0.5340899117949084,1926.6374976224654,0.00017380813897861514,273.3541779419909
92.33294838518952,21.710048174143814,26.24486359808692,19.517636060386124,0.21735579094493507,0.1724541587642588,-0.5512506538120365,1924.6252678926157,0.0001850015393986661,273.2928102780087
92.38294838518952,21.710048174143814,26.247923287765907,19.78142977995251,0.43527461348331703,0.16586889729523266,-0.5476860186035933,1914.9870905142084,0.0001679166913421577,272.9755983721792
92.43294838518952,21.710048174143814,25.168160879442,19.694225591164187,-0.3544853029675177,0.1679790398016756,-0.5702666993225761,1907.0833453838623,0.000171626976784503,272.71018430689736
89.23294838518952,21.660048174143814,25.355370920740544,21.27705047252475,0.15938122893535495,0.393660415942486,-0.36300176440559634,1877.2708110827373,0.0001647144817039313,274.9826391906642
91.93294838518952,21.660048174143814,25.83300549609016,20.812295434474432,-0.18239307759455586,0.22237544650478897,-0.46268802047252916,1936.2894383551416,0.00017838419468058038,273.878240695166
92.08294838518952,21.660048174143814,26.119071261743652,19.96098886528716,-0.14891453518554598,0.22179898098541395,-0.48122817320548034,1932.6508025969115,0.000171656085321034,273.63484241973055
92.13294838518952,21.660048174143814,26.371424274996574,19.547948512393496,0.08350397943534417,0.19514952671238825,-0.4984324469718175,1933.5369451326126,0.00018321400254987227,273.41283678384974
92.18294838518952,21.660048174143814,26.347831186260013,19.721247712955204,0.06736050884617213,0.18027705425924806,-0.5192409270208307,1931.2254362761958,0.0001830168567052162,273.256999629853
92.23294838518952,21.660048174143814,26.280978051682585,20.39438405607844,0.014697536999148985,0.15956691776764462,-0.5413013997300183,1928.157302626438,0.00016844401518312702,273.19063206041307
92.28294838518953,21.660048174143814,26.374613807141177,19.841617593088916,0.1547788723710341,0.17890065667460475,-0.5212925676701401,1927.6353310933757,0.000176586057657267,273.35701852187464
92.33294838518952,21.660048174143814,26.456340229435117,19.730612751628726,0.3842826219324102,0.18489991609867204,-0.5249057931789305,1928.2166423506135,0.00018414858720864794,273.3925557343266
92.38294838518952,21.660048174143814,26.13183601492785,19.745890447804197,0.3211357532547188,0.16851308602762566,-0.5406885404299803,1922.393011458316,0.00017192709334440647,273.08757821088005
92.43294838518952,21.660048174143814,25.331614164425325,19.767651637212165,-0.186808436436733,0.16188106747001788,-0.55843474121291,1913.209620005286,0.00016252600206471317,272.6249197621209
92.48294838518952,21.660048174143814,24.51828705332333,19.79090123202701,-0.6941132454441751,0.1644212814393304,-0.5983501096871454,1907.030525000409,0.00017091936158247081,272.5622515261146
92.53294838518953,21.660048174143814,24.746224054791575,19.582888562696997,-0.027162703687072416,0.17328894698514047,-0.5686688373740737,1900.0307445170474,0.00018162040422004243,272.3258288534918
92.58294838518952,21.660048174143814,24.26559233147404,19.77424617367567,-0.0585221144259948,0.16656659042086128,-0.5547851347535776,1903.7737501102472,0.00017766767815514424,272.1254845677567
91.93294838518952,21.610048174143813,25.92454915094227,20.40896780321433,-0.09274318602190433,0.21755478625782726,-0.4871607723171325,1932.6655961805811,0.00016996206105121672,273.8823040666776
91.98294838518952,21.610048174143813,25.680762407262378,20.592464307641126,-0.44802850307747333,0.21937830461925448,-0.4685251462717625,1931.0846462820766,0.0001726090260062471,273.8764558347709
92.08294838518952,21.610048174143813,26.14698039818082,19.8787839454291,-0.19140601926774847,0.2151294661303952,-0.49417199653906435,1932.105926899286,0.00017426074767274642,273.6180669258592
92.13294838518952,21.610048174143813,26.588755414307823,19.413064690759295,0.27731628514796647,0.20118661412720548,-0.4988772984363716,1933.1539811115372,0.0001824766484324911,273.4213000480859
92.18294838518952,21.610048174143813,26.3510378917216,19.625192081870267,0.09284391310875725,0.18205064440098281,-0.5026657228880166,1932.632413281201,0.0001900042509656291,273.22282972477245
92.23294838518952,21.610048174143813,26.217010589005344,20.120118266634478,-0.0060795636213223725,0.15926488927752272,-0.5105184602955449,1923.2108470754968,0.00017601326183451271,273.2293744514981
92.28294838518953,21.610048174143813,25.9071455425406,20.202254516091177,-0.26803693083455876,0.164177235075844,-0.5133712518427277,1919.049499132501,0.00018448009211640548,273.1083777495736
92.33294838518952,21.610048174143813,26.155953037986993,19.848384824943953,0.10221697847681079,0.1722365881082534,-0.5250133643972843,1924.8099753479862,0.00017283290194763018,273.11840533026606
92.38294838518952,21.610048174143813,26.021024564232775,19.647227364299432,0.18708397840341154,0.16977128408124895,-0.5499679969701808,1918.9749098653751,0.00017958663515414868,273.1129046967012
92.43294838518952,21.610048174143813,25.94547514253372,19.535882823269265,0.345370115874551,0.16372685380451418,-0.5486419127821164,1919.8828345752847,0.0001756991350296671,272.82928739213673
92.48294838518952,21.610048174143813,25.387750311542813,19.478144593524565,0.05873461251609034,0.15883906443106627,-0.5822122793901033,1943.1618777883966,0.00018454095239250513,272.64128154968574
92.53294838518953,21.610048174143813,24.92917269863973,19.500385764345385,-0.038082353995274563,0.1723963753920976,-0.5685422619571393,1910.4233920381669,0.000178654593911875,272.29654703384506
92.58294838518952,21.610048174143813,24.55059145459116,19.67619177565074,0.038518539989830736,0.18318947393809992,-0.5534621247981921,1914.4513802757228,0.00017704875510218764,272.1438238485361
91.93294838518952,21.560048174143816,26.280399670112057,20.632960686957034,-0.042740333467520306,0.21277939856515984,-0.4635434425412259,1934.2006756106516,0.0001726614364759633,273.82225301227265
91.98294838518952,21.560048174143816,26.349148570093217,21.064846085360493,-0.027754529471560683,0.22162520751475978,-0.45359490237870015,1935.8201108770688,0.00017484067251444788,273.81523489290254
92.03294838518953,21.560048174143816,26.52070017091974,21.30830522466817,0.09867387954923498,0.2440207596596699,-0.4346981199615032,1934.5991919863916,0.00017209770376630832,273.7155350385001
92.08294838518952,21.560048174143816,26.273081976896673,20.11215978074539,-0.09592188659967693,0.2073814945210677,-0.47900657061975177,1933.0454032092946,0.0001727619617052213,273.5309593410792
92.13294838518952,21.560048174143816,26.01096197302931,19.761918911274147,-0.2880788833354092,0.20404312740040653,-0.4994138964009922,1930.5826410357997,0.0001802882995987268,273.55912400748576
92.18294838518952,21.560048174143816,26.27043268292079,19.709734839835345,0.08303652212460332,0.18665123955225152,-0.5086330022816397,1930.5045354869947,0.0001653234490975931,273.38131312191337
92.23294838518952,21.560048174143816,26.16767403549252,19.590571897396032,0.0075581713606888345,0.17082023789327472,-0.5033713000020267,1926.3764982048556,0.00017530070576035134,273.1558014126555
92.28294838518953,21.560048174143816,26.02032192947246,20.132726754197755,-0.11756946051375823,0.15853247273502177,-0.5249822822844863,1918.5761631678724,0.00017745231107729184,272.96579551325686
92.33294838518952,21.560048174143816,25.885743858183194,20.17570436092679,-0.15298336647696095,0.15430487837214654,-0.5533979818597757,1913.7344099756324,0.00015133030988821812,273.0496945377314
92.38294838518952,21.560048174143816,25.959121436168758,19.543569183252995,0.03035821036677301,0.16522354000773642,-0.5482174611507183,1917.0639585514737,0.00016480980063476384,273.1586809064654
92.43294838518952,21.560048174143816,26.259500092274205,19.41275238369462,0.5500163622608251,0.17103163765884535,-0.5355092976404171,1920.8729526002976,0.0001637632650822329,272.9258848978687
92.48294838518952,21.560048174143816,25.7916410084313,19.257702234122004,0.32756908698721193,0.16332820000238643,-0.5518766696587546,1931.362957798259,0.00017818504492172666,272.5445576542998
92.53294838518953,21.560048174143816,25.247434031842783,19.486126886152736,0.18320825042482536,0.18152404068250574,-0.5623427782626779,1917.3387759157756,0.00018276212439691724,272.2764404036646
92.58294838518952,21.560048174143816,25.008639006029053,19.57154499196871,0.42158636204555555,0.18609401981805912,-0.5374997106662565,1916.8175665231845,0.00018265251302885274,272.1803115064338
91.88294838518952,21.510048174143815,26.635006778726588,22.422639622490518,0.18957395276424927,0.2421641441344868,-0.4195235577311138,1923.4582526151585,0.0001556095623267056,274.05150454553257
92.03294838518953,21.510048174143815,27.01735041592683,21.399518714388616,0.5509088131755802,0.22920265345530777,-0.43418400404998364,1935.0353767368956,0.00016081015483742164,273.68353506566405
92.08294838518952,21.510048174143815,26.266987947289607,19.971889024862495,-0.1151354785370578,0.2057486098450476,-0.4658429417138867,1931.97275436634,0.00016002409681508886,273.47517264363665
92.13294838518952,21.510048174143815,25.913179598369616,19.246539242652933,-0.4298877404544053,0.19857013794149306,-0.4875203797904784,1929.587630137681,0.00017325794675526453,273.47469828994053
92.18294838518952,21.510048174143815,26.262791395365177,19.957214306301367,-0.019256475579995908,0.19764835150862006,-0.4854906518417627,1930.9197053344644,0.00017158923763672796,273.28519375246753
92.23294838518952,21.510048174143815,26.346236254960125,19.59994674223726,0.11721164673156262,0.18840108951498058,-0.49060033880909953,1929.2960864488778,0.00018478227120508086,273.1454617183172
92.28294838518953,21.510048174143815,26.110415772163268,19.659530417393775,-0.043314833958771816,0.1628421929006324,-0.5062471237065619,1923.3945733337987,0.0001825208700153382,272.9690762909746
92.33294838518952,21.510048174143815,25.995080058775017,20.08964805888722,-0.011456936192660984,0.14907027002006756,-0.5434519415977591,1915.8391840678335,0.00016912748285502285,272.8836216193677
92.38294838518952,21.510048174143815,25.664181130443666,19.684775535162306,-0.21115137530459208,0.1556879775289589,-0.5645480330926598,1917.5481396424489,0.00016988850234079603,272.9337794669086
92.43294838518952,21.510048174143815,25.724439828152956,19.416985385243798,0.07772412616181708,0.1659036972529646,-0.5377246262956237,1921.5354675145677,0.0001759926609741002,272.9919855762456
92.48294838518952,21.510048174143815,25.608884867767205,19.634523261412653,0.2246381094105335,0.1616329092554181,-0.5434870572607078,1922.9305827677997,0.00017833195038375132,272.6621291888958
92.53294838518953,21.510048174143815,24.707041776090268,19.683309663994947,-0.26028721282778716,0.17821354653707627,-0.5550195611033959,1918.6589935418808,0.00017970460059322152,272.21833559036247
92.58294838518952,21.510048174143815,24.597484236867444,19.515695562362694,0.026864721414690065,0.18883395888576954,-0.5312984250640757,1919.2925953778858,0.000183320554062194,272.17235781159434
91.98294838518952,21.460048174143814,27.007645596491102,21.38855998880162,0.37819706208372894,0.21155552201623354,-0.41008733479545684,1940.4888343125067,0.00017287864466585854,273.87528967994655
92.03294838518953,21.460048174143814,26.487771008755615,20.76026422494739,-0.006523259701638355,0.21006183114851595,-0.44482930606756627,1940.6941604333483,0.00016876608185249182,273.5845856710185
92.08294838518952,21.460048174143814,26.727346597724065,20.55557848583723,0.3348111758539459,0.21028185506988425,-0.44278572894540774,1938.0272301341079,0.00016899732099304103,273.3910296670239
92.13294838518952,21.460048174143814,26.516816575970253,19.84610082502371,0.10016609045005309,0.1987989346539664,-0.45497562925082935,1936.2753243234574,0.00017408199984545562,273.2789138396858
92.18294838518952,21.460048174143814,26.59720384568004,19.771720136624356,0.2050289553028794,0.20112863979079923,-0.4622088235190669,1934.9758946422269,0.0001664679804493162,273.1769386251812
92.23294838518952,21.460048174143814,26.491947705102454,19.52884858101969,0.19967203026746486,0.18291661823977462,-0.4792502078433256,1931.524099014221,0.0001806690233487382,273.1371391727279
92.28294838518953,21.460048174143814,26.182092720705448,19.52608834893089,0.09086788304995375,0.17117838240775046,-0.5174045328741635,1926.984230835161,0.00018085952892509877,273.04616643401016
92.33294838518952,21.460048174143814,25.96799613227354,19.85890384697714,0.11661973933978041,0.1705201171514863,-0.5455620750643968,1924.5656904621626,0.00017696912130495024,272.9321810319731
92.38294838518952,21.460048174143814,25.65683864178815,20.35535212941135,-0.01807740115107266,0.16547108368380742,-0.5694651446794619,1919.9206443192602,0.00017368290097439848,272.91373819685674
92.43294838518952,21.460048174143814,25.581773712516625,19.62490692826443,0.15943039326869043,0.16305711060114694,-0.5507533149932649,1923.9707298070011,0.00016655266922949453,272.86348753013584
92.48294838518952,21.460048174143814,25.45353436979481,19.64811790175237,0.2551739992014198,0.17016004099757387,-0.5419669213532534,1927.1633027379403,0.00018251587404379338,272.5237211720178
92.53294838518953,21.460048174143814,24.566279514079003,20.070229526272016,-0.3622152371887699,0.18280353296383295,-0.5623497743091014,1924.5428579356842,0.00018441645716691128,272.05422009116296
92.58294838518952,21.460048174143814,24.6294212722715,19.279658374214144,-0.05370545802744704,0.18614013565422013,-0.5230825544193635,1924.5514719547173,0.00017563187182319752,272.09098630917515
92.03294838518953,21.410048174143814,26.390976561942214,20.21157588568015,-0.023456324919671877,0.22117557842348592,-0.4626191251222465,1939.5655775988726,0.00016637149880726406,273.5570414560862
92.08294838518952,21.410048174143814,26.69960272192567,20.26508730803716,0.3573060352366145,0.21751775510902385,-0.4431983160165173,1939.104545140388,0.0001697536647108275,273.3786196905718
92.13294838518952,21.410048174143814,26.4262896445744,19.979119642806296,0.06800679187418637,0.2080819606720341,-0.4457813348685372,1937.2921832377142,0.00017768973707311462,273.1725841420267
92.18294838518952,21.410048174143814,26.30787122112739,19.86248460450656,-0.04503371006501913,0.18972914123907578,-0.4631830311439188,1935.0140374467621,0.00016939558908274287,273.1540846383765
92.23294838518952,21.410048174143814,26.294468794559354,19.424266832979235,0.12319999627916788,0.19169456623945752,-0.48517138491549294,1932.1348806193719,0.00016258838701722268,273.1088484070935
92.28294838518953,21.410048174143814,25.98837500171971,19.411750121890854,0.02173173234893346,0.18156681168852015,-0.5184758677335277,1928.264950789634,0.00016915614848637899,273.0425722035457
92.43294838518952,21.410048174143814,25.3797410570838,19.938242854332362,0.1103618490582859,0.17532355187537624,-0.5583740047914693,1916.6224268900332,0.0001650128057322244,272.7166426495837
92.48294838518952,21.410048174143814,25.478852171845194,19.40908344366626,0.40983977665651994,0.17522520286721627,-0.5430688923620222,1919.6004957424307,0.0001876857729950114,272.57244393912674
92.53294838518953,21.410048174143814,25.022121234924388,19.86102486380048,0.2053222288594525,0.18476699634584975,-0.5649676990999469,1915.7295070193059,0.00018389768818452237,272.2156938017153
92.58294838518952,21.410048174143814,24.787302044873055,19.16815271322842,0.09268311684198041,0.19115827374397437,-0.5374458882099843,1919.277338257415,0.00018462118389866476,272.1099113470694
92.63294838518952,21.410048174143814,24.132309129101255,20.015550798397303,-0.47761445356823473,0.17692716650495227,-0.5363139456845321,1919.27734375,0.00018289513830066148,271.993493544159
92.03294838518953,21.360048174143813,25.375045698274047,19.337556037614306,-0.8821595355380034,0.1976567541657815,-0.49556775394753233,1927.0620562572349,0.0001720933045425136,273.70812304693436
92.08294838518952,21.360048174143813,26.158191352271295,19.53487725163075,-0.060996684060813086,0.20657753867498665,-0.47346767187474015,1934.1002566367663,0.00017422503208427197,273.43442431622634
92.13294838518952,21.360048174143813,26.29156584683964,19.863929983800233,0.03337831244249334,0.19873782573591225,-0.46594654026479804,1935.1704516341479,0.00017127866993266546,273.2997107407507
92.18294838518952,21.360048174143813,26.245481470099918,20.034041934803167,0.031973001155785094,0.1768444388821402,-0.497451424135294,1934.405872465605,0.00016875247676718401,273.23586777235835
92.23294838518952,21.360048174143813,26.154143898018962,19.319008750808713,0.09964278582109362,0.18713131601631447,-0.5120546821325814,1930.281155200274,0.00015949973227214436,273.18768011078663
92.48294838518952,21.360048174143813,25.094972080996765,19.63956697696306,0.10045758934786482,0.18491971280528408,-0.5574290072118068,1915.5180001678052,0.0001773392063147929,272.4814950247619
92.53294838518953,21.360048174143813,24.937540799005475,19.95273979957237,0.14688772022341406,0.18441229846582985,-0.5629372757871091,1912.1667815611015,0.00018941311597409988,272.26225800103606
92.58294838518952,21.360048174143813,24.23627273151748,19.76330838832549,-0.43362943938108994,0.18753118161487986,-0.5589160660025211,1897.9921917202414,0.00018409179719089665,271.9962091565204
92.08294838518952,21.310048174143816,26.173315629705808,20.010193357563153,-0.0071950363680087165,0.21896987971915455,-0.4759155803724756,1935.0021087563775,0.00017625758006134653,273.41418117520686
92.13294838518952,21.310048174143816,26.378988992102364,20.05087722134515,0.14093693264012624,0.20604622612090154,-0.4502351056626266,1935.058631298652,0.00017663336474766676,273.2141863440748
92.18294838518952,21.310048174143816,26.30631375515881,20.28591541513055,0.08281241978522064,0.17854690267524365,-0.4768162410143646,1933.0530344720746,0.00016921149161463805,273.06743135439586
92.58294838518952,21.310048174143816,24.18102872175067,19.922022635054354,-0.40810552547340423,0.19142649964168365,-0.5587810273984636,1903.0025889816877,0.000194538208709712,272.0063104566286
92.08294838518952,21.260048174143815,26.097187229589156,20.17947441455362,-0.22125702285296653,0.20329804535954105,-0.49563558331993773,1933.1234376644136,0.00017321704865108515,273.3962234892955
92.13294838518952,21.260048174143815,26.526730876533215,20.204920479466935,0.08944260323574098,0.1977088761520311,-0.44148580427332657,1936.0371804856013,0.00017174924339909912,273.08685446887796
92.18294838518952,21.260048174143815,26.520656676140117,20.23184841238817,0.021332286952553313,0.1774765453814979,-0.44613514196921417,1934.5642709007277,0.00017728706869984,272.830010927337
92.08294838518952,21.210048174143814,26.233053092761757,19.87829111358824,-0.41372884341000254,0.19740446692071137,-0.5272865437742401,1929.1517259018726,0.0001727984771841606,273.3484411308109
92.13294838518952,21.210048174143814,27.47224749145792,19.90651602109583,0.7639449875528436,0.18604310932984908,-0.44250608018653326,1934.9177473402322,0.0001714969459725211,272.9572836963336
92.18294838518952,21.210048174143814,27.639123485600813,19.905522763036263,0.9663819641993723,0.18778363747715282,-0.43269899134432593,1933.1136082836265,0.00017741393032845096,272.8512523046839
92.08294838518952,21.160048174143814,26.489324565746127,20.48587392796191,-0.4145955825762852,0.19198015830827414,-0.5077106639464527,1924.1726124641093,0.00016465490928585172,273.42600273863883
92.13294838518952,21.160048174143814,27.44693566061058,20.057491047259724,0.6451278960268972,0.18919498001043306,-0.46797265443056085,1931.8601536896674,0.00016712390174198808,273.0712691772342
92.18294838518952,21.160048174143814,26.542924071572155,20.47281213224552,-0.11027195561984401,0.18439750575324043,-0.45004134068174473,1928.71426500252,0.00017623271028738982,272.97471092924485
92.13294838518952,21.110048174143813,26.680007439996306,20.036083732410596,-0.05379020135942497,0.18709046434093704,-0.5058814481480572,1926.8511689619324,0.0001602243715561387,273.1262717020946
92.18294838518952,21.110048174143813,26.523412312565668,20.508675248895646,-0.04921399109332425,0.19082174185246636,-0.5071295305962288,1928.1015594626338,0.00016615849830692197,273.0438452031593
92.18294838518952,21.060048174143816,26.63679395517088,20.668933053872824,-0.044568172617148565,0.1842738281864872,-0.530036228146848,1925.0328368630703,0.00016882191128002357,273.2329211338859
92.23294838518952,21.060048174143816,27.32712735251475,21.408197316861788,0.5197633540656038,0.18915754802908236,-0.475027915870558,1928.4868258585243,0.00016840063330427377,273.1003439857456
92.23294838518952,21.010048174143815,26.92543188857759,21.03398036887755,-0.14661081967250175,0.19056275251051685,-0.47602155349034897,1927.5465211138394,0.00016642607718229222,273.1218233721029
92.23294838518952,20.960048174143814,26.620625485986277,21.17671349516892,-0.390465403895447,0.18949023019687067,-0.4868113741652251,1918.0955905938538,0.00015469062136534744,273.1911304668437
92.23294838518952,20.910048174143814,26.460382159369782,21.4339103839621,-0.4276806172339164,0.1933798511670591,-0.49200258583223233,1909.289537562832,0.0001683493276841307,273.19409428045554
92.28294838518953,20.860048174143813,27.30334838614276,21.58147298541899,-0.07223404449563718,0.18464564351486315,-0.46345703761645396,1920.1289729700459,0.00015948212027062507,273.3258519993006
