lon,lat,local_R2,coef_AOD,sig_AOD,coef_CH₄,sig_CH₄,coef_HCHO,sig_HCHO
88.38294838518952,26.560048174143816,0.30042973710420623,-0.849731096464606,False,1.0592560866550595,False,-0.33078222853587197,False
88.43294838518952,26.560048174143816,0.326176758683062,-0.9315908381824581,False,1.1056001988244062,False,-0.3020021415675507,False
88.38294838518952,26.51004817414381,0.31649656236394613,-0.8455159829656528,False,1.0526994365809101,False,-0.31822828176248685,False
88.43294838518952,26.51004817414381,0.339291395916008,-0.9360782658134204,False,1.1216272449349012,False,-0.29938040223901335,False
88.48294838518952,26.51004817414381,0.3483050283140554,-0.9924770596833337,False,1.1591382352050896,False,-0.28566680395782196,False
88.48294838518952,26.46004817414381,0.3657967541600257,-1.0088158894782637,False,1.1964048673174028,False,-0.2820339661998955,False
88.53294838518953,26.46004817414381,0.40840969796181914,-1.084359089395314,False,1.2028989317034797,False,-0.2104392230703615,False
88.58294838518952,26.46004817414381,0.434111320103046,-1.1551372629169059,False,1.21367889401502,False,-0.13789542756700124,False
88.53294838518953,26.41004817414381,0.4148014900149883,-1.052549705817986,False,1.2411886455883794,False,-0.2251808015041692,False
88.58294838518952,26.41004817414381,0.4422097859102839,-1.0864045003398681,False,1.2160420516659247,False,-0.12409131000750645,False
88.63294838518952,26.41004817414381,0.5104192821087763,-1.2934085358823852,False,1.3176214221843052,False,0.04943728541888312,False
88.93294838518952,26.41004817414381,0.681240001175628,-2.8328048902974095,True,1.3596367633842958,False,-0.24967799461473916,False
88.98294838518952,26.41004817414381,0.6552735192940158,-2.7303530147935904,True,1.2261926180413238,False,-0.24756554085761862,False
89.03294838518953,26.41004817414381,0.6338937094191941,-2.5454320827322423,True,1.1166915670776414,False,-0.2256011429325084,False
88.48294838518952,26.360048174143817,0.40500589721036523,-1.025909557654024,False,1.2934038821693083,False,-0.2536741368807937,False
88.53294838518953,26.360048174143817,0.42396784069624516,-1.0156949592039446,False,1.316785727365105,False,-0.2175518329358636,False
88.58294838518952,26.360048174143817,0.4847522495148829,-1.0344429881243233,False,1.263142666855137,False,-0.05141009000986104,False
88.63294838518952,26.360048174143817,0.5690809695367026,-1.2105454358565075,False,1.3811957885517527,False,0.1378585446696268,False
88.68294838518952,26.360048174143817,0.6394268323926797,-1.4857239617576463,True,1.6835916771267487,False,0.2741734400861895,False
88.93294838518952,26.360048174143817,0.6918996839401981,-2.8256326039534843,True,1.114683334576582,False,-0.2978878114502883,False
88.98294838518952,26.360048174143817,0.6608068328704436,-2.528196404892257,True,0.9262314345124287,False,-0.24752133671783547,False
89.03294838518953,26.360048174143817,0.6338384451102929,-2.4346639487322967,True,0.9122746918060258,False,-0.2293427274852,False
89.08294838518952,26.360048174143817,0.6102663613750922,-2.1714458676619195,True,0.7515982846523305,False,-0.21800351098230972,False
88.38294838518952,26.310048174143816,0.4235807079399518,-0.6166567122829536,False,0.8662323491516357,False,-0.0881591692380677,False
88.43294838518952,26.310048174143816,0.4205719616680699,-0.852426759705551,False,0.9692751989811395,False,-0.07618544779581682,False
88.48294838518952,26.310048174143816,0.43727773712742857,-0.9735246252003558,False,1.2296995695015889,False,-0.12215377859518901,False
88.53294838518953,26.310048174143816,0.4790851868838708,-0.9428054771403456,False,1.3543488243897088,False,-0.1254048369774468,False
88.58294838518952,26.310048174143816,0.5523178522450665,-0.9176519348276533,False,1.3885030247881582,False,4.387292916272108e-05,False
88.63294838518952,26.310048174143816,0.624359545104887,-1.017159588558017,False,1.5662511078215764,False,0.14641396434150056,False
88.68294838518952,26.310048174143816,0.7058224870697168,-1.2258399506692916,False,1.91812351313716,True,0.25059120639151106,False
88.73294838518952,26.310048174143816,0.7390925055748475,-1.4167487562346626,False,2.192503942938279,True,0.23501966735838503,False
88.78294838518953,26.310048174143816,0.7415562553853978,-1.649759991986362,False,1.9398692772501218,False,0.06678784697383597,False
89.03294838518953,26.310048174143816,0.6232774665018652,-2.274600880817043,True,0.638055793783111,False,-0.22507774065966552,False
89.08294838518952,26.310048174143816,0.5997169114134907,-1.9134732054714716,True,0.4102111921573738,False,-0.20213282202370841,False
89.13294838518952,26.310048174143816,0.5722972994443534,-1.6268610745939003,True,0.17899488678921782,False,-0.2131915333288099,False
88.38294838518952,26.26004817414381,0.42024075306422837,-0.34821652891911475,False,1.4486784898368543,False,-0.023824316043083806,False
88.43294838518952,26.26004817414381,0.4166211475489881,-0.4981086264457377,False,1.2231678163854256,False,0.01121042694103156,False
88.48294838518952,26.26004817414381,0.4436246367761217,-0.771748225354407,False,1.2016520003616415,False,-0.0032541979449696792,False
88.53294838518953,26.26004817414381,0.525969982538936,-0.7698280802969691,False,1.4182297948179263,False,-0.09577753483895732,False
88.58294838518952,26.26004817414381,0.6196274809907009,-0.640530284151638,False,1.6066758544356579,False,-0.055019763181899314,False
88.63294838518952,26.26004817414381,0.6804157369668705,-0.642701109817399,False,1.865556842542223,False,0.07177994268247043,False
88.68294838518952,26.26004817414381,0.724796903784779,-0.8166474574579087,False,2.1530390858388495,True,0.17764797639687938,False
88.73294838518952,26.26004817414381,0.7459031761670182,-1.1581317536942122,False,2.1480130537467677,False,0.25983565956834637,False
88.78294838518953,26.26004817414381,0.7245127611891508,-1.138482455204353,False,1.776989305255312,False,0.052667430439440346,False
88.83294838518952,26.26004817414381,0.6738641853188181,-0.8692998057294699,False,1.283794269321174,False,-0.3232682563116184,False
88.88294838518952,26.26004817414381,0.6236923676002629,-1.1099932967688075,False,0.6512488934856977,False,-0.4830673769666884,False
88.93294838518952,26.26004817414381,0.6099485532501433,-1.7888061614230273,True,0.3011971559744342,False,-0.3854159782597044,False
89.08294838518952,26.26004817414381,0.5595397299313447,-1.5679860019725778,True,-0.025331361662485383,False,-0.15919400151215748,False
89.13294838518952,26.26004817414381,0.5259104602255267,-1.2603407695017896,False,-0.2939958994090255,False,-0.1648028491533195,False
88.33294838518952,26.21004817414381,0.4052535566366883,-0.24281770629401656,False,1.8505611447237058,False,-0.06796627896551613,False
88.38294838518952,26.21004817414381,0.3715339915694666,-0.16945190962362766,False,1.6008437985232056,False,0.012116824756389939,False
88.43294838518952,26.21004817414381,0.3514754872969567,-0.09007575317480862,False,1.2577187219525587,False,0.14091735125283772,False
88.48294838518952,26.21004817414381,0.3903894660017806,-0.2387644876965439,False,1.2886687234843766,False,0.10861385723483119,False
88.53294838518953,26.21004817414381,0.4671059889821229,-0.38164603408007347,False,1.4030149808861911,False,-0.02027627322583661,False
88.58294838518952,26.21004817414381,0.5849317418241889,-0.2563668783006071,False,1.5769475141943095,False,-0.14938832112211342,False
88.63294838518952,26.21004817414381,0.659583456839087,-0.20147287077452422,False,1.786037456334354,False,-0.08058049133293424,False
88.68294838518952,26.21004817414381,0.7163819778915563,-0.35967407177959465,False,2.16011036966787,True,0.04233451328576965,False
88.73294838518952,26.21004817414381,0.7234797901462134,-0.5969171758511902,False,2.188060390824803,True,0.13836501687916142,False
88.78294838518953,26.21004817414381,0.6730225781110704,-0.44922292300527433,False,1.8480649125970157,False,-0.007020471979801457,False
88.83294838518952,26.21004817414381,0.5565342210844105,0.2778383083629078,False,1.2888636843729393,False,-0.3923529440775078,False
88.88294838518952,26.21004817414381,0.40936368122101646,0.17615818976200392,False,0.28332359456207346,False,-0.4509500577778436,False
88.93294838518952,26.21004817414381,0.3494816774292747,-0.3731399147934724,False,-0.22793793104785964,False,-0.3194259119444392,False
88.98294838518952,26.21004817414381,0.39090930132410096,-0.8827146298021633,False,-0.37577673169761866,False,-0.16240348710731606,False
89.03294838518953,26.21004817414381,0.44825165958477914,-1.1177585191898127,False,-0.4251357332754392,False,-0.062453534254170606,False
89.08294838518952,26.21004817414381,0.45759302329380636,-1.0023324350231138,False,-0.5283499660536751,False,-0.052758203572490114,False
89.13294838518952,26.21004817414381,0.4510930208062135,-0.8254014792210046,False,-0.5904568089214874,False,-0.0783701144149519,False
89.68294838518952,26.21004817414381,0.3309096187259302,0.8076206722916437,False,0.39665058880017606,False,-0.02541033318741391,False
88.23294838518952,26.16004817414381,0.5109776013061551,-0.5094288729739518,False,2.206512509144414,False,-0.09506889180598736,False
88.28294838518953,26.16004817414381,0.4530036558901344,-0.3852813035029028,False,2.0990059491960675,False,-0.1006449336295815,False
88.33294838518952,26.16004817414381,0.3874823138338464,-0.2267742544270004,False,1.9293022305643017,False,-0.08213728453824456,False
88.38294838518952,26.16004817414381,0.3353766184829811,-0.05189372569995146,False,1.7212985791927984,False,0.007838119498276515,False
88.43294838518952,26.16004817414381,0.2989175990610471,0.18642473571515322,False,1.3312382198343038,False,0.18310367889261614,False
88.48294838518952,26.16004817414381,0.310104522516885,0.2527417191717583,False,1.2572121381450585,False,0.19569578052950495,False
88.53294838518953,26.16004817414381,0.4603400485318351,-0.01766161850785898,False,1.545105262320662,False,0.04817121285780006,False
88.58294838518952,26.16004817414381,0.5478867202732481,-0.0679287557054145,False,1.6255526737675807,False,-0.1719385909173456,False
88.63294838518952,26.16004817414381,0.59687994737791,0.046930398866286735,False,1.5423497970433084,False,-0.27621315407217994,False
88.68294838518952,26.16004817414381,0.651436837045507,0.04670358476144659,False,1.7620844607117474,False,-0.13955313620276713,False
88.73294838518952,26.16004817414381,0.6440159604175429,-0.11537526467921333,False,1.8396642895469402,False,0.028624414432020174,False
88.78294838518953,26.16004817414381,0.5805362074408357,-0.09434285592935499,False,1.642614827285576,False,0.10354924727019726,False
88.83294838518952,26.16004817414381,0.4975753404223331,0.6031485421922432,False,1.0015718904190196,False,-0.13976197310922617,False
88.88294838518952,26.16004817414381,0.3764296823762226,0.7834922570283042,False,-0.039280727703998125,False,-0.1774474684873073,False
88.93294838518952,26.16004817414381,0.25551889682430934,0.5392835538580869,False,-0.6085189059389969,False,-0.10263505541496865,False
88.98294838518952,26.16004817414381,0.20738790198801785,0.0860684586806979,False,-0.6614552868016842,False,-0.030729315626398745,False
89.03294838518953,26.16004817414381,0.2443304090149552,-0.2895327648423929,False,-0.6128630167357151,False,0.01284694272402137,False
89.08294838518952,26.16004817414381,0.3127184315215199,-0.38658945561325964,False,-0.5458985140495557,False,-0.014161854893969372,False
89.13294838518952,26.16004817414381,0.3534915713742288,-0.3316771404874296,False,-0.4844912604479124,False,-0.0769026510968383,False
89.63294838518952,26.16004817414381,0.37137335601221283,0.9210510061846119,False,0.31879706913427847,False,0.013267215262471072,False
89.68294838518952,26.16004817414381,0.29956575970373756,0.7098786423814021,False,0.357635009494906,False,-0.026607042267224726,False
89.73294838518952,26.16004817414381,0.2805336366844921,0.5789245382869789,False,0.38816154496650895,False,-0.047185306080224344,False
88.18294838518952,26.110048174143817,0.5747448785381752,-0.6834422543242361,False,2.379234914400253,False,-0.09987140776975664,False
88.23294838518952,26.110048174143817,0.5269117946483775,-0.6378788841360554,False,2.2689263247780485,False,-0.09816579449198116,False
88.28294838518953,26.110048174143817,0.4562475285813984,-0.548310243263172,False,2.1208081462638217,False,-0.09491977909137272,False
88.33294838518952,26.110048174143817,0.38397260914634385,-0.3568406031536542,False,2.048967349173517,False,-0.10430721054268982,False
88.38294838518952,26.110048174143817,0.2998404774527585,-0.13960337730189226,False,1.8183594168853565,False,-0.023002660552903016,False
88.43294838518952,26.110048174143817,0.24874157940788413,0.1778979086213788,False,1.5090311927718476,False,0.16785419663867607,False
88.48294838518952,26.110048174143817,0.34583355987752956,0.052898510256019465,False,1.4385397107057305,False,0.21203167639710513,False
88.53294838518953,26.110048174143817,0.48465556393826165,-0.4270788535130665,False,1.5428992340236585,False,0.16322071634829827,False
88.58294838518952,26.110048174143817,0.5390206429555949,-0.5257266894630567,False,1.599089376194251,False,-0.0033925992018222773,False
88.63294838518952,26.110048174143817,0.5444144935727342,-0.31160415638934025,False,1.4037637757483403,False,-0.24058702901011286,False
88.68294838518952,26.110048174143817,0.6049012547060524,-0.046216685923020376,False,1.362448281359322,False,-0.19128932989201425,False
88.73294838518952,26.110048174143817,0.6026277393450871,0.09189362792309407,False,1.3946736905786201,False,0.023079325078987058,False
88.78294838518953,26.110048174143817,0.5884640011499972,0.14254230976291676,False,1.2895319037481205,False,0.173696075297612,False
88.83294838518952,26.110048174143817,0.5494321528775991,0.37986555309532244,False,1.0371163166039188,False,0.17004516485208743,False
88.88294838518952,26.110048174143817,0.4851486200452775,0.8228792337336293,False,0.19006093714148814,False,0.02944372833146824,False
88.93294838518952,26.110048174143817,0.39019351776600575,0.7118537238368656,False,-0.5226282150952873,False,-0.025038131602707653,False
88.98294838518952,26.110048174143817,0.2964500914393002,0.4877439435997233,False,-0.560553478409829,False,-0.022248262113594652,False
89.03294838518953,26.110048174143817,0.21613209925844518,0.16827165198086036,False,-0.4493043571146347,False,-0.032112603275729124,False
89.08294838518952,26.110048174143817,0.19390304743067546,0.10235698988196237,False,-0.29164361124082167,False,-0.08372560729747891,False
89.13294838518952,26.110048174143817,0.25947094763879935,0.12341514056258607,False,-0.23577542548650482,False,-0.1491264559329569,False
89.18294838518952,26.110048174143817,0.3280807931988659,0.1820067674333833,False,-0.13471625167922924,False,-0.2201988408130513,False
89.23294838518952,26.110048174143817,0.3800249250658313,0.1941177671325084,False,0.04771893433220173,False,-0.2982078186938004,False
89.63294838518952,26.110048174143817,0.3946522667344531,0.9187763520681709,False,0.3211306731233773,False,0.016670279384002715,False
89.68294838518952,26.110048174143817,0.27981621580849864,0.6171298758776786,False,0.3260747614991542,False,-0.029966325028330985,False
89.73294838518952,26.110048174143817,0.29371339509414157,0.5385600078851501,False,0.39336320280770604,False,-0.05344075563954692,False
89.78294838518953,26.110048174143817,0.30901217931911473,0.4739441352507746,False,0.4241524242223587,False,-0.06514046504099957,False
88.18294838518952,26.060048174143816,0.5938572393595508,-0.69564148328405,False,2.3900962211228007,False,-0.1077167630659546,False
88.23294838518952,26.060048174143816,0.5492222310705914,-0.7369744131709338,False,2.3127063163418975,False,-0.10868512137096897,False
88.28294838518953,26.060048174143816,0.4684424470510565,-0.7496127115309001,False,2.1545550264472464,False,-0.09988382016166394,False
88.33294838518952,26.060048174143816,0.3697604892436374,-0.6692671065687559,False,1.9289947361405848,False,-0.08379495795544384,False
88.38294838518952,26.060048174143816,0.2986533057095793,-0.46603424178665337,False,1.8076967453137018,False,-0.041476608509538264,False
88.43294838518952,26.060048174143816,0.3076935425853434,-0.324240522995802,False,1.5037549664416014,False,0.10459588479024493,False
88.48294838518952,26.060048174143816,0.4020978109823521,-0.5615825764512071,False,1.2707894320837372,False,0.21609173475261761,False
88.53294838518953,26.060048174143816,0.4901501994686393,-1.045947853228636,False,1.2291395658719937,False,0.2587459174589096,False
88.58294838518952,26.060048174143816,0.5054053021849345,-1.151914879739902,False,1.2784694851843432,False,0.1419505940778707,False
88.63294838518952,26.060048174143816,0.46903728409026424,-0.8204378322279111,False,1.189279905633051,False,-0.12024898510438972,False
88.68294838518952,26.060048174143816,0.4554825585216736,-0.2818901031112596,False,0.9578104582229288,False,-0.1891119109194607,False
88.73294838518952,26.060048174143816,0.5355871403516858,0.039409978016341635,False,1.0640666054965395,False,0.05115321394901235,False
88.78294838518953,26.060048174143816,0.5627954153286823,0.1015189284752819,False,1.0452578015021938,False,0.15839789155216602,False
88.83294838518952,26.060048174143816,0.5119898644415294,0.1280939797975868,False,0.9024860277154527,False,0.18466204438878847,False
88.88294838518952,26.060048174143816,0.40941634001489235,0.3542466716205698,False,0.39833598582697605,False,0.14071815989173364,False
88.93294838518952,26.060048174143816,0.34357443828888784,0.5143627007762618,False,-0.33320163569490463,False,0.05455121411087722,False
88.98294838518952,26.060048174143816,0.3153739118192231,0.44313739607878855,False,-0.4488830066266376,False,0.002337621043345367,False
89.03294838518953,26.060048174143816,0.2395222342072737,0.21331909169237845,False,-0.3112050631254721,False,-0.059776582066631556,False
89.08294838518952,26.060048174143816,0.18775134469254168,0.1690661188942353,False,-0.16890729731168946,False,-0.10738440367315791,False
89.13294838518952,26.060048174143816,0.22564051921706293,0.09696255097460338,False,-0.06326024497108929,False,-0.17334165817570435,False
89.18294838518952,26.060048174143816,0.3376848782690687,0.07725905566595559,False,0.01780122736474657,False,-0.23835311755760186,False
89.23294838518952,26.060048174143816,0.38372479863874986,-0.0377853391943872,False,0.049937539802996395,False,-0.27294435928586547,False
89.28294838518953,26.060048174143816,0.37788504449071997,-0.13560940142453215,False,0.13141822794561375,False,-0.32495307479191404,False
89.63294838518952,26.060048174143816,0.3707016672316588,0.831277821203356,False,0.2343985345366686,False,0.026903194625785776,False
89.68294838518952,26.060048174143816,0.31368145984214674,0.6050562482973146,False,0.34860659058215215,False,-0.0384389961932399,False
89.73294838518952,26.060048174143816,0.33715607680331944,0.5465308452796652,False,0.42355082821197987,False,-0.06457625288011308,False
89.78294838518953,26.060048174143816,0.36346510458548326,0.5074372355327676,False,0.4642984569864101,False,-0.07662423820236597,False
88.18294838518952,26.01004817414381,0.6133311205104247,-0.627291486840862,False,2.3527569993422928,False,-0.1132726130562981,False
88.23294838518952,26.01004817414381,0.5817668313433645,-0.7173033688245523,False,2.283614007549623,False,-0.11142195398666631,False
88.28294838518953,26.01004817414381,0.49347994670286366,-0.8468188394344625,False,2.159451261942979,False,-0.12055968898579586,False
88.33294838518952,26.01004817414381,0.36217930917148494,-0.9852657617806914,False,1.95383403926505,False,-0.11046187307709308,False
88.38294838518952,26.01004817414381,0.31783499553883554,-0.7888079372695725,False,1.5299946060470062,False,-0.07541834868208139,False
88.43294838518952,26.01004817414381,0.37363071323516994,-0.6336575303043332,False,1.20040625734365,False,0.05367685053130136,False
88.48294838518952,26.01004817414381,0.44607586126781196,-0.7781925692561118,False,1.0319157653680018,False,0.2236712589074226,False
88.53294838518953,26.01004817414381,0.48606453444108516,-1.2115240038783364,False,0.9321111127081232,False,0.3566791574853529,False
88.58294838518952,26.01004817414381,0.4615418784903044,-1.383325438737263,False,0.9757394477113941,False,0.2938668858703776,False
88.63294838518952,26.01004817414381,0.37132014003765523,-0.8681424710184749,False,0.9816210492802826,False,0.06579827360925333,False
88.68294838518952,26.01004817414381,0.26843669915855567,-0.10534083493204824,False,0.7471757486529133,False,-0.05909944032246692,False
88.73294838518952,26.01004817414381,0.41227197340733296,0.08561057003477063,False,0.7884823547114723,False,0.016375251025635404,False
88.78294838518953,26.01004817414381,0.5047466706108356,0.08623709286310993,False,0.7693425199554754,False,0.00939305321758966,False
88.83294838518952,26.01004817414381,0.40724459533836976,0.14512598871683927,False,0.6045853914510537,False,0.006275694306207676,False
88.88294838518952,26.01004817414381,0.19905723854003082,0.18237327612979637,False,0.17842822069869202,False,0.08055876084789249,False
88.93294838518952,26.01004817414381,0.17332471617375364,0.3123720804924,False,-0.27680589849936704,False,0.12068891472613921,False
88.98294838518952,26.01004817414381,0.25923861207373206,0.5189470646631503,False,-0.3948030550409495,False,0.10618381338911889,False
89.03294838518953,26.01004817414381,0.25487417582445304,0.5227969237581929,False,-0.38572988100752337,False,0.07195991259223916,False
89.08294838518952,26.01004817414381,0.1620947783556967,0.2505194726024654,False,-0.22292918104797904,False,-0.015528874462933329,False
89.13294838518952,26.01004817414381,0.22013468379847728,0.06813045413895835,False,-0.11449444647219756,False,-0.12071163247548056,False
89.18294838518952,26.01004817414381,0.30014200344579056,-0.15917659436754894,False,-0.0010782459037069758,False,-0.20104785339822626,False
89.23294838518952,26.01004817414381,0.35468371602134807,-0.3105249778832565,False,0.08687517666470204,False,-0.27060233269590417,False
89.28294838518953,26.01004817414381,0.30598591650711104,-0.33045424155142766,False,0.1153699072517902,False,-0.32160815998489095,False
89.33294838518952,26.01004817414381,0.24642462381659652,-0.12362676695358282,False,0.05498222315006471,False,-0.34199651468031483,False
89.38294838518952,26.01004817414381,0.271181397229281,0.19099269380140627,False,-0.020136231895799966,False,-0.20268656073458727,False
89.43294838518952,26.01004817414381,0.418399155529563,0.45569612484006294,False,0.16029279416751174,False,0.0014710422665122763,False
89.58294838518952,26.01004817414381,0.5871006852606181,1.3187800739276647,False,0.25056368161131193,False,0.18292832185493468,False
89.63294838518952,26.01004817414381,0.41287995150179635,0.8337031620115412,False,0.23605762203123745,False,0.03572111666818676,False
89.68294838518952,26.01004817414381,0.38819950200814657,0.6364825368616979,False,0.40413008900543523,False,-0.052927795100249524,False
89.73294838518952,26.01004817414381,0.38398080434419907,0.5383133356671033,False,0.45352535713120834,False,-0.08140874458136552,False
89.78294838518953,26.01004817414381,0.4402785196507867,0.5816244919452194,False,0.5234734282290772,False,-0.09442300520417785,False
89.83294838518952,26.01004817414381,0.49258895727914653,0.6013756482679039,False,0.574669742088905,False,-0.10373871796827691,False
88.13294838518952,25.96004817414381,0.6380723502391128,-0.4542249281250724,False,2.284688339438892,False,-0.08995446760588116,False
88.18294838518952,25.96004817414381,0.6331668628339711,-0.4855629171455483,False,2.2404575428981337,False,-0.09616760351200834,False
88.23294838518952,25.96004817414381,0.6200442885904308,-0.5198419210268049,False,2.136667252550739,False,-0.09591759655995709,False
88.28294838518953,25.96004817414381,0.5348430474305322,-0.6152713281920335,False,1.946702905209645,False,-0.11879302922209505,False
88.33294838518952,25.96004817414381,0.3172214251616814,-0.7056247100102039,False,1.5312203270112175,False,-0.15014282117439937,False
88.38294838518952,25.96004817414381,0.27432613080633406,-0.6406267244025831,False,0.9594340994767788,False,-0.11124837693701001,False
88.43294838518952,25.96004817414381,0.36040398229983006,-0.4622429399656409,False,0.6807988367821396,False,0.03130128819123568,False
88.48294838518952,25.96004817414381,0.44405343853032014,-0.4834640659047788,False,0.7815133405389229,False,0.23338840676260064,False
88.53294838518953,25.96004817414381,0.45791050459753996,-0.8206872225235926,False,0.8738358839495493,False,0.39899038566155487,False
88.58294838518952,25.96004817414381,0.3835750666989897,-0.8459934926982858,False,0.8788969275219092,False,0.3784758216861827,False
88.63294838518952,25.96004817414381,0.243101782027962,-0.057332828070334574,False,0.9032194404248144,False,0.17315548574022943,False
88.68294838518952,25.96004817414381,0.25345761731210004,0.7051108978377296,False,0.7785120958676729,False,0.023787329991587725,False
88.73294838518952,25.96004817414381,0.47213739530272564,0.5475580448104108,False,0.7318157440481723,False,0.007807346614868323,False
88.78294838518953,25.96004817414381,0.5489917367007584,0.29838688756374737,False,0.6319747545616579,False,-0.08142330883504104,False
88.83294838518952,25.96004817414381,0.42774104564973714,0.3016925602941304,False,0.4868633014798944,False,-0.11318555775727632,False
88.88294838518952,25.96004817414381,0.2574858882066541,0.3442835319928247,False,0.15606532233056292,False,-0.008528613901682802,False
88.93294838518952,25.96004817414381,0.2369262214683911,0.3954371937210458,False,-0.24568774372071156,False,0.11520426900385015,False
88.98294838518952,25.96004817414381,0.33023186842415747,0.5447151232101444,False,-0.3836015676358555,False,0.1561065210550682,False
89.03294838518953,25.96004817414381,0.34897965116551544,0.789388694618268,False,-0.41070611484432196,False,0.180234433797558,False
89.08294838518952,25.96004817414381,0.30061001328704207,0.8824060212913605,False,-0.3386968213553997,False,0.1357809329391914,False
89.13294838518952,25.96004817414381,0.26532997009651665,0.6084540854654115,False,-0.27905647065310346,False,0.007893242744568735,False
89.18294838518952,25.96004817414381,0.2782376869021827,0.20686776053234457,False,-0.14978313454077355,False,-0.11098724586793723,False
89.23294838518952,25.96004817414381,0.2752414965028974,-0.09077607202641307,False,-0.03735366658909016,False,-0.17768212224818683,False
89.28294838518953,25.96004817414381,0.18891063890754511,-0.31075698239687,False,0.06757842680120772,False,-0.26005336467299633,False
89.33294838518952,25.96004817414381,0.11734339100671644,-0.17879112200499742,False,-0.0036872901309499767,False,-0.2869666533344477,False
89.38294838518952,25.96004817414381,0.17636256314508805,0.16675268320943937,False,-0.21549031812416403,False,-0.10182395681629414,False
89.43294838518952,25.96004817414381,0.3146074346388618,0.30570065209374053,False,-0.1042514453651677,False,0.023632206733701866,False
89.48294838518952,25.96004817414381,0.48480401361419595,0.5670791774774842,False,0.19852795748023946,False,0.0653018784731554,False
89.53294838518953,25.96004817414381,0.5920727777990891,1.0153203943822289,False,0.4765432165450534,False,0.1563324753446154,False
89.58294838518952,25.96004817414381,0.6085442441295672,1.3442498317224043,False,0.5667109733609299,False,0.18696220864077145,False
89.63294838518952,25.96004817414381,0.521703542085661,1.040512550802441,False,0.4647990865082228,False,0.04656712368138477,False
89.68294838518952,25.96004817414381,0.4588261809195531,0.6722827377903315,False,0.4803179158626101,False,-0.07225487936218752,False
89.73294838518952,25.96004817414381,0.44753440866723043,0.5806485513224355,False,0.5187569851269451,False,-0.10621299211732402,False
89.78294838518953,25.96004817414381,0.5119303302740903,0.6433665845846062,False,0.5914468800950048,False,-0.11993170076287821,False
89.83294838518952,25.96004817414381,0.5854624046118213,0.7392767771838322,False,0.6659186121810975,True,-0.1366839005473217,False
88.13294838518952,25.91004817414381,0.6452603005381375,-0.27446802677812165,False,2.137022660889553,False,-0.06216478327277691,False
88.18294838518952,25.91004817414381,0.6487743988479463,-0.23110268835413333,False,2.033925526398494,False,-0.06104487375723877,False
88.23294838518952,25.91004817414381,0.6436315643108632,-0.12465564503670556,False,1.8257099884627,False,-0.061124649691074034,False
88.28294838518953,25.91004817414381,0.5765803041577479,0.0995090489448574,False,1.3733142320302194,False,-0.08567410605777653,False
88.33294838518952,25.91004817414381,0.3245954166587278,0.15911188877765553,False,0.7980851740154424,False,-0.166547550797605,False
88.38294838518952,25.91004817414381,0.21060537072246402,0.016874328012908557,False,0.5736068600212461,False,-0.13892677707545242,False
88.43294838518952,25.91004817414381,0.29317498029477895,0.18899389636694738,False,0.4836889303494785,False,-0.02394682961649934,False
88.48294838518952,25.91004817414381,0.4123169131687359,0.3585235893493751,False,0.8125400764253068,False,0.16984714452737046,False
88.53294838518953,25.91004817414381,0.4306927407066533,0.22542962977849085,False,1.0460598119512527,False,0.35670627490998447,False
88.58294838518952,25.91004817414381,0.36152942085339496,0.3540903950728723,False,1.0848637610693543,False,0.33363192020816074,False
88.63294838518952,25.91004817414381,0.29117086493002914,1.0034349364725974,False,1.0081653067746987,False,0.1840541930618038,False
88.68294838518952,25.91004817414381,0.3699743068557779,1.4952041830787994,False,0.881080942510426,False,0.1215426208032445,False
88.73294838518952,25.91004817414381,0.5580217170605237,1.1606862030260559,False,0.8587118059427639,False,0.05465698754021723,False
88.78294838518953,25.91004817414381,0.6496349352137819,0.5169270864976289,False,0.8169230575281343,False,-0.07792296133836668,False
88.83294838518952,25.91004817414381,0.5492617515153438,0.38819777971758895,False,0.6867095613645385,False,-0.17112364541672778,False
88.88294838518952,25.91004817414381,0.4228382815797468,0.5300866433250461,False,0.4049078705276301,False,-0.1303996646165298,False
88.93294838518952,25.91004817414381,0.3836864817348108,0.6906914554057887,False,-0.13421213763369172,False,0.028112897823235512,False
88.98294838518952,25.91004817414381,0.4287472445195368,0.8246111546847414,False,-0.3890308069287649,False,0.10215705587043548,False
89.03294838518953,25.91004817414381,0.4223914771797558,0.9313243083117456,False,-0.34570553139245086,False,0.13768876504956543,False
89.08294838518952,25.91004817414381,0.44792079393546314,1.1318074723139406,False,-0.25051472396696184,False,0.16057363486622359,False
89.13294838518952,25.91004817414381,0.45856891144788964,1.0689152400450186,False,-0.3506367370897455,False,0.14407777478969527,False
89.18294838518952,25.91004817414381,0.4675507342085984,1.0159477610841094,False,-0.5157904734507033,False,0.18629114500402497,False
89.23294838518952,25.91004817414381,0.4406383665156399,0.7387719943703887,False,-0.4402504401124645,False,0.19277582061810952,False
89.28294838518953,25.91004817414381,0.31785785284353835,0.17553614924272054,False,-0.18750954084982907,False,0.04415122015388455,False
89.33294838518952,25.91004817414381,0.24042811997767183,0.1330347985060891,False,-0.20857403446755005,False,-0.012537081115708667,False
89.38294838518952,25.91004817414381,0.06339678402443683,0.15644188279058452,False,-0.3086308392477734,False,-0.024590167280763367,False
89.43294838518952,25.91004817414381,0.13690228885682074,0.11761990809877157,False,-0.22999764003342532,False,0.03980763557952176,False
89.48294838518952,25.91004817414381,0.3589445463384793,0.24771875064195967,False,0.0686348331337458,False,0.04221107744489205,False
89.53294838518953,25.91004817414381,0.5164223025286983,0.6065667398565329,False,0.41516491440174236,False,0.04228645779558518,False
89.58294838518952,25.91004817414381,0.5613236078556779,1.0866035812419104,False,0.6359901270399951,False,0.07790619202095349,False
89.63294838518952,25.91004817414381,0.517422699844753,1.0997508484200784,False,0.6097478079393039,False,0.007466843696869063,False
89.68294838518952,25.91004817414381,0.44854021687309686,0.7023516175044882,False,0.5930798130936668,False,-0.12631116538433781,False
89.73294838518952,25.91004817414381,0.4865701408355227,0.6985608410660873,False,0.640260169136657,False,-0.15348511705070209,False
89.78294838518953,25.91004817414381,0.584707935985703,0.8321921190149373,False,0.7195136345960526,True,-0.16794511751327929,False
89.83294838518952,25.91004817414381,0.6577187230844241,0.9598629027823908,False,0.7858008983899494,True,-0.19196041501653965,False
88.13294838518952,25.860048174143817,0.6417338208950304,-0.05454734876858977,False,1.9330258071371413,False,-0.03565364675384609,False
88.18294838518952,25.860048174143817,0.643839477038118,0.11003590195358487,False,1.7458854749449184,False,-0.03095291160912617,False
88.23294838518952,25.860048174143817,0.6288093567047364,0.3404965447572814,False,1.4598147967726824,False,-0.032192077047282816,False
88.28294838518953,25.860048174143817,0.5667466091027152,0.5906507593458312,False,1.082399559407341,False,-0.05863152284197245,False
88.33294838518952,25.860048174143817,0.4289530142922996,0.5305761888409158,False,0.8834996571771865,False,-0.10303095249089039,False
88.38294838518952,25.860048174143817,0.36800782345230143,0.37601374321561515,False,1.0215156065482611,False,-0.057378634247615454,False
88.43294838518952,25.860048174143817,0.3764089451371172,0.5249760226272389,False,1.2887032972736074,False,0.017672066140888065,False
88.48294838518952,25.860048174143817,0.4488769527425522,0.8288589123834073,False,1.4171638174571077,False,0.1423263723990682,False
88.53294838518953,25.860048174143817,0.4839329200684461,0.9167193060336603,False,1.6034080479860973,False,0.24494024955744192,False
88.58294838518952,25.860048174143817,0.47149137363414584,1.0531601463712117,False,1.2987880182100937,False,0.2744469605459351,False
88.63294838518952,25.860048174143817,0.43249843329293725,1.285198709007445,False,0.8369632015056833,False,0.2995607406495322,False
88.68294838518952,25.860048174143817,0.4453100959342085,1.1974322215316744,False,0.8845546997593806,False,0.2144442784898222,False
88.73294838518952,25.860048174143817,0.566341722259792,0.5758949557931397,False,1.0583778252611102,False,0.06774582347361424,False
88.78294838518953,25.860048174143817,0.6418327911695941,0.24711229561452241,False,1.1765610263515343,False,-0.10720866334409251,False
88.83294838518952,25.860048174143817,0.5890365278157601,0.2986149543716645,False,1.1368163647058485,False,-0.2355404404005637,False
88.88294838518952,25.860048174143817,0.4717926404623186,0.5875222174935589,False,0.7733151998157951,False,-0.19716403784907813,False
88.93294838518952,25.860048174143817,0.41739046369593424,0.8310084188666429,False,0.12218118537215052,False,-0.03663019937132842,False
88.98294838518952,25.860048174143817,0.409542071765451,0.9691254394523605,False,-0.15764433416777074,False,0.05836668074198351,False
89.03294838518953,25.860048174143817,0.43215293415891415,1.0455883450779302,False,-0.08783288724577004,False,0.10810114754180969,False
89.08294838518952,25.860048174143817,0.4897050549345775,1.0894720378032112,False,0.2098963584290279,False,0.19442827844667732,False
89.13294838518952,25.860048174143817,0.5742870824459566,0.8656149681996095,False,0.3561074731667919,False,0.28108819561565845,False
89.18294838518952,25.860048174143817,0.6066165561834146,0.5760240971379051,False,0.10920188268849526,False,0.3325567277830469,False
89.23294838518952,25.860048174143817,0.6204904992767891,0.6394928389915017,False,0.025340461360148198,False,0.3668874490037437,False
89.28294838518953,25.860048174143817,0.5982844498082894,0.6356662119514505,False,-0.03894184764823326,False,0.3356236965580724,False
89.33294838518952,25.860048174143817,0.5050047913904417,0.4780699537619425,False,-0.17687047741358808,False,0.20976782861076573,False
89.38294838518952,25.860048174143817,0.24548432100229134,0.29662472598228673,False,-0.3272561424291607,False,0.07003172766334034,False
89.43294838518952,25.860048174143817,0.010929888033013094,0.06551968685591147,False,-0.22501636321615862,False,0.03372744418344023,False
89.48294838518952,25.860048174143817,0.2063261405741863,-0.008216942389167425,False,0.08664978634359005,False,0.009476352504000363,False
89.53294838518953,25.860048174143817,0.42000698275679754,0.2307721324995709,False,0.45339840709476237,False,-0.02777267795749419,False
89.58294838518952,25.860048174143817,0.4516485522575299,0.6834735972663917,False,0.561469313163468,False,-0.043524892587641986,False
89.63294838518952,25.860048174143817,0.3983755847069212,0.868154508313526,False,0.567476311048199,False,-0.07612608621803663,False
89.68294838518952,25.860048174143817,0.39608577246579424,0.7956944030773491,False,0.6366200835619197,False,-0.1647498794569136,False
89.73294838518952,25.860048174143817,0.5126850564540155,0.8732139958935734,False,0.7526771613024379,True,-0.2245585595011694,False
89.78294838518953,25.860048174143817,0.6307920892037799,1.0719175781535615,False,0.8333064403717927,True,-0.24640902183284752,False
88.13294838518952,25.810048174143816,0.6229131417897735,0.1939682649932394,False,1.6402688001352526,False,0.004268484161019992,False
88.18294838518952,25.810048174143816,0.6123674746018098,0.3746405640883543,False,1.4142285669184893,False,0.01895528395760391,False
88.23294838518952,25.810048174143816,0.5827837958725317,0.5973462969122323,False,1.1302950040195507,False,0.029349165788542138,False
88.28294838518953,25.810048174143816,0.5188813186048816,0.6812328430019314,False,0.9307216677356599,False,0.034711145439671236,False
88.33294838518952,25.810048174143816,0.442194686928755,0.5283956612236687,False,1.0718592335624946,False,0.05082700614634092,False
88.38294838518952,25.810048174143816,0.44057448975776914,0.35483021079206134,False,1.5178631102914304,False,0.09830649982817395,False
88.43294838518952,25.810048174143816,0.46888977494272543,0.3825577857176172,False,1.6402654770208902,False,0.1414848729710273,False
88.48294838518952,25.810048174143816,0.5009105912877173,0.5838362996843538,False,1.7344213087674354,False,0.22287309712369033,False
88.53294838518953,25.810048174143816,0.5178121772037337,0.7262133807690857,False,1.86589044696702,False,0.28690538570107743,False
88.58294838518952,25.810048174143816,0.5361725455976264,0.8846762735583604,False,1.1266507547134998,False,0.374857397504896,False
88.63294838518952,25.810048174143816,0.5424021094653866,0.8152768734288722,False,0.9768396335491356,False,0.39225845763082645,False
88.68294838518952,25.810048174143816,0.5571939029626226,0.10079754465633095,False,1.2158639689871253,False,0.27101560173349293,False
88.73294838518952,25.810048174143816,0.5683889803486327,-0.45110223851974707,False,1.3216982791790233,False,0.020095908541627093,False
88.78294838518953,25.810048174143816,0.5973252646615148,-0.47023199392067716,False,1.4565296870879467,False,-0.21154586237013534,False
88.83294838518952,25.810048174143816,0.5676042468260564,0.12374804997781663,False,1.7779308565008827,False,-0.2606563077049354,False
88.88294838518952,25.810048174143816,0.4717697611304539,0.5768815397545085,False,1.5438832813099297,False,-0.1875695278486823,False
88.93294838518952,25.810048174143816,0.4234613780615725,0.8097017493140071,False,0.9591440979991053,False,-0.049572184734439195,False
88.98294838518952,25.810048174143816,0.3852374715526221,0.9261453983383292,False,0.6023838483609905,False,0.06519893075127914,False
89.03294838518953,25.810048174143816,0.38238935529131485,1.0164463200352938,False,0.7280978939467047,False,0.1554762041940484,False
89.08294838518952,25.810048174143816,0.49659449531299305,0.8863988054502152,False,1.257382104965141,False,0.2734068053644356,False
89.13294838518952,25.810048174143816,0.582108302026206,0.7413896221312568,False,1.7602824661860685,False,0.3714514774487732,False
89.18294838518952,25.810048174143816,0.618185643397122,0.5096861701574849,False,1.7186914118019097,False,0.3875528415572007,False
89.23294838518952,25.810048174143816,0.6526867625079964,0.5600791681671565,False,1.350314536126277,False,0.3800497748077001,False
89.28294838518953,25.810048174143816,0.6821429889815757,0.8948711946919754,False,0.9735688867226164,False,0.35302899093704543,False
89.33294838518952,25.810048174143816,0.6757312756879383,0.9890501682306773,False,0.4962634499301454,False,0.2508032322019088,False
89.38294838518952,25.810048174143816,0.604930830614925,0.7589834988305911,False,0.1455955585569496,False,0.029064349496936426,False
89.43294838518952,25.810048174143816,0.4210815871899226,0.5016381109947575,False,0.14346777050084641,False,-0.10585360460278387,False
89.48294838518952,25.810048174143816,0.31471881782028976,0.25170746661128385,False,0.3836255883249974,False,-0.1237934303177509,False
89.53294838518953,25.810048174143816,0.33921256976871705,0.12388384943993336,False,0.688106241821519,False,-0.14502267958663295,False
89.58294838518952,25.810048174143816,0.31963903013648226,0.5432800065643196,False,0.5225298114035486,False,-0.1241142342771126,False
89.63294838518952,25.810048174143816,0.266799561305319,0.7948359708292377,False,0.446735466562717,False,-0.09684720085464144,False
89.68294838518952,25.810048174143816,0.3513945681439665,0.9864568540779892,False,0.5642898376663625,False,-0.13852392944090947,False
89.73294838518952,25.810048174143816,0.5239948774066943,1.138954885852972,False,0.7498764599524289,False,-0.24778367531598314,False
88.33294838518952,25.76004817414381,0.4391196648594018,0.1837097812844908,False,1.3854775433568438,False,0.09584470965380787,False
88.38294838518952,25.76004817414381,0.4541626209655852,0.03668500511336939,False,1.7309245409182117,False,0.10706481916437105,False
88.43294838518952,25.76004817414381,0.47230854784842125,0.08457686424021432,False,1.8998107184257256,False,0.14539601030683208,False
88.48294838518952,25.76004817414381,0.5043112951565255,0.16320003427749613,False,2.232538976952597,False,0.20644257807073071,False
88.53294838518953,25.76004817414381,0.5376115383555252,0.1276713555563156,False,2.5567504284316556,False,0.25885286298461774,False
88.58294838518952,25.76004817414381,0.5664261134157342,0.0035586747216082015,False,1.9979039695011673,False,0.3307082108304553,False
88.63294838518952,25.76004817414381,0.6196353915193684,-0.48963545761617033,False,1.876105882593193,True,0.35193004310198195,False
88.68294838518952,25.76004817414381,0.6592605546361215,-1.1242015245925348,False,1.863111247935681,True,0.2222037925324038,False
88.73294838518952,25.76004817414381,0.6453744930877116,-1.2422666314342228,False,1.7055338466568184,True,-0.03170353003738709,False
88.78294838518953,25.76004817414381,0.5753114789039537,-1.0487835098779485,False,1.530858555121015,False,-0.2785951627436801,False
88.83294838518952,25.76004817414381,0.519417335209819,-0.11002944894666078,False,1.725699897688528,False,-0.2599716396748951,False
88.88294838518952,25.76004817414381,0.46176868835670526,0.5335099556901479,False,1.5155082736511547,False,-0.1396985453684378,False
88.93294838518952,25.76004817414381,0.4709453872067454,0.7789223877619917,False,1.2861844226311931,False,-0.013971422641925805,False
88.98294838518952,25.76004817414381,0.46878007785528775,0.8711505710073044,False,1.110369231265201,False,0.09198497587795455,False
89.03294838518953,25.76004817414381,0.4548829587577839,0.8699641167781024,False,1.2238877376380057,False,0.14490227334477565,False
89.08294838518952,25.76004817414381,0.5277427696796052,0.42734490161930205,False,1.830619786444915,False,0.1701537904804127,False
89.13294838518952,25.76004817414381,0.5753646538947009,0.21702319136127188,False,2.320829650168502,False,0.22286776754791998,False
89.18294838518952,25.76004817414381,0.5811096542045919,0.2649639650998029,False,2.5808944777466323,True,0.29722068618458425,False
89.23294838518952,25.76004817414381,0.6209062414626869,0.42467814940126486,False,2.3036536623720587,True,0.30083054231972106,False
89.28294838518953,25.76004817414381,0.6888116836848667,1.040007612097902,False,1.9483821801186472,False,0.25516457257841885,False
89.33294838518952,25.76004817414381,0.7285710260692669,1.5611904024965488,False,1.5274377538471071,False,0.20398827808218603,False
89.38294838518952,25.76004817414381,0.7137713678008326,1.2531780255436737,False,0.9007428949919664,False,0.0206123951672236,False
89.43294838518952,25.76004817414381,0.6140038053078952,0.8263402805218727,False,0.6220053598083177,False,-0.22681713178215662,False
89.48294838518952,25.76004817414381,0.45309852345407287,0.4953679099834757,False,0.6760276889411976,False,-0.26024531058071193,False
89.53294838518953,25.76004817414381,0.33476413189940113,0.26769108845986883,False,0.8003304990884532,False,-0.25866009766996123,False
89.58294838518952,25.76004817414381,0.30818961545932955,0.6055315384543899,False,0.5189590328789839,False,-0.23063880361245864,False
89.63294838518952,25.76004817414381,0.3251099690703264,0.8859975980257837,False,0.4151431613361191,False,-0.15954006580007937,False
89.68294838518952,25.76004817414381,0.42878780807237044,1.1086927547893737,True,0.5403235193329206,False,-0.1452457359643788,False
89.73294838518952,25.76004817414381,0.564004039193799,1.2447829303110154,True,0.6742609541622288,False,-0.19932969067743303,False
89.83294838518952,25.76004817414381,0.6875945251802967,1.4327826146603204,True,0.7201042425292613,False,-0.41912604416628907,False
88.38294838518952,25.71004817414381,0.4277838373443235,-0.2355090051686212,False,1.8075429283068796,False,0.0922302468156504,False
88.43294838518952,25.71004817414381,0.504818228311219,-0.3229091802651006,False,2.213531278126283,False,0.10202872436466162,False
88.48294838518952,25.71004817414381,0.547781417646187,-0.3607527073383658,False,2.720866258699435,False,0.11874926204719233,False
88.53294838518953,25.71004817414381,0.5724537696876315,-0.4618260525326137,False,3.1349042601563823,True,0.12043740506764547,False
88.58294838518952,25.71004817414381,0.6097893096801397,-0.7534092988810938,False,2.8409933913531056,True,0.10329288294700201,False
88.63294838518952,25.71004817414381,0.657188102619357,-1.3007924795538146,False,2.6607476336067073,True,0.11613330691971946,False
88.68294838518952,25.71004817414381,0.7091505096738662,-1.7192886910985063,False,2.4231411465543755,True,0.08047831540300371,False
88.73294838518952,25.71004817414381,0.7192588258144772,-1.4807407279028766,False,2.161920061203629,True,-0.030634613321365967,False
88.78294838518953,25.71004817414381,0.6320161096952739,-1.137297240962659,False,1.7431028138335727,True,-0.19632147065183647,False
88.83294838518952,25.71004817414381,0.4459544535971156,-0.34485014801804315,False,1.3829820996924018,False,-0.13382377832958312,False
88.88294838518952,25.71004817414381,0.45186902711014604,0.3376169135426267,False,1.1773065686192474,False,0.024044791782487182,False
88.93294838518952,25.71004817414381,0.54226747719664,0.5852187231009127,False,1.1846526793691272,False,0.0777630918678564,False
88.98294838518952,25.71004817414381,0.5817927619826485,0.7134486479055163,False,1.165848985976456,False,0.10955465083158146,False
89.03294838518953,25.71004817414381,0.5998780979073209,0.8002168362511546,False,1.3436568794173733,False,0.08096184188939501,False
89.08294838518952,25.71004817414381,0.6176235973095421,0.33688351575433295,False,1.8932025597151743,False,0.03120639059021527,False
89.13294838518952,25.71004817414381,0.5803812463774832,-0.2611056855003756,False,2.0617326559382834,False,0.013677570410410095,False
89.18294838518952,25.71004817414381,0.518666199709056,-0.3205914005997613,False,2.1344966801910834,False,0.10179804542355396,False
89.23294838518952,25.71004817414381,0.5304023250050551,-0.11038452854118175,False,2.099947079046643,False,0.12465331539752678,False
89.28294838518953,25.71004817414381,0.628094790810906,0.4766960631653625,False,1.987803046867041,False,0.09280082646476448,False
89.33294838518952,25.71004817414381,0.7082070198917249,1.5054737977373724,False,1.8165444838149836,False,0.14858952071045023,False
89.38294838518952,25.71004817414381,0.7182967484369784,1.7279336836504857,True,1.5164109293275927,False,0.12793354746874053,False
89.43294838518952,25.71004817414381,0.632779079463508,1.080671884498986,False,0.9357371211883401,False,-0.1221240301967829,False
89.48294838518952,25.71004817414381,0.479550995561717,0.5998022932283786,False,0.753733977346229,False,-0.2910288066827036,False
89.53294838518953,25.71004817414381,0.4482324187558452,0.5052043230508433,False,0.794532441737716,False,-0.36772197594807443,False
89.58294838518952,25.71004817414381,0.49154772311692324,0.7443667182792444,False,0.6176655709226901,False,-0.3671244351037418,False
89.63294838518952,25.71004817414381,0.48429689872194176,0.9331333707746572,True,0.4805120866649364,False,-0.2301615759914887,False
89.68294838518952,25.71004817414381,0.5256961400832837,1.093086491071453,True,0.43901451500868965,False,-0.021001990717002844,False
89.78294838518953,25.71004817414381,0.6318164018256706,1.2656553172667322,True,0.3277238475937901,False,-0.03602357258477283,False
89.83294838518952,25.71004817414381,0.6456522759822212,1.36482890883118,True,0.2578108636609398,False,-0.1369938134504682,False
88.48294838518952,25.66004817414381,0.5742552695153369,-0.9301688275683081,False,2.3292523700177794,False,-0.007052851464794868,False
88.53294838518953,25.66004817414381,0.6033562524407761,-0.9888579707692216,False,2.757182241406678,False,-0.03404083987216641,False
88.58294838518952,25.66004817414381,0.6382615324065297,-1.1275263499715615,False,3.000176673327542,True,-0.0745278576772247,False
88.63294838518952,25.66004817414381,0.6873176041262913,-1.2722990091388593,False,2.8996307754611665,True,-0.09532523611925423,False
88.68294838518952,25.66004817414381,0.7278900407326196,-1.4748745134522805,False,2.828476238531258,True,-0.10875247951441011,False
88.73294838518952,25.66004817414381,0.7469941655715724,-0.9148500506187744,False,2.643785279005093,True,-0.062268178610916686,False
88.78294838518953,25.66004817414381,0.6936687060655141,-0.32485042040142276,False,2.183223533573739,True,-0.1174481534137192,False
88.83294838518952,25.66004817414381,0.4651124308568768,0.22099440282204424,False,1.4519390019460423,False,-0.06499907523023742,False
88.88294838518952,25.66004817414381,0.5100866297915211,0.44251116892200565,False,1.356299728233435,False,-0.005010824820568922,False
88.93294838518952,25.66004817414381,0.6039527341591523,0.6261446863235822,False,1.445519843759222,False,-0.0657384783386559,False
88.98294838518952,25.66004817414381,0.6592974473706377,0.8044997137805527,False,1.3493788523050054,False,-0.07277796068160519,False
89.03294838518953,25.66004817414381,0.6822422753793675,0.915405262532261,False,1.2911866136782402,False,-0.08520923780438094,False
89.08294838518952,25.66004817414381,0.6792414117820883,0.7366537294073464,False,1.4365853344738437,False,-0.1053499958135295,False
89.13294838518952,25.66004817414381,0.6230033271565736,-0.13516248338776346,False,1.299327176737429,False,-0.13083824559936708,False
89.18294838518952,25.66004817414381,0.5173187791467733,-0.6559010836172517,False,1.1717604951216198,False,-0.05906188481912293,False
89.23294838518952,25.66004817414381,0.44042196075134943,-0.6572674840269508,False,1.4280647079528435,False,0.006443744164692108,False
89.28294838518953,25.66004817414381,0.5114895258831446,-0.32488171390846887,False,1.588880390447588,False,-0.009393755214156405,False
89.33294838518952,25.66004817414381,0.6362389405406207,0.6876070353179063,False,1.5181002373072967,False,0.038881292626629434,False
89.38294838518952,25.66004817414381,0.6497261334043373,1.4538329628438542,False,1.298893390039113,False,0.06459468165167183,False
89.43294838518952,25.66004817414381,0.5524792972285372,1.2224451543053383,False,1.011510333233354,False,-0.0022840247695229965,False
89.48294838518952,25.66004817414381,0.4357736815478994,0.7380624676573436,False,0.8624480290449623,False,-0.17391403108131565,False
89.53294838518953,25.66004817414381,0.5302977481654373,0.7560904160243563,True,0.8084736333510094,False,-0.3918029285868419,False
89.58294838518952,25.66004817414381,0.551431221682517,0.8120441294821212,True,0.6778662371072459,False,-0.4840861830082848,False
89.63294838518952,25.66004817414381,0.5483409978256654,0.9387010756328578,True,0.5067694634786561,False,-0.2021751416913697,False
89.68294838518952,25.66004817414381,0.572711820222086,1.0916586940197042,True,0.2875629047835986,False,0.18466634279931735,False
89.78294838518953,25.66004817414381,0.6234802299415765,1.2146747612178965,True,-0.13519972118987564,False,0.29475915335073494,False
89.83294838518952,25.66004817414381,0.619364556692229,1.2632645729975562,True,-0.22995821948753747,False,0.19791755747562484,False
88.48294838518952,25.610048174143817,0.5949873759804089,-1.214026038962454,False,2.1448833106947536,False,-0.049386157832949,False
88.53294838518953,25.610048174143817,0.6249876682917774,-1.209029828932353,False,2.4733201301135948,True,-0.07575302327769852,False
88.58294838518952,25.610048174143817,0.6596056370442087,-1.173751460370458,False,2.7388495251241265,True,-0.11694981345836418,False
88.63294838518952,25.610048174143817,0.6943039350627639,-1.0710504872473083,False,2.8566201991596234,True,-0.1393726319142802,False
88.68294838518952,25.610048174143817,0.7244958643240245,-0.6887348568702295,False,2.95345915322663,True,-0.07462447106054246,False
88.73294838518952,25.610048174143817,0.7424460478306987,-0.035180631376231786,False,2.94740201955175,True,-0.015204711947129482,False
88.78294838518953,25.610048174143817,0.7240274175611453,0.5722343985243568,False,2.593733758856967,True,-0.0982559444548213,False
88.83294838518952,25.610048174143817,0.6141739354705472,1.247518794927137,False,1.8149848766496435,False,-0.13615137478179723,False
88.88294838518952,25.610048174143817,0.6337773059896439,1.0652788619572553,False,1.7402686120831068,False,-0.196329379327929,False
88.93294838518952,25.610048174143817,0.6443374743559963,1.013039057073727,False,1.552100593286795,False,-0.26602999510511954,False
88.98294838518952,25.610048174143817,0.6559841343843291,1.0544562826551551,False,1.2912009470337362,False,-0.2964955704893232,False
89.03294838518953,25.610048174143817,0.645019259804242,0.9568403164210177,False,0.7942456692000113,False,-0.2309041240400819,False
89.08294838518952,25.610048174143817,0.629136738532216,0.5696084367974703,False,0.3297581348127623,False,-0.2223546291172587,False
89.13294838518952,25.610048174143817,0.6091113938182662,-0.177887139176048,False,-0.0703965155685362,False,-0.3063634820675464,False
89.18294838518952,25.610048174143817,0.5545517345450227,-0.41158151635890705,False,0.3995792896537361,False,-0.20063991387311814,False
89.23294838518952,25.610048174143817,0.4477229223642766,-0.5274450203613156,False,1.0295502917903157,False,-0.04471324954755532,False
89.28294838518953,25.610048174143817,0.4197099600194718,-0.6195070626932353,False,1.2048149677473896,False,-0.005262350078293121,False
89.33294838518952,25.610048174143817,0.5528301808990252,-0.2691982891677151,False,1.0583707172947239,False,0.07229358715661123,False
89.38294838518952,25.610048174143817,0.570024029288022,0.5149774661940538,False,0.5316870171160332,False,0.1837603070786362,False
89.43294838518952,25.610048174143817,0.43333167412519774,0.589910750951904,False,0.49484696558995067,False,0.16387454452471792,False
89.48294838518952,25.610048174143817,0.37704068402456886,0.7021549813062835,False,0.7164196007589465,False,0.058111293061605604,False
89.53294838518953,25.610048174143817,0.48325141650397385,0.8513088921295904,True,0.813379878174625,False,-0.3542798692019167,False
89.58294838518952,25.610048174143817,0.5374978646228693,0.8467155740007621,True,0.7254590665948155,False,-0.5869666234619717,False
89.63294838518952,25.610048174143817,0.5405927002401376,0.9117427152320973,True,0.5863853671705092,False,-0.21546526523797155,False
89.68294838518952,25.610048174143817,0.572581360960814,1.0566209534204458,True,0.14466008807373748,False,0.3744818252285711,False
89.78294838518953,25.610048174143817,0.6138674046355018,1.1335254865874198,True,-0.48092782174147297,False,0.512581275259554,False
89.83294838518952,25.610048174143817,0.602489753289465,1.1546617334265856,True,-0.5203972275752443,False,0.37201551639585256,False
89.88294838518952,25.610048174143817,0.5909755526945484,1.1437428097098294,True,-0.4885800857814897,False,0.24094542110113354,False
88.53294838518953,25.560048174143816,0.6343651664254669,-1.334691298112905,False,2.269647656326421,False,-0.09735143670570062,False
88.58294838518952,25.560048174143816,0.6619045199058934,-1.1837777891620482,False,2.5158358644999383,True,-0.12246163956180972,False
88.63294838518952,25.560048174143816,0.6854702831515944,-0.8608417819161078,False,2.648344044888848,True,-0.09346972172758819,False
88.68294838518952,25.560048174143816,0.7037762130106945,-0.34464244991813464,False,2.8098234250152565,True,-0.02776011686953453,False
88.73294838518952,25.560048174143816,0.7116984403148412,0.2992677752966052,False,2.9208146989317854,True,-0.018674194647867806,False
88.78294838518953,25.560048174143816,0.6883768256229982,0.9006159204137194,False,2.449425539296084,True,-0.1380398567197216,False
88.83294838518952,25.560048174143816,0.6373722507351226,1.3714599662895566,False,1.7058606651079034,False,-0.22308346333439125,False
88.88294838518952,25.560048174143816,0.6452766504189831,1.35112008690006,False,1.5567532803289712,False,-0.2835682526843114,False
88.93294838518952,25.560048174143816,0.6126317215601264,1.211868371547011,False,1.107039560063267,False,-0.2954354320846172,False
88.98294838518952,25.560048174143816,0.5972310878057441,1.032524655794722,False,0.8547299155145087,False,-0.30794746186717886,False
89.03294838518953,25.560048174143816,0.5792530753876811,0.8426437718217027,False,0.49026511460818323,False,-0.2712916321772664,False
89.08294838518952,25.560048174143816,0.5444782963099637,0.19909918266261034,False,-0.41194424299408944,False,-0.20905124008291265,False
89.13294838518952,25.560048174143816,0.5264395463957658,-0.548018321945151,False,-1.1558269199516393,False,-0.27242448144408166,False
89.18294838518952,25.560048174143816,0.48640201131702504,-0.2940814880810198,False,-0.14198623172832464,False,-0.10887368768612282,False
89.23294838518952,25.560048174143816,0.39391904126337757,-0.3592150905004877,False,0.7275451856947727,False,0.017140117059484677,False
89.28294838518953,25.560048174143816,0.31731640902483504,-0.5835822032827378,False,1.019190559330232,False,0.06193985930674768,False
89.33294838518952,25.560048174143816,0.4111434941555466,-0.5171572874162174,False,0.9208564638088601,False,0.13451591659473883,False
89.38294838518952,25.560048174143816,0.4948052379106989,0.26245027833595114,False,0.2353006735517368,False,0.2460304483462285,False
89.43294838518952,25.560048174143816,0.42244484945024036,0.49982526796870236,False,0.3333932741412792,False,0.24594586538063537,False
89.48294838518952,25.560048174143816,0.39494040672228453,0.7887477626574599,False,0.5491132904456115,False,0.20891838594617873,False
89.53294838518953,25.560048174143816,0.47523830513781795,1.0077071636695307,True,0.6219276719410698,False,-0.03157204197680021,False
89.58294838518952,25.560048174143816,0.5046047780058622,0.9189219698409208,True,0.572523815111395,False,-0.21639026102414494,False
89.63294838518952,25.560048174143816,0.5035578717737456,0.8931641923353633,True,0.5298906149172008,False,-0.021689729350602982,False
89.68294838518952,25.560048174143816,0.5411106397434609,0.9389928949292496,True,-0.008438760254194239,False,0.5454880701221261,False
89.73294838518952,25.560048174143816,0.5891967618133911,0.9409195691590165,True,-0.5657638315399325,False,0.6889679124163623,False
89.78294838518953,25.560048174143816,0.6019673189000047,0.9519072378954895,True,-0.7181626291395493,False,0.5771437826779777,False
89.83294838518952,25.560048174143816,0.5888231507701345,0.9917589584390663,True,-0.7112081022704724,False,0.4494281484726229,False
88.58294838518952,25.51004817414381,0.6515856997862549,-1.1846689217367334,False,2.190317753132145,True,-0.09432298714764285,False
88.63294838518952,25.51004817414381,0.6624293276140286,-0.8815733167731788,False,2.2788497272646158,True,-0.07190791233979872,False
88.68294838518952,25.51004817414381,0.6659583072700404,-0.507013942456547,False,2.3778135287076214,True,-0.04504116664789429,False
88.73294838518952,25.51004817414381,0.6594534772890037,-0.03290000345900314,False,2.3177284005593513,True,-0.09498666044291434,False
88.78294838518953,25.51004817414381,0.6163128214411001,0.5577667064758535,False,1.7008664376967175,False,-0.2069846424697747,False
88.83294838518952,25.51004817414381,0.5641416390630578,0.9596925003621748,False,1.1092360856112802,False,-0.28339477139333197,False
88.88294838518952,25.51004817414381,0.5755458907214229,1.1205768738299766,False,1.198774861320572,False,-0.3133439910222283,False
88.93294838518952,25.51004817414381,0.5958796167091296,1.1437556100524455,False,1.0386125896250835,False,-0.3028648354001603,False
88.98294838518952,25.51004817414381,0.6228966532065453,1.0010834650365261,False,0.9912163223915857,False,-0.2687812704587455,False
89.03294838518953,25.51004817414381,0.616159329050579,0.7709697456929951,False,0.8891331176091801,False,-0.19614690305964494,False
89.08294838518952,25.51004817414381,0.5353592572494233,0.29635607921272844,False,0.3047433118499808,False,-0.07837322738514112,False
89.13294838518952,25.51004817414381,0.4371927029602698,-0.5254918750988753,False,-0.8823675985122436,False,-0.10251655540250876,False
89.18294838518952,25.51004817414381,0.41247185322021657,-0.26571853244595445,False,-0.2968261781130044,False,-0.025676414341760233,False
89.23294838518952,25.51004817414381,0.3523382509477094,-0.2105870926151716,False,0.5122873490760088,False,0.08546445682620347,False
89.28294838518953,25.51004817414381,0.27858336619561663,-0.3351461675267735,False,0.8388151107955815,False,0.08507894892081297,False
89.33294838518952,25.51004817414381,0.3494530736734661,-0.2782946477901333,False,0.8135659325926495,False,0.1337185970453023,False
89.38294838518952,25.51004817414381,0.4924880482996606,0.3208283050677584,False,0.33956038341466044,False,0.2438121972774244,False
89.43294838518952,25.51004817414381,0.4984409933471957,0.8871803623291536,False,0.22528123365800332,False,0.3117277883091515,False
89.48294838518952,25.51004817414381,0.47874981871575834,1.097149714013019,False,0.4411526956661529,False,0.3382779079044736,False
89.53294838518953,25.51004817414381,0.49494573419498805,0.9752067266427396,True,0.37449200484428913,False,0.2568198409290021,False
89.58294838518952,25.51004817414381,0.47346079314492184,0.9103663007768237,True,0.3918341412795403,False,0.1701929434363021,False
89.63294838518952,25.51004817414381,0.46686848157835337,0.8113848994073101,True,0.323101613320464,False,0.2900570466172162,False
89.68294838518952,25.51004817414381,0.5250698083074046,0.6392593129980969,False,-0.277262889531498,False,0.5472530276099946,False
89.78294838518953,25.51004817414381,0.59544158765259,0.678653756875859,False,-0.8634061562909574,False,0.5347825928286272,False
89.83294838518952,25.51004817414381,0.5795764231816768,0.7381364977156193,False,-0.824408167421437,False,0.41993603628663684,False
88.83294838518952,25.46004817414381,0.49457248295180173,0.4966080229280077,False,1.1401982030707545,False,-0.24770940809752132,False
88.88294838518952,25.46004817414381,0.5085736421210715,0.6898542735959271,False,1.259502407373787,False,-0.26350045100570463,False
88.93294838518952,25.46004817414381,0.5584723412342268,0.7200644115236016,False,1.2775168959076941,False,-0.2377615603649907,False
88.98294838518952,25.46004817414381,0.6447960931859633,0.5742118745135509,False,1.401619770158257,False,-0.15978054727954522,False
89.03294838518953,25.46004817414381,0.6908413005408783,0.29154181703249593,False,1.5203231101201913,False,-0.023809341668064164,False
89.08294838518952,25.46004817414381,0.6213270691305681,0.22303452907851,False,1.2307160928164849,False,0.06985895404127643,False
89.13294838518952,25.46004817414381,0.4376765929238796,-0.15662023741283077,False,0.33577025984534625,False,0.06115992678970788,False
89.18294838518952,25.46004817414381,0.35818441911515675,-0.20411897081239352,False,-0.011648450448537073,False,0.0038231948159777457,False
89.23294838518952,25.46004817414381,0.35835951265652366,-0.015380305937952199,False,0.5334014544386688,False,0.0636331709700294,False
89.28294838518953,25.46004817414381,0.36070499634893377,0.006097601693195539,False,0.7657345732597056,False,0.04753057643960804,False
89.33294838518952,25.46004817414381,0.44271732860791824,0.0768674449192795,False,0.8474948966033607,False,0.07413834368031522,False
89.38294838518952,25.46004817414381,0.5662385708392369,0.5069871346349244,False,0.679694600462736,False,0.18744151104449486,False
89.43294838518952,25.46004817414381,0.5964939344730213,1.2053242234713404,False,0.3030103416257129,False,0.367701703655955,False
89.48294838518952,25.46004817414381,0.5554964275752716,0.9903899720296663,False,0.10665371019038317,False,0.36712054995902427,False
89.53294838518953,25.46004817414381,0.5180960897562689,0.766632112924641,False,0.0860933810679562,False,0.3429504415606577,False
89.58294838518952,25.46004817414381,0.4418708147163415,0.6762055754734873,False,0.09454317316269907,False,0.3494074389954237,False
89.63294838518952,25.46004817414381,0.4455339168263773,0.44576653381411735,False,-0.08445430711084387,False,0.3799190818407687,False
89.68294838518952,25.46004817414381,0.5450079805660232,0.16260899538962847,False,-0.6141369204127936,False,0.4190220376089278,False
89.78294838518953,25.46004817414381,0.6184698821405208,0.292542917085826,False,-0.902356317340236,True,0.3835448320310021,False
89.83294838518952,25.46004817414381,0.574435175055539,0.4246220908149452,False,-0.7901057703499315,False,0.2612466093682777,False
88.83294838518952,25.41004817414381,0.39445215890546725,-0.10292717095981761,False,1.3674039611489301,False,-0.16772067154402825,False
88.88294838518952,25.41004817414381,0.492469099720142,0.05704318012124431,False,1.5746591060765704,False,-0.16082751924093364,False
88.93294838518952,25.41004817414381,0.5918873020603043,-0.025814480463583624,False,1.7153571959576652,False,-0.09669779301409978,False
88.98294838518952,25.41004817414381,0.7032592176870145,-0.08062990019303629,False,1.8588995737734537,True,-0.00839346187378781,False
89.03294838518953,25.41004817414381,0.7771174412253589,0.03751087999152125,False,1.8704604474674724,True,0.061186635933876805,False
89.08294838518952,25.41004817414381,0.7637740873769108,0.22033133841820035,False,1.6623782238328393,False,0.09942823623665278,False
89.13294838518952,25.41004817414381,0.5829225133059948,0.23493368958782768,False,1.1866712505612185,False,0.1081706758379228,False
89.18294838518952,25.41004817414381,0.33973469159577463,0.05513598147412981,False,0.49913194179525455,False,0.04161460622212024,False
89.23294838518952,25.41004817414381,0.32727629866034824,0.17657838823021516,False,0.5390952543866034,False,0.011242356345866497,False
89.28294838518953,25.41004817414381,0.4320626080942328,0.32923503133006615,False,0.6991961939023225,False,-0.00936223294500444,False
89.33294838518952,25.41004817414381,0.5519768114892747,0.4656032843327184,False,0.7753475672402572,False,-0.00058068705150165,False
89.38294838518952,25.41004817414381,0.6247878508614415,0.5905106155649958,False,0.8185184188791831,False,0.09041097102541165,False
89.43294838518952,25.41004817414381,0.6177926913585619,0.9407158022475886,False,0.4535348975835531,False,0.2360446549425333,False
89.48294838518952,25.41004817414381,0.583013631662272,0.8555673369268333,False,-0.1771832664551873,False,0.3025469026626306,False
89.53294838518953,25.41004817414381,0.507475133385484,0.4459427362701032,False,-0.262810170965202,False,0.321596420434029,False
89.58294838518952,25.41004817414381,0.46459604210786337,0.2591634482735178,False,-0.22229381975138537,False,0.3392496221943171,False
89.63294838518952,25.41004817414381,0.518420871635309,-0.09045031801864935,False,-0.4421736903573672,False,0.23086950674634,False
89.73294838518952,25.41004817414381,0.6727152799257842,-0.3305665168202791,False,-0.8167781605424361,True,0.11535545778074585,False
89.78294838518953,25.41004817414381,0.6615799483100747,-0.16063225827289312,False,-0.7429260994832236,False,0.047363331041511636,False
89.83294838518952,25.41004817414381,0.5999933118405633,0.15686605491921662,False,-0.557030614891418,False,-0.03661704793405188,False
88.88294838518952,25.360048174143817,0.5083160458379106,-0.24596067417049272,False,1.653608782964581,False,-0.04813285469122844,False
88.93294838518952,25.360048174143817,0.6556963522881182,-0.2556144652637699,False,1.864688384704298,True,0.011973253663607956,False
88.98294838518952,25.360048174143817,0.7704482940151111,-0.1710609792130114,False,1.9915210118536883,True,0.05640739260795411,False
89.03294838518953,25.360048174143817,0.8358058284858658,-0.047650924643679066,False,2.0089235824454326,True,0.08760093989754787,False
89.08294838518952,25.360048174143817,0.8463120264150336,0.09619715436219005,False,1.9130390092741012,True,0.10950165147784556,False
89.13294838518952,25.360048174143817,0.7581499295655216,0.37509219641444425,False,1.563072432395478,False,0.11653971119899988,False
89.18294838518952,25.360048174143817,0.44407971824293435,0.34346321222176,False,1.006695154130491,False,0.07319500934598219,False
89.23294838518952,25.360048174143817,0.3495130162762367,0.3622194131567315,False,0.7910331890142415,False,0.014113718451975645,False
89.28294838518953,25.360048174143817,0.498749175943947,0.5092423165602604,False,0.8038905284650777,False,-0.03519133811934555,False
89.33294838518952,25.360048174143817,0.647044486516127,0.6551374180488885,False,0.8249509299870472,False,-0.04458941163167071,False
89.38294838518952,25.360048174143817,0.6573964838193371,0.5110074758480654,False,0.9882061165003266,False,-0.006318469425482122,False
89.43294838518952,25.360048174143817,0.5849305930470771,0.6644645086673036,False,0.4347157969066403,False,0.1046440517335422,False
89.48294838518952,25.360048174143817,0.5412986114012557,0.6848186979737212,False,-0.1882119330828962,False,0.17590246488293676,False
89.53294838518953,25.360048174143817,0.48650715050048127,0.21896637946659822,False,-0.28847355223416643,False,0.17144030068693444,False
89.58294838518952,25.360048174143817,0.4853528199473218,-0.09713385185116542,False,-0.3025027535724667,False,0.10594009877841554,False
89.63294838518952,25.360048174143817,0.5843539716837411,-0.4197355539222248,False,-0.40211830080370453,False,-0.12212277296996765,False
89.68294838518952,25.360048174143817,0.6839723558646731,-0.6260981303542403,False,-0.5068015465759715,False,-0.26215174900422744,False
89.73294838518952,25.360048174143817,0.7169906450471965,-0.6965047343027916,False,-0.5382301834262668,False,-0.3309031653315988,False
89.78294838518953,25.360048174143817,0.6865886661434322,-0.458908332281761,False,-0.4312150760090042,False,-0.3433216175690181,False
88.93294838518952,25.310048174143816,0.7023512397711256,0.10765449165997748,False,1.9683038087086928,True,-0.001406355542165831,False
88.98294838518952,25.310048174143816,0.797505230174727,0.11819183142432832,False,2.1079342819780984,True,0.05334251641015635,False
89.03294838518953,25.310048174143816,0.8490476834823092,0.11460447145178859,False,2.091039148118649,True,0.09087337524323993,False
89.08294838518952,25.310048174143816,0.86633730950408,0.1559335211946076,False,2.0185750051374374,True,0.14296019259420048,False
89.13294838518952,25.310048174143816,0.8307595416382498,0.31692376983002757,False,1.754234091505844,False,0.16016296439026995,False
89.18294838518952,25.310048174143816,0.6295647353628006,0.5100110175501578,False,1.2833882958077452,False,0.08508912641662804,False
89.23294838518952,25.310048174143816,0.4622590055275946,0.5803723097366488,False,1.0501844979709514,False,-0.0012677706374824849,False
89.28294838518953,25.310048174143816,0.5767044779572622,0.6325767984978823,False,0.9724188731427575,False,-0.04733466186555113,False
89.33294838518952,25.310048174143816,0.7095135862621155,0.6746863758581209,False,0.9957685985392959,False,-0.051972446527483306,False
89.38294838518952,25.310048174143816,0.7069006665996934,0.4617534856348086,False,1.1031472679916503,False,-0.009217105099047433,False
89.43294838518952,25.310048174143816,0.5999555961670786,0.6566743546461986,False,0.3220065758083638,False,0.1445214648658648,False
89.48294838518952,25.310048174143816,0.48251633137460437,0.37906564404915294,False,-0.09500057040033638,False,0.1683414637523488,False
89.53294838518953,25.310048174143816,0.4826247760556527,0.09755720928113104,False,-0.15630504682726418,False,0.11651996561278927,False
89.58294838518952,25.310048174143816,0.4978220156557269,-0.2695239802590752,False,-0.23417048503615645,False,-0.13167826323252924,False
89.63294838518952,25.310048174143816,0.5764480278474358,-0.5408814768642877,False,-0.2557248241894081,False,-0.4528639606613717,False
89.68294838518952,25.310048174143816,0.6526643965074174,-0.697089823470123,False,-0.21936319538604257,False,-0.6572099897132312,False
89.73294838518952,25.310048174143816,0.6734702240476929,-0.7524353749599764,False,-0.23390880035095366,False,-0.6882683469753526,False
89.78294838518953,25.310048174143816,0.625311362525841,-0.4592928406716912,False,-0.18197252636444905,False,-0.5690749177645493,False
89.83294838518952,25.310048174143816,0.5227780323852966,0.20562363998074337,False,-0.018024817237108012,False,-0.41991950377765297,False
88.98294838518952,25.26004817414381,0.7563540705861908,0.4779180034719294,False,2.400497317297315,True,0.019063159162394292,False
89.03294838518953,25.26004817414381,0.8231326548189074,0.3956257123949956,False,2.320575453493512,True,0.05422441787267366,False
89.08294838518952,25.26004817414381,0.8553953051463441,0.3286697381679617,False,2.1604699353828827,True,0.13164325433071677,False
89.13294838518952,25.26004817414381,0.847883923239167,0.27174878444007466,False,1.8023278783520582,False,0.20768909903807048,False
89.18294838518952,25.26004817414381,0.713792390588642,0.4839664389822247,False,1.2955964244970484,False,0.15055324896488986,False
89.23294838518952,25.26004817414381,0.5572330859961555,0.7107849214623083,False,1.1209562506584818,False,0.023878984408635708,False
89.28294838518953,25.26004817414381,0.6294940320003194,0.7667018511161556,False,1.0814042853840555,False,-0.009893800415345752,False
89.33294838518952,25.26004817414381,0.736153376110208,0.7161030912146911,False,1.088461208008647,False,-0.013000017551250806,False
89.38294838518952,25.26004817414381,0.7585372839461125,0.5845365621499445,False,1.0490146755788867,False,0.049552594085842866,False
89.43294838518952,25.26004817414381,0.6902362917015327,0.9795034311783877,False,0.30805176079257923,False,0.1790676449293809,False
89.48294838518952,25.26004817414381,0.5256893315888568,0.36785193702101315,False,0.07260001254762417,False,0.25455290037794776,False
89.53294838518953,25.26004817414381,0.43808482747914956,0.023732525447593633,False,-0.06903572671963296,False,0.130265279752477,False
89.58294838518952,25.26004817414381,0.4842805987121278,-0.22556240109764783,False,-0.13453821310148306,False,-0.13606737718216425,False
89.63294838518952,25.26004817414381,0.5358038667465178,-0.4159141560120222,False,-0.12333897326856616,False,-0.5275405322713089,False
89.73294838518952,25.26004817414381,0.5814774552126282,-0.43100827516366536,False,-0.11834702144191234,False,-0.7136527100267318,False
89.78294838518953,25.26004817414381,0.46709901650930186,0.1048295323958531,False,-0.044896375507218755,False,-0.46988695194879193,False
89.83294838518952,25.26004817414381,0.4034462096011444,0.5833209655236598,False,0.12194260300718755,False,-0.3080765331975323,False
89.88294838518952,25.26004817414381,0.4721854136828787,0.5992647103231221,False,0.2979567725199631,False,-0.32292774947672376,False
89.93294838518952,25.26004817414381,0.5510962880101945,0.3431900316110821,False,0.4835852322238313,False,-0.3952284900935054,False
89.98294838518952,25.26004817414381,0.5410478723247362,-0.021808087405357418,False,0.6253910102804751,False,-0.38099760462426807,False
90.03294838518953,25.26004817414381,0.4562081790340416,-0.27442050825670694,False,0.2599022163238121,False,-0.22575131757043188,False
88.48294838518952,25.21004817414381,0.6100741477573267,-2.3506561296756887,True,1.4807760266547794,True,0.0989614532719554,False
88.68294838518952,25.21004817414381,0.3983431777599871,-1.6524468498950682,False,0.44040164739744847,False,0.07882876617336683,False
88.98294838518952,25.21004817414381,0.6385178976018008,0.5151875300340463,False,2.1130312484787073,False,0.04714690271456992,False
89.03294838518953,25.21004817414381,0.7407029233723847,0.4556844109611877,False,2.260856464940343,False,0.038126304412402855,False
89.08294838518952,25.21004817414381,0.802178978797681,0.38788573970604584,False,2.2092531548510372,False,0.11161076378128833,False
89.13294838518952,25.21004817414381,0.8116536301804836,0.21112226251267338,False,1.7431054177995964,False,0.21403757285990818,False
89.18294838518952,25.21004817414381,0.7202055469637233,0.298984763641889,False,1.0979132807979741,False,0.2087795838541531,False
89.23294838518952,25.21004817414381,0.5924148881849188,0.7414463826320198,False,1.1028849951202797,False,0.07304320887221807,False
89.28294838518953,25.21004817414381,0.6506383378267458,0.9123640246470943,False,1.2301881878045804,False,0.04189201689294754,False
89.33294838518952,25.21004817414381,0.7346549982158611,0.7965029766410974,False,1.2168277420418208,False,0.022590401993958852,False
89.38294838518952,25.21004817414381,0.7834916142071836,0.7657242779878847,False,1.0794715092020306,False,0.09002560654965644,False
89.43294838518952,25.21004817414381,0.759498325636723,1.3473237139611913,False,0.3938469978322361,False,0.15444933790330384,False
89.48294838518952,25.21004817414381,0.626527951163769,0.5789719796096928,False,0.21889398858424675,False,0.25360644983118225,False
89.53294838518953,25.21004817414381,0.5025930278367374,0.08706112432900862,False,0.012458881249412617,False,0.18658082115285243,False
89.58294838518952,25.21004817414381,0.4278046231206063,-0.14127673068805757,False,-0.09043182509793969,False,-0.0016317161098805683,False
89.63294838518952,25.21004817414381,0.4348601719054639,-0.23751943656543995,False,-0.051496991306826084,False,-0.3623906715850623,False
89.73294838518952,25.21004817414381,0.42457358690958136,-0.09596674443716555,False,-0.16756723265909906,False,-0.44762689250586785,False
89.78294838518953,25.21004817414381,0.30705275120492304,0.4934314296186574,False,-0.0010241729132332636,False,-0.2525021526177185,False
89.83294838518952,25.21004817414381,0.3691738176875694,0.8172137175538754,False,0.2252671172503438,False,-0.218978979301167,False
89.88294838518952,25.21004817414381,0.5207301332468892,0.6426945450386802,False,0.38333010354256397,False,-0.3044521682427805,False
89.93294838518952,25.21004817414381,0.5678097708230467,0.21057693176912992,False,0.621061301865778,False,-0.3615472503966659,False
89.98294838518952,25.21004817414381,0.5161366138171579,-0.3657895000155693,False,0.9492075414409789,False,-0.30094522837387105,False
90.03294838518953,25.21004817414381,0.3877653725426288,-0.456205146130072,False,0.352605227247687,False,-0.16795676737635395,False
90.08294838518952,25.21004817414381,0.3125474948288784,-0.7288669130709212,False,0.2522968956003953,False,-0.1593543998577046,False
90.13294838518952,25.21004817414381,0.37845047436272256,-0.9379844575496544,False,0.5325774602305365,False,-0.1428501028123464,False
90.18294838518952,25.21004817414381,0.49167641507684606,-0.9869185682133865,False,0.916124601130164,False,-0.046064368644547785,False
90.23294838518952,25.21004817414381,0.5595682876351808,-0.934373151332663,False,1.274573056031804,False,0.08285800558905862,False
88.48294838518952,25.16004817414381,0.6439335707609833,-2.4181763804231426,True,1.7706480505913,True,0.02092954868699584,False
88.53294838518953,25.16004817414381,0.6196748521862486,-2.232518027651717,True,1.2888895509991611,False,0.12534611454891775,False
88.58294838518952,25.16004817414381,0.5721894471776411,-2.103456509905606,True,0.9756673960820859,False,0.1790022370232261,False
88.63294838518952,25.16004817414381,0.5255968133803766,-1.8697870811469375,False,0.6715109521399726,False,0.19429415708125075,False
88.68294838518952,25.16004817414381,0.4307002124384603,-1.492348048282315,False,0.4056202549382961,False,0.14452002404942538,False
88.73294838518952,25.16004817414381,0.34162795928382644,-0.8783346567335615,False,0.09487864180557577,False,0.06654795102655664,False
88.78294838518953,25.16004817414381,0.3887988011293723,-0.5439194164281642,False,-0.04192735737507821,False,0.006464792326472138,False
88.83294838518952,25.16004817414381,0.4223949858033988,-0.321806232483448,False,0.12185452635929947,False,-0.0022148557821926665,False
88.88294838518952,25.16004817414381,0.4372663285519496,0.7416212969778201,False,0.628976485687371,False,0.11774205956662354,False
88.93294838518952,25.16004817414381,0.4603133985977657,0.6619519353325362,False,0.6247056547392369,False,0.15166066420404067,False
88.98294838518952,25.16004817414381,0.49199605701715143,0.35933197141777573,False,0.8276765073276163,False,0.15178386474553957,False
89.03294838518953,25.16004817414381,0.5858857455622026,0.14092116355669548,False,1.148420957383331,False,0.16419087074690197,False
89.08294838518952,25.16004817414381,0.6801499065374849,0.02075366144090718,False,1.3712755563616112,False,0.17069265260150668,False
89.13294838518952,25.16004817414381,0.7064549246832533,-0.03268575786622063,False,1.3616455733970225,False,0.18726615038526834,False
89.18294838518952,25.16004817414381,0.6473998619635611,0.03029240148421941,False,0.8327799678952474,False,0.19733139452274445,False
89.23294838518952,25.16004817414381,0.5220921933860766,0.4346343239001226,False,0.838968498479033,False,0.10049750113505462,False
89.28294838518953,25.16004817414381,0.5817968483677276,0.6582457141361678,False,1.0600465928849319,False,0.02569714446709688,False
89.33294838518952,25.16004817414381,0.6829374477122738,0.6147642800962283,False,1.2339726836853995,False,-0.03990530120048663,False
89.38294838518952,25.16004817414381,0.7548092979135624,0.661314524313523,False,1.1183793545635519,False,0.03336147463585053,False
89.43294838518952,25.16004817414381,0.7779462740608811,1.3710952727814463,False,0.35901938233208186,False,0.011847780240910065,False
89.48294838518952,25.16004817414381,0.6930660359797429,0.8090244532063423,False,0.19320891096586265,False,0.04317745041639942,False
89.53294838518953,25.16004817414381,0.5014880208359114,0.12359421847545649,False,-0.06986306690402447,False,0.005071300726898258,False
89.58294838518952,25.16004817414381,0.3412844701834353,-0.05281728990280497,False,-0.10062182029590672,False,-0.07607978368002574,False
89.63294838518952,25.16004817414381,0.3120351458407689,-0.1000231304661193,False,-0.04246309579181218,False,-0.2384775554461076,False
89.68294838518952,25.16004817414381,0.3282268425804463,-0.08644045447314691,False,-0.1422581034830156,False,-0.3040798596709231,False
89.73294838518952,25.16004817414381,0.3133558545561171,0.18773403804714905,False,-0.1967399877628726,False,-0.29783630488762675,False
89.78294838518953,25.16004817414381,0.31901272240720824,0.6255136023791554,False,-0.02820348308672447,False,-0.23404649269719777,False
89.83294838518952,25.16004817414381,0.4594900870254497,0.9539315403419786,False,0.21313430037895825,False,-0.2186698672101673,False
89.88294838518952,25.16004817414381,0.5731648789584863,0.9005759577594137,False,0.4132000222550394,False,-0.2566176460519357,False
89.93294838518952,25.16004817414381,0.5857241816681131,0.004991396103964152,False,0.9728876573728691,False,-0.27513331380588396,False
89.98294838518952,25.16004817414381,0.5072877170361108,-0.6752771330018981,False,1.4696207168015363,False,-0.22065547236938993,False
90.03294838518953,25.16004817414381,0.3361030357109749,-0.5584285799373245,False,0.7568069498780372,False,-0.13424505786589003,False
90.08294838518952,25.16004817414381,0.19253044309095801,-0.7066971565574712,False,0.3862539788446415,False,-0.1450951010647784,False
90.13294838518952,25.16004817414381,0.311312554358969,-0.8245440494168137,False,0.6236306358505608,False,-0.11779076668412572,False
90.18294838518952,25.16004817414381,0.46610041666523216,-0.8652718230187273,False,0.9452757213319105,False,-0.02915234976827915,False
90.23294838518952,25.16004817414381,0.5633045062237825,-0.8127618834110819,False,1.2819532065363173,False,0.09452767112773124,False
90.28294838518951,25.16004817414381,0.6145897567565213,-0.7697065844132417,False,1.5681361935449414,False,0.17412151575036905,False
90.33294838518952,25.16004817414381,0.6344419223245834,-0.782671366594409,False,1.882282893480184,False,0.11891032343351915,False
90.38294838518952,25.16004817414381,0.6418626466346756,-0.9081849176069137,False,2.5801615635605417,False,-0.07154174159822821,False
90.48294838518952,25.16004817414381,0.601938291495687,-0.7398886595860699,False,3.582419510697299,True,-0.41655778355219214,False
90.53294838518951,25.16004817414381,0.542745046033039,-0.5923389018210956,False,2.563646266287469,False,-0.33585355565735153,False
90.58294838518952,25.16004817414381,0.49433026864577617,-0.5563994771926074,False,1.7495915960062427,False,-0.2811122677871448,False
90.63294838518952,25.16004817414381,0.50699563738286,-0.413619760258072,False,1.7191846587048103,False,-0.3367250753214842,False
90.68294838518952,25.16004817414381,0.5832971120064039,-0.27244450884176985,False,1.8480793161125617,True,-0.44757828120708076,False
90.73294838518952,25.16004817414381,0.6925596398665932,-0.4344000095614169,False,1.8141170683415755,True,-0.5018434677426572,False
90.78294838518951,25.16004817414381,0.8024752204539557,-1.3108269933617842,False,1.5443299872630973,True,-0.4017102755187817,False
90.83294838518952,25.16004817414381,0.8667198171476316,-2.2688116130261355,True,1.2381560125693896,True,-0.36240767688127407,False
90.88294838518952,25.16004817414381,0.8861010432829565,-2.4928756690725415,True,1.114327776600259,True,-0.40274394829782784,False
90.93294838518952,25.16004817414381,0.8830858105253899,-1.954177503281986,True,1.1632279224814805,True,-0.2193309436076607,False
90.98294838518952,25.16004817414381,0.8632581176921854,-0.8987803333223922,False,1.1628480721127348,True,-0.035140248229845295,False
91.03294838518951,25.16004817414381,0.8253646694785806,-0.08941354683764124,False,1.0394465848983923,True,0.03458632629690628,False
91.13294838518952,25.16004817414381,0.7871651687816719,0.7642818053886296,False,0.9432301568139712,True,0.16898464251594694,False
91.18294838518952,25.16004817414381,0.8307930508800807,1.4857277333141679,True,1.1167369411884225,True,-0.08806937541621879,False
91.23294838518952,25.16004817414381,0.8715599608934278,3.0107296903525747,True,1.3493775884721866,True,-0.26567083176915657,False
91.28294838518951,25.16004817414381,0.8912990141053231,3.7601266796893267,True,1.4474137331049302,True,-0.31362910962984003,False
91.33294838518952,25.16004817414381,0.8996637164473728,3.745808757675929,True,1.5032156324793546,True,-0.3649640699054163,False
91.38294838518952,25.16004817414381,0.8964334526396041,3.437213286171393,True,1.6043915938154565,True,-0.4064290925837831,False
91.43294838518952,25.16004817414381,0.8920045429912392,3.0990111667932694,False,1.738232915268115,True,-0.4257433029542128,False
91.58294838518952,25.16004817414381,0.856110780130794,0.38849347279920154,False,1.7846207304298964,True,-0.5923811575502971,True
91.73294838518952,25.16004817414381,0.7253774242368666,0.2591885502388954,False,0.9495278046833134,False,-0.5844038664605886,False
91.78294838518951,25.16004817414381,0.6956420910873349,0.8888116268530586,False,0.8365153723056351,False,-0.5313778961999025,False
91.83294838518952,25.16004817414381,0.6712636986308191,1.6839660905209515,False,0.6123063979127787,False,-0.5326751897306564,True
91.88294838518952,25.16004817414381,0.6534414318909229,2.3790109594085056,False,0.3340705583353977,False,-0.5780720514058052,True
91.93294838518952,25.16004817414381,0.63954269303011,2.622649038125355,False,0.1686360781874588,False,-0.6125359746161413,True
91.98294838518952,25.16004817414381,0.6205607899799754,2.327053355784879,False,0.20905832998537985,False,-0.6100796471266494,True
92.03294838518951,25.16004817414381,0.6188269967863798,1.9403790025871643,False,0.4230971450511893,False,-0.573485959921121,True
92.08294838518952,25.16004817414381,0.615743720036437,1.8732537640590994,False,0.5553645795450667,False,-0.512048288254101,False
92.13294838518952,25.16004817414381,0.6321179854527106,1.980557695445685,False,0.6754955347151532,False,-0.37428843830003916,False
88.48294838518952,25.110048174143817,0.6746665720245184,-2.5529839167490724,True,2.2849809418051112,True,-0.1500400822341191,False
88.53294838518953,25.110048174143817,0.6480151768828272,-2.3187263835306005,True,1.6020941390152985,True,0.0061557572731548715,False
88.58294838518952,25.110048174143817,0.6052655973241154,-2.1134653197586033,True,1.1197449438294476,False,0.13099570557929216,False
88.63294838518952,25.110048174143817,0.5457826649245907,-1.7946171125214103,False,0.6987573215904477,False,0.21099496947190213,False
88.68294838518952,25.110048174143817,0.43019806963812013,-1.2534433908161906,False,0.33469452975829656,False,0.19987053698032797,False
88.73294838518952,25.110048174143817,0.3763784044975026,-0.49518958253917966,False,-0.052347140997394175,False,0.11330377428223717,False
88.78294838518953,25.110048174143817,0.38019394952047203,0.019187136194074528,False,-0.16811063966723705,False,0.033796387026169106,False
88.83294838518952,25.110048174143817,0.3461922989197902,0.3277553770602617,False,0.2753549997726751,False,-0.0010242083765429275,False
88.88294838518952,25.110048174143817,0.3059927896640519,0.45505311956121686,False,0.5544648764202516,False,0.04283044287350353,False
88.93294838518952,25.110048174143817,0.3235205036986484,0.3226060174931321,False,0.40202638530789364,False,0.07865912642580059,False
88.98294838518952,25.110048174143817,0.33690806651708355,0.19810007288922038,False,0.3595447056701401,False,0.10986939016776118,False
89.03294838518953,25.110048174143817,0.3878988630311481,-0.029893626891214775,False,0.47384860370435977,False,0.15146310154089798,False
89.08294838518952,25.110048174143817,0.44627132472900133,-0.334811949553421,False,0.602752079637128,False,0.1425219646239563,False
89.13294838518952,25.110048174143817,0.5136172657205945,-0.14641642294908042,False,0.7676218162821509,False,0.15547323209109978,False
89.18294838518952,25.110048174143817,0.47281239828330196,0.14734217005495878,False,0.6808001898375422,False,0.1495105346843501,False
89.23294838518952,25.110048174143817,0.3062233555621469,0.12548529174565554,False,0.5479813760260728,False,0.07302736259931368,False
89.28294838518953,25.110048174143817,0.3808874137140416,-0.03390469089417247,False,0.46233229408186827,False,-0.06349227001435856,False
89.33294838518952,25.110048174143817,0.5517361109146464,-0.11819973271560427,False,0.6159885005839014,False,-0.18791249000780166,False
89.38294838518952,25.110048174143817,0.6664037348062735,-0.03014167589558407,False,0.5228555599250913,False,-0.11934103235971985,False
89.43294838518952,25.110048174143817,0.7277438852156868,0.6112034955154904,False,-0.1696939250965312,False,-0.151316931802988,False
89.48294838518952,25.110048174143817,0.6769375762252332,0.6352084930621474,False,-0.12748341941467972,False,-0.15743437554909306,False
89.53294838518953,25.110048174143817,0.47964609692268423,0.19315446904530417,False,-0.17043416870027442,False,-0.18155347667091082,False
89.58294838518952,25.110048174143817,0.29185990735813977,0.12666083894903488,False,-0.030833194759888966,False,-0.2364554388685949,False
89.63294838518952,25.110048174143817,0.27260344629005623,0.07902076429518588,False,0.03560744093679161,False,-0.3342041526577363,False
89.73294838518952,25.110048174143817,0.3223243120670914,0.4481835826099754,False,-0.2180003960764211,False,-0.2719960032500654,False
89.78294838518953,25.110048174143817,0.35430909877432143,0.7900051267011837,False,-0.10213409379739807,False,-0.20292499056660634,False
89.83294838518952,25.110048174143817,0.48878721372478035,1.3270074745731344,False,0.186175730585696,False,-0.19211542701222384,False
89.88294838518952,25.110048174143817,0.5850879611862692,1.7105328311550285,False,0.5914633622889922,False,-0.14149726512299846,False
89.93294838518952,25.110048174143817,0.6096967629546989,0.22500191970303798,False,1.5129776332361287,True,-0.10742649856107181,False
89.98294838518952,25.110048174143817,0.5506129590552545,-0.46885423857649283,False,1.9045333828611233,True,-0.07844268820056752,False
90.03294838518953,25.110048174143817,0.39029332775694503,-0.37668406498201057,False,1.3745462098650418,False,-0.06964532856311298,False
90.08294838518952,25.110048174143817,0.2620219271324321,-0.33431161694159495,False,0.8474270183120728,False,-0.11165795331379887,False
90.13294838518952,25.110048174143817,0.25821201530976007,-0.5000920369138117,False,0.6626102648494726,False,-0.1318853101027497,False
90.18294838518952,25.110048174143817,0.4083222034975249,-0.641999933537172,False,0.7790388145138577,False,-0.07221664357411954,False
90.23294838518952,25.110048174143817,0.5428681320389263,-0.7719966696802525,False,1.0640803588767658,False,0.031432804640718966,False
90.28294838518951,25.110048174143817,0.6101667095412121,-0.7936983310758828,False,1.4675716004506392,False,0.0894515972021607,False
90.33294838518952,25.110048174143817,0.6481862339804814,-0.4891356591911905,False,1.9984402029592871,False,-0.0025105739038392694,False
90.38294838518952,25.110048174143817,0.66756423716198,-0.5710393220259282,False,2.921985172682282,False,-0.20399567431240995,False
90.43294838518952,25.110048174143817,0.6590991376551716,-0.7858333586268059,False,3.5856616403457933,True,-0.40898601211931274,False
90.48294838518952,25.110048174143817,0.625138757182362,-0.7403097581613318,False,3.504739731332497,True,-0.46524933800389123,False
90.53294838518951,25.110048174143817,0.5764502119273276,-0.6285351178224177,False,2.498343941755045,False,-0.37324633960694886,False
90.58294838518952,25.110048174143817,0.5468074977306633,-0.556014100781572,False,1.9558968912154568,False,-0.32523767005525367,False
90.63294838518952,25.110048174143817,0.5617476829240353,-0.3606260426482675,False,1.9462371115338677,False,-0.37412556835295285,False
90.68294838518952,25.110048174143817,0.6215667986680997,-0.14205986455398534,False,1.973788132874504,True,-0.503443761076432,False
90.73294838518952,25.110048174143817,0.7158653684331718,-0.1498258300365728,False,1.9270367960893033,True,-0.6248695698815586,False
90.78294838518951,25.110048174143817,0.8110127085834931,-0.741618171071233,False,1.663972329631199,True,-0.6170502378827054,False
90.83294838518952,25.110048174143817,0.8729275689096496,-2.0137537159553105,True,1.2272828655738721,True,-0.523567659864455,False
90.88294838518952,25.110048174143817,0.8916013713376596,-2.530162473139711,True,1.0106123856538465,True,-0.5346465083912185,False
90.93294838518952,25.110048174143817,0.8842659722050908,-2.1956747922860944,True,1.0474983689596837,True,-0.34231850693335175,False
90.98294838518952,25.110048174143817,0.8552284917464242,-1.1472331015755133,False,1.1152082784499233,True,-0.029867377241948767,False
91.03294838518951,25.110048174143817,0.7970829004546907,-0.20443892088475463,False,0.9870846925170623,True,0.10513461627901333,False
91.08294838518952,25.110048174143817,0.7311191760303432,0.38272972112497505,False,0.8185009417073333,True,0.2982062622967936,False
91.18294838518952,25.110048174143817,0.8069456640277559,1.30905848519821,True,1.0368093211544989,True,0.11866377329222498,False
91.23294838518952,25.110048174143817,0.8641651615482868,2.6228612145954413,True,1.3125579498825828,True,-0.10923774526143257,False
91.28294838518951,25.110048174143817,0.8922833297106441,3.206016382722785,True,1.4552221022979088,True,-0.24226647198327578,False
91.33294838518952,25.110048174143817,0.8980075704447639,2.8118919130470825,True,1.5747716065541433,True,-0.3497137810162052,False
91.38294838518952,25.110048174143817,0.8930746131933608,2.7060734351881157,False,1.6938517881265371,True,-0.4077367463663198,False
91.43294838518952,25.110048174143817,0.8925581651944541,2.6175717242026773,False,1.8053332314004702,True,-0.4348384798778198,False
91.48294838518952,25.110048174143817,0.897114616451304,2.2527140591332446,False,1.9838726986506643,True,-0.4405629300606813,False
91.53294838518951,25.110048174143817,0.8965058214676946,1.5879411942150181,False,2.0227897709352405,True,-0.484222042582616,False
91.58294838518952,25.110048174143817,0.8754280767360266,0.7124957036389316,False,1.8237203650521805,True,-0.5718927072163551,True
91.63294838518952,25.110048174143817,0.8271516465447846,0.17799260584311344,False,1.4651289705194679,True,-0.6486166425425726,True
91.68294838518952,25.110048174143817,0.7725987731907188,0.18890553742926752,False,1.0836945777181386,False,-0.6543213136291273,False
91.73294838518952,25.110048174143817,0.7333983952162424,0.5774406399666003,False,0.8555161168250826,False,-0.5903180652941953,False
91.78294838518951,25.110048174143817,0.7034657797275771,1.0815509459753425,False,0.8067270651017824,False,-0.5146225685820986,False
91.83294838518952,25.110048174143817,0.6809527956158313,1.5536533078332415,False,0.7661902834896971,False,-0.48368306084781526,True
91.88294838518952,25.110048174143817,0.6739841588091615,1.9977798846221144,False,0.6313041549917201,False,-0.4991063363102288,True
91.93294838518952,25.110048174143817,0.6761825831500758,2.3086710669967028,False,0.452595235635577,False,-0.5429793843242979,True
91.98294838518952,25.110048174143817,0.6665213188711411,2.0139728940900095,False,0.48875948073477427,False,-0.5582602726269973,True
92.03294838518951,25.110048174143817,0.6433818138998307,1.5835570166126858,False,0.6793474679708731,False,-0.5191755203255929,True
92.08294838518952,25.110048174143817,0.6292888357376739,1.5581008440536084,False,0.8207790002193855,False,-0.4091552058597894,False
92.13294838518952,25.110048174143817,0.6546560813868272,1.7633405827691906,False,0.9579234376422591,False,-0.18250654578463982,False
92.18294838518952,25.110048174143817,0.699638645241301,2.003801224564428,False,1.211824500613869,True,0.007589436001339711,False
92.23294838518952,25.110048174143817,0.7346790768652673,2.0477526492273594,False,1.6081423970480635,True,-0.00037421453743220756,False
88.48294838518952,25.060048174143816,0.7056020930129348,-2.580253019625432,True,2.8108733043012997,True,-0.34562482753612356,False
88.53294838518953,25.060048174143816,0.6762749447093894,-2.479682197976807,True,2.118250347514645,True,-0.25985159304683314,False
88.58294838518952,25.060048174143816,0.6323239137695066,-2.2596695169514636,True,1.4075227493744884,False,-0.09657436329761238,False
88.63294838518952,25.060048174143816,0.5697345173221685,-1.6652238214712796,False,0.6410956750369587,False,0.14061930905445152,False
88.68294838518952,25.060048174143816,0.486786792706904,-1.0271022312407163,False,0.168928669187745,False,0.21142473810378876,False
88.73294838518952,25.060048174143816,0.39719875625577644,-0.17872941966469102,False,-0.14278433389928394,False,0.1464855023118015,False
88.78294838518953,25.060048174143816,0.36850088939722964,0.5053805875734972,False,-0.030117959017451096,False,0.08141798904020581,False
88.83294838518952,25.060048174143816,0.3400266451006935,0.7315076210757235,False,0.5792838898699384,False,0.02803875632171295,False
88.88294838518952,25.060048174143816,0.2687400237322281,0.15382940641975296,False,0.5913324965231634,False,-0.013710168182409263,False
88.93294838518952,25.060048174143816,0.21584635669361033,-0.11108935670157605,False,0.4904505412775948,False,0.009606678622513264,False
88.98294838518952,25.060048174143816,0.19836272493857346,-0.1546576387605597,False,0.36555094924245524,False,0.04106537976221448,False
89.03294838518953,25.060048174143816,0.23239349914513482,-0.2694792139390294,False,0.2706277928548038,False,0.060043518041689045,False
89.08294838518952,25.060048174143816,0.3128733221627138,-0.13346087808154683,False,0.42530097344188145,False,0.09489446908053156,False
89.13294838518952,25.060048174143816,0.36453198156595135,0.3462843498803491,False,0.6675237704361352,False,0.10808823721483936,False
89.18294838518952,25.060048174143816,0.2712995387259616,0.37038769612408456,False,0.6708067054065515,False,0.04811210262959836,False
89.23294838518952,25.060048174143816,0.07131003054170079,0.07667134762317147,False,0.5252184448870474,False,-0.050441436314611746,False
89.28294838518953,25.060048174143816,0.12490050609995594,-0.23085156262286516,False,0.3430753841273002,False,-0.21886936779565097,False
89.33294838518952,25.060048174143816,0.3807356809157202,-0.4758791591590664,False,0.11290989172946111,False,-0.3106213108697072,False
89.38294838518952,25.060048174143816,0.5599803729300927,-0.5180405161046489,False,-0.45258424123635543,False,-0.2483131226771479,False
89.43294838518952,25.060048174143816,0.6586131891722804,-0.21219922391058188,False,-0.9296702513925769,False,-0.21703497693197396,False
89.48294838518952,25.060048174143816,0.6307638109694857,-0.07558947066853916,False,-0.7092978540147183,False,-0.1742444165080678,False
89.53294838518953,25.060048174143816,0.4388817801788129,0.061061396136632085,False,-0.3285593224149934,False,-0.2399431563070293,False
89.58294838518952,25.060048174143816,0.2960028056088727,0.17271154785648352,False,-0.016587962678270424,False,-0.2882057342914408,False
89.63294838518952,25.060048174143816,0.30151459045944495,0.17327818907948053,False,0.07627046223527764,False,-0.35383517277940474,False
89.68294838518952,25.060048174143816,0.3343248683264911,0.3024945633454058,False,-0.08909905626226056,False,-0.3269867950648822,False
89.73294838518952,25.060048174143816,0.3228350252827266,0.6977524806277176,False,-0.222204411168646,False,-0.2412961795597547,False
89.78294838518953,25.060048174143816,0.29569202158753133,1.0154791611477432,False,-0.14413357600260585,False,-0.18205870256742807,False
89.83294838518952,25.060048174143816,0.37674143231905266,1.4656010038372353,False,0.04808135323271839,False,-0.17576154620099654,False
89.88294838518952,25.060048174143816,0.5118013883895569,1.8383008744738445,False,0.5721983383024213,False,-0.1501495700445827,False
89.93294838518952,25.060048174143816,0.5908642183810748,0.9707668627478989,False,1.2498767181413066,False,-0.056274401694804715,False
89.98294838518952,25.060048174143816,0.6072344224480829,1.0980121593881083,False,1.111049685062873,False,-0.037942254482312227,False
90.03294838518953,25.060048174143816,0.5448138766671634,1.0806461765652133,False,0.8330384001277058,False,-0.11922306220654649,False
90.08294838518952,25.060048174143816,0.4183021455242838,0.7238209408463789,False,0.7193601332264373,False,-0.2188926860074684,False
90.13294838518952,25.060048174143816,0.3208452122804066,0.4380275946627086,False,0.6792670217396279,False,-0.2225251057150268,False
90.18294838518952,25.060048174143816,0.34764800509318233,0.08107513666634836,False,0.7391475146635396,False,-0.16327270826704768,False
90.23294838518952,25.060048174143816,0.4641333635275886,-0.35047257381236724,False,0.9879188586907548,False,-0.07802555457025698,False
90.28294838518951,25.060048174143816,0.5690704648335954,-0.19674821309518964,False,1.5000792853149894,False,-0.06937291910027142,False
90.33294838518952,25.060048174143816,0.6225841416127409,0.45937168527976474,False,2.2211415187916166,False,-0.10668381073843738,False
90.38294838518952,25.060048174143816,0.6470364602662779,0.266491047900757,False,2.717804007657236,False,-0.17774528980393833,False
90.43294838518952,25.060048174143816,0.6401364787610165,-0.35114005856013,False,2.742978329437586,False,-0.29279629287581743,False
90.48294838518952,25.060048174143816,0.5956509433762635,-0.7378370975926769,False,2.3496443050087508,False,-0.3509485120635244,False
90.53294838518951,25.060048174143816,0.55689132763907,-0.7663567470916065,False,1.8454426025034603,False,-0.30762147756965513,False
90.58294838518952,25.060048174143816,0.5534523636982542,-0.5795726277151626,False,1.9598078410504791,False,-0.27155768013666814,False
90.63294838518952,25.060048174143816,0.5759596983044568,-0.33406172702269377,False,2.126051401901784,False,-0.2897675600776488,False
90.68294838518952,25.060048174143816,0.6287026784665545,-0.08506948750404308,False,2.0699340171204494,True,-0.42673074652504833,False
90.73294838518952,25.060048174143816,0.6967262825953404,0.24278393794910658,False,1.9646071677116597,True,-0.6877512648107985,False
90.78294838518951,25.060048174143816,0.7843692834279451,0.07365652186128846,False,1.8086956224492845,True,-0.8118796105128288,False
90.83294838518952,25.060048174143816,0.8578994171348042,-1.1696476089783483,False,1.3322237708961944,True,-0.6795819661319291,False
90.88294838518952,25.060048174143816,0.896050305898254,-2.288557902113062,True,0.9189801452514768,True,-0.6101369977361839,False
90.93294838518952,25.060048174143816,0.8822415549957325,-2.0991258468581417,True,0.8837744307113098,True,-0.3991456678554149,False
90.98294838518952,25.060048174143816,0.8332056763459461,-1.407045928295934,True,0.9730038042174245,True,-0.05425480726232068,False
91.03294838518951,25.060048174143816,0.7274758573198812,-0.35705876563787714,False,0.8565061876012647,True,0.17428036121658408,False
91.08294838518952,25.060048174143816,0.5875151568214616,0.2969805613624066,False,0.5671214392465765,True,0.3010216632356889,False
91.13294838518952,25.060048174143816,0.6179953073716993,0.6132480606616002,False,0.5920998038833221,True,0.5032935732631919,False
91.18294838518952,25.060048174143816,0.7483528710951173,1.1900410110786188,False,0.8731885773865999,True,0.41297388607574714,False
91.23294838518952,25.060048174143816,0.8360343149828728,2.038155299585532,True,1.2151039779582962,True,0.15900726989815195,False
91.28294838518951,25.060048174143816,0.8765702034418341,1.679817107876456,False,1.4400955273635123,True,-0.14321764018750222,False
91.33294838518952,25.060048174143816,0.8827373443158958,1.263561464860281,False,1.6946803471303795,True,-0.32301289673958844,False
91.38294838518952,25.060048174143816,0.8816836731178664,1.4898955067055124,False,1.8589378241879302,True,-0.3863715824160323,False
91.43294838518952,25.060048174143816,0.8871417062277263,1.6684372038471018,False,1.9847256059331608,True,-0.4234841245850516,False
91.48294838518952,25.060048174143816,0.9008767366112479,1.5503752406111242,False,2.074075912719688,True,-0.4308714652993332,False
91.53294838518951,25.060048174143816,0.9082024088573821,1.2067024158961854,False,2.049667223032383,True,-0.4347645208907681,False
91.58294838518952,25.060048174143816,0.8885818587182444,0.7158120538760753,False,1.943895399726415,True,-0.4613955246444359,False
91.63294838518952,25.060048174143816,0.8321723070080642,0.3938904180948364,False,1.5480096082144792,True,-0.5546521427054191,False
91.68294838518952,25.060048174143816,0.7614634844104322,0.5514956868102454,False,1.0118166112077853,False,-0.6144721236007817,False
91.73294838518952,25.060048174143816,0.7190199057251293,0.828570768053849,False,0.7760872056417834,False,-0.5550095900485472,False
91.78294838518951,25.060048174143816,0.6790516133897804,1.1500064446437812,False,0.7717829569403376,False,-0.49627687705691964,False
91.83294838518952,25.060048174143816,0.6599691775391723,1.4842826552893182,False,0.8548725972507931,False,-0.44450898019497953,False
91.88294838518952,25.060048174143816,0.6778510004214308,1.7753665303144692,False,0.8831436232092995,True,-0.43404280425312336,False
91.93294838518952,25.060048174143816,0.7112785319724855,2.010694580351704,False,0.8327739613171755,False,-0.45619640940400175,True
91.98294838518952,25.060048174143816,0.7198623967563712,1.710217362232398,False,0.8997999430152948,False,-0.4652876265241096,True
92.03294838518951,25.060048174143816,0.6924048495258921,1.227693708516487,False,1.0833927126411824,True,-0.4015703553964498,False
92.08294838518952,25.060048174143816,0.6611299992693341,1.2285651293655213,False,1.2189019304955377,True,-0.16974217553388948,False
92.13294838518952,25.060048174143816,0.6679830386379982,1.5766221986072813,False,1.3332254850125087,True,0.19001974034033858,False
92.18294838518952,25.060048174143816,0.7290140040520995,1.766956795010299,False,1.58759302779278,True,0.2770090030495438,False
92.23294838518952,25.060048174143816,0.752480102360076,1.7920229330130013,False,1.9870076098597473,True,0.11794466024535047,False
92.28294838518951,25.060048174143816,0.7569267322322878,1.5144821352501256,False,2.3046620781531413,True,-0.010933417322698154,False
92.33294838518952,25.060048174143816,0.744831599992458,1.300405153559828,False,2.3529775403343045,True,-0.07364443237395527,False
88.43294838518952,25.01004817414381,0.752940065485429,-1.9269381610294132,False,3.8792453833186262,True,-0.4170114378930743,False
88.48294838518952,25.01004817414381,0.7224161988260936,-2.2284426813151224,True,3.0915129190613557,True,-0.4120881480574181,False
88.53294838518953,25.01004817414381,0.6884515810210874,-2.3347916149387733,True,2.296472543316641,True,-0.4611921360800767,False
88.58294838518952,25.01004817414381,0.6466682550357898,-2.1682250625188084,True,1.329083095127014,False,-0.3881179903433368,False
88.63294838518952,25.01004817414381,0.6069967883516759,-1.720463951627211,False,0.38180770067880776,False,-0.15298533362556854,False
88.68294838518952,25.01004817414381,0.5393445761403042,-1.0196429602342674,False,-0.025438816630131283,False,0.09623879655618076,False
88.73294838518952,25.01004817414381,0.3450254941165305,0.0003419116212766138,False,-0.12152589029111818,False,0.12513361068520681,False
88.78294838518953,25.01004817414381,0.33796043179464025,0.6481977576019431,False,0.1740045374511683,False,0.09793430602303232,False
88.83294838518952,25.01004817414381,0.3535251199457929,0.28458915335571006,False,0.3607209150360311,False,0.041484294915862495,False
88.88294838518952,25.01004817414381,0.28942970000346585,-0.30928436363002304,False,0.5441931524411788,False,-0.0479836117900262,False
88.93294838518952,25.01004817414381,0.2481630903760537,-0.36278123886223385,False,0.7255537556739382,False,-0.041340180350118313,False
88.98294838518952,25.01004817414381,0.2871696519962757,-0.31546672858792935,False,0.6337815381302815,False,0.018365921324961267,False
89.03294838518953,25.01004817414381,0.33674394489479076,-0.18206136239294593,False,0.5329846057626212,False,0.05768170436507329,False
89.08294838518952,25.01004817414381,0.36120862957862815,0.2163120105474785,False,0.6350335813001668,False,0.07430710391975814,False
89.13294838518952,25.01004817414381,0.31984478034311614,0.5425590608788413,False,0.6693255233895209,False,0.007952612259165767,False
89.18294838518952,25.01004817414381,0.12477664288633891,0.2500793132361162,False,0.530949831918653,False,-0.09594591690818657,False
89.23294838518952,25.01004817414381,-0.1310159717586869,-0.04805949628031422,False,0.45018355891166795,False,-0.17621898797172686,False
89.28294838518953,25.01004817414381,-0.008876349778964005,-0.22595671628076075,False,0.35746234900733065,False,-0.21230048825604675,False
89.33294838518952,25.01004817414381,0.2980348074070426,-0.5252006143432779,False,-0.16910493591746228,False,-0.16589188768495383,False
89.38294838518952,25.01004817414381,0.46619122763917337,-0.7905238820435486,False,-1.0573152330058375,False,-0.08491468075396857,False
89.43294838518952,25.01004817414381,0.5625810072821237,-0.6050523848616924,False,-1.389265920713589,True,-0.04415421044786108,False
89.48294838518952,25.01004817414381,0.5697600621528338,-0.2890034068769348,False,-1.010464652774806,False,-0.06560072459953563,False
89.53294838518953,25.01004817414381,0.4223903779385942,0.011016576948986168,False,-0.3971180180333237,False,-0.21040186329268937,False
89.58294838518952,25.01004817414381,0.3394562493911601,0.1506541057566832,False,-0.025656048452825084,False,-0.3022683045347769,False
89.68294838518952,25.01004817414381,0.3559034397553206,0.39817162429605707,False,-0.01591311571226156,False,-0.32130707920752544,False
89.73294838518952,25.01004817414381,0.27730987045558175,0.8381728070166679,False,-0.12690153626514047,False,-0.23443287229418996,False
89.78294838518953,25.01004817414381,0.1577768018377192,0.9918072703520744,False,-0.11219886456470518,False,-0.19582357408952764,False
89.83294838518952,25.01004817414381,0.2056023410226068,0.8217519932847397,False,-0.008693842305034331,False,-0.14742652803822096,False
89.88294838518952,25.01004817414381,0.32300837117861503,0.5049694329894487,False,0.40465159779188287,False,-0.05124280228569478,False
89.93294838518952,25.01004817414381,0.4649206693639431,0.3944597779956843,False,0.8210838539181472,False,0.04474277266569814,False
89.98294838518952,25.01004817414381,0.562526025247404,1.3358452615585195,False,0.5605223547440623,False,0.04105176042276851,False
90.03294838518953,25.01004817414381,0.5767776042258265,1.9063244802448727,False,0.34827685590583235,False,-0.07564323130894784,False
90.08294838518952,25.01004817414381,0.5205475213748647,1.3660707929163907,False,0.4853316908472543,False,-0.18762603709138695,False
90.13294838518952,25.01004817414381,0.47930922158024836,0.21651362288658316,False,0.9451017797502116,False,-0.265126376236046,False
90.18294838518952,25.01004817414381,0.492931820389388,-0.18581811189816722,False,1.3171945840591905,False,-0.2860635125997793,False
90.23294838518952,25.01004817414381,0.49675947520719815,-0.19928646223748447,False,1.461333271311628,False,-0.20233842134356522,False
90.28294838518951,25.01004817414381,0.5275688874864629,0.4774731091716925,False,1.6084430350466605,False,-0.15144917023759133,False
90.33294838518952,25.01004817414381,0.5510950729301688,1.3079148880397071,False,1.6068573967361965,False,-0.07624740199223984,False
90.38294838518952,25.01004817414381,0.5051848854275757,1.4042141578841267,False,1.0118976383552223,False,0.009934313413869217,False
90.43294838518952,25.01004817414381,0.4358731451282863,0.8250388268493284,False,0.45512047194873695,False,0.01674292449329859,False
90.48294838518952,25.01004817414381,0.3787555220115891,-0.039684484000283266,False,0.8096628644869215,False,-0.08226568144614967,False
90.53294838518951,25.01004817414381,0.3328226947089472,-0.6095663822344235,False,1.1861684568244988,False,-0.1499167896077757,False
90.58294838518952,25.01004817414381,0.3807380525293711,-0.5087984807392926,False,1.4637068825020216,False,-0.1483357133216896,False
90.63294838518952,25.01004817414381,0.49430653761238585,-0.22969331623283418,False,2.034105582619035,False,-0.09765792485908942,False
90.68294838518952,25.01004817414381,0.5794415539046374,-0.18175941194880185,False,2.2045069141309384,True,-0.10248744991615022,False
90.73294838518952,25.01004817414381,0.6204719449545031,0.22387028397270115,False,1.8827006235168977,True,-0.35172971432041933,False
90.78294838518951,25.01004817414381,0.6684033956143939,0.38033200189795346,False,1.5795238745847053,True,-0.5264924104753999,False
90.83294838518952,25.01004817414381,0.7556230184044369,-0.31692295970262246,False,1.227229050953312,True,-0.4922909485825283,False
90.88294838518952,25.01004817414381,0.836803850783568,-1.326513523154152,False,0.8192845762415513,True,-0.43096886510301663,False
90.93294838518952,25.01004817414381,0.8499212023458778,-1.5206711446964516,False,0.6708194164881236,True,-0.300352608471828,False
90.98294838518952,25.01004817414381,0.796020848879642,-1.11245824466381,False,0.7183984882653938,True,-0.04558019251114925,False
91.03294838518951,25.01004817414381,0.7038161982360914,-0.43064855299139326,False,0.7206007478874097,True,0.1622658195906005,False
91.08294838518952,25.01004817414381,0.5886250689354894,0.2759425741508007,False,0.4759259382625396,False,0.1236244103928544,False
91.13294838518952,25.01004817414381,0.4959431976804102,0.588558954096945,False,0.34158124672815815,False,0.1720605019961953,False
91.18294838518952,25.01004817414381,0.5861495930203873,0.7976797956666501,False,0.5542465167186581,True,0.39665272732198154,False
91.23294838518952,25.01004817414381,0.7234489667599326,0.7532343042918019,False,0.8874070691910253,True,0.31287347325165504,False
91.28294838518951,25.01004817414381,0.7769510421417317,-0.1171913623705576,False,1.1839762147951578,True,-0.06094838630308275,False
91.33294838518952,25.01004817414381,0.7907412184268052,-0.34093794047312664,False,1.628028981945811,True,-0.2156645752202087,False
91.38294838518952,25.01004817414381,0.816729310882386,-0.12429858452870945,False,2.049114570683777,True,-0.24780635596452105,False
91.43294838518952,25.01004817414381,0.8591617757117139,0.12039210287359903,False,2.0613060262999676,True,-0.2842602711245967,False
91.48294838518952,25.01004817414381,0.8970616302111067,0.15216324806203962,False,2.0125281448580186,True,-0.25346363241566,False
91.53294838518951,25.01004817414381,0.9143899424474008,0.12299404840810757,False,2.0649476126013355,True,-0.2786611137675646,False
91.58294838518952,25.01004817414381,0.8923120644946511,0.15029627468856788,False,2.0290307457386394,True,-0.3225176086310646,False
91.63294838518952,25.01004817414381,0.8198786889322937,0.1515225805810705,False,1.577723272725819,True,-0.4569367969421072,False
91.68294838518952,25.01004817414381,0.702348834905412,0.48918022265040645,False,0.987867801683026,False,-0.4957723607436474,False
91.73294838518952,25.01004817414381,0.634726545454291,0.7002157905438557,False,0.720954921043671,False,-0.4590326131764708,False
91.78294838518951,25.01004817414381,0.5652522405660444,0.8912659132194272,False,0.6938651109678338,False,-0.4158196346240621,False
91.83294838518952,25.01004817414381,0.5639743227723649,1.3322716323951946,False,0.835609445258408,True,-0.3727637701474013,False
91.88294838518952,25.01004817414381,0.6300167074890471,1.8628728062089102,False,1.0208624858021464,True,-0.4045298787489897,False
91.93294838518952,25.01004817414381,0.6987365205718676,1.9813098842616972,False,1.167599269083633,True,-0.39444524460577723,False
91.98294838518952,25.01004817414381,0.7404125947922401,1.612948182547954,False,1.3207662830849538,True,-0.34440706287450207,False
92.03294838518951,25.01004817414381,0.749818586726517,1.1599370681355183,False,1.537438020062313,True,-0.15710436127172628,False
92.08294838518952,25.01004817414381,0.712037603176495,0.8894279619516336,False,1.5848930335327345,True,0.4545126856253325,False
92.13294838518952,25.01004817414381,0.7232359213750171,1.1023547313293132,False,1.595149430569292,True,0.7325406114221404,False
92.18294838518952,25.01004817414381,0.749158665560586,1.3570612240644504,False,1.8455392046930859,True,0.5569074727997926,False
92.23294838518952,25.01004817414381,0.7699298110075624,0.7346075743893299,False,2.3230833251941716,True,0.2330903119240212,False
92.28294838518951,25.01004817414381,0.7529591547331521,0.6682165285140853,False,2.3695631166679454,True,0.029723110699765527,False
92.33294838518952,25.01004817414381,0.7294756928925823,0.6476190944435043,False,2.265726844341139,True,-0.03141889250932585,False
92.38294838518952,25.01004817414381,0.7142785632122834,0.578806362155462,False,2.1859842248320556,True,-0.044367614749505874,False
92.43294838518952,25.01004817414381,0.6972234272717097,0.4645543755695857,False,2.1863062830554707,True,-0.01986492358228839,False
88.43294838518952,24.96004817414381,0.7628836471026751,-1.4808230178213837,False,4.175247906154553,True,-0.40646085678883953,False
88.48294838518952,24.96004817414381,0.7190422914980404,-1.684803906396915,False,3.6550047366479514,True,-0.46897948756178187,False
88.53294838518953,24.96004817414381,0.681322842136031,-1.9997388202903137,True,2.368393706648459,True,-0.49006733109515155,False
88.58294838518952,24.96004817414381,0.6657797191963128,-1.9267733377574139,True,0.9654710572300258,False,-0.4818728829729456,False
88.63294838518952,24.96004817414381,0.6409577162166274,-1.510855626712806,False,-0.007381765566434967,False,-0.25644813570037966,False
88.68294838518952,24.96004817414381,0.5383958316308963,-0.4491533222263344,False,0.2972817046011281,False,0.13764263950306085,False
88.73294838518952,24.96004817414381,0.3392177043169882,0.5592670195622638,False,0.7938093525682788,False,0.26885088065476925,False
88.78294838518953,24.96004817414381,0.43414771610235675,0.9004412122658196,False,0.8489638349607491,False,0.18865393663566182,False
88.83294838518952,24.96004817414381,0.557687349262255,0.8767446212650817,False,1.0393023023823167,False,0.09491753339554979,False
88.88294838518952,24.96004817414381,0.5742151551319227,0.3091664887173671,False,1.1304578249732966,False,0.02213060604095079,False
88.93294838518952,24.96004817414381,0.4605149438420916,-0.21427743323455167,False,1.1495887548557073,False,-0.04194252515006674,False
88.98294838518952,24.96004817414381,0.37446869537205,-0.5500966531898336,False,0.877443566548924,False,-0.046753136992512656,False
89.03294838518953,24.96004817414381,0.41290541584683227,-0.5388771519672308,False,0.6564963558094183,False,-0.012230971841693652,False
89.08294838518952,24.96004817414381,0.3922575077390252,-0.28924134011330654,False,0.5793487337562532,False,-0.01258155689903559,False
89.13294838518952,24.96004817414381,0.24719801983409578,-0.05917271166421234,False,0.4546250583200894,False,-0.10561347326605657,False
89.18294838518952,24.96004817414381,-0.008105628130965591,-0.11374662783829598,False,0.29901609876594604,False,-0.15390745883629248,False
89.23294838518952,24.96004817414381,-0.011119135037931018,-0.25273743683577,False,0.22318203695623426,False,-0.11171663485906425,False
89.28294838518953,24.96004817414381,0.2201896069705443,-0.3775259019500865,False,0.03415914667961775,False,0.02426933076258861,False
89.33294838518952,24.96004817414381,0.3460022475460602,-0.8922114341127787,False,-0.8616261615099916,False,0.13788357516645555,False
89.38294838518952,24.96004817414381,0.451841410248096,-1.3047843743418484,False,-1.5707242641923544,False,0.25977835935279614,False
89.43294838518952,24.96004817414381,0.5649233357217397,-0.8221356609297401,False,-1.8478122933422485,True,0.21092647563498113,False
89.48294838518952,24.96004817414381,0.5828047850250446,-0.4114973150549839,False,-1.3968929815247795,True,0.14669351822896867,False
89.53294838518953,24.96004817414381,0.48723710407602117,0.03735823387822279,False,-0.5438829704583493,False,-0.07736077184937266,False
89.58294838518952,24.96004817414381,0.41145577667565364,0.17303576450877045,False,-0.04399397674137979,False,-0.325405414118226,False
89.68294838518952,24.96004817414381,0.3982492250680954,0.46559108098148383,False,0.11127672710282961,False,-0.3752579476850727,False
89.73294838518952,24.96004817414381,0.22991471849366607,0.8134082065305029,False,0.061997026110865924,False,-0.26139076508764236,False
89.78294838518953,24.96004817414381,0.012929604082611311,0.6140632916472124,False,0.05120018297201626,False,-0.16974002489848436,False
89.83294838518952,24.96004817414381,0.05753916939652794,0.28289964027698944,False,0.0717998496442792,False,-0.12620771590343965,False
89.88294838518952,24.96004817414381,0.13667515034701158,-0.06283837829008458,False,0.29818242694265623,False,-0.026818635327303164,False
89.93294838518952,24.96004817414381,0.26653070124582,0.10143312559255277,False,0.4011732790741228,False,0.1035543502345567,False
89.98294838518952,24.96004817414381,0.41396902571060895,0.8182839278894675,False,0.3252293493219377,False,0.12988544231426308,False
90.03294838518953,24.96004817414381,0.4925636620508246,1.298245743330892,False,0.30895091515517575,False,0.03900107724418414,False
90.08294838518952,24.96004817414381,0.49003793245262206,0.6385338670789878,False,0.5973723770069261,False,-0.08619467483643696,False
90.13294838518952,24.96004817414381,0.4935995482627652,-0.6580278370294868,False,1.0946111264784393,False,-0.19937876894684337,False
90.18294838518952,24.96004817414381,0.5263971251300062,-0.998400136710534,False,1.3737800824125572,False,-0.25067632549809155,False
90.23294838518952,24.96004817414381,0.5416973195108894,-0.7161294738684739,False,1.5383698900538556,False,-0.2823769778884494,False
90.28294838518951,24.96004817414381,0.5731929257471702,0.16181420682501874,False,1.4565744113196784,False,-0.18313192159546854,False
90.33294838518952,24.96004817414381,0.6093149011565054,1.3888817089879342,False,1.3257898714424141,False,-0.04052570557074309,False
90.38294838518952,24.96004817414381,0.5581061332448141,1.7255352315840897,False,1.0466635390650016,False,0.05753932504931453,False
90.43294838518952,24.96004817414381,0.4433214488218043,1.3570577997539102,False,0.7186651009918635,False,0.07756704505128195,False
90.48294838518952,24.96004817414381,0.32403611835683405,0.608872772541145,False,0.7668506545120447,False,0.037132800728168526,False
90.53294838518951,24.96004817414381,0.23692386694530565,-0.36470967659064457,False,1.2437284982033772,False,-0.048965139979164934,False
90.58294838518952,24.96004817414381,0.29565411386784296,-0.4040764156163255,False,1.3120955694970184,False,-0.05448092975400276,False
90.63294838518952,24.96004817414381,0.46887196956717997,-0.11278964210319153,False,1.6066404082729246,False,0.025420664279969862,False
90.68294838518952,24.96004817414381,0.579353467235281,-0.06650637885661737,False,1.947842469069423,False,0.11660957394435523,False
90.73294838518952,24.96004817414381,0.610639484448844,0.15098060124315704,False,1.752958304791316,False,0.07638731394720305,False
90.78294838518951,24.96004817414381,0.5686056176007064,0.6206413546933759,False,1.1361512818935766,False,-0.07396510612047258,False
90.83294838518952,24.96004817414381,0.5817000976306347,0.09970842494228199,False,0.9539833322093869,True,-0.14206837828528193,False
90.88294838518952,24.96004817414381,0.7124610124202237,-0.6606825855230823,False,0.7218373153557914,True,-0.19413448833695834,False
90.93294838518952,24.96004817414381,0.8050928841957027,-1.0206053524509395,False,0.6068637898247391,True,-0.18589672217016584,False
90.98294838518952,24.96004817414381,0.8186301768967844,-0.7499946533856583,False,0.6800939892810776,True,-0.04220833119613043,False
91.03294838518951,24.96004817414381,0.7985541101820007,-0.2560082876746826,False,0.7531422507612872,True,0.08225116622061077,False
91.08294838518952,24.96004817414381,0.7565631394811991,0.35155618473548317,False,0.6484986104109174,True,0.013019073765527009,False
91.13294838518952,24.96004817414381,0.6578098026308941,0.7406991231868897,False,0.4212565694056117,False,-0.014523088057705524,False
91.18294838518952,24.96004817414381,0.5071418166159306,0.5792473911143494,False,0.4235245326446402,False,0.20429978743197605,False
91.23294838518952,24.96004817414381,0.5177299972432381,0.05080220977478078,False,0.5883831264714007,False,0.2792818324482815,False
91.28294838518951,24.96004817414381,0.579962659226368,-0.48790568375926163,False,0.8083591060633172,True,0.17341669947233024,False
91.33294838518952,24.96004817414381,0.6053916320401763,-0.770172255524422,False,1.1168234960160355,True,0.04667933894601595,False
91.38294838518952,24.96004817414381,0.6928757602031672,-0.8558263412559111,False,1.5730440393681928,True,-0.027401731473071567,False
91.43294838518952,24.96004817414381,0.8206088443283741,-0.965655077833868,False,1.7080583134947402,True,-0.04557810830803033,False
91.48294838518952,24.96004817414381,0.8956260145761722,-1.133148752634826,False,1.7807313516244925,True,-0.053285156367152475,False
91.53294838518951,24.96004817414381,0.9134986106282024,-1.2441186853862591,False,1.8414342256364968,True,-0.08132771119196758,False
91.58294838518952,24.96004817414381,0.8874046549889544,-0.9746907080413831,False,1.8501848587836038,True,-0.1798054671144626,False
91.63294838518952,24.96004817414381,0.7813873385474204,-0.7619051969312101,False,1.435368386666823,True,-0.3414203073910128,False
91.68294838518952,24.96004817414381,0.5781566069986611,-0.19337308247078958,False,0.9071469509673005,False,-0.36458977591444447,False
91.73294838518952,24.96004817414381,0.4696705661510109,0.2456063223805995,False,0.6350000935717836,False,-0.3635590616895933,False
91.78294838518951,24.96004817414381,0.4429735867087971,0.8066285846327342,False,0.6114577677107529,False,-0.383243861891267,False
91.83294838518952,24.96004817414381,0.4785036923804293,1.3415040843127817,False,0.764893262594977,False,-0.3035305674373855,False
91.88294838518952,24.96004817414381,0.537906769638333,1.6171054089854944,False,0.9509951333626314,True,-0.2695469965012645,False
91.93294838518952,24.96004817414381,0.5943887726849882,1.610602319349271,False,1.1111196198803808,True,-0.2405314348353057,False
91.98294838518952,24.96004817414381,0.6482746097769049,1.2833385038838294,False,1.1832818128068703,True,-0.14068907267975678,False
92.03294838518951,24.96004817414381,0.7036407395285426,0.7265214282796697,False,1.2080045246079554,True,0.23915765883380943,False
92.08294838518952,24.96004817414381,0.7299040282416185,0.10017717259897063,False,1.2248058688396202,True,0.8750450317812075,False
92.13294838518952,24.96004817414381,0.7336577298263789,0.2687063498674048,False,1.4503373452499853,True,0.959806973176375,False
92.18294838518952,24.96004817414381,0.743853038718128,0.4669133806263878,False,1.7726946809853281,True,0.5366237800086266,False
92.23294838518952,24.96004817414381,0.7431634415783079,-0.1621064741714724,False,2.010562351384153,True,0.1699645312994732,False
92.28294838518951,24.96004817414381,0.7236578970571089,-0.035487086681714075,False,2.0137703734299794,True,0.008370791529263136,False
92.33294838518952,24.96004817414381,0.7078296285829877,0.09842580128953626,False,1.9849010393244717,True,-0.032617568757951965,False
92.38294838518952,24.96004817414381,0.691067714735278,0.11380791920043543,False,2.0006686356482124,True,-0.027066167651425527,False
92.43294838518952,24.96004817414381,0.6895436028830916,0.12101354670077613,False,1.9879878426967144,True,-0.023547788678473514,False
88.18294838518952,24.91004817414381,0.5338756554155177,-2.883431057833207,False,0.7237625050781542,False,-0.2825551643346368,False
88.23294838518952,24.91004817414381,0.6159131468785176,-3.155115338147891,True,1.1520780753761035,False,-0.2546775437933433,False
88.33294838518952,24.91004817414381,0.7730995723814791,-2.1812862133837823,False,3.021720661642581,True,-0.08413961193817476,False
88.38294838518952,24.91004817414381,0.7867408946050121,-1.6202972100951212,False,3.8147628239587883,True,-0.15618244057184746,False
88.43294838518952,24.91004817414381,0.7570526331613467,-1.4736910797600256,False,4.316417859481708,True,-0.31829318437557547,False
88.48294838518952,24.91004817414381,0.7092366196490517,-1.638842721914222,False,3.902182861945054,True,-0.3691590827716964,False
88.53294838518953,24.91004817414381,0.6957816415882013,-1.6051722133968886,False,2.9584506202974468,True,-0.4551009197187334,False
88.58294838518952,24.91004817414381,0.7049579458216748,-1.1126762241626411,False,2.008206302167641,False,-0.5023221745163086,False
88.63294838518952,24.91004817414381,0.6859302328031842,0.27100465448125594,False,2.161639221094961,False,-0.15138682092117922,False
88.68294838518952,24.91004817414381,0.5861654893040144,1.205630450503307,False,2.108722730752282,False,0.26542008712311027,False
88.73294838518952,24.91004817414381,0.5644762900597878,1.283096676002078,False,1.9513477057673492,True,0.45644427009593447,False
88.78294838518953,24.91004817414381,0.6812049578281687,1.6533083804269344,False,2.006247415655958,True,0.3138194034869406,False
88.83294838518952,24.91004817414381,0.7653088970212343,1.9964250415833835,False,2.21578794873136,True,0.03689179399410988,False
88.88294838518952,24.91004817414381,0.7840553156079055,1.4338261133319645,False,2.3396589209409933,True,-0.06212348710468092,False
88.93294838518952,24.91004817414381,0.7411055810481084,0.5817292078501498,False,2.352506382502805,True,-0.13913060651277154,False
88.98294838518952,24.91004817414381,0.6315861780476808,-0.04351168168415204,False,1.728491963604563,True,-0.0906688480683566,False
89.03294838518953,24.91004817414381,0.5171524038407267,-0.5012293728728537,False,1.0035799294027408,False,0.027976732486610395,False
89.08294838518952,24.91004817414381,0.41222089728985173,-0.615810606403436,False,0.6941106751232405,False,0.01837347586950533,False
89.13294838518952,24.91004817414381,0.20764020234856312,-0.46512537975002116,False,0.44528032518772276,False,-0.047481468620374175,False
89.18294838518952,24.91004817414381,0.033333639330685644,-0.35286944824445066,False,0.25283816920978863,False,-0.043504110932554685,False
89.23294838518952,24.91004817414381,0.23569768373813077,-0.44190997731206316,False,0.07833347396687333,False,0.10729551454040043,False
89.28294838518953,24.91004817414381,0.32970001015076955,-0.7584355585520242,False,-0.4275048932246061,False,0.2447155997172858,False
89.33294838518952,24.91004817414381,0.3782904253120525,-1.5300213171160444,False,-1.632230854959905,False,0.33943704013439197,False
89.38294838518952,24.91004817414381,0.44798226834401383,-1.7327690754754197,False,-1.7545580316035465,True,0.4348663649399832,False
89.43294838518952,24.91004817414381,0.5605223873716791,-0.9811486062275314,False,-2.164090769443338,True,0.28689478302718596,False
89.48294838518952,24.91004817414381,0.6101428311805259,-0.6042948066113971,False,-1.863556547785303,True,0.2095840089635282,False
89.53294838518953,24.91004817414381,0.5725355454735037,-0.12257888318614735,False,-0.9748340081354998,False,0.0037078958597793407,False
89.58294838518952,24.91004817414381,0.4944051477057728,0.24318002446729914,False,-0.05626435580674077,False,-0.3500220348968715,False
89.68294838518952,24.91004817414381,0.4446810554298315,0.48735369213579205,False,0.3390152215667782,False,-0.5018874038859252,False
89.73294838518952,24.91004817414381,0.21202848084036155,0.7237633694128998,False,0.32979025970892384,False,-0.36187050127688297,False
89.78294838518953,24.91004817414381,-0.07972142495975808,0.36882720022391413,False,0.29028769787941294,False,-0.199740448806929,False
89.83294838518952,24.91004817414381,0.027963587321884236,0.05552734012215774,False,0.24568717927174685,False,-0.14213002415459838,False
89.88294838518952,24.91004817414381,0.07552821724944388,-0.09900896336982062,False,0.20129281590177417,False,-0.07078066336177481,False
89.93294838518952,24.91004817414381,0.09326389056390896,0.14315040317561498,False,-0.04799301459632377,False,-0.020719683065769115,False
89.98294838518952,24.91004817414381,0.20675860993699544,0.5607087749861842,False,0.06645033152491148,False,0.03620933312540248,False
90.03294838518953,24.91004817414381,0.3402910346013122,0.8403824507636795,False,0.3275839787565585,False,0.0284309232465745,False
90.08294838518952,24.91004817414381,0.4222057375621395,0.21781048526111052,False,0.7190661522567418,False,-0.04552145052047332,False
90.13294838518952,24.91004817414381,0.4566018562302865,-0.7686095460065793,False,1.0766327181836053,False,-0.12991711831638464,False
90.18294838518952,24.91004817414381,0.480440422101737,-0.9657558378615945,False,1.2307038596739646,False,-0.19757970022158436,False
90.23294838518952,24.91004817414381,0.5002358982848886,-0.7142649449272236,False,1.3987581933081352,False,-0.3307614985737889,False
90.28294838518951,24.91004817414381,0.5440337273033068,-0.05684896072206093,False,1.2104455448613543,False,-0.20738696807997176,False
90.33294838518952,24.91004817414381,0.6217732248570711,0.9247260690172687,False,1.026952923763316,False,-0.0501900061776821,False
90.38294838518952,24.91004817414381,0.6630291839793834,1.369886715476118,False,1.0594415357239633,False,0.028296037505853994,False
90.43294838518952,24.91004817414381,0.6479006171211925,0.9855827364073397,False,1.1493777540881607,False,0.06309084527235202,False
90.48294838518952,24.91004817414381,0.5978592343245774,0.26313693846879227,False,1.3716016691839645,False,0.045846748450721855,False
90.53294838518951,24.91004817414381,0.5351893979110001,-0.5973128965182717,False,1.7485861869476151,False,-0.025286020107255877,False
90.58294838518952,24.91004817414381,0.4964632911048219,-0.6003384480953673,False,1.5997783028525134,False,-0.015965483772586858,False
90.63294838518952,24.91004817414381,0.5675951995731303,-0.13361271231651317,False,1.5032018519736292,False,0.10886083786285342,False
90.68294838518952,24.91004817414381,0.6675997347361242,0.10181448817139871,False,1.6256199367060435,False,0.17079560052368958,False
90.73294838518952,24.91004817414381,0.699393309669297,0.33688503259571145,False,1.6275494088461866,False,0.13769132146115887,False
90.78294838518951,24.91004817414381,0.6589574000956387,0.48054608726096065,False,1.454800882926579,False,0.052098650809854305,False
90.83294838518952,24.91004817414381,0.569610702644321,0.2519198213243978,False,1.139749270703968,True,-0.03327026407533405,False
90.88294838518952,24.91004817414381,0.5925819381143428,-0.3968518675815098,False,0.7256135668204174,False,-0.08720972508496366,False
90.93294838518952,24.91004817414381,0.7153054353589591,-0.7379244857873792,False,0.5949333760824891,False,-0.083447282727931,False
90.98294838518952,24.91004817414381,0.7858509612874008,-0.3659677766337881,False,0.7558783104431771,True,-0.06439814315696418,False
91.03294838518951,24.91004817414381,0.8152620787886102,0.09043256099497077,False,0.8582088488148563,True,-0.11612581836494237,False
91.08294838518952,24.91004817414381,0.8149394867057724,0.4617385817304375,False,0.8314420803218601,True,-0.16782423038601801,False
91.13294838518952,24.91004817414381,0.7501354871657857,0.7335277539138076,False,0.655803521428113,True,-0.15874128306237667,False
91.18294838518952,24.91004817414381,0.5680961211555405,0.605247740882916,False,0.5902345728287982,False,0.10032002750711994,False
91.23294838518952,24.91004817414381,0.4219538850715823,0.2059698282785295,False,0.6054343238878184,False,0.3057386397110451,False
91.28294838518951,24.91004817414381,0.4427411735071756,-0.37466433276868755,False,0.5211944874901313,False,0.41078506775123064,False
91.33294838518952,24.91004817414381,0.48027648136364803,-0.7185702894929652,False,0.5721040595028554,False,0.34996157672611594,False
91.38294838518952,24.91004817414381,0.5948814670088648,-0.9008098825545647,False,1.0163671561101806,False,0.14228913983443603,False
91.43294838518952,24.91004817414381,0.7959435051376053,-0.999048424157837,False,1.5214926521309726,True,-0.047367115254319025,False
91.48294838518952,24.91004817414381,0.8979612106629742,-1.0727047960122176,False,1.7164841530630435,True,-0.14286986558931214,False
91.53294838518951,24.91004817414381,0.9222399128750324,-1.1783847463519652,False,1.802544025068438,True,-0.18253650709838154,False
91.58294838518952,24.91004817414381,0.9007843909137488,-1.2639226455074164,False,1.7803175018715285,True,-0.19903724058215588,False
91.63294838518952,24.91004817414381,0.7947588601963481,-1.2309137758128688,False,1.4432881726245033,False,-0.2590148745723515,False
91.68294838518952,24.91004817414381,0.5105927342334345,-0.535767108424892,False,1.011781965562929,False,-0.23134165521737635,False
91.73294838518952,24.91004817414381,0.37266945033318866,0.5121005402987818,False,0.6710662994674103,False,-0.29691118366044905,False
91.78294838518951,24.91004817414381,0.40548247084258093,1.2221555094677352,False,0.6165503145146817,False,-0.3771353391916192,False
91.83294838518952,24.91004817414381,0.4903684028576164,1.3097123483381468,False,0.8353612813052315,True,-0.2618336969483008,False
91.88294838518952,24.91004817414381,0.5720681688729783,1.004528033276153,False,1.123182986889755,True,-0.22054142394108775,False
91.93294838518952,24.91004817414381,0.6040824364031655,0.8492257259989975,False,1.254983179465361,True,-0.21494600862781982,False
91.98294838518952,24.91004817414381,0.6022607613220125,0.6504318611921874,False,1.0353606681381002,True,-0.0439202739156353,False
92.03294838518951,24.91004817414381,0.6051503936309722,0.034882817881146555,False,0.47148090264140896,False,0.37530471915658836,False
92.08294838518952,24.91004817414381,0.637713342102835,-0.5905664677245814,False,0.309220193035163,False,0.6002410285337694,False
92.13294838518952,24.91004817414381,0.6390782299352092,-0.3203324409109909,False,0.9157342015274463,False,0.6321719904201318,False
92.18294838518952,24.91004817414381,0.6561217798630599,-0.1228777798368843,False,1.4320422094495586,True,0.36016243480434296,False
92.23294838518952,24.91004817414381,0.6596964747824123,-0.8609449992197684,False,1.670136886155512,True,0.09249891461263761,False
92.28294838518951,24.91004817414381,0.6685016212733571,-0.980661770486529,False,1.736591185195763,True,-0.02718775344046087,False
92.33294838518952,24.91004817414381,0.6727556360140355,-0.5636472989565287,False,1.7652671870341639,True,-0.05475804663325298,False
92.38294838518952,24.91004817414381,0.6768352473740106,-0.34182285660971257,False,1.8022376788472412,True,-0.047466787822980805,False
92.43294838518952,24.91004817414381,0.6772936827876889,-0.23951226671802206,False,1.8305740486548778,True,-0.032758385394095035,False
92.48294838518952,24.91004817414381,0.6825274403574754,-0.18337587915526954,False,1.8563349870957917,True,-0.022242736949436404,False
88.18294838518952,24.860048174143817,0.44088419581824734,-2.5456369847388673,False,0.5935238170040856,False,-0.2529555807086647,False
88.23294838518952,24.860048174143817,0.550131582638752,-3.031676300300087,True,0.9421480056842281,False,-0.25320825340713377,False
88.28294838518953,24.860048174143817,0.6814385199621279,-3.053506393796587,True,1.7930688727243829,True,-0.16100146874877985,False
88.33294838518952,24.860048174143817,0.7609567803892189,-2.2010799954504754,False,2.808146979686116,True,-0.06050657772993777,False
88.38294838518952,24.860048174143817,0.780109034484639,-1.4987024068922439,False,3.645776146363466,True,-0.08207716090195785,False
88.43294838518952,24.860048174143817,0.746641851050408,-1.6651913025213678,False,4.09520640506829,True,-0.135033506887782,False
88.48294838518952,24.860048174143817,0.6944173724250968,-1.6992896682707577,False,4.048278909725115,True,-0.17033498972010383,False
88.53294838518953,24.860048174143817,0.7023834015133532,-1.1510952967892867,False,3.6214769457479035,True,-0.30613233617056596,False
88.58294838518952,24.860048174143817,0.7478808453210782,0.3475210884246525,False,4.22492380074845,True,-0.5403343382663487,False
88.63294838518952,24.860048174143817,0.7074216027412407,1.5736539620302865,False,3.6435051712757556,True,-0.1702127636415628,False
88.68294838518952,24.860048174143817,0.6285539744687371,1.730561021767266,True,2.6438333749501775,True,0.2509381399175845,False
88.73294838518952,24.860048174143817,0.6626686199536095,1.6839391028235915,False,2.4473594550794813,True,0.49287097812884684,False
88.78294838518953,24.860048174143817,0.7475314958409014,2.1644157565578954,False,2.5002821571854654,True,0.33059807438400685,False
88.83294838518952,24.860048174143817,0.808337185683851,2.6690224801020603,True,2.664095597885182,True,0.02215098689749577,False
88.88294838518952,24.860048174143817,0.8301730106406294,2.190063055744988,False,2.7837523175477212,True,-0.11869608013497067,False
88.93294838518952,24.860048174143817,0.8196995567467714,1.1715262193383222,False,2.8459804108983358,True,-0.2569556609043645,False
88.98294838518952,24.860048174143817,0.773617723514994,0.5276815710490294,False,2.408118122852753,True,-0.15475094277984017,False
89.03294838518953,24.860048174143817,0.6924171886835278,-0.06245696464471979,False,1.5668101665597165,True,0.15206524965838097,False
89.08294838518952,24.860048174143817,0.5865737333145862,-0.5006636768492663,False,1.1310476703392671,False,0.2206436159164709,False
89.13294838518952,24.860048174143817,0.43044827310636863,-0.45196899430974385,False,0.7557379067894433,False,0.1168155650291205,False
89.18294838518952,24.860048174143817,0.2534875535876344,-0.49064088116328514,False,0.48165044935767576,False,0.038667413236936676,False
89.23294838518952,24.860048174143817,0.3564283201178858,-0.738434762080886,False,0.24160008129762786,False,0.17924264197217474,False
89.28294838518953,24.860048174143817,0.38090183429354396,-1.1122696394861624,False,-0.49283609137697926,False,0.32533934654211827,False
89.33294838518952,24.860048174143817,0.38299914934998036,-1.8299701031846252,False,-1.7265349713193217,False,0.4063532634191861,False
89.38294838518952,24.860048174143817,0.41794069746664814,-1.8923319282623197,True,-1.648351126872569,False,0.42483324855904286,False
89.43294838518952,24.860048174143817,0.5391932717857502,-0.9727998214813852,False,-2.2015592602664604,True,0.2753385476795142,False
89.48294838518952,24.860048174143817,0.6069003033698509,-0.6121939213341723,False,-2.071684981560801,True,0.19925462269489974,False
89.53294838518953,24.860048174143817,0.6009067096619881,-0.2723039155569114,False,-1.4198790441868976,False,0.04425108357883961,False
89.58294838518952,24.860048174143817,0.5366360380248778,0.3360691326359468,False,-0.13922190031219966,False,-0.28464257070125076,False
89.68294838518952,24.860048174143817,0.4885163746148541,0.4770601223137071,False,0.5603916133802547,False,-0.6061524229734355,False
89.73294838518952,24.860048174143817,0.3394453431401648,0.6259232915668982,False,0.40991517200195593,False,-0.4431278589768525,False
89.78294838518953,24.860048174143817,0.04464944408714265,0.3430797970943013,False,0.2994577229494806,False,-0.23795225523730823,False
89.83294838518952,24.860048174143817,0.06218894779862816,0.09763153661086035,False,0.23463886969479889,False,-0.17704656736039726,False
89.88294838518952,24.860048174143817,0.04022662788438836,0.04656071882198725,False,0.08091039122127935,False,-0.15669530627923406,False
89.93294838518952,24.860048174143817,0.06747470397153281,0.1590460933834755,False,-0.14133044141177342,False,-0.14898394890338587,False
89.98294838518952,24.860048174143817,0.19149380028953492,0.18294441441241774,False,0.045682093821521996,False,-0.05012130139483002,False
90.03294838518953,24.860048174143817,0.3261715520433429,0.19807705923797497,False,0.39329549485679716,False,0.07166831585480414,False
90.08294838518952,24.860048174143817,0.42029657634288964,-0.14611928565007998,False,0.7681476092760039,False,0.05289631424984137,False
90.13294838518952,24.860048174143817,0.4447534000918827,-0.5927999708355569,False,0.9867631538059976,False,-0.04375964249116364,False
90.18294838518952,24.860048174143817,0.42023557094875,-0.4943412537765846,False,1.0027466004351488,False,-0.15108409171172854,False
90.23294838518952,24.860048174143817,0.39861758649286166,-0.2057482764638255,False,1.030513949226373,False,-0.24759972791037738,False
90.28294838518951,24.860048174143817,0.4717623658317144,0.02771756273353243,False,0.9492789622498903,False,-0.16556646860958119,False
90.33294838518952,24.860048174143817,0.6035606008459699,-0.020659738450175186,False,0.8504334896158506,False,0.0020310938339746787,False
90.38294838518952,24.860048174143817,0.6937118410879752,-0.17865837115207195,False,0.9101663402253861,False,0.07416635482103008,False
90.43294838518952,24.860048174143817,0.7317950961474963,-0.28801437089958215,False,1.0867661819544225,False,0.06518694594014307,False
90.48294838518952,24.860048174143817,0.7395570597265059,-0.5972980319984325,False,1.3654498971460924,False,0.01022043687735627,False
90.53294838518951,24.860048174143817,0.6875444967719234,-0.7787487066669907,False,1.5654303763444142,False,-0.0358346166184046,False
90.58294838518952,24.860048174143817,0.5870979640346855,-0.37160163727128137,False,1.4497135967730959,False,0.07220588249200788,False
90.63294838518952,24.860048174143817,0.6107334466922242,-0.09484893651723592,False,1.4076971670961365,False,0.20291760207805637,False
90.68294838518952,24.860048174143817,0.7106792064024241,-0.03723868363161564,False,1.4695781189041723,False,0.22377034400532425,False
90.73294838518952,24.860048174143817,0.7469311006848789,0.1787076471371768,False,1.5224191158747742,False,0.14822031282487247,False
90.78294838518951,24.860048174143817,0.7162132301036229,0.2657841931013728,False,1.5948877327042568,False,0.05836930581736959,False
90.83294838518952,24.860048174143817,0.6379141681556157,0.20538409862924686,False,1.5304323592401854,True,0.02090591197775979,False
90.88294838518952,24.860048174143817,0.5522951421439537,-0.21136477237730855,False,0.9343085657026533,False,-0.006153599809082588,False
90.93294838518952,24.860048174143817,0.5517692823355533,-0.62693623328273,False,0.5128641279171566,False,-0.0067871228387095806,False
90.98294838518952,24.860048174143817,0.7158614941834958,-0.2967987254545464,False,0.8109092054372072,True,-0.0412644656849,False
91.03294838518951,24.860048174143817,0.8091168220389539,0.0670597863581043,False,1.0190032127349333,True,-0.13710116024750085,False
91.08294838518952,24.860048174143817,0.8246228948439049,0.24979420694959031,False,1.0738860743202605,True,-0.16924041478930937,False
91.13294838518952,24.860048174143817,0.7610434628964469,0.5063708634066577,False,0.9745439786715455,True,-0.14232017836458313,False
91.18294838518952,24.860048174143817,0.5789837330371463,0.5896851586629004,False,0.7219069118975419,False,0.0013453326652881348,False
91.23294838518952,24.860048174143817,0.39187058036148564,0.25852522123021215,False,0.5051193750022538,False,0.1975734670401117,False
91.28294838518951,24.860048174143817,0.390336961549397,-0.3049072564322602,False,0.3386198282162646,False,0.35120057640274305,False
91.33294838518952,24.860048174143817,0.4186704738863216,-0.585373053626187,False,0.3948691218929958,False,0.347733033018124,False
91.38294838518952,24.860048174143817,0.5564331074766107,-0.7203053161386772,False,0.8541863442972994,False,0.16854404571725812,False
91.43294838518952,24.860048174143817,0.7890821249624047,-0.8076053670455483,False,1.5609240265927107,True,-0.1256922936321878,False
91.48294838518952,24.860048174143817,0.8964704064707169,-0.7390609692781055,False,1.8080984458157698,True,-0.273649670852242,False
91.53294838518951,24.860048174143817,0.9242389102629611,-0.6882146696922006,False,1.9734283966062816,True,-0.3319481488367697,False
91.58294838518952,24.860048174143817,0.9120838555107428,-0.989620859188598,False,1.8842065839192668,True,-0.2663121164648987,False
91.63294838518952,24.860048174143817,0.8228898561994757,-1.2162435795454043,False,1.5597476070043874,False,-0.1578607006497943,False
91.68294838518952,24.860048174143817,0.5240411970940049,-0.5457405939445737,False,1.1444699926895767,False,-0.01752976416496499,False
91.73294838518952,24.860048174143817,0.48320671958666617,0.6809509716311237,False,0.8912502150947641,False,-0.05919353559643814,False
91.78294838518951,24.860048174143817,0.6131745691263382,0.8718396737229093,False,1.1439032886157665,True,-0.37080611472954716,False
91.83294838518952,24.860048174143817,0.6929141827061751,0.5548956460081746,False,1.4622910135317027,True,-0.4849012294582595,False
91.88294838518952,24.860048174143817,0.7234023356207789,0.2966757352662037,False,1.7295157210045895,True,-0.47347417539895653,False
91.93294838518952,24.860048174143817,0.711002067669195,0.2019442564327596,False,1.8578540377913157,True,-0.48054368670919356,False
91.98294838518952,24.860048174143817,0.6589645723858902,0.2671121463808912,False,1.5577339591112052,True,-0.38947400799759224,False
92.03294838518951,24.860048174143817,0.5696151847108852,0.2988544115875498,False,0.6250990319303364,False,-0.23151213092172532,False
92.08294838518952,24.860048174143817,0.473790166010523,0.008210117690402918,False,-0.14783073443229572,False,-0.05408831143426517,False
92.13294838518952,24.860048174143817,0.47592470709127477,-0.2544541920173945,False,0.35849600706277734,False,0.09536261403711921,False
92.18294838518952,24.860048174143817,0.49600804870302556,-0.2854002491726645,False,1.040729123962548,False,0.0696392321445502,False
92.23294838518952,24.860048174143817,0.5164347687818278,-0.7118761028009992,False,1.4286820297373466,True,-0.051527308691517754,False
92.38294838518952,24.860048174143817,0.6593641304960484,-0.8260072228429258,False,1.6861728231755415,True,-0.08381853775432102,False
92.43294838518952,24.860048174143817,0.6701824029480729,-0.6284336320093027,False,1.7208740613997728,True,-0.059274869793502494,False
88.13294838518952,24.810048174143816,0.3932662893100534,-2.072262654653037,False,0.775955727471991,True,-0.2354823177286544,False
88.18294838518952,24.810048174143816,0.3928425463103288,-2.014584025984516,False,0.7111176796187935,False,-0.21441178070103,False
88.23294838518952,24.810048174143816,0.5163692463798365,-2.470385669077793,False,1.025011808981175,True,-0.20291984008484926,False
88.28294838518953,24.810048174143816,0.6389843588876314,-2.8128186150909325,False,1.7737910687301306,True,-0.0921435493812694,False
88.33294838518952,24.810048174143816,0.7681163124170053,-2.1119841890627535,False,2.824576865427996,True,0.004219325811877589,False
88.38294838518952,24.810048174143816,0.806905635270873,-1.558720412524536,False,3.569073006834504,True,0.01609616436144254,False
88.43294838518952,24.810048174143816,0.7721276424849041,-1.7578511079390475,False,4.0249912547985485,True,-0.001802073688855474,False
88.48294838518952,24.810048174143816,0.6868296393615029,-1.8393177085433257,False,4.405620126641644,True,0.06136759137961253,False
88.53294838518953,24.810048174143816,0.7641767736192265,-0.8536723377600215,False,5.152566339115456,True,0.05952815995999419,False
88.58294838518952,24.810048174143816,0.796307820180791,1.0064763781685442,False,5.063040544492981,True,-0.16969369269471618,False
88.63294838518952,24.810048174143816,0.7318659221227775,1.7107910718290535,False,3.6693867461152205,True,-0.21303425008262478,False
88.68294838518952,24.810048174143816,0.6454493396967879,1.6378820320095373,True,2.918386000321063,True,0.12327113781890053,False
88.73294838518952,24.810048174143816,0.6555710408877213,1.813323866553811,True,2.6211672627475773,True,0.39735339695493743,False
88.78294838518953,24.810048174143816,0.7290416419121548,2.511940901839039,True,2.7256334030425013,True,0.30493573558989884,False
88.83294838518952,24.810048174143816,0.7849112359825805,3.087765979700852,True,2.9281114009306872,True,0.1476629529027721,False
88.88294838518952,24.810048174143816,0.8088593906559395,2.859609843779111,True,2.9988622379782326,True,-0.02652534056880543,False
88.93294838518952,24.810048174143816,0.8122365610674948,1.8632538655626862,False,2.9743502489669917,True,-0.23211428205181991,False
88.98294838518952,24.810048174143816,0.7887487443810999,1.0555439864540126,False,2.7222496782151007,True,-0.17187356749511712,False
89.03294838518953,24.810048174143816,0.7328302022917442,0.21291565263289997,False,2.07771387639057,True,0.179812278314956,False
89.08294838518952,24.810048174143816,0.6601856368568958,-0.4165253691400697,False,1.6903347123644037,True,0.2918569007064816,False
89.13294838518952,24.810048174143816,0.5583004057369402,-0.3136935654827462,False,1.1555433417553787,False,0.17960151974166588,False
89.18294838518952,24.810048174143816,0.41317919409534937,-0.4230927277096406,False,0.6921409490741441,False,0.06866112601418173,False
89.23294838518952,24.810048174143816,0.4236668932629144,-0.9909007371783725,False,0.3579354557172134,False,0.13893009281733618,False
89.28294838518953,24.810048174143816,0.41281665956702346,-1.313285631358986,False,-0.19079553143307787,False,0.2782623501108949,False
89.33294838518952,24.810048174143816,0.38208359040448603,-1.6065146455180042,False,-0.6905561227875128,False,0.32686094991630255,False
89.38294838518952,24.810048174143816,0.3784511308850238,-1.816967352123875,False,-1.0066180875533666,False,0.33936490309796874,False
89.43294838518952,24.810048174143816,0.5140451963540994,-0.9576749582861224,False,-1.9875185691720025,True,0.26605314113027745,False
89.48294838518952,24.810048174143816,0.5997806016079837,-0.4009708082070573,False,-2.1030725546766713,True,0.21010684791875844,False
89.53294838518953,24.810048174143816,0.6002997726966726,-0.03511828318209054,False,-1.4803448538305395,False,0.10211786828681799,False
89.58294838518952,24.810048174143816,0.5221425301127796,0.4613056699782535,False,-0.36315986721063176,False,-0.1535419152145219,False
89.68294838518952,24.810048174143816,0.4692031416828644,0.29356749912618896,False,0.2453642990690902,False,-0.4961013296318491,False
89.73294838518952,24.810048174143816,0.4294480572123393,0.34973033614658644,False,0.05216300057467127,False,-0.3639533650706976,False
89.78294838518953,24.810048174143816,0.25727471617048014,0.3994240695706479,False,0.07039444816836093,False,-0.21411871208678074,False
89.83294838518952,24.810048174143816,0.11606331918567533,0.28002934939095747,False,0.031868504885192946,False,-0.19047447382594845,False
89.88294838518952,24.810048174143816,0.08292847982209064,0.21581654725652807,False,0.13685354911067943,False,-0.16957576401296592,False
89.93294838518952,24.810048174143816,0.2565192082070174,-0.3542609111072757,False,0.20869186323891545,False,-0.10632409943468703,False
89.98294838518952,24.810048174143816,0.40645166308896447,-1.0807587110213261,False,-0.34436060879262265,False,-0.08039128342024167,False
90.03294838518953,24.810048174143816,0.4854090931210652,-1.2048487209993963,False,-0.5769871413181173,False,-0.04861515863327118,False
90.08294838518952,24.810048174143816,0.5327912877191378,-1.20655411869339,False,-0.46704509890620605,False,-0.11601905997106358,False
90.13294838518952,24.810048174143816,0.5516757321237492,-0.826234171578845,False,-0.2912638976460802,False,-0.1505284706702924,False
90.18294838518952,24.810048174143816,0.5161893701497078,0.007789122691969547,False,-0.11522192979144577,False,-0.08779141573623374,False
90.23294838518952,24.810048174143816,0.3903805847501181,0.2984302060194058,False,0.300662890731631,False,-0.061150463290568335,False
90.28294838518951,24.810048174143816,0.3841165260382493,0.13601284240610606,False,0.634733989605193,False,-0.06486542861411952,False
90.33294838518952,24.810048174143816,0.5399569257255357,-0.4775746776649669,False,0.7202019250572366,False,0.05551953385849541,False
90.38294838518952,24.810048174143816,0.6548610376533576,-1.5597163549283062,False,0.745580011503857,False,0.17837093385835723,False
90.43294838518952,24.810048174143816,0.7104870275329509,-1.7960430492554167,False,0.9520673834704084,False,0.12802509227226178,False
90.48294838518952,24.810048174143816,0.7263376362628035,-1.6634556289611893,False,1.28340460111071,False,-0.012306723670633513,False
90.53294838518951,24.810048174143816,0.7035541029835165,-1.265267045804006,False,1.3533064181665635,False,-0.06144584381575617,False
90.58294838518952,24.810048174143816,0.6142595530625368,-0.41149372632706593,False,0.8651168987539666,False,0.10765614945124091,False
90.63294838518952,24.810048174143816,0.6188199205783412,-0.1698373126275582,False,0.9110501819639658,False,0.239303698217734,False
90.68294838518952,24.810048174143816,0.6899775711718575,-0.17770207540772454,False,1.2558114300861836,False,0.2623617346940539,False
90.73294838518952,24.810048174143816,0.7250536691497068,0.0068538652597760485,False,1.3926572185956592,False,0.16623591254520562,False
90.78294838518951,24.810048174143816,0.7157264084923133,0.07379353202621275,False,1.5382869867402282,False,0.05392849239138995,False
90.83294838518952,24.810048174143816,0.6890822658573479,0.03241578801960332,False,1.621864167949687,False,0.012656878056279255,False
90.88294838518952,24.810048174143816,0.6545836615129996,-0.08312866274346581,False,1.352502387523163,False,0.05243297078520678,False
90.93294838518952,24.810048174143816,0.6606330382555798,-0.5413913175543078,False,0.7501242236550998,False,0.04459432859810408,False
90.98294838518952,24.810048174143816,0.7669457607458613,-0.6814201146373604,False,0.8476139958034482,False,0.09999616236277425,False
91.03294838518951,24.810048174143816,0.8210261741181519,-0.5406281146689853,False,1.0578443235495023,True,0.10917177857766858,False
91.08294838518952,24.810048174143816,0.8069411603284156,-0.34989243211363974,False,1.0799723540468242,True,0.01904645772424074,False
91.13294838518952,24.810048174143816,0.7212210609078059,0.00374930421008679,False,0.9337995422660079,True,-0.07975317996169179,False
91.18294838518952,24.810048174143816,0.5184291555688638,0.3867465932465398,False,0.34279162820020354,False,-0.12661570337593125,False
91.23294838518952,24.810048174143816,0.3471733793104261,0.16991475448260085,False,0.13003741743004715,False,-0.031867934775348175,False
91.28294838518951,24.810048174143816,0.3611717772137659,-0.15988605935572897,False,0.24626960826083305,False,0.08197559635773152,False
91.33294838518952,24.810048174143816,0.4480067777974837,-0.38639016263434056,False,0.495471210852794,False,0.1630784633408055,False
91.38294838518952,24.810048174143816,0.5972667319780535,-0.5731545553077245,False,0.9629688830490036,True,0.0579643858860904,False
91.43294838518952,24.810048174143816,0.7891752059643276,-0.6891315792754813,False,1.5326900194520343,True,-0.18252727495642163,False
91.48294838518952,24.810048174143816,0.8822518003142589,-0.6123489705386421,False,1.8461853591642738,True,-0.3277080988408033,False
91.53294838518951,24.810048174143816,0.9086221442179586,-0.6520143124314127,False,1.9745270974911788,True,-0.32005260344253744,False
91.58294838518952,24.810048174143816,0.8996523617795619,-0.9356979709024028,False,1.8536563453785195,True,-0.20798502641465186,False
91.63294838518952,24.810048174143816,0.8328136732097305,-1.1474162262234155,False,1.6079885047250704,True,-0.06111946857432543,False
91.68294838518952,24.810048174143816,0.5846561765332098,-0.7060541455038134,False,1.1227947702752348,False,0.06363803141102645,False
91.73294838518952,24.810048174143816,0.7522465591864186,-0.15029528187549107,False,1.20453216690775,True,0.05803786249066417,False
91.78294838518951,24.810048174143816,0.8358570905753543,0.25393291297845166,False,1.498691890411041,True,-0.13302665016388227,False
91.83294838518952,24.810048174143816,0.8462299738294987,0.6403153497893086,False,1.7403257888046286,True,-0.34016101224523654,False
91.88294838518952,24.810048174143816,0.8317829227705426,0.43130049866532705,False,1.9065664131998816,True,-0.3457627772168507,False
91.93294838518952,24.810048174143816,0.7967677099224787,-0.2644776233477317,False,1.976044766307105,True,-0.2749893656171331,False
91.98294838518952,24.810048174143816,0.7242106726549284,-0.7356521518249883,False,1.7244783413201765,True,-0.30508998262200326,False
92.03294838518951,24.810048174143816,0.578501161901957,-0.005257951800494709,False,0.8276627321787129,False,-0.5011606075968174,False
92.08294838518952,24.810048174143816,0.3717195560127933,0.8372914835988836,False,-0.06353412520212837,False,-0.5908031722116898,False
92.13294838518952,24.810048174143816,0.37112409101025384,0.2892924303394607,False,0.36261202442930307,False,-0.35727003203856633,False
92.18294838518952,24.810048174143816,0.40883082863702913,-0.21978152051916755,False,0.9509320188928413,False,-0.255802436588531,False
92.23294838518952,24.810048174143816,0.42719673737703534,-0.4859888793303604,False,1.3476840700839885,False,-0.26054537432860086,False
92.28294838518951,24.810048174143816,0.5004508624257434,-0.9330270277998081,False,1.5685740546783367,True,-0.24618378491209375,False
88.08294838518952,24.76004817414381,0.4648203017864797,-2.1114784911194024,False,0.9058966392286091,True,-0.32094309954005573,False
88.13294838518952,24.76004817414381,0.4432207948687466,-1.9305222407800875,False,0.8745822661454149,True,-0.2871921641084818,False
88.18294838518952,24.76004817414381,0.39575427389170287,-1.5905327952615478,False,0.7995226532069213,True,-0.2586495059897297,False
88.23294838518952,24.76004817414381,0.44473130952323203,-1.5395109110078484,False,0.9240487883772072,True,-0.23551204279248522,False
88.28294838518953,24.76004817414381,0.6803386069121861,-2.5413136787229815,False,1.866909048463517,True,-0.09987620144979109,False
88.33294838518952,24.76004817414381,0.8013351069502218,-1.949468676464883,False,2.924875955972051,True,0.03140617750199273,False
88.38294838518952,24.76004817414381,0.8466933401868775,-1.5612005560186222,False,3.6847066553861523,True,0.047182925029028065,False
88.43294838518952,24.76004817414381,0.821234653500975,-1.7773590832196438,False,4.248375948446451,True,0.06764760296575922,False
88.48294838518952,24.76004817414381,0.7960430327504224,-1.6433608592913305,False,5.1762538116948775,True,0.2774205322991897,False
88.53294838518953,24.76004817414381,0.8538038446945073,-0.5291524173250731,False,6.8319052062066135,True,0.6282270751487353,False
88.58294838518952,24.76004817414381,0.861699263522062,1.0852074586074745,False,6.1324076938802,True,0.5107865116118682,False
88.63294838518952,24.76004817414381,0.7939908955970132,1.5691943915917306,False,3.971220392372571,True,-0.2978923985460741,False
88.68294838518952,24.76004817414381,0.6557992332591158,1.4607462031922718,False,3.0283380546720347,True,-0.12647155123715317,False
88.73294838518952,24.76004817414381,0.5841283665369368,1.556529837997743,False,2.5939967026008937,True,0.30125054387787287,False
88.78294838518953,24.76004817414381,0.636802209819151,2.1569824675335934,True,2.665963953967296,True,0.3557099171327003,False
88.83294838518952,24.76004817414381,0.7001346501272451,2.5827648585522023,True,2.865606224543275,True,0.26968323088069773,False
88.88294838518952,24.76004817414381,0.7407963385657698,2.4219450983017183,True,2.8988119304781597,True,0.07843069405365644,False
88.93294838518952,24.76004817414381,0.7641866529767349,1.8328128384485702,False,2.842130213104153,True,-0.14100449902197126,False
88.98294838518952,24.76004817414381,0.7546174017562037,1.2638561697921278,False,2.6759371100185643,True,-0.08852650423781597,False
89.03294838518953,24.76004817414381,0.7077081780523079,0.4205455798482542,False,2.208022468690513,True,0.19033167406512935,False
89.08294838518952,24.76004817414381,0.6520408473153292,-0.14035574415061208,False,1.801015253215534,False,0.242881091870404,False
89.13294838518952,24.76004817414381,0.5985807986246536,0.13535023137194946,False,1.0309328772522097,False,0.23245835703603723,False
89.18294838518952,24.76004817414381,0.4896757610959211,-0.036147957375640194,False,0.5644393661643424,False,0.15570778720233153,False
89.23294838518952,24.76004817414381,0.4697696458538646,-0.6709519150288892,False,0.3736302550571062,False,0.06859910166353567,False
89.28294838518953,24.76004817414381,0.4692022515552688,-1.1293310374532233,False,0.11498580628945504,False,0.1779339013032694,False
89.33294838518952,24.76004817414381,0.414498598275515,-1.1365614583368493,False,0.22599974991482355,False,0.25940891115254905,False
89.38294838518952,24.76004817414381,0.36988420722988674,-1.162891156575914,False,0.18726104614748684,False,0.3137719223358489,False
89.43294838518952,24.76004817414381,0.4710496276850756,-0.7221346946447375,False,-0.9199025713922584,False,0.33047466579144535,False
89.48294838518952,24.76004817414381,0.6027581712673802,0.08137349565075991,False,-1.7624137631577521,False,0.2631404854509495,False
89.53294838518953,24.76004817414381,0.6017474910277537,0.4333971099539159,False,-1.3573138055397156,False,0.18577284489116216,False
89.58294838518952,24.76004817414381,0.5089810488269036,0.7339025895327479,False,-0.500321213088684,False,-0.004052858220199913,False
89.68294838518952,24.76004817414381,0.3819646756692835,0.13547390071553844,False,-0.007313349732955221,False,-0.36390365044244616,False
89.73294838518952,24.76004817414381,0.3839962159384629,-0.06217351281233641,False,-0.2415338691686515,False,-0.2117782979588354,False
89.78294838518953,24.76004817414381,0.31943241589049665,0.38464239470901285,False,-0.07621151565200246,False,-0.10746956617951535,False
89.83294838518952,24.76004817414381,0.15675076531191562,0.47395740731420166,False,0.012750070693756277,False,-0.08855226210289688,False
89.88294838518952,24.76004817414381,0.27852710332302605,0.11522654065800933,False,0.1910440113763316,False,-0.09851069858743798,False
89.93294838518952,24.76004817414381,0.47945755213375985,-1.5259713467841478,False,0.06118478497395974,False,-0.1359202175040624,False
89.98294838518952,24.76004817414381,0.5565432178170404,-2.042034999550933,True,-0.32183291231363437,False,-0.16816657513477964,False
90.03294838518953,24.76004817414381,0.5854724239899082,-2.114335678073523,True,-0.4659968032174475,False,-0.20286601438080237,False
90.08294838518952,24.76004817414381,0.6086846606865903,-1.9923215829642293,True,-0.9884189438422318,False,-0.3439783213037578,False
90.13294838518952,24.76004817414381,0.6545476712847297,-1.1115152168520388,False,-2.2374885873795662,False,-0.4623755474762493,False
90.18294838518952,24.76004817414381,0.6914704498260196,-0.3016934686059618,False,-2.2606950185276835,False,-0.32804879204099663,False
90.23294838518952,24.76004817414381,0.6238690893816978,0.09724929294078566,False,-0.6664959425602709,False,0.021537497025054017,False
90.28294838518951,24.76004817414381,0.420627113269934,0.005062098980365803,False,0.3438574514349494,False,0.12857477859225724,False
90.33294838518952,24.76004817414381,0.47487712513344155,-0.5158608823255042,False,0.6721477887175005,False,0.10549348180797083,False
90.38294838518952,24.76004817414381,0.5883286085111366,-1.583254408328395,False,0.7478047491517368,False,0.1803769311284779,False
90.43294838518952,24.76004817414381,0.6424872686949978,-2.1664688131576324,False,0.9173949286647282,False,0.13899814010852973,False
90.48294838518952,24.76004817414381,0.6665337238760775,-2.1152804420993325,False,1.2866340944558357,False,-0.05644873321958632,False
90.53294838518951,24.76004817414381,0.6764990941224454,-1.6349376005576604,False,1.238394971569079,False,-0.09597038801959554,False
90.58294838518952,24.76004817414381,0.643754125475834,-0.6658650171308429,False,0.4619293845519825,False,0.15779594545632358,False
90.63294838518952,24.76004817414381,0.6255959330340047,-0.32759240384687677,False,0.04086843140858776,False,0.3152621168603823,False
90.68294838518952,24.76004817414381,0.6549804779455948,-0.26871713763922733,False,0.5490399932904759,False,0.2932745683903315,False
90.73294838518952,24.76004817414381,0.6933675102917033,-0.17202945168723005,False,1.1805278919362583,False,0.1821349862383922,False
90.78294838518951,24.76004817414381,0.7410416216379603,-0.14833031422297538,False,1.5845761418999562,False,0.050245843020144454,False
90.83294838518952,24.76004817414381,0.7675288283480357,-0.17329673558939998,False,1.768688577864644,False,-0.013704176043091269,False
90.88294838518952,24.76004817414381,0.7971379634483463,-0.23657917145549065,False,1.6992073017987077,True,0.020176387376673884,False
90.93294838518952,24.76004817414381,0.8282927132875869,-0.5704644160051427,False,1.3504803714065274,True,0.06753969158085313,False
90.98294838518952,24.76004817414381,0.8424687213366372,-0.9927864366279016,False,1.088172334180577,True,0.1696584247451396,False
91.03294838518951,24.76004817414381,0.8350815399185928,-1.0851004090818643,False,0.9953301119028926,True,0.13470253945324084,False
91.08294838518952,24.76004817414381,0.7829971488357271,-0.955670438833036,False,0.883673150601052,True,-0.07128573974661323,False
91.13294838518952,24.76004817414381,0.6444534641166259,-0.5650679458947887,False,0.6275881997512559,False,-0.18706931143952077,False
91.18294838518952,24.76004817414381,0.37082762914776274,0.07264823713910826,False,-0.010144033952485088,False,-0.14350371452631178,False
91.23294838518952,24.76004817414381,0.3334308418474452,-0.04249499296736377,False,0.10121956658421978,False,-0.18290465270986317,False
91.28294838518951,24.76004817414381,0.48451355832844983,-0.2628008704959549,False,0.3655714423682346,False,-0.09334691254008248,False
91.33294838518952,24.76004817414381,0.601573948724511,-0.46505255054984274,False,0.6803151050916905,False,0.029855548082337757,False
91.38294838518952,24.76004817414381,0.6946203598397876,-0.621376458167262,False,1.099725658674567,True,-0.014312219088351723,False
91.43294838518952,24.76004817414381,0.7992163234827295,-0.6971490297991334,False,1.4870059835953133,True,-0.14955734446368923,False
91.48294838518952,24.76004817414381,0.8638432722901739,-0.7529660487269836,False,1.6917820430300825,True,-0.16868349780064423,False
91.53294838518951,24.76004817414381,0.8843350627273953,-0.8194463659236004,False,1.8001268830755022,True,-0.13449010211986306,False
91.58294838518952,24.76004817414381,0.8701697758065001,-0.9367540408149136,False,1.8378003548580275,True,-0.09915734318799677,False
91.63294838518952,24.76004817414381,0.7996601644613484,-1.0883207095084868,False,1.6861724736536794,True,-0.03752582514313323,False
91.68294838518952,24.76004817414381,0.6705183463368094,-0.7536964725835338,False,1.1737983876371194,True,0.03226910625169249,False
91.73294838518952,24.76004817414381,0.8666058652574877,-0.5994881019396159,False,1.3343385787282505,True,0.022769438214596205,False
91.78294838518951,24.76004817414381,0.9242191258744745,-0.30684850435857824,False,1.542147643518537,True,0.0013041911203299367,False
91.83294838518952,24.76004817414381,0.9183997179174979,-0.15859301384400082,False,1.67602184942984,True,-0.023800783609253633,False
91.88294838518952,24.76004817414381,0.89536112786625,-1.296869480590614,False,1.6641095137636077,True,0.007263459989286514,False
91.93294838518952,24.76004817414381,0.8499382234130041,-2.1283461305101135,False,1.6921693840270546,True,0.018939117005619843,False
91.98294838518952,24.76004817414381,0.7782025932398106,-2.0013932642507366,False,1.5452171201740048,True,-0.0915629187770235,False
92.03294838518951,24.76004817414381,0.6519889071816678,-0.9475792016623539,False,0.9707295467298546,False,-0.3546973176008147,False
92.08294838518952,24.76004817414381,0.4608079356029231,0.6307235410688623,False,0.20060351693672623,False,-0.561350298945032,False
92.13294838518952,24.76004817414381,0.42045719981240826,0.3920343195297573,False,0.5699563337136414,False,-0.45729885516579427,False
92.18294838518952,24.76004817414381,0.46339233918868167,0.06992568480466677,False,1.1004742661441125,False,-0.4184569996912043,False
92.23294838518952,24.76004817414381,0.4936395390017448,-0.08960986378323499,False,1.5272469579778258,True,-0.38193517186490056,False
92.28294838518951,24.76004817414381,0.4942431146547427,-0.2213954523484718,False,1.7375305257972207,True,-0.4193038801633689,False
88.08294838518952,24.71004817414381,0.45932568145325664,-2.0397883043567897,False,0.877450442050203,True,-0.3329414898362782,False
88.13294838518952,24.71004817414381,0.43639563940976595,-1.7375260636761312,False,0.8554636246614467,True,-0.33620535453583,False
88.18294838518952,24.71004817414381,0.4193626581467896,-1.3709417690160406,False,0.826205117558093,True,-0.31589440880955605,False
88.23294838518952,24.71004817414381,0.505388752001941,-1.517429609356524,False,0.9683813258409132,True,-0.31451816904580254,False
88.28294838518953,24.71004817414381,0.7232130352549797,-2.5962331633440274,False,1.6790120975551632,True,-0.28814873779119676,False
88.33294838518952,24.71004817414381,0.8508172924998243,-2.2313136872592434,False,2.6299461578252896,True,-0.25115944571181315,False
88.38294838518952,24.71004817414381,0.8826937405947898,-1.5607620523063142,False,3.5788347491680574,True,-0.1421815330485885,False
88.43294838518952,24.71004817414381,0.862014191904847,-1.4695765623455226,False,4.384816984511566,True,0.01948401854660682,False
88.48294838518952,24.71004817414381,0.8517620178374021,-0.9162075435310426,False,5.5310456564841886,True,0.33817384196831596,False
88.53294838518953,24.71004817414381,0.8865683660235925,0.2900809852206425,False,6.791335696549516,True,0.6189043309848753,False
88.58294838518952,24.71004817414381,0.8881792264267779,1.1223487267474104,False,6.291538403772964,True,0.5344557842849449,False
88.63294838518952,24.71004817414381,0.8380645080945289,1.4743703150206384,False,4.664333660122535,True,-0.053394551592079814,False
88.68294838518952,24.71004817414381,0.6906373052201492,1.3714057276064222,False,3.46511126100778,True,-0.07715412254784505,False
88.73294838518952,24.71004817414381,0.5204714912313284,1.2435314965899953,False,2.62174793015147,True,0.31117071722496215,False
88.78294838518953,24.71004817414381,0.5579491501432282,1.6953177044086947,False,2.4722553859442047,True,0.3689119946830045,False
88.83294838518952,24.71004817414381,0.6357929796235483,2.028788249581499,True,2.585328188736545,True,0.30531366549242106,False
88.88294838518952,24.71004817414381,0.6873708145922237,1.7981110951069224,False,2.504541554622652,True,0.16466090229679956,False
88.93294838518952,24.71004817414381,0.716488800014982,1.2928471240420183,False,2.1714728512515755,True,0.019087862660376445,False
88.98294838518952,24.71004817414381,0.710086411072631,0.8950666713075854,False,1.6909649664678847,True,0.1426599066960085,False
89.03294838518953,24.71004817414381,0.656545414200836,0.6641255705992641,False,0.8959686195873812,False,0.3120787954925417,False
89.08294838518952,24.71004817414381,0.5991057419399793,0.6423122127465879,False,0.18570129302575442,False,0.380115675795257,False
89.13294838518952,24.71004817414381,0.5895485585415061,0.3842701899445525,False,0.14140909175027844,False,0.36374449037941087,False
89.18294838518952,24.71004817414381,0.5633962220518204,0.3601005397424174,False,0.5949504632393311,False,0.22485522992419582,False
89.23294838518952,24.71004817414381,0.5774786764301489,0.29255997064520245,False,1.0546109448176355,False,0.05265143165288445,False
89.28294838518953,24.71004817414381,0.5946243283967501,-0.21140738506057186,False,1.0185903097842535,False,0.10579073200116662,False
89.33294838518952,24.71004817414381,0.5072390634622816,-0.5510387202157585,False,1.008338417135339,False,0.21890609311191775,False
89.38294838518952,24.71004817414381,0.4182739840999382,-0.5005658490584705,False,1.2258515549543467,False,0.3065982991349083,False
89.43294838518952,24.71004817414381,0.4948040101994342,0.3774510208628027,False,0.9989994026802864,False,0.49069229284849536,False
89.48294838518952,24.71004817414381,0.6213805030884734,1.2107871985687875,False,-0.4639965505621929,False,0.4111120169111312,False
89.53294838518953,24.71004817414381,0.6150106176403193,1.253426516833591,False,-0.6215047204960802,False,0.33597700858492086,False
89.58294838518952,24.71004817414381,0.5286231853349139,1.121722470796891,False,-0.28163874787101273,False,0.2025021723802194,False
89.63294838518952,24.71004817414381,0.40912048572440063,0.9313672184086554,False,0.16679929111307445,False,-0.025014400780758353,False
89.73294838518952,24.71004817414381,0.3964303278234473,0.584714180398483,False,0.1546131750058859,False,0.006211505243220741,False
89.78294838518953,24.71004817414381,0.34387558653392664,0.5295633889558871,False,0.11113433615127599,False,0.06156562466608834,False
89.83294838518952,24.71004817414381,0.17350686973028198,0.14624839873223883,False,0.0019744486356998436,False,0.09670751397523863,False
89.88294838518952,24.71004817414381,0.3893217649290046,-0.4823206900998197,False,-0.061813890531021654,False,0.04148197401104985,False
89.93294838518952,24.71004817414381,0.6004555494182346,-2.0449655140201157,True,0.10258161123843973,False,-0.09584857810839881,False
89.98294838518952,24.71004817414381,0.6604780021463402,-2.383500008842545,True,0.35428000376005414,False,-0.19296531035222173,False
90.03294838518953,24.71004817414381,0.6455919410700578,-2.5697737203882918,True,0.4626442248682926,False,-0.24672796313663636,False
90.08294838518952,24.71004817414381,0.6255898239413396,-2.6596537806414187,True,0.16303485022121,False,-0.36887338848104845,False
90.13294838518952,24.71004817414381,0.6772872593590529,-1.8205316269687428,False,-1.59001891783915,False,-0.5228052253194562,False
90.18294838518952,24.71004817414381,0.7412946626478163,-0.9450790037479662,False,-2.8913929810502257,True,-0.5009462910479284,False
90.23294838518952,24.71004817414381,0.7230800384651078,-0.721518669003505,False,-2.1473708448325555,True,-0.145719110782628,False
90.28294838518951,24.71004817414381,0.5504249906525329,-0.461930701633525,False,-0.17284787674917965,False,0.4134559091183848,False
90.33294838518952,24.71004817414381,0.46416234019464203,-0.5824168189919818,False,0.5060742615748128,False,0.2723081860035902,False
90.38294838518952,24.71004817414381,0.5651719106268702,-1.3589885810057125,False,0.5643117514349483,False,0.24516422864998055,False
90.43294838518952,24.71004817414381,0.6080506269400301,-2.069203953011063,False,0.5908465184330992,False,0.2472949920743102,False
90.48294838518952,24.71004817414381,0.6272728123452972,-2.051096074015815,False,0.8106031075807741,False,0.09711122361829289,False
90.53294838518951,24.71004817414381,0.6333245140722538,-1.5592284981363678,False,0.8194883100978007,False,-0.0016952799334423174,False
90.58294838518952,24.71004817414381,0.6244731070107165,-0.8192130320348976,False,0.24086854823827736,False,0.19946608127949203,False
90.63294838518952,24.71004817414381,0.6283822976098851,-0.5445737881347362,False,-0.16845163769018878,False,0.35613658074351223,False
90.68294838518952,24.71004817414381,0.6407876789699051,-0.5226859461763748,False,0.028924273344981488,False,0.3303449014349126,False
90.73294838518952,24.71004817414381,0.7219389937697922,-0.4367848862873388,False,0.8930668540709513,False,0.18386446637575438,False
90.78294838518951,24.71004817414381,0.8001666752407144,-0.41569279528880504,False,1.6424973045291738,False,0.014309203882246255,False
90.83294838518952,24.71004817414381,0.8335244369053953,-0.4224144220163596,False,2.129472024270873,True,-0.1059712037867398,False
90.88294838518952,24.71004817414381,0.872968965817548,-0.5117391028061576,False,2.281033115590283,True,-0.10837021379985923,False
90.93294838518952,24.71004817414381,0.8932640199144957,-0.7580431620450041,False,2.0097966327977366,True,-0.004191296903197583,False
90.98294838518952,24.71004817414381,0.8833131827414116,-1.0650378310718875,False,1.5850851498872824,True,-0.00687720871223596,False
91.03294838518951,24.71004817414381,0.8487445745452368,-1.2146670612062922,False,1.1984119769532156,True,-0.18381294089468403,False
91.08294838518952,24.71004817414381,0.7549824882078877,-1.2066824617261425,True,0.8947985694506639,True,-0.2911289711940881,False
91.13294838518952,24.71004817414381,0.5164278565600312,-0.7693899307187025,False,0.3831668195134114,False,-0.2836166312183768,False
91.18294838518952,24.71004817414381,0.2164110352408782,-0.363570015131103,False,0.02605116487331252,False,-0.1460654890797084,False
91.23294838518952,24.71004817414381,0.4092212736628084,-0.4176248794669746,False,0.26655392605189665,False,-0.1956258520161548,False
91.28294838518951,24.71004817414381,0.621372769509668,-0.5014233508225281,False,0.5198360775218593,False,-0.1264740365783278,False
91.33294838518952,24.71004817414381,0.7083556616407599,-0.6870492815143319,False,0.8037045442485391,True,0.015522733628064,False
91.38294838518952,24.71004817414381,0.7557661309437915,-0.9122891850042524,False,1.0806225547346373,True,0.1443831538447224,False
91.43294838518952,24.71004817414381,0.8177544163092595,-1.0724751953718357,False,1.2307709731083762,True,0.19619406298448816,False
91.48294838518952,24.71004817414381,0.8656664382171659,-1.0388624752653683,False,1.3981550504252471,True,0.22057945388970435,False
91.53294838518951,24.71004817414381,0.880041400479262,-0.9004234969228855,False,1.700602466278626,True,0.1644808015165965,False
91.58294838518952,24.71004817414381,0.8672064655961328,-0.8818467347615951,False,2.007126055189784,True,0.05714994087628973,False
91.63294838518952,24.71004817414381,0.8296340360075771,-0.8309436020533943,False,2.026467836530602,True,-0.06043766871390445,False
91.68294838518952,24.71004817414381,0.8383230244115604,-0.14578179662993404,False,1.5749514346920839,True,-0.1723648729504401,False
91.73294838518952,24.71004817414381,0.9033561705286169,0.3030592348196087,False,1.6285114548433204,True,-0.2192260012616066,False
91.78294838518951,24.71004817414381,0.9279385243365059,0.4114569120660785,False,1.696117046478665,True,-0.09727073812519178,False
91.83294838518952,24.71004817414381,0.9266896139969031,-0.45089186670230563,False,1.5977120529714208,True,0.2176523181990122,False
91.88294838518952,24.71004817414381,0.9096396790556821,-1.6209087409288752,False,1.5411791031057125,True,0.34279939019808203,False
91.93294838518952,24.71004817414381,0.8715968208635926,-2.2933649461035532,False,1.6125164589921035,True,0.25478898958427365,False
91.98294838518952,24.71004817414381,0.8156212731517578,-2.16254243364105,False,1.5330173588801475,True,0.13277220128574524,False
92.03294838518951,24.71004817414381,0.7418923998934799,-0.7572452947358763,False,0.9882784550624725,False,-0.057115756789725,False
92.08294838518952,24.71004817414381,0.6239132938524741,0.7399064664732453,False,0.47794106086660804,False,-0.1296490901643964,False
92.13294838518952,24.71004817414381,0.5718146177688727,0.5694544258513525,False,0.8597894439102387,False,-0.10570336329205698,False
92.18294838518952,24.71004817414381,0.5703118185605118,0.25657832308401884,False,1.3733262748769033,True,-0.18265879207453894,False
92.23294838518952,24.71004817414381,0.5701231732758171,0.1891339395619731,False,1.7720721852865282,True,-0.2842780894554676,False
92.28294838518951,24.71004817414381,0.5559398213280435,0.3247520608352379,False,1.9619888702078683,True,-0.43627232890700185,False
88.03294838518953,24.66004817414381,0.44461217624024474,-2.248416131023234,False,0.8512002625055286,True,-0.31641236050716426,False
88.08294838518952,24.66004817414381,0.42772399386520454,-2.1271509255822556,False,0.8274465077508337,True,-0.29950263583514314,False
88.13294838518952,24.66004817414381,0.40966716141404763,-1.9695489883226873,False,0.7998073033212982,True,-0.2828001419853988,False
88.18294838518952,24.66004817414381,0.4155956854183562,-1.8852005593784207,False,0.7874167747860648,True,-0.27174571881154097,False
88.23294838518952,24.66004817414381,0.5348226857601253,-2.5073414656821496,False,0.8972357233251047,True,-0.29507732478429294,False
88.28294838518953,24.66004817414381,0.7563522582856077,-4.093084317460612,True,1.2950128716274476,True,-0.3154431028817217,False
88.33294838518952,24.66004817414381,0.8714340296336051,-4.116802340466544,True,2.002481654659909,True,-0.3973628030660692,False
88.38294838518952,24.66004817414381,0.8896289528205418,-2.5796178407903243,True,3.040206404720042,True,-0.41288537647484114,True
88.43294838518952,24.66004817414381,0.8579478247105722,-1.634293331782722,False,4.107763502901364,True,-0.21933117991476964,False
88.48294838518952,24.66004817414381,0.8445400878170795,-0.3842678055171427,False,5.627679387234727,True,0.15710172718190313,False
88.53294838518953,24.66004817414381,0.8763792276149212,0.6234641209015794,False,6.764651329404028,True,0.31018722819322875,False
88.58294838518952,24.66004817414381,0.8793776176983543,0.8996340134302161,False,6.355147690356189,True,0.26010639372925337,False
88.63294838518952,24.66004817414381,0.839794005619559,1.159449035199927,False,5.317746366821776,True,0.07523109897321056,False
88.68294838518952,24.66004817414381,0.7379469308558729,1.171304133306874,False,4.149604181037276,True,0.09321580422752365,False
88.73294838518952,24.66004817414381,0.6594925910353988,0.8874836657322619,False,3.2824728139259305,True,0.3988011098371102,False
88.78294838518953,24.66004817414381,0.6803696151122666,1.0234215593033815,False,3.051862565950951,True,0.5084904086856854,False
88.83294838518952,24.66004817414381,0.7117049099407644,1.2202541060666867,False,2.7317248934608815,True,0.5292480532359377,False
88.88294838518952,24.66004817414381,0.732797842937062,0.9806274769171306,False,2.018135839297736,True,0.48835820777476235,False
88.93294838518952,24.66004817414381,0.7239388595774103,0.7101841131152239,False,1.1131995368825056,False,0.4308318077342075,False
88.98294838518952,24.66004817414381,0.6837037171692041,0.627758632372516,False,0.4175541887662463,False,0.3904487817518937,False
89.03294838518953,24.66004817414381,0.6124527479229843,0.6420344966294784,False,-0.03027889483831872,False,0.30084534682803044,False
89.08294838518952,24.66004817414381,0.5564370212133467,0.45134412735469653,False,-0.15749351223905483,False,0.31154538494995754,False
89.13294838518952,24.66004817414381,0.5690906608034989,0.40567832941415244,False,-0.07517649315792146,False,0.3477597895710963,False
89.18294838518952,24.66004817414381,0.6035434114802978,0.5216874486621286,False,0.4740093040837227,False,0.24937856377098516,False
89.23294838518952,24.66004817414381,0.6517469686890538,0.5595674280964085,False,1.2024314400743739,False,0.13803756253559696,False
89.28294838518953,24.66004817414381,0.68243669693256,0.18738178726531635,False,1.5618386266322015,False,0.21338581495777173,False
89.33294838518952,24.66004817414381,0.6107718256000526,-0.10304925569809067,False,1.6106303529548711,False,0.29676115753687804,False
89.38294838518952,24.66004817414381,0.4900743069384646,-0.18388430238911466,False,1.7110032504287993,False,0.27542756043903804,False
89.43294838518952,24.66004817414381,0.5266251051715451,0.5543825006031079,False,1.8053795810659747,False,0.4581335176863569,False
89.48294838518952,24.66004817414381,0.6394836435860214,2.106663510507155,False,0.7945953303002062,False,0.507162908750457,False
89.53294838518953,24.66004817414381,0.6470219172035403,1.506141442124801,False,-0.10071689695891628,False,0.37916713625583565,False
89.58294838518952,24.66004817414381,0.599845191617208,1.1287544574428556,False,-0.17604035288180253,False,0.2800070308107978,False
89.63294838518952,24.66004817414381,0.5133296668496402,1.1697031017663888,False,0.37604542007427455,False,0.18666652767808944,False
89.73294838518952,24.66004817414381,0.542043614069195,1.2346472290520718,False,0.7870921817608094,False,0.23265897417671386,False
89.78294838518953,24.66004817414381,0.5273372325137415,1.1964532126646406,False,0.6935581887921534,False,0.229926419699894,False
89.83294838518952,24.66004817414381,0.34814911330753245,0.7282702483517676,False,0.48673004230639955,False,0.19452136145464272,False
89.88294838518952,24.66004817414381,0.4503533175558217,-0.806802885494529,False,-0.13981209975342407,False,0.10444153941197606,False
89.93294838518952,24.66004817414381,0.6310378182192853,-1.8147468632523367,True,0.12365779147781825,False,-0.03234915222619284,False
89.98294838518952,24.66004817414381,0.7102617525809171,-2.256129794607137,True,0.829775437249931,False,-0.13885390007991386,False
90.03294838518953,24.66004817414381,0.6929469661949398,-2.527158040368649,True,1.2062915484832213,False,-0.19718937697070096,False
90.08294838518952,24.66004817414381,0.6474007807594335,-2.8173787699556634,True,1.1067542310058684,False,-0.3121247091914308,False
90.13294838518952,24.66004817414381,0.6473293425278691,-2.401751769407333,True,-0.43304749789985747,False,-0.38060073587888227,False
90.18294838518952,24.66004817414381,0.7062285614580178,-1.4325199057404714,False,-2.2966998697118854,True,-0.27634882376696096,False
90.23294838518952,24.66004817414381,0.7096102827330811,-1.0358726550499051,False,-2.5485220837287414,True,-0.10201272378255094,False
90.28294838518951,24.66004817414381,0.5964601186520707,-0.8363431456480495,False,-1.433128090318262,False,0.20932231346072874,False
90.33294838518952,24.66004817414381,0.43552517011960834,-0.6146465117288675,False,-0.32260376420698905,False,0.30064049520065284,False
90.38294838518952,24.66004817414381,0.5934574959581367,-1.1071875432299119,False,-0.0774221414218616,False,0.38089768826067516,False
90.43294838518952,24.66004817414381,0.6395046174334534,-1.7070953112888627,False,-0.020894456234895387,False,0.44757714663387793,False
90.48294838518952,24.66004817414381,0.6090090591095432,-1.5983478218920308,False,0.1466563678030722,False,0.33625089137305764,False
90.53294838518951,24.66004817414381,0.5353260960107127,-0.9827834728008877,False,0.2769768606216989,False,0.16204978112211946,False
90.58294838518952,24.66004817414381,0.535984195440963,-0.6682919733759235,False,0.15403875219266833,False,0.203437106792146,False
90.63294838518952,24.66004817414381,0.6087516378470522,-0.61745798924456,False,0.0003397270184129497,False,0.2957267852432078,False
90.68294838518952,24.66004817414381,0.6898188570513455,-0.7920026038537804,False,0.06851490647494468,False,0.2987863563688289,False
90.73294838518952,24.66004817414381,0.7821545755028932,-0.7642415898333544,False,0.7105009506626375,False,0.1522121155372201,False
90.78294838518951,24.66004817414381,0.8201951756603576,-0.7009408694556845,False,1.5690888992692995,False,-0.035020855786162236,False
90.83294838518952,24.66004817414381,0.8376434118469461,-0.6594063542584021,False,2.343212817571648,True,-0.16705850758975932,False
90.88294838518952,24.66004817414381,0.8871983183598042,-0.62325162506102,False,2.681577897792976,True,-0.18305841401125214,False
90.93294838518952,24.66004817414381,0.9027676059290436,-0.6948196167550863,False,2.5826853990579157,True,-0.11623608148791892,False
90.98294838518952,24.66004817414381,0.8965300424873405,-0.8958804700098815,False,2.2408367251874157,True,-0.1270393002173953,False
91.03294838518951,24.66004817414381,0.8564743637614114,-0.9863193918109611,False,1.7868716222134884,True,-0.2576287787530259,False
91.08294838518952,24.66004817414381,0.7391152006427759,-0.8155575724910821,False,1.252736724385106,True,-0.3928727057129957,False
91.13294838518952,24.66004817414381,0.4243102782511495,-0.4135534947795677,False,0.47206043132689174,False,-0.29400444225624756,False
91.18294838518952,24.66004817414381,0.3253417518434756,-0.629933500107709,False,0.2439467265979678,False,-0.15268995338098654,False
91.23294838518952,24.66004817414381,0.6008286510437196,-0.715937360804598,False,0.3994006786163194,False,-0.1895602610995282,False
91.28294838518951,24.66004817414381,0.7469812664061742,-0.7563714746169825,False,0.604205403135696,False,-0.15435143996953382,False
91.33294838518952,24.66004817414381,0.7904582268146093,-0.9131720815347519,False,0.8263174062942525,True,0.064921441328749,False
91.38294838518952,24.66004817414381,0.8159708518475823,-1.1897071163229676,True,0.9523290971960751,False,0.3757768100812567,False
91.43294838518952,24.66004817414381,0.8484678722976939,-1.380474957493588,False,0.9599990730528916,False,0.49674766799009923,False
91.48294838518952,24.66004817414381,0.8797720193592509,-1.1049825369676987,False,1.3102498865334324,True,0.476444005594584,False
91.53294838518951,24.66004817414381,0.8915177289092497,-0.7662307142388717,False,1.8855260798504163,True,0.29058842718611566,False
91.58294838518952,24.66004817414381,0.8911582355841104,-0.660647006068711,False,2.4178972128123744,True,0.04678125299754238,False
91.63294838518952,24.66004817414381,0.8937053876605237,-0.16369563678012772,False,2.2537558361294496,True,-0.18313239166065393,False
91.68294838518952,24.66004817414381,0.914122525579424,0.9650318573571198,False,1.839588891508492,True,-0.48082488010141555,False
91.73294838518952,24.66004817414381,0.9279094399114511,1.4984045642330694,False,1.869739128735338,True,-0.5592737883772286,False
91.78294838518951,24.66004817414381,0.9294870748867176,1.3851502718595192,False,1.8768761497382949,True,-0.2975702816066724,False
91.83294838518952,24.66004817414381,0.9220015795162003,0.41191738248010595,False,1.789627576930691,True,0.19107539152312736,False
91.88294838518952,24.66004817414381,0.9074257779597258,-0.7842871080713472,False,1.7296464058320542,True,0.4188361656495193,False
91.93294838518952,24.66004817414381,0.8894333092118181,-1.6567274369813991,False,1.8084345318678985,True,0.3756069818141718,False
91.98294838518952,24.66004817414381,0.8664637047854686,-1.556711882551728,False,1.6486744608704238,True,0.27005773359683466,False
92.03294838518951,24.66004817414381,0.8005480454101698,0.3482909935982539,False,0.8773622687286123,False,0.19887836120723099,False
92.13294838518952,24.66004817414381,0.6621368998877887,0.7681119959545293,False,1.1773634688749526,False,0.3261016152545628,False
92.18294838518952,24.66004817414381,0.6379540245877333,0.383770537179541,False,1.622502868925332,True,0.19756381266201894,False
92.23294838518952,24.66004817414381,0.6195385626978832,0.24309554264776811,False,1.9913024693284642,True,0.010694915526654247,False
88.08294838518952,24.610048174143817,0.3808654488192242,-1.7356443239168644,False,0.7715147175742515,True,-0.28233393421994113,False
88.13294838518952,24.610048174143817,0.38847823238671036,-1.7622340387128965,False,0.763874314075209,True,-0.2846142905408784,False
88.18294838518952,24.610048174143817,0.39521101970342687,-1.9212988522902292,False,0.7466500289199041,True,-0.28732203085473745,False
88.23294838518952,24.610048174143817,0.501768560540109,-2.7029659729244795,True,0.7771895903460819,True,-0.3351034053259201,False
88.28294838518953,24.610048174143817,0.7331442007785447,-4.2563700435390635,True,1.0415340758519565,True,-0.3944882644234609,False
88.33294838518952,24.610048174143817,0.8469221760421936,-5.434202651140465,True,1.4419776034984364,True,-0.3853606553318411,False
88.38294838518952,24.610048174143817,0.8639531166010985,-4.753634033140408,True,1.9285973605076718,True,-0.5340606414665301,True
88.43294838518952,24.610048174143817,0.8099728650758213,-3.2225393308505756,True,2.838121674410062,True,-0.4955940575156717,True
88.48294838518952,24.610048174143817,0.8043272121945332,-1.2104898607673675,False,4.730482441272674,True,-0.19391802212384757,False
88.53294838518953,24.610048174143817,0.8499721558663865,0.16604883002738463,False,6.209428144389551,True,-0.04546938966219566,False
88.58294838518952,24.610048174143817,0.8537201062844739,0.25962402959839337,False,6.2190419289907695,True,-0.11089718365944541,False
88.63294838518952,24.610048174143817,0.8226848121690207,0.24029354893221028,False,5.474293185043158,True,-0.16041033352772083,False
88.68294838518952,24.610048174143817,0.7736690842448197,0.4531626833277589,False,4.310291975837336,True,0.09475761478129636,False
88.73294838518952,24.610048174143817,0.7502226592298297,0.12138520828567734,False,3.245112647436354,True,0.4968424499100864,False
88.78294838518953,24.610048174143817,0.7449671388183754,-0.30049565309890747,False,2.5142288045419363,True,0.7087483462622017,True
88.83294838518952,24.610048174143817,0.7218927783599005,-0.3566795797129087,False,1.6888463872465382,False,0.7466325295868035,True
88.88294838518952,24.610048174143817,0.7121762722287802,-0.184950032311534,False,1.0045931375789137,False,0.6689476589189698,False
88.93294838518952,24.610048174143817,0.6998790022858835,0.11497087262191147,False,0.7217964000859227,False,0.5404953506214474,False
88.98294838518952,24.610048174143817,0.6736882669046546,0.24031326944299364,False,0.5215128742349352,False,0.3361829672952303,False
89.03294838518953,24.610048174143817,0.6599188059915849,0.10690573326970826,False,0.2497746660701396,False,0.11776190011179435,False
89.08294838518952,24.610048174143817,0.6254802213152579,0.2760963162545498,False,0.1015082600675277,False,0.16021510531031857,False
89.13294838518952,24.610048174143817,0.5647188706777647,0.4105668502973691,False,0.036901744088734006,False,0.2772828215480035,False
89.18294838518952,24.610048174143817,0.5200685596576387,0.4014591889811055,False,0.19038174594722457,False,0.3609851671846225,False
89.23294838518952,24.610048174143817,0.5562380047351957,0.38694382838256913,False,0.6251780365243683,False,0.3427367933105078,False
89.28294838518953,24.610048174143817,0.6131295981766346,0.28957810367626946,False,1.0406429649511169,False,0.3432764406158386,False
89.33294838518952,24.610048174143817,0.605258893476774,0.18470229533987415,False,1.2742777124359532,False,0.31743087406041703,False
89.38294838518952,24.610048174143817,0.5327110770637541,0.12963615855867971,False,1.3880210458748183,False,0.21728129698240004,False
89.43294838518952,24.610048174143817,0.5399002755223284,0.4502495004476318,False,1.2458921398109473,False,0.2880628211013319,False
89.48294838518952,24.610048174143817,0.6372625358242378,1.6354150298908832,False,0.6838710963785162,False,0.3569930427348206,False
89.53294838518953,24.610048174143817,0.6978814950843854,1.1968523750201585,False,-0.2488754383967493,False,0.2700845092115547,False
89.58294838518952,24.610048174143817,0.685462087527294,1.1317419640227098,False,-0.04501047648822465,False,0.24692132261562222,False
89.63294838518952,24.610048174143817,0.6513186658107646,1.3131680669508254,True,0.5770734593326776,False,0.22525887335239614,False
89.73294838518952,24.610048174143817,0.7060183475084096,1.565750352356596,True,1.1802746049942043,False,0.3129798372715591,False
89.78294838518953,24.610048174143817,0.6955546441229629,1.5546202729051188,True,0.9647644948415065,False,0.3389372315143703,False
89.83294838518952,24.610048174143817,0.5551883624611197,1.2256895142479822,False,0.762851382374967,False,0.20108939625657563,False
89.88294838518952,24.610048174143817,0.4011422283360703,-0.1602991080811725,False,0.2433871691608263,False,0.044589440056388,False
89.93294838518952,24.610048174143817,0.5472012875602488,-1.0633473800785107,False,0.3295698071059922,False,-0.09131602623032856,False
89.98294838518952,24.610048174143817,0.6943136180173638,-1.8148713291220553,True,1.0906675048831318,False,-0.10016369113116955,False
90.03294838518953,24.610048174143817,0.7129259825731356,-2.241488857075799,True,1.819759148941336,True,-0.06923683105175454,False
90.08294838518952,24.610048174143817,0.6628677252597922,-2.647084575637628,True,1.7328959952182454,True,-0.14291467089066112,False
90.13294838518952,24.610048174143817,0.611270053848559,-2.7420093918870987,True,0.2359252448679614,False,-0.12850140553793882,False
90.18294838518952,24.610048174143817,0.6326958195333432,-1.9800447962119845,False,-1.5526237224688264,False,0.00017899131940052326,False
90.23294838518952,24.610048174143817,0.6566784309533775,-1.2244421759581838,False,-2.1868427875215817,False,0.034585574019959375,False
90.28294838518951,24.610048174143817,0.6036112753137313,-0.6326654282728205,False,-1.960015933653163,False,0.13956847394176322,False
90.33294838518952,24.610048174143817,0.4973626279698608,-0.38001450240075213,False,-1.4204459163347827,False,0.2047966618181459,False
90.38294838518952,24.610048174143817,0.6214038134126774,-0.7268392059927123,False,-1.199551148017306,False,0.29946376376687056,False
90.43294838518952,24.610048174143817,0.7071530811802271,-0.8217844327449065,False,-0.6647545271013002,False,0.5135564605502957,False
90.48294838518952,24.610048174143817,0.6429676204322986,-0.3615497954698833,False,-0.17938036269963512,False,0.47294428068616573,False
90.53294838518951,24.610048174143817,0.5312824422847334,-0.24245122939311692,False,0.10671521802029457,False,0.2861657396354658,False
90.58294838518952,24.610048174143817,0.5393389890626475,-0.4540543204758618,False,0.27034089732457567,False,0.21367069775468236,False
90.63294838518952,24.610048174143817,0.6509258599448976,-0.6076092385510165,False,0.32883819377447393,False,0.20600179873481636,False
90.68294838518952,24.610048174143817,0.7297858229465177,-0.8135496425970301,False,0.447818898645156,False,0.16134630398691924,False
90.73294838518952,24.610048174143817,0.7783499703374536,-0.9462434621315224,False,0.6801726933365806,False,0.08294277058535751,False
90.78294838518951,24.610048174143817,0.7733182643739749,-0.903775615869328,False,1.1962488787720968,False,-0.0322799350674602,False
90.83294838518952,24.610048174143817,0.7698702296945268,-0.7956598167673893,False,1.9541031247714273,False,-0.15056755577558567,False
90.88294838518952,24.610048174143817,0.8493885447262962,-0.6591971677048512,False,2.445618697121807,True,-0.21056255170383809,False
90.93294838518952,24.610048174143817,0.8977055802630537,-0.6093913123478626,False,2.6774501882100066,True,-0.24616787502641554,False
90.98294838518952,24.610048174143817,0.8993381623765592,-0.7116870135903361,False,2.53862835584187,True,-0.2580003718455013,False
91.03294838518951,24.610048174143817,0.8597470151441574,-0.7726549425155963,False,2.1966866680767807,True,-0.212988541861812,False
91.08294838518952,24.610048174143817,0.7398524062695554,-0.21958034944811322,False,1.5579410767592687,True,-0.26165159105030944,False
91.13294838518952,24.610048174143817,0.5108784026294382,-0.042991505971871846,False,0.9319271332264899,True,-0.14190542395294878,False
91.18294838518952,24.610048174143817,0.5789526863556094,-0.5161184802495035,False,0.6470347628315098,False,-0.041632787838673246,False
91.23294838518952,24.610048174143817,0.7524849505237048,-0.8198743735435516,False,0.5501006772339243,False,-0.08613525318828125,False
91.28294838518951,24.610048174143817,0.8124344444420646,-0.9459401957558636,False,0.5751531236903882,False,-0.16424125517640908,False
91.33294838518952,24.610048174143817,0.8353231144304605,-1.1507643557073965,True,0.6901218887599663,False,0.07580215725734984,False
91.38294838518952,24.610048174143817,0.8483952580600292,-1.395748718210478,True,0.8105977584940577,False,0.4370762055008776,False
91.43294838518952,24.610048174143817,0.8668540370958918,-1.4866074697782703,False,0.9338182779607676,False,0.5701366146223937,False
91.48294838518952,24.610048174143817,0.8846525169603696,-1.1362612700534078,False,1.4056301979340382,True,0.4862620442268423,False
91.53294838518951,24.610048174143817,0.8924736378514693,-0.5579140552573791,False,2.076975975595655,True,0.2408708228350815,False
91.58294838518952,24.610048174143817,0.8965232981780001,0.0387527158957925,False,2.4528452385508936,True,-0.028783987127011704,False
91.63294838518952,24.610048174143817,0.9156258003823841,1.002770062567298,False,2.106318732108771,True,-0.3363267974759573,False
91.68294838518952,24.610048174143817,0.9354040366710629,1.8035220451930805,False,1.8908341328122198,True,-0.6421371020386979,False
91.73294838518952,24.610048174143817,0.9410410257702335,2.181037589933987,True,1.8839600509713412,True,-0.8176259288225906,False
91.78294838518951,24.610048174143817,0.9376366751414029,1.670333907553774,False,1.8515081718714772,True,-0.49235800687166476,False
91.83294838518952,24.610048174143817,0.9301554516515785,0.7250725534753851,False,1.8182743433775514,True,-0.07870582088588773,False
91.88294838518952,24.610048174143817,0.919816935023943,-0.2882302336819588,False,1.9881929665417628,True,0.07662937008311682,False
91.93294838518952,24.610048174143817,0.9076444273097145,-1.0753727294164797,False,2.3297858569325274,True,0.05614815874982382,False
91.98294838518952,24.610048174143817,0.8835171563005659,-0.4724152831741715,False,1.9207570136057401,False,0.11899125186114336,False
92.03294838518951,24.610048174143817,0.8189401402224229,0.8637178631818974,False,1.2228257338570718,False,0.24133183253820567,False
92.08294838518952,24.610048174143817,0.7453874834343406,0.8491378241202057,False,1.3376867608341438,False,0.368750909322228,False
92.13294838518952,24.610048174143817,0.6998849227923646,0.475339404417608,False,1.7092560313584253,True,0.44830746492752793,False
92.18294838518952,24.610048174143817,0.6828791687663022,0.30776820352469136,False,2.015570636118112,True,0.41040126603732274,False
92.23294838518952,24.610048174143817,0.6651293407573562,0.2138995467310414,False,2.221282678082704,True,0.26287786183490425,False
88.13294838518952,24.560048174143816,0.3111576989189784,-1.2569490697295687,False,0.6966590150972153,True,-0.2957427349763362,False
88.18294838518952,24.560048174143816,0.37410380969179136,-1.518768648379836,False,0.6871170416148324,True,-0.37528985601321824,False
88.23294838518952,24.560048174143816,0.47299140247476246,-1.933754035947366,True,0.6328187588625016,True,-0.498940604798955,False
88.28294838518953,24.560048174143816,0.6606045806031202,-2.8222608049794373,True,0.7262758614096572,True,-0.6530912839134455,True
88.33294838518952,24.560048174143816,0.7730183063690129,-3.721825945072781,True,1.0259222527008707,True,-0.7327757982439969,True
88.38294838518952,24.560048174143816,0.7927160099445443,-4.493755006778024,True,1.5334619381890888,True,-0.6759722141803677,True
88.43294838518952,24.560048174143816,0.7413036105877031,-4.465923861898849,True,1.9582026910066692,True,-0.6196886808603451,True
88.48294838518952,24.560048174143816,0.7351366498189568,-3.3819632175980656,True,2.9315290814766284,True,-0.4540738659859281,False
88.53294838518953,24.560048174143816,0.785142696229686,-1.921952842513209,False,3.9855590515773978,True,-0.27956210238411305,False
88.58294838518952,24.560048174143816,0.7892170741530974,-1.630240699336094,False,4.520721471911962,True,-0.43200721489467553,False
88.63294838518952,24.560048174143816,0.7625444676838772,-2.248805524272061,False,3.740371720372286,True,-0.4175558240234676,False
88.68294838518952,24.560048174143816,0.7397623610616597,-3.1996117034057123,True,2.316958449524373,True,-0.09261454390637738,False
88.73294838518952,24.560048174143816,0.7367306242481094,-3.2752994904141737,True,1.4124075657263218,False,0.5820930988686881,False
88.78294838518953,24.560048174143816,0.7150842081057792,-2.7330184904820185,False,0.8464974444942808,False,0.9152673080203007,True
88.83294838518952,24.560048174143816,0.666360482460386,-1.869040813338248,False,0.648979554850496,False,0.733521184720076,True
88.88294838518952,24.560048174143816,0.6739041686953945,-1.0032301207923742,False,0.8579713189282976,False,0.449087755999913,False
88.93294838518952,24.560048174143816,0.7247405837592134,-0.6601940940009143,False,1.114783665681459,False,0.2898188092895335,False
88.98294838518952,24.560048174143816,0.7851413930924844,-0.6329672697460698,False,1.1995524236804753,False,0.2022899312861641,False
89.03294838518953,24.560048174143816,0.8287088827318838,-0.9251305230451059,False,0.805914229881983,False,0.1475696970777265,False
89.08294838518952,24.560048174143816,0.8069060077374824,-0.6841554730576137,False,0.15639751074597674,False,0.27414700188634744,False
89.13294838518952,24.560048174143816,0.6867628919470377,-0.3255440466325793,False,-0.23060957882306338,False,0.45329221225176686,False
89.18294838518952,24.560048174143816,0.5451675331043587,-0.21416009918767315,False,-0.24660067295831412,False,0.5862374771599046,False
89.23294838518952,24.560048174143816,0.48958856429936604,-0.020971379993173722,False,0.11378656696919599,False,0.5935798448282577,False
89.28294838518953,24.560048174143816,0.503874624551794,0.3837619950942539,False,0.5352800626758684,False,0.4353602063013098,False
89.33294838518952,24.560048174143816,0.5127467535622285,0.8037551919680217,False,0.6979326826332493,False,0.21489193813662685,False
89.38294838518952,24.560048174143816,0.5057861065830637,1.007331881505848,False,0.6457397051315519,False,0.05277379307555226,False
89.43294838518952,24.560048174143816,0.5410475001546227,1.0018481655567495,False,0.43335468702469715,False,0.08930590367203933,False
89.48294838518952,24.560048174143816,0.6142920267607821,1.2392906125773446,False,0.12505610751856816,False,0.1748634017040456,False
89.53294838518953,24.560048174143816,0.7353061688567246,1.1669640609019858,False,-0.15486613244334302,False,0.17645389316916904,False
89.58294838518952,24.560048174143816,0.7543078246558703,1.255572238350581,False,0.216360950215005,False,0.20482592818622047,False
89.63294838518952,24.560048174143816,0.7555828625403124,1.5111327139127209,True,0.8616276401821364,False,0.2482003032472786,False
89.68294838518952,24.560048174143816,0.776807412422686,1.6972110459573966,True,1.2883552131393898,False,0.29575491040693136,False
89.73294838518952,24.560048174143816,0.7998849439812504,1.7838255236567908,True,1.1943245622679703,False,0.4258144747936805,False
89.78294838518953,24.560048174143816,0.7725743871188041,1.7805819222773447,True,0.9586493063987287,False,0.4289433154325955,False
89.83294838518952,24.560048174143816,0.6271349673530052,1.4400064291939383,True,0.7798006237813526,False,0.2040981144962848,False
89.88294838518952,24.560048174143816,0.31703421812250665,0.23311427611906538,False,0.4482131523799221,False,-0.021727164877976157,False
89.93294838518952,24.560048174143816,0.2902034679810635,-0.45295984424394375,False,0.4578664280174536,False,-0.14929985291720044,False
89.98294838518952,24.560048174143816,0.5802049441823817,-1.2615485777843365,False,1.1243766868424516,False,-0.1582462826722903,False
90.03294838518953,24.560048174143816,0.6803706268181753,-1.7669228607643799,True,2.0657556719384336,False,-0.04410597715561998,False
90.08294838518952,24.560048174143816,0.6460836222891979,-2.2287177540088305,True,1.977794029274374,False,-0.044241063276035275,False
90.13294838518952,24.560048174143816,0.5606028493693574,-2.636726432686154,True,0.7855950152476918,False,-0.05934610340306867,False
90.18294838518952,24.560048174143816,0.5372231910763848,-2.134670065234171,True,-0.6640749202032703,False,0.004233445608397557,False
90.23294838518952,24.560048174143816,0.572390746855686,-1.3332404779830014,False,-1.4763256695469857,False,0.0015035328167429252,False
90.28294838518951,24.560048174143816,0.5620222263071224,-0.8864448975101922,False,-1.4766564884313453,False,0.06346979773717397,False
90.33294838518952,24.560048174143816,0.5530842869140421,-0.5632413212034029,False,-1.4549462093507226,False,0.22753079782647373,False
90.38294838518952,24.560048174143816,0.6603084401311285,-0.43863949688219867,False,-1.3739096770700439,False,0.290262058010274,False
90.43294838518952,24.560048174143816,0.755876810815449,-0.2167887384431438,False,-1.1495961434075332,False,0.40587203801845306,False
90.48294838518952,24.560048174143816,0.730941524307337,0.2517404134230228,False,-0.4669754931803278,False,0.5288080329455153,False
90.53294838518951,24.560048174143816,0.6722919410377213,0.07333565331643571,False,0.03646459413393546,False,0.44020886092619266,False
90.58294838518952,24.560048174143816,0.6534506888257606,-0.33242739302938995,False,0.3900975886125509,False,0.3015787904511854,False
90.63294838518952,24.560048174143816,0.7038426721079792,-0.6235600021508463,False,0.6878527772586804,False,0.15161568139628873,False
90.68294838518952,24.560048174143816,0.7438647702622618,-0.7920513841233212,False,0.9219053937379069,False,0.03717387417378154,False
90.73294838518952,24.560048174143816,0.7383435811464881,-0.9074692727709406,False,0.8709516089927255,False,-0.003323508918586203,False
90.78294838518951,24.560048174143816,0.6514824608239755,-0.817094882131175,False,0.7714806835047239,False,-0.012028962878277483,False
90.83294838518952,24.560048174143816,0.6079620434462046,-0.6704167961933667,False,1.1738768498780305,False,-0.08744559023903503,False
90.88294838518952,24.560048174143816,0.7951052609898616,-0.7560487641496628,False,1.8872775419419787,False,-0.18601321019350908,False
90.93294838518952,24.560048174143816,0.8835217985741685,-0.8245515619146572,False,2.248568961353338,True,-0.2534821283731889,False
90.98294838518952,24.560048174143816,0.8945494052096402,-0.8465197563762393,False,2.3658652050212217,True,-0.2634269958527893,False
91.03294838518951,24.560048174143816,0.8593582910813305,-0.701751021111825,False,2.164453149341723,True,-0.1661754131246747,False
91.08294838518952,24.560048174143816,0.7542913009749473,-0.0927998818326739,False,1.6474975376803704,True,-0.09031701978137696,False
91.13294838518952,24.560048174143816,0.6246262689604661,-0.11688503223509755,False,1.2240746703105496,True,0.07163263665634212,False
91.18294838518952,24.560048174143816,0.7014557779453665,-0.5657660721209444,False,0.85075023399302,False,0.058642164613705694,False
91.23294838518952,24.560048174143816,0.7934898663885394,-0.9738496788836194,False,0.5232705371600891,False,-0.12603423860764823,False
91.28294838518951,24.560048174143816,0.8088398759900537,-1.1427742184174379,True,0.4408481129113232,False,-0.2552434929315581,False
91.33294838518952,24.560048174143816,0.8125277305725619,-1.3838717795219093,True,0.5153980404607034,False,0.05119905207689941,False
91.38294838518952,24.560048174143816,0.816256325280875,-1.5518910976789548,True,0.6727740103371247,False,0.4211440487553739,False
91.43294838518952,24.560048174143816,0.8368593827993731,-1.3646264939122035,False,0.9315547956877527,False,0.5733536944635365,False
91.48294838518952,24.560048174143816,0.8632733327798613,-0.9422735744286976,False,1.4077871363173236,True,0.5058061655439404,False
91.53294838518951,24.560048174143816,0.8662744512112494,-0.31640981065039747,False,1.9572640420020906,True,0.22601899377763085,False
91.58294838518952,24.560048174143816,0.8606292086270801,0.6539375159884219,False,2.0710918523428177,True,-0.05152919832268283,False
91.63294838518952,24.560048174143816,0.8859531046752047,1.5440497923037761,False,1.8278655546059515,True,-0.31537536528152366,False
91.68294838518952,24.560048174143816,0.9212546377172963,1.7997135447634234,False,1.8689293121229271,True,-0.5728407696230796,False
91.73294838518952,24.560048174143816,0.9344018086639185,1.9140515917432015,False,1.9062504097905528,True,-0.8395926786964096,False
91.78294838518951,24.560048174143816,0.9347618675059114,1.381542812549669,False,1.8731474120097045,True,-0.6909684971167541,False
91.83294838518952,24.560048174143816,0.9273425265057925,0.5334984047117413,False,1.8251270827241244,True,-0.3925859286747737,False
91.88294838518952,24.560048174143816,0.9079509586289032,-0.11299871195287309,False,1.9154399928668,True,-0.23242621520527743,False
91.93294838518952,24.560048174143816,0.8782563828526617,-0.6871494598748203,False,2.3532584657686293,True,-0.13210767418501773,False
91.98294838518952,24.560048174143816,0.8458872608995303,-0.35461174197228784,False,2.323265333461543,True,0.004129620163872277,False
92.03294838518951,24.560048174143816,0.8063100350601448,-0.15285688574830703,False,2.296718828464089,True,0.15302343130720952,False
92.08294838518952,24.560048174143816,0.7645944536684615,-0.4479541995103222,False,2.5163930810386943,True,0.27880339722573155,False
92.13294838518952,24.560048174143816,0.7425381638918375,-0.2710737009545663,False,2.5102480286647673,True,0.3942652287437426,False
92.18294838518952,24.560048174143816,0.7222058612867173,-0.1657284063686213,False,2.5601087304710934,True,0.447275318996435,False
92.23294838518952,24.560048174143816,0.7016759268949925,-0.040938044040582655,False,2.6405371201410768,True,0.4004689028773985,False
88.18294838518952,24.51004817414381,0.3806335200856142,-1.2261539436564541,False,0.6039999543291376,True,-0.5223724263714556,True
88.23294838518952,24.51004817414381,0.4960663364376332,-1.477649328990238,False,0.4935298260236569,False,-0.7225791526106687,True
88.28294838518953,24.51004817414381,0.6251723011293683,-1.8740275793387675,True,0.4390610482087472,False,-0.9080248468833104,True
88.33294838518952,24.51004817414381,0.6936701242496991,-2.364410443069392,True,0.48998785194852446,False,-0.9746238288292979,True
88.38294838518952,24.51004817414381,0.715942192711633,-3.5925889298092057,True,1.0577321968652629,True,-0.7563064412945585,True
88.43294838518952,24.51004817414381,0.6852102394980785,-4.07152404864623,True,1.2290369188007362,True,-0.5196804078825642,True
88.48294838518952,24.51004817414381,0.6508807635907439,-4.065897995415627,True,1.2136316300329797,True,-0.24544944964859206,False
88.53294838518953,24.51004817414381,0.6358229640994216,-3.2312701312350436,True,1.2050012908568586,True,-0.042638147959783074,False
88.58294838518952,24.51004817414381,0.6186350074286169,-3.0660824747857087,True,1.2605411461753004,True,-0.2559443914035431,False
88.63294838518952,24.51004817414381,0.5992949216625291,-2.896853942568204,True,1.1318043104374684,False,-0.3134168840299422,False
88.68294838518952,24.51004817414381,0.6012179182569029,-2.915727747589276,True,0.8666365329925007,False,-0.0013948101857537143,False
88.73294838518952,24.51004817414381,0.6026815360363142,-2.950968473825794,True,0.53109647414765,False,0.5124237304882544,False
88.78294838518953,24.51004817414381,0.5608853579770142,-2.9359392656202674,False,0.1708974427589916,False,0.7677286878186073,False
88.83294838518952,24.51004817414381,0.5456140633323513,-2.000671491049044,False,0.43564125616159877,False,0.5304739677609585,False
88.88294838518952,24.51004817414381,0.6677587728871391,-1.3536548283470107,False,1.2366600722893006,False,0.24734833638824177,False
88.93294838518952,24.51004817414381,0.7742122801396362,-1.2303018550365832,False,1.877401915589639,True,0.16846456615367875,False
88.98294838518952,24.51004817414381,0.838783297280472,-1.221819073583817,False,2.268664969125045,True,0.17721765887483246,False
89.03294838518953,24.51004817414381,0.8754460041281633,-1.659121677557176,False,1.9208469288556926,False,0.18492245543279662,False
89.08294838518952,24.51004817414381,0.8697092446017063,-1.9833703452543934,False,0.6683648241552386,False,0.3398753393735455,False
89.13294838518952,24.51004817414381,0.7972645975199039,-1.4067699948165182,False,-0.31110807620145436,False,0.6874450283247289,False
89.18294838518952,24.51004817414381,0.7054921623549592,-0.8851393684953559,False,-0.49289023297990797,False,0.8508657663087389,False
89.23294838518952,24.51004817414381,0.6663125476830236,-0.31752731943247936,False,-0.017187620760829636,False,0.9038454332882828,False
89.28294838518953,24.51004817414381,0.6311673423560943,0.39379408907836766,False,0.3143031660584449,False,0.6428655809347681,False
89.33294838518952,24.51004817414381,0.5766835324860099,1.192868357407458,False,0.17787687800259888,False,0.13638313441118916,False
89.38294838518952,24.51004817414381,0.5369226022514044,1.6306293284564264,False,0.0740802292182601,False,-0.09814041811244828,False
89.43294838518952,24.51004817414381,0.526207654480936,1.488361330543333,False,-0.19480971021123475,False,-0.05066031166155581,False
89.48294838518952,24.51004817414381,0.49274983669418526,1.0442357605680381,False,-0.37417094287781083,False,0.0412132654399061,False
89.53294838518953,24.51004817414381,0.716151570350292,0.9941418651060794,False,-0.39216273213825215,False,0.08484524180710498,False
89.58294838518952,24.51004817414381,0.7731428801236483,1.1738889300065445,True,0.08710014587428994,False,0.16046339004268076,False
89.63294838518952,24.51004817414381,0.7824912615597308,1.522757891924517,True,0.8158508690847528,False,0.28927057355936436,False
89.68294838518952,24.51004817414381,0.799520807318927,1.7918122967441434,True,1.142118610872104,False,0.44229851016347715,False
89.78294838518953,24.51004817414381,0.768570076498425,1.8877846284725552,True,0.850415688709599,False,0.5607733199236357,False
89.83294838518952,24.51004817414381,0.6270682255179015,1.4907678131840365,True,0.6728739698514861,False,0.2908272264024899,False
89.88294838518952,24.51004817414381,0.2810229644229923,0.2426488790794123,False,0.50061016335149,False,-0.01988436549467872,False
89.93294838518952,24.51004817414381,0.2095241381127277,-0.3931716073666344,False,0.4430674211978299,False,-0.09163352625471695,False
89.98294838518952,24.51004817414381,0.42444959881934313,-0.9246920180784435,False,0.7591113260057156,False,-0.08113219486079078,False
90.03294838518953,24.51004817414381,0.6214818971657882,-1.3125577226469747,False,1.5896882688688874,False,0.04509888771561897,False
90.08294838518952,24.51004817414381,0.6190064982372864,-1.4541136096380098,False,1.8796274563691744,False,0.0524731717202748,False
90.13294838518952,24.51004817414381,0.5227706902519257,-1.7337178398099145,False,1.2487187762067062,False,0.003851780241806241,False
90.18294838518952,24.51004817414381,0.45757236561722736,-1.6570836992454898,False,0.06654634833726142,False,-0.022785621595820843,False
90.23294838518952,24.51004817414381,0.48941472388235024,-1.3420181390102044,False,-0.5946887195753742,False,-0.024690498284810902,False
90.28294838518951,24.51004817414381,0.512746326893813,-1.2640788816618178,False,-0.6238198338377167,False,0.058166190730640686,False
90.33294838518952,24.51004817414381,0.5487302571471269,-1.2269480121035385,False,-0.7032331129947804,False,0.18111463738790926,False
90.38294838518952,24.51004817414381,0.6628810169699328,-0.6064835199740649,False,-0.9358473084934755,False,0.24403627085861335,False
90.43294838518952,24.51004817414381,0.7436276856743921,-0.07241406972745384,False,-0.9330717086413579,False,0.32628000916587246,False
90.48294838518952,24.51004817414381,0.7324304725479103,0.31591321664457434,False,-0.6393895395064771,False,0.46151205223964764,False
90.53294838518951,24.51004817414381,0.6778271475138427,0.26427450800238483,False,-0.2347260398029743,False,0.4934953808871284,False
90.58294838518952,24.51004817414381,0.6268082647166149,-0.04463120507908257,False,0.21328536199091214,False,0.35393883714386287,False
90.63294838518952,24.51004817414381,0.6442499289810357,-0.5076458265203082,False,0.8744498547391564,False,0.10526175175238914,False
90.68294838518952,24.51004817414381,0.6708222791980147,-0.7367309726396047,False,1.1973777169037114,False,-0.036302246854498114,False
90.73294838518952,24.51004817414381,0.6188177673118263,-0.7294207839170455,False,0.8464387795658491,False,-0.0034144845900921242,False
90.78294838518951,24.51004817414381,0.4080794360505396,-0.6063122062105478,False,0.416599487230989,False,0.03783702349600885,False
90.83294838518952,24.51004817414381,0.491593656369613,-0.5963393289395694,False,0.7963063755088926,False,-0.025425709686013376,False
90.88294838518952,24.51004817414381,0.7606907240600087,-0.9190950234723356,False,1.3196061675701176,False,-0.09051291763180322,False
90.93294838518952,24.51004817414381,0.8562778424503134,-1.0440504682427096,False,1.6982522908851088,False,-0.15771172077263831,False
90.98294838518952,24.51004817414381,0.8792958168003703,-0.9847733688437448,False,2.0470975751751954,True,-0.13499329681979208,False
91.03294838518951,24.51004817414381,0.8490935883073552,-0.6476866113540252,False,2.0447356795311507,True,-0.061340723482559395,False
91.08294838518952,24.51004817414381,0.7515318662083179,-0.28956096690134303,False,1.5751633119728856,True,0.10045244544970416,False
91.13294838518952,24.51004817414381,0.6558981333326075,-0.4184741553975605,False,1.0724582305720458,True,0.22173810898309226,False
91.18294838518952,24.51004817414381,0.7195689286134106,-0.869184281554362,True,0.5644308145504231,False,0.047637856621654734,False
91.23294838518952,24.51004817414381,0.780001195889808,-1.2895635485123176,True,0.24114746503353393,False,-0.13867093489517118,False
91.28294838518951,24.51004817414381,0.7967196105946368,-1.3972122717433815,True,0.36880552290815044,False,-0.028921505338474707,False
91.33294838518952,24.51004817414381,0.7990068684242486,-1.4199445729256301,True,0.6027173702755859,False,0.2934425817064962,False
91.38294838518952,24.51004817414381,0.7875202513548037,-1.0927239042868202,False,0.8253428594533245,False,0.5843935219023586,False
91.43294838518952,24.51004817414381,0.791193269287814,-0.6298543905623845,False,1.0126750961441109,False,0.6999692512369717,True
91.48294838518952,24.51004817414381,0.8099529763690058,-0.6558428008962749,False,1.2937289758158566,True,0.5880079430161522,False
91.53294838518951,24.51004817414381,0.8072136681733132,-0.9995114219758393,False,1.6907585904335862,True,0.20718751880955427,False
91.58294838518952,24.51004817414381,0.7694002784562364,-0.580725177669588,False,1.5820478404948808,True,-0.14181002230244466,False
91.63294838518952,24.51004817414381,0.7794429881963298,0.32016291975366484,False,1.3648823649005746,True,-0.296544593524902,False
91.68294838518952,24.51004817414381,0.854991328498555,0.15767372956944115,False,1.5927714845922711,True,-0.41231092323318635,False
91.73294838518952,24.51004817414381,0.8932939080532155,0.022871208358424377,False,1.8171858714204996,True,-0.7250725788094362,False
91.78294838518951,24.51004817414381,0.9028599243988427,-0.010549065294429338,False,1.9146625937083446,True,-0.8198328464018191,False
91.83294838518952,24.51004817414381,0.8906774508261374,-0.33682293274456754,False,1.8601106848860884,True,-0.4477039567900004,False
91.88294838518952,24.51004817414381,0.8384994052237378,-0.5319764028348419,False,1.8175222979646304,True,-0.19213539242978456,False
91.93294838518952,24.51004817414381,0.7836470861099879,-0.7201944792823078,False,2.161621617338705,True,-0.026655678732469018,False
91.98294838518952,24.51004817414381,0.7987649985819703,-1.2007409792482002,False,2.7671795558447285,True,0.05537927512399102,False
92.03294838518951,24.51004817414381,0.788046652507425,-1.2083449133111972,False,2.9959126503575657,True,0.14920237363285244,False
92.08294838518952,24.51004817414381,0.7818928167783528,-0.9890990171021523,False,3.0183370100707383,True,0.25003529605473196,False
92.13294838518952,24.51004817414381,0.7640972400997424,-0.8941193065376083,False,3.0789677093678356,True,0.34985855351018263,False
88.23294838518952,24.46004817414381,0.48097647590332854,-0.9395926276179672,False,0.25704688698558703,False,-0.8781573270986534,True
88.28294838518953,24.46004817414381,0.5729769724182253,-1.1575684497027148,False,0.13626437844620554,False,-0.9773792206363408,True
88.33294838518952,24.46004817414381,0.6315818099170409,-1.8020048937878232,False,0.24188562233296323,False,-0.8856276436142076,True
88.38294838518952,24.46004817414381,0.6394552724476552,-2.5042797518572937,True,0.3848762676195304,False,-0.6610420120904301,True
88.43294838518952,24.46004817414381,0.6066832651232112,-3.0128641736414714,True,0.25351401516752653,False,-0.29097901686332533,False
88.48294838518952,24.46004817414381,0.5516960441079825,-3.1943684992211274,True,0.1480812736927468,False,-0.06745748131152249,False
88.53294838518953,24.46004817414381,0.452164401076776,-2.3138312815209225,True,0.2891430866242748,False,-0.07130925044354332,False
88.58294838518952,24.46004817414381,0.4063678975668564,-1.1495502029577878,False,0.5442189074989886,False,-0.36579902464885733,False
88.63294838518952,24.46004817414381,0.3721367272338181,-0.10726451343425891,False,0.8025584652705846,True,-0.5305028189828705,False
88.68294838518952,24.46004817414381,0.44876293511076887,0.21839751915103642,False,1.040541905023182,True,-0.20932652010392083,False
88.73294838518952,24.46004817414381,0.4733566329058311,-0.10127708201213925,False,0.8474621058283147,False,0.13630226201008233,False
88.78294838518953,24.46004817414381,0.4012517251973679,-0.31370123477459655,False,0.4120554897734041,False,0.20261843348146827,False
88.83294838518952,24.46004817414381,0.39230011009952576,-1.1778082699829875,False,0.6537421572006561,False,0.24330920265599595,False
88.88294838518952,24.46004817414381,0.6473711365447344,-1.3576610477675204,False,1.6003440601555086,False,0.22773394546348966,False
88.93294838518952,24.46004817414381,0.7717132690211467,-1.1900296174591365,False,2.5480703332565953,True,0.2171140719693195,False
88.98294838518952,24.46004817414381,0.8281886914893178,-1.1739864084200577,False,3.058304219592583,True,0.20547413087967595,False
89.03294838518953,24.46004817414381,0.8590574099126334,-1.734092351758112,False,2.8693925015105046,True,0.1532061459654215,False
89.08294838518952,24.46004817414381,0.8651365340401896,-2.6976135872468006,True,1.826417782723643,False,0.17891998249881064,False
89.13294838518952,24.46004817414381,0.8353410351710344,-2.0626136291926143,False,1.049657560475299,False,0.8186512472044325,False
89.18294838518952,24.46004817414381,0.8003268074955142,-0.994484291498364,False,0.8770953717445225,False,1.2300653757064837,True
89.23294838518952,24.46004817414381,0.7928231767308817,-0.1575769897433646,False,1.2485532133142012,False,1.2722857893157435,True
89.28294838518953,24.46004817414381,0.7839215319096502,0.8472958599924443,False,1.3437039197275493,False,0.8675762760699858,False
89.33294838518952,24.46004817414381,0.7614021516571194,1.6863145000289474,False,0.7130958137390018,False,0.22175413227437207,False
89.38294838518952,24.46004817414381,0.7287688615908982,1.824245755152531,False,0.06321961406796307,False,-0.10230226875886728,False
89.43294838518952,24.46004817414381,0.6472481226542989,1.455837477089156,False,-0.3788911136578794,False,-0.1238420382906979,False
89.48294838518952,24.46004817414381,0.4660193023260894,0.7194985043088138,False,-0.6484633841378274,False,-0.05332948673729166,False
89.53294838518953,24.46004817414381,0.5567080544095545,0.7026204350854316,False,-0.7508798069368471,False,0.01637087225537894,False
89.58294838518952,24.46004817414381,0.704943614943077,0.892007620164024,False,-0.47624985875331427,False,0.12037855590413532,False
89.63294838518952,24.46004817414381,0.7234885196299783,1.2529831935097773,True,0.2793802330334707,False,0.3057461139475562,False
89.68294838518952,24.46004817414381,0.7296741087378137,1.6608700960290366,True,0.7371116709688008,False,0.5343306644607524,False
89.78294838518953,24.46004817414381,0.6811141867629211,1.5897379440730668,True,0.7874632137989979,False,0.5234221956013663,False
89.83294838518952,24.46004817414381,0.5467729922519934,1.0790940035109848,False,0.6195073198937364,False,0.24999533428477078,False
89.88294838518952,24.46004817414381,0.2969046114095702,0.2508994434533645,False,0.4578068514353041,False,0.04138067514270205,False
89.93294838518952,24.46004817414381,0.25687355579258986,-0.21719504878029666,False,0.24061304794344335,False,0.04813211094487282,False
89.98294838518952,24.46004817414381,0.3933682253733589,-0.8021116403781715,False,0.14265823915163212,False,0.13643326617882534,False
90.03294838518953,24.46004817414381,0.5857657664272284,-1.1664886934303291,False,0.5602990164917957,False,0.17718815878623362,False
90.08294838518952,24.46004817414381,0.6147309408202533,-0.983755009778302,False,1.1676512206497949,False,0.1171158488685698,False
90.13294838518952,24.46004817414381,0.5135533568709754,-0.6069832017731612,False,1.4721098379036612,False,0.042932240255643836,False
90.18294838518952,24.46004817414381,0.44552070384718306,-0.5985219453642251,False,1.0661617893440147,False,0.011139871490079372,False
90.23294838518952,24.46004817414381,0.47647317459228183,-0.761978302308381,False,0.5055523127103887,False,0.054879070686664796,False
90.28294838518951,24.46004817414381,0.4786848952916221,-1.287752024180018,False,0.15371888138026346,False,0.1661646079439271,False
90.33294838518952,24.46004817414381,0.5475641847955179,-1.7045301681028568,False,0.10614859247572173,False,0.19721688940353602,False
90.38294838518952,24.46004817414381,0.6619015192346023,-1.4826823897965982,False,-0.12916706258190652,False,0.19146335558473063,False
90.43294838518952,24.46004817414381,0.6878036962830726,-0.6368855862491671,False,-0.4588799315707732,False,0.22223077654938783,False
90.48294838518952,24.46004817414381,0.6347736151736492,0.1987245225011945,False,-0.5602174862937771,False,0.275952122604036,False
90.53294838518951,24.46004817414381,0.54326953350691,0.26456681287182643,False,-0.28839085703859973,False,0.33634934887810136,False
90.58294838518952,24.46004817414381,0.4533610557675227,0.058758067902813335,False,0.07122952935246006,False,0.25419908683061093,False
90.63294838518952,24.46004817414381,0.4564317239249691,-0.2780165775862158,False,0.6243362123142859,False,0.09319086397296342,False
90.68294838518952,24.46004817414381,0.4612368351086867,-0.5378990995833564,False,0.8935510304467871,False,0.012739394396144764,False
90.73294838518952,24.46004817414381,0.34818133083096225,-0.5119612044640798,False,0.4930870337341238,False,0.04804327360137109,False
90.78294838518951,24.46004817414381,0.09227853891467067,-0.44566920173283786,False,0.23167880651382447,False,0.0653541245277335,False
90.83294838518952,24.46004817414381,0.47993118364287846,-0.7589811551620629,False,0.5162082285876517,False,0.06251642566263252,False
90.88294838518952,24.46004817414381,0.7520968191387886,-1.13339548192328,False,0.8316082598666035,False,0.010674469007413367,False
90.93294838518952,24.46004817414381,0.8347546870854712,-1.162677805316649,False,1.2355404957403568,False,-0.13729503020084077,False
90.98294838518952,24.46004817414381,0.8497290766473466,-0.9935509771522997,False,1.7312100036943066,False,-0.0868545465779419,False
91.03294838518951,24.46004817414381,0.810813148052304,-0.6770540365061213,False,1.7128997320372727,True,0.0811168294533412,False
91.08294838518952,24.46004817414381,0.6918891140455584,-0.5073257334230511,False,1.0568319318847395,False,0.2644433430592311,False
91.13294838518952,24.46004817414381,0.5957525795742306,-0.596243625905174,False,0.6502818385044522,False,0.3215298857594268,False
91.18294838518952,24.46004817414381,0.6932765582186391,-0.9258379368479603,True,0.4724854272954365,False,0.22617251333490218,False
91.23294838518952,24.46004817414381,0.7971591717679118,-1.176029528689906,True,0.6432800858593803,False,0.29367941061763214,False
91.28294838518951,24.46004817414381,0.8487416707523222,-0.8815128827683523,False,1.098228429326375,True,0.48127574054433686,False
91.33294838518952,24.46004817414381,0.8600182572307812,-0.12764488672953064,False,1.5566551237082007,True,0.5998081405421598,False
91.38294838518952,24.46004817414381,0.8395881935157952,0.03216708544887677,False,1.4806080124047902,True,0.7574335936011696,True
91.43294838518952,24.46004817414381,0.8017780951037443,0.03107870875910515,False,1.1498724476751505,True,0.8376159332147254,True
91.48294838518952,24.46004817414381,0.7669862793818215,-0.7765980447270907,False,1.1315465081961191,True,0.6768610117504856,True
91.53294838518951,24.46004817414381,0.7388850292668058,-1.7174589940466733,False,1.462529850055988,True,0.26412852204240445,False
91.58294838518952,24.46004817414381,0.6929824170275795,-1.3290358197967258,False,1.3999585528288434,True,-0.12211031472324752,False
91.63294838518952,24.46004817414381,0.6752863921491878,-0.5551315120029556,False,1.119929280202125,True,-0.30744720554443916,False
91.68294838518952,24.46004817414381,0.7282330513548126,-0.6252215331384277,False,1.202261216623659,True,-0.34158255814913563,False
91.73294838518952,24.46004817414381,0.7779049955995393,-1.141558728150247,False,1.4425367378504292,True,-0.4563572983984504,False
91.78294838518951,24.46004817414381,0.7882326861220037,-1.2855272985799804,False,1.5385204975062186,True,-0.36341094587778566,False
91.83294838518952,24.46004817414381,0.7480782679679455,-1.2856377353334025,False,1.481342408193652,True,-0.0010985706368665804,False
91.88294838518952,24.46004817414381,0.6327848246678576,-1.0703524296048494,False,1.417234648823635,True,0.11308046398066315,False
91.93294838518952,24.46004817414381,0.7054344924952656,-1.0899434972069304,False,2.0785718773589537,True,0.07901663225086067,False
91.98294838518952,24.46004817414381,0.759698242960533,-1.4866525114414837,False,2.795106906316444,True,0.039299763846510405,False
92.03294838518951,24.46004817414381,0.7847866773170106,-1.4947287375377174,False,3.0758958201533613,True,0.07117993112534288,False
92.08294838518952,24.46004817414381,0.7847947694039865,-1.3343202298881573,False,3.218373266209082,True,0.18183484448136844,False
92.13294838518952,24.46004817414381,0.7835656557959819,-1.1546695161746092,False,3.268334933847014,True,0.27140730488345693,False
88.33294838518952,24.41004817414381,0.5673904763752314,-1.2929844583324486,False,0.02455138176956198,False,-0.8023756535697132,True
88.38294838518952,24.41004817414381,0.5649445156079248,-1.8407348168177586,True,0.08033198373421485,False,-0.5877929653436454,True
88.43294838518952,24.41004817414381,0.54537228513993,-2.2629003591970256,True,0.09853858303697405,False,-0.37228190412709905,False
88.48294838518952,24.41004817414381,0.4977528219205816,-2.1367081564347608,True,0.18643673043203296,False,-0.3283930376882756,False
88.53294838518953,24.41004817414381,0.4130838528318641,-1.1086510314005638,False,0.38094258965824723,False,-0.509855619036161,False
88.58294838518952,24.41004817414381,0.39223308101734045,0.22470034138568823,False,0.7076296326697411,True,-0.9813972302978473,True
88.63294838518952,24.41004817414381,0.4938739615914378,0.9307172543262532,False,1.0175517876339728,True,-1.0726726075998625,True
88.68294838518952,24.41004817414381,0.579821344532436,1.2489565909127878,False,1.3203467167225351,True,-0.8285328766365111,True
88.73294838518952,24.41004817414381,0.5880934699435433,1.2327652603004944,False,1.4556374431992554,True,-0.5030095018895002,False
88.78294838518953,24.41004817414381,0.45855167626264093,0.9909194193733739,False,0.9032359140545689,False,-0.2941282496656169,False
88.83294838518952,24.41004817414381,0.40459320400024446,-0.5504170248746348,False,0.5083204943341327,False,-0.09986319664309959,False
88.88294838518952,24.41004817414381,0.5849512680874431,-1.211711258669049,False,1.649216142259426,False,0.11928456503351016,False
88.93294838518952,24.41004817414381,0.6953219328518517,-0.9710298246477818,False,2.5307264874950723,True,0.18772316029549282,False
88.98294838518952,24.41004817414381,0.748157352389984,-1.0410546151317748,False,2.682314774732935,True,0.1530685134083639,False
89.03294838518953,24.41004817414381,0.7775032792008916,-1.740033368178993,False,2.2682494749312703,True,0.06252152264584539,False
89.08294838518952,24.41004817414381,0.7864953131423246,-2.6311170389619774,True,1.7823075470426257,True,0.03783962164562678,False
89.13294838518952,24.41004817414381,0.7776301747024748,-2.243198967051418,True,1.7093918500922225,True,0.285119964429116,False
89.18294838518952,24.41004817414381,0.7847132726134687,-0.9529848687542182,False,1.786589783183218,True,0.5927761153799671,False
89.23294838518952,24.41004817414381,0.8031759155704108,0.223194906180893,False,2.1415981608438073,True,0.6886664386252312,False
89.28294838518953,24.41004817414381,0.8279419737492665,1.521915229102535,False,2.552799155560087,True,0.4731631392741606,False
89.33294838518952,24.41004817414381,0.8468405680015677,2.4601395998315936,True,2.179790435210605,True,0.11992517918008834,False
89.38294838518952,24.41004817414381,0.8444741711535383,2.316735103040152,True,0.817895123724872,False,-0.04867941373331007,False
89.43294838518952,24.41004817414381,0.7848659293813998,1.3767577426242716,False,-0.36338615357484794,False,-0.13588349381282516,False
89.48294838518952,24.41004817414381,0.6561112469012252,0.5015405737098828,False,-0.8546403425622353,False,-0.1279613406777314,False
89.53294838518953,24.41004817414381,0.5883110375283652,0.46991043057109844,False,-1.019459532257005,False,-0.015806378808426086,False
89.58294838518952,24.41004817414381,0.6266515157084283,0.6371693202519798,False,-0.8843993004774423,False,0.1294394139074247,False
89.63294838518952,24.41004817414381,0.6059251616779258,0.884266968892846,False,-0.32321558154620667,False,0.3044628150949908,False
89.68294838518952,24.41004817414381,0.5631956182659131,1.218548701035247,True,0.2347510308110204,False,0.4329210770413705,False
89.73294838518952,24.41004817414381,0.521382717448332,1.1969267266963701,True,0.6864210575704446,False,0.3673026568411569,False
89.83294838518952,24.41004817414381,0.3708814856709408,0.5532848475647067,False,0.6792274597440273,False,0.12959988421436155,False
89.88294838518952,24.41004817414381,0.3649159459713235,0.2434196857618755,False,0.3325491340426887,False,0.08515234105674493,False
89.93294838518952,24.41004817414381,0.4561718213086867,-0.20251027855760217,False,-0.15869193859481218,False,0.10785983403571403,False
89.98294838518952,24.41004817414381,0.5467106808252418,-0.9441014350340757,False,-0.8114562782265609,False,0.17065841036975016,False
90.03294838518953,24.41004817414381,0.6142780608844167,-1.3368339729452994,False,-0.4404067843988402,False,0.20575947283532003,False
90.08294838518952,24.41004817414381,0.6078503006062297,-1.0428874403639503,False,0.2897433683756162,False,0.11452840540059606,False
90.13294838518952,24.41004817414381,0.5513609056929,-0.511996523540196,False,0.9107825173424288,False,-0.004503041485272301,False
90.18294838518952,24.41004817414381,0.5401969765318272,-0.0971259095166277,False,1.2933181500701798,False,-0.022245444383942485,False
90.23294838518952,24.41004817414381,0.5260530399687006,-0.20276395241135559,False,1.369565238904068,False,0.07980546308151992,False
90.28294838518951,24.41004817414381,0.5608162130225111,-0.872045654978461,False,1.3159498770161273,False,0.1788750526486298,False
90.33294838518952,24.41004817414381,0.6437042669644737,-1.649315080491843,False,1.1332626024499284,False,0.2161487776834004,False
90.38294838518952,24.41004817414381,0.7041085865966114,-1.9769193048037437,False,0.9048275508111427,False,0.19148015823297088,False
90.43294838518952,24.41004817414381,0.729269694565566,-0.9693904693870086,False,0.3326456934015283,False,0.20780062421338494,False
90.48294838518952,24.41004817414381,0.6757769166748384,0.08142468845942957,False,-0.16364615585565292,False,0.17518631285306002,False
90.53294838518951,24.41004817414381,0.408534553141816,0.27455576363075296,False,-0.17535080584791113,False,0.08669576923632429,False
90.58294838518952,24.41004817414381,0.14585151932743204,0.1170293201924778,False,0.10433563147284669,False,0.04588628994947942,False
90.63294838518952,24.41004817414381,0.217088472106838,-0.10313671833736768,False,0.37293075959056166,False,0.012817777163600452,False
90.68294838518952,24.41004817414381,0.2205876242640398,-0.3077155778128296,False,0.44719748178227975,False,0.03089353080299779,False
90.73294838518952,24.41004817414381,0.04717156072391169,-0.3274383569893252,False,0.18829219723489368,False,0.06452145528680488,False
90.78294838518951,24.41004817414381,0.016294423685777656,-0.41435759725230903,False,0.21249038406490517,False,0.06568270502930637,False
90.83294838518952,24.41004817414381,0.5146097202045241,-0.9144441024675024,False,0.4688220971482372,False,0.07426515678244133,False
90.88294838518952,24.41004817414381,0.7488666882646546,-1.2593867992355539,False,0.770704665947425,False,-0.016669244839855102,False
90.93294838518952,24.41004817414381,0.8227347054935856,-1.227576781253569,False,1.1588804670446429,False,-0.2194679991085623,False
90.98294838518952,24.41004817414381,0.8209560325564564,-0.8950946642319793,False,1.5340946229427979,False,-0.26662618777116365,False
91.03294838518951,24.41004817414381,0.7436900432776159,-0.6379946555573908,False,1.0826555131833753,False,0.016744390583273372,False
91.08294838518952,24.41004817414381,0.5261618281899472,-0.48379818535610875,False,0.49904623957371985,False,0.243224794563218,False
91.13294838518952,24.41004817414381,0.5319996814263916,-0.6034764368536074,False,0.48070014750424195,False,0.34536242240392045,False
91.18294838518952,24.41004817414381,0.7710054333900489,-0.8404237546959853,True,0.8621767770004581,True,0.4955658926810953,False
91.23294838518952,24.41004817414381,0.876625619105695,-0.7955941358562489,False,1.3486398736939988,True,0.6339107963745299,False
91.28294838518951,24.41004817414381,0.9122276764871138,-0.22451914858973787,False,1.7579298579063698,True,0.5681123555339134,False
91.33294838518952,24.41004817414381,0.9190350247250603,0.2124353315527266,False,1.9800926753353272,True,0.5008136323535548,False
91.38294838518952,24.41004817414381,0.8997362765316234,0.2121517429988682,False,1.8429330006357663,True,0.6125971578398143,True
91.43294838518952,24.41004817414381,0.8565619279775181,0.010778946314970006,False,1.4041602587742739,True,0.7739045569048102,True
91.48294838518952,24.41004817414381,0.7940600297481291,-1.079186315406758,False,1.2715030990459837,True,0.6711058206674192,True
91.53294838518951,24.41004817414381,0.7229881724656996,-1.9794955196467472,True,1.45154699291663,True,0.36848760304936856,False
91.58294838518952,24.41004817414381,0.6688002164169231,-1.6638908695685257,False,1.3871095468038053,True,-0.03614615160806927,False
91.63294838518952,24.41004817414381,0.6501507959696811,-0.7956200735116925,False,1.1006452035754704,True,-0.2742437140860182,False
91.68294838518952,24.41004817414381,0.6481033104645085,-0.3240116213896957,False,0.9833498803041486,True,-0.32522483710321803,False
91.73294838518952,24.41004817414381,0.6520883982337197,-0.7822794756403705,False,1.155536849132981,True,-0.3167362938159517,False
91.78294838518951,24.41004817414381,0.6222838118476421,-1.1217889373826693,False,1.2627572264976696,True,-0.20350095743086227,False
91.83294838518952,24.41004817414381,0.5433057240824323,-1.1798642477918062,False,1.2599862001923876,True,-0.07216475311069923,False
91.88294838518952,24.41004817414381,0.5494081101473901,-1.2312112507979716,False,1.5135111514645638,True,-0.13118727381185985,False
91.93294838518952,24.41004817414381,0.6764111222758566,-1.333973350204905,False,2.2075762377768187,True,-0.13202866922282483,False
91.98294838518952,24.41004817414381,0.7560189453490292,-1.4816869054903874,False,2.7898551773932523,True,-0.1513317520138857,False
92.03294838518951,24.41004817414381,0.7817278650120758,-1.4467306051648707,False,3.064560732253362,True,-0.10381312764758416,False
92.08294838518952,24.41004817414381,0.790768279617486,-1.259867162995648,False,3.18196420077537,True,-0.0167383477146526,False
92.13294838518952,24.41004817414381,0.7926336951689543,-1.020560742932511,False,3.2531645148325223,True,0.08515642537263429,False
88.48294838518952,24.360048174143817,0.4919751967515375,-1.1799634315487313,False,0.37855806946185067,False,-0.6712038912676195,False
88.53294838518953,24.360048174143817,0.498290699957256,-0.2697881535333628,False,0.6910246484398301,True,-0.9966281204943909,True
88.58294838518952,24.360048174143817,0.5403715070189287,0.7027797171459297,False,0.9796667100125519,True,-1.381273137451274,True
88.63294838518952,24.360048174143817,0.6228806399213309,1.227178017455292,False,1.1705022964327774,True,-1.3129680479990746,True
88.68294838518952,24.360048174143817,0.6795594791947864,1.6696732948013604,False,1.426419217667905,True,-1.0767013781052062,True
88.73294838518952,24.360048174143817,0.6794387022479008,1.6424733926001227,False,1.5307902904808508,True,-0.7203346338568359,True
88.78294838518953,24.360048174143817,0.57092454482038,1.015471817519749,False,1.19524145024703,True,-0.4253864606715706,False
88.83294838518952,24.360048174143817,0.48201034612304183,-0.4628749639665834,False,0.6800284837917174,False,-0.22512782237148596,False
88.88294838518952,24.360048174143817,0.5852186642335861,-1.198701331115152,False,1.2297843122394576,False,-0.05091661690120754,False
88.93294838518952,24.360048174143817,0.6107067781406001,-1.1159992330828565,False,1.3430512268140669,False,0.003279550188646417,False
88.98294838518952,24.360048174143817,0.5823242714893936,-1.0649804388857833,False,1.2067251326754351,False,0.01055811865682171,False
89.03294838518953,24.360048174143817,0.5601214970698655,-1.151667038932794,False,1.0827070506853655,False,0.03490250175577665,False
89.08294838518952,24.360048174143817,0.543502964774696,-1.2086143181290607,False,1.1351456796541584,False,0.08568860329441613,False
89.13294838518952,24.360048174143817,0.5913167018039371,-0.8608822650982135,False,1.532467087378332,False,0.006352469262232596,False
89.18294838518952,24.360048174143817,0.6565604757342829,-0.3603610531791266,False,1.9845375988074299,True,-0.08099380881464635,False
89.23294838518952,24.360048174143817,0.7194412222624649,0.4476903151790661,False,2.4350509986175544,True,0.059691603769024826,False
89.28294838518953,24.360048174143817,0.7978032061894368,1.3811513254976806,False,3.041814810383143,True,0.17076964661179223,False
89.33294838518952,24.360048174143817,0.8554684729990881,2.1321812794538455,True,3.0060224742599555,True,0.14510232424904324,False
89.38294838518952,24.360048174143817,0.8682138914678093,2.26409606794164,True,1.7052603420129375,False,0.06374926245040628,False
89.43294838518952,24.360048174143817,0.8318448977092916,1.2804752815290765,False,-0.13424086138968191,False,-0.051561809962064,False
89.48294838518952,24.360048174143817,0.7664837211081512,0.38218189352085635,False,-1.079390535336174,False,-0.060986354031195386,False
89.53294838518953,24.360048174143817,0.7141971003535152,0.5073041140683714,False,-1.4291226866028763,False,0.05138603564751881,False
89.58294838518952,24.360048174143817,0.6530532894162951,0.4111654346270679,False,-1.1175679697228473,False,0.1845090454434332,False
89.63294838518952,24.360048174143817,0.554317497178421,0.49151444367006414,False,-0.7564767583561463,False,0.28722711408594176,False
89.68294838518952,24.360048174143817,0.4192941334790129,0.4958044279300243,False,-0.2065476187125811,False,0.22590765426973725,False
89.73294838518952,24.360048174143817,0.3084653898103815,0.37940497605293394,False,0.5718054417569638,False,-0.0117705267278514,False
89.83294838518952,24.360048174143817,0.2826601836286503,0.31034535812892156,False,0.6442902548208302,False,0.10126017704782325,False
89.88294838518952,24.360048174143817,0.4467714662415171,0.024667118196749924,False,0.0897046990736423,False,0.10145693715116329,False
89.93294838518952,24.360048174143817,0.6038254973691621,-0.5212975745079285,False,-0.8303357835963456,False,0.051939593797821454,False
89.98294838518952,24.360048174143817,0.6641291975208867,-1.0561654153476856,False,-1.3732294774591869,False,0.08875301099515201,False
90.03294838518953,24.360048174143817,0.6501588190087709,-1.36492517715318,False,-0.916030513109687,False,0.12612271084034388,False
90.08294838518952,24.360048174143817,0.5689530427794001,-0.9365204967240747,False,-0.1611666080551597,False,0.04947918977578209,False
90.13294838518952,24.360048174143817,0.5503369612606397,-0.1726911310693255,False,0.7990905594404197,False,-0.09029643326791544,False
90.18294838518952,24.360048174143817,0.5674450899182847,0.2036640689621279,False,1.1878370330978358,False,-0.08598778870900142,False
90.23294838518952,24.360048174143817,0.582915822913126,0.16938659047002982,False,1.667651501510421,False,-0.01631302578724645,False
90.28294838518951,24.360048174143817,0.662980835744655,0.0392108162783488,False,2.085136317245535,True,0.017030176466959812,False
90.33294838518952,24.360048174143817,0.7206970759544179,-0.14771800330766266,False,2.0625557560456276,True,0.020345631825164467,False
90.38294838518952,24.360048174143817,0.772299595740207,-0.5497121516649476,False,1.8896548245422078,True,0.09453327164498501,False
90.43294838518952,24.360048174143817,0.8072720580968078,-0.24961635437718865,False,1.4882799798381183,True,0.23795310900058525,False
90.48294838518952,24.360048174143817,0.8004165124800342,0.1414144163716845,False,0.868416443463644,False,0.30156063116548554,False
90.53294838518951,24.360048174143817,0.6561009202677326,0.23015262396780134,False,0.37098149681305126,False,0.06026670379804545,False
90.58294838518952,24.360048174143817,0.16697676600463754,0.12561067151950198,False,0.2816079542330035,False,-0.08051318278523939,False
90.63294838518952,24.360048174143817,0.22459829172019227,-0.08707484087804317,False,0.45685062073729565,False,-0.10668854637235631,False
90.68294838518952,24.360048174143817,0.2920484874755934,-0.32541756557756024,False,0.5142186552989219,False,-0.06721485704523743,False
90.73294838518952,24.360048174143817,0.10638875366951019,-0.39792510454337876,False,0.32555812130457434,False,0.0008736313908558196,False
90.78294838518951,24.360048174143817,0.11633803524848077,-0.41149261993309716,False,0.33678817394874305,False,0.040014738100711975,False
90.83294838518952,24.360048174143817,0.5805274245569101,-0.9735097557642793,False,0.6452497644401278,False,0.0227539922705991,False
90.88294838518952,24.360048174143817,0.7680188193153005,-1.3420001378202802,False,0.9521717335124057,False,-0.10252732705741174,False
90.93294838518952,24.360048174143817,0.8203458364149887,-1.2684898632713322,True,1.348337661474717,False,-0.3382325738187591,False
90.98294838518952,24.360048174143817,0.8093591403901189,-0.9408915621007403,False,1.5499798759719974,False,-0.43055865303116253,False
91.03294838518951,24.360048174143817,0.7072671101464278,-0.674949896484297,False,0.9777984465308436,False,-0.11635226381909305,False
91.08294838518952,24.360048174143817,0.43417043404562067,-0.5603840190745084,False,0.5112088648023015,False,0.14414541748085202,False
91.13294838518952,24.360048174143817,0.6642639516595384,-0.825470808997754,True,0.7910812826198611,True,0.2393246556305887,False
91.18294838518952,24.360048174143817,0.8490864902842961,-1.0856772618179675,True,1.2633034088725528,True,0.30056083457601346,False
91.23294838518952,24.360048174143817,0.9045806113713042,-1.0797405119944719,True,1.6561454939516067,True,0.32079103934164294,False
91.28294838518951,24.360048174143817,0.9257510757554916,-0.7984665837609167,False,1.934168242320963,True,0.26335976742061,False
91.33294838518952,24.360048174143817,0.9295491995000275,-0.3122559600998486,False,2.0970096457878347,True,0.2625841094644022,False
91.38294838518952,24.360048174143817,0.9175998536268132,-0.15293392838892733,False,2.0815558253750552,True,0.3447896799603014,False
91.43294838518952,24.360048174143817,0.8765311786603811,-0.4517389560793864,False,1.7849461341663608,True,0.43875069035669917,False
91.48294838518952,24.360048174143817,0.8134586998602983,-1.1372414065044116,False,1.4301273370076748,True,0.42803612902531973,False
91.53294838518951,24.360048174143817,0.712741735144713,-1.4855236320827125,False,1.293290595123561,True,0.26697266727702135,False
91.58294838518952,24.360048174143817,0.6381345036782884,-1.167431924996437,False,1.1891176681609947,True,-0.1170529092303267,False
91.63294838518952,24.360048174143817,0.6119210921465039,-0.5059924485125141,False,1.0324270088082066,True,-0.2993505797953027,False
91.68294838518952,24.360048174143817,0.5974323371073847,0.24837326244011654,False,0.9078088264481673,False,-0.29824626345886024,False
91.73294838518952,24.360048174143817,0.5740460349506809,-0.1036785415197667,False,1.007174516735917,False,-0.2693698425062251,False
91.78294838518951,24.360048174143817,0.5691068209251434,-0.8551512110458876,False,1.2462377932843822,True,-0.2822699914204233,False
91.83294838518952,24.360048174143817,0.5989005575276902,-1.2917505782014786,False,1.473741840020259,True,-0.3840395459508926,False
91.88294838518952,24.360048174143817,0.6011913295824475,-1.5097157616260075,False,1.7762687453282489,True,-0.4565345726778281,False
91.93294838518952,24.360048174143817,0.6992658609085883,-1.6840499780361706,False,2.3738210107587725,True,-0.44275123638210234,False
91.98294838518952,24.360048174143817,0.762825656177799,-1.6633502360989645,False,2.808752630618134,True,-0.3551716601707411,False
88.58294838518952,24.310048174143816,0.6295780725092158,0.9919359121565738,False,1.1493436797856835,True,-1.6219282520310296,True
88.63294838518952,24.310048174143816,0.6962099095035346,1.1612351252904383,False,1.25287796311004,True,-1.2992740981824096,True
88.68294838518952,24.310048174143816,0.7366213992867111,1.316447917361021,False,1.4130305405529633,True,-0.9846694798362015,True
88.73294838518952,24.310048174143816,0.7212700454207491,1.3861318865874481,False,1.493337764376351,True,-0.6922375375732421,True
88.78294838518953,24.310048174143816,0.5936235250542539,0.7797027923135404,False,1.1661493078458127,True,-0.436935276356079,False
88.83294838518952,24.310048174143816,0.5073351457155032,-0.477244659702912,False,0.7720244126347299,True,-0.2607207159661586,False
88.88294838518952,24.310048174143816,0.6121009965412669,-1.3482034346175267,False,0.6239009055340576,False,-0.17200798999930111,False
88.93294838518952,24.310048174143816,0.6447854321097501,-1.366876584195274,False,0.7048412963169786,False,-0.0948138388280219,False
88.98294838518952,24.310048174143816,0.5617230846784749,-1.2899758102595542,False,0.6531291504839637,False,-0.008533782990400647,False
89.03294838518953,24.310048174143816,0.4383286867908,-1.2716806642497827,False,0.6000909482092752,False,0.16281255080836565,False
89.08294838518952,24.310048174143816,0.3992246010624223,-0.5708700468356546,False,0.8401720649333884,False,0.19788394314655688,False
89.13294838518952,24.310048174143816,0.46028337174156997,0.28114279197701864,False,1.371593841538203,False,0.07211002026241997,False
89.18294838518952,24.310048174143816,0.5078587840695558,0.19658251728559284,False,1.9406359750179072,True,-0.0689537953262166,False
89.23294838518952,24.310048174143816,0.5800362634837705,0.3495313117427534,False,2.508280105726056,True,-0.0335153643141044,False
89.28294838518953,24.310048174143816,0.7054525637130973,0.6538581642254336,False,3.2153617116617257,True,0.08941703635963835,False
89.33294838518952,24.310048174143816,0.7941947677478213,1.0312187627335088,False,3.334590615943154,True,0.1731032337552575,False
89.38294838518952,24.310048174143816,0.8268439164590544,1.365620971688655,False,2.421415129213079,True,0.21458551951014088,False
89.43294838518952,24.310048174143816,0.8144141695612243,0.87733916145823,False,0.3786867014143157,False,0.13776270870603677,False
89.48294838518952,24.310048174143816,0.7806391173238254,0.2935710990355968,False,-1.1370977836226173,False,0.1102904964990491,False
89.53294838518953,24.310048174143816,0.7577575702835975,0.6402992512325133,False,-1.6758270859251598,False,0.17502822640029342,False
89.58294838518952,24.310048174143816,0.7006783154601108,0.4828683606212456,False,-1.1533794711305405,False,0.24585207972388237,False
89.63294838518952,24.310048174143816,0.6034708113830025,0.16945715110332443,False,-0.8521724307623276,False,0.2436895965051695,False
89.68294838518952,24.310048174143816,0.4766768524554939,-0.17208663655920706,False,-0.4157553790961426,False,0.04067115245398879,False
89.73294838518952,24.310048174143816,0.39448334485783726,-0.16183169350729343,False,0.4289225890213462,False,-0.22072934913522085,False
89.83294838518952,24.310048174143816,0.42398257993492344,0.059822205973556364,False,0.5863360707605263,False,0.04742770318419831,False
89.88294838518952,24.310048174143816,0.5148001771133013,-0.2727228599630278,False,0.0025264721962968426,False,0.07627824618859236,False
89.93294838518952,24.310048174143816,0.6238540879858728,-0.8060621996057763,False,-0.8227899614634953,False,0.006560323116622736,False
89.98294838518952,24.310048174143816,0.67129565798876,-1.0342338455963724,False,-1.3740731511244149,False,-0.06315069582554156,False
90.03294838518953,24.310048174143816,0.612275385523312,-1.131356181607467,False,-1.1537355726873668,False,-0.050783522381482746,False
90.08294838518952,24.310048174143816,0.4861669237145054,-0.5225479805863014,False,-0.5227129177951656,False,-0.017247510636889375,False
90.13294838518952,24.310048174143816,0.48555865702079787,0.3224398864226097,False,0.4212173649171581,False,-0.042501568295609124,False
90.18294838518952,24.310048174143816,0.4580223661003492,0.607526309777308,False,0.9154466699023498,False,-0.04191027356412021,False
90.23294838518952,24.310048174143816,0.6218745683016804,0.5068922311553856,False,1.9317832067764398,True,-0.10099647951612772,False
90.28294838518951,24.310048174143816,0.73001180178803,0.3078372940010622,False,2.302631505363055,True,-0.1165692273361764,False
90.33294838518952,24.310048174143816,0.7832824323387463,1.032590120639159,False,2.666183063046578,True,-0.2281362403173489,False
90.38294838518952,24.310048174143816,0.8188431580745853,1.0066093957873399,False,2.864267448592475,True,-0.15521483249140197,False
90.43294838518952,24.310048174143816,0.8517170202922806,0.7565009140692599,False,2.7909000745199193,True,0.06387763844783903,False
90.48294838518952,24.310048174143816,0.8676510778863833,0.5797520205640072,False,2.3348368578474954,True,0.297016478798396,False
90.53294838518951,24.310048174143816,0.8286042438925699,0.3380826611693183,False,1.6795099763584678,True,0.25251884923714396,False
90.58294838518952,24.310048174143816,0.5597590990813334,-0.004382528413845434,False,0.951945517023446,False,-0.010672726650056377,False
90.63294838518952,24.310048174143816,0.4244845211492866,-0.28546614795805925,False,0.8661526505994541,False,-0.12783646393219988,False
90.68294838518952,24.310048174143816,0.484852432217173,-0.6113064205090513,False,0.8844480540270383,False,-0.13775542410932962,False
90.73294838518952,24.310048174143816,0.35724708742742184,-0.6494704211949494,False,0.6966316519975007,False,-0.07112786030749994,False
90.78294838518951,24.310048174143816,0.3265751455674261,-0.46204249070389825,False,0.5490076707292776,False,0.000430329846825131,False
90.83294838518952,24.310048174143816,0.6568321021411717,-0.8635173167404598,False,0.7505765275299984,False,-0.004283686683515253,False
90.88294838518952,24.310048174143816,0.8033443109866902,-1.2034832813857832,False,1.1561669636199041,False,-0.1667674309726967,False
90.93294838518952,24.310048174143816,0.8422169341460113,-1.1148605387425543,False,1.6677861907189078,False,-0.4496647457888309,False
90.98294838518952,24.310048174143816,0.8333877706562974,-0.9835151830678047,False,1.761593258109736,True,-0.5379228328610077,False
91.03294838518951,24.310048174143816,0.7342115020347112,-0.8693637885461436,False,1.2334225780932948,False,-0.25371283691394986,False
91.08294838518952,24.310048174143816,0.6085305947517048,-0.8454593671497829,False,1.003823269232044,True,-0.07557701287848123,False
91.13294838518952,24.310048174143816,0.7840047597740787,-1.1476002365820193,True,1.288117708442973,True,-0.11578645550526173,False
91.18294838518952,24.310048174143816,0.8670883711094838,-1.4207917685980032,True,1.6074368024110992,True,-0.24118025730606907,False
91.23294838518952,24.310048174143816,0.8964923515718471,-1.5726257294400656,True,1.8392048156358205,True,-0.32053516433415974,False
91.28294838518951,24.310048174143816,0.9034034872446567,-1.5798828594374053,True,1.9746071272377403,True,-0.16874832667473544,False
91.33294838518952,24.310048174143816,0.8960999903961039,-1.212917581061974,False,2.0846995640543677,True,0.03698487952566096,False
91.38294838518952,24.310048174143816,0.8640503910044356,-0.7810779070081768,False,2.0496500179245385,True,0.18444348461181986,False
91.43294838518952,24.310048174143816,0.783030914368926,-0.6445000794431839,False,1.5321111866988302,True,0.11185787552168826,False
91.48294838518952,24.310048174143816,0.6479919863030478,-0.4208426891418825,False,0.7817677359845141,False,-0.06897926761936249,False
91.53294838518951,24.310048174143816,0.5722564575666884,-0.40034307405102665,False,0.7902984046436636,False,-0.258222418588106,False
91.58294838518952,24.310048174143816,0.5324458702741119,-0.39857874493211015,False,0.9393800950484363,False,-0.38839989419785714,False
91.63294838518952,24.310048174143816,0.5189136897245036,-0.25555476770200536,False,1.0550124248139416,False,-0.3921092635285225,False
91.68294838518952,24.310048174143816,0.49584459924552726,0.18238538689271538,False,1.0564609473132307,True,-0.3296123932275612,False
91.73294838518952,24.310048174143816,0.4807649500469839,0.4334046555639717,False,1.05353175878516,True,-0.28615835586141497,False
91.78294838518951,24.310048174143816,0.5815700225159492,-0.5886273612645789,False,1.4371467974657777,True,-0.38743628886972026,False
91.83294838518952,24.310048174143816,0.6540541192612126,-1.377835053481322,False,1.7481170515036837,True,-0.5590575656561902,False
91.88294838518952,24.310048174143816,0.6767059093446599,-1.7417859631184274,False,1.9771794317745222,True,-0.6864178194586672,True
91.93294838518952,24.310048174143816,0.723001728285501,-1.9292788581718954,False,2.3892168041612436,True,-0.6976509182382519,False
88.78294838518953,24.26004817414381,0.6160803425289806,0.1876399575978882,False,0.9155161953332516,True,-0.2380340880417261,False
88.83294838518952,24.26004817414381,0.5992865227567845,-0.6411592002211758,False,0.7345311084180615,True,-0.20844193767666858,False
88.88294838518952,24.26004817414381,0.6633963412049632,-1.2837476306761322,False,0.6431963300488865,True,-0.1982053918671189,False
88.93294838518952,24.26004817414381,0.6793794736403064,-1.5984669549697366,True,0.5533246400710428,False,-0.07255210137792137,False
88.98294838518952,24.26004817414381,0.6148046930440101,-1.955633740943949,True,0.4431482943887728,False,0.16503750723152374,False
89.03294838518953,24.26004817414381,0.4659498647097599,-2.295560787949693,True,0.35755474895066014,False,0.43297156692300803,False
89.08294838518952,24.26004817414381,0.35444351687747727,-1.843193545191632,False,0.5187544438800975,False,0.35719281533300606,False
89.13294838518952,24.26004817414381,0.3531608735955994,-0.9039178747514929,False,1.135187239468387,False,0.09310482217938315,False
89.18294838518952,24.26004817414381,0.369577201184378,-0.08159768784850074,False,1.799550584564735,True,-0.04383424220015092,False
89.23294838518952,24.26004817414381,0.4349138444472424,0.1770266729311043,False,2.6022193292272555,True,-0.01907313109133102,False
89.28294838518953,24.26004817414381,0.5666963952420045,0.06343136495306256,False,3.460403723700788,True,0.08587499401650603,False
89.33294838518952,24.26004817414381,0.6704219729595355,0.11366708153670757,False,3.5406905408388436,True,0.15017358197440447,False
89.38294838518952,24.26004817414381,0.7123724980197675,0.1980788027748459,False,3.1404350221330657,True,0.21961934021507246,False
89.43294838518952,24.26004817414381,0.7072327251151018,0.2540900197360495,False,1.9388385770762784,False,0.2548853706484327,False
89.48294838518952,24.26004817414381,0.7025806312433506,0.5197673136867969,False,0.4577969207946678,False,0.2983270593798877,False
89.53294838518953,24.26004817414381,0.7109510365700923,0.9617411716043371,False,-0.7097920149340438,False,0.27589774766456765,False
89.58294838518952,24.26004817414381,0.6880845294595048,0.6909246608308157,False,-0.7637948739088622,False,0.26313572966887855,False
89.63294838518952,24.26004817414381,0.6036202280309954,-0.15544131893188234,False,-0.8597163309219922,False,0.1896654613953051,False
89.68294838518952,24.26004817414381,0.5045407070668446,-0.5735064728078115,False,-0.5863641385883581,False,-0.028090053157392797,False
89.73294838518952,24.26004817414381,0.46757835514087415,-0.519606521626706,False,0.10875469732609747,False,-0.24109716968616152,False
89.83294838518952,24.26004817414381,0.48526757538033494,-0.12672431915512755,False,0.5314964998161704,False,-0.02877483907501913,False
89.88294838518952,24.26004817414381,0.5122706805618968,-0.3076031141837623,False,0.21654859836370977,False,0.007218816553889475,False
89.93294838518952,24.26004817414381,0.551156066394732,-0.8229510435989051,False,-0.4032430534153907,False,-0.05625554366977237,False
89.98294838518952,24.26004817414381,0.5758648992751977,-0.9297736131731023,False,-1.1093660465831927,False,-0.2446697899621501,False
90.03294838518953,24.26004817414381,0.5323828127606931,-0.6556892930595764,False,-1.4151375738896383,False,-0.24821396469876417,False
90.08294838518952,24.26004817414381,0.4325044454510568,-0.15018683861940707,False,-0.8902060575122329,False,-0.10681101948073704,False
90.13294838518952,24.26004817414381,0.41402733665377756,0.6049814416972903,False,0.24223508268542612,False,-0.08032908773279004,False
90.18294838518952,24.26004817414381,0.3114369798345206,0.8470220766140637,False,0.9674819176380851,False,-0.10419185616921052,False
90.23294838518952,24.26004817414381,0.6197500040794671,0.6491078202538687,False,2.05232413442957,True,-0.19739763389899648,False
90.28294838518951,24.26004817414381,0.7842248172577901,0.11685415703066235,False,2.3572017420360583,True,-0.18601700218880154,False
90.33294838518952,24.26004817414381,0.8192595513070798,0.791679449155743,False,2.663491150590062,True,-0.23944092320191748,False
90.38294838518952,24.26004817414381,0.8352757061339713,1.3456452948322335,True,3.024369162496041,True,-0.18369285401179403,False
90.43294838518952,24.26004817414381,0.8660676415107674,1.3271426318674,True,3.334285985972881,True,-0.0681353530029292,False
90.48294838518952,24.26004817414381,0.892451713221987,1.1048048391046543,True,3.3755158947695776,True,0.07779163583370809,False
90.53294838518951,24.26004817414381,0.8837401103832705,0.8239018539868073,False,2.912953079934084,True,0.21060740825082355,False
90.58294838518952,24.26004817414381,0.766807679954543,0.334771095956249,False,2.0200472328975505,True,0.09104892082016296,False
90.63294838518952,24.26004817414381,0.566658767460781,-0.09828506483385599,False,1.3580419750093515,False,-0.08607012147640258,False
90.68294838518952,24.26004817414381,0.5448573848079916,-0.10559320693003499,False,1.1545246225895762,False,-0.07338366138610546,False
90.73294838518952,24.26004817414381,0.43945232015558156,-0.27557479889586206,False,0.8031540627490117,False,-0.0420855037867327,False
90.78294838518951,24.26004817414381,0.4343503646940451,-0.21653480807514874,False,0.6272774005145556,False,0.023763680834552423,False
90.83294838518952,24.26004817414381,0.7087960731203498,-0.36550362849975215,False,0.9060677419606455,False,0.013192940725172284,False
90.88294838518952,24.26004817414381,0.8352497819902014,-0.6732789606488743,False,1.484584848518738,False,-0.14204839863280344,False
90.93294838518952,24.26004817414381,0.8688681989747817,-0.7625936105608286,False,1.9615094207507102,True,-0.3626674991039765,False
90.98294838518952,24.26004817414381,0.8621555851764369,-0.8317713607793424,False,2.0053491523603415,True,-0.43964234143476466,False
91.03294838518951,24.26004817414381,0.7875662753800093,-0.8818551688713498,False,1.6710814546236368,True,-0.3441700039911002,False
91.08294838518952,24.26004817414381,0.7592554982165842,-0.9231942679081149,False,1.60908454261128,True,-0.34736646974199875,False
91.13294838518952,24.26004817414381,0.8328209489976707,-1.2444811319448161,True,1.7386007351191586,True,-0.4286917175802056,False
91.18294838518952,24.26004817414381,0.8684422057414939,-1.6281304565643462,True,1.8609769320941587,True,-0.5761065167780959,False
91.23294838518952,24.26004817414381,0.8739136042836355,-1.9852546473858639,True,1.9142609084646236,True,-0.5544112099407841,False
91.28294838518951,24.26004817414381,0.8556037601457684,-2.247999424821425,True,1.9407054976713831,True,-0.26165799625180575,False
91.33294838518952,24.26004817414381,0.8022003104984247,-2.0203193820119685,True,1.9826101302418062,True,-0.021928751704702543,False
91.38294838518952,24.26004817414381,0.6684649153995513,-1.3923279579094152,False,1.5587158277402513,True,-0.09104525258213286,False
91.43294838518952,24.26004817414381,0.46045038414459216,-0.39722360724111644,False,0.6213487081187115,False,-0.24812193595789217,False
91.48294838518952,24.26004817414381,0.29408342866914244,0.012043302792357692,False,0.24093136505545934,False,-0.2523721688941565,False
91.53294838518951,24.26004817414381,0.33326708749290457,-0.095644608028155,False,0.6003306747238196,False,-0.37420521977155613,False
91.58294838518952,24.26004817414381,0.42677520619302345,-0.2652027026003302,False,0.9594329168069793,False,-0.4622838404896449,False
91.63294838518952,24.26004817414381,0.45666465107777415,-0.414914932751434,False,1.2421457243910428,True,-0.3835227593273193,False
91.68294838518952,24.26004817414381,0.4308751963223663,-0.34715022697719145,False,1.44119474747932,True,-0.36523081903535903,False
91.73294838518952,24.26004817414381,0.45750911670949373,0.20868428845451573,False,1.5307323039313423,True,-0.38606925473133524,False
91.78294838518951,24.26004817414381,0.6103343934347849,-0.33322729405345275,False,1.7621769943303112,True,-0.4793557583061714,False
91.83294838518952,24.26004817414381,0.676321059577469,-1.1856436915661637,False,1.978749194796002,True,-0.6211950161914719,True
91.88294838518952,24.26004817414381,0.7050050189006227,-1.6397268577529553,False,2.123405176307652,True,-0.7707131746414728,True
91.93294838518952,24.26004817414381,0.7371361261100234,-1.9158316517853424,False,2.379849576901098,True,-0.8033359149223245,True
88.78294838518953,24.21004817414381,0.6394456953929355,-0.18716551686304805,False,0.8097125277518026,True,-0.10367977283418496,False
88.83294838518952,24.21004817414381,0.6553335390790741,-0.7310175391831969,False,0.7323633051844505,True,-0.1709315921264787,False
88.88294838518952,24.21004817414381,0.6849948558161709,-1.2216251032958374,False,0.6756253441258323,True,-0.23106516535727506,False
88.93294838518952,24.21004817414381,0.6811055147338544,-1.6708115083360555,True,0.6434299144333788,True,-0.19240307557602637,False
88.98294838518952,24.21004817414381,0.6051167128149141,-2.238181495881393,True,0.592774200467019,True,0.09324121146771627,False
89.03294838518953,24.21004817414381,0.4813781142008654,-2.70118712442294,True,0.49892684499286377,False,0.41115375688163436,False
89.08294838518952,24.21004817414381,0.35645507862112663,-2.640550967533198,False,0.5689314929843412,False,0.3692845149811384,False
89.13294838518952,24.21004817414381,0.29454307788120976,-2.379966601677872,False,1.0115118617237033,False,0.15296290495271406,False
89.18294838518952,24.21004817414381,0.2777554036134817,-0.8932126151949884,False,1.4970858347289502,False,0.014799562851377901,False
89.23294838518952,24.21004817414381,0.32516916836819076,0.008721119904814056,False,2.2475087966083533,True,-0.00018899474116565625,False
89.28294838518953,24.21004817414381,0.4206132033014092,0.05579658577151847,False,2.684579062886494,True,0.07942432840518587,False
89.33294838518952,24.21004817414381,0.5112361711881837,-0.12927011408481248,False,2.508658983827987,True,0.1542645058757373,False
89.38294838518952,24.21004817414381,0.5482826536471217,-0.304438595555838,False,2.2713517978790585,True,0.2326696811098758,False
89.43294838518952,24.21004817414381,0.5438025526779615,-0.07172860246773094,False,2.029412244634697,False,0.2643652703207874,False
89.48294838518952,24.21004817414381,0.5601735351483396,0.7612910321294166,False,0.988595901854129,False,0.39058327282011346,False
89.53294838518953,24.21004817414381,0.6237379467888976,1.2278314036711757,False,-0.45029325653591157,False,0.32463920916535627,False
89.58294838518952,24.21004817414381,0.6396693872178282,0.4331196925560279,False,-0.817811082411627,False,0.2964821476903836,False
89.63294838518952,24.21004817414381,0.5586081287589989,-0.27680643449388587,False,-0.8697547715373171,False,0.20429086587536766,False
89.68294838518952,24.21004817414381,0.4436467385395336,-0.5164977129071168,False,-0.5521030143543139,False,0.025271568977079502,False
89.78294838518953,24.21004817414381,0.4265308496096422,-0.42275194053749526,False,0.26977202377676285,False,-0.11475708698161982,False
89.83294838518952,24.21004817414381,0.441873625501214,-0.29926715041223395,False,0.39490575801109656,False,-0.049580925502357334,False
89.88294838518952,24.21004817414381,0.4523972604278027,-0.31771051541971235,False,0.38605758093820114,False,-0.03150238385041494,False
89.93294838518952,24.21004817414381,0.45933949218554043,-0.8539840524484739,False,-0.09636742049172235,False,-0.1058532700025901,False
89.98294838518952,24.21004817414381,0.47691025558968636,-1.0500047677407855,False,-0.6473836527172645,False,-0.26032785912793505,False
90.03294838518953,24.21004817414381,0.4742639453286203,-0.5625104890156476,False,-1.064403373876573,False,-0.19734889948719944,False
90.08294838518952,24.21004817414381,0.4063146932240979,0.04725050100124523,False,-0.14351214591268258,False,-0.14981177087927133,False
90.13294838518952,24.21004817414381,0.3787401059061746,0.7940332536943655,False,1.1969553672990068,False,-0.22262383665630636,False
90.18294838518952,24.21004817414381,0.3444265783082011,0.9138730026729134,False,1.6870190474266713,False,-0.28168803581614865,False
90.23294838518952,24.21004817414381,0.5729929627353256,0.5233993331481254,False,1.991615038130365,True,-0.27008494614477563,False
90.28294838518951,24.21004817414381,0.7906758009994302,-0.3551952973029153,False,2.19742804193339,True,-0.160900577830243,False
90.33294838518952,24.21004817414381,0.8284401909675274,0.4446302742034468,False,2.447982614669018,True,-0.18622652407082008,False
90.38294838518952,24.21004817414381,0.8315187009832996,1.2408839498177573,True,2.7854733765569932,True,-0.09296407645559648,False
90.43294838518952,24.21004817414381,0.8598411969442014,1.5171216285376556,True,3.1772475506983406,True,0.020948137806111683,False
90.48294838518952,24.21004817414381,0.8921239216888541,1.477119761386633,True,3.5927871883506497,True,-0.019087414954205986,False
90.53294838518951,24.21004817414381,0.8907432498492207,1.3348849418671858,True,3.4963405625962514,True,-0.027591828341491237,False
90.58294838518952,24.21004817414381,0.8199584460174804,1.0001714432393083,False,2.47167762404208,True,0.0597906201117947,False
90.63294838518952,24.21004817414381,0.6125480731726073,0.2843564341217295,False,1.382355009244637,False,-0.08152533957666228,False
90.68294838518952,24.21004817414381,0.5155347674813511,0.38694187034999333,False,1.0378370890186246,False,-0.09461391424680256,False
90.73294838518952,24.21004817414381,0.3999781587397194,0.1805073866436656,False,0.7893047920763976,False,-0.03916454288138922,False
90.78294838518951,24.21004817414381,0.4432251850178639,0.007970172772042636,False,0.7086016055369341,False,0.03681125950042577,False
90.83294838518952,24.21004817414381,0.7185541794471026,-0.18297278948830056,False,1.148691996741215,False,0.022235818748869533,False
90.88294838518952,24.21004817414381,0.8451563224204469,-0.5698702300677354,False,1.8008440354150757,True,-0.07974344053044906,False
90.93294838518952,24.21004817414381,0.8764126985748673,-0.8283770097963925,False,2.1636938696554338,True,-0.17327666306952083,False
90.98294838518952,24.21004817414381,0.8745104327441194,-0.8993107527423108,False,2.2669363085989906,True,-0.2619552549029173,False
91.03294838518951,24.21004817414381,0.822288041897434,-0.856322177957894,False,2.127756629012501,True,-0.317790602666421,False
91.08294838518952,24.21004817414381,0.8072404894378021,-0.6687096516687591,False,2.183859424725079,True,-0.3415197337432003,False
91.13294838518952,24.21004817414381,0.839680183411243,-0.7328317693853905,False,2.353608018572042,True,-0.36367466563742423,False
91.18294838518952,24.21004817414381,0.8525082918581551,-1.2977009095337866,True,2.2966237752281904,True,-0.37349143859825107,False
91.23294838518952,24.21004817414381,0.8360131060723814,-2.2992943329736986,True,2.013767127924634,True,-0.19323602734120204,False
91.28294838518951,24.21004817414381,0.7769784690504886,-2.732685510140515,True,1.9578659490198143,True,0.004832187680102129,False
91.33294838518952,24.21004817414381,0.6237260443114665,-2.2496865394713375,True,1.6559231061769129,True,-0.01959708649228853,False
91.38294838518952,24.21004817414381,0.39740196908948106,-1.1848723586199128,False,1.0237951269583672,True,-0.20212476361634787,False
91.43294838518952,24.21004817414381,0.3153691596220987,-0.6358059608084572,False,0.6349023657529825,False,-0.30290264724865235,False
91.48294838518952,24.21004817414381,0.3050938202140796,-0.21851316514675911,False,0.5069668301815051,False,-0.28215442538342717,False
91.53294838518951,24.21004817414381,0.3514984756146776,-0.19193127553627148,False,0.7748517031423348,False,-0.3796886889300673,False
91.58294838518952,24.21004817414381,0.40491660648529176,-0.344434808399985,False,1.0923998663858066,True,-0.3527717301170092,False
91.63294838518952,24.21004817414381,0.4364941780344894,-0.4823520019387957,False,1.344231769992712,True,-0.29102779459446865,False
91.68294838518952,24.21004817414381,0.44050341509693663,-0.5111557161924077,False,1.5372211778702813,True,-0.30644844829208306,False
91.73294838518952,24.21004817414381,0.5186833146230841,-0.32237687136422805,False,1.7459838306452675,True,-0.39325640516431454,False
91.83294838518952,24.21004817414381,0.6806749281087978,-0.660065736316088,False,2.0611777663417827,True,-0.6191994682072656,True
91.88294838518952,24.21004817414381,0.7095731766930029,-1.2978263277444146,False,2.1961143078297383,True,-0.7503157621342497,True
88.73294838518952,24.16004817414381,0.6462261911175995,0.30636754591014476,False,0.8318244807253103,True,0.0013167552892242897,False
88.78294838518953,24.16004817414381,0.6051751281545419,0.0037910375967804173,False,0.7328525855821182,True,-0.04961817628045591,False
88.83294838518952,24.16004817414381,0.615694954944627,-0.421128327679667,False,0.7080847394865315,True,-0.13350059058991579,False
88.88294838518952,24.16004817414381,0.6198979308516172,-0.9370593983251837,False,0.667508247429826,True,-0.24623522423848462,False
88.93294838518952,24.16004817414381,0.6033009336462819,-1.7415632163865211,False,0.718764399793541,True,-0.3192049596987273,False
88.98294838518952,24.16004817414381,0.5337256485587389,-2.600641263773255,True,0.7860299652534501,True,-0.1656521466039444,False
89.03294838518953,24.16004817414381,0.4685958716312042,-3.2172335941498122,True,0.7816226576060032,False,0.07376446847667045,False
89.08294838518952,24.16004817414381,0.38953929831927475,-3.3521655657147114,True,0.8356073658267731,False,0.16936989388670332,False
89.13294838518952,24.16004817414381,0.29880559378065286,-3.2145869616989433,True,1.120158312496095,False,0.12056012685372101,False
89.18294838518952,24.16004817414381,0.22788915370480792,-1.9180162444971152,False,1.2662658672340568,False,0.10907822085834797,False
89.23294838518952,24.16004817414381,0.223887392811834,-0.4037540088414755,False,1.5892688235837191,False,0.049269100002121785,False
89.28294838518953,24.16004817414381,0.28487750534624995,0.1931027751805957,False,1.2672568401749769,False,-0.08871823586293781,False
89.33294838518952,24.16004817414381,0.35552868521893033,0.15723306056072095,False,1.1346398067848635,False,-0.04375385407782473,False
89.38294838518952,24.16004817414381,0.3838109577717107,0.1521876615391241,False,1.2486821121318976,False,0.15203561351788164,False
89.43294838518952,24.16004817414381,0.41183670822223056,0.48703231558180204,False,1.2264775981212939,False,0.20337147933701694,False
89.48294838518952,24.16004817414381,0.4941688356124378,1.3085315354387612,False,0.2714965649532194,False,0.3172303489708073,False
89.53294838518953,24.16004817414381,0.5954068152471523,1.3958235525709486,False,-0.8504533792341735,False,0.2565173578791776,False
89.58294838518952,24.16004817414381,0.5894344028605243,0.2829376906173948,False,-0.9844991856846312,False,0.3045590259637308,False
89.63294838518952,24.16004817414381,0.505594615948252,-0.19588989944021118,False,-0.8056351847324856,False,0.27196425526773893,False
89.68294838518952,24.16004817414381,0.36507147298091763,-0.3614358687543779,False,-0.47058933661090807,False,0.11865948221441266,False
89.73294838518952,24.16004817414381,0.31813657696169545,-0.4191125629778978,False,-0.06328532080611445,False,0.0032613507438213132,False
89.78294838518953,24.16004817414381,0.3476208495935961,-0.40613452385086085,False,0.16327546729065895,False,-0.023353243245365987,False
89.83294838518952,24.16004817414381,0.371826282094942,-0.35083767390702597,False,0.3239392357041886,False,-0.04576812927669788,False
89.88294838518952,24.16004817414381,0.38854619191814194,-0.34598951523796845,False,0.49385706329637247,False,-0.09514430281504,False
89.93294838518952,24.16004817414381,0.36269776672156595,-0.928294612108752,False,0.22806326911774377,False,-0.18329251261964336,False
89.98294838518952,24.16004817414381,0.4048160940822082,-1.258185448067663,False,-0.0961930040834646,False,-0.2250039167550615,False
90.03294838518953,24.16004817414381,0.4653041966522606,-0.9136723799306665,False,-0.4148387737337592,False,-0.12434397546358186,False
90.08294838518952,24.16004817414381,0.4252746463572321,-0.09552563376473058,False,0.4911354449695926,False,-0.1303377338432428,False
90.13294838518952,24.16004817414381,0.4248443452461573,0.542704944736574,False,1.2707329510409204,False,-0.21584905332464407,False
90.18294838518952,24.16004817414381,0.4909265308312756,0.678236709582068,False,1.4194366591652745,True,-0.2590588311268901,False
90.23294838518952,24.16004817414381,0.6279574616776742,0.1947994801519888,False,1.5417204713181674,True,-0.17026368024522792,False
90.28294838518951,24.16004817414381,0.7651747664939138,-0.6169581580730554,False,1.669296522164281,True,-0.03891631817299987,False
90.33294838518952,24.16004817414381,0.801578748962182,0.028631873278359143,False,1.8514830046905324,True,-0.1046734772079096,False
90.38294838518952,24.16004817414381,0.8039255581721615,0.8277978278599516,False,2.1398405970824026,True,-0.14919506051287396,False
90.43294838518952,24.16004817414381,0.8298298217180765,1.4185601581582683,True,2.5224148592820566,True,-0.07628152304914215,False
90.48294838518952,24.16004817414381,0.8663321419712814,1.7335699513074618,True,3.093428732923935,True,-0.11091573072875167,False
90.53294838518951,24.16004817414381,0.8688464171385379,1.805436090574277,True,3.0985694992590354,True,-0.12190490302874812,False
90.58294838518952,24.16004817414381,0.801379451990959,1.132656773347618,False,1.9306897090693869,True,0.039813367767240676,False
90.63294838518952,24.16004817414381,0.5721639296456663,0.10968795799282659,False,0.8905731216945321,False,-0.12880590496504046,False
90.68294838518952,24.16004817414381,0.44576244499265755,0.3801842641564964,False,0.449178241179479,False,-0.2115651676626546,False
90.73294838518952,24.16004817414381,0.3790277389555896,0.32706387946068827,False,0.3537291103687247,False,-0.1369225922126498,False
90.78294838518951,24.16004817414381,0.40218344181629573,0.13499594496075637,False,0.44505161111876557,False,-0.043915320185601514,False
90.83294838518952,24.16004817414381,0.6475583102169944,-0.3273178474909999,False,1.011256083985646,False,-0.02264643070771926,False
90.88294838518952,24.16004817414381,0.7861197585196985,-0.9741407285396266,False,1.7182737383451818,True,-0.0376192484366455,False
90.93294838518952,24.16004817414381,0.8292201005425894,-1.1472633736855786,True,2.0993361223387104,True,-0.0743325364097377,False
90.98294838518952,24.16004817414381,0.8461752745850568,-1.0977617108030817,False,2.2071186611642055,True,-0.14413983856172594,False
91.03294838518951,24.16004817414381,0.8331728221659873,-0.9687195488699234,False,2.1071715341961634,True,-0.20120863596825372,False
91.08294838518952,24.16004817414381,0.8175188890464251,-0.6667173240841959,False,2.225905790958617,True,-0.08620945863152576,False
91.13294838518952,24.16004817414381,0.8241609275579409,-0.3822545408249389,False,2.6225913049042267,True,0.10532232359993088,False
91.18294838518952,24.16004817414381,0.8223628079121468,-1.2282156286494368,False,2.530200234801206,True,0.27278264523570817,False
91.23294838518952,24.16004817414381,0.7866707511476857,-2.8980274905804073,True,1.8550284889519828,True,0.34581683644702677,False
91.28294838518951,24.16004817414381,0.6876857610366368,-2.9524943532895334,True,1.6535617378743774,True,0.2249812863830868,False
91.33294838518952,24.16004817414381,0.5120517032347227,-1.9776675530329122,True,1.1672442032529249,True,-0.03573261354062429,False
91.38294838518952,24.16004817414381,0.2934251415790044,-1.1760536181379313,False,0.8753677908721764,True,-0.20126893694007902,False
91.43294838518952,24.16004817414381,0.2432094646911768,-0.8779457544147169,False,0.7955253856830987,False,-0.2525987118542308,False
91.48294838518952,24.16004817414381,0.3304597471327305,-0.5629838393892151,False,0.8684994932465314,False,-0.2831819391860915,False
91.53294838518951,24.16004817414381,0.39522381124379113,-0.340523473113453,False,1.0083115336937734,False,-0.2800464512095113,False
91.58294838518952,24.16004817414381,0.43123102682982434,-0.4265753866185507,False,1.2629225346303947,True,-0.2520290836004354,False
91.63294838518952,24.16004817414381,0.44228349666713124,-0.596190210342778,False,1.4946101324387941,True,-0.21694463910702644,False
91.73294838518952,24.16004817414381,0.5546325971803353,-0.5019512639753815,False,1.8409658269936897,True,-0.34181805972764184,False
91.88294838518952,24.16004817414381,0.7093205825628577,-0.6184445150276228,False,2.1929157103169112,True,-0.7016124597390759,True
88.73294838518952,24.110048174143813,0.5651456236801033,0.7909573239602741,False,0.4897154613780509,True,0.09921192530253131,False
88.78294838518953,24.110048174143813,0.5446572187824998,0.5286298024480094,False,0.470116580214215,True,0.016465690656689014,False
88.83294838518952,24.110048174143813,0.5074032145768805,0.2316695077662852,False,0.48303627660248316,True,-0.05775801333849241,False
88.88294838518952,24.110048174143813,0.49095926807472323,-0.06420810665744303,False,0.436407830047726,False,-0.14396985039467894,False
88.93294838518952,24.110048174143813,0.45215080783044703,-0.4202576320894463,False,0.3881221421820804,False,-0.167856907924527,False
88.98294838518952,24.110048174143813,0.4251674822478905,-1.0976706327346126,False,0.3067269211031569,False,-0.08191352672114854,False
89.03294838518953,24.110048174143813,0.3939112047317652,-1.8699843466987527,False,0.23537085484800413,False,0.052177718881074836,False
89.08294838518952,24.110048174143813,0.3611809678280822,-2.1481401790622465,True,0.26096550290014303,False,0.11817120649482996,False
89.13294838518952,24.110048174143813,0.2858365382521309,-2.176380601629187,True,0.43071249064823747,False,0.06480028043794324,False
89.18294838518952,24.110048174143813,0.17584329992593456,-1.5943043703985316,False,0.6242872649543194,False,0.0041084067637735255,False
89.23294838518952,24.110048174143813,0.1365193546064497,-0.37286227372491043,False,0.7989618010716204,False,-0.07691784144091436,False
89.28294838518953,24.110048174143813,0.1890400469019075,0.435482466542224,False,0.6517827405774804,False,-0.31535535500110773,False
89.33294838518952,24.110048174143813,0.2274001397502548,0.9003711942971977,False,0.47467795711241295,False,-0.4726224450503118,False
89.38294838518952,24.110048174143813,0.2614618086868426,1.2139640719031624,False,0.4814963634586682,False,-0.2987943429344261,False
89.43294838518952,24.110048174143813,0.34464797444978384,1.315789906030175,False,0.6180473498369299,False,-0.007278703198650122,False
89.48294838518952,24.110048174143813,0.48668073048434174,1.8173523986565723,False,-0.1341399031907198,False,0.21247450839266685,False
89.53294838518953,24.110048174143813,0.5774014022485813,1.5701004075024392,False,-1.1234733883545518,False,0.21079403509344918,False
89.58294838518952,24.110048174143813,0.5345808576733844,0.3349371202976047,False,-0.9407595422504136,True,0.37172825947277066,False
89.63294838518952,24.110048174143813,0.40229889044247,-0.17590078273678372,False,-0.7632469454837821,False,0.37292031723747066,False
89.68294838518952,24.110048174143813,0.2838031522652783,-0.2527417990533819,False,-0.4593190578433093,False,0.27768744637962284,False
89.73294838518952,24.110048174143813,0.23681291968486284,-0.3376169135217396,False,-0.1617168334643421,False,0.2046319578674676,False
89.78294838518953,24.110048174143813,0.26888391845814813,-0.37442491808001443,False,0.022522676951200936,False,0.10893217955034828,False
89.83294838518952,24.110048174143813,0.32175534129058697,-0.3700264428009227,False,0.25546281433457324,False,-0.0722589191718489,False
89.88294838518952,24.110048174143813,0.3764484551434783,-0.37514933564186326,False,0.5089112615971509,False,-0.22766375883276158,False
89.93294838518952,24.110048174143813,0.3234215833998582,-0.8951877747935026,False,0.4479147097775955,False,-0.24655983030072504,False
89.98294838518952,24.110048174143813,0.3098694463003722,-1.4751242986576631,False,0.16671392412841984,False,-0.19926129938848108,False
90.03294838518953,24.110048174143813,0.4248940305653171,-1.2278538723523094,False,-0.08739645214188314,False,-0.09191457875318385,False
90.08294838518952,24.110048174143813,0.45672649367551726,-0.6278382202057833,False,0.2912919686705938,False,-0.061840532739897626,False
90.13294838518952,24.110048174143813,0.5031660546836791,-0.02287935274598059,False,0.8216153247086293,False,-0.14122066171579645,False
90.18294838518952,24.110048174143813,0.6294622427896432,0.18189337037019998,False,1.1788719854168608,True,-0.24192729735689508,False
90.23294838518952,24.110048174143813,0.7195729035448392,-0.37494625656950303,False,1.3487914671121153,True,-0.17601213786895964,False
90.28294838518951,24.110048174143813,0.7501699313396397,-0.5605261037190884,False,1.3104472108814134,True,-0.044496810968364386,False
90.33294838518952,24.110048174143813,0.7514949632395822,-0.1812664965371139,False,1.2836936298718888,True,-0.012988131005901349,False
90.38294838518952,24.110048174143813,0.7338870504130067,0.30703635879898683,False,1.3027501571449094,True,-0.10985509084415868,False
90.43294838518952,24.110048174143813,0.7534721269133089,0.9088129817883505,True,1.2752415819097884,True,-0.08535556110891596,False
90.48294838518952,24.110048174143813,0.7964428379861085,1.5053263040994234,True,1.0725604967583307,True,0.03038032688222636,False
90.53294838518951,24.110048174143813,0.7937071929797829,1.890235983697859,True,0.605694752868408,False,0.1433723550908423,False
90.58294838518952,24.110048174143813,0.6867490713780062,0.7376546180746668,False,0.3182346577846349,False,0.10569693227668857,False
90.63294838518952,24.110048174143813,0.45507121693011315,0.21582673230633004,False,0.1352216799688669,False,-0.1545053640126788,False
90.68294838518952,24.110048174143813,0.366399338250089,0.24673039955649573,False,0.20382548384602334,False,-0.24787421016569622,False
90.73294838518952,24.110048174143813,0.4046199842420515,0.16042740709003822,False,0.3658554524315838,False,-0.19296017229590912,False
90.78294838518951,24.110048174143813,0.4388161112661797,-0.03276488028732908,False,0.46820121870697207,False,-0.12811077490251055,False
90.83294838518952,24.110048174143813,0.5240999449151136,-0.5233096973475719,False,0.7292271193609767,False,-0.09707515017977361,False
90.88294838518952,24.110048174143813,0.6522801929664682,-1.202883059504012,False,1.2261782391456362,False,-0.12404596537264032,False
90.93294838518952,24.110048174143813,0.7349095959227521,-1.2691059996497962,False,1.6119420408548601,True,-0.11894064251008357,False
90.98294838518952,24.110048174143813,0.788145480166695,-1.0545011281407346,False,1.8515107467104728,True,-0.08470855814530533,False
91.03294838518951,24.110048174143813,0.8121066590712852,-0.9431580953062488,False,1.8732572109893844,True,-0.08100693178810842,False
91.08294838518952,24.110048174143813,0.8045647314072922,-0.669325808605639,False,2.0450927750995813,True,0.058842540574778,False
91.13294838518952,24.110048174143813,0.8005482887527838,-0.5352084398819845,False,2.3245959699226413,True,0.45868325888506534,False
91.18294838518952,24.110048174143813,0.7853940953878563,-1.3449834607466071,False,2.0822169883335713,True,0.7017611812051109,False
91.23294838518952,24.110048174143813,0.7460008629626068,-2.6025250605039183,True,1.3684905701169896,True,0.41221899264649364,False
91.28294838518951,24.110048174143813,0.6668812445219413,-2.4747243195989537,True,1.0276850561418778,True,0.06585334800990827,False
91.33294838518952,24.110048174143813,0.5087515255987677,-1.7842840914987277,True,0.8630040387139108,False,-0.13952771649689355,False
91.38294838518952,24.110048174143813,0.307758773323159,-1.3226834036125017,False,0.8362603938238065,False,-0.24919358610362968,False
91.43294838518952,24.110048174143813,0.27662476409759384,-1.0356490982944757,False,0.8999014024872454,False,-0.2546607227598208,False
91.48294838518952,24.110048174143813,0.3559111937182835,-0.7056078424689716,False,1.052868413692351,True,-0.2552263961801847,False
91.53294838518951,24.110048174143813,0.4187842051438931,-0.5328851253062183,False,1.2324620385111535,True,-0.21484040630457663,False
91.58294838518952,24.110048174143813,0.4470500597450659,-0.5132115167356754,False,1.3991742588812648,True,-0.17809719122058504,False
91.63294838518952,24.110048174143813,0.4671374131803045,-0.7299835410723436,False,1.6759700115176277,True,-0.16151104690111123,False
88.73294838518952,24.060048174143816,0.4714295985315365,0.5307048348279786,False,-0.005172314287207359,False,0.0016026509660214336,False
88.78294838518953,24.060048174143816,0.44710230250341126,0.4818011952861051,False,0.03231108399709262,False,-0.024572775676023985,False
88.83294838518952,24.060048174143816,0.358388924571775,0.29662392932375276,False,0.026113039291531106,False,-0.08510649948256524,False
88.88294838518952,24.060048174143816,0.3521722128934669,0.5073802780335688,False,0.029096625096137755,False,-0.06689898448724932,False
88.93294838518952,24.060048174143816,0.3611886336532285,0.7959116747260118,False,-0.07485302512161261,False,-0.07425794443032319,False
88.98294838518952,24.060048174143816,0.3418790859194994,0.6512705743030959,False,-0.3331636246511632,False,-0.04378734273439283,False
89.03294838518953,24.060048174143816,0.2930566010138455,0.06702649957303816,False,-0.5016747476832919,False,-0.013399718616904338,False
89.08294838518952,24.060048174143816,0.258017406564447,-0.49701005769051687,False,-0.39397961939383175,False,-0.07720400174339384,False
89.13294838518952,24.060048174143816,0.23767901437197925,-0.7919443544280917,False,-0.28837749091016057,False,-0.20242647774422506,False
89.18294838518952,24.060048174143816,0.18758125891099342,-0.7043180788264238,False,-0.17497999290378413,False,-0.4229141417522072,False
89.23294838518952,24.060048174143816,0.14606788772589427,0.03258816619195004,False,0.0880874557744862,False,-0.49785103211855586,False
89.28294838518953,24.060048174143816,0.17275211605348875,0.9395967083777529,False,0.346375194656945,False,-0.6203324749641139,False
89.33294838518952,24.060048174143816,0.1859582198675526,1.3260999767496875,False,0.3140603508147146,False,-0.6610895035209231,False
89.38294838518952,24.060048174143816,0.20974402748621257,1.5552556427346527,False,0.17768178746668964,False,-0.36171931634128773,False
89.43294838518952,24.060048174143816,0.30605166459242655,1.5918411167610198,False,0.2518873323059991,False,0.026577281951231074,False
89.48294838518952,24.060048174143816,0.46408161586965485,1.7538591500369163,False,-0.05951376701184008,False,0.42096356390602585,False
89.53294838518953,24.060048174143816,0.5394980145621145,1.3593294976294061,False,-0.9356857957944282,False,0.3734600873096364,False
89.58294838518952,24.060048174143816,0.49082876057552316,0.45897712359961035,False,-0.8818125586995623,True,0.3369470707929949,False
89.63294838518952,24.060048174143816,0.31780000067761105,0.017801891989447233,False,-0.6442430118935861,False,0.3407953771101853,False
89.73294838518952,24.060048174143816,0.18877219288055147,-0.19689706465873352,False,-0.2591807562624905,False,0.33347288559047955,False
89.78294838518953,24.060048174143816,0.24033616726443222,-0.20486752002632103,False,-0.1881387027758979,False,0.242802059067047,False
89.83294838518952,24.060048174143816,0.31535294888334664,-0.19853919873639722,False,0.12940922269145197,False,-0.10235348249104917,False
89.88294838518952,24.060048174143816,0.43319820592658365,-0.17064575821845143,False,0.4237312874106971,False,-0.3491418041581549,False
89.93294838518952,24.060048174143816,0.4662269247292241,-0.28677591992900114,False,0.32958175103969733,False,-0.37123989431630733,False
89.98294838518952,24.060048174143816,0.39338928179600163,-1.1674009908898877,False,-0.16607671763260337,False,-0.24649112648533006,False
90.03294838518953,24.060048174143816,0.3303732976475272,-1.400705558669225,False,-0.19912748083901824,False,-0.09577453260326688,False
90.08294838518952,24.060048174143816,0.4307963475916685,-1.14537253255483,False,0.05131104800776388,False,0.014984291794791549,False
90.13294838518952,24.060048174143816,0.5798063854382047,-0.6622365354147877,False,0.6108430221825939,False,-0.08962257224596766,False
90.18294838518952,24.060048174143816,0.7040230406839355,-0.7244834832088137,False,1.0634187786411895,True,-0.2285568240884686,False
90.23294838518952,24.060048174143816,0.7395430136473939,-1.1186952979515614,False,1.1547708880596432,True,-0.2010035412962404,False
90.28294838518951,24.060048174143816,0.7368527213958924,-0.6202253042261872,False,1.0988909915138834,True,-0.04727611795325379,False
90.33294838518952,24.060048174143816,0.7077823233602679,-0.12900006684663437,False,1.0547311358397908,True,-0.013052440736104787,False
90.38294838518952,24.060048174143816,0.6781941460850048,0.25535349180721445,False,1.0155206927587974,True,-0.16776209978399242,False
90.43294838518952,24.060048174143816,0.6878212504532547,0.7630301689777218,False,0.8307729222812281,True,-0.12481323810328782,False
90.48294838518952,24.060048174143816,0.7118139798356904,1.285351062602557,True,0.3604091273787953,False,0.22013712502539343,False
90.53294838518951,24.060048174143816,0.6485819203139969,1.0497389313511825,False,-0.09669849712781703,False,0.44913082379358593,False
90.58294838518952,24.060048174143816,0.4711384633463327,0.16900767803561634,False,-0.0240755922618347,False,0.2539560979757284,False
90.63294838518952,24.060048174143816,0.3678608525719521,-0.2866029916259926,False,0.27556827578533993,False,-0.1132262039475489,False
90.68294838518952,24.060048174143816,0.422094460766165,-0.4914200197625312,False,0.5822271110237278,False,-0.24590539468104877,False
90.73294838518952,24.060048174143816,0.47380708718519254,-0.5153067934972861,False,0.7734648273138165,False,-0.24450850790640968,False
90.78294838518951,24.060048174143816,0.48242047151213685,-0.6480704015473343,False,0.8273507845381565,False,-0.2157920411037586,False
90.83294838518952,24.060048174143816,0.4260969176419548,-0.8291402713327979,False,0.7356140068502097,False,-0.17496618246565487,False
90.88294838518952,24.060048174143816,0.44492957948109335,-1.1770269580979198,False,0.6860127309848936,False,-0.17303155894521025,False
90.93294838518952,24.060048174143816,0.5768251625812024,-1.378158920518886,False,0.9221320050531817,False,-0.20386866547866234,False
90.98294838518952,24.060048174143816,0.6798061860251675,-0.9657571968137142,False,1.4235899131544814,True,-0.16392363539188815,False
91.03294838518951,24.060048174143816,0.7260244407180986,-0.8286363015290544,False,1.6344343266194126,True,-0.11573320253490205,False
91.08294838518952,24.060048174143816,0.7393332603689143,-0.7701140019373347,False,1.7553884775002322,True,-0.03815662452229779,False
91.13294838518952,24.060048174143816,0.7282931659336083,-0.8814433324593274,False,1.6978085018427422,True,0.3030691978487754,False
91.18294838518952,24.060048174143816,0.7152937889789038,-1.2108320585020196,False,1.32187229572245,True,0.5047048192142036,False
91.23294838518952,24.060048174143816,0.7055394699440086,-1.63532456841833,True,0.7229737461925781,False,0.19146368552869286,False
91.28294838518951,24.060048174143816,0.6552274725468475,-1.6773545981991154,True,0.4314495112765462,False,-0.16242556334008318,False
91.33294838518952,24.060048174143816,0.5499007398277287,-1.4040243177668064,False,0.4740346467411147,False,-0.27809753188788944,False
91.38294838518952,24.060048174143816,0.3952433521582996,-1.1837619782629325,False,0.5645158508561766,False,-0.3307376984798296,False
88.78294838518953,24.01004817414381,0.34197555888701375,-0.4056451691338983,False,-0.36779495956895236,False,-0.09660059129495223,False
88.83294838518952,24.01004817414381,0.31117321471338627,-0.10253145330131706,False,-0.31596403368435294,False,-0.06708819194338118,False
88.88294838518952,24.01004817414381,0.34228032471258096,0.5219555483406182,False,-0.2675601235299274,False,-0.05859723314127126,False
88.93294838518952,24.01004817414381,0.36455855888102606,1.1057756896327295,False,-0.27184065949432035,False,-0.13054786170152427,False
88.98294838518952,24.01004817414381,0.3240546001171457,0.7775776673855314,False,-0.4854378271152078,False,-0.10402235607316193,False
89.03294838518953,24.01004817414381,0.2639452646835973,0.24706210052417177,False,-0.7220765969717833,False,-0.14663699892737667,False
89.08294838518952,24.01004817414381,0.22948319464605915,-0.18913046785396265,False,-0.633552361707715,False,-0.30896820033467676,False
89.13294838518952,24.01004817414381,0.21820177068228108,-0.5390762154359425,False,-0.5448136758422409,False,-0.5188016048338431,False
89.18294838518952,24.01004817414381,0.22251094096148422,-0.5236349971339884,False,-0.4683014481479595,False,-0.7139105254359572,False
89.23294838518952,24.01004817414381,0.24615728783500215,0.04797205409171157,False,-0.2714856110180748,False,-0.7547191155402292,False
89.28294838518953,24.01004817414381,0.2804098302304405,0.5749209448337187,False,-0.11023780995154986,False,-0.7012760083613602,False
89.33294838518952,24.01004817414381,0.2640211725074057,0.8273400635475928,False,-0.22555001947950076,False,-0.4502221805538454,False
89.38294838518952,24.01004817414381,0.2482432825898483,0.9348547565570726,False,-0.30110264441315754,False,-0.13706746873266196,False
89.43294838518952,24.01004817414381,0.29556440948095586,0.9472526167113389,False,-0.11261465708234492,False,0.09857540760106448,False
89.48294838518952,24.01004817414381,0.41240505531710886,0.8972588622971948,False,-0.13314151530302445,False,0.4286281804388704,False
89.53294838518953,24.01004817414381,0.49590983702434066,0.709083105396828,False,-0.6440437496329562,False,0.48891701994019277,False
89.58294838518952,24.01004817414381,0.49611227875743513,0.41054098042800197,False,-0.9156579212611216,False,0.24532155888455304,False
89.63294838518952,24.01004817414381,0.35996571542846517,0.2960252842907346,False,-0.6840960902012025,False,0.15550800471730844,False
89.68294838518952,24.01004817414381,0.22145272442826153,0.22402811286033886,False,-0.47705218115044984,False,0.11905789962279018,False
89.73294838518952,24.01004817414381,0.23981038531585605,0.22091660883463007,False,-0.46148977455373,False,0.16153710403255703,False
89.78294838518953,24.01004817414381,0.30608541747291673,0.2981009644542989,False,-0.4843078634199311,False,0.18647781771654692,False
89.83294838518952,24.01004817414381,0.39830912687026193,0.35169214297725526,False,-0.2732899271590446,False,-0.0426198655964064,False
89.88294838518952,24.01004817414381,0.5292241176540934,0.453966002816795,False,1.331241512236847e-05,False,-0.3581216109828688,False
89.93294838518952,24.01004817414381,0.617460400123075,0.6045636951428549,False,0.17196261718979067,False,-0.468335945718661,False
89.98294838518952,24.01004817414381,0.5871990167396849,-0.23015123361408454,False,0.012705187694619813,False,-0.3929004271062825,False
90.03294838518953,24.01004817414381,0.4211828644248175,-0.7824001674153529,False,0.04532674071506215,False,-0.23026378733840172,False
90.08294838518952,24.01004817414381,0.4107650960055888,-1.1393527490829487,False,0.13857197404449736,False,-0.04102438187269122,False
90.13294838518952,24.01004817414381,0.6815328362051091,-1.2351774723249875,False,0.55488616443939,False,-0.0179836181525041,False
90.18294838518952,24.01004817414381,0.7485458960904072,-1.9025115384572002,False,0.7878995867017085,True,-0.0191150412353339,False
90.23294838518952,24.01004817414381,0.7463870538481919,-1.9401446394856698,True,0.8840254038792259,True,-0.03220922725935803,False
90.28294838518951,24.01004817414381,0.7059264549035813,-0.8547860365539048,False,0.9676930282688974,True,-0.00022281775614343274,False
90.33294838518952,24.01004817414381,0.6628816652551794,0.01258095654063425,False,0.9741942906849267,True,-0.0021211422508601863,False
90.38294838518952,24.01004817414381,0.6707069641002293,0.6049015012950301,False,0.9211426446944962,True,-0.11360542543827346,False
90.43294838518952,24.01004817414381,0.7151165839648647,1.1761458667549802,True,0.7382310944854222,True,-0.011230643010364638,False
90.48294838518952,24.01004817414381,0.7223252679201436,1.3094673165154296,False,0.45386636041656037,False,0.3025725561860372,False
90.53294838518951,24.01004817414381,0.6150316689057085,0.1470103051727084,False,0.28124774011472253,False,0.6648133896527068,False
90.58294838518952,24.01004817414381,0.3426111411110385,-0.534090640615408,False,0.308902444047547,False,0.4005905640378011,False
90.63294838518952,24.01004817414381,0.36026860546938333,-0.7108826032195448,False,0.5747277722677943,False,-0.12971435147191462,False
90.68294838518952,24.01004817414381,0.5064389025090371,-0.7546271937971263,False,0.8455493606379377,True,-0.31613394325498073,False
90.73294838518952,24.01004817414381,0.5384225739897234,-0.6963128804542864,False,1.0023650140714764,True,-0.3359512844705327,False
90.78294838518951,24.01004817414381,0.5130586899189281,-0.6151035802655253,False,0.97188193250585,True,-0.3100702080929195,False
90.83294838518952,24.01004817414381,0.3570028363958869,-0.4177104153779672,False,0.7335221393650746,False,-0.23670194797176733,False
90.88294838518952,24.01004817414381,0.14083055675115885,-0.44549941872399224,False,0.4625621188458773,False,-0.2015603099064438,False
90.93294838518952,24.01004817414381,0.28762927699959323,-0.7104769472419177,False,0.5311362660380287,False,-0.2732440243245008,False
90.98294838518952,24.01004817414381,0.48329385522208007,-0.678597094609038,False,0.9383891622839201,False,-0.3087464640765601,False
91.03294838518951,24.01004817414381,0.5683751483794965,-0.6345178676570069,False,1.2290862503429263,False,-0.27105522641040974,False
91.08294838518952,24.01004817414381,0.571984455196457,-0.9744910485583441,False,1.1489005513159634,False,-0.25330648177021164,False
91.13294838518952,24.01004817414381,0.5442671452629778,-1.2641108523451101,False,0.7753500353130383,False,-0.1248048508715082,False
91.18294838518952,24.01004817414381,0.5688451930481654,-1.042758480515293,False,0.5804087714021645,False,0.10441608016917073,False
91.23294838518952,24.01004817414381,0.5669151759277663,-0.7260428806189565,False,0.15970400321451006,False,0.04662088045325202,False
91.28294838518951,24.01004817414381,0.6012598819914079,-0.8345297455783707,False,-0.05704113999948729,False,-0.20166498233786934,False
91.33294838518952,24.01004817414381,0.5645820129071426,-0.8711511003626224,False,0.03353967522412332,False,-0.3257861918142264,False
91.38294838518952,24.01004817414381,0.44509709600047054,-0.8414121340686183,False,0.20419369441820626,False,-0.40437583344602035,False
88.73294838518952,23.96004817414381,0.37325200487997545,0.06630935454454176,False,-0.5508851350068623,True,0.11859149809844477,False
88.78294838518953,23.96004817414381,0.36293029490622203,-0.1643960087397465,False,-0.5376980392041886,False,0.12452994376777088,False
88.83294838518952,23.96004817414381,0.3415693729338492,-0.020772241924857045,False,-0.4176653044558226,False,0.11347280735897902,False
88.88294838518952,23.96004817414381,0.3708363768990898,0.416241549482921,False,-0.3706107299532606,False,0.07659306646438682,False
88.93294838518952,23.96004817414381,0.36305670008570123,0.5896933629050685,False,-0.4031628387175419,False,0.0351866874940952,False
88.98294838518952,23.96004817414381,0.3212743970640906,0.3809780800935667,False,-0.5319073933016158,False,0.039197204257936824,False
89.03294838518953,23.96004817414381,0.26420784020033394,0.17180943370503313,False,-0.6472202913580535,False,-0.022688254944982694,False
89.08294838518952,23.96004817414381,0.22668634169901922,-0.04694499574538665,False,-0.6934311717285394,False,-0.1925995963720521,False
89.13294838518952,23.96004817414381,0.2209064003909275,-0.30298622539326986,False,-0.7192391689628018,False,-0.46789148912880224,False
89.18294838518952,23.96004817414381,0.23838764253554534,-0.23182106300331387,False,-0.6990801767540624,False,-0.6862972637647915,False
89.23294838518952,23.96004817414381,0.28305747270283255,-0.015870679971586477,False,-0.6479708307175923,False,-0.7092892209923702,False
89.28294838518953,23.96004817414381,0.3563332731854302,-0.007815980889449348,False,-0.8960938948823617,False,-0.5066630261875052,False
89.33294838518952,23.96004817414381,0.3627166905134861,0.2186887156105681,False,-1.052691790748706,False,-0.2943923723284912,False
89.38294838518952,23.96004817414381,0.3175275946358308,0.6427765583132985,False,-0.6473057063617207,False,-0.12094169254548767,False
89.43294838518952,23.96004817414381,0.3042123116189559,0.7959925407017152,False,-0.2371827942717534,False,0.061813318716619055,False
89.48294838518952,23.96004817414381,0.3632514197399712,0.7554077613615494,False,-0.09892589629287615,False,0.3406159836643447,False
89.53294838518953,23.96004817414381,0.44152769915901524,0.6187171150105503,False,-0.31706538840932497,False,0.468523394570479,False
89.58294838518952,23.96004817414381,0.500757986816901,0.5251477827026417,False,-0.7261441225753564,False,0.2778582041412942,False
89.63294838518952,23.96004817414381,0.4912665114597392,0.4606080216779893,False,-0.7826365667945259,False,0.09538366006636215,False
89.68294838518952,23.96004817414381,0.43406348174402476,0.4403138406576774,False,-0.7111412697794195,False,0.065106804863698,False
89.73294838518952,23.96004817414381,0.4073462640735574,0.4615399059337061,False,-0.710963345273458,False,0.07563944516429927,False
89.78294838518953,23.96004817414381,0.42683160290928224,0.49034438922438855,False,-0.67171372482431,False,0.08179006388682519,False
89.83294838518952,23.96004817414381,0.4961647458558942,0.509376118887656,False,-0.541295777320667,False,-0.019247246825738598,False
89.88294838518952,23.96004817414381,0.5721977726321111,0.6132587019559155,False,-0.2795889650063944,False,-0.22329106433296075,False
89.93294838518952,23.96004817414381,0.6609396958886711,1.305203285487544,False,0.1887866613689596,False,-0.40866826450147775,False
89.98294838518952,23.96004817414381,0.6742718711382052,1.2844995831992654,False,0.40855753784721105,False,-0.46966257537852496,False
90.03294838518953,23.96004817414381,0.5808119470370531,0.6652708607862619,False,0.4705144002416255,False,-0.38320466622210847,False
90.08294838518952,23.96004817414381,0.49851760299495956,-0.07497060109819031,False,0.49466617733886964,False,-0.21269781924872097,False
90.13294838518952,23.96004817414381,0.7620405874958461,-1.2724240927169919,False,0.6182852391229448,False,0.0024804805857711887,False
90.18294838518952,23.96004817414381,0.783126496375597,-2.700316449886568,False,0.5743383423000816,True,0.1867879421347227,False
90.23294838518952,23.96004817414381,0.7369358871163664,-2.935864909268097,True,0.6394049732109294,True,0.20265968053850605,False
90.28294838518951,23.96004817414381,0.6684308643078695,-1.06751196571055,False,0.8691455625824365,True,0.24580845885866762,False
90.33294838518952,23.96004817414381,0.6309860330404656,0.3243845653701261,False,0.9257354938513837,True,0.3281746328786995,False
90.38294838518952,23.96004817414381,0.6898810321834481,1.4634770456963793,True,0.8213287768667277,True,0.35362391938861554,False
90.43294838518952,23.96004817414381,0.7637870034533868,2.4673792250106357,True,0.5889803687274969,True,0.34027120302806335,False
90.48294838518952,23.96004817414381,0.7818876881008169,2.5824349626185095,True,0.41025227476803877,False,0.33646108751141945,False
90.53294838518951,23.96004817414381,0.712200071173968,1.0793695420763472,False,0.4228114036843625,False,0.45610456902297347,False
90.58294838518952,23.96004817414381,0.4996575430162998,-0.3011673894443514,False,0.5765007929699735,True,0.18000842823649335,False
90.63294838518952,23.96004817414381,0.4613866418988586,-0.5686033755501104,False,0.8316135118118422,True,-0.346909092853753,False
90.68294838518952,23.96004817414381,0.5489705072606508,-0.44036518290457827,False,1.0188390637583142,True,-0.5489772600147163,False
90.73294838518952,23.96004817414381,0.5710371445335378,-0.31027772928765207,False,1.1364677815098474,True,-0.547956465060666,False
90.78294838518951,23.96004817414381,0.5495378307942965,-0.15125671924883613,False,1.1070518013971917,True,-0.48411280030856674,False
90.83294838518952,23.96004817414381,0.449381546623738,-0.030120189668339292,False,0.8870658509006726,True,-0.35316236953550717,False
90.88294838518952,23.96004817414381,0.28714523822930194,-0.028333999374287988,False,0.6338887412948423,False,-0.33206800735534336,False
90.93294838518952,23.96004817414381,0.29449285714898393,-0.049840247853343664,False,0.4022452183383381,False,-0.39357152474327234,False
90.98294838518952,23.96004817414381,0.3990201455169878,0.12514336704824755,False,0.35748183568780406,False,-0.44346398355545324,False
91.03294838518951,23.96004817414381,0.44575822113108643,0.11216725261514937,False,0.3685286110215237,False,-0.46032317130969547,False
91.08294838518952,23.96004817414381,0.4110064443820731,-0.6704510506574355,False,0.3014263537998057,False,-0.4231428796043853,False
91.13294838518952,23.96004817414381,0.3585153775929071,-0.9890620366431732,False,0.3685789537587902,False,-0.18178439478880012,False
91.18294838518952,23.96004817414381,0.2807859910812018,-0.6622453483596755,False,0.26650650867658005,False,0.002268046612188074,False
91.23294838518952,23.96004817414381,0.35230715854309297,-0.1701349365180312,False,-0.06234619130693714,False,0.06505930597148102,False
91.28294838518951,23.96004817414381,0.4885969491937947,0.006156332692321742,False,-0.28505871094320856,False,0.0024589202657189224,False
88.73294838518952,23.91004817414381,0.3848498010132364,1.0176956379990332,False,-0.692665015512037,False,0.29524333455384705,False
88.78294838518953,23.91004817414381,0.389066049907089,0.9653266886910179,False,-0.69998898737095,False,0.3721251202638389,False
88.83294838518952,23.91004817414381,0.4143932768667362,0.6180883911116133,False,-0.4348539665545893,False,0.27663451310541837,False
88.88294838518952,23.91004817414381,0.43793272436011804,0.5672221848780695,False,-0.2490335050043519,False,0.26757085775855094,False
88.93294838518952,23.91004817414381,0.39675539152631834,0.6039227856487701,False,-0.07848823036368592,False,0.2881084437928357,False
88.98294838518952,23.91004817414381,0.3428795343842632,0.6184611620858007,False,0.02183520923289063,False,0.3210837467805006,False
89.03294838518953,23.91004817414381,0.27489410576024903,0.5204025260129869,False,-0.020927266708427372,False,0.26629805669429785,False
89.08294838518952,23.91004817414381,0.2429967311751707,0.3133346888416568,False,-0.21696471068671427,False,0.11497307932661815,False
89.13294838518952,23.91004817414381,0.24254434856630758,0.020930330346378256,False,-0.49420437933143085,False,-0.18572530579503646,False
89.18294838518952,23.91004817414381,0.24710185348079322,-0.07479516249705911,False,-0.7451834293514417,False,-0.5367489159493061,False
89.23294838518952,23.91004817414381,0.2976829835083668,-0.12080024261958228,False,-1.0301631151045108,False,-0.6063329098978499,False
89.28294838518953,23.91004817414381,0.38937617059862384,-0.13640294691584623,False,-1.2243135915008296,False,-0.4649194259822697,False
89.33294838518952,23.91004817414381,0.4381988459933068,0.15977518006473085,False,-1.2384129978257175,False,-0.3445269998319341,False
89.38294838518952,23.91004817414381,0.38967923705317076,0.6335535393376452,False,-0.8325873306608873,False,-0.24978414850640376,False
89.43294838518952,23.91004817414381,0.3379089905488336,0.8907289166433376,False,-0.33479055393327595,False,-0.11319961910513923,False
89.48294838518952,23.91004817414381,0.3398007625822493,0.9319716729473686,False,-0.03245079417882746,False,0.10274243622915318,False
89.53294838518953,23.91004817414381,0.3917506121761219,0.8869651223717366,False,-0.04254787644919067,False,0.3083111619800166,False
89.58294838518952,23.91004817414381,0.4817430846782968,0.7872285716129739,False,-0.3999878763509386,False,0.26548670416581255,False
89.63294838518952,23.91004817414381,0.5510784311913608,0.6430564556247288,False,-0.7448265887855241,False,0.1270385434748538,False
89.68294838518952,23.91004817414381,0.5455859241594148,0.5724421963089641,False,-0.7992017169887502,False,0.07056972115187417,False
89.73294838518952,23.91004817414381,0.5211264491506747,0.5536591041741227,False,-0.8694545416913919,False,0.06966886735170788,False
89.78294838518953,23.91004817414381,0.5176454888505396,0.5326875121234842,False,-0.8610656328041713,False,0.056143899168534905,False
89.83294838518952,23.91004817414381,0.5447214199976039,0.5884631849144499,False,-0.7873679572974148,False,0.044959542559887405,False
89.88294838518952,23.91004817414381,0.5753165262083335,0.8580921474129588,False,-0.47839894220695933,False,-0.019662622568716273,False
89.93294838518952,23.91004817414381,0.6243234487595617,2.0706952193592802,False,0.03716665793660487,False,-0.10297553303705326,False
89.98294838518952,23.91004817414381,0.6726159860769808,2.1746886743444627,False,0.26678948708263894,False,-0.2796190404027553,False
90.03294838518953,23.91004817414381,0.6401760392245592,1.3588916595815195,False,0.3958124081958548,False,-0.3363910020611936,False
90.08294838518952,23.91004817414381,0.5918880028705549,0.10909702865753436,False,0.5213256975740161,False,-0.25516250110385874,False
90.13294838518952,23.91004817414381,0.7964418746033821,-1.043794171922096,False,0.6851892244435898,True,-0.020884934083102324,False
90.18294838518952,23.91004817414381,0.7891590598029892,-1.673304100876646,False,0.7000567502475284,True,0.2140894433166795,False
90.23294838518952,23.91004817414381,0.7236704882493061,-2.1260702728312,False,0.6955640000008538,True,0.3865249392879361,False
90.28294838518951,23.91004817414381,0.6714143873780707,-0.9214725057009341,False,0.8814494058666298,True,0.5457301172032669,False
90.33294838518952,23.91004817414381,0.6368460040353127,0.505607704592363,False,1.005375481490077,True,0.6352830965217728,True
90.38294838518952,23.91004817414381,0.6787986454145768,2.3631169720318512,True,0.79158452341998,True,0.7294226141981243,True
90.43294838518952,23.91004817414381,0.7517207501791507,5.363367318018335,True,0.1801907331040491,False,0.7579285063622286,False
90.48294838518952,23.91004817414381,0.7875872025917647,5.8973252664867335,True,0.05346693895491991,False,0.45293532081464694,False
90.53294838518951,23.91004817414381,0.7489930066279206,3.0123780653245946,True,0.45613582213077447,True,0.0905784427963689,False
90.58294838518952,23.91004817414381,0.6048302385379122,0.4365194993041871,False,0.7389007741447992,True,-0.12664992218524312,False
90.63294838518952,23.91004817414381,0.507454074621749,-0.33226246568194534,False,0.9339316953202903,True,-0.4693664143947569,False
90.68294838518952,23.91004817414381,0.5561990086932094,-0.2148868361831307,False,1.060795474592576,True,-0.6462904803979279,False
90.73294838518952,23.91004817414381,0.5759566505055951,0.018890481735361453,False,1.1167285150807738,True,-0.6757251509997579,True
90.78294838518951,23.91004817414381,0.6082453632151796,0.11864586854501402,False,1.1789500632229455,True,-0.6321475018503603,True
90.83294838518952,23.91004817414381,0.6526012744262051,0.12542113477124922,False,1.1894476208140385,True,-0.5965418600071206,True
90.88294838518952,23.91004817414381,0.6638591903467035,0.19867278136071678,False,1.04498002565321,True,-0.6046809021697954,True
90.93294838518952,23.91004817414381,0.6375768881636728,0.45887054299441876,False,0.7457906720685619,False,-0.5928472868475608,True
90.98294838518952,23.91004817414381,0.5859696368092548,0.8052025605052973,False,0.3173369824675034,False,-0.5417300400895049,False
91.03294838518951,23.91004817414381,0.4869323827575681,0.6504749576089182,False,-0.06004675436601494,False,-0.48892366860226544,False
91.08294838518952,23.91004817414381,0.35589860684404057,0.014341331625648324,False,0.008405994824010235,False,-0.2810638473338301,False
91.13294838518952,23.91004817414381,0.2507523657272383,-0.15102310208440628,False,0.3109437133283789,False,0.036733965054554625,False
91.18294838518952,23.91004817414381,0.1521684864652984,-0.048020194942023586,False,0.38695964972979907,False,0.1723678608540389,False
91.23294838518952,23.91004817414381,0.26823005705129055,0.2630532483071363,False,0.02078209754414584,False,0.1977290321522729,False
88.63294838518952,23.860048174143813,0.5078337494474465,1.4011181887713136,False,0.8828861831770068,False,-0.0629324719517777,False
88.68294838518952,23.860048174143813,0.478146288763535,1.49879464426416,False,0.645680556754733,False,0.00852984059594425,False
88.73294838518952,23.860048174143813,0.4694166198504731,1.6773430718378899,False,0.23111844546401905,False,0.14159218700572307,False
88.78294838518953,23.860048174143813,0.5161434719576311,1.7519978894296373,False,-0.10456257583465538,False,0.22253867340758904,False
88.83294838518952,23.860048174143813,0.5694634147539686,1.629038498093745,False,-0.13131196936445957,False,0.21960064710973898,False
88.88294838518952,23.860048174143813,0.5462148919496562,1.3563316693537217,False,0.028731729594954347,False,0.23657024178141195,False
88.93294838518952,23.860048174143813,0.4670469711684435,0.9375766694102088,False,0.25031752516592887,False,0.3451074739404682,False
88.98294838518952,23.860048174143813,0.382757799927103,0.5743115576913995,False,0.3344098940963382,False,0.4301651184973416,False
89.03294838518953,23.860048174143813,0.3120218136194821,0.3735933029633527,False,0.2368961723749645,False,0.38937964347125764,False
89.08294838518952,23.860048174143813,0.28996761230208984,0.21885361230224248,False,0.018298849480401863,False,0.24598038557298835,False
89.13294838518952,23.860048174143813,0.280867670699966,0.07941211796114825,False,-0.2186560779647402,False,-0.026269997087885494,False
89.18294838518952,23.860048174143813,0.27687154805187714,-0.013781534681964601,False,-0.5111673804227742,False,-0.32410450703458277,False
89.23294838518952,23.860048174143813,0.33596910908930006,-0.08148067580009806,False,-0.9121813338595258,False,-0.35558779867812584,False
89.28294838518953,23.860048174143813,0.4293606034576201,-0.11103661126605535,False,-1.071438198688157,False,-0.3369247323274475,False
89.33294838518952,23.860048174143813,0.48469180108876997,0.20565843892043786,False,-0.9842914590820391,False,-0.2990156701781471,False
89.38294838518952,23.860048174143813,0.4451187253932804,0.650178030413094,False,-0.7991478436678523,False,-0.2773172644047777,False
89.43294838518952,23.860048174143813,0.4027167503300664,0.9789073307810585,False,-0.46364547333874484,False,-0.2892552364768425,False
89.48294838518952,23.860048174143813,0.3886888149637151,1.104235214679746,False,-0.1472140917196658,False,-0.2309519542086268,False
89.53294838518953,23.860048174143813,0.4103333376555124,1.0634360393737903,False,-0.13581797780949129,False,-0.01753976372917196,False
89.58294838518952,23.860048174143813,0.48603652416462206,0.9532071718210313,True,-0.37912844975626575,False,0.08883394373046413,False
89.63294838518952,23.860048174143813,0.5663212935142168,0.8303548986046506,True,-0.5750476050732306,False,0.10050193825477872,False
89.68294838518952,23.860048174143813,0.5706795207680715,0.6907654434955712,False,-0.6884556492681762,False,0.0928351316760795,False
89.73294838518952,23.860048174143813,0.538453081862117,0.5974057973992357,False,-0.788213490938549,False,0.045172277738989935,False
89.78294838518953,23.860048174143813,0.5309922398583591,0.5140987869301955,False,-0.8565824719612213,False,-0.04958142746749264,False
89.83294838518952,23.860048174143813,0.5445604294651373,0.6464459995809955,False,-0.7935702997926307,False,-0.023352676787035787,False
89.88294838518952,23.860048174143813,0.5621091452733571,1.1404976256294677,False,-0.5061924276585981,False,0.05750880891413901,False
89.93294838518952,23.860048174143813,0.6036925144712758,1.8270884851223008,True,-0.4410648038859639,False,0.049940479378539564,False
89.98294838518952,23.860048174143813,0.6341158764493706,2.0359965820135018,False,-0.26390471767899293,False,-0.024905685796081704,False
90.03294838518953,23.860048174143813,0.6152623568899422,1.3387409081378197,False,0.007003495512780594,False,-0.14564326722904972,False
90.08294838518952,23.860048174143813,0.6074016691402215,-0.5948388755396785,False,0.3724836652516955,False,-0.21995605094464538,False
90.13294838518952,23.860048174143813,0.7585209482018436,-0.9119033147992901,False,0.6172043303379888,True,0.0017734487778078914,False
90.18294838518952,23.860048174143813,0.7193436615785914,-0.5405732848691653,False,0.7384838746901683,True,0.20773053037808414,False
90.23294838518952,23.860048174143813,0.7005096220851335,0.03515301448527053,False,0.878270472368857,True,0.41175110043190055,False
90.28294838518951,23.860048174143813,0.6782881834712661,0.19678114844257166,False,0.9864907178100577,True,0.6979970064942701,True
90.33294838518952,23.860048174143813,0.6225301920948657,0.856847537113993,False,1.130238724327874,True,0.8319163736288487,True
90.38294838518952,23.860048174143813,0.6040441740568377,3.5248543628708613,True,0.7417302211066956,True,1.0287551857701691,True
90.43294838518952,23.860048174143813,0.6681276630938757,7.059708962393824,True,0.07453656082050408,False,1.0778455799034687,True
90.48294838518952,23.860048174143813,0.7246658963850464,7.275338675604388,True,0.11732874311159466,False,0.5019468357050125,False
90.53294838518951,23.860048174143813,0.7112125567390568,4.535977955279288,True,0.42768749465444955,True,-0.004356269091428583,False
90.58294838518952,23.860048174143813,0.5645984705575173,1.1109803861143976,False,0.6307526586463938,True,-0.08706946777448778,False
90.63294838518952,23.860048174143813,0.46056033830694876,0.013683790598335188,False,0.6938599557395143,True,-0.22722585009138926,False
90.68294838518952,23.860048174143813,0.5095740708670471,0.07127332991915597,False,0.6949711996576484,True,-0.35951838750928444,False
90.73294838518952,23.860048174143813,0.5806211890706574,0.3193932025808043,False,0.734832469663037,True,-0.49878849020299987,False
90.78294838518951,23.860048174143813,0.6545961381154725,0.28338838791049226,False,0.8896964408368149,True,-0.6391979265660748,True
90.83294838518952,23.860048174143813,0.7613990717955926,0.2798523856457745,False,1.0516428185402669,True,-0.7701681032308934,True
90.88294838518952,23.860048174143813,0.8098066188063314,0.5302784036614228,False,0.9962337405489035,False,-0.8419504363538068,True
90.93294838518952,23.860048174143813,0.7869066735031425,1.0234053866317236,False,0.8668995232470951,False,-0.7837482680349734,True
90.98294838518952,23.860048174143813,0.7246122779094046,1.3575166288626415,False,0.5704894215242817,False,-0.5912761577049374,True
91.03294838518951,23.860048174143813,0.6052124512157149,0.938053588306354,False,0.1877432882249776,False,-0.32679577169589924,False
91.08294838518952,23.860048174143813,0.4546893893250901,0.25778975296143786,False,0.19961554712384322,False,-0.049876159719333374,False
91.13294838518952,23.860048174143813,0.31915370508511387,0.11343975756914831,False,0.42927740413177573,False,0.11001980296150757,False
91.18294838518952,23.860048174143813,0.2925839320812678,0.2035960284009511,False,0.49273714654135137,False,0.19216877773253227,False
91.23294838518952,23.860048174143813,0.32877506341017093,0.3988390160395965,False,0.2078732449146403,False,0.23401525081252228,False
88.58294838518952,23.810048174143816,0.6028146811346881,1.9631312555404108,False,2.41963766154828,False,0.13300259561051236,False
88.63294838518952,23.810048174143816,0.5926547747175854,1.9814623585557287,False,2.170562016937751,False,0.12048553001791196,False
88.68294838518952,23.810048174143816,0.5749488692471291,2.0157813943836613,False,1.7644756350503776,False,0.09836846470422216,False
88.73294838518952,23.810048174143816,0.5626821275735321,2.1017408833764906,False,1.1341425481636351,False,0.11497449665779762,False
88.78294838518953,23.810048174143816,0.6000967461827001,2.0564138702719252,False,0.4277115144305808,False,0.13627368124317796,False
88.83294838518952,23.810048174143816,0.6343983237258828,1.8902296404055625,False,0.08381164244393896,False,0.1318838949110391,False
88.88294838518952,23.810048174143816,0.6072319705783329,1.6153180107904261,False,0.08805263154234141,False,0.18856490438528525,False
88.93294838518952,23.810048174143816,0.5078766316942726,1.0541932960891973,False,0.36678677548441135,False,0.2927171124731466,False
88.98294838518952,23.810048174143816,0.4191535437373738,0.26376513114598965,False,0.6547988247378937,False,0.3898634120008901,False
89.03294838518953,23.810048174143816,0.3795301538276116,-0.3353410912319621,False,0.6035788834714766,False,0.43090157153792163,False
89.08294838518952,23.810048174143816,0.36650898071672183,-0.580675779697172,False,0.2741686950897454,False,0.3483836384140193,False
89.13294838518952,23.810048174143816,0.3208484625082108,-0.46693602866307055,False,-0.08294467987811599,False,0.17653836263490763,False
89.18294838518952,23.810048174143816,0.28439564292580016,-0.04571239078411357,False,-0.5097942139782327,False,0.07271186717632686,False
89.23294838518952,23.810048174143816,0.3368549089973333,0.0844669048181405,False,-0.8627428381881936,False,-0.09579743630141374,False
89.28294838518953,23.810048174143816,0.4152916724896135,-0.01870094542445644,False,-0.9510153449070982,False,-0.27642632246991544,False
89.33294838518952,23.810048174143816,0.4471343540160503,0.30389520520161334,False,-0.7350674113665608,False,-0.27687690287886035,False
89.38294838518952,23.810048174143816,0.4422881543037182,0.6503605270929889,False,-0.5907402844463072,False,-0.21326146135917481,False
89.43294838518952,23.810048174143816,0.4530377421939061,0.917911728895445,False,-0.4885742299139195,False,-0.22512606853989184,False
89.48294838518952,23.810048174143816,0.4886493723526911,1.1038608874617202,False,-0.3622153404711019,False,-0.3187371918574105,False
89.53294838518953,23.810048174143816,0.5249958117609608,1.1802670239908761,True,-0.3806177391218129,False,-0.30370613131084767,False
89.58294838518952,23.810048174143816,0.5587293792027561,1.1880704651325256,True,-0.5587252137340734,False,-0.10824080790129319,False
89.63294838518952,23.810048174143816,0.6053420221205356,0.9666074520833052,True,-0.6578100819593891,False,0.05169297011524641,False
89.68294838518952,23.810048174143816,0.5789428544437466,0.8172368175471243,True,-0.6236098896639772,False,0.11691330571570938,False
89.83294838518952,23.810048174143816,0.48143380843035427,0.7610000126667037,False,-0.3931282176751886,False,-0.11651721787422739,False
89.88294838518952,23.810048174143816,0.5284871413010676,1.2296368806001572,False,-0.482728198811142,False,0.005580740648936794,False
89.93294838518952,23.810048174143816,0.5774838719748098,1.7053176975396598,False,-0.711717865437044,False,0.04316408674528924,False
89.98294838518952,23.810048174143816,0.5855940319790752,1.9000015657059344,False,-0.4601762966167957,False,0.0039801133682883655,False
90.03294838518953,23.810048174143816,0.5404709678168962,0.6960939498116386,False,-0.03121725404393133,False,-0.15475793861219117,False
90.08294838518952,23.810048174143816,0.5454301326406731,-0.8563988333272715,False,0.2738992940266426,False,-0.14058110745106145,False
90.13294838518952,23.810048174143816,0.6238729833187728,-0.7331569569388091,False,0.4935360490280234,False,0.07976769864929963,False
90.18294838518952,23.810048174143816,0.5714442008380339,-0.028175728393579735,False,0.6495909815500363,True,0.22294267309067908,False
90.23294838518952,23.810048174143816,0.6736766149997621,1.0014441801150553,False,0.8237191088708322,True,0.4918372909297842,False
90.28294838518951,23.810048174143816,0.6822369004306217,1.2591969509205287,False,0.900250932681128,True,0.8274588626196919,True
90.33294838518952,23.810048174143816,0.6142520222933957,1.3460203752519968,False,0.8729523012202025,True,1.1189634537858557,True
90.38294838518952,23.810048174143816,0.5418741794411769,4.524124269491459,True,0.4190395617462346,False,1.4441683497326476,True
90.43294838518952,23.810048174143816,0.5687243161639084,6.756218845924523,True,0.18893755932310824,False,1.3290811341810431,True
90.48294838518952,23.810048174143816,0.6464161567329734,7.01174448868262,True,0.1661715155209727,False,0.6017869311078828,False
90.53294838518951,23.810048174143816,0.6607308287763555,5.377129406362233,True,0.21318958447705302,False,0.1734138411258281,False
90.58294838518952,23.810048174143816,0.5153381659622089,2.0354329542648184,False,0.37764861809964945,False,0.040636383633340156,False
90.63294838518952,23.810048174143816,0.3799811497182484,0.509078549008003,False,0.43487184542566515,False,-0.021658341713674215,False
90.68294838518952,23.810048174143816,0.5071324230606076,0.3414282324597885,False,0.40038922116932096,False,-0.1394008234033152,False
90.73294838518952,23.810048174143816,0.5978245335398591,0.3655583617610073,False,0.430452904460277,False,-0.3751555824608148,False
90.78294838518951,23.810048174143816,0.6977747999834139,0.379114177804342,False,0.45221989480783853,False,-0.6313636902749341,True
90.83294838518952,23.810048174143816,0.8126763126785008,0.6355948004453504,False,0.37063167447098333,False,-0.7909465964466207,True
90.88294838518952,23.810048174143816,0.8463572890270786,1.2184113781063906,False,0.2966911080245637,False,-0.8494606031131,True
90.93294838518952,23.810048174143816,0.8173306102264127,1.841436112446495,False,0.2589413574261763,False,-0.644270313467584,False
90.98294838518952,23.810048174143816,0.772586293392785,1.613322556251692,False,0.4099526189938404,False,-0.29442661748278426,False
91.03294838518951,23.810048174143816,0.7057686313575522,0.9907283911105711,False,0.6461778918027131,False,-0.04220030153167573,False
91.08294838518952,23.810048174143816,0.6026457839289168,0.569886139599524,False,0.7420765247400829,False,0.06089922441793037,False
91.13294838518952,23.810048174143816,0.44893728882909145,0.4332163578606208,False,0.7120362254742332,False,0.108360400215763,False
91.18294838518952,23.810048174143816,0.40994988890429285,0.4606720641230427,False,0.5668970672135423,False,0.1572605532473638,False
91.23294838518952,23.810048174143816,0.41291674687516894,0.5181959641126304,False,0.4139274819435602,False,0.2105569324394817,False
88.58294838518952,23.76004817414381,0.6396983724926166,2.289528482570622,True,2.3152387687229745,False,0.20853968123908365,False
88.63294838518952,23.76004817414381,0.6378776928555234,2.2590478013512687,True,2.0146954533483825,False,0.20218006879982497,False
88.68294838518952,23.76004817414381,0.6273401473591205,2.1664353498429585,False,1.5744199813638222,False,0.18008882419297997,False
88.73294838518952,23.76004817414381,0.6121274419612726,2.037159995324368,False,0.9855145641895715,False,0.14562138028362498,False
88.78294838518953,23.76004817414381,0.591607907708115,1.8239992505971188,False,0.48350665984576935,False,0.11759838107037321,False
88.83294838518952,23.76004817414381,0.582577364359247,1.5509505136871071,False,0.18834838148329514,False,0.14662994199379872,False
88.88294838518952,23.76004817414381,0.5586815614172209,1.4063742827273047,False,0.22438531875459392,False,0.21503287781580588,False
88.93294838518952,23.76004817414381,0.4627882895641881,0.9154584134588519,False,0.40092889030436174,False,0.26169890717226696,False
88.98294838518952,23.76004817414381,0.3876377049014084,-0.053709504959199086,False,0.7806887256510933,False,0.3238151608300672,False
89.03294838518953,23.76004817414381,0.43884064740808776,-1.2129941891748177,False,1.149232813246317,False,0.3636935689262424,False
89.08294838518952,23.76004817414381,0.4797967966519694,-1.8416412857643971,True,1.005771009236654,False,0.31152412336730106,False
89.13294838518952,23.76004817414381,0.41719184911034046,-1.3607455525838448,False,0.37959235409764236,False,0.3495262222019493,False
89.18294838518952,23.76004817414381,0.311613851960274,0.1248746579435458,False,-0.2967509170021917,False,0.3074911025328383,False
89.23294838518952,23.76004817414381,0.2663106370179618,0.9372769800186069,False,-0.5777823114816157,False,0.06607494600607841,False
89.28294838518953,23.76004817414381,0.28343567471867454,0.5322129093841349,False,-0.537161885066642,False,-0.22990514148482452,False
89.33294838518952,23.76004817414381,0.28137874328772955,0.35419669614993937,False,-0.4792151341319509,False,-0.24702781011575936,False
89.38294838518952,23.76004817414381,0.325558964029002,0.5649497100588293,False,-0.427536668341423,False,-0.1628800658397097,False
89.43294838518952,23.76004817414381,0.4239733545958307,0.7201675616636056,False,-0.5540871777451473,False,-0.12943983828344127,False
89.48294838518952,23.76004817414381,0.5425540355271702,0.9890929311510545,False,-0.5158121666823288,False,-0.21855587145050254,False
89.53294838518953,23.76004817414381,0.6164134239162181,1.3369367503559828,True,-0.5483197610892069,False,-0.22027176437275575,False
89.58294838518952,23.76004817414381,0.651264891609063,1.7270853166041849,True,-0.7547625827680977,False,0.013817652750261922,False
89.63294838518952,23.76004817414381,0.665573637561285,1.3536253315379927,True,-0.8101622906818733,False,0.15673852314909353,False
89.68294838518952,23.76004817414381,0.638423221874153,1.02857015900452,True,-0.7520866350820388,False,0.20932875392474057,False
89.73294838518952,23.76004817414381,0.5273921337533888,0.8177163597056478,False,-0.5819177323359485,False,0.11076870833249994,False
89.78294838518953,23.76004817414381,0.30638049882987967,0.6641695689767427,False,-0.26811075888511504,False,-0.09703338752035122,False
89.88294838518952,23.76004817414381,0.46762705612544136,1.1859311589471346,False,-0.41800896753007044,False,-0.05864164100522433,False
89.93294838518952,23.76004817414381,0.5198401073916499,1.5326313305829633,False,-0.7571979000108722,False,-0.03051156680429594,False
89.98294838518952,23.76004817414381,0.4857797490272779,1.3548927820509467,False,-0.4505126262295487,False,-0.09165722780570515,False
90.03294838518953,23.76004817414381,0.40710959624462273,0.08259522117940808,False,0.004331900809798341,False,-0.22056105486682606,False
90.08294838518952,23.76004817414381,0.4112336599048904,-0.6626808682894358,False,0.33065097934168125,False,-0.1223212817558797,False
90.13294838518952,23.76004817414381,0.4623235734312907,-0.5662951401577232,False,0.4483866852517204,False,0.1540523570079041,False
90.18294838518952,23.76004817414381,0.4069957171355164,-0.35156380274416,False,0.4087455291376746,False,0.37291889490198693,False
90.23294838518952,23.76004817414381,0.6423029803281946,0.7083035896603412,False,0.3843658709987664,False,0.8413993712294267,True
90.28294838518951,23.76004817414381,0.6776001158214466,0.6595173193166752,False,0.13254158199256827,False,1.4558306214749561,True
90.33294838518952,23.76004817414381,0.6191192015223277,-1.0502235392645742,False,-0.07183895722213213,False,1.9540294415456771,True
90.38294838518952,23.76004817414381,0.5351059758258155,1.5664457211301872,False,-0.23900752872276732,False,2.035286507850553,True
90.43294838518952,23.76004817414381,0.5182786978743824,4.093699093397899,True,-0.0914538061985666,False,1.691441091469577,True
90.48294838518952,23.76004817414381,0.5864072907931714,5.424260147687777,True,-0.2180012707241596,False,0.8466941621160846,True
90.53294838518951,23.76004817414381,0.6279324605248328,5.645727664108014,True,-0.2008504211363467,False,0.258298997157026,False
90.58294838518952,23.76004817414381,0.5569787755681432,2.7973939993654255,True,0.21255021755690195,False,0.14388691977427603,False
90.63294838518952,23.76004817414381,0.4633080802887212,0.5771877665414503,False,0.4293828010837365,False,0.061166949024914125,False
90.68294838518952,23.76004817414381,0.5731522495886685,-0.12655038931718365,False,0.4636862959868178,False,-0.12526413702739891,False
90.73294838518952,23.76004817414381,0.6279487604407084,-0.3388743769654682,False,0.4874303926124402,False,-0.46328408204075766,False
90.78294838518951,23.76004817414381,0.7384052224066009,0.23345982608246574,False,0.1556885055565647,False,-0.6614940768144666,True
90.83294838518952,23.76004817414381,0.8213335841765803,1.0990478646486914,False,-0.37550048255740265,False,-0.6792788468419652,True
90.88294838518952,23.76004817414381,0.8182348327911965,2.0330323061501065,False,-0.5203409629456542,False,-0.6357829062398163,False
90.93294838518952,23.76004817414381,0.7818242620065692,2.6950781876348864,False,-0.5149120116596855,False,-0.30106463893847146,False
90.98294838518952,23.76004817414381,0.770465134696959,2.1444847875520323,False,-0.030715744525058375,False,-0.025453265659674873,False
91.03294838518951,23.76004817414381,0.7575958027088052,1.2662035706707055,False,0.7276551873152028,False,0.03655176594940024,False
91.08294838518952,23.76004817414381,0.7177827115550656,0.9205401365571578,False,1.0668822348260274,False,0.013673413478666725,False
91.13294838518952,23.76004817414381,0.6320937046538071,0.8263577216926423,False,1.008797446227033,False,0.031046304916641804,False
91.18294838518952,23.76004817414381,0.5345131571785993,0.7645764246946165,False,0.7293723905707843,False,0.0714652181044442,False
91.23294838518952,23.76004817414381,0.5066111561651795,0.7287601205410762,False,0.46916856547781977,False,0.12365633891325503,False
88.58294838518952,23.71004817414381,0.651997047344805,2.5064977340499768,True,1.9852926177904355,False,0.23134807936677582,False
88.63294838518952,23.71004817414381,0.6519450297048244,2.450408033091689,True,1.8067285497543195,False,0.24453300046674037,False
88.68294838518952,23.71004817414381,0.642124757484657,2.309513120558351,True,1.5283922031599897,False,0.27662206472562456,False
88.73294838518952,23.71004817414381,0.6159996975004522,2.0320090002777285,False,1.1207133653262296,False,0.32217516317292993,False
88.78294838518953,23.71004817414381,0.5307020515675259,1.5377527693461968,False,0.6389101140591336,False,0.2665699000715585,False
88.83294838518952,23.71004817414381,0.4252263251626062,0.9900862631644868,False,0.14621029015397835,False,0.23278604388142576,False
88.88294838518952,23.71004817414381,0.419726873607013,0.9167980683743082,False,0.036017486127338544,False,0.3077933829512921,False
88.93294838518952,23.71004817414381,0.3798083167042619,0.4619296502446496,False,-0.10220887351574003,False,0.3479270080928106,False
88.98294838518952,23.71004817414381,0.31234147614552743,-0.34112964669808277,False,-0.4804731502268469,False,0.3236069014623834,False
89.03294838518953,23.71004817414381,0.45052595819485847,-1.3624839513432208,False,-0.005203937301470923,False,0.37181200590341723,False
89.08294838518952,23.71004817414381,0.5740073079243635,-2.4644638402539036,True,1.0690033959434282,False,0.3434228088033144,False
89.13294838518952,23.71004817414381,0.5582758752639847,-1.9151123222547572,False,1.1074292071854919,False,0.2759060330462304,False
89.18294838518952,23.71004817414381,0.415781844268365,0.6604331015041123,False,0.6356620716136512,False,0.2866337660085204,False
89.23294838518952,23.71004817414381,0.2556570561221048,2.1922082052506684,False,0.3633795392061878,False,0.24821071856267807,False
89.28294838518953,23.71004817414381,0.12914528701811204,1.567415002789783,False,0.10107470671202452,False,-0.005412730602518512,False
89.33294838518952,23.71004817414381,0.01773221346398472,0.3460048776295831,False,-0.33888028734490927,False,-0.19367212996984465,False
89.38294838518952,23.71004817414381,0.0020226568359570794,0.09297725002202475,False,-0.45363549880493037,False,-0.16529044998867953,False
89.43294838518952,23.71004817414381,0.23414032627700931,0.2602045339070171,False,-0.6299049774129869,False,-0.17462709753650452,False
89.48294838518952,23.71004817414381,0.4990369795218957,0.6563891235311272,False,-0.6692456644052375,False,-0.2226812532414783,False
89.53294838518953,23.71004817414381,0.6319276589650525,1.4664241577378778,True,-0.8853514448072585,False,0.030944683250920146,False
89.58294838518952,23.71004817414381,0.6781517269915763,2.1843251446172687,True,-1.14241351602212,True,0.42289093198001204,False
89.63294838518952,23.71004817414381,0.6919492673213378,1.7676386352342233,True,-0.9896287300840371,True,0.377838167840635,False
89.68294838518952,23.71004817414381,0.6850419204043906,1.3630635766331234,True,-0.8398635654141442,False,0.3471755016063685,False
89.73294838518952,23.71004817414381,0.6162222837384621,1.1151154660036413,True,-0.6344812821318616,False,0.25316123436181276,False
89.78294838518953,23.71004817414381,0.4516631553071443,0.9840611764567819,False,-0.3498321983718725,False,0.08171952009179703,False
89.83294838518952,23.71004817414381,0.31611550854355597,0.9494094040132743,False,-0.09963658327849938,False,-0.07895447975153942,False
90.03294838518953,23.71004817414381,0.3277166794798349,-0.13033673200398402,False,0.07958156016708007,False,-0.3512442740811231,False
90.08294838518952,23.71004817414381,0.346230299707745,-0.49739923769594874,False,0.4307626061992802,False,-0.11614515273307992,False
90.13294838518952,23.71004817414381,0.39526717983139176,-0.3343142665165066,False,0.48957688429411095,True,0.20907374038687734,False
90.18294838518952,23.71004817414381,0.4586807042545585,-0.08549868796793791,False,0.4427901805195187,True,0.4040951662030249,False
90.23294838518952,23.71004817414381,0.599090789019316,0.3718902407972726,False,0.26587653240567777,False,0.8423813058547523,True
90.28294838518951,23.71004817414381,0.6665107063979463,-1.0414118489685396,False,-0.005840972483975471,False,1.522398484373149,True
90.33294838518952,23.71004817414381,0.6321857359024288,-4.329048570450667,True,-0.17718533858381064,False,2.122599001701663,True
90.38294838518952,23.71004817414381,0.5680551534640296,-2.415556615443621,False,-0.30814758888230365,False,2.062117495415606,True
90.43294838518952,23.71004817414381,0.5387096771698751,1.05266422444708,False,-0.4683286171247677,True,1.7690706143486712,True
90.48294838518952,23.71004817414381,0.5768845108192858,3.0855479861145167,True,-0.3250263976242005,False,1.2612915632110773,True
90.53294838518951,23.71004817414381,0.6209620968564363,3.452816146285282,True,0.014282112153862825,False,0.6547860347782875,True
90.58294838518952,23.71004817414381,0.6236375061432274,2.1327297262181073,True,0.4195813537380358,False,0.2924631932321242,False
90.63294838518952,23.71004817414381,0.6090854682006541,0.5176417878261298,False,0.5746261705136947,True,0.013546046107239446,False
90.68294838518952,23.71004817414381,0.6121667138868493,-0.6219677348813968,False,0.6442893617700688,True,-0.3235517308402719,False
90.73294838518952,23.71004817414381,0.5997663377350948,-0.9405461623053251,False,0.6052467111901705,False,-0.6402732221334098,True
90.78294838518951,23.71004817414381,0.7441628037863042,-0.0424852091648692,False,0.05135942033470043,False,-0.6677795523040799,True
90.83294838518952,23.71004817414381,0.8038328530133213,1.5262380151765835,False,-0.763831102038709,False,-0.5640601856649212,False
90.88294838518952,23.71004817414381,0.7836301566579997,2.7798156759424835,False,-0.9519208576686594,False,-0.5578868739631022,False
90.93294838518952,23.71004817414381,0.7577177661872408,3.5067621368658903,True,-1.0123626363299183,False,-0.22673179952192396,False
90.98294838518952,23.71004817414381,0.7733049587222722,2.8776920249982934,True,-0.5846439540685707,False,-0.03477486118702927,False
91.03294838518951,23.71004817414381,0.780954011884127,1.799202460673798,False,0.13818049297275783,False,0.005470818672591152,False
91.08294838518952,23.71004817414381,0.7482478259019054,1.2431708876106287,False,0.6698534963324141,False,-0.017395017319916575,False
91.13294838518952,23.71004817414381,0.6722892271805233,1.0391270512389794,False,0.7082032804676615,False,-0.012931658993356746,False
91.98294838518952,23.71004817414381,0.7880421691799849,-0.762516778764385,False,0.9935060005655552,True,0.3014328892923724,False
92.13294838518952,23.71004817414381,0.5889482385413677,-0.661538577656025,False,0.502333628869101,False,0.31879826526570554,False
92.18294838518952,23.71004817414381,0.4906036052297579,-0.6982696966714927,False,0.37816952035408724,False,0.2984371810258572,False
92.28294838518951,23.71004817414381,0.2584856096582634,-0.9315443460060006,False,0.16735437822156174,False,0.21666632478278436,False
88.58294838518952,23.66004817414381,0.6390644786132739,2.5681027200768725,True,1.7949332254511141,False,0.2645427365257376,False
88.63294838518952,23.66004817414381,0.6333446117824066,2.5148920221224484,True,1.73712261846903,False,0.29477103631351836,False
88.68294838518952,23.66004817414381,0.6156905795639404,2.4509057448338627,True,1.6476414088890166,False,0.35232686886477127,False
88.73294838518952,23.66004817414381,0.593926674266964,2.4468670926284597,False,1.5888786229133884,False,0.411828016622563,False
88.78294838518953,23.66004817414381,0.5212585558882802,1.8943235818906066,False,1.4460056422283794,False,0.3297277087863121,False
88.83294838518952,23.66004817414381,0.36506729819237416,1.1171230641996417,False,0.9545610709777781,False,0.3040768624118319,False
88.88294838518952,23.66004817414381,0.329114955987741,0.8171077221131451,False,0.2194771913269173,False,0.4355060495353073,False
88.93294838518952,23.66004817414381,0.35861325657720733,0.13527727653629087,False,-0.6281598000958142,False,0.504605395776306,False
88.98294838518952,23.66004817414381,0.3527827524482811,-0.5336775721921015,False,-1.3612660346423238,False,0.4446368186422095,False
89.03294838518953,23.66004817414381,0.4708480585758339,-1.1051454314274307,False,-1.371049387390625,False,0.3315801662873912,False
89.08294838518952,23.66004817414381,0.6441342457735545,-1.9962807338442217,True,0.19329591196613968,False,0.2873850908688178,False
89.13294838518952,23.66004817414381,0.6800863688356042,-1.9063168298041258,False,1.9422042815683502,False,0.20089516177342426,False
89.18294838518952,23.66004817414381,0.6012010577466771,0.4538542236238323,False,2.0898846368614175,False,0.27590868344967096,False
89.23294838518952,23.66004817414381,0.4094412304830767,1.9283976284645201,False,1.6317180090439387,False,0.30517963390124353,False
89.28294838518953,23.66004817414381,0.15496444048006863,1.330960128417229,False,0.8289802343859021,False,0.08635263193997,False
89.33294838518952,23.66004817414381,-0.07803506975719997,0.40383123249673636,False,-0.18671561297791506,False,-0.22156605384225803,False
89.38294838518952,23.66004817414381,-0.17483177693734353,-0.20184149744469349,False,-0.3178749236381362,False,-0.3213527174367605,False
89.43294838518952,23.66004817414381,-0.029879579143859133,-0.5614211640600614,False,-0.38875011514150665,False,-0.4039567924274762,False
89.48294838518952,23.66004817414381,0.32884893502273654,-0.1951266493858934,False,-0.7278763338496959,False,-0.36921104640420455,False
89.53294838518953,23.66004817414381,0.5296316932957427,0.9895144006104741,False,-1.3150864362291628,False,0.00427386356536108,False
89.58294838518952,23.66004817414381,0.6027192838277082,2.0733921485278657,True,-1.7810355648286889,True,0.5233612319592514,False
89.63294838518952,23.66004817414381,0.6478584904653852,2.1203004406384043,True,-1.113425824046546,False,0.6279876006758882,False
89.68294838518952,23.66004817414381,0.6675040720135261,1.792831908606995,True,-0.6200932600225292,False,0.4694015605863658,False
89.73294838518952,23.66004817414381,0.6460848294005024,1.5114099672127304,True,-0.5464230328584875,False,0.3310931891223505,False
89.78294838518953,23.66004817414381,0.5772308489326937,1.2663911010724633,False,-0.5040049393562575,False,0.10306209678129762,False
89.83294838518952,23.66004817414381,0.4806970068216182,1.085892821456203,False,-0.3901431994377213,False,-0.17601122296947844,False
89.88294838518952,23.66004817414381,0.5030751308330956,1.0650997058896778,False,-0.4491952462566694,False,-0.36838982173076346,False
90.03294838518953,23.66004817414381,0.5018570041555142,-0.5406828081331618,False,0.041072290947449255,False,-0.8152813501196665,True
90.08294838518952,23.66004817414381,0.45225201407420684,-0.657971379210605,False,0.4393599069036863,False,-0.5055398551554725,False
90.13294838518952,23.66004817414381,0.405286576597651,-0.2291035321967159,False,0.5434295687190412,True,0.06059852921417584,False
90.18294838518952,23.66004817414381,0.41592713676655513,0.042736204547581536,False,0.4992052166156902,True,0.28792390396947265,False
90.23294838518952,23.66004817414381,0.5893180049698322,0.09200958772289161,False,0.44774066494355713,True,0.5443766736275593,True
90.28294838518951,23.66004817414381,0.6443399737131907,-1.6019856132495032,False,0.22595845748173027,False,1.0864081360883833,True
90.33294838518952,23.66004817414381,0.644102234720115,-4.843590867478923,True,0.018942761520304274,False,1.7608139102845142,True
90.38294838518952,23.66004817414381,0.5959613627836078,-4.87375488626977,True,-0.09162616401947704,False,1.8566099850884341,True
90.43294838518952,23.66004817414381,0.5650707215263595,-0.5404265806442962,False,-0.4822450564848513,True,1.5834587647082157,True
90.48294838518952,23.66004817414381,0.5870908343204967,2.020099075770013,True,-0.26543178155068253,False,1.1324796751522022,True
90.53294838518951,23.66004817414381,0.6319985111593815,2.013399061633313,True,0.3370171640663765,False,0.6674013635326757,True
90.58294838518952,23.66004817414381,0.6843054954492057,1.5725084785159955,False,0.5852021077284131,True,0.20041012197281677,False
90.63294838518952,23.66004817414381,0.720709824104852,0.9451331438876156,False,0.6333042032443232,True,-0.23426780115329948,False
90.68294838518952,23.66004817414381,0.5672022977037557,-0.29254357461111746,False,0.6892126982368139,True,-0.6696575850496794,False
90.73294838518952,23.66004817414381,0.49624719236800324,-0.6185173805755464,False,0.5905787250095424,False,-0.7500836709614158,True
90.78294838518951,23.66004817414381,0.673979592647295,-0.02474339914467716,False,0.21410706326344775,False,-0.7101175959081533,True
90.83294838518952,23.66004817414381,0.7534109986167782,2.1106407695810234,False,-0.6625962461568337,False,-0.6038539210359146,False
90.88294838518952,23.66004817414381,0.751690478227913,3.3740144404875285,True,-1.0545576778017385,True,-0.5288166608973217,False
90.93294838518952,23.66004817414381,0.7443169240056892,3.4227207410044684,True,-1.0292609203760335,True,-0.32142650802383443,False
90.98294838518952,23.66004817414381,0.7530173132599433,2.8393442817204706,True,-0.76953421450904,False,-0.183504579673543,False
91.03294838518951,23.66004817414381,0.7479945881377149,1.9496086042673835,True,-0.25948202184620495,False,-0.05136356846766077,False
91.08294838518952,23.66004817414381,0.6910734634243051,1.3444028506967811,False,0.11088299307878771,False,-0.005315495960858627,False
91.13294838518952,23.66004817414381,0.586723965018403,0.9395147197545515,False,0.2830197487059891,False,0.0012315618155114769,False
91.18294838518952,23.66004817414381,0.527237089964693,0.777365577146302,False,0.5211275898563686,False,-0.026534394514958967,False
91.98294838518952,23.66004817414381,0.8235674291037391,-0.7481570514729343,False,1.2064373285286152,True,0.2817734155974011,False
92.03294838518951,23.66004817414381,0.7755453282597593,-0.7018559003897988,False,0.9782440744959191,True,0.2911394516050505,False
92.08294838518952,23.66004817414381,0.7029786429539575,-0.6279566594017372,False,0.7651880885560371,True,0.29911220499319136,False
92.13294838518952,23.66004817414381,0.602948424006269,-0.6093769230635857,False,0.5825819116817079,False,0.2896863585842035,False
92.18294838518952,23.66004817414381,0.47071668394748345,-0.6855917204841735,False,0.41746693300934157,False,0.2573666624446882,False
92.23294838518952,23.66004817414381,0.3062157704551095,-0.8788399056351207,False,0.26284755315905506,False,0.20309327945302882,False
92.28294838518951,23.66004817414381,0.16121105124857107,-1.1232553888845307,False,0.14726590634341596,False,0.13474621676230897,False
88.63294838518952,23.610048174143813,0.5787043046631215,2.3659775856521694,False,1.699879461922318,False,0.32524843556366817,False
88.68294838518952,23.610048174143813,0.5661670387823156,2.365791657739657,False,1.7876766077270236,False,0.34713665080276224,False
88.73294838518952,23.610048174143813,0.551194651095382,2.2203378288389937,False,1.8912720877257891,False,0.33917910033597604,False
88.78294838518953,23.610048174143813,0.49119440246641943,1.5085023349413145,False,1.928493206129963,False,0.24571598696272623,False
88.83294838518952,23.610048174143813,0.40021611333371815,1.0632791837904363,False,1.658331093118419,False,0.23427369215732158,False
88.88294838518952,23.610048174143813,0.3416539981441446,0.9592156720745892,False,0.7310363407002171,False,0.3465064273828208,False
88.93294838518952,23.610048174143813,0.38784431738052955,0.42662314420062136,False,-0.56942931436926,False,0.4272296340331112,False
88.98294838518952,23.610048174143813,0.4139753832049165,-0.06583055671887353,False,-1.3611319816286414,False,0.33627749064432877,False
89.03294838518953,23.610048174143813,0.48904438278688606,-0.5671588174944505,False,-1.5886736365914034,False,0.20367131784758935,False
89.08294838518952,23.610048174143813,0.6659329575209362,-1.3184656369728969,False,0.010367169651027242,False,0.18692237620589253,False
89.13294838518952,23.610048174143813,0.7388439990758113,-2.1746426933008953,False,3.4066825199417474,True,0.10266708544752415,False
89.18294838518952,23.610048174143813,0.7168284876847956,-1.0839125193865657,False,4.049811782978102,True,0.15649905118502166,False
89.23294838518952,23.610048174143813,0.5867786715206919,0.28110845616379265,False,3.2020334661915584,True,0.23715538248233672,False
89.28294838518953,23.610048174143813,0.3836044278845974,0.5043027755804801,False,2.277632195870965,True,0.15340018322042476,False
89.33294838518952,23.610048174143813,0.19874406194548308,0.4099687285173499,False,1.2588667894231125,False,-0.084854661754032,False
89.38294838518952,23.610048174143813,0.15289471029887558,0.3077850594030642,False,0.25811684781729527,False,-0.40916920739841656,False
89.43294838518952,23.610048174143813,0.24983749610171233,-0.07414197258369581,False,-0.27649183444201975,False,-0.5067129220277153,False
89.48294838518952,23.610048174143813,0.4123749665620302,-0.022131023455079113,False,-1.2096520337081542,False,-0.33653391913665964,False
89.53294838518953,23.610048174143813,0.5229152236954847,0.9934742220406889,False,-2.4122853610385775,False,-0.02696127705529794,False
89.58294838518952,23.610048174143813,0.5419779397347507,2.3875343797706767,True,-3.8524173512748625,True,0.30648624746590125,False
89.63294838518952,23.610048174143813,0.556712564047747,1.9503654686990424,True,-2.7444584970928863,True,0.432907966639918,False
89.68294838518952,23.610048174143813,0.5954919108090454,1.9493612648472305,True,-0.9145045776983922,False,0.3657877222315616,False
89.73294838518952,23.610048174143813,0.6291987432669437,1.8172668718220113,True,-0.5988816810601283,False,0.08032336660982534,False
89.78294838518953,23.610048174143813,0.6204321299572632,1.6104666340245506,True,-0.5774241449336711,False,-0.13916320373751123,False
89.83294838518952,23.610048174143813,0.576398700209354,1.1431477976103792,False,-0.4658666890870861,False,-0.3970137394979492,False
89.88294838518952,23.610048174143813,0.5814634103397017,0.4051454428958063,False,-0.43105293347900264,False,-0.5943147568192682,False
90.08294838518952,23.610048174143813,0.5699350049580189,-0.5975910621852678,False,0.2658254270899104,False,-0.8497620839673876,True
90.13294838518952,23.610048174143813,0.44917656207358725,-0.1546398287782486,False,0.4574949471676943,False,-0.36271895468134435,False
90.18294838518952,23.610048174143813,0.37641032666826396,0.2204347510224118,False,0.5366237642896607,True,0.11302713344901609,False
90.23294838518952,23.610048174143813,0.4863994842090429,0.2859865052265859,False,0.5314140456913492,True,0.2057651427066072,False
90.28294838518951,23.610048174143813,0.606435534526459,-0.0650489860857609,False,0.4998255094640236,True,0.4092700947847051,False
90.33294838518952,23.610048174143813,0.636102169345659,-0.6556401304987736,False,0.4243499483462581,True,0.6473955538160986,True
90.38294838518952,23.610048174143813,0.5941532422598208,-1.5104707552694923,True,0.20782003898649817,False,0.9239515774978646,True
90.43294838518952,23.610048174143813,0.5452223956096182,0.3250169501867811,False,-0.23276094235775924,False,0.9558055400842624,True
90.48294838518952,23.610048174143813,0.5546216185132439,1.8810230684596063,True,-0.2022184073783593,False,0.6169013831560912,True
90.53294838518951,23.610048174143813,0.6377614660437175,2.1300556355221962,True,0.20696031284149685,False,0.15670160633167488,False
90.58294838518952,23.610048174143813,0.7346520609080809,1.7982145196168922,True,0.49592957796043724,True,-0.2399639882195309,False
90.63294838518952,23.610048174143813,0.7329215672584346,1.0499720024595611,False,0.6262641655874919,True,-0.5259136326887306,False
90.68294838518952,23.610048174143813,0.4907916105468387,0.000751548559648485,False,0.6250334848458365,True,-0.7149084366355228,False
90.73294838518952,23.610048174143813,0.37896648530469135,-0.04690586539086772,False,0.4947027927763695,False,-0.6829277223573554,False
90.78294838518951,23.610048174143813,0.5165461331167323,0.5480678401254799,False,0.24564774715010382,False,-0.646780454781879,False
90.83294838518952,23.610048174143813,0.5931275952315679,2.0401753203934043,False,-0.3954587918063973,False,-0.557387656905806,False
90.88294838518952,23.610048174143813,0.6174599431258083,2.7620195363595537,True,-0.724069038641437,False,-0.47262210986931924,False
90.93294838518952,23.610048174143813,0.6287068597843709,2.413757207454403,True,-0.6597937598816035,False,-0.301592469135064,False
90.98294838518952,23.610048174143813,0.6191478185155522,1.8073429295863268,False,-0.3842921761106305,False,-0.08810164558613023,False
91.03294838518951,23.610048174143813,0.5895240029382758,1.3227407710339687,False,-0.10997453924500715,False,0.026346164352781913,False
91.08294838518952,23.610048174143813,0.5051229859849313,0.7685846016648177,False,0.23578610549043513,False,0.0847895645516523,False
91.13294838518952,23.610048174143813,0.4953958856118539,0.5229254543049767,False,0.5302930304523404,False,0.045752567884581485,False
91.98294838518952,23.610048174143813,0.8631356465267086,-0.6636153501488908,False,1.409581781183924,True,0.20432478139181112,False
92.03294838518951,23.610048174143813,0.8266852699138474,-0.6896496864741729,False,1.207651947669366,True,0.2401760118085025,False
92.08294838518952,23.610048174143813,0.7543899876345279,-0.6007888108778855,False,0.9704620679204392,True,0.27205120448269104,False
92.13294838518952,23.610048174143813,0.625660103459164,-0.5048524671801914,False,0.718789851570709,True,0.2514358556319796,False
92.18294838518952,23.610048174143813,0.4259566162462149,-0.6635727575699406,False,0.4763197758224906,False,0.19694680867052772,False
92.23294838518952,23.610048174143813,0.2486492009478572,-1.0330729642510799,False,0.2987799773433459,False,0.11579580991074695,False
92.28294838518951,23.610048174143813,0.23714430677372964,-1.0998534225477858,False,0.21737928544246504,False,0.025501859594235676,False
88.68294838518952,23.560048174143816,0.5194130583830461,1.8777062558749904,False,1.8415590981980594,False,0.2795634819905638,False
88.73294838518952,23.560048174143816,0.5007262310468208,1.260111026340836,False,1.907687742522568,False,0.20422646190423094,False
88.78294838518953,23.560048174143816,0.43937479972578986,0.30588383702612987,False,2.1075473028749014,False,0.12302119836387107,False
88.83294838518952,23.560048174143816,0.38202777550286093,0.24408687790420436,False,1.6623688219816493,False,0.0960144766840468,False
88.88294838518952,23.560048174143816,0.36399692794610256,0.767229684339002,False,0.4868362356923171,False,0.039313745076280715,False
88.93294838518952,23.560048174143816,0.4650827665811931,0.8394042503919819,False,-1.1011202437900052,False,0.020056818227526446,False
88.98294838518952,23.560048174143816,0.5052155243865669,0.5452554144303383,False,-1.7588160016386967,False,0.010623871097264134,False
89.03294838518953,23.560048174143816,0.5182962164205345,0.20111888946737816,False,-1.5877909240594699,False,-0.021592278138138105,False
89.08294838518952,23.560048174143816,0.648067644809909,-0.43801629465916164,False,0.31118603401927125,False,-0.004109240756358157,False
89.13294838518952,23.560048174143816,0.7422860935908236,-1.8164947490123735,False,3.5852018332744966,True,0.0017737123081660866,False
89.18294838518952,23.560048174143816,0.7520987537349817,-1.9353893442560453,False,4.8524107301737,True,0.012528807789653165,False
89.23294838518952,23.560048174143816,0.678749353380301,-1.127641728950722,False,4.668492421452672,True,0.05813179753466549,False
89.28294838518953,23.560048174143816,0.5490024920464164,-0.36998093015852396,False,3.8709850873239757,True,0.10311883732639765,False
89.33294838518952,23.560048174143816,0.4238882461849647,0.1266769238888954,False,2.7604005084882894,True,0.03757720904149697,False
89.38294838518952,23.560048174143816,0.3921186792936489,0.5792195934588538,False,1.54038205168775,False,-0.052171079891341454,False
89.43294838518952,23.560048174143816,0.4222274247749364,0.9752052637862996,False,0.047409245777160436,False,-0.06390047622751721,False
89.48294838518952,23.560048174143816,0.4966313906299848,1.6266047699857231,False,-2.5467433042982996,False,0.12116076244959545,False
89.53294838518953,23.560048174143816,0.5735135162554608,2.2825682268368603,False,-4.607573886571294,True,0.27600993682445363,False
89.58294838518952,23.560048174143816,0.5705808860277519,2.646976796183105,False,-5.506265941819725,True,0.3589431224326031,False
89.63294838518952,23.560048174143816,0.5323481759141411,1.6359922068156572,False,-4.268312573315129,True,0.2699168822691578,False
89.68294838518952,23.560048174143816,0.5207717381116006,1.0758863929825897,False,-1.7464737042101384,False,0.07037816742328937,False
89.73294838518952,23.560048174143816,0.5653114740925993,1.8830285536167117,False,-0.6308378079754364,False,-0.2600848297219165,False
89.78294838518953,23.560048174143816,0.6153474057497745,1.8151663404904719,False,-0.39310655307661707,False,-0.46047374668596275,False
89.83294838518952,23.560048174143816,0.5987942246128932,0.4785212895882568,False,-0.3740430904130265,False,-0.49680897959109555,False
89.88294838518952,23.560048174143816,0.5701537019397911,-0.661421726196874,False,-0.5317963796701304,False,-0.4930864429364945,False
89.93294838518952,23.560048174143816,0.6152998441940828,-0.6854991815090706,False,-0.709578103991101,False,-0.5383369064429042,False
89.98294838518952,23.560048174143816,0.6661771107311121,-0.6721095115121447,False,-0.6672526462877356,False,-0.7359999787611118,True
90.18294838518952,23.560048174143816,0.35076704067504266,0.2759653583030306,False,0.4778406944309951,True,-0.2620048561099546,False
90.23294838518952,23.560048174143816,0.4236703335542656,0.3623061577618034,False,0.5932793086143278,True,-0.07734495720865384,False
90.28294838518951,23.560048174143816,0.515592809551498,0.27107266573475575,False,0.5997189541855901,True,-0.0781391534210482,False
90.33294838518952,23.560048174143816,0.5750376626722653,0.1919800711455271,False,0.6091209566165626,True,-0.026893879572161918,False
90.38294838518952,23.560048174143816,0.568184752948013,0.31876167141179956,False,0.5087964444485631,True,0.027336778868976223,False
90.43294838518952,23.560048174143816,0.5230899714923473,1.2026184739296792,True,0.1748694624221524,False,0.14963605287104462,False
90.48294838518952,23.560048174143816,0.5459563699153943,1.8100320285857892,True,0.03449242298091759,False,0.10548153960956815,False
90.53294838518951,23.560048174143816,0.6636131896402744,1.9363011894832696,True,0.26299893885034986,False,-0.24998432088337436,False
90.58294838518952,23.560048174143816,0.7673875728109161,1.7466206465368255,True,0.4770899607120646,True,-0.5107236744624082,False
90.63294838518952,23.560048174143816,0.7394162841860328,1.1427833983910072,False,0.5702079635309157,True,-0.6348150952177559,False
90.68294838518952,23.560048174143816,0.5048439985737849,0.4133550007905505,False,0.5436967594679398,False,-0.6650556759496147,False
90.73294838518952,23.560048174143816,0.34767517854272745,0.38908713077566076,False,0.4126925109674464,False,-0.5818454515802132,False
90.78294838518951,23.560048174143816,0.3625639045786453,0.9068336168873952,False,0.22263538980153347,False,-0.5483572891078503,False
90.83294838518952,23.560048174143816,0.3428937845755802,1.481859915581946,False,-0.03257376034960249,False,-0.5108305582449203,False
90.88294838518952,23.560048174143816,0.34518230356663726,1.455801324489442,False,-0.1464483300176957,False,-0.35772471700350184,False
90.93294838518952,23.560048174143816,0.32636727385356806,0.641990484898582,False,0.03218613503381748,False,-0.062289349547272124,False
90.98294838518952,23.560048174143816,0.27146386852874027,0.09530615965948208,False,0.26197848273747737,False,0.13804004642861506,False
91.03294838518951,23.560048174143816,0.34280468413884435,-0.105593117221781,False,0.49459307327932844,False,0.27619302395688095,False
91.08294838518952,23.560048174143816,0.4455773621008888,-0.30415214079966946,False,0.7733457653953868,False,0.30300106035543106,False
91.13294838518952,23.560048174143816,0.49088517778464075,-0.23363845689146262,False,0.9479934231338647,False,0.23578347663766652,False
91.18294838518952,23.560048174143816,0.5005835703203337,-0.28949832050873203,False,1.1297047118613435,False,0.13234473822185877,False
91.98294838518952,23.560048174143816,0.886179677293067,-0.4707121358747177,False,1.5482678053567611,True,0.07917406551319467,False
92.03294838518951,23.560048174143816,0.8692223734019864,-0.7115100403997949,False,1.363402435504229,True,0.10997324547227266,False
92.08294838518952,23.560048174143816,0.821242026062487,-0.8313460394633362,False,1.1757458454541565,True,0.19574023275283764,False
92.13294838518952,23.560048174143816,0.6681836738964225,-0.6371949632215479,False,0.9318789521435992,True,0.2180759057581923,False
92.18294838518952,23.560048174143816,0.3744061662024424,-0.8071030663778325,False,0.6177084376744845,False,0.15990043992685585,False
92.23294838518952,23.560048174143816,0.3112062164067261,-1.1697774162113168,False,0.41970217963816614,False,0.030677759214311373,False
92.28294838518951,23.560048174143816,0.3456227130482892,-0.8880744664380211,False,0.3110052661235057,False,-0.0798925902077331,False
88.73294838518952,23.51004817414381,0.5201967158229369,-0.28124102365311066,False,2.256794280094188,False,0.12055563379078811,False
88.78294838518953,23.51004817414381,0.5017126926680803,-0.9031544572710121,False,2.2279902280557375,False,0.10850093228299984,False
88.83294838518952,23.51004817414381,0.46427118309783755,-0.5295613248763605,False,1.5315176356693514,False,0.018382414194171873,False
88.88294838518952,23.51004817414381,0.47950637222756504,0.5797339336822499,False,0.25781771415310767,False,-0.11115858761959872,False
88.93294838518952,23.51004817414381,0.5505226772502071,1.0965608192369884,False,-1.3071980927035287,False,-0.221291533578597,False
88.98294838518952,23.51004817414381,0.5879286341366318,1.1577333073662621,False,-1.5600732559278243,False,-0.22352525581179838,False
89.03294838518953,23.51004817414381,0.5178281984323935,0.9174078587446017,False,-1.0442118326061232,False,-0.19461568012473107,False
89.08294838518952,23.51004817414381,0.5487571302109667,0.324266816237603,False,0.32803341643359835,False,-0.18695541989558048,False
89.13294838518952,23.51004817414381,0.68877345234472,-1.2489151484303194,False,2.371574310908276,False,-0.12515190024274297,False
89.18294838518952,23.51004817414381,0.7150466272846304,-1.945448237261206,False,3.5137485395838643,True,-0.043904446080116837,False
89.23294838518952,23.51004817414381,0.6675216910078435,-1.2014149492246573,False,4.214530326158649,True,0.009816001641826083,False
89.28294838518953,23.51004817414381,0.5817565227705749,-0.20606779673794173,False,4.183691334648456,True,0.054075241547980823,False
89.33294838518952,23.51004817414381,0.48886132424938844,0.4339117570697766,False,3.2264258423383305,True,0.09312582027322183,False
89.38294838518952,23.51004817414381,0.4364915102964841,0.2769428611014099,False,1.8090503375979483,False,0.14331723585950207,False
89.43294838518952,23.51004817414381,0.4368189225147635,0.3544098048145634,False,0.397247606334341,False,0.19547990647369073,False
89.48294838518952,23.51004817414381,0.46467209039180407,0.8173643387182624,False,-1.8796406540383361,False,0.31168101405742965,False
89.53294838518953,23.51004817414381,0.5334307753296692,1.7078660502390068,False,-4.607518979673072,True,0.3976874489077351,False
89.58294838518952,23.51004817414381,0.5684643902390348,1.0301028800175824,False,-4.790727974928135,True,0.3592994884599374,False
89.63294838518952,23.51004817414381,0.5613778722134486,-0.28089356501513996,False,-3.27290295322013,True,0.2374849421534338,False
89.68294838518952,23.51004817414381,0.5465379898266421,-0.5737999132709369,False,-1.1649796915467243,False,-0.028285401876635086,False
89.73294838518952,23.51004817414381,0.5524558582167326,0.518109270846992,False,0.042628749235080546,False,-0.40144592583394345,False
89.78294838518953,23.51004817414381,0.5843294799702432,0.7974719347026156,False,0.24546803355027563,False,-0.5654962594542431,False
89.83294838518952,23.51004817414381,0.5779712139074413,-0.09904833582968763,False,-0.020192126315998545,False,-0.4965266405228867,False
89.88294838518952,23.51004817414381,0.5420468850169264,-0.5004284152396957,False,-0.35191461691632675,False,-0.3815044386207843,False
89.93294838518952,23.51004817414381,0.567801638336656,-0.5508014215068782,False,-0.6856799443281154,False,-0.3279779488367044,False
89.98294838518952,23.51004817414381,0.6266463670219097,-0.5663556831720608,False,-0.7609787716980767,False,-0.45346734192178273,False
90.03294838518953,23.51004817414381,0.6852930099951471,-0.6834058836681973,False,-0.6531705126953726,False,-0.7458268553483851,True
90.23294838518952,23.51004817414381,0.4930944104066534,0.16643764090757895,False,0.6425224215476748,True,-0.46645747158391704,False
90.28294838518951,23.51004817414381,0.5529423866666441,0.13573686769312243,False,0.6927351569282891,True,-0.4682411160106885,False
90.33294838518952,23.51004817414381,0.568882625305732,0.08371984892039072,False,0.7263374931938167,True,-0.4676806454908291,False
90.38294838518952,23.51004817414381,0.5550257079918082,0.1963667381394242,False,0.6873907988668038,True,-0.47608171644833003,False
90.43294838518952,23.51004817414381,0.5196787359024055,0.947301824115732,False,0.41627482690785284,False,-0.39448873101305465,False
90.48294838518952,23.51004817414381,0.589610475159394,1.5063790103626802,True,0.2816060175948981,False,-0.4304440537047614,False
90.53294838518951,23.51004817414381,0.7338041531760479,1.6551603913769595,True,0.4313249811898965,False,-0.6189680433517695,False
90.58294838518952,23.51004817414381,0.8036705121519172,1.6062238070585608,True,0.5571079617834614,True,-0.6663399277509721,False
90.63294838518952,23.51004817414381,0.7539695074288144,1.3073866721518794,False,0.5879109435705925,True,-0.6022669522650904,False
90.68294838518952,23.51004817414381,0.5360784404597058,0.7176540149082433,False,0.5809237568470952,False,-0.5880088792884999,False
90.73294838518952,23.51004817414381,0.36438353728093603,0.49592733274776746,False,0.4736274946883356,False,-0.5329211578028883,False
90.78294838518951,23.51004817414381,0.3316503000668291,0.7676922475129744,False,0.3457682696105327,False,-0.4895629849959292,False
90.83294838518952,23.51004817414381,0.2949746125659249,0.8775666949852599,False,0.339945448452978,False,-0.43434283783595046,False
90.88294838518952,23.51004817414381,0.2854128518841435,0.478054388407143,False,0.4834272826445296,False,-0.2342350337382655,False
90.93294838518952,23.51004817414381,0.29260696428927646,-0.5269679540135119,False,0.7239809801457914,False,0.1298454096253861,False
90.98294838518952,23.51004817414381,0.3218524610694744,-1.1014857870705044,False,0.7955790231836024,False,0.24421434970488928,False
91.03294838518951,23.51004817414381,0.435733287992614,-1.0741948467741151,False,0.9382182094337581,False,0.36047525261866264,False
91.08294838518952,23.51004817414381,0.5114257633438818,-0.8478094329023069,False,1.119907524830686,False,0.4033850830802231,False
91.13294838518952,23.51004817414381,0.5133042251583969,-0.866259482094537,False,1.3692937957438616,False,0.292629018653112,False
91.18294838518952,23.51004817414381,0.5107199918994314,-1.2449915916186916,False,1.5460957211072848,False,0.12056671940465166,False
91.23294838518952,23.51004817414381,0.4973475157386696,-1.6469367196390436,False,1.890711754672271,False,-0.010388066744284857,False
91.98294838518952,23.51004817414381,0.8971651838837086,0.06432166145574758,False,1.6180644402816924,True,-0.04593878834633851,False
92.03294838518951,23.51004817414381,0.8892032005442132,-0.36206516374540687,False,1.4591060491036618,True,-0.07477894321813855,False
92.08294838518952,23.51004817414381,0.8672420635620268,-0.9880049210624775,False,1.3331748707210997,True,0.05824014999707938,False
92.13294838518952,23.51004817414381,0.766720514057732,-1.252822669658847,False,1.1822153828507602,True,0.16843356687204994,False
92.18294838518952,23.51004817414381,0.58420876612987,-1.320764090044141,False,0.933950175006374,True,0.11779481706723977,False
92.23294838518952,23.51004817414381,0.4979828249917943,-0.80453193515892,False,0.7269178420852047,False,-0.013896325306394397,False
92.28294838518951,23.51004817414381,0.46263468368520844,-0.10284558039747971,False,0.5229587800020756,False,-0.11870555754397694,False
88.78294838518953,23.46004817414381,0.6170497539655989,-1.8554936212985145,False,2.4462778547829807,True,0.23781833711365807,False
88.83294838518952,23.46004817414381,0.6268337504807471,-1.103728595625354,False,1.7484482573307905,False,0.1244496441278837,False
88.88294838518952,23.46004817414381,0.6520809874551582,0.08785817581507262,False,0.8365815170496536,False,0.05520861069765802,False
88.93294838518952,23.46004817414381,0.6600434613297588,0.7956774852163367,False,-0.2890800584671521,False,-0.10322123419475937,False
88.98294838518952,23.46004817414381,0.6299316291067691,1.1532070078160097,False,-0.9229819131861101,False,-0.23752320572081873,False
89.03294838518953,23.46004817414381,0.4574385315941733,1.1058197284185463,False,-0.6721753810515354,False,-0.24555551083137583,False
89.08294838518952,23.46004817414381,0.3318942239074659,0.4479487156632123,False,-0.2118270743119516,False,-0.19044270926552354,False
89.13294838518952,23.46004817414381,0.519172402588651,-1.0090125374451748,False,0.5015414680058503,False,-0.08231310811200193,False
89.18294838518952,23.46004817414381,0.5942580267797339,-1.4705962408235846,False,1.0947589680178273,False,0.040227200294301615,False
89.23294838518952,23.46004817414381,0.559936158342075,-0.8107382322148613,False,1.9238873748920873,False,0.14637424697602533,False
89.28294838518953,23.46004817414381,0.4952725325493296,0.06952303095486283,False,2.7197815888683925,False,0.15486878945726842,False
89.33294838518952,23.46004817414381,0.4276603422770241,0.23277758475914942,False,2.325480141240329,False,0.19150567727671697,False
89.38294838518952,23.46004817414381,0.3822053504858237,-0.546776093333757,False,0.9460516621946153,False,0.23941345753836923,False
89.43294838518952,23.46004817414381,0.340176803212183,-0.8544643657241118,False,-0.09125550033588947,False,0.2729519788303472,False
89.48294838518952,23.46004817414381,0.3222455216309401,-0.6252889326431608,False,-0.9426581652812772,False,0.2934497376921313,False
89.53294838518953,23.46004817414381,0.3666935047277105,-0.47281785275555765,False,-2.2877181548130547,False,0.310991386483894,False
89.58294838518952,23.46004817414381,0.46340847081460707,-1.4208192651939013,False,-2.630217257682444,False,0.32205675062366146,False
89.63294838518952,23.46004817414381,0.564177600690814,-2.7307370646178484,True,-1.9717197510835505,False,0.2957119916836113,False
89.68294838518952,23.46004817414381,0.6311672048642745,-2.7328448465142507,True,-0.5806771866600301,False,0.036146718039306226,False
89.73294838518952,23.46004817414381,0.6385877123843272,-1.228548380293362,False,0.47204405379152353,False,-0.3883274900166622,False
89.78294838518953,23.46004817414381,0.53900202716157,-0.19090217986078328,False,0.9772923096987133,False,-0.495476064404342,False
89.83294838518952,23.46004817414381,0.44067385310460216,0.3245893641388677,False,0.819515003234969,False,-0.26893761768269236,False
89.88294838518952,23.46004817414381,0.45186762101187816,0.5574586391409854,False,0.18775532944163675,False,-0.021584543319280898,False
89.93294838518952,23.46004817414381,0.499231768622077,0.3038295902785772,False,-0.4404270509521506,False,0.01615126643562248,False
89.98294838518952,23.46004817414381,0.5526549651236013,0.1259991052790922,False,-0.6668312865109175,False,-0.06621868410621642,False
90.03294838518953,23.46004817414381,0.6147676265867758,0.17806246362217848,False,-0.619322228015527,False,-0.2781133418143336,False
90.08294838518952,23.46004817414381,0.6574047696930386,0.0008799450759226501,False,-0.6026718749426819,False,-0.7103391688266543,True
90.28294838518951,23.46004817414381,0.6606026428880618,-0.09937007303509503,False,0.8858224523547601,True,-0.718244849364593,True
90.33294838518952,23.46004817414381,0.6525747273432859,-0.07150535955989096,False,0.8798314157843561,True,-0.6840402248350748,True
90.38294838518952,23.46004817414381,0.6435755057313207,0.19904379689428747,False,0.7651126565057947,True,-0.6099412265109025,True
90.43294838518952,23.46004817414381,0.6437227430545046,0.9439378803321963,False,0.4753781107280687,False,-0.4870747876442858,False
90.48294838518952,23.46004817414381,0.7187232209478823,1.3743317663035566,True,0.4516780359224307,False,-0.6656207751031679,False
90.53294838518951,23.46004817414381,0.8013629895369332,1.4514038934597462,True,0.6731093665806643,True,-0.8691603338255482,False
90.58294838518952,23.46004817414381,0.8175909436021482,1.5307807661341357,True,0.7078610301073618,True,-0.6920307493738559,False
90.63294838518952,23.46004817414381,0.7252355784765125,1.3966858094145027,False,0.6657186059317641,True,-0.48801221463530464,False
90.68294838518952,23.46004817414381,0.5253544188648634,0.8750484824819257,False,0.6393406440619674,True,-0.5154140515291256,False
90.73294838518952,23.46004817414381,0.38895136667392477,0.42284881120037854,False,0.5499627775232065,False,-0.48897012058045936,False
90.78294838518951,23.46004817414381,0.35451779774691533,0.4203210148838495,False,0.5653637886964274,False,-0.41442927716102756,False
90.83294838518952,23.46004817414381,0.34615879719012266,0.21196650997632993,False,0.8048277795613551,False,-0.25326509934220265,False
90.88294838518952,23.46004817414381,0.417036640923659,-0.1566001023964534,False,1.0843880604886396,False,-0.04910906506356955,False
90.93294838518952,23.46004817414381,0.48416953655357675,-0.5817087680067637,False,1.1636227391339156,False,0.13595549221994704,False
90.98294838518952,23.46004817414381,0.5167254528377091,-1.4109557802427966,False,1.2308196544120176,False,0.2408082250601991,False
91.03294838518951,23.46004817414381,0.5618636013059658,-2.0676033957196176,False,1.3473353671307309,False,0.3118056234730898,False
91.08294838518952,23.46004817414381,0.5762233158182254,-1.4131107455254974,False,1.4412564991767862,False,0.3847019213368048,False
91.13294838518952,23.46004817414381,0.5555158534844999,-1.4632735503797398,False,1.6522381289220864,False,0.24334081038531216,False
91.18294838518952,23.46004817414381,0.5408664792690098,-1.8458224223140856,False,1.8310097489599175,False,0.0354462947689778,False
91.23294838518952,23.46004817414381,0.5250424256989683,-2.014836575047777,False,2.0573454865767373,False,-0.07102265601961913,False
91.98294838518952,23.46004817414381,0.8885178623991473,1.1050491540254037,False,1.5819036702229736,True,-0.04734695204265629,False
92.03294838518951,23.46004817414381,0.8907152620675086,0.06605566216382242,False,1.4586372154985858,True,-0.14025572892814858,False
92.08294838518952,23.46004817414381,0.8853620382031467,-0.7328867136684786,False,1.3780762409154832,True,-0.09685078582092677,False
92.13294838518952,23.46004817414381,0.8213300399670909,-1.2461200854885446,False,1.312468429629712,True,0.003765754889938855,False
92.18294838518952,23.46004817414381,0.6962482144307747,-1.0992318167528254,False,1.1764623334139057,True,-0.00938208204907437,False
92.23294838518952,23.46004817414381,0.5825347961717486,-0.48361013681984044,False,0.9794599592397414,True,-0.05195343943420816,False
92.28294838518951,23.46004817414381,0.5317016759444894,0.9407579037988354,False,0.793320447462484,True,-0.047752426128896186,False
92.33294838518952,23.46004817414381,0.4734052625783327,2.3480129326787553,False,0.5143251861189432,False,-0.029932715217023897,False
88.78294838518953,23.41004817414381,0.6936815613319748,-1.5696060732797525,False,2.0988724209243137,False,0.49630277427076575,False
88.83294838518952,23.41004817414381,0.7181886206577105,-0.8885341715505011,False,1.7252246031096101,False,0.4597862122585455,False
88.88294838518952,23.41004817414381,0.7398415815312437,-0.19530804568793725,False,1.3034083830865422,False,0.37351185069536874,False
88.93294838518952,23.41004817414381,0.727752972540301,0.27581572743945804,False,0.8306012803030631,False,0.1917281634967266,False
88.98294838518952,23.41004817414381,0.6461767862235627,0.665862753394622,False,-0.11236263390397837,False,-0.036569903764969734,False
89.03294838518953,23.41004817414381,0.4260952854528261,0.798739078621532,False,-0.8395645511517142,False,-0.1563515275308442,False
89.08294838518952,23.41004817414381,0.265410762211298,0.163900199545033,False,-0.7301050590949751,False,-0.08661352677031897,False
89.13294838518952,23.41004817414381,0.3852513497308201,-0.8023755587993546,False,-0.7639730217102065,False,0.009821853911304256,False
89.18294838518952,23.41004817414381,0.45797115175715875,-1.0472942959866078,False,-0.815110159495942,False,0.17984712788724483,False
89.23294838518952,23.41004817414381,0.42033750806981085,-0.6677831414992144,False,-0.5360664779269799,False,0.3389303798246961,False
89.28294838518953,23.41004817414381,0.3744625144988758,-0.09312275530829317,False,0.3937508657856052,False,0.32721318532738086,False
89.33294838518952,23.41004817414381,0.36334208030917164,0.014966212713974913,False,1.157953118541324,False,0.27004598146002873,False
89.38294838518952,23.41004817414381,0.3590200018965911,-0.7195542870443128,False,0.6539792783823075,False,0.2016111261489188,False
89.43294838518952,23.41004817414381,0.3037803131387463,-1.2504982905828388,False,-0.19054890316388212,False,0.1624603786757396,False
89.48294838518952,23.41004817414381,0.19970515537266176,-1.2971601004647833,False,-0.7042844274729279,False,0.15999452611001552,False
89.53294838518953,23.41004817414381,0.15788079983659495,-1.3770836910565623,False,-1.3490458019777316,False,0.15222542331252925,False
89.58294838518952,23.41004817414381,0.29469609641660316,-2.202096518908513,False,-2.016371027933926,False,0.1510383763213095,False
89.63294838518952,23.41004817414381,0.5250143392261487,-3.2225847758469275,True,-2.2334401169622633,False,0.06296136220360155,False
89.68294838518952,23.41004817414381,0.6864753800665336,-3.5787197879796344,True,-1.3086151835588076,False,-0.12866576142011518,False
89.73294838518952,23.41004817414381,0.7031498185530202,-2.360530204700275,True,-0.21202906710519923,False,-0.43783105571981784,False
89.78294838518953,23.41004817414381,0.5104600705668536,-0.7399779895991043,False,0.8564608445507856,False,-0.49063911780607183,False
89.83294838518952,23.41004817414381,0.18617826298045878,0.6987809345934063,False,1.238423848558421,False,-0.08099762316894554,False
89.88294838518952,23.41004817414381,0.26958513647973165,1.5132961905523614,False,0.7061965839763941,False,0.30700922834209254,False
89.93294838518952,23.41004817414381,0.4656115106771757,1.3181311943608875,False,-0.06507038598556569,False,0.30487243964543376,False
89.98294838518952,23.41004817414381,0.5391267399804629,0.9082322582528479,False,-0.47233770150950416,False,0.14160410975357043,False
90.03294838518953,23.41004817414381,0.5543508362319248,0.952571217017586,False,-0.5298287986875122,False,-0.04120579661778839,False
90.08294838518952,23.41004817414381,0.5842323503329246,1.8603281586595612,False,-0.38865500970949407,False,-0.285839800713557,False
90.13294838518952,23.41004817414381,0.6513237904376058,0.4096777966647823,False,-0.17113659810011753,False,-0.7149725119708972,True
90.18294838518952,23.41004817414381,0.7134655986663685,-0.4184508728367555,False,0.6058875955378724,False,-0.8983409629153056,True
90.23294838518952,23.41004817414381,0.7281355592655172,-0.3590665829852234,False,1.2557976670278026,True,-0.8493451418734018,True
90.28294838518951,23.41004817414381,0.7200264546071248,-0.2146377991127969,False,1.2492413721984126,True,-0.8135992653749793,True
90.63294838518952,23.41004817414381,0.6644173707581882,1.4894720459943103,False,0.5667511476372669,False,-0.23784161327307507,False
90.68294838518952,23.41004817414381,0.4379134672574887,0.8713396669278881,False,0.44589856205251854,False,-0.31490879435292174,False
90.73294838518952,23.41004817414381,0.3807233784801455,0.20663531018980713,False,0.4069085773026348,False,-0.3693145337737603,False
90.78294838518951,23.41004817414381,0.3651924508621907,-0.14351021976178485,False,0.5953485295644072,False,-0.16866345693332369,False
90.83294838518952,23.41004817414381,0.3740751822153556,-0.6757487151632948,False,1.0878094972731218,True,0.2309925580890534,False
90.88294838518952,23.41004817414381,0.5014652774544477,-0.433494922610203,False,1.2277622707490794,False,0.23167431307402425,False
90.93294838518952,23.41004817414381,0.5828817706892307,0.06206988824715187,False,1.113885933168699,False,0.05885641525393388,False
90.98294838518952,23.41004817414381,0.5551308417697706,-0.5831994696953029,False,1.2586367807084509,False,0.08688848022852746,False
91.03294838518951,23.41004817414381,0.5664940820443505,-1.7029924500589009,False,1.4691020627665639,True,0.15074410684942988,False
91.08294838518952,23.41004817414381,0.5983845128636776,-1.2393816960006878,False,1.813217190193174,True,0.26300727630744836,False
91.13294838518952,23.41004817414381,0.5934604966729072,-1.832634297676918,False,1.8355003568997885,False,0.06687868860778978,False
91.18294838518952,23.41004817414381,0.5730196580635687,-1.985543241122712,False,1.9139373488177323,False,-0.07761421472946756,False
91.23294838518952,23.41004817414381,0.5572498599202489,-1.922571376461242,False,1.9319187211196187,False,-0.137587965432849,False
91.28294838518951,23.41004817414381,0.5560659658982487,-1.8259941490431855,False,1.5313030098043334,False,-0.13815906732266386,False
91.88294838518952,23.41004817414381,0.8492423283565765,1.886223264921581,False,1.4395207223947675,True,0.11461174079635374,False
91.93294838518952,23.41004817414381,0.8578376135368271,2.7420211415240843,False,1.4930178641520753,True,0.08413392760933772,False
91.98294838518952,23.41004817414381,0.8626415592209183,2.350361348400364,False,1.5135250099225548,True,0.035568628863536844,False
92.03294838518951,23.41004817414381,0.882201051257597,0.48930503380708235,False,1.4562950481213268,True,-0.07702410913204044,False
92.08294838518952,23.41004817414381,0.8850134252044098,-0.7241847521053959,False,1.3814081502553863,True,-0.16998394164545239,False
92.13294838518952,23.41004817414381,0.8386012859210531,-1.2801642338177635,False,1.320863801519926,True,-0.18168517773076387,False
92.18294838518952,23.41004817414381,0.7231068487956344,-0.7616359817914677,False,1.2675603968911728,True,-0.16614014389606857,False
92.23294838518952,23.41004817414381,0.597356527057329,0.30064862968375294,False,1.127570468356597,True,-0.08979819307487336,False
92.28294838518951,23.41004817414381,0.5434605998292135,1.477851831632944,False,0.8987549477109471,True,0.022159872452968576,False
92.33294838518952,23.41004817414381,0.47989989313790193,2.583793402812238,False,0.6421159094867381,False,0.10415457719509391,False
88.78294838518953,23.360048174143813,0.7129191628387431,-1.2588839112289074,False,1.9607939095367177,False,0.7109556230689136,False
88.83294838518952,23.360048174143813,0.7282631370819509,-0.6957471882698025,False,1.6966425582265723,False,0.6831234424463413,False
88.88294838518952,23.360048174143813,0.7382654121778635,-0.32708713665333133,False,1.5978490492226194,False,0.6104904881191374,False
88.93294838518952,23.360048174143813,0.710797804598913,-0.026466006913662507,False,1.36492041972709,False,0.42014263838393756,False
88.98294838518952,23.360048174143813,0.6034020792943445,0.14655629879827567,False,0.5518877690980377,False,0.22812142734896035,False
89.03294838518953,23.360048174143813,0.3927992538947415,0.3817713895650322,False,-0.6862335629363131,False,-0.022500087137116064,False
89.08294838518952,23.360048174143813,0.30905112566357956,0.0696281822825628,False,-0.911404645171547,False,-0.03042220392308998,False
89.13294838518952,23.360048174143813,0.3413470361505967,-0.4343859125730092,False,-1.0561469118722466,False,0.01914942734807381,False
89.18294838518952,23.360048174143813,0.39360752371519186,-0.5370001164743472,False,-1.2409276157582356,False,0.2074206374489691,False
89.23294838518952,23.360048174143813,0.41451610509194553,-0.376890655546635,False,-1.3547778032050868,False,0.39613201936798886,False
89.28294838518953,23.360048174143813,0.45378003181330095,-0.26722113641019196,False,-1.154115167823086,False,0.42894731360042443,False
89.33294838518952,23.360048174143813,0.49907990886040027,-0.3036848277867905,False,0.03645242517027891,False,0.3291214545898061,False
89.38294838518952,23.360048174143813,0.5078174618150282,-0.7398092335699467,False,1.149738813133688,False,0.17059337929453086,False
89.43294838518952,23.360048174143813,0.42225815845401315,-1.3574521368155448,False,0.39696254877257975,False,0.10605442392636777,False
89.48294838518952,23.360048174143813,0.24306407378187692,-1.4854360657951458,False,-0.8332086513705254,False,0.06870634151663062,False
89.53294838518953,23.360048174143813,0.14286375419741293,-1.375032812055637,False,-1.7342295824089067,False,-0.021348976617759974,False
89.58294838518952,23.360048174143813,0.21886679734082304,-1.9684661087071569,False,-2.2975782498608868,False,-0.06405513577469238,False
89.63294838518952,23.360048174143813,0.46585237775619603,-2.8562957314349067,True,-2.2351224805533105,False,-0.14327481876176026,False
89.68294838518952,23.360048174143813,0.6603712719498428,-3.321449496466796,True,-1.1666792591949369,False,-0.324691793245725,False
89.73294838518952,23.360048174143813,0.7011253579199561,-2.250355395427524,True,-0.014385093359917861,False,-0.5298904090367309,False
89.78294838518953,23.360048174143813,0.5352436893371681,-0.4486380181030718,False,1.5740253550765244,False,-0.4249049598018996,False
89.83294838518952,23.360048174143813,0.2587353184786707,1.0596931357624948,False,2.0263151780072217,False,-0.0381016764557138,False
89.88294838518952,23.360048174143813,0.3498210705278043,1.8298712171906395,True,1.3837247321363149,False,0.281221902877151,False
89.93294838518952,23.360048174143813,0.4973013029700049,2.074050520738801,True,0.7104718327302659,False,0.4231590329191669,False
89.98294838518952,23.360048174143813,0.5515234276731672,1.5686924024369193,False,0.007651976075688016,False,0.29654819273409316,False
90.03294838518953,23.360048174143813,0.5508473197271023,1.188209348571446,False,-0.26536870001350726,False,0.08724593694665148,False
90.08294838518952,23.360048174143813,0.5238289446967636,1.8576655414440069,False,-0.20777874304947774,False,-0.1459227029968801,False
90.13294838518952,23.360048174143813,0.5886607056408466,1.0779743136423718,False,0.07298634916273933,False,-0.3742447079450158,False
90.18294838518952,23.360048174143813,0.6741860449829218,-0.05496325095283816,False,0.8802145437342458,True,-0.6027795036707089,False
90.23294838518952,23.360048174143813,0.6943974819015418,-0.21898593528082033,False,1.784630838428603,True,-0.6919636059846546,True
90.28294838518951,23.360048174143813,0.6992681845165037,0.4337461072827567,False,1.4808944386835203,True,-0.5665148893578141,False
90.33294838518952,23.360048174143813,0.7063312942231922,1.3047466720474077,False,0.6797706339816252,False,-0.2949254079269864,False
90.48294838518952,23.360048174143813,0.7344569745785763,2.1752248141779393,True,0.14256629090629097,False,0.180350426055797,False
90.53294838518951,23.360048174143813,0.7892677466919531,1.6313138229779165,True,0.657346118644424,False,-0.2551314695616038,False
90.58294838518952,23.360048174143813,0.759987572311601,1.5324159992991633,True,0.5930412138966008,False,-0.33668487904876787,False
90.63294838518952,23.360048174143813,0.5765036084086683,1.403053829751904,False,0.38011727375966853,False,-0.23144337182152874,False
90.68294838518952,23.360048174143813,0.35710456020340225,0.8232235272524878,False,0.2529639795865792,False,-0.2600813334105656,False
90.73294838518952,23.360048174143813,0.3673929589212694,-0.038230931076236374,False,0.3712387100718537,False,-0.3392930054920162,False
90.78294838518951,23.360048174143813,0.37513329614913293,-0.1837340443225897,False,0.5568258122578766,False,-0.11590917358895028,False
90.83294838518952,23.360048174143813,0.38110159313670516,-0.44873460179544017,False,0.9038306478411463,True,0.31450886988137505,False
90.88294838518952,23.360048174143813,0.5220101270341508,0.1386601254573402,False,0.8619886111021711,False,0.26297890445614286,False
90.93294838518952,23.360048174143813,0.5911789460507965,1.1298864880531307,False,0.5973457483222049,False,-0.014319938748581295,False
90.98294838518952,23.360048174143813,0.4570207496505329,1.0712835365731244,False,0.5672250448712519,False,-0.05586611204336822,False
91.03294838518951,23.360048174143813,0.40382393849987225,-0.11630631028180231,False,0.65839296249663,False,0.007088907186301386,False
91.08294838518952,23.360048174143813,0.5359775902654561,-0.5312340276180538,False,1.0048185673241161,False,0.07415661210050531,False
91.13294838518952,23.360048174143813,0.5850228356403273,-1.196287531380607,False,1.2451390306975,False,-0.053345210329200435,False
91.18294838518952,23.360048174143813,0.582046506821459,-1.411272441900708,False,1.4497821463651186,False,-0.16707772041671265,False
91.23294838518952,23.360048174143813,0.5745811801615169,-1.3897293867301108,False,1.3390595949618216,False,-0.1621700089686018,False
91.28294838518951,23.360048174143813,0.580337896800323,-1.4361082913636,False,1.0194095339936906,False,-0.1609579078701467,False
91.83294838518952,23.360048174143813,0.7264930160370195,1.9950739898958858,False,1.0227708272429554,True,0.21023050135569105,False
91.88294838518952,23.360048174143813,0.7556559015571995,2.1928568450567405,False,1.1254542893963617,True,0.20192885845210432,False
91.93294838518952,23.360048174143813,0.7981991426361607,2.4165766077588224,False,1.2904551833046838,True,0.16018468079449696,False
91.98294838518952,23.360048174143813,0.8222308611768485,2.513474498409847,False,1.411721121537092,True,0.10777131892998716,False
92.03294838518951,23.360048174143813,0.8582605021377276,0.7798641998255836,False,1.4394955295004717,True,0.026285029927880066,False
92.08294838518952,23.360048174143813,0.8650602800452317,-0.9589071090647445,False,1.395479918605804,True,-0.06913107079189024,False
92.13294838518952,23.360048174143813,0.8273869374652089,-1.4708934255310586,False,1.3588572962535004,True,-0.14527073879849361,False
92.18294838518952,23.360048174143813,0.7191105410656523,-0.2814862075300546,False,1.3226259339234705,True,-0.2712318439812351,False
92.23294838518952,23.360048174143813,0.6123198847006177,1.4869868184801476,False,1.1761990073293345,True,-0.0886469935597542,False
92.28294838518951,23.360048174143813,0.5505943968601528,2.4382986239897386,False,0.9469970673372243,True,0.10702938528179634,False
92.33294838518952,23.360048174143813,0.4923685268529428,2.9039193082551042,False,0.7631511534681581,False,0.1963539984499912,False
88.73294838518952,23.310048174143816,0.6992381127032233,-1.357085059918064,False,1.9305969597894916,True,0.798876694764302,False
88.78294838518953,23.310048174143816,0.7088533115945974,-0.9755479841675758,False,1.8035261349018978,False,0.8081794388596211,False
88.83294838518952,23.310048174143816,0.7096597704095708,-0.6477662538687965,False,1.7182013651168506,False,0.781806263240836,False
88.88294838518952,23.310048174143816,0.7001944270838006,-0.34055004875054146,False,1.670819115427469,False,0.6848366007379103,False
88.93294838518952,23.310048174143816,0.6650175293463535,-0.1292511635440102,False,1.5841915898875578,False,0.5306577484849883,False
88.98294838518952,23.310048174143816,0.5603591165983934,-0.010827419573192332,False,0.8569017514955138,False,0.37008104196064623,False
89.03294838518953,23.310048174143816,0.36717455478852323,0.25957710519446703,False,-0.35089811828840883,False,0.12194197132165496,False
89.08294838518952,23.310048174143816,0.2723186954255001,0.14274246600227414,False,-0.8541413742983904,False,0.03861270649516614,False
89.13294838518952,23.310048174143816,0.24883412470059657,-0.14743369250882185,False,-1.0361236528958138,False,0.04726864206526914,False
89.18294838518952,23.310048174143816,0.2764695888351401,-0.2688193060760552,False,-1.1034248199813774,False,0.13821376165682475,False
89.23294838518952,23.310048174143816,0.3310582098517938,-0.09728943910543658,False,-1.1364374145853713,False,0.2748368415798904,False
89.28294838518953,23.310048174143816,0.4599326936222984,-0.053793625649633914,False,-1.0458422457529626,False,0.36964303155102446,False
89.33294838518952,23.310048174143816,0.601700955945047,-0.6466125716046264,False,-0.18008160995382377,False,0.37233497800024973,False
89.38294838518952,23.310048174143816,0.6353529500217898,-1.2809927386012772,False,1.7836235679221866,False,0.15344715463788713,False
89.43294838518952,23.310048174143816,0.4977674383562944,-1.2961749330962529,False,1.285495567218312,False,0.031639860475472695,False
89.48294838518952,23.310048174143816,0.19372231861122774,-0.6407144607486647,False,0.08859912490524552,False,-0.006015329637372682,False
89.53294838518953,23.310048174143816,0.1266806776286619,-0.03604606419477985,False,-0.46331872256883305,False,-0.0380296483266272,False
89.58294838518952,23.310048174143816,0.2342423643206236,-0.3865211712059312,False,-0.626828676057027,False,-0.053936067839495935,False
89.63294838518952,23.310048174143816,0.4177655160678199,-1.734703938149539,False,-0.29810054126418994,False,-0.16988813824586502,False
89.68294838518952,23.310048174143816,0.5946046135828829,-2.6069345423772914,True,1.0420974638062108,False,-0.3450018474421133,False
89.73294838518952,23.310048174143816,0.6450538815898174,-1.7982640884051506,True,1.8465766044370406,False,-0.3398240757360249,False
89.78294838518953,23.310048174143816,0.5775443328883801,-0.4472112941586486,False,2.6444755094630525,True,-0.21949637833759128,False
89.83294838518952,23.310048174143816,0.5370095210986516,1.0911386503235785,False,2.7328416226794605,True,-0.014394597171400049,False
89.88294838518952,23.310048174143816,0.5986668426002191,2.223456677348313,True,2.37395123507786,True,0.22261840659657117,False
89.93294838518952,23.310048174143816,0.6410891314369758,2.6215494453743653,True,1.7501661112190676,True,0.4496213762657718,False
89.98294838518952,23.310048174143816,0.6289467198841723,1.1225006554961132,False,0.5480764301949158,False,0.48410964287209096,False
90.03294838518953,23.310048174143816,0.5271717895124745,-0.21240900163157161,False,-0.06355005904370048,False,0.31533916884724056,False
90.08294838518952,23.310048174143816,0.4180785829284326,0.18761474648542797,False,-0.027698843126860065,False,0.08664051461017425,False
90.13294838518952,23.310048174143816,0.506908971109986,0.4959353059697936,False,0.23583923246362462,False,-0.21544311552629097,False
90.18294838518952,23.310048174143816,0.5836079260275219,-0.4840596082785644,False,0.8657796638687647,True,-0.37119004338270295,False
90.23294838518952,23.310048174143816,0.5775626044294158,-0.2957665371231691,False,1.5442293004420442,True,-0.485365300232469,False
90.28294838518951,23.310048174143816,0.6032988477181177,0.9276677261374656,False,1.4158666337925672,True,-0.3493338271590831,False
90.33294838518952,23.310048174143816,0.6600759535085822,2.1761156836448365,True,0.4619120324787158,False,-0.010497952906661615,False
90.38294838518952,23.310048174143816,0.6714298420323017,2.8879171140413584,True,-0.2250670426142743,False,0.2687610388105456,False
90.43294838518952,23.310048174143816,0.6542603026591529,2.943092333117674,True,-0.3923051533510911,False,0.30129805038520235,False
90.48294838518952,23.310048174143816,0.6591930673068342,2.6272911073130305,True,-0.13435681420418003,False,0.12412964725146208,False
90.68294838518952,23.310048174143816,0.40169030605523787,0.4204700327604331,False,0.34758327365676905,False,-0.34475719344934475,False
90.73294838518952,23.310048174143816,0.3771521963441572,-0.2921222748732434,False,0.5049227029662648,False,-0.2876117370368055,False
90.78294838518951,23.310048174143816,0.3924254922938611,-0.16209310816509137,False,0.6420332374840508,False,-0.086718441906211,False
90.83294838518952,23.310048174143816,0.3876155235117885,0.06534361667124762,False,0.7356715606977082,False,0.17705293115091253,False
90.88294838518952,23.310048174143816,0.4806059139672697,0.6382964743635965,False,0.6157951429370482,False,0.14558791234857202,False
90.93294838518952,23.310048174143816,0.51654279935691,1.5675834562730675,False,0.2760921443154982,False,-0.04031409930709552,False
90.98294838518952,23.310048174143816,0.3185250406859272,1.5754948840196,False,-0.013002407331922303,False,-0.00543408288264232,False
91.03294838518951,23.310048174143816,0.14253705156065705,0.08617422907691397,False,-0.2937639158589156,False,0.009248209171992077,False
91.08294838518952,23.310048174143816,0.25836290599082995,-0.43158097918306515,False,-0.23836792627553996,False,-0.0015585825722560977,False
91.13294838518952,23.310048174143816,0.4389821570751269,-0.33475042371472974,False,0.1714211316168005,False,-0.06326771326711522,False
91.18294838518952,23.310048174143816,0.4949330171062019,-0.4445332668989498,False,0.46738539980855087,False,-0.15327313209391313,False
91.23294838518952,23.310048174143816,0.5367156748159365,-0.7289303541872352,False,0.5812243958065266,False,-0.17705937679573058,False
91.28294838518951,23.310048174143816,0.6160175784966126,-1.1003354403852594,False,0.3809996871866861,False,-0.18724210038564648,False
91.83294838518952,23.310048174143816,0.6160168646258553,2.394554043964592,False,0.7224433766109215,False,0.2497299274294188,False
91.88294838518952,23.310048174143816,0.641792765722219,2.587493405968795,False,0.7737015838301475,False,0.284978324890797,False
91.93294838518952,23.310048174143816,0.6918795805126058,2.5707161369341494,False,0.9423353717058583,True,0.28194799044691127,False
91.98294838518952,23.310048174143816,0.7493743662778408,2.428176400188742,False,1.1827232451949676,True,0.20720307509377364,False
92.03294838518951,23.310048174143816,0.800669517771663,1.2898771593763412,False,1.3171036492298391,True,0.1721476128184897,False
92.08294838518952,23.310048174143816,0.8262466855195728,-0.7174034516365289,False,1.3718831416734827,True,0.1651366628262667,False
92.13294838518952,23.310048174143816,0.806569194576558,-1.5210311760446351,False,1.3774012776239355,True,0.061381181034123766,False
92.18294838518952,23.310048174143816,0.7457005543012685,0.16432310898506408,False,1.2834256515929487,True,-0.01823253677252956,False
92.23294838518952,23.310048174143816,0.6681088078675668,2.6289600796163555,False,1.1595138598462593,True,-0.03148813078498447,False
92.28294838518951,23.310048174143816,0.5940918311077523,3.694757114699005,False,1.0708848460623706,True,0.025935362852113564,False
92.33294838518952,23.310048174143816,0.5531694678599395,3.2188014565968004,False,0.9440332232426569,True,0.10128107946365397,False
92.38294838518952,23.310048174143816,0.5141951032709814,2.7940387350658376,False,0.836208587840481,True,0.1446850817229695,False
88.73294838518952,23.26004817414381,0.6937011152776187,-1.3066030957450305,False,1.7517795125279074,False,0.8053529184617916,False
88.78294838518953,23.26004817414381,0.688933818465948,-0.9144226204057491,False,1.665960488030069,False,0.7861547370446379,False
88.83294838518952,23.26004817414381,0.679403253610583,-0.5192223459536794,False,1.626524238741747,False,0.7233613137032361,False
88.88294838518952,23.26004817414381,0.6591795663051645,-0.18404695900345,False,1.6580652055379324,False,0.612411462383312,False
88.93294838518952,23.26004817414381,0.6113824797517847,-0.00580552285185687,False,1.6478076638776478,False,0.49654070235898456,False
88.98294838518952,23.26004817414381,0.49768307926584204,0.11313073865225458,False,1.0006060862189021,False,0.3772445603611653,False
89.03294838518953,23.26004817414381,0.34180067551916327,0.27883453402600933,False,0.07322626110506504,False,0.19738163654343877,False
89.08294838518952,23.26004817414381,0.1962907173485066,0.1833187591143718,False,-0.4598142084564494,False,0.11641627090234359,False
89.13294838518952,23.26004817414381,0.12537698425664195,-0.16107323183131791,False,-0.6103196381980596,False,0.013337217095676548,False
89.18294838518952,23.26004817414381,0.1001876243075913,-0.7123981697766075,False,-0.12392367337489107,False,-0.2223017457285817,False
89.23294838518952,23.26004817414381,0.1489844696940809,-0.8710672956285389,False,0.06359219826245233,False,-0.129670588509972,False
89.28294838518953,23.26004817414381,0.3318272887530607,-0.7349535122201201,False,0.2504659330944391,False,0.12833659844059642,False
89.33294838518952,23.26004817414381,0.5675480888783067,-1.383945583504163,False,0.814665684365566,False,0.22345660255555846,False
89.38294838518952,23.26004817414381,0.6724500008047276,-1.7748959647166367,False,1.6212630869818598,False,-0.025375354854250118,False
89.43294838518952,23.26004817414381,0.5599484835720084,-0.7143925590125093,False,1.4872995901846626,False,-0.19157857611025883,False
89.48294838518952,23.26004817414381,0.23016541424275072,0.30550024225309846,False,0.838251753442237,False,-0.16256935455280289,False
89.53294838518953,23.26004817414381,0.17022972690480817,0.8349012158998975,False,0.44077131742811604,False,-0.08439216062408589,False
89.58294838518952,23.26004817414381,0.2982087663009126,0.6954756450930099,False,0.33094596923023967,False,-0.08174645702832775,False
89.63294838518952,23.26004817414381,0.42109868943791784,-0.49215483204704846,False,0.4572155752016639,False,-0.13232655780232203,False
89.68294838518952,23.26004817414381,0.5460300040099271,-1.5953949594714185,True,1.3004671188378356,False,-0.2322569551831144,False
89.73294838518952,23.26004817414381,0.600609847705276,-1.554139950313919,True,2.4747271155786215,True,-0.20117134794929314,False
89.78294838518953,23.26004817414381,0.6236999477720881,-0.775686289758404,False,3.2120750823739064,True,-0.10289115026843978,False
89.83294838518952,23.26004817414381,0.6612256428433166,0.8883883323068528,False,3.2313022827615625,True,-0.04132411988438045,False
89.88294838518952,23.26004817414381,0.7037106895310775,2.4840023596751637,True,3.015166422196762,True,0.09902231084910945,False
89.93294838518952,23.26004817414381,0.721679592599004,2.793466864172097,True,2.4524184080978726,True,0.31375710860046696,False
89.98294838518952,23.26004817414381,0.7138473955977551,0.7088758072637673,False,1.0695962042117886,True,0.39856775312474424,False
90.03294838518953,23.26004817414381,0.6504168177566088,-0.8599996682864605,False,0.2784811861151665,False,0.38859043232853435,False
90.08294838518952,23.26004817414381,0.5258760987773573,-1.0001786306849774,False,0.20771814964339821,False,0.3633538177698223,False
90.13294838518952,23.26004817414381,0.5015146490840365,-0.3480251739010939,False,0.4183297733220762,False,-0.046356326908277304,False
90.18294838518952,23.26004817414381,0.5812964435850981,-0.5631346551944725,False,0.9373715982552835,True,-0.36525317595581425,False
90.23294838518952,23.26004817414381,0.5546124988657545,-0.5912113743411161,False,1.517712664544562,True,-0.44616750052649623,False
90.28294838518951,23.26004817414381,0.5558905634389522,0.9258262749020123,False,1.2520165357579334,True,-0.35731177237711415,False
90.33294838518952,23.26004817414381,0.6062741394070188,2.3120784752048196,True,0.44951625235503223,False,-0.05452046344069678,False
90.38294838518952,23.26004817414381,0.6176727849749633,3.1131350082015676,True,-0.11828181223293353,False,0.16160354646652952,False
90.43294838518952,23.26004817414381,0.5989847712755001,3.290374898203795,True,-0.3070439454266901,False,0.18564637497615477,False
90.48294838518952,23.26004817414381,0.6091727944768177,2.764970245314792,True,-0.0513226680532326,False,0.0028065042444367916,False
90.53294838518951,23.26004817414381,0.6929487560069821,1.9950129536054748,True,0.46822824588012346,False,-0.24357548763033895,False
90.58294838518952,23.26004817414381,0.7431468275211751,1.4702344358948367,False,0.5991400886286862,False,-0.36722384122598734,False
90.68294838518952,23.26004817414381,0.5324530820021438,-0.11366261691115451,False,0.6916913973207373,False,-0.3674964805205028,False
90.73294838518952,23.26004817414381,0.4394086459651505,-0.43988010740385175,False,0.7780039913718946,True,-0.21224094623208847,False
90.78294838518951,23.26004817414381,0.43950263067367296,-0.10580224511821334,False,0.8486806226932215,True,-0.06978730889010137,False
90.83294838518952,23.26004817414381,0.43201636194443316,0.2662902325884646,False,0.8469058326113563,True,-0.0036398417206213556,False
90.88294838518952,23.26004817414381,0.4380265292860596,0.7441940458636987,False,0.7434929672493009,False,-0.048971130799510716,False
90.93294838518952,23.26004817414381,0.4303913131792338,1.1877726897837366,False,0.4090547288024321,False,-0.12611484561893035,False
90.98294838518952,23.26004817414381,0.2621625976696755,0.9951784668613934,False,-0.08194135923173157,False,-0.04843676745167458,False
91.03294838518951,23.26004817414381,0.06217904360661092,-0.4887645641127416,False,-0.5677877740152966,False,-0.021333100342961202,False
91.08294838518952,23.26004817414381,-0.08484536515505095,-0.5750532826038187,False,-0.5322383383504565,False,0.010120166641721266,False
91.13294838518952,23.26004817414381,-0.07350848977241876,-0.19009622680781868,False,-0.2532182125594398,False,-0.027652867911646405,False
91.18294838518952,23.26004817414381,0.1105300188083932,-0.24112852550898628,False,-0.09559964569862593,False,-0.09483178963259416,False
91.23294838518952,23.26004817414381,0.37699466787428576,-0.6814482412759755,False,-0.021862229685391275,False,-0.1328785824643044,False
91.28294838518951,23.26004817414381,0.6632244802910965,-1.4399633702506782,False,-0.09375138370833834,False,-0.14052219405489627,False
91.43294838518952,23.26004817414381,0.6239622114059159,-2.1783767957399185,False,-0.6510382385915707,False,0.06107925376244424,False
91.78294838518951,23.26004817414381,0.43288224755782817,1.545662505681896,False,0.6300182088836501,False,0.16092306895281527,False
91.83294838518952,23.26004817414381,0.46856803974243144,2.2966435607580773,False,0.5205645352110039,False,0.21591139518518954,False
91.88294838518952,23.26004817414381,0.547831090844368,2.7741273646293267,False,0.5226800823484735,False,0.2828245908204572,False
91.93294838518952,23.26004817414381,0.5763392263547502,2.871051235691123,False,0.5845488189828042,False,0.32784018641005747,False
91.98294838518952,23.26004817414381,0.6471000989579385,2.5980175374370313,False,0.9521202490119189,False,0.2450649251441385,False
92.03294838518951,23.26004817414381,0.7224802481115767,1.6422286778830752,False,1.147933263756268,True,0.25482285467997834,False
92.08294838518952,23.26004817414381,0.7653131304694438,0.1780432720624543,False,1.236559767049647,True,0.3030380703061171,False
92.13294838518952,23.26004817414381,0.7853100327804875,-1.2171688333988637,False,1.3302879662367477,True,0.25132030076373724,False
92.18294838518952,23.26004817414381,0.7866690048044575,-0.3896684746108017,False,1.2858353648879692,True,0.14644439803921333,False
92.23294838518952,23.26004817414381,0.7409530628912666,2.116067635877781,False,1.1417542809487307,True,0.056892356298746866,False
92.28294838518951,23.26004817414381,0.6831137939448979,3.430566420104376,False,1.1050185311996326,True,0.02396900867042115,False
92.33294838518952,23.26004817414381,0.6356250716674059,3.266028939111398,False,1.035759061928732,True,0.0629889676793135,False
92.38294838518952,23.26004817414381,0.6191546837994394,2.641754416101027,False,0.9480203997943445,True,0.13444983466956356,False
88.93294838518952,23.21004817414381,0.5409556635951228,0.1920774799279849,False,1.9984341979135878,False,0.3689721106994583,False
88.98294838518952,23.21004817414381,0.4275878727407387,0.20402360064702998,False,1.4847657008723307,False,0.30370202707956095,False
89.03294838518953,23.21004817414381,0.3032308743579722,0.2271837294139331,False,0.6677641642190373,False,0.17569888933215458,False
89.08294838518952,23.21004817414381,0.1716469045844391,0.10046604105487017,False,0.06275175687239598,False,0.09320051281947324,False
89.13294838518952,23.21004817414381,0.08944693713074017,-0.31804149154460504,False,0.125291179179994,False,-0.015181882941993283,False
89.18294838518952,23.21004817414381,0.052806601699046225,-0.8362687553902163,False,0.481995750368274,False,-0.2679309051314018,False
89.23294838518952,23.21004817414381,0.04950553722362611,-0.7591897771193191,False,0.4554515594975512,False,-0.32032729718185254,False
89.28294838518953,23.21004817414381,0.21125895839051478,-0.4929203633503955,False,0.38078088727816245,False,-0.09469780308838927,False
89.33294838518952,23.21004817414381,0.477363484728742,-0.4885296143477692,False,0.44701622259527596,False,-0.1546916677377698,False
89.38294838518952,23.21004817414381,0.622482761369451,-0.32089222817975793,False,0.9456427285445429,False,-0.43736056274417684,False
89.43294838518952,23.21004817414381,0.5887676116977967,0.47692072213072634,False,1.4985454267009706,False,-0.6224428308529582,False
89.48294838518952,23.21004817414381,0.36014843928734297,0.9095173899415622,False,1.3232838711407964,False,-0.40270124186094386,False
89.53294838518953,23.21004817414381,0.2955717418721411,1.0228149255427073,False,0.9313406312076121,False,-0.21763662956066415,False
89.58294838518952,23.21004817414381,0.3971464340557768,0.8029739201589794,False,0.5266598354955286,False,-0.1455232942954202,False
89.63294838518952,23.21004817414381,0.4245412051797806,-0.020736455543052063,False,0.12212048175808723,False,-0.02441666424926514,False
89.68294838518952,23.21004817414381,0.48232139580665007,-0.8971168215470203,False,-0.10783421189281447,False,0.08873871885927752,False
89.73294838518952,23.21004817414381,0.549518383977876,-1.1988471303315509,False,1.2066825208374792,False,0.04495709425402428,False
89.78294838518953,23.21004817414381,0.6035777337802403,-1.0605723800972384,False,2.8257933937134836,True,-0.009095593387541887,False
89.83294838518952,23.21004817414381,0.6475984468522864,0.2873531012116077,False,3.006547824668915,True,0.026006511325572024,False
89.88294838518952,23.21004817414381,0.6825789462365529,1.950279983137349,True,2.719626047990601,True,0.22730074717408438,False
89.93294838518952,23.21004817414381,0.7114205762138585,1.9041372973195982,False,2.2095494288479705,True,0.33992516610304746,False
89.98294838518952,23.21004817414381,0.7338188486901767,0.24208899658218558,False,1.1748704973089974,True,0.3235100851413725,False
90.03294838518953,23.21004817414381,0.7518057783153297,-1.066370176972357,False,0.44164883825732226,False,0.3510225313934486,False
90.08294838518952,23.21004817414381,0.7370242914145363,-1.1968672850152222,False,0.33070069897713456,False,0.2974258001135888,False
90.13294838518952,23.21004817414381,0.7059164431789174,-0.6274355357106156,False,0.6126899106462669,True,-0.12303367722654149,False
90.18294838518952,23.21004817414381,0.6822357094401056,-0.08396040025410423,False,0.9945317126419406,True,-0.553467020641109,False
90.23294838518952,23.21004817414381,0.6549150190225497,0.23126342722388415,False,1.3252309518363794,True,-0.561022393411568,False
90.28294838518951,23.21004817414381,0.5931811003292058,1.071373002813276,False,1.2275798759173424,True,-0.3976651143969611,False
90.33294838518952,23.21004817414381,0.5612371564795416,2.2661422077038935,True,0.5210941071681578,False,-0.1700232005887062,False
90.38294838518952,23.21004817414381,0.5597248905337154,2.798265365031419,True,0.011847520817508034,False,0.002959861375730243,False
90.43294838518952,23.21004817414381,0.5361871039619117,2.6934409046145245,True,-0.12228968957505011,False,-0.0086680151878121,False
90.48294838518952,23.21004817414381,0.5581503939283492,2.1871870606383665,True,0.1593265615333916,False,-0.17085806108668739,False
90.53294838518951,23.21004817414381,0.6953079123961615,1.520912753836741,False,0.7037568062976837,True,-0.35476892915686353,False
90.58294838518952,23.21004817414381,0.7793419240559699,1.1580408541770773,False,0.8255990504208165,True,-0.33975645883286426,False
90.68294838518952,23.21004817414381,0.6210700799918877,-0.1359171222944252,False,1.005814166691553,True,-0.28020270662610924,False
90.73294838518952,23.21004817414381,0.4889355662010709,-0.11143543310805021,False,1.0743013452020238,True,-0.15953861598188768,False
90.78294838518951,23.21004817414381,0.4897129673760934,0.110863591827765,False,1.1694759598294953,True,-0.08352791768743845,False
90.83294838518952,23.21004817414381,0.49900518194688326,0.1886330308212007,False,1.1639687838215749,True,-0.06435354376239816,False
90.88294838518952,23.21004817414381,0.4786435443194161,0.3144346965094794,False,1.0338240825521847,True,-0.11047185352133301,False
90.93294838518952,23.21004817414381,0.4975420010263062,0.23583390907394275,False,0.7874025811824892,False,-0.16703844329298545,False
90.98294838518952,23.21004817414381,0.4156813446918418,-0.02025163864990598,False,0.31592178724875386,False,-0.15842325775839827,False
91.03294838518951,23.21004817414381,0.20937392813290456,-0.5490432957766467,False,-0.13672865371225656,False,-0.0636299386230145,False
91.08294838518952,23.21004817414381,-0.0360887420937192,-0.42657890843189106,False,-0.1851891432758407,False,0.006069485899631889,False
91.13294838518952,23.21004817414381,-0.3318694096491314,-0.18616896323986618,False,-0.14884889143036867,False,0.024098008181204666,False
91.18294838518952,23.21004817414381,-0.0596575878406136,-0.5632732743750845,False,-0.2269406301593498,False,0.0016902049294559816,False
91.23294838518952,23.21004817414381,0.3121014357815714,-1.1287521754164378,False,-0.31502033707496885,False,-0.008778619275200059,False
91.28294838518951,23.21004817414381,0.6707365544895209,-2.0835592003854235,False,-0.3586556078582493,False,-0.030064421954482133,False
91.43294838518952,23.21004817414381,0.5508350564828663,-1.8393748500618963,False,-1.0022711306314585,False,0.052251521353645365,False
91.48294838518952,23.21004817414381,0.44204537688957,-1.299895131462843,False,-1.1539767691759788,False,0.06091620080121363,False
91.83294838518952,23.21004817414381,0.47193999088680016,1.524143174209397,False,0.6885828679872383,False,0.18726924196951394,False
91.88294838518952,23.21004817414381,0.5259081860487569,2.4172837513811647,False,0.5736803143198397,False,0.2251240377416908,False
91.93294838518952,23.21004817414381,0.5975100793164156,2.833603237246145,False,0.6362232457362758,False,0.20382625258163378,False
91.98294838518952,23.21004817414381,0.6388230751847052,2.592413154405806,False,0.9511747889743349,False,0.09783347580415284,False
92.03294838518951,23.21004817414381,0.6576226548702198,1.8413958326262692,False,0.8943890298572525,False,0.17321904276623515,False
92.08294838518952,23.21004817414381,0.6739833454232317,0.8851543785801463,False,1.0200142963735876,False,0.25090031835299265,False
92.13294838518952,23.21004817414381,0.7246267530878594,-0.4390991275931968,False,1.2014048786637914,True,0.3043845977604077,False
92.18294838518952,23.21004817414381,0.7822251641635225,-0.6006038480010085,False,1.215442643883486,True,0.27338791868098483,False
92.23294838518952,23.21004817414381,0.79099425534276,0.8969410994302982,False,1.1343358179347647,True,0.17110446786815497,False
92.28294838518951,23.21004817414381,0.7633518837047056,1.7734017715553625,False,1.0377053005210521,True,0.15638361740576046,False
92.33294838518952,23.21004817414381,0.73860720751813,2.046194261064936,False,0.9631878286744858,True,0.18908658504358372,False
88.93294838518952,23.16004817414381,0.46079526808788573,0.2743263714394469,False,2.643846175013792,False,0.18098563348169128,False
88.98294838518952,23.16004817414381,0.3716241803955371,0.24487075161998034,False,2.3908287769375463,False,0.1278642075260172,False
89.03294838518953,23.16004817414381,0.2737615911511423,0.11406291002479771,False,1.3642032627706366,False,0.06494003251252692,False
89.08294838518952,23.16004817414381,0.1835104266367395,-0.17476650806299163,False,0.4830626933763427,False,0.054102223098191786,False
89.13294838518952,23.16004817414381,0.1291907411327154,-0.5427363791333635,False,0.42058119243691544,False,-0.025872986207078535,False
89.18294838518952,23.16004817414381,0.09227396429674159,-0.6756962287616679,False,0.3727079813846623,False,-0.13055851069416383,False
89.23294838518952,23.16004817414381,0.036939854491736396,-0.4754046614073817,False,0.18947065877502284,False,-0.09551497522597041,False
89.28294838518953,23.16004817414381,0.15153801696215782,-0.2929683421866074,False,0.16676361230199255,False,-0.02731913259110716,False
89.33294838518952,23.16004817414381,0.4017526947819259,-0.11933137725796597,False,0.2771834939318969,False,-0.3115905315916341,False
89.38294838518952,23.16004817414381,0.5536649056102405,0.37304029410008976,False,0.6164944167568556,False,-0.6697596231842264,False
89.43294838518952,23.16004817414381,0.5593847000295203,0.9916500940315534,False,1.2458097625214626,False,-0.7493358849458441,False
89.48294838518952,23.16004817414381,0.4263138667393074,0.7383361162457374,False,1.1378521594921085,False,-0.3549075772187103,False
89.53294838518953,23.16004817414381,0.4123557301471723,0.14936284749806633,False,0.24111065521774494,False,0.032398170497838885,False
89.58294838518952,23.16004817414381,0.4330344365897057,-0.11577796913764432,False,-0.32898095776192504,False,0.08920763439504861,False
89.63294838518952,23.16004817414381,0.3645843793083432,-0.5277815819197286,False,-0.4984374616342139,False,0.014319431929993048,False
89.68294838518952,23.16004817414381,0.3736987179801519,-0.8842950438447261,False,-0.4026534263419914,False,-0.0388547538456632,False
89.73294838518952,23.16004817414381,0.45426555860495516,-0.9402629145707431,False,0.49912671200518693,False,0.01913340456353224,False
89.78294838518953,23.16004817414381,0.5190654960058881,-1.2704225761997712,False,1.6111094550298584,True,0.16876121671833974,False
89.83294838518952,23.16004817414381,0.55240223483335,-0.5370156146127271,False,1.6782530745110433,True,0.28204593800819244,False
89.88294838518952,23.16004817414381,0.5687007001358269,0.8464385294661274,False,1.6891149425870993,True,0.46426220704279764,False
89.93294838518952,23.16004817414381,0.6060333710315474,0.43919924404806526,False,1.30716514141987,True,0.49197397844563273,False
89.98294838518952,23.16004817414381,0.6867998868606101,-0.6958158397355554,False,0.655771519790757,False,0.49057450737456476,False
90.03294838518953,23.16004817414381,0.7754712717944785,-1.4339414489845717,False,0.21823366883789497,False,0.5389014023912605,False
90.08294838518952,23.16004817414381,0.8224331156567429,-1.337748305045116,False,0.23000673363048288,False,0.3659762608933765,False
90.13294838518952,23.16004817414381,0.8280498828299161,-0.6905028269796811,False,0.6628983277765893,True,-0.1031101808265604,False
90.18294838518952,23.16004817414381,0.7980787070972816,-0.19044835662743312,False,1.1705344674470137,True,-0.5843036810781743,False
90.23294838518952,23.16004817414381,0.7355423429450224,0.35611890194491697,False,1.372232580359575,True,-0.5649700223857629,False
90.28294838518951,23.16004817414381,0.660636554949098,1.2986288663035357,False,1.0908473864618156,True,-0.3927315674067442,False
90.33294838518952,23.16004817414381,0.5704682115065863,2.228382250531375,True,0.36334201667713695,False,-0.2560642624535615,False
90.38294838518952,23.16004817414381,0.5183065117901939,2.2370247186933176,True,0.05497223718969391,False,-0.1618226003280191,False
90.43294838518952,23.16004817414381,0.469614493062799,1.7252461054437673,False,0.0255881112526539,False,-0.18430035318098745,False
90.48294838518952,23.16004817414381,0.47997302768259387,1.1259672495309454,False,0.36865852084215867,False,-0.3263323752113395,False
90.53294838518951,23.16004817414381,0.6939808254224117,0.7745643743519284,False,0.9961029797718488,True,-0.4324782353677874,False
90.68294838518952,23.16004817414381,0.641698472325156,-0.3949626639869729,False,1.243762300254247,True,-0.22448501012126654,False
90.73294838518952,23.16004817414381,0.4697547226310704,-0.06048451871555888,False,1.3040162984703976,True,-0.1274196093599435,False
90.78294838518951,23.16004817414381,0.49757222191644623,-0.010908418922581098,False,1.4260663828587288,True,-0.07417459156364803,False
90.83294838518952,23.16004817414381,0.5519225104736843,-0.18977588726225664,False,1.4358988180522831,True,-0.03789924685380411,False
90.88294838518952,23.16004817414381,0.583054581366242,-0.32047098756434456,False,1.4236393104031058,True,-0.039607886310590784,False
90.93294838518952,23.16004817414381,0.6320148093917457,-0.742079574410334,False,1.490844735814874,True,-0.053720216988344255,False
90.98294838518952,23.16004817414381,0.6446714721091501,-0.7833802447694685,False,1.493858180617759,True,-0.09838284209509832,False
91.03294838518951,23.16004817414381,0.5908326160605569,0.23036109901323987,False,1.419703456952191,True,-0.057177314911378535,False
91.08294838518952,23.16004817414381,0.5156265223941925,0.12298067343303026,False,1.0936304559931562,False,0.015246785513113842,False
91.13294838518952,23.16004817414381,0.3882511654135063,-0.3203725626949385,False,0.5605932239479061,False,0.05115014987008874,False
91.18294838518952,23.16004817414381,0.3893594142788014,-1.037000688347093,False,0.05169766668088853,False,0.026625289860069613,False
91.23294838518952,23.16004817414381,0.4367278706492193,-1.4361360387144213,False,-0.2878714103485331,False,0.028226722973176292,False
91.28294838518951,23.16004817414381,0.6590445523431631,-2.0630164601145906,False,-0.41859845271301827,False,0.009472899803750184,False
91.33294838518952,23.16004817414381,0.6842112293472994,-2.3968714682529653,False,-0.5895536252318102,False,0.03387582444662296,False
91.43294838518952,23.16004817414381,0.4622094529400844,-1.426586356973979,False,-1.2096596354043179,False,0.02715885155616818,False
91.48294838518952,23.16004817414381,0.34058936429544845,-1.0866818055680327,False,-1.16681710806382,False,0.01577160845700882,False
91.83294838518952,23.16004817414381,0.500239111089473,0.624928486499785,False,1.0374579901499665,False,0.17658251431952293,False
91.88294838518952,23.16004817414381,0.5431132005345042,1.5932337013692812,False,1.0320242860308073,False,0.1146682230641807,False
91.93294838518952,23.16004817414381,0.6415752050371846,2.330226227229014,False,0.9959122367184112,False,0.08703647183256454,False
91.98294838518952,23.16004817414381,0.6847010823510314,2.140538734771753,False,0.8621035803457667,False,0.13416726795072537,False
92.03294838518951,23.16004817414381,0.6645102360021199,1.7883807147726918,False,0.7348482217795811,False,0.18865539397658862,False
92.08294838518952,23.16004817414381,0.6167393523059745,1.2356980071835457,False,0.8249851609279913,False,0.22910715242852245,False
92.13294838518952,23.16004817414381,0.595099242243266,0.7105989624813855,False,0.8947771777168263,False,0.29936036037471303,False
92.18294838518952,23.16004817414381,0.7218046871894087,0.5041477517398263,False,0.9434337642829204,True,0.3813668448528336,False
92.23294838518952,23.16004817414381,0.7875992177339732,0.7124249903769604,False,0.9279266690076378,True,0.3720799034971485,False
92.28294838518951,23.16004817414381,0.8027920387371421,1.0058101226472838,False,0.8452721630897613,True,0.3687818576456631,False
92.33294838518952,23.16004817414381,0.7929623658316296,1.104626916592164,False,0.7926285796913232,True,0.3728562150478891,False
88.93294838518952,23.110048174143813,0.38349649291902504,0.2277751120674715,False,2.3321904149286143,False,0.002131887250067563,False
88.98294838518952,23.110048174143813,0.32953567468485295,0.13652155888368556,False,2.0073229407764526,False,-0.053668401130161025,False
89.03294838518953,23.110048174143813,0.25634897982780525,-0.09797468972521592,False,1.4540906646691558,False,-0.012674746787834798,False
89.08294838518952,23.110048174143813,0.19330137463267077,-0.5190538979630931,False,0.8441769969877259,False,0.007453727543391457,False
89.13294838518952,23.110048174143813,0.18951545690931984,-0.8426374623041222,False,0.4321729309971475,False,0.01399634522120075,False
89.18294838518952,23.110048174143813,0.16672775991520294,-0.7150014684386612,False,0.1739880670210044,False,0.03785547959624285,False
89.23294838518952,23.110048174143813,0.09405035650775291,-0.4202320643474514,False,0.11881119646081799,False,0.12590577694916483,False
89.28294838518953,23.110048174143813,0.1378409512452403,-0.28267311506624576,False,0.14896249271468934,False,0.11540609005822075,False
89.33294838518952,23.110048174143813,0.3762141194122395,-0.1731380433030511,False,0.19437731318152407,False,-0.3125976811438205,False
89.38294838518952,23.110048174143813,0.535904473285412,0.13879265595635407,False,0.3515797238917045,False,-0.7269405932230264,False
89.43294838518952,23.110048174143813,0.5544229725929668,0.3242620592770364,False,0.6216215752545495,False,-0.628645194709599,False
89.48294838518952,23.110048174143813,0.4824994683910556,0.004232647178747551,False,0.4130688245924762,False,-0.2795307718752298,False
89.53294838518953,23.110048174143813,0.46228781276613284,-0.5067190527087642,False,-0.5291851077705882,False,0.030277007546080564,False
89.58294838518952,23.110048174143813,0.4161232535428038,-0.6138106567966561,False,-0.7826439911643899,False,-0.015263122536423035,False
89.63294838518952,23.110048174143813,0.3217212793294845,-0.7798635866926468,False,-0.7520610905361956,False,-0.17772787146140157,False
89.68294838518952,23.110048174143813,0.33193292728944157,-0.9053526322294196,False,-0.4935880941707494,False,-0.28129329546992043,False
89.73294838518952,23.110048174143813,0.3868506941312956,-0.8882039261299337,False,0.4034611944061488,False,-0.20285875350845145,False
89.78294838518953,23.110048174143813,0.43455246771362493,-1.3074517876633411,False,1.0795081308123804,False,0.010655704113773368,False
89.83294838518952,23.110048174143813,0.4576966855559224,-0.7678853409572164,False,0.9586265770723204,True,0.23837672147691158,False
89.88294838518952,23.110048174143813,0.46401279153392383,0.5612608492320204,False,1.017420416393533,False,0.4677337387081819,False
89.93294838518952,23.110048174143813,0.4896538939200938,-0.2228309079598097,False,0.644177027793175,False,0.5114251340245489,False
89.98294838518952,23.110048174143813,0.622740016125462,-1.558577437128989,False,-0.011315749843427841,False,0.5740659682776378,False
90.03294838518953,23.110048174143813,0.7578733343222098,-2.1923592682791684,False,-0.36347513342971494,False,0.6748158688375133,False
90.08294838518952,23.110048174143813,0.8278346109680575,-1.7147559913679553,False,-0.13562496701196267,False,0.50541285370495,False
90.13294838518952,23.110048174143813,0.8431967846127282,-0.7906888636818801,False,0.5223459963306185,False,0.07783513936432873,False
90.18294838518952,23.110048174143813,0.8284970797946839,-0.12488087780963188,False,1.1810693195635158,True,-0.32057854702318506,False
90.23294838518952,23.110048174143813,0.7776723322517942,0.2904092730293149,False,1.4363939122015297,True,-0.25889791929048,False
90.28294838518951,23.110048174143813,0.6846573715604668,0.7935557944877208,False,1.318885814492185,True,-0.16256153692083003,False
90.33294838518952,23.110048174143813,0.5915445110273393,1.7316054968491514,False,0.29063509720475905,False,-0.2771752369102618,False
90.38294838518952,23.110048174143813,0.5395219565753498,1.4319323980259853,False,0.08045459709948605,False,-0.24438843472947996,False
90.43294838518952,23.110048174143813,0.4881245032516977,0.4846363291864535,False,0.3266825399093763,False,-0.18931343797309869,False
90.48294838518952,23.110048174143813,0.5011156751763061,-0.026434341035602438,False,0.7490200745166206,False,-0.2508562659608218,False
90.53294838518951,23.110048174143813,0.7049326179738611,-0.200877662923299,False,1.2672950112988437,True,-0.3288892166777745,False
90.68294838518952,23.110048174143813,0.5877477626059119,-0.7090728588886531,False,1.3326611105389214,True,-0.20145139262664752,False
90.73294838518952,23.110048174143813,0.38618433684163134,-0.6133065499532393,False,1.331757032821535,True,-0.095177765856373,False
90.78294838518951,23.110048174143813,0.4324433759725024,-0.3624110496136941,False,1.4630167536499885,True,-0.016898344412651606,False
90.83294838518952,23.110048174143813,0.5376405636262415,-0.34323839158583325,False,1.6072993890022123,True,0.025198203908034393,False
90.88294838518952,23.110048174143813,0.6195035577577436,-0.3002334050086898,False,1.8393642025883075,True,0.04020123229426373,False
90.93294838518952,23.110048174143813,0.6760496892430592,-0.306725332023287,False,2.191946200161847,True,0.0016121890452577836,False
90.98294838518952,23.110048174143813,0.7064352838180968,0.10040916765285801,False,2.7326964198765697,True,-0.08539011398194257,False
91.03294838518951,23.110048174143813,0.7079868302093453,0.24248992651169926,False,3.0611772261861807,True,-0.11400886707772356,False
91.08294838518952,23.110048174143813,0.691298005670642,-0.16256349545715154,False,2.7345185142380037,True,-0.05631398601713744,False
91.13294838518952,23.110048174143813,0.6621440717656761,-0.6382003946312069,False,1.9293378246795199,True,-0.07303043193808645,False
91.18294838518952,23.110048174143813,0.6429037623166108,-1.3573069185762392,False,0.9888021005401986,False,-0.09674837123204674,False
91.23294838518952,23.110048174143813,0.6259734300889355,-1.8587879253456638,False,0.4028102796509191,False,-0.07609110328335578,False
91.28294838518951,23.110048174143813,0.63692309132354,-2.3908589866147008,False,0.18489917595677596,False,-0.0705332197943655,False
91.33294838518952,23.110048174143813,0.6082690480953497,-2.611715244026333,False,0.09690140488612543,False,-0.06814523443232015,False
91.43294838518952,23.110048174143813,0.39679370544958087,-1.7941120736179643,False,-0.591241477605233,False,-0.055935886347213,False
91.48294838518952,23.110048174143813,0.26633233828677066,-1.2919458842986409,False,-0.40023565689168095,False,-0.019516921401065555,False
91.83294838518952,23.110048174143813,0.5996133221317429,0.020694830314599538,False,1.3872744875852052,False,0.19213281035815583,False
91.88294838518952,23.110048174143813,0.5738359078131078,0.8843975745283053,False,1.3618984027990075,False,0.11737245634766583,False
91.93294838518952,23.110048174143813,0.6676879393167259,1.7646127205618507,False,1.0553094105574004,False,0.13895337159202506,False
91.98294838518952,23.110048174143813,0.6969859115920639,2.129030202913613,False,0.6560692111842197,False,0.21859007306902484,False
92.03294838518951,23.110048174143813,0.679474571358454,1.8833004123012314,False,0.6346683653714794,False,0.2581469568779333,False
92.08294838518952,23.110048174143813,0.6149992056457284,1.576936780245869,False,0.7226326030375477,False,0.2814408149000971,False
92.13294838518952,23.110048174143813,0.5333948530434133,1.4885634533410994,False,0.6519547261617042,False,0.2852698615781074,False
92.18294838518952,23.110048174143813,0.5974615484376411,1.3118756875622108,False,0.5922815090540495,False,0.3374081574280433,False
92.23294838518952,23.110048174143813,0.7063113069959756,1.285780538621185,False,0.5220896877227743,False,0.4169274695374287,False
92.28294838518951,23.110048174143813,0.7517757656086209,1.2610563073516157,False,0.4465961827756004,False,0.4848545873020677,False
92.33294838518952,23.110048174143813,0.7661748088848287,1.0458458769199668,False,0.48990715849236177,False,0.4704866129585168,False
88.88294838518952,23.060048174143816,0.36725750393787165,0.09585900710098007,False,1.7905367683284668,False,-0.017851275817279147,False
88.93294838518952,23.060048174143816,0.3238592397887542,-0.028646223790996045,False,1.4241420750215559,False,-0.05461029530485441,False
88.98294838518952,23.060048174143816,0.2707373164821482,-0.16461708343108009,False,1.1772234818101972,False,-0.05266166141282899,False
89.03294838518953,23.060048174143816,0.22162928145930783,-0.3373672784060291,False,1.1437048245749502,False,-0.016431451970039118,False
89.08294838518952,23.060048174143816,0.21496877004258896,-0.7010557233353029,False,0.8693171708477225,False,0.04048880848836774,False
89.13294838518952,23.060048174143816,0.23924653666961154,-0.9366108609742284,False,0.216398845702781,False,0.13891608352330984,False
89.18294838518952,23.060048174143816,0.22929359454778991,-0.6448090152605244,False,0.09915750195925643,False,0.16813268212237376,False
89.23294838518952,23.060048174143816,0.17967972245320646,-0.37577004501581535,False,0.0808573429956894,False,0.1550438331182908,False
89.28294838518953,23.060048174143816,0.2013135943005328,-0.27245047204423506,False,0.11665435226719872,False,0.1278502551104078,False
89.33294838518952,23.060048174143816,0.4094013399944201,-0.24060714621837936,False,0.18038491845199603,False,-0.15860601514617131,False
89.38294838518952,23.060048174143816,0.5863799462960443,-0.12614665881672132,False,0.31039241547821983,False,-0.5435432744846365,False
89.43294838518952,23.060048174143816,0.6216787475868745,-0.09034983794965311,False,0.4887965870844336,False,-0.48803242701278904,False
89.48294838518952,23.060048174143816,0.5850006551047793,-0.3028880813702189,False,0.2736220577316804,False,-0.3019312468031648,False
89.53294838518953,23.060048174143816,0.5101289276345023,-0.5676721498345942,False,-0.5477018044953275,False,-0.12216250410406462,False
89.58294838518952,23.060048174143816,0.4385085775428584,-0.6393774481064642,False,-0.7160545090070793,False,-0.09106552428526046,False
89.63294838518952,23.060048174143816,0.3959296493694325,-0.8939422521652346,False,-0.7569024328890657,False,-0.1623987297612381,False
89.68294838518952,23.060048174143816,0.4111374662949636,-0.9735397667635013,False,-0.5095596718590298,False,-0.23519609507811878,False
89.73294838518952,23.060048174143816,0.4375488913447495,-0.9597983016787619,False,0.4808355969302627,False,-0.15776455964509944,False
89.78294838518953,23.060048174143816,0.45933697811293717,-1.5400037298098939,True,0.9958983505478404,False,-0.04360036398947728,False
89.83294838518952,23.060048174143816,0.4911501877773817,-1.0366377650248273,False,0.83587120982201,True,0.1969617384217635,False
89.88294838518952,23.060048174143816,0.5220437621240228,0.7141196881162268,False,0.8646130135871455,False,0.39427124120478685,False
89.93294838518952,23.060048174143816,0.5223440364240137,0.5263053016672347,False,0.6038965173446798,False,0.4711225151259603,False
89.98294838518952,23.060048174143816,0.6041821748983861,-0.7222205420726617,False,-0.005918303253154683,False,0.5532140027843464,False
90.03294838518953,23.060048174143816,0.705359868342648,-1.3994829502279371,False,-0.3339474008253595,False,0.6419428083291361,False
90.08294838518952,23.060048174143816,0.7565358396349707,-1.291113101497794,False,-0.157515479621809,False,0.4692796268849908,False
90.13294838518952,23.060048174143816,0.7840840842623011,-0.7526394203495117,False,0.47549932993231436,False,0.059197941348500316,False
90.18294838518952,23.060048174143816,0.7895138564035215,-0.10271626788987154,False,1.0932110592044735,True,-0.10115132300850793,False
90.23294838518952,23.060048174143816,0.7599745869574325,0.20391597748484608,False,1.3617865426327425,True,0.013531187828689978,False
90.28294838518951,23.060048174143816,0.6860139367110197,0.21512004753585703,False,1.3325633175208715,True,0.03498801191035059,False
90.33294838518952,23.060048174143816,0.599181663064176,0.18516138643988195,False,0.5461972285142443,False,-0.11631540888001399,False
90.38294838518952,23.060048174143816,0.563537862825292,0.026185550481741315,False,0.3898386901259782,False,-0.1260313896152062,False
90.43294838518952,23.060048174143816,0.5448530091808681,-0.37857601353488834,False,0.727301552014908,False,-0.13118174364905466,False
90.48294838518952,23.060048174143816,0.5645469984167345,-0.5471031490181381,False,1.057674302079044,True,-0.17895047457356805,False
90.68294838518952,23.060048174143816,0.6204525599290779,-0.7217642660564794,False,1.394055258389729,True,-0.1558621354132654,False
90.73294838518952,23.060048174143816,0.5017976175232378,-0.7794048995139796,False,1.507886921052238,True,-0.05957594958331765,False
90.78294838518951,23.060048174143816,0.5006798632858911,-0.5743220287954482,False,1.6671432289959303,True,0.008208182994298423,False
90.83294838518952,23.060048174143816,0.5427898712215962,-0.4975383346636023,False,1.8064973035175185,True,0.06347048518201148,False
90.88294838518952,23.060048174143816,0.5907836958521205,-0.5713903609502283,False,1.9902538916507955,True,0.10252737508417886,False
90.93294838518952,23.060048174143816,0.6402724870455371,-0.49960253941958127,False,2.3865675972266818,True,0.08125264391128934,False
90.98294838518952,23.060048174143816,0.6638421427873995,-0.09621216471154415,False,2.94416952318846,True,-0.01012225114660903,False
91.03294838518951,23.060048174143816,0.6820684437720099,-0.893345412483261,False,3.2931971107934706,True,-0.1394214495688415,False
91.08294838518952,23.060048174143816,0.7138734583365205,-1.4480228321710094,False,3.197456657946577,True,-0.163565748528969,False
91.13294838518952,23.060048174143816,0.7348265731880705,-1.7935953956704207,False,2.5497260286282932,True,-0.19815947254911387,False
91.18294838518952,23.060048174143816,0.7336267889750534,-2.101123883047756,False,1.7775180203242245,True,-0.21121708599106237,False
91.23294838518952,23.060048174143816,0.7164715254911199,-2.7960999726291553,True,1.1520589212059718,False,-0.15705841102476747,False
91.28294838518951,23.060048174143816,0.6355108434121255,-3.0251206980570062,True,0.8315506174513512,False,-0.1266876091355828,False
91.33294838518952,23.060048174143816,0.5164192827715487,-2.593368180535623,False,0.6549300390976328,False,-0.11795578974835774,False
91.38294838518952,23.060048174143816,0.4035256065129912,-2.3054785558003346,False,0.5518495739012097,False,-0.06436076610639221,False
91.43294838518952,23.060048174143816,0.3093017523510758,-1.682450860465844,False,-0.026637082906366905,False,-0.05742743374917881,False
91.48294838518952,23.060048174143816,0.2213716266682153,-1.1237070569102996,False,0.06393590725026532,False,-0.034958659922675175,False
91.53294838518951,23.060048174143816,0.15087072103547078,0.10636594262070832,False,0.28790562891409155,False,-0.03040913205285429,False
91.78294838518951,23.060048174143816,0.7154873774210001,-1.3864764417625333,False,1.6850607394964885,False,0.17488235074843023,False
91.83294838518952,23.060048174143816,0.6888408598307428,-0.5519525044218662,False,2.09807597732984,False,0.102679189650622,False
91.88294838518952,23.060048174143816,0.6736712717422384,0.09294639952629115,False,1.8099416879776902,False,0.14702217914689364,False
91.93294838518952,23.060048174143816,0.7191144129883181,1.216231308000618,False,1.2499385601097488,False,0.2034574034983362,False
91.98294838518952,23.060048174143816,0.7188717472182068,1.856995905112433,False,0.8311473653739505,False,0.23514754475208233,False
92.03294838518951,23.060048174143816,0.6799514378807966,1.7332145512976347,False,0.7978555602010184,False,0.2569277875365114,False
92.08294838518952,23.060048174143816,0.5969055357346512,1.8140056562673754,False,0.6958411975728944,False,0.277890684628399,False
92.13294838518952,23.060048174143816,0.5248667947632053,1.859393096821044,False,0.5575327776648236,False,0.25924682547896094,False
92.18294838518952,23.060048174143816,0.5054020951952081,1.6207462766638807,False,0.4359798401536731,False,0.26551852581327656,False
92.23294838518952,23.060048174143816,0.5959804004836642,1.636770408865445,False,0.3418658768447479,False,0.33029987930815574,False
92.28294838518951,23.060048174143816,0.6438737192685466,1.923133195343558,False,0.24317173902680778,False,0.3104762411882127,False
92.33294838518952,23.060048174143816,0.6628969453201066,1.9331964416687755,False,0.2293486036417507,False,0.29879821465330364,False
92.38294838518952,23.060048174143816,0.6646494457632296,1.7533806235167293,False,0.27537507513712994,False,0.28629232441582864,False
88.88294838518952,23.01004817414381,0.34092169083362944,-0.0011980982161438058,False,1.1640439319266194,False,-0.10813834492568322,False
88.93294838518952,23.01004817414381,0.29260582566398496,-0.13156778904490923,False,0.9512561362946653,False,-0.09922807646350112,False
88.98294838518952,23.01004817414381,0.22464164502694695,-0.27726744524960023,False,0.823539377635612,False,-0.07168202247450915,False
89.03294838518953,23.01004817414381,0.21220893908875663,-0.4136744420186682,False,0.9233508021944719,False,0.007329581433884697,False
89.08294838518952,23.01004817414381,0.2400786306674906,-0.6532487872006215,False,0.6112059417172804,False,0.0993802503751702,False
89.13294838518952,23.01004817414381,0.2717735411923636,-0.6090846220295584,False,0.09415229408908621,False,0.19263424241087485,False
89.18294838518952,23.01004817414381,0.2677864249370588,-0.25601462035465616,False,0.06457020486017528,False,0.11846919444117048,False
89.23294838518952,23.01004817414381,0.27821361589981414,-0.18081335892588857,False,0.0357299485784897,False,-0.03778427924888496,False
89.28294838518953,23.01004817414381,0.3251948556741823,-0.21288765523435207,False,0.049554756602467984,False,-0.11055664873420544,False
89.33294838518952,23.01004817414381,0.479342949209281,-0.2182855249573472,False,0.2002163142814802,False,-0.08093447515579319,False
89.38294838518952,23.01004817414381,0.6128395897491473,-0.2051997457953681,False,0.38823007469312765,False,-0.20096549865016475,False
89.43294838518952,23.01004817414381,0.6625102286234058,-0.21265670809411588,False,0.5184473487400678,False,-0.21720494508912036,False
89.48294838518952,23.01004817414381,0.6629874514455157,-0.28113932303952643,False,0.4375945959207985,False,-0.11826539406250554,False
89.53294838518953,23.01004817414381,0.5921919153902573,-0.4016736040224587,False,-0.014965967482145986,False,0.03087921910605166,False
89.58294838518952,23.01004817414381,0.4904611988143981,-0.424119338553219,False,-0.2810557015910927,False,0.06812520339687772,False
89.63294838518952,23.01004817414381,0.4972435520394523,-0.6888609284762588,False,-0.3061404288464833,False,0.08635186025812988,False
89.68294838518952,23.01004817414381,0.5382674165111647,-0.8301932324267189,False,0.010339539611346885,False,0.026192584288920698,False
89.73294838518952,23.01004817414381,0.5550893254261686,-1.0678862504739015,False,0.5712778046769087,False,-0.01031711088152551,False
89.78294838518953,23.01004817414381,0.5740886082056733,-1.4598959893104286,True,0.8453747473522493,True,0.011057971217697915,False
89.83294838518952,23.01004817414381,0.616776414410951,-1.2110129399124743,False,0.875016422043956,True,0.16998700688326787,False
89.88294838518952,23.01004817414381,0.63256301631676,-0.18227736305067438,False,0.9013359503293088,True,0.27171281542993037,False
89.93294838518952,23.01004817414381,0.6303282255125611,1.1185248010890279,False,0.8295470981791795,False,0.3254673829798277,False
89.98294838518952,23.01004817414381,0.6171393233955015,1.1273657959469778,False,0.1648276467558801,False,0.3665618523190787,False
90.03294838518953,23.01004817414381,0.5850301275374283,0.34464981908251613,False,-0.13458982665241156,False,0.5059735024109415,False
90.08294838518952,23.01004817414381,0.5888958665915097,-0.28043139175436776,False,0.060519765934267944,False,0.43122667525171077,False
90.13294838518952,23.01004817414381,0.6651752173164895,-0.572052933329313,False,0.5162097521746981,False,-0.025401357367895422,False
90.18294838518952,23.01004817414381,0.7146842906970419,-0.3319672946260743,False,0.8668191647766559,False,-0.0218999436879887,False
90.23294838518952,23.01004817414381,0.7077921810639837,-0.18236525692202687,False,1.0716690689257387,False,0.07964605924997348,False
90.28294838518951,23.01004817414381,0.6437921089042342,-0.2914766547898022,False,1.0659729845240933,False,0.08014703840911605,False
90.33294838518952,23.01004817414381,0.5743613729466849,-0.703493939655881,False,0.7293546534494415,False,-0.009850384881603336,False
90.38294838518952,23.01004817414381,0.5554938167304083,-0.6063051292111632,False,0.7857611581815912,False,-0.09535362055529573,False
90.43294838518952,23.01004817414381,0.5447019673513924,-0.605224500855013,False,0.9919260053611314,False,-0.16752642485372182,False
90.48294838518952,23.01004817414381,0.5498214562505581,-0.5997805468519742,False,1.0279630054205853,True,-0.1820681925070837,False
90.53294838518951,23.01004817414381,0.6723014174340546,-0.6082192083524252,False,1.0557762142220497,True,-0.2160394980219303,False
90.68294838518952,23.01004817414381,0.718577596801236,-0.84362506001909,False,1.347003250477568,True,-0.24552105213095266,False
90.73294838518952,23.01004817414381,0.6909009371949096,-0.9899837271369117,False,1.7570555183218302,True,-0.010265944736000059,False
90.78294838518951,23.01004817414381,0.7054692082952828,-1.0305191533851992,False,1.9680090621762372,True,0.08108377150451408,False
90.83294838518952,23.01004817414381,0.712664398193558,-1.070109830902183,False,2.0543724092109406,True,0.08012621175987335,False
90.88294838518952,23.01004817414381,0.6895213229458977,-1.1752204039196708,False,2.17180293610333,True,0.06663217451916911,False
90.93294838518952,23.01004817414381,0.657093580591337,-1.090288304660595,False,2.364581832402483,True,0.030048731037002174,False
90.98294838518952,23.01004817414381,0.597393283529816,-0.9072747306140381,False,2.507262703673576,True,-0.0697047370006697,False
91.03294838518951,23.01004817414381,0.5842239372487245,-1.4032666026706688,False,2.5910590756037664,True,-0.1436686155422484,False
91.08294838518952,23.01004817414381,0.6634717986512716,-2.0815127326956366,False,2.499536899631889,True,-0.20389134557181982,False
91.13294838518952,23.01004817414381,0.751214713327225,-2.6943724005282714,False,2.1099506438004996,True,-0.23613160485822857,False
91.18294838518952,23.01004817414381,0.7843677749375427,-3.19273197140661,True,1.674020243771964,True,-0.21207927382987443,False
91.23294838518952,23.01004817414381,0.7548447305381051,-4.0493984153176354,True,1.361516565231974,False,-0.14324496649162125,False
91.28294838518951,23.01004817414381,0.6477529913198342,-3.723401868578745,True,1.109660841680141,False,-0.13088545355248823,False
91.33294838518952,23.01004817414381,0.42292334767906864,-2.362825573595396,False,0.9138291981881994,False,-0.08401247478183033,False
91.38294838518952,23.01004817414381,0.29681382454614125,-1.8877236789816605,False,0.7634700439868937,False,-0.010349357866908368,False
91.43294838518952,23.01004817414381,0.211152141497359,-1.2271964927934054,False,0.04163498289975476,False,-0.07048207046711844,False
91.48294838518952,23.01004817414381,0.1382712458137647,-0.4398438667226607,False,0.04269403923847785,False,-0.09720044507428796,False
91.53294838518951,23.01004817414381,0.1525413177552932,0.11596599424378318,False,0.3400008546601987,False,-0.1477410896529035,False
91.78294838518951,23.01004817414381,0.7563692508425288,-2.3471847297732733,False,2.0172467088656956,False,0.050008369625641244,False
91.83294838518952,23.01004817414381,0.7562234152838082,-1.2149138130608554,False,2.505393897047213,True,0.019897108134066595,False
91.88294838518952,23.01004817414381,0.7579232041795337,-0.5014884188143878,False,2.2334055560993917,True,0.1274705887833898,False
91.93294838518952,23.01004817414381,0.7763675112595666,0.9303488066516189,False,1.5346013623019277,True,0.20161072133214197,False
91.98294838518952,23.01004817414381,0.7632541464134103,1.7174287171042766,False,1.1029394328453415,True,0.2173811858440706,False
92.03294838518951,23.01004817414381,0.7033650293188898,1.9136363581881302,False,0.8142836074871903,True,0.2318115671043876,False
92.08294838518952,23.01004817414381,0.6068571707634128,1.9470058387970812,False,0.6065936506155127,True,0.23541008825447987,False
92.13294838518952,23.01004817414381,0.4813677262955941,1.6972862643143984,False,0.48119322277708604,False,0.22492246272303046,False
92.18294838518952,23.01004817414381,0.4817828391036566,1.4880997425849944,False,0.3968343656951861,False,0.27933740863683587,False
92.28294838518951,23.01004817414381,0.5818253802895734,2.382845884917504,False,0.23991731646853756,False,0.1068312466781479,False
92.33294838518952,23.01004817414381,0.5698852867166349,2.9312488715595224,False,0.15311290614202422,False,0.00036590837798256004,False
92.38294838518952,23.01004817414381,0.5547384334096606,3.2860609011785433,False,0.08746652902889314,False,-0.060526816268151706,False
88.88294838518952,22.96004817414381,0.4547369618958736,0.0380219446231215,False,0.09786436238109589,False,-0.37044959701375146,False
88.93294838518952,22.96004817414381,0.40158273154908836,0.011041881434715267,False,0.34424903600492274,False,-0.2638881380201269,False
88.98294838518952,22.96004817414381,0.3193279973747741,-0.04033861147656109,False,0.5864608153159994,False,-0.1309638432172023,False
89.03294838518953,22.96004817414381,0.2866843446016264,-0.06518931654204568,False,0.6744495217851043,False,-0.011218484312051302,False
89.08294838518952,22.96004817414381,0.2905183457650275,-0.041665778371532236,False,0.43858060285673717,False,0.07448999880884767,False
89.13294838518952,22.96004817414381,0.3312154543166132,0.22204541875989703,False,0.1949282905660138,False,0.0715988178667989,False
89.18294838518952,22.96004817414381,0.3783455107363489,0.29294491734713946,False,0.1662154064056902,False,-0.04941422515289808,False
89.23294838518952,22.96004817414381,0.4354730869407232,0.06907363600671032,False,0.08832701904252538,False,-0.2691089481287784,False
89.28294838518953,22.96004817414381,0.5074175694664784,-0.14533529021270536,False,0.0640808975762113,False,-0.37949792878930955,False
89.33294838518952,22.96004817414381,0.5516425901471412,-0.1730873843533432,False,0.25164214351628256,False,-0.2133127837077459,False
89.38294838518952,22.96004817414381,0.607015520469221,-0.1340022004853489,False,0.48783955891370934,False,-0.11339260828557096,False
89.43294838518952,22.96004817414381,0.6941197417552485,-0.07854005661106206,False,0.6869148340647986,False,-0.03230853682403266,False
89.48294838518952,22.96004817414381,0.7140910238749533,0.09994192499072249,False,0.8861491535589068,True,0.0942358866519792,False
89.53294838518953,22.96004817414381,0.6935000710876741,0.3317057601424924,False,0.9996396085778368,True,0.17777779602154242,False
89.58294838518952,22.96004817414381,0.6498698227182398,0.23506921745841813,False,0.7611669394938577,False,0.20835546007941447,False
89.63294838518952,22.96004817414381,0.5793464052910265,-0.05659901758082039,False,0.48083089264695333,False,0.16771039641709812,False
89.68294838518952,22.96004817414381,0.5563973764166023,-0.5656414904285318,False,0.41990952361940703,False,0.08742951747503955,False
89.73294838518952,22.96004817414381,0.6070605000476204,-1.041285817534413,False,0.4832371499243966,False,0.025241498286350195,False
89.78294838518953,22.96004817414381,0.6386760174540452,-1.0998197671021197,False,0.592241975041689,True,0.07760828550315427,False
89.83294838518952,22.96004817414381,0.6729170973228892,-0.7687803708538615,False,0.765200985929437,True,0.15340197709010892,False
89.88294838518952,22.96004817414381,0.6839433102469062,-0.02695229762284753,False,0.9808371691586806,True,0.16849873954925634,False
89.93294838518952,22.96004817414381,0.6779542766778052,1.2290057344179828,False,1.1373707996022577,True,0.14621500164545623,False
89.98294838518952,22.96004817414381,0.6100975980090495,1.6498914055001912,False,0.4446101902299433,False,0.1024982104867487,False
90.03294838518953,22.96004817414381,0.4002019230580816,0.8502086435555564,False,-0.13345879080095116,False,0.3055076013800103,False
90.08294838518952,22.96004817414381,0.3390777283415522,0.2231574422107403,False,0.12816865678236422,False,0.33687394312642227,False
90.13294838518952,22.96004817414381,0.5417842980925169,-0.22953818391008685,False,0.544940521320663,False,0.018748889975184826,False
90.18294838518952,22.96004817414381,0.6576125797732226,-0.33052714202901334,False,0.7653923108827607,False,0.010044389706938661,False
90.23294838518952,22.96004817414381,0.6688973129814306,-0.24734919057764393,False,0.9319492395018237,False,0.05186177230109151,False
90.28294838518951,22.96004817414381,0.5957057929524867,-0.17344672323048266,False,0.9496620061095998,False,0.006938683550338359,False
90.33294838518952,22.96004817414381,0.4806161244252157,-0.02447145713030506,False,0.8204571317880232,False,-0.12409604645172413,False
90.38294838518952,22.96004817414381,0.473148364844902,-0.3799426468481336,False,0.9162798018249534,False,-0.15388953403238825,False
90.43294838518952,22.96004817414381,0.48950118691860484,-0.5417864817891478,False,0.9521151427135129,False,-0.1957694090721262,False
90.48294838518952,22.96004817414381,0.5447974183346918,-0.6184808413070868,False,0.8467199856296999,False,-0.15032515797251772,False
90.53294838518951,22.96004817414381,0.6313709800265412,-0.5473573141283192,False,0.794600997176667,False,-0.14129983665357757,False
90.68294838518952,22.96004817414381,0.7988995523845431,-0.9052459488083322,False,1.0541430717834013,True,-0.4234437705610688,False
90.73294838518952,22.96004817414381,0.8126362715763111,-1.6668420297894722,False,1.5614709740544894,True,-0.17766133286413743,False
90.78294838518951,22.96004817414381,0.829367385238313,-1.9278667810199055,False,2.167205822046091,True,0.1422166094470249,False
90.83294838518952,22.96004817414381,0.8355840508930164,-2.0309487659998613,False,2.251442351961414,True,0.05835226763768341,False
90.88294838518952,22.96004817414381,0.8298100685390793,-1.9712985252520543,False,2.274020817047765,True,-0.1308657425088367,False
90.93294838518952,22.96004817414381,0.7999401218032405,-1.666550969324862,False,2.3275424440884542,True,-0.3298197779319275,False
90.98294838518952,22.96004817414381,0.7469586066449189,-1.4466997442103584,False,2.3458945463049905,True,-0.462187412298298,False
91.03294838518951,22.96004817414381,0.6598317968702219,-1.5579407938709324,False,1.9304870046330886,True,-0.43637859936827983,False
91.08294838518952,22.96004817414381,0.6584339827582106,-2.0175990868262144,False,1.1912899992518167,False,-0.4125229052547562,False
91.13294838518952,22.96004817414381,0.751035146573374,-2.7667996386289255,True,0.9518698288212531,False,-0.35260670008405715,False
91.18294838518952,22.96004817414381,0.7934625978142718,-3.692524238597003,True,0.9912250856896773,False,-0.20870279501006797,False
91.23294838518952,22.96004817414381,0.7791523618091459,-4.524700434347223,True,1.004408762842868,False,-0.12582500496754365,False
91.28294838518951,22.96004817414381,0.6869557676382475,-3.846700535731043,True,1.1188033088855,False,-0.12313191172361054,False
91.33294838518952,22.96004817414381,0.40650890768696135,-2.2248953309067723,False,1.2139733878838785,False,-0.01573960028388101,False
91.38294838518952,22.96004817414381,0.07494414153178124,-1.1023222248521718,False,0.604562168604108,False,0.02044213691918875,False
91.43294838518952,22.96004817414381,0.11102956924509035,-0.8286514158845826,False,-0.14611124952343701,False,-0.08530450446100338,False
91.48294838518952,22.96004817414381,0.1133580012493997,-0.5182461417694729,False,0.07592542784304823,False,-0.12527310460600183,False
91.53294838518951,22.96004817414381,0.17580132501534176,-0.1660379428458872,False,0.3884204536778274,False,-0.2121756569357685,False
91.58294838518952,22.96004817414381,0.2701471196491937,-0.036055349339369346,False,0.7002298684208584,False,-0.34534206913123705,False
91.63294838518952,22.96004817414381,0.43098439493241414,-0.8003065190634483,False,1.1099513208473861,False,-0.3155378000005362,False
91.68294838518952,22.96004817414381,0.6098988572686658,-2.494636793450085,False,1.6704469338156902,True,-0.1840974818000616,False
91.73294838518952,22.96004817414381,0.7297143553957971,-3.6042321238915265,False,1.9866152040046803,True,-0.10153875247173068,False
91.78294838518951,22.96004817414381,0.7426641636140283,-3.43426830052992,False,2.117993343166177,True,-0.04237938591627401,False
91.83294838518952,22.96004817414381,0.7639093281348377,-2.2322448134401087,False,2.5805122026022818,True,-0.02795520491937973,False
91.88294838518952,22.96004817414381,0.7914737987614857,-1.1713354575629615,False,2.360202598994647,True,0.1102027271071806,False
91.93294838518952,22.96004817414381,0.810112176096743,1.2720784483824419,False,1.5919794122070325,True,0.15505114696109826,False
91.98294838518952,22.96004817414381,0.8034596615884524,2.4992847894800203,False,1.0526280692601615,True,0.15837301461987324,False
92.03294838518951,22.96004817414381,0.7453131495882205,2.428494783569036,False,0.6614514469883503,True,0.22270284256950318,False
92.08294838518952,22.96004817414381,0.6032719821774365,1.8843360480307836,False,0.4838948226532308,True,0.2321507312506695,False
92.13294838518952,22.96004817414381,0.4663920494275721,1.213293850899897,False,0.37068603163586844,False,0.2640574835786833,False
92.18294838518952,22.96004817414381,0.4957071196862319,1.1504751774645383,False,0.3273647814966038,False,0.3617559137471367,False
92.28294838518951,22.96004817414381,0.5448129062453893,2.7660441288894764,False,0.19940376892971284,False,-0.04776337048993505,False
92.33294838518952,22.96004817414381,0.518478310154661,3.5977829416082026,True,0.102828873251659,False,-0.2065716889270166,False
92.38294838518952,22.96004817414381,0.4941003817714926,4.41716433899133,True,0.010758280084265437,False,-0.319420236798492,False
88.93294838518952,22.91004817414381,0.5347124932803985,0.23412307085385795,False,-0.44957701347373047,False,-0.4088086272438731,False
88.98294838518952,22.91004817414381,0.5247372025918366,0.416272953746678,False,0.0266548582104476,False,-0.25064325203909205,False
89.03294838518953,22.91004817414381,0.4768393336548232,0.5967690205624607,False,0.35552037913752793,False,-0.09766971794411648,False
89.08294838518952,22.91004817414381,0.45119736475833083,0.7292622979945688,False,0.3996592510809956,False,-0.03138099044475226,False
89.13294838518952,22.91004817414381,0.4552178666791909,0.811356789765082,False,0.3590741741721041,False,-0.04683903925664887,False
89.18294838518952,22.91004817414381,0.5064809016081084,0.678297997176212,False,0.3506182904626576,False,-0.14300899679838405,False
89.23294838518952,22.91004817414381,0.548389660207847,0.22539274774868517,False,0.21960835428465364,False,-0.34881948540691426,False
89.28294838518953,22.91004817414381,0.5956769128857996,-0.014140799734744774,False,0.13543970468759237,False,-0.5193962526568516,False
89.33294838518952,22.91004817414381,0.6234148951250773,-0.07687162121774449,False,0.3361617368303291,False,-0.2942481499735321,False
89.38294838518952,22.91004817414381,0.7056113153896927,-0.07639981755322256,False,0.6641728880320877,False,-0.0796568779508219,False
89.43294838518952,22.91004817414381,0.7626627424217761,0.05614790198218954,False,0.9684299981211093,True,0.02648905969746318,False
89.48294838518952,22.91004817414381,0.7643003722140796,0.4394144463000704,False,1.3657708117936223,True,0.152524050116668,False
89.53294838518953,22.91004817414381,0.7482432857749017,0.7925385484933007,False,1.6845713935182747,True,0.1920825556942314,False
89.58294838518952,22.91004817414381,0.7348901407152446,0.5364229414474251,False,1.4966050182467874,True,0.22222279517684734,False
89.63294838518952,22.91004817414381,0.7096753597086168,0.07823753263364247,False,0.9860436664864148,True,0.2132426889570104,False
89.68294838518952,22.91004817414381,0.626977450315203,-0.29615570551332404,False,0.6151150831843681,True,0.10501415013100038,False
89.73294838518952,22.91004817414381,0.5525077201627115,-0.6714390724477661,False,0.46657809366773434,False,0.05802870143313013,False
89.78294838518953,22.91004817414381,0.5996545875447622,-0.6512291320455709,False,0.4925635717254231,False,0.0827211880055313,False
89.83294838518952,22.91004817414381,0.6394489863468772,-0.20221440405360364,False,0.6249201731638214,True,0.13249692065232982,False
89.88294838518952,22.91004817414381,0.6811609628232552,0.7226057394571632,False,0.9450176839349156,True,0.13513427996232663,False
89.93294838518952,22.91004817414381,0.6915906039586864,1.6441491607213559,False,1.3264107379104666,True,0.062235639079975064,False
89.98294838518952,22.91004817414381,0.6175274893531054,2.0406075610187164,True,0.9307032550985477,False,-0.10257323854270015,False
90.03294838518953,22.91004817414381,0.3249813812838672,1.018436532689595,False,0.054731350878184426,False,0.2034244340836488,False
90.08294838518952,22.91004817414381,0.16088580282606899,0.4142945136771741,False,0.1326468381483534,False,0.3253953458496773,False
90.13294838518952,22.91004817414381,0.4387758826401939,0.26974960203741943,False,0.6259604411606947,False,0.040081119800722376,False
90.18294838518952,22.91004817414381,0.6178775649050585,-0.012599231324210258,False,0.8260909093415549,False,0.009000859027797625,False
90.23294838518952,22.91004817414381,0.6561484221858533,-0.17576213491470571,False,0.9074128350000292,False,0.060937647686299654,False
90.28294838518951,22.91004817414381,0.5902059151314717,-0.2033088390688662,False,0.8589408072738403,False,-0.019228594676018063,False
90.33294838518952,22.91004817414381,0.41860227764210867,0.13665299694785377,False,0.7713305476877207,False,-0.15157694371033392,False
90.38294838518952,22.91004817414381,0.4033026526065354,-0.04384550170109805,False,0.8086698740855484,False,-0.18324345411541804,False
90.43294838518952,22.91004817414381,0.5318886528552368,-0.49689727480523405,False,0.7886940716081215,True,-0.15541295080489959,False
90.48294838518952,22.91004817414381,0.6260136873220928,-0.655043270049968,False,0.7814311509781359,True,-0.12622027571447492,False
90.53294838518951,22.91004817414381,0.6722537677647393,-0.5422157934503888,False,0.7071937830177061,True,-0.12758510002821669,False
90.73294838518952,22.91004817414381,0.8630891179054151,-1.8990613152162636,True,1.1582495570588884,True,-0.37599677047322727,False
90.78294838518951,22.91004817414381,0.8761738951877027,-2.8191604709459117,True,1.8000632247421442,True,-0.10772107377903273,False
90.83294838518952,22.91004817414381,0.8803720631733734,-2.883096143786906,True,2.1546884701842366,True,-0.0983231385519441,False
90.88294838518952,22.91004817414381,0.8824706299246462,-2.5609733101353713,True,2.1352148515805354,True,-0.40021180989791433,False
90.93294838518952,22.91004817414381,0.8814939321460779,-2.265786592658836,False,2.2382778063552933,True,-0.6180842630607808,False
90.98294838518952,22.91004817414381,0.875859473815635,-2.1690490754329277,False,2.214720727102751,True,-0.7064113537573897,True
91.03294838518951,22.91004817414381,0.8463605175271548,-2.053211776995355,False,1.8579628637047096,True,-0.7002516910250318,True
91.08294838518952,22.91004817414381,0.8054966332588726,-1.8815358183969182,False,0.8996912677011855,False,-0.7670813583177998,True
91.13294838518952,22.91004817414381,0.7917416869953109,-1.8890109160660862,False,-0.014827829273957795,False,-0.7808832901930889,True
91.18294838518952,22.91004817414381,0.793129103583771,-2.721191840201108,True,0.21192776696093393,False,-0.5399266796878548,False
91.23294838518952,22.91004817414381,0.7739265054656955,-3.1019738063134845,True,0.7185944429335931,False,-0.3274755384701158,False
91.28294838518951,22.91004817414381,0.6902416338342724,-2.115335408208331,True,1.2550001481652289,False,-0.20124676479336118,False
91.33294838518952,22.91004817414381,0.4050883672797834,-1.1039831467472847,False,1.0888792475916276,False,-0.03619081874031604,False
91.38294838518952,22.91004817414381,0.009077544338755354,-0.3920521723492051,False,0.21783292573698265,False,0.01798473803818954,False
91.43294838518952,22.91004817414381,0.26695034445803745,-0.5414895563303078,False,-0.005416270362502362,False,-0.20705367263940672,False
91.48294838518952,22.91004817414381,0.3851646948139897,-0.8486874203545679,False,0.44572917343995455,False,-0.3912019000679097,False
91.53294838518951,22.91004817414381,0.43710529855284336,-1.0634058061289975,False,0.8416514826459651,False,-0.4931597306811738,False
91.58294838518952,22.91004817414381,0.44643414724121117,-1.3620162827222733,False,1.1518152796751826,False,-0.46869358397917155,False
91.63294838518952,22.91004817414381,0.4517753143604372,-1.7122239500194256,False,1.391279721408492,False,-0.32641543632675474,False
91.68294838518952,22.91004817414381,0.5303637831634151,-2.3796602971436167,False,1.592848987754376,False,-0.21947815862215675,False
91.73294838518952,22.91004817414381,0.6402586154916308,-3.2783958458522324,False,1.66854624266145,False,-0.19331279993391115,False
91.78294838518951,22.91004817414381,0.6718008940469357,-3.2921963679789887,False,1.8370147594414952,True,-0.17241004123009152,False
91.83294838518952,22.91004817414381,0.737570197383617,-1.9847385665757662,False,2.3060486363891086,True,-0.1672341872484826,False
91.88294838518952,22.91004817414381,0.797314963704936,-0.4630503030601594,False,2.14549961188038,True,-0.028819786825846006,False
91.93294838518952,22.91004817414381,0.8251802344662016,3.1459625594107896,False,1.1827763698876348,True,-0.00010171933649476272,False
91.98294838518952,22.91004817414381,0.8103507052546262,3.9464622502612143,True,0.7288191710738711,True,0.061882146283177106,False
92.03294838518951,22.91004817414381,0.7459747951999032,3.04967949062297,False,0.4596289328238825,True,0.19144678103502533,False
92.08294838518952,22.91004817414381,0.5926478094792113,1.7564458902077056,False,0.3309199630159171,False,0.3009451563725549,False
92.13294838518952,22.91004817414381,0.4294762808620443,0.8133840836638654,False,0.25188760479303174,False,0.37985785461032645,False
92.18294838518952,22.91004817414381,0.4968881008667322,1.1105783715442101,False,0.23124904990886644,False,0.4301504427503664,False
92.28294838518951,22.91004817414381,0.4828913251918255,2.7248530913941464,False,0.10474035809241722,False,-0.13225726651200476,False
92.33294838518952,22.91004817414381,0.46041233667864884,3.465495953183285,True,0.07563466792537824,False,-0.2682716630565008,False
92.38294838518952,22.91004817414381,0.4392457207493277,4.234153527830886,True,0.022695334892961577,False,-0.3694125637279399,False
88.98294838518952,22.860048174143813,0.4884366703052166,0.6895973677579825,False,-0.1925429790607022,False,-0.2521232508175321,False
89.03294838518953,22.860048174143813,0.5259477909591653,0.8642890803016431,False,0.1507591795907815,False,-0.14062090362512014,False
89.08294838518952,22.860048174143813,0.5412976345879023,0.7986025272115231,False,0.415480641130762,False,-0.06037473817300123,False
89.13294838518952,22.860048174143813,0.5014290637264116,0.6943584586969394,False,0.3661748595241498,False,-0.043508400805753106,False
89.18294838518952,22.860048174143813,0.45042052567386404,0.6780239811663404,False,0.40581496552689,False,-0.09800588553911492,False
89.23294838518952,22.860048174143813,0.489567082370461,0.5769531260082993,False,0.40036739109576747,False,-0.22769716209285198,False
89.28294838518953,22.860048174143813,0.5628188758589981,0.3578140845036001,False,0.31809336051504566,False,-0.41570073601454083,False
89.33294838518952,22.860048174143813,0.6270121772828363,0.1353216744607732,False,0.4827136439082015,False,-0.20517726098476488,False
89.38294838518952,22.860048174143813,0.7369079188049771,-0.21103911751232804,False,0.7707139273771417,True,0.06636086034969219,False
89.43294838518952,22.860048174143813,0.766707666613931,0.007924566562700186,False,1.0930857471522877,True,0.17650753746909656,False
89.48294838518952,22.860048174143813,0.748706530410668,0.48133503014603596,False,1.5304606163254062,True,0.3453036239218171,False
89.53294838518953,22.860048174143813,0.7359342425820282,0.7224354386311103,False,1.8177721808578724,True,0.41002276966750834,False
89.58294838518952,22.860048174143813,0.7442457722250901,0.4094143209582869,False,1.6215046271340081,True,0.44184689089565665,False
89.63294838518952,22.860048174143813,0.7537413847280011,-0.05111754530253709,False,1.2003612526542082,True,0.5264772745693125,False
89.68294838518952,22.860048174143813,0.7157426666941291,0.008213108516330947,False,0.8264793164585271,True,0.3112453313855319,False
89.73294838518952,22.860048174143813,0.5667735538186369,-0.023648649585531475,False,0.530801893008695,True,0.1710327610395047,False
89.78294838518953,22.860048174143813,0.5012571149841871,-0.06988511731941605,False,0.471484176960141,False,0.15336040540657503,False
89.83294838518952,22.860048174143813,0.5904179387789422,0.252199303807868,False,0.5989946656263836,False,0.194959212999243,False
89.88294838518952,22.860048174143813,0.6721428876981246,0.8560116948321341,False,0.9012054207596805,True,0.31087108519518036,False
89.93294838518952,22.860048174143813,0.7150847493351513,1.3579278303989875,False,1.3603786394920596,True,0.4001538067743018,False
89.98294838518952,22.860048174143813,0.6631888930534867,1.8271016897056542,True,1.063745339798543,False,0.10301599594164884,False
90.03294838518953,22.860048174143813,0.4263313507559907,1.1859929806177931,False,0.2779789517410575,False,0.16139659298937276,False
90.08294838518952,22.860048174143813,0.20465174275110412,0.4946065772420642,False,0.23325649631684667,False,0.2449201802752271,False
90.13294838518952,22.860048174143813,0.4371522296853629,0.22538292510666286,False,0.608106454526036,False,0.10013321379232877,False
90.18294838518952,22.860048174143813,0.6060122290936416,-0.2656730704095052,False,0.7376782465951391,False,0.11220830814838399,False
90.23294838518952,22.860048174143813,0.6585295821542191,-0.5551623203522873,False,0.8057502356139419,False,0.15947264683675041,False
90.28294838518951,22.860048174143813,0.6115384282195414,-0.8270881133686254,False,0.7366067110285979,False,0.08661059755675053,False
90.33294838518952,22.860048174143813,0.4706417019747377,-0.5633353341011276,False,0.6802620464015012,False,-0.012629456127601704,False
90.38294838518952,22.860048174143813,0.5144530041060493,-0.08601180692695182,False,0.7932363403795597,False,-0.11183804042308083,False
90.43294838518952,22.860048174143813,0.618139504181328,-0.4923362619549355,False,0.7685459555806893,True,-0.11205149048053029,False
90.48294838518952,22.860048174143813,0.6577282621300301,-0.6189270099750658,False,0.7390894402255538,True,-0.11774526827914066,False
90.53294838518951,22.860048174143813,0.6756108181443357,-0.5524286434604426,False,0.6488170589426514,False,-0.1595653319992324,False
90.58294838518952,22.860048174143813,0.6843063196631172,-0.46339209735539544,False,0.5587071946833753,False,-0.22318789068790396,False
90.78294838518951,22.860048174143813,0.8802694598030223,-2.5343413866197015,True,1.158563298959376,True,-0.3430655147426415,False
90.83294838518952,22.860048174143813,0.88279041606245,-2.493434015807055,True,1.543880743809527,True,-0.3757541446794455,False
90.88294838518952,22.860048174143813,0.8801367924569401,-2.026402195954251,False,1.6975126033587906,True,-0.49832718253377706,False
90.93294838518952,22.860048174143813,0.8927551023173727,-1.4302254085039643,False,1.9395359244500727,True,-0.5939932543372888,False
90.98294838518952,22.860048174143813,0.9038982864445426,-1.7329207304475556,False,2.121056878846634,True,-0.6331870105866947,True
91.03294838518951,22.860048174143813,0.9017488122035878,-2.3880289186725223,False,1.8236048080326184,True,-0.6839143709406093,True
91.08294838518952,22.860048174143813,0.875349654723697,-2.337668706090886,False,1.0563900568672338,False,-0.8315455981111299,True
91.13294838518952,22.860048174143813,0.8332500310322468,-1.7105055003579714,False,0.36200382565722444,False,-0.9079717774452501,True
91.18294838518952,22.860048174143813,0.7885784422650043,-1.4251790063983696,False,0.4897072369664788,False,-0.8016800657295696,True
91.23294838518952,22.860048174143813,0.7413981959527921,-0.5641391376138937,False,1.11877300766047,False,-0.6411642493695109,False
91.28294838518951,22.860048174143813,0.652933204387436,-0.3086646384219923,False,1.2786405152023166,False,-0.43357551872873334,False
91.33294838518952,22.860048174143813,0.49632320870367547,-0.2624714551166084,False,0.941560436339345,False,-0.26463587441682734,False
91.38294838518952,22.860048174143813,0.46528456889188685,-0.30834737670329704,False,0.3321456457871624,False,-0.33999275267471146,False
91.43294838518952,22.860048174143813,0.5482130619602977,-0.7266553111119972,False,0.392315931677177,False,-0.5759544628388694,False
91.48294838518952,22.860048174143813,0.5942475142349326,-1.375598111334181,False,0.9524955264724186,False,-0.752294545902734,True
91.53294838518951,22.860048174143813,0.6086451117489731,-1.7587427821227546,False,1.4400137232097783,True,-0.7548195875660094,True
91.58294838518952,22.860048174143813,0.6023929194973268,-1.882761165382732,False,1.8041549705762705,True,-0.5789253950059267,False
91.63294838518952,22.860048174143813,0.5722183732044617,-1.4783460459874913,False,1.8133610203951473,True,-0.31295183356059486,False
91.68294838518952,22.860048174143813,0.510441137431682,-1.3833533056948655,False,1.472463503861335,True,-0.15166033275264143,False
91.73294838518952,22.860048174143813,0.5131359703859207,-2.5078059089489066,False,1.1403088748705432,False,-0.12138584405684757,False
91.78294838518951,22.860048174143813,0.5514360000929731,-1.9362391602945,False,1.2044043809225728,False,-0.2306465397959603,False
91.83294838518952,22.860048174143813,0.7137541158285087,0.247145663466241,False,1.6421248102453454,True,-0.3379974017218883,False
91.88294838518952,22.860048174143813,0.805025995924335,2.4716268755126825,False,1.4167027146491271,True,-0.24763407515682295,False
91.93294838518952,22.860048174143813,0.8235794604541429,5.334842529457298,True,0.6686382400919396,False,-0.12285782111127401,False
91.98294838518952,22.860048174143813,0.7925401516407049,5.509603869126543,True,0.3498006766047416,False,-0.002913283299407987,False
92.03294838518951,22.860048174143813,0.7086728309834828,3.6094965151094627,False,0.2337555089534866,False,0.18818443591573836,False
92.08294838518952,22.860048174143813,0.48330986436584,1.509313509142669,False,0.16000201845447265,False,0.3509943207720748,False
92.13294838518952,22.860048174143813,0.3570105525793644,0.8117038367173758,False,0.13034343312894148,False,0.4158772922165659,False
92.18294838518952,22.860048174143813,0.4882415245604149,1.3854168690246091,False,0.1072237070380013,False,0.42005784980333843,False
92.28294838518951,22.860048174143813,0.40360602307334975,1.9338068268677953,False,-0.02053346997573885,False,-0.17822332130398727,False
92.33294838518952,22.860048174143813,0.38897142914291294,2.576674819455496,False,-0.010397861730658098,False,-0.2812542191739119,False
92.38294838518952,22.860048174143813,0.3784210817300084,2.8422114565371865,False,-0.019838170787951248,False,-0.32934672245335295,False
92.43294838518952,22.860048174143813,0.36987975247080124,2.8660391222776416,False,-0.025494285165239328,False,-0.3595275968238704,False
88.98294838518952,22.810048174143816,0.36985042940601104,0.7653848219428652,False,0.24393070189386057,False,-0.16406591098999385,False
89.03294838518953,22.810048174143816,0.3848259214549578,0.7689393531918263,False,0.447381101164151,False,-0.059327549800892124,False
89.08294838518952,22.810048174143816,0.42177254483198445,0.6661988460321425,False,0.6052010749084167,False,-0.010275954896025029,False
89.13294838518952,22.810048174143816,0.31889429695655785,0.42955545449332677,False,0.3952699038063723,False,0.011593976091853447,False
89.18294838518952,22.810048174143816,0.1341334115462447,0.3269838870465106,False,0.237871207254913,False,0.022577054810251115,False
89.23294838518952,22.810048174143816,0.2800220526592541,0.49660526493674345,False,0.3995741802615026,False,-0.060092090776490706,False
89.28294838518953,22.810048174143816,0.4658884804823659,0.5460573755000138,False,0.4852471967561507,False,-0.20099920118024783,False
89.33294838518952,22.810048174143816,0.6033670538919963,0.0989335704042881,False,0.6234794559110717,False,-0.005498317059689339,False
89.38294838518952,22.810048174143816,0.712831639181573,-0.20023963777038167,False,0.8499604932865665,True,0.24877242756926185,False
89.43294838518952,22.810048174143816,0.7154167739370333,0.1412838980578333,False,1.2038633278331319,True,0.34825091905346234,False
89.48294838518952,22.810048174143816,0.684803054216039,0.7167986520623796,False,1.7177998064580389,True,0.46888764154331486,False
89.53294838518953,22.810048174143816,0.6940780338892555,0.8480123450561246,False,1.9301557932630595,True,0.4803326270553736,False
89.58294838518952,22.810048174143816,0.7339562393773671,0.44599558728688893,False,1.6172486009541867,True,0.5428166294383053,False
89.63294838518952,22.810048174143816,0.7645123764990346,0.2395021487256782,False,1.2619940333648192,True,0.6406395421116479,False
89.68294838518952,22.810048174143816,0.750780334288619,0.3555754936329671,False,0.9950350255702186,True,0.5129422263723104,False
89.73294838518952,22.810048174143816,0.6387130566830399,0.2753812149208267,False,0.6848688423364534,True,0.32589278024948276,False
89.78294838518953,22.810048174143816,0.5550238636506729,0.09875160220872173,False,0.5926251519105973,False,0.32397093581128056,False
89.83294838518952,22.810048174143816,0.6073460532835622,0.23331346968485928,False,0.7313640744908314,False,0.3975229559736262,False
89.88294838518952,22.810048174143816,0.6913502002849293,0.6144277414054646,False,1.0101064388763827,True,0.6137543759111113,False
89.93294838518952,22.810048174143816,0.7487256841976793,0.9918537327745203,False,1.3592992257803553,True,0.7423794893974398,False
89.98294838518952,22.810048174143816,0.7221256812289693,1.176250905192156,False,0.9929921767966229,False,0.5844616599051424,False
90.03294838518953,22.810048174143816,0.5592701047804232,0.9112662595554007,False,0.35206128815840054,False,0.35331628064698317,False
90.08294838518952,22.810048174143816,0.38222474946787144,0.03905799269017696,False,0.16290940961225098,False,0.3606590641086918,False
90.13294838518952,22.810048174143816,0.5246195533566578,-0.5086150759492853,False,0.4213977395906326,False,0.28685454644247804,False
90.18294838518952,22.810048174143816,0.6262388100723737,-0.6403947465367898,False,0.724607458382216,False,0.26638998377787276,False
90.23294838518952,22.810048174143816,0.6373501697546102,-0.7933651948536018,False,0.8884834517439546,True,0.3001466734679894,False
90.28294838518951,22.810048174143816,0.5804849454969294,-0.9445077118717966,False,0.9206806635790772,False,0.23179352019133137,False
90.33294838518952,22.810048174143816,0.5046031291216003,-0.6907005222774795,False,0.87364223427624,False,0.11603999730953676,False
90.38294838518952,22.810048174143816,0.591642978884763,-0.2616630179067881,False,0.9626909064168374,False,0.016046089983145967,False
90.43294838518952,22.810048174143816,0.6594444604284422,-0.5037983403268566,False,0.853476280229043,True,-0.05686243792258218,False
90.53294838518951,22.810048174143816,0.6669593460485859,-0.4575824501834307,False,0.5492091158385326,False,-0.24839381206806926,False
90.58294838518952,22.810048174143816,0.6717599893787854,-0.4000049149603056,False,0.4333593398269868,False,-0.34919732019219957,False
90.83294838518952,22.810048174143816,0.8461378625360371,-1.2142900666181413,False,0.7428962711415767,False,-0.44457970139308567,False
90.88294838518952,22.810048174143816,0.8500139506894792,-0.2735271319278575,False,1.018477697982273,False,-0.48716300712181804,False
90.93294838518952,22.810048174143816,0.8481229206058443,0.6075160629242404,False,1.351967273440497,True,-0.41240314505157116,False
90.98294838518952,22.810048174143816,0.8746676244787915,0.5820058291043912,False,1.7085149833442541,True,-0.3964096973039199,False
91.03294838518951,22.810048174143816,0.8874987598363282,-0.8462020238976583,False,1.8450403025853026,True,-0.42483896791418135,False
91.08294838518952,22.810048174143816,0.8667870837433542,-1.9692503866800197,False,1.4102075199120228,False,-0.5646997867003172,False
91.13294838518952,22.810048174143816,0.8168722857983359,-1.7988623829766954,False,0.9404338519792488,False,-0.6480293991898297,True
91.18294838518952,22.810048174143816,0.7537223893699002,-0.8490105973235393,False,1.0710124633421327,False,-0.5568386879828021,True
91.23294838518952,22.810048174143816,0.6802043021148381,-0.14992734578932723,False,1.384946959864172,False,-0.4279566954168078,False
91.28294838518951,22.810048174143816,0.5674163541911819,0.11083192536537959,False,1.2679756323902092,False,-0.3481533344033594,False
91.33294838518952,22.810048174143816,0.5328336300539486,-0.02501783746192331,False,0.806122435327285,False,-0.4153826143848123,False
91.38294838518952,22.810048174143816,0.5807886727283282,-0.30228601966053276,False,0.27439108328635936,False,-0.7004497248748465,True
91.43294838518952,22.810048174143816,0.6340745131837843,-0.772040804299317,False,0.4884712596261196,False,-0.9081355126313639,True
91.48294838518952,22.810048174143816,0.6548546568483246,-1.431559932850981,False,1.1802442579596208,True,-0.9931592726184525,True
91.53294838518951,22.810048174143816,0.6527051233450999,-1.591432662961471,False,1.6753921886895644,True,-0.851653109700458,True
91.58294838518952,22.810048174143816,0.6430987564678043,-1.0214082004125575,False,1.937835087906801,True,-0.5849361870200247,False
91.63294838518952,22.810048174143816,0.6135404908093007,0.42664802302568716,False,1.8480330556029654,True,-0.2595356264353046,False
91.68294838518952,22.810048174143816,0.5279653060550198,0.5665883522551298,False,1.6069955531293745,True,0.02167861047915285,False
91.73294838518952,22.810048174143816,0.4648376316918429,-0.9878115050863834,False,1.0155066216039368,False,0.07586132843420995,False
91.78294838518951,22.810048174143816,0.5366507670534536,0.3200371666667925,False,0.8227299828765617,False,-0.08279448594347733,False
91.83294838518952,22.810048174143816,0.7476903391249563,2.3514116689321574,False,1.0934453730807587,True,-0.24524894605697098,False
91.88294838518952,22.810048174143816,0.8191823251914646,3.335495688189189,False,1.0927062276584822,True,-0.2562584578144058,False
91.93294838518952,22.810048174143816,0.8179246917319732,5.30375166825021,True,0.5208677291304009,False,-0.10179750220278211,False
91.98294838518952,22.810048174143816,0.7608721473770699,5.648598275265979,True,0.1838152326924521,False,0.06768032700344585,False
92.03294838518951,22.810048174143816,0.598495579374387,3.1399447447482727,False,0.09113534347930591,False,0.25998119774766293,False
92.08294838518952,22.810048174143816,0.3651561779823069,0.9386547208199998,False,0.08089111021674555,False,0.37346804883359597,False
92.13294838518952,22.810048174143816,0.334186035240034,0.6349825339211825,False,0.08811583608968249,False,0.42491627675867105,False
92.18294838518952,22.810048174143816,0.46762834638000883,1.4806901409216064,False,0.04318927916529934,False,0.42909652023980926,False
92.28294838518951,22.810048174143816,0.33685028104058823,0.8729075167704479,False,-0.1858787277101835,False,-0.17234636929296598,False
92.33294838518952,22.810048174143816,0.3042636646826791,0.7738155709961829,False,-0.20026515044878568,False,-0.27699704893779065,False
92.38294838518952,22.810048174143816,0.3096610835070314,1.1529172325206993,False,-0.14910234922444726,False,-0.29823420502636333,False
92.43294838518952,22.810048174143816,0.3130797201834646,1.434272949552943,False,-0.10895029929013234,False,-0.316249890527026,False
88.93294838518952,22.76004817414381,0.3170635485668279,0.8928825929586354,False,0.7003158873272937,False,-0.16667412552624017,False
88.98294838518952,22.76004817414381,0.3091643125371276,0.8465402345747133,False,0.7625821832842673,False,-0.05714649491335571,False
89.03294838518953,22.76004817414381,0.31107917708473926,0.7405724713567147,False,0.7590439322795244,False,0.013188202536298231,False
89.08294838518952,22.76004817414381,0.29483912029697384,0.5997701796682603,False,0.764654705811662,False,0.048509134416064435,False
89.13294838518952,22.76004817414381,0.14121653286833766,0.3795438218151143,False,0.5300175774643415,False,0.05569553438327024,False
89.18294838518952,22.76004817414381,0.069369079174597,0.3328154172791513,False,0.40772852855505687,False,0.057788358192282514,False
89.23294838518952,22.76004817414381,0.3334971062416464,0.45036409075125966,False,0.5140252755828587,False,0.020526582925642092,False
89.28294838518953,22.76004817414381,0.5169662730236477,0.4475541043255834,False,0.6980379147111908,False,-0.013312385818047306,False
89.33294838518952,22.76004817414381,0.625480054808834,0.2099720905320438,False,0.8894072889606359,True,0.18074762483337703,False
89.38294838518952,22.76004817414381,0.6718192310451626,0.22228789902089213,False,1.1396194883777648,True,0.3869850618751425,False
89.43294838518952,22.76004817414381,0.6530214051909574,0.5715840605972553,False,1.5108564699805407,True,0.46054170339422784,False
89.48294838518952,22.76004817414381,0.6300247728174371,0.9233116140799473,True,1.8889536111215661,True,0.48642361044996096,False
89.53294838518953,22.76004817414381,0.6802664451507519,0.7745761905139119,True,1.76279714529784,True,0.4235866964305148,False
89.58294838518952,22.76004817414381,0.7350429922844326,0.5967048617626598,False,1.5175276943682392,True,0.38155031079028223,False
89.63294838518952,22.76004817414381,0.7595950762771607,0.7879639535246727,False,1.2174180373333652,True,0.3847568050559775,False
89.68294838518952,22.76004817414381,0.7333096569924012,0.6715539115595073,False,0.9898382856019721,True,0.4204484009236155,False
89.73294838518952,22.76004817414381,0.6474537248623609,0.31519035355187863,False,0.7761788704921422,True,0.41422996740461815,False
89.78294838518953,22.76004817414381,0.5957438966359618,0.0013162422014192932,False,0.733464041726162,False,0.44511277003118,False
89.83294838518952,22.76004817414381,0.6164738384322317,0.24639131396960054,False,0.8775770466894723,False,0.4768229089580335,False
89.88294838518952,22.76004817414381,0.6890051725560226,0.6314657266791975,False,1.0843835509331459,False,0.6281133522723092,False
89.93294838518952,22.76004817414381,0.7481953535523014,0.9505025685657479,False,1.3100499233724796,True,0.7356615925489686,False
89.98294838518952,22.76004817414381,0.7435234782637633,1.043042446417682,False,0.9869757546861515,False,0.688484387423915,False
90.03294838518953,22.76004817414381,0.6547723923966318,0.8734100220178084,False,0.5951327578671005,False,0.5653114224586948,False
90.08294838518952,22.76004817414381,0.5641881042927744,-0.06260873260565752,False,0.45807061159132423,False,0.409310577061466,False
90.13294838518952,22.76004817414381,0.5990541295420915,-0.7765309543101461,False,0.5790011009554493,False,0.3050961389932485,False
90.18294838518952,22.76004817414381,0.5992359865459267,-0.8452888782430404,False,0.8631927672192594,False,0.28136426748382465,False
90.23294838518952,22.76004817414381,0.5540245935269809,-0.948468302273322,False,1.0328824489387622,True,0.3126586995399747,False
90.28294838518951,22.76004817414381,0.4802471203392911,-0.8386149962869296,False,1.1102354174094555,True,0.2846220507715998,False
90.33294838518952,22.76004817414381,0.4580135821724001,-0.4991051185287657,False,1.084255399322534,False,0.1673049042714739,False
90.38294838518952,22.76004817414381,0.5748041978348698,-0.3414610436081379,False,1.1451268815298998,False,0.05301125821852837,False
90.43294838518952,22.76004817414381,0.669895586805586,-0.4535606139932201,False,0.9489895739920782,False,-0.06374806147779964,False
90.48294838518952,22.76004817414381,0.6905657748208945,-0.4111805161808654,False,0.6740576180502202,False,-0.2279669908419262,False
90.53294838518951,22.76004817414381,0.6889603067576184,-0.2537793877322528,False,0.41394251061123866,False,-0.40008379389579884,False
90.58294838518952,22.76004817414381,0.6978721133205639,-0.022756909403605724,False,0.21261058835505087,False,-0.5323179353167249,False
90.63294838518952,22.76004817414381,0.7243548305708355,-0.08682205514131869,False,0.2621356037470296,False,-0.4984122938476186,False
90.83294838518952,22.76004817414381,0.7584982657646853,-0.3498910942628656,False,0.48922428902872184,False,-0.2569482580313021,False
90.88294838518952,22.76004817414381,0.761643754996325,0.6680268803175275,False,0.7051275077452992,False,-0.3214207668717701,False
90.93294838518952,22.76004817414381,0.7628656660076093,1.3882008969576756,False,1.0685875907848197,True,-0.2654495774133716,False
90.98294838518952,22.76004817414381,0.7802709234279686,1.5423552991546812,False,1.3010772059146083,True,-0.26163641433040985,False
91.03294838518951,22.76004817414381,0.8012103195717518,1.0535765385957419,False,1.240267093208013,True,-0.3831459221433786,False
91.08294838518952,22.76004817414381,0.78016086220722,0.338178897369862,False,1.0281527128445829,False,-0.4531015120324111,True
91.13294838518952,22.76004817414381,0.7138516852813224,-0.6247528229493919,False,1.111188544235746,False,-0.4034996511010689,False
91.18294838518952,22.76004817414381,0.6531906110485023,-0.12713675621143034,False,1.2455442185781689,True,-0.33052887520869406,False
91.23294838518952,22.76004817414381,0.5458128482770195,0.32442755558309777,False,1.4153800430044652,True,-0.23398988407919144,False
91.28294838518951,22.76004817414381,0.4923621014139894,0.24813312607329452,False,1.2743901338274901,False,-0.20806521984094928,False
91.33294838518952,22.76004817414381,0.5348808386451209,-0.21349538803501591,False,0.8441908801107268,False,-0.2863454406439455,False
91.48294838518952,22.76004817414381,0.6526020635916504,-1.1805738965110881,False,1.0828826172426298,True,-1.0216451162165827,True
91.53294838518951,22.76004817414381,0.6498384779972187,-0.8905719056806614,False,1.5732574827248742,True,-0.9309085945755295,True
91.58294838518952,22.76004817414381,0.635854204182062,0.5824828400756669,False,1.4383411467824658,True,-0.6621814816700471,False
91.63294838518952,22.76004817414381,0.6033374009266594,2.1176093726170464,False,1.2398732767521223,True,-0.28017483306514274,False
91.68294838518952,22.76004817414381,0.5292447980620217,2.3355176981148693,False,1.0837835943804246,True,0.05234131027781029,False
91.73294838518952,22.76004817414381,0.4409711179089403,1.6474503171967143,False,0.9599247323666873,False,0.22846221167257202,False
91.78294838518951,22.76004817414381,0.5274572354703359,1.771880815970992,False,0.8928896585492752,False,0.09879088789210415,False
91.83294838518952,22.76004817414381,0.7636560781764952,2.6381235637262193,False,1.011434606767304,False,-0.08329269762531583,False
91.88294838518952,22.76004817414381,0.8318733653201351,2.9519195458937197,False,1.0527118369505373,True,-0.17521320312945543,False
91.93294838518952,22.76004817414381,0.8178402633001073,4.019970309851363,False,0.6454058744202291,False,-0.1236781555600695,False
91.98294838518952,22.76004817414381,0.7496304059549828,3.9498855633329386,True,0.3411237239426041,False,0.018140545943571923,False
92.03294838518951,22.76004817414381,0.5791830879840978,1.3905713022487718,False,0.24236677236286025,False,0.20457534025034554,False
92.08294838518952,22.76004817414381,0.45531250177496563,-0.22495853179869596,False,0.21756185012321316,False,0.3003359227213727,False
92.13294838518952,22.76004817414381,0.47257555978687493,-0.021000787791118525,False,0.22098883593718865,False,0.3644977204012144,False
92.18294838518952,22.76004817414381,0.48713158180724997,1.1856541212657925,False,0.15562336475420505,False,0.41321612689291704,False
92.23294838518952,22.76004817414381,0.391788854300302,1.3351496350648815,False,-0.07331883627853239,False,0.22219867864421347,False
92.28294838518951,22.76004817414381,0.2787885436984035,0.048320214249036875,False,-0.3332803393833679,False,-0.11846598822006738,False
92.33294838518952,22.76004817414381,0.24131191186582956,-0.4292400491970316,False,-0.3372383511625983,False,-0.23466706472962706,False
92.38294838518952,22.76004817414381,0.26664885206272726,0.06538504597735373,False,-0.2538207991747371,False,-0.26650010083161974,False
92.43294838518952,22.76004817414381,0.2858966195390782,0.4489028238203826,False,-0.1627083197614863,False,-0.25569077886006164,False
92.48294838518952,22.76004817414381,0.29567355125408684,0.7660108792528774,False,-0.07157290134844693,False,-0.2374461090040283,False
88.93294838518952,22.71004817414381,0.3384992441377835,0.8529468957225566,False,1.0632282634186032,False,-0.03810165138527641,False
88.98294838518952,22.71004817414381,0.3339187160904784,0.7789792450491322,False,1.074597200980931,False,0.022883872718638756,False
89.03294838518953,22.71004817414381,0.32819154545912016,0.6673909227792049,False,0.9886180011351922,False,0.04729720074535497,False
89.08294838518952,22.71004817414381,0.2681829824357985,0.48530153197454085,False,0.8168618730764658,False,0.0623447476805897,False
89.13294838518952,22.71004817414381,0.17146853215029334,0.3772013803969602,False,0.5976942413693211,False,0.0756989947034041,False
89.18294838518952,22.71004817414381,0.21534625785205813,0.44295419384068857,False,0.6047614797133438,False,0.0779986792921998,False
89.23294838518952,22.71004817414381,0.42888218095952274,0.5856329136875071,False,0.8087512230754403,False,0.07645331631425226,False
89.28294838518953,22.71004817414381,0.5781242128154529,0.6774759132116437,False,1.186221919787315,True,0.1047735302015348,False
89.33294838518952,22.71004817414381,0.6706160687597554,0.6685665042603972,False,1.4969146501943174,True,0.23862171943791338,False
89.38294838518952,22.71004817414381,0.6726705721569974,0.7620796978783418,False,1.685821572693973,True,0.3610030204599991,False
89.43294838518952,22.71004817414381,0.6233610365515555,0.8883776390504914,False,1.8481831612070518,True,0.47755101074040984,False
89.48294838518952,22.71004817414381,0.6204190554879033,0.8040944307989688,True,1.7595621069279024,True,0.5264050558136835,False
89.53294838518953,22.71004817414381,0.6917605809521955,0.6658096809919705,False,1.530989524999284,True,0.4016037502806279,False
89.58294838518952,22.71004817414381,0.7460563363387821,0.6683827160607317,False,1.3351190780227016,True,0.2207539627033172,False
89.63294838518952,22.71004817414381,0.7380214447246204,0.8999312452411865,False,1.118343585848097,True,0.15806570547199897,False
89.68294838518952,22.71004817414381,0.6736641312867169,0.6333992220952925,False,0.9068385673447185,True,0.24124964786510916,False
89.73294838518952,22.71004817414381,0.6114855778639473,0.27322474063375835,False,0.8082899593983075,True,0.3526260677996083,False
89.78294838518953,22.71004817414381,0.6182130405256021,0.31544354483009374,False,1.0127381958658341,True,0.4236529508786768,False
89.83294838518952,22.71004817414381,0.6144610970523458,0.673515792450958,False,1.1712398664627717,True,0.4329243510436767,False
89.88294838518952,22.71004817414381,0.6604400658123526,0.9781125821768614,False,1.2860309151880944,True,0.48920457842925685,False
89.93294838518952,22.71004817414381,0.7114783566767447,1.1421640713055368,False,1.2785377796105033,False,0.5613037115891152,False
89.98294838518952,22.71004817414381,0.7199080834090829,1.111510143216278,False,0.8653837460534521,False,0.6225917021785441,False
90.03294838518953,22.71004817414381,0.6962098796004564,1.2187726382065431,False,0.9562225282656165,False,0.573494110628941,False
90.08294838518952,22.71004817414381,0.6702796891651467,0.3441896796853896,False,0.9805982526594295,False,0.42298393341136964,False
90.13294838518952,22.71004817414381,0.6338945567504726,-0.2868370587400453,False,1.047920830451265,False,0.30438028201361733,False
90.18294838518952,22.71004817414381,0.5436436842076456,-0.41445292952136054,False,1.1517816926907143,True,0.26497567741930894,False
90.23294838518952,22.71004817414381,0.42822405340339215,-0.505409703037113,False,1.146575742886471,True,0.2502657058881318,False
90.28294838518951,22.71004817414381,0.36467382709852497,-0.31919669210792345,False,1.139163658185134,True,0.19778840305473008,False
90.33294838518952,22.71004817414381,0.43898646591808804,-0.2990889334020614,False,1.1913292238728093,False,0.06978348526315463,False
90.38294838518952,22.71004817414381,0.5658612820915024,-0.24752741189429714,False,1.2354455934056168,False,-0.029942031821590442,False
90.43294838518952,22.71004817414381,0.6842558574131252,-0.2857257026033862,False,1.0653993731756004,False,-0.13384084411732758,False
90.48294838518952,22.71004817414381,0.7236054358904722,-0.23671100680614582,False,0.6523035554898169,False,-0.3128346276892951,False
90.58294838518952,22.71004817414381,0.7247259799552388,0.345862163317195,False,0.13482935135052626,False,-0.6066116492804765,False
90.63294838518952,22.71004817414381,0.702605659329877,0.4901236479063241,False,0.1093052241836677,False,-0.5979979349665627,False
90.88294838518952,22.71004817414381,0.6299271796012783,1.1128443237412209,False,0.7330546130558048,True,-0.17913823094591141,False
90.93294838518952,22.71004817414381,0.6495207438067304,1.553051249041312,False,0.9493406537599712,True,-0.23129668550052432,False
90.98294838518952,22.71004817414381,0.6361243441908643,1.6248725550705343,False,1.0320966801175555,True,-0.25683061289336934,False
91.03294838518951,22.71004817414381,0.6299579538275815,1.4141701875513468,False,0.9654983202565833,True,-0.30612884396259565,False
91.08294838518952,22.71004817414381,0.6285435194276111,1.17496104930001,False,0.930134568848759,True,-0.30370234835967425,False
91.13294838518952,22.71004817414381,0.5709241432982577,0.899781104257491,False,0.9597183579135473,True,-0.24480567839058248,False
91.18294838518952,22.71004817414381,0.4929699252339741,0.8003499655546993,False,1.0695441126963272,True,-0.18502888026411102,False
91.23294838518952,22.71004817414381,0.4690147752914307,0.77505829604283,False,1.1434449779855798,True,-0.1713402849244187,False
91.33294838518952,22.71004817414381,0.5652825501874388,-0.575894305601063,False,0.7782965743564769,False,-0.21714482192409235,False
91.53294838518951,22.71004817414381,0.622878087195545,-0.3297018167824497,False,1.0396313571002846,True,-0.6357676164484669,True
91.58294838518952,22.71004817414381,0.6049405781702534,1.577111949540932,False,0.8815037009789148,True,-0.5619853088638241,False
91.63294838518952,22.71004817414381,0.5587459251523711,2.696078806252001,False,0.6240273154085009,False,-0.1787013922903441,False
91.68294838518952,22.71004817414381,0.4731970494728238,2.6481644309942673,False,0.4017562765030448,False,0.18847926621045155,False
91.73294838518952,22.71004817414381,0.4050934982794031,2.4365088871252496,False,0.41685887222057827,False,0.2929077912996243,False
91.78294838518951,22.71004817414381,0.47775607597748626,1.7773583980997363,False,0.8797381438176675,False,0.17540868255127212,False
91.83294838518952,22.71004817414381,0.7286498322246264,1.7594838298723887,False,1.2167565726142295,True,0.025237622745262353,False
91.88294838518952,22.71004817414381,0.8315588176675531,2.043718750916843,False,1.1692762085273818,True,-0.125532394836289,False
91.93294838518952,22.71004817414381,0.8303513610477303,2.2863460252982777,False,0.9446010014937041,True,-0.2278209983860225,False
91.98294838518952,22.71004817414381,0.7854542110351465,1.9614041883746127,False,0.6459704154939213,True,-0.15712771228012562,False
92.03294838518951,22.71004817414381,0.7078135779826749,0.1315058356700618,False,0.5111277626061053,True,0.005614140160035544,False
92.08294838518952,22.71004817414381,0.6934127805297317,-0.9584017048364406,False,0.45616655733819955,True,0.13453132732959136,False
92.13294838518952,22.71004817414381,0.6777145414632352,-0.5229508690722361,False,0.41973540571335605,True,0.20931118697670806,False
92.18294838518952,22.71004817414381,0.6127953364721858,0.7225204523741022,False,0.3652599497920276,False,0.27054842023875697,False
92.23294838518952,22.71004817414381,0.43688649761442466,1.1814400077564289,False,0.12427478827631436,False,0.20325965202798413,False
92.28294838518951,22.71004817414381,0.2974448773422672,0.0823390846132932,False,-0.27960650695168304,False,-0.041235150000937804,False
92.33294838518952,22.71004817414381,0.25268571527348155,-0.8262411103908738,False,-0.383961460782692,False,-0.18388105912482605,False
92.38294838518952,22.71004817414381,0.28294994540140456,-0.4183931779610055,False,-0.2812445665941592,False,-0.20983919606162454,False
92.43294838518952,22.71004817414381,0.3044567710412845,0.08576405122458067,False,-0.15385992106903784,False,-0.19533528145603124,False
92.48294838518952,22.71004817414381,0.3073585319608862,0.595952433695083,False,-0.05869735177220268,False,-0.19404598058775985,False
88.98294838518952,22.66004817414381,0.4230111506050284,0.424286217388936,False,1.1661030510865467,True,-0.0037154567911639163,False
89.08294838518952,22.66004817414381,0.3796845064698277,0.42822718498983514,False,0.8946989416784903,False,0.026767694524888627,False
89.13294838518952,22.66004817414381,0.32817028111892904,0.4259460545922299,False,0.7137535283992194,False,0.016028165498880913,False
89.18294838518952,22.66004817414381,0.4132236059533464,0.48976095605519165,False,0.7844196232708187,False,0.03383046314141553,False
89.23294838518952,22.66004817414381,0.5476955890862336,0.6580752729064281,False,1.1446742814206996,False,0.13274109300885073,False
89.28294838518953,22.66004817414381,0.6518903549280517,0.7743931449527326,False,1.6267440410443097,True,0.30102476533688116,False
89.43294838518952,22.66004817414381,0.6256902314690816,0.7463165268520375,False,1.8451056634880703,True,0.6107591605375505,False
89.48294838518952,22.66004817414381,0.6102635244124416,0.572628246458719,False,1.5221160755455343,True,0.5367072257056865,False
89.53294838518953,22.66004817414381,0.6785861161163127,0.4763041917012313,False,1.3015555655383348,True,0.24716541245613402,False
89.58294838518952,22.66004817414381,0.7176721780469508,0.48053814644336046,False,1.170237676568729,True,-0.04412902786346437,False
89.63294838518952,22.66004817414381,0.6802857240950917,0.576347354988071,False,1.0166581820874963,True,-0.08761203941896384,False
89.68294838518952,22.66004817414381,0.6075254256802453,0.4518965474686098,False,0.8717380463130864,True,0.027967851181495584,False
89.73294838518952,22.66004817414381,0.6451820677434703,0.49002875121337863,False,1.099326286902666,True,0.19889153297821976,False
89.78294838518953,22.66004817414381,0.6539802549801964,0.876081163420334,False,1.4629824851978364,True,0.3380072205195008,False
89.83294838518952,22.66004817414381,0.6526049338871747,1.2384604983494185,True,1.5954146797790811,True,0.37831941899053384,False
89.88294838518952,22.66004817414381,0.6495042880107658,1.4762364333542917,True,1.6374242449843668,True,0.3507432817417751,False
89.93294838518952,22.66004817414381,0.6458479553084292,1.3211341898072952,False,1.1063939277502715,False,0.3867758671318719,False
89.98294838518952,22.66004817414381,0.6462461103524808,1.3062169078699055,False,0.8558638035628301,False,0.41733348402102133,False
90.03294838518953,22.66004817414381,0.674772503396388,1.2782760158339137,False,1.102581258155397,False,0.36606112113188,False
90.08294838518952,22.66004817414381,0.6896871453353025,0.5954354241212637,False,1.180831849946382,True,0.3080948628222327,False
90.13294838518952,22.66004817414381,0.6184797853238663,0.5759506877902214,False,1.302945937591645,True,0.2629653530577249,False
90.18294838518952,22.66004817414381,0.45243210335174444,0.5672966345986705,False,1.2380530051076961,False,0.25349783056156205,False
90.23294838518952,22.66004817414381,0.315707880726112,0.5536806158927338,False,1.1148047448284302,False,0.18335128867881204,False
90.28294838518951,22.66004817414381,0.3392579947519812,0.5965162014164489,False,1.1151549377890457,False,0.03487519193640031,False
90.33294838518952,22.66004817414381,0.452415136606354,0.18317969455188868,False,1.2193735817873095,False,-0.07601393261575984,False
90.38294838518952,22.66004817414381,0.5694159378063783,0.025168615448991793,False,1.2794215608754707,False,-0.12071003148597632,False
90.43294838518952,22.66004817414381,0.6910979747506106,-0.07391635293264229,False,1.2010396475214549,False,-0.15062662622523412,False
90.48294838518952,22.66004817414381,0.7555759229410145,-0.10036867019799617,False,0.762363197292754,False,-0.2645693353312393,False
90.58294838518952,22.66004817414381,0.7361200006793899,0.49730924931236464,False,0.2134893765287878,False,-0.5823968964164802,False
90.63294838518952,22.66004817414381,0.6754744966672777,0.5471361624945599,False,0.1881099557466409,False,-0.531338377877191,False
90.68294838518952,22.66004817414381,0.5715288606278678,0.14203147830324003,False,0.20301377525828385,False,-0.21396494780718983,False
90.93294838518952,22.66004817414381,0.5679153185412777,1.510105850436535,False,0.9216633772826516,True,-0.20884485539128522,False
90.98294838518952,22.66004817414381,0.577682601671832,1.482142959287327,False,1.0063818007108871,True,-0.25105264354452,False
91.03294838518951,22.66004817414381,0.6097538041705575,1.3817249432917094,False,1.0199639097417648,True,-0.2692142967707978,False
91.08294838518952,22.66004817414381,0.6034672883600101,1.2441825182220945,False,1.0095806182010048,True,-0.24394142621694667,False
91.13294838518952,22.66004817414381,0.5667524528783014,1.107989737076204,False,1.0074037696762155,True,-0.18910152951909465,False
91.18294838518952,22.66004817414381,0.5122678386765276,1.0451773201414543,False,1.0471738781175262,True,-0.14234626980071236,False
91.23294838518952,22.66004817414381,0.4540235866726027,0.9189014690206969,False,1.1099317570001597,True,-0.11909444676604944,False
91.33294838518952,22.66004817414381,0.6016806337549736,-0.9726663037854179,False,0.5804119587839873,False,-0.18511674347393633,False
91.58294838518952,22.66004817414381,0.5537322987656618,2.068077703491591,False,0.45017374344685784,False,-0.15606523730063254,False
91.63294838518952,22.66004817414381,0.4828818672524702,2.6921991887974372,False,0.18232824291901276,False,0.11798464075954093,False
91.68294838518952,22.66004817414381,0.37866880256234114,2.520464190487506,False,-0.028278352056787245,False,0.4696439734132507,False
91.73294838518952,22.66004817414381,0.335437487001106,2.222751454914204,False,0.05772039616996092,False,0.4116129277078916,False
91.78294838518951,22.66004817414381,0.3921484618309078,1.8344739321946315,False,0.36774279807670673,False,0.1895477804514129,False
91.83294838518952,22.66004817414381,0.6252387355277081,0.9751418585200768,False,1.2393721211718538,True,0.026222376738790826,False
91.88294838518952,22.66004817414381,0.7908462988934095,0.8357356895340192,False,1.412670148282657,True,-0.13576536210961848,False
91.93294838518952,22.66004817414381,0.8249864144240788,0.7248978133689232,False,1.2751002822803263,True,-0.3287148831378003,False
91.98294838518952,22.66004817414381,0.8197656193427715,0.4587510813455368,False,0.987349223515072,True,-0.3184890119586682,False
92.03294838518951,22.66004817414381,0.809053463737871,0.12349843061178922,False,0.7198570600086053,True,-0.11245751196261701,False
92.08294838518952,22.66004817414381,0.7950941551799663,-0.7484873919336286,False,0.6107090980949845,True,0.049325334818392075,False
92.13294838518952,22.66004817414381,0.7870600412977597,-0.5260387586616735,False,0.5581702821037315,True,0.10579361917417868,False
92.23294838518952,22.66004817414381,0.5300194010677635,0.777511046046136,False,0.3406462604824518,False,0.133467362127738,False
92.28294838518951,22.66004817414381,0.3245894403133707,0.4627106772084093,False,-0.042598259643602296,False,-0.00013535402415126851,False
92.33294838518952,22.66004817414381,0.3234288540742298,-0.2764679174371266,False,-0.2686845390019971,False,-0.16665168196988525,False
92.38294838518952,22.66004817414381,0.3588394875040532,-0.3965106867857556,False,-0.22518220373898534,False,-0.18676202709252,False
92.43294838518952,22.66004817414381,0.3651280520171331,0.05288312965771674,False,-0.107856348071255,False,-0.17633491765948728,False
92.48294838518952,22.66004817414381,0.3320726918331657,0.3102270751186602,False,-0.03419946519376908,False,-0.16572425887028974,False
92.53294838518951,22.66004817414381,0.2983670807727494,0.4397754387898294,False,-0.004790081161411774,False,-0.1559482052452137,False
88.98294838518952,22.610048174143813,0.47852694342986474,0.25929512302319224,False,1.269998503531796,True,-0.006241649092311417,False
89.13294838518952,22.610048174143813,0.5435621437637824,0.32495332258635173,False,0.9819314864695429,True,-0.1413598679525102,False
89.18294838518952,22.610048174143813,0.6465652419897291,0.3250746366555942,False,1.1907293192829218,True,0.04147705438670854,False
89.23294838518952,22.610048174143813,0.7143095405464354,0.44415656779248625,False,1.6106113651918759,True,0.35491753005982424,False
89.28294838518953,22.610048174143813,0.7516134663290034,0.8011258359468709,False,2.080172016733341,True,0.5103082778104223,False
89.38294838518952,22.610048174143813,0.7254374173179818,0.5160910870551395,False,1.9821892215010264,True,0.8200639328402812,False
89.43294838518952,22.610048174143813,0.6241989258496563,0.2415838502861662,False,1.6907722679343666,True,0.8295209461101217,False
89.48294838518952,22.610048174143813,0.5787459629173771,0.00874217850272907,False,1.3594240905070036,True,0.5104572182774906,False
89.63294838518952,22.610048174143813,0.6413857515416133,0.10442228799273157,False,1.12561983678003,True,-0.40708427191041724,False
89.68294838518952,22.610048174143813,0.6334822635952827,0.15105615053514448,False,1.224225752598597,True,-0.27195952753648905,False
89.73294838518952,22.610048174143813,0.6642015032216041,0.3456765159965024,False,1.346177047152179,True,-0.0048408693467758,False
89.78294838518953,22.610048174143813,0.675182957799266,0.8084850139363566,False,1.3896211013413353,True,0.2415416632455139,False
89.83294838518952,22.610048174143813,0.6792025303147812,1.164621482239884,True,1.4174253105466157,True,0.37771137751158756,False
89.88294838518952,22.610048174143813,0.6881005998938408,1.4236052075051977,True,1.381606698688076,True,0.3355454199033223,False
89.93294838518952,22.610048174143813,0.6360212916227233,1.522644619004038,True,1.2014418595018979,False,0.2418248182469758,False
89.98294838518952,22.610048174143813,0.5837795329670471,1.3541763171647085,False,1.1319368320890248,False,0.11135707099055533,False
90.03294838518953,22.610048174143813,0.6279335009377324,0.28884703690023894,False,1.0233333719145246,False,-0.01840997251907521,False
90.08294838518952,22.610048174143813,0.6360593725209522,0.25958716057372505,False,1.018005620729865,True,-0.07660154220005032,False
90.13294838518952,22.610048174143813,0.540983815628004,0.829917796485729,False,1.0315616937101255,False,-0.12320939851191832,False
90.18294838518952,22.610048174143813,0.4085358869895245,1.0185557430381775,False,0.9338005599214199,False,-0.1373611996474758,False
90.23294838518952,22.610048174143813,0.3725925408822192,1.1930924825883926,False,0.7978269007744851,False,-0.18423549679883322,False
90.28294838518951,22.610048174143813,0.4526423896089259,1.264284327528542,False,1.0921870572860022,False,-0.20410927020189557,False
90.33294838518952,22.610048174143813,0.5398197242727839,1.1030730899740548,False,1.2301740590967094,False,-0.19059967888580717,False
90.38294838518952,22.610048174143813,0.6187372529141317,0.46044110346215655,False,1.3764542163136926,False,-0.11391392152709684,False
90.43294838518952,22.610048174143813,0.71207078402809,0.09976777762270435,False,1.3712017285935014,False,-0.060866677575607965,False
90.48294838518952,22.610048174143813,0.7852565736122059,-0.014173668403464672,False,1.0480796829587224,False,-0.13747608429697003,False
90.58294838518952,22.610048174143813,0.7115853636133834,0.31981601944203375,False,0.34021538035324317,False,-0.44276909073050363,False
90.63294838518952,22.610048174143813,0.652270104557838,0.06416161042592133,False,0.3280556397558846,False,-0.351019483399443,False
90.68294838518952,22.610048174143813,0.47373947505031405,-0.32137556283706986,False,0.23717047195835422,False,-0.11466117070244239,False
90.73294838518952,22.610048174143813,0.33347624856613584,-0.6115052519937201,False,0.1890989141418471,False,0.06702642518542695,False
90.98294838518952,22.610048174143813,0.5743913861129429,0.9170246669172706,False,0.9164799582021851,True,-0.19005623904529295,False
91.03294838518951,22.610048174143813,0.5926638229403765,0.9827633572603861,False,0.9517931045443466,True,-0.20243953960880776,False
91.08294838518952,22.610048174143813,0.6052778170390329,1.1880883287361965,False,1.0158777785835702,True,-0.21929373879261113,False
91.13294838518952,22.610048174143813,0.5831494697028895,1.2309658183792482,False,1.0508396912772613,True,-0.172026532515289,False
91.18294838518952,22.610048174143813,0.5481691329869512,1.0939362348411654,False,1.0681185259614103,True,-0.12955345085945752,False
91.23294838518952,22.610048174143813,0.5621595618259586,0.5144927731246193,False,0.9778169316477836,True,-0.1647969514897914,False
91.63294838518952,22.610048174143813,0.3969492840750911,2.174799820595454,False,0.014064037863405775,False,0.12405898990990136,False
91.68294838518952,22.610048174143813,0.29633655589418073,1.5997527268715954,False,-0.1112082813212718,False,0.2766206567197586,False
91.73294838518952,22.610048174143813,0.2562560155857752,0.6560918964318488,False,0.014985467248078931,False,0.23793866804697494,False
91.78294838518951,22.610048174143813,0.25228845106861325,0.5950593546213776,False,0.18174177013643614,False,0.07107478521140087,False
91.83294838518952,22.610048174143813,0.38510849873388797,0.7468874210470908,False,0.6181946627853065,False,-0.0609670244283583,False
91.88294838518952,22.610048174143813,0.6261312400970778,0.12546506344349279,False,1.3944744833106346,True,-0.16103845672496006,False
91.93294838518952,22.610048174143813,0.7355177381642005,-0.05650351916060453,False,1.380047407060784,True,-0.33492548131144656,False
91.98294838518952,22.610048174143813,0.7981741491743951,0.037863481656994394,False,1.0577425835761884,True,-0.32228494715458933,False
92.03294838518951,22.610048174143813,0.8210494380959954,-0.005626629349012258,False,0.8607841708240925,True,-0.14291509641121175,False
92.08294838518952,22.610048174143813,0.8267419851456387,-0.2783878662312318,False,0.7095599732231409,True,0.02749757724593621,False
92.13294838518952,22.610048174143813,0.8262238734765645,-0.18236818085353146,False,0.6342825637362306,True,0.0966347175132406,False
92.28294838518951,22.610048174143813,0.27496535279628087,0.3705488947054352,False,0.1595549443590589,False,-0.03159205877715416,False
92.33294838518952,22.610048174143813,0.3119494259023287,0.15094495094442062,False,-0.05951004928381626,False,-0.16695397691172525,False
92.38294838518952,22.610048174143813,0.374501065203019,-0.25508651055221143,False,-0.05528727481441956,False,-0.1617688457058314,False
92.43294838518952,22.610048174143813,0.3778595494154582,-0.5593680779704535,False,-0.040562192427170705,False,-0.15149924262610356,False
92.48294838518952,22.610048174143813,0.3360893938985394,-0.4630103667404979,False,-0.01987841159960757,False,-0.14163268869886148,False
92.53294838518951,22.610048174143813,0.3110688531640864,-0.4122800245711651,False,-0.015774448716701583,False,-0.1317218780267363,False
88.98294838518952,22.560048174143816,0.5497912931528735,0.19082463550067935,False,1.3465685766338151,True,-0.015299595345848481,False
89.13294838518952,22.560048174143816,0.6709602494489466,0.3112414274992805,False,1.1668021885370494,True,-0.19498151360860982,False
89.18294838518952,22.560048174143816,0.7534329950351384,0.27094500510958647,False,1.4987570461630084,True,0.12428115949007687,False
89.23294838518952,22.560048174143816,0.7763978558248754,0.31216211896501295,False,1.6976840226647623,True,0.36141674941504465,False
89.48294838518952,22.560048174143816,0.6640074369937675,-0.5771420419639797,False,1.2897273721146474,True,0.48077816332398443,False
89.53294838518953,22.560048174143816,0.657244172354407,-0.9143841919266964,False,1.339821978266883,True,0.18991957556285707,False
89.68294838518952,22.560048174143816,0.6124662668757651,-0.3093246848662919,False,1.5297728372692607,True,-0.35577365302886876,False
89.73294838518952,22.560048174143816,0.6367316175853694,0.057544234299238384,False,1.2813401198380758,True,-0.26100253237754073,False
89.78294838518953,22.560048174143816,0.6706063936383714,0.6102108012115628,False,1.1638383070408165,True,-0.010763764447278168,False
89.83294838518952,22.560048174143816,0.6878168735918941,0.9779062634635947,True,1.1823532184851375,True,0.22492712276772062,False
89.88294838518952,22.560048174143816,0.7048516883224125,1.1557621810862406,True,1.1743434753507487,False,0.26894915125050284,False
89.93294838518952,22.560048174143816,0.6605898642797495,1.18828540030082,True,1.5092979325481934,True,0.07290906016348786,False
89.98294838518952,22.560048174143816,0.6223270408210043,1.093472137918496,False,1.5649748320651486,True,-0.1324889756060516,False
90.03294838518953,22.560048174143816,0.6182673136620793,-0.16971544345794565,False,1.0924227520927565,True,-0.2961627681282024,False
90.08294838518952,22.560048174143816,0.567710982392598,-0.15489920615464103,False,0.8850021613109068,False,-0.43641919923830574,False
90.13294838518952,22.560048174143816,0.4934537896773425,0.8724353908810416,False,0.843514601241719,False,-0.5010895689033648,False
90.18294838518952,22.560048174143816,0.48091451233411625,1.4604663781561293,False,0.9368076988944469,False,-0.5249158421730737,False
90.23294838518952,22.560048174143816,0.5232126492639882,1.8051883991362967,False,0.9296521642072721,False,-0.48023041528778343,False
90.28294838518951,22.560048174143816,0.6008127511685791,1.7602345868933797,False,1.384623216448868,False,-0.33661972700617276,False
90.33294838518952,22.560048174143816,0.6527942162400575,1.5209601959630388,False,1.415281929602095,False,-0.12558589016625965,False
90.38294838518952,22.560048174143816,0.6968832275183436,0.7311491431467992,False,1.5751094765033868,False,-0.004464636216763129,False
90.43294838518952,22.560048174143816,0.7831668408550647,0.13470057969218535,False,1.711812810473344,True,-0.07846737832461442,False
90.48294838518952,22.560048174143816,0.8265056847918647,-0.033677105075809205,False,1.3481804954482075,False,-0.2153704724080986,False
90.53294838518951,22.560048174143816,0.8149366666844275,-0.21229924688766336,False,0.8472394276245786,False,-0.41366316632535083,False
90.58294838518952,22.560048174143816,0.7650208888725746,-0.4942534739056325,False,0.6318237489433696,True,-0.4538351980829005,False
90.63294838518952,22.560048174143816,0.7052031491038939,-0.7414278575199258,False,0.5597483780219789,True,-0.3358333233347225,False
90.68294838518952,22.560048174143816,0.591281387308147,-0.9198922073956419,False,0.45653099509035255,False,-0.192159978465213,False
90.73294838518952,22.560048174143816,0.3780594714653242,-0.8917485633275102,False,0.29368120750718935,False,-0.06840067781117831,False
91.03294838518951,22.560048174143816,0.5883810948600111,0.45719839026815423,False,0.8155211487435623,True,-0.10283650165043684,False
91.08294838518952,22.560048174143816,0.5854703517553954,0.5464552562222011,False,0.8477486699509849,True,-0.1021289115054428,False
91.13294838518952,22.560048174143816,0.5837654936945739,0.6921960050740174,False,0.9068193082323999,True,-0.0996132188986983,False
91.18294838518952,22.560048174143816,0.6002255052233958,0.7977858105326029,False,1.003356332411972,True,-0.12504803577513574,False
91.43294838518952,22.560048174143816,0.4944705957415685,-1.1669723167425485,True,0.34554965631960216,False,-0.142344776405693,False
91.48294838518952,22.560048174143816,0.42782606201075346,-0.22175946969968474,False,0.2641669042394185,False,-0.16965020991753005,False
91.68294838518952,22.560048174143816,0.23435386557953283,1.152647201699571,False,-0.16606679361657284,False,0.019060879240954454,False
91.73294838518952,22.560048174143816,0.2034708850544616,0.7410383281592255,False,-0.025126529572300854,False,0.027835257707211403,False
91.78294838518951,22.560048174143816,0.10521259387085108,0.35507563324149816,False,0.08273593986060729,False,0.00012817691661798358,False
91.83294838518952,22.560048174143816,0.1128796354817178,0.5890712066209283,False,0.1901182219246828,False,-0.07726296431264054,False
91.88294838518952,22.560048174143816,0.20654188612186977,0.4814736842241676,False,0.5376902540469852,False,-0.13611759487777964,False
91.93294838518952,22.560048174143816,0.3801859100652353,0.3802917203630781,False,0.8063214258534037,False,-0.24419526511940867,False
91.98294838518952,22.560048174143816,0.599013675065355,0.26964292798781997,False,0.8456148005603754,True,-0.3251035730174042,False
92.03294838518951,22.560048174143816,0.7532903690595272,0.06495570851850749,False,0.8323186618221899,True,-0.19483256046651956,False
92.08294838518952,22.560048174143816,0.81500994043245,-0.08445760158294413,False,0.7644177207267812,True,0.006940728955968367,False
92.13294838518952,22.560048174143816,0.8262780302473731,0.19562263917514458,False,0.6916054965049673,True,0.16981468050769444,False
92.23294838518952,22.560048174143816,0.6306812767334753,0.3602703134791543,False,0.5431015883487822,True,0.01766442369096652,False
92.28294838518951,22.560048174143816,0.30793662650359876,0.28189562276204594,False,0.3387382553657071,False,-0.06100880771263694,False
92.33294838518952,22.560048174143816,0.19639720569852293,0.5106930403925207,False,0.11820174163327357,False,-0.18232283311856395,False
92.38294838518952,22.560048174143816,0.2794641375594853,-0.11318601859426525,False,0.06566853681837109,False,-0.15570291599438751,False
92.43294838518952,22.560048174143816,0.325424754585461,-1.349161871425205,False,0.007826396853114849,False,-0.13096881201552707,False
92.48294838518952,22.560048174143816,0.35942037446009373,-1.53780098875821,False,-0.0083100972690692,False,-0.11435191450535068,False
92.53294838518951,22.560048174143816,0.3383870974152482,-1.4562650073963797,False,-0.01898242298473471,False,-0.11880914252258834,False
88.98294838518952,22.51004817414381,0.6672195663496067,0.18274989907891337,False,1.3157236860183206,True,-0.08753700653969998,False
89.03294838518953,22.51004817414381,0.6971452079899659,0.2809222253508422,False,1.1577002732259258,True,-0.2503023080913209,False
89.08294838518952,22.51004817414381,0.7271729099684656,0.3177118494939196,False,1.1378640322505893,True,-0.2987522090685806,False
89.13294838518952,22.51004817414381,0.7559132037682993,0.3062188643944135,False,1.2881458469611609,True,-0.1775323912714859,False
89.23294838518952,22.51004817414381,0.7679626751464594,0.2950148302549326,False,1.5636314426582745,True,0.09179054735927172,False
89.28294838518953,22.51004817414381,0.7587961364746227,0.23787029281264824,False,1.4738529664832647,True,0.14254077528414,False
89.33294838518952,22.51004817414381,0.7637446107411792,0.17727950613839916,False,1.2856293300157404,True,0.29148414359538866,False
89.38294838518952,22.51004817414381,0.772635921397515,0.2037436910594872,False,1.100477514287188,True,0.5843292310604085,False
89.48294838518952,22.51004817414381,0.7535902355905703,-0.22100578310587382,False,1.1358176114838743,True,0.41973756156002395,False
89.53294838518953,22.51004817414381,0.7390458593960285,-0.6547821492474757,False,1.2663087496970422,True,0.20630964869667565,False
89.58294838518952,22.51004817414381,0.7207993687570802,-0.6992304586337176,False,1.3875660291484544,True,0.08664576849127548,False
89.63294838518952,22.51004817414381,0.6997823378706465,-0.6675746575946864,False,1.4944851093049363,True,0.022716122769135483,False
89.68294838518952,22.51004817414381,0.6806988327308482,-0.35193682925259706,False,1.4284693699489193,True,-0.09981155851671317,False
89.73294838518952,22.51004817414381,0.6801107505099789,0.07517450023935168,False,1.2177452560767656,True,-0.15816738718768966,False
89.78294838518953,22.51004817414381,0.6929900508585316,0.41156440879995826,False,1.2495264450760244,True,-0.18830920968497275,False
89.83294838518952,22.51004817414381,0.7054775670697576,0.74526591308159,False,1.4614518579456321,True,-0.15341792746957292,False
89.88294838518952,22.51004817414381,0.7128909096850344,0.7756110446668986,False,1.7753235730661476,True,-0.10473497774609848,False
89.93294838518952,22.51004817414381,0.6757010024835705,0.6750771538430077,False,2.0145542307577875,True,-0.13488550400573673,False
89.98294838518952,22.51004817414381,0.640822762773472,0.865924133855103,False,1.7590774597882866,True,-0.19623580525140685,False
90.03294838518953,22.51004817414381,0.5925994698996133,0.6613453298493095,False,1.1519942532291787,True,-0.39587436630970974,False
90.08294838518952,22.51004817414381,0.5168586307920426,0.07151137291031295,False,0.8878198168206363,False,-0.6074092323141094,False
90.13294838518952,22.51004817414381,0.48112672551873475,0.6953760297443088,False,0.860339962129808,False,-0.6318658950255197,False
90.18294838518952,22.51004817414381,0.5105746887895849,1.5228921926918906,False,1.0701412697336607,False,-0.6031520198143088,False
90.23294838518952,22.51004817414381,0.5897847209844431,1.9066054446080585,False,1.4498647113115348,True,-0.5431351166893998,False
90.28294838518951,22.51004817414381,0.6646598304650916,1.7704671623994215,False,1.5369379283492817,True,-0.32435606045706167,False
90.33294838518952,22.51004817414381,0.708520962831046,1.310106717903623,False,1.6328912627710273,True,-0.06706188269058465,False
90.38294838518952,22.51004817414381,0.7586395837458222,0.432842765166772,False,1.908054733214709,True,-0.04131797630161291,False
90.43294838518952,22.51004817414381,0.8249283111177907,-0.34982023213740776,False,2.0086325781021093,True,-0.2270884066549052,False
90.48294838518952,22.51004817414381,0.8457151092513567,-0.7463873699156705,False,1.6602368648580648,True,-0.3965345388335072,False
90.53294838518951,22.51004817414381,0.8501985103043617,-1.1719331983506414,False,1.223385547991852,True,-0.5462511120469234,False
90.58294838518952,22.51004817414381,0.8343826385236474,-1.7969051121697466,False,0.9484469320286697,True,-0.609042071855666,True
90.68294838518952,22.51004817414381,0.7123249433746454,-1.7449421332068744,False,0.7080235773680024,True,-0.33794236475497985,False
90.73294838518952,22.51004817414381,0.555552534564592,-1.5234054605890068,False,0.5075010677923579,False,-0.2375998138629785,False
91.43294838518952,22.51004817414381,0.45525458327336027,-0.967171940730198,False,0.21106668495880698,False,-0.16680074691531396,False
91.48294838518952,22.51004817414381,0.37048306622744553,-0.08002014816661895,False,0.11210830645743575,False,-0.17260182645384498,False
91.53294838518951,22.51004817414381,0.36691681681018096,1.040198167917703,False,0.06176578022176632,False,-0.028583640181800457,False
91.73294838518952,22.51004817414381,0.6254474016365166,2.9921211542720223,True,0.24162325029809784,False,-0.305412704469784,False
91.78294838518951,22.51004817414381,0.6163210169593993,2.8859802114812307,True,0.2638466286514903,False,-0.30397259285101497,False
91.83294838518952,22.51004817414381,0.5421143169803124,2.133713840199464,True,0.32034238589146685,False,-0.19843617348613782,False
91.88294838518952,22.51004817414381,0.4110896671974598,1.3926389921229982,False,0.37024956027139355,False,-0.1400975127207514,False
91.93294838518952,22.51004817414381,0.06629561631623744,0.8795784410641184,False,0.22714146188073953,False,-0.16038243551756323,False
91.98294838518952,22.51004817414381,0.1492090433169046,0.7130785384669627,False,0.4064054528026524,False,-0.2809758197395468,False
92.03294838518951,22.51004817414381,0.5423371045292779,0.23974014813424882,False,0.6589401237909657,True,-0.2556986562370277,False
92.08294838518952,22.51004817414381,0.7452700805330866,-0.17045334250742245,False,0.746110988886343,True,-0.08996898032073777,False
92.13294838518952,22.51004817414381,0.795982501206679,-0.23004851526471193,False,0.7844515756841879,True,-0.01714645519475344,False
92.18294838518952,22.51004817414381,0.7776032705923338,0.2802443537981949,False,0.7614662513629197,True,0.010731123505758944,False
92.23294838518952,22.51004817414381,0.6951222699903467,0.30685989110055434,False,0.6953647970362734,True,-0.0708861549932652,False
92.28294838518951,22.51004817414381,0.5316060313348229,0.43415481720250715,False,0.5581067971076028,True,-0.09205523311244124,False
92.33294838518952,22.51004817414381,0.37740808874461157,0.8845441238291032,False,0.3570188604297404,False,-0.15141805584061613,False
92.38294838518952,22.51004817414381,0.37042263277534954,0.2486076787591781,False,0.21481908959546814,False,-0.1133180117533788,False
92.43294838518952,22.51004817414381,0.4035738678122554,-1.8957869287939697,False,0.08514484076150415,False,-0.0404560212798344,False
92.48294838518952,22.51004817414381,0.45739705138432857,-2.553090146076749,False,0.02566304482426378,False,-0.01635329698549884,False
92.53294838518951,22.51004817414381,0.4684844613836637,-2.734119672096339,False,-0.01838659962625104,False,-0.05476486356049248,False
89.03294838518953,22.46004817414381,0.767852302441678,0.2800288505440987,False,1.0908825805876978,True,-0.36240482987733186,False
89.08294838518952,22.46004817414381,0.7794432349445616,0.27599825855714355,False,1.1640256700865192,True,-0.32126999095074116,False
89.13294838518952,22.46004817414381,0.7883900697763765,0.27576710361577383,False,1.3062355600184299,True,-0.21393402206947998,False
89.23294838518952,22.46004817414381,0.755782925696018,0.2884503463107258,False,1.4424307839258121,True,-0.16749750205484437,False
89.28294838518953,22.46004817414381,0.7797679160506139,0.23142797058564724,False,1.338601648012213,True,-0.16597233935354794,False
89.33294838518952,22.46004817414381,0.8083247399537492,0.36259854247261114,False,1.1072896700258752,True,0.10623822527952309,False
89.38294838518952,22.46004817414381,0.8149170669208258,0.6086341190785726,False,0.9274513439187471,True,0.44383443458140226,False
89.43294838518952,22.46004817414381,0.8049052741532774,0.5040099037040191,False,0.9449134266568098,True,0.39156541745709844,False
89.48294838518952,22.46004817414381,0.7886639438320612,0.08667716008565307,False,1.0419909534320113,True,0.2238337938832654,False
89.53294838518953,22.46004817414381,0.7755234833093153,-0.19400489623035533,False,1.136190680026401,True,0.17149614890076975,False
89.58294838518952,22.46004817414381,0.7707377688690242,-0.25466701248718304,False,1.22906752879235,True,0.23454784437585047,False
89.63294838518952,22.46004817414381,0.7700942872629871,-0.32191293244193175,False,1.2995560471610021,True,0.29220324007472104,False
89.68294838518952,22.46004817414381,0.7792039774773984,-0.027894063426131488,False,1.2335879835894028,True,0.15306742308313057,False
89.73294838518952,22.46004817414381,0.7794379127399064,0.1883523984687217,False,1.201928403999255,True,0.014075877382806225,False
89.78294838518953,22.46004817414381,0.7715489113923167,0.3671648961631801,False,1.4248292147110546,True,-0.1721953233651005,False
89.83294838518952,22.46004817414381,0.7390508275857469,0.4967889850046818,False,1.8604980930821582,True,-0.3128042569797046,False
89.88294838518952,22.46004817414381,0.7125079167373429,0.398300598194865,False,2.280081385381324,True,-0.35069390395759203,False
89.93294838518952,22.46004817414381,0.6884400500198165,0.3913174088773467,False,2.389414795164515,True,-0.3489996730109282,False
89.98294838518952,22.46004817414381,0.6342424589600957,0.9022479059207643,False,1.7101278835621905,True,-0.34820549924377897,False
90.03294838518953,22.46004817414381,0.5660450815795894,1.1444319306449189,False,1.0312750783902875,True,-0.4849199397998497,False
90.08294838518952,22.46004817414381,0.503483120969944,0.36595815342999494,False,0.921625639967825,False,-0.6804496749898925,True
90.13294838518952,22.46004817414381,0.4862492596760228,0.3450612743715634,False,1.0034017219873088,False,-0.7400666531434528,True
90.18294838518952,22.46004817414381,0.521192568402152,0.9655743636957279,False,1.1640197405459167,False,-0.6778928135961745,False
90.23294838518952,22.46004817414381,0.6061794478160585,1.429492970828046,False,1.4146692874004634,True,-0.595186048439349,False
90.28294838518951,22.46004817414381,0.6722808963934362,1.4094400354451468,False,1.344439917181588,True,-0.42294460653362786,False
90.33294838518952,22.46004817414381,0.7137610691688855,1.0348334221684898,False,1.431154492598266,True,-0.22322430413470862,False
90.38294838518952,22.46004817414381,0.7704924938104543,0.0702306539252946,False,1.7737861855269768,True,-0.18063318655393762,False
90.43294838518952,22.46004817414381,0.8245527120201348,-1.230829092890081,False,1.9400551158108108,True,-0.4149666302495336,False
90.48294838518952,22.46004817414381,0.8274320974329327,-2.088136893898742,False,1.5910874606304104,True,-0.6536122416898346,True
90.53294838518951,22.46004817414381,0.8424336951378117,-2.2961703126879844,False,1.3385045350939553,True,-0.7444231087473663,True
90.58294838518952,22.46004817414381,0.8544778573108447,-2.63394850764723,True,1.1968427843828842,True,-0.7295524849831624,True
90.68294838518952,22.46004817414381,0.7741944999715075,-2.517536968898045,True,0.9229733930988739,True,-0.442595930433178,True
90.73294838518952,22.46004817414381,0.6599619663994826,-2.096453782705516,True,0.6712736308551929,True,-0.3618879590105876,False
90.78294838518951,22.46004817414381,0.40382197955542887,-0.9773979593660508,False,0.22639643301267073,False,-0.24782345807136483,False
91.48294838518952,22.46004817414381,0.4013810197747044,0.3470156296159643,False,0.14612094684175753,False,0.0020032237595520724,False
91.53294838518951,22.46004817414381,0.5041431974165362,1.8550342222084604,True,0.16846616757315525,False,0.17457926878445368,False
91.73294838518952,22.46004817414381,0.7411311596397544,3.7825869282416384,True,0.37207274959362624,False,-0.38012833837616067,False
91.78294838518951,22.46004817414381,0.7261826208613013,4.032196844643202,True,0.35228212293193195,False,-0.40103389636227615,False
91.83294838518952,22.46004817414381,0.6957009038718692,3.644025315840715,True,0.46946694589257154,True,-0.27932876056745104,False
91.88294838518952,22.46004817414381,0.6448380257251746,2.5943545872840215,True,0.63303934216569,True,-0.1634895841547411,False
91.93294838518952,22.46004817414381,0.4696534092608108,1.4547618481927624,False,0.6730741067925164,True,-0.13451093931340688,False
91.98294838518952,22.46004817414381,0.11346486559664914,0.8830260419931915,False,0.2521284679693978,False,-0.1019757872109069,False
92.03294838518951,22.46004817414381,0.23356839728238132,0.37812386103531714,False,0.4168664882366668,False,-0.142879957436381,False
92.08294838518952,22.46004817414381,0.5974051796227251,-0.2863237033338021,False,0.6328599361977334,True,-0.08916273330557066,False
92.13294838518952,22.46004817414381,0.7230846642008015,-0.757386198427362,False,0.7711412371720928,True,-0.10996310859616848,False
92.18294838518952,22.46004817414381,0.7498178993683912,-0.30334695839914805,False,0.8426585017114552,True,-0.12460518831234789,False
92.23294838518952,22.46004817414381,0.7339853296550596,0.21854838206578514,False,0.8624872634874439,True,-0.16129857592342636,False
92.28294838518951,22.46004817414381,0.6793749601131747,0.7312455688530475,False,0.8027407183843154,True,-0.12650932632092124,False
92.33294838518952,22.46004817414381,0.5896646427799979,1.0968398058571185,False,0.6182457341982716,True,-0.07005860918752782,False
92.38294838518952,22.46004817414381,0.567875087309101,-0.26176937954994,False,0.38105994130162146,False,0.09491766274535055,False
92.43294838518952,22.46004817414381,0.5751351956232743,-3.2160469762120707,False,0.16990060996011774,False,0.2385309598657842,False
92.48294838518952,22.46004817414381,0.5804809175603184,-4.3642068392654725,False,0.033758436505870126,False,0.17380235964717058,False
92.53294838518951,22.46004817414381,0.5614932002658034,-4.528368996711458,False,-0.0393208971103861,False,0.024872062132057622,False
89.03294838518953,22.41004817414381,0.7788384279146052,0.2824766004130517,False,1.017461762639098,True,-0.485089026924779,False
89.08294838518952,22.41004817414381,0.7834500426313121,0.24420990472897464,False,1.1247622327538593,True,-0.41505073556313177,False
89.13294838518952,22.41004817414381,0.7827146466049001,0.23014348746625748,False,1.2135571787584807,True,-0.3679691333314333,False
89.18294838518952,22.41004817414381,0.763358736537262,0.24333943352804022,False,1.315852027127763,True,-0.34822767208550903,False
89.23294838518952,22.41004817414381,0.7718432376485709,0.2963964089877822,False,1.3248844726503104,True,-0.3122392749917151,False
89.28294838518953,22.41004817414381,0.8144517736382071,0.2955847083038565,False,1.217901416391131,True,-0.2908185410621972,False
89.33294838518952,22.41004817414381,0.8364104678995434,0.43893936757525004,False,1.050500168163674,True,-0.08379259594504174,False
89.38294838518952,22.41004817414381,0.8338479362389684,0.663464622881935,False,0.8869020388611417,True,0.1744338020629923,False
89.43294838518952,22.41004817414381,0.8123583503552136,0.6000050952324127,False,0.8800266003141598,True,0.13440919995964587,False
89.48294838518952,22.41004817414381,0.7732176926785637,0.23084178220112295,False,0.9418292816704783,True,-0.023362119808802262,False
89.53294838518953,22.41004817414381,0.7699946531476793,0.12916310985480872,False,1.0043093865614916,True,0.012919532080313267,False
89.58294838518952,22.41004817414381,0.7776585063342025,0.4202343276405607,False,1.0621748873553585,True,0.24712012686144058,False
89.63294838518952,22.41004817414381,0.7874564401143047,0.26431653589374127,False,1.158098726224997,True,0.428940426269285,False
89.68294838518952,22.41004817414381,0.8232988294386449,0.3854416580486606,False,1.129587923163987,True,0.27372197265794734,False
89.73294838518952,22.41004817414381,0.8426647963519478,0.37894533911999995,False,1.2310528043826596,True,0.10962495054191454,False
89.78294838518953,22.41004817414381,0.8334128153105612,0.36015850754702206,False,1.5104027278742924,True,-0.08289949273932475,False
89.83294838518952,22.41004817414381,0.793505081201777,0.29082913204116456,False,2.037560626695135,True,-0.27157408560705604,False
89.88294838518952,22.41004817414381,0.7296462117615142,0.10243918382186844,False,2.519398082874962,True,-0.38837480355598986,False
89.93294838518952,22.41004817414381,0.7226684420752296,0.24618672591292917,False,2.4714949875498347,True,-0.5105265501991332,False
89.98294838518952,22.41004817414381,0.7048721937169657,1.095084545036915,False,1.7408103185188164,True,-0.574722542712229,False
90.03294838518953,22.41004817414381,0.6440205941883937,1.417514925662576,False,0.9942179795785192,False,-0.6687198238537276,True
90.08294838518952,22.41004817414381,0.5558300907260476,-0.023811325912058867,False,0.9602995730569128,False,-0.812332966814394,True
90.13294838518952,22.41004817414381,0.5020286559857793,-1.280611359810098,False,0.9679919423434551,False,-0.7831573315189018,True
90.18294838518952,22.41004817414381,0.546674468421075,-1.349579736129506,False,0.9029161757027278,False,-0.652923412518371,False
90.23294838518952,22.41004817414381,0.6201887823431719,-0.6098131428051815,False,1.106450562048567,True,-0.5762071499630232,False
90.28294838518951,22.41004817414381,0.6575148194396443,-0.4223598918658206,False,1.0722560261576668,True,-0.44347112631734,False
90.33294838518952,22.41004817414381,0.7065847237995082,-0.7925803955194566,False,1.126294065879695,True,-0.2955688641332078,False
90.38294838518952,22.41004817414381,0.7756144090959315,-1.9392963568773962,False,1.326709783246681,True,-0.2947557167469256,False
90.43294838518952,22.41004817414381,0.7739950360615752,-3.08368738835792,False,1.3786037015866426,True,-0.575553172112685,False
90.48294838518952,22.41004817414381,0.7398693275278638,-3.4580838964673264,True,1.172042707957326,True,-0.8787180895029868,True
90.53294838518951,22.41004817414381,0.7906434203373714,-3.4121855729057904,True,1.148416261128656,True,-0.960329546522688,True
90.58294838518952,22.41004817414381,0.840716245715713,-2.6529947284359103,False,1.3550085959693414,True,-0.7701022959000086,True
90.63294838518952,22.41004817414381,0.8456294989180221,-2.5496940312983356,True,1.3696289442512253,True,-0.5276511951696365,True
90.68294838518952,22.41004817414381,0.7839671816715181,-2.758570108870016,True,1.099074359440744,True,-0.42840141837354895,False
90.73294838518952,22.41004817414381,0.6775100239659751,-2.2937500580322383,False,0.6793500983029541,True,-0.3967487803070056,False
90.78294838518951,22.41004817414381,0.5091357055984826,-0.8926300890452336,False,0.1759499254513257,False,-0.35247479017457317,False
90.83294838518952,22.41004817414381,0.3415967087397644,-0.3337975850470781,False,-0.1653318229481311,False,-0.3673953265185125,False
90.98294838518952,22.41004817414381,0.23470890523688584,-0.5317604016636137,False,0.09167815114936809,False,-0.08459231868163902,False
91.03294838518951,22.41004817414381,0.3333135699187691,-0.5548049812909016,False,0.20571510190588108,False,-0.06322131803012747,False
91.48294838518952,22.41004817414381,0.5353491916120474,1.0648747445453588,False,0.32768155566388785,False,0.25743060521749705,False
91.53294838518951,22.41004817414381,0.6422201862761315,2.5450800795307247,True,0.27420581630290497,False,0.2851901816262839,False
91.78294838518951,22.41004817414381,0.7497981941122034,4.197224210657456,True,0.4631397104719015,True,-0.28960535607551074,False
91.83294838518952,22.41004817414381,0.7365555207261171,3.87160833269901,True,0.6479877537728533,True,-0.13286013422059476,False
91.88294838518952,22.41004817414381,0.7118102079632042,3.0156452737044255,True,0.8778668286129434,True,-0.06708599996821721,False
91.93294838518952,22.41004817414381,0.6329391263982562,2.0320810601468753,True,1.0838190587213723,True,-0.13854869178081813,False
91.98294838518952,22.41004817414381,0.4118820836325064,1.1003868445713525,False,0.5805361424563584,False,-0.060898969593120716,False
92.03294838518951,22.41004817414381,0.05925744482271864,0.3637964679860041,False,0.22442603495883875,False,0.05864723050673286,False
92.08294838518952,22.41004817414381,0.3553348452781631,-0.22247512796624447,False,0.38688869954651256,False,-7.281834902993917e-05,False
92.13294838518952,22.41004817414381,0.5479577839344221,-1.310083098473205,False,0.6263108094693687,True,-0.11509982779196744,False
92.18294838518952,22.41004817414381,0.6465140972903165,-1.0567742969660356,False,0.7893557011200074,True,-0.13900854468771487,False
92.23294838518952,22.41004817414381,0.7039845151965161,-0.16779641469571835,False,0.92919984644826,True,-0.10206002567137606,False
92.28294838518951,22.41004817414381,0.7073700788418882,0.9055795515669147,False,0.9303630419145454,True,-0.04122579721239296,False
92.33294838518952,22.41004817414381,0.683354123126703,1.512422541456933,False,0.6926149467876387,True,0.12991030725200578,False
92.38294838518952,22.41004817414381,0.6977527492015789,-0.44814410518247316,False,0.49313398000081377,True,0.40578151423785,False
92.43294838518952,22.41004817414381,0.6957206369100193,-4.396090835352411,False,0.23687480391024768,False,0.610297266301334,False
92.48294838518952,22.41004817414381,0.6560368464702778,-6.110512181956764,True,0.025052804606083535,False,0.4613040441813133,False
92.53294838518951,22.41004817414381,0.6038406052159653,-6.770356837145632,True,-0.1152583322600354,False,0.21605397973896254,False
89.03294838518953,22.360048174143813,0.7892996509390999,0.3471168460793965,False,0.891455701347028,True,-0.6020425114683653,True
89.08294838518952,22.360048174143813,0.7878056419465544,0.3018182157660307,False,0.9919855550173167,True,-0.5422944219742298,False
89.13294838518952,22.360048174143813,0.7760465453636992,0.1869319287124969,False,1.1820464669511292,True,-0.5016829556535635,False
89.18294838518952,22.360048174143813,0.7758306510765781,0.13633273482386868,False,1.2851827314280635,True,-0.4983103881423241,False
89.28294838518953,22.360048174143813,0.840649985138206,0.20965761526522633,False,1.1837696364981056,True,-0.4693590754022618,False
89.33294838518952,22.360048174143813,0.8499519727332128,0.13102129093452347,False,1.1077488693693178,True,-0.3957742150272996,False
89.38294838518952,22.360048174143813,0.8354497296154775,0.3407362293452068,False,0.9537725683192667,True,-0.19529346680373605,False
89.43294838518952,22.360048174143813,0.7895079525103845,0.6120875933906189,False,0.7999487743769615,True,-0.055578825792382325,False
89.48294838518952,22.360048174143813,0.6411768894144857,0.2991561957526511,False,0.7328560675212791,True,-0.2299507342280454,False
89.53294838518953,22.360048174143813,0.6623684889267094,0.3261669644879264,False,0.7799896478983743,True,-0.2982881873518048,False
89.58294838518952,22.360048174143813,0.7159885451477125,1.102638251826174,False,0.8398527400525349,True,0.0006605035759225109,False
89.63294838518952,22.360048174143813,0.7743090257743471,1.1645821029043488,False,0.9374926073893823,True,0.27989713893506285,False
89.68294838518952,22.360048174143813,0.8372126084395604,0.9363405275101755,False,1.0502240486711474,True,0.3660284153168709,False
89.73294838518952,22.360048174143813,0.8656345749055062,0.6402222959527892,False,1.220854559046522,True,0.2982205108656544,False
89.78294838518953,22.360048174143813,0.8690271437462149,0.38924571028196575,False,1.5043194193295424,True,0.10765648636270347,False
89.83294838518952,22.360048174143813,0.8468721006512977,0.03065609016450911,False,1.9696869129005536,True,-0.14142054512752128,False
89.88294838518952,22.360048174143813,0.7919129934722737,-0.3048436233373339,False,2.475590592608824,True,-0.3824506889582407,False
89.93294838518952,22.360048174143813,0.7583127569642154,0.21742486071842665,False,2.1345296498334556,True,-0.6220962933301041,True
89.98294838518952,22.360048174143813,0.7620420283811783,1.4182591344586795,False,1.6211869051035057,False,-0.7155774101752687,False
90.03294838518953,22.360048174143813,0.7164427342690591,1.5193385595560027,False,1.086234944563627,False,-0.8257783468424927,True
90.08294838518952,22.360048174143813,0.621567287047415,-0.13573491769673485,False,1.0079234283690452,False,-0.9119073760526297,True
90.13294838518952,22.360048174143813,0.5344113604942743,-2.258806913326155,False,0.7600331877433253,False,-0.6755958693396527,False
90.18294838518952,22.360048174143813,0.5592995917711214,-2.793996956577505,False,0.7195927668731072,False,-0.47493257545790635,False
90.23294838518952,22.360048174143813,0.5943631264413605,-2.580403549146461,False,0.8174391643105557,False,-0.4086712607637815,False
90.28294838518951,22.360048174143813,0.6010176740639936,-2.6992191594778867,False,0.7559787854185451,False,-0.34016861931910103,False
90.33294838518952,22.360048174143813,0.6530714561612692,-3.5965347167702637,False,0.7236059664671757,False,-0.2651002914049099,False
90.38294838518952,22.360048174143813,0.7183057137250003,-4.777588093282544,True,0.8084691534157271,False,-0.26745865868606505,False
90.43294838518952,22.360048174143813,0.6574135208334158,-5.4589917665518275,True,0.6765089455656387,False,-0.44879061305820256,False
90.48294838518952,22.360048174143813,0.607624766714723,-4.736268328335909,True,0.8565437999537608,True,-0.7313494618777427,True
90.53294838518951,22.360048174143813,0.724843129134119,-3.501919593724721,True,1.1743472796105874,True,-0.8665131714063488,True
90.58294838518952,22.360048174143813,0.8027265397512573,-1.5902947278880664,False,1.5718031557806025,True,-0.5732800447511321,False
90.68294838518952,22.360048174143813,0.763363106814084,-2.4742384583016457,False,1.199047989768716,True,-0.3982899700195859,False
90.73294838518952,22.360048174143813,0.6663095428369713,-2.07612065568111,False,0.6209535689199709,True,-0.38955476810341383,False
90.78294838518951,22.360048174143813,0.526594774582753,-0.813476266373073,False,0.06150223915908018,False,-0.41513316108262094,False
90.83294838518952,22.360048174143813,0.39092563492065224,-0.47659135981630135,False,-0.2406790718887232,False,-0.44455463021729047,False
91.03294838518951,22.360048174143813,0.2545982068405842,-0.6755986024716016,False,0.03993377751652483,False,-0.07372213210382969,False
91.08294838518952,22.360048174143813,0.29456125978090825,-0.6344237479998593,False,0.13467347164899754,False,-0.03253086848210386,False
91.78294838518951,22.360048174143813,0.7564708317786284,4.045999813848425,True,0.59968066239518,True,-0.1140191147360698,False
91.83294838518952,22.360048174143813,0.7501204871344233,3.6460660624395995,True,0.8085693112547669,True,0.011981031809887327,False
91.88294838518952,22.360048174143813,0.7390505188153849,3.005204774950866,True,1.084931436829291,True,0.016991875868802853,False
91.93294838518952,22.360048174143813,0.6999995812926877,2.340360147791344,True,1.1053489115788482,True,-0.11741759578059252,False
91.98294838518952,22.360048174143813,0.5254317229760654,1.3423235036676882,False,0.6849122852935093,False,0.001502326856692049,False
92.03294838518951,22.360048174143813,0.18889225455069683,0.11713364615999455,False,0.24278710036631107,False,0.2176359464152534,False
92.08294838518952,22.360048174143813,0.22851003694002042,-0.28396850214294594,False,0.24440630388801396,False,0.13768873798809358,False
92.13294838518952,22.360048174143813,0.28145623070627607,-0.8226488168114399,False,0.31951172741042627,False,0.010598048785671915,False
92.18294838518952,22.360048174143813,0.37479742743510847,-0.6282448928096405,False,0.3720922466486293,False,-0.06440532201861324,False
92.23294838518952,22.360048174143813,0.5307907607398683,0.9389833470086393,False,0.458672802059497,False,0.06179354835354884,False
92.28294838518951,22.360048174143813,0.609598095438814,2.8124077334447195,False,0.4829504445112172,False,0.1820593270818496,False
92.33294838518952,22.360048174143813,0.6545949514725737,3.5180190062641437,False,0.339467101860269,False,0.3549688430728162,False
92.38294838518952,22.360048174143813,0.741302454782718,1.3613736761035329,False,0.2494882126930109,False,0.6596489160899217,False
92.43294838518952,22.360048174143813,0.7455385368579625,-3.518023879165348,False,0.17555461968527114,False,0.8932833366881853,True
92.48294838518952,22.360048174143813,0.6985504367440166,-6.980290360082649,True,0.005024552121869794,False,0.7984436276321837,True
92.53294838518951,22.360048174143813,0.6420967105924302,-8.362317648680786,True,-0.15807848332545454,False,0.5509867326978497,False
89.03294838518953,22.310048174143816,0.825649237094047,0.5212479408974385,False,0.733914249425113,True,-0.5605529492531326,False
89.08294838518952,22.310048174143816,0.8251631616442663,0.5233041640271603,False,0.7775675176687018,True,-0.49946283530396035,False
89.13294838518952,22.310048174143816,0.8207272579864064,0.45876648918802143,False,0.8878257074214926,True,-0.48801157801975387,False
89.18294838518952,22.310048174143816,0.8315117280719823,0.37545418394869023,False,0.9828098593469775,True,-0.4611721827299052,False
89.28294838518953,22.310048174143816,0.8544267624690455,0.24298556374620656,False,1.067079412825372,True,-0.4718174222394677,False
89.33294838518952,22.310048174143816,0.8453160915595797,0.030810778912340908,False,1.047150833876524,True,-0.41629034219405325,False
89.38294838518952,22.310048174143816,0.8188396259669463,-0.08078495953596226,False,1.042853247789878,True,-0.4598197097999907,False
89.43294838518952,22.310048174143816,0.747877534271583,0.3715637105182479,False,0.817359379558199,True,-0.3467879153648087,False
89.48294838518952,22.310048174143816,0.4203367272842416,0.45560476270841715,False,0.4941421906792881,True,-0.3525091100129007,False
89.53294838518953,22.310048174143816,0.3604882867408554,0.6064433776915101,False,0.390052819155794,True,-0.4539282613998154,False
89.58294838518952,22.310048174143816,0.515694834218085,1.251868744866306,False,0.4831455697196193,True,-0.3003087714933894,False
89.63294838518952,22.310048174143816,0.6678144822734974,1.7268242869365507,True,0.7067695966253209,True,0.08626220494098857,False
89.68294838518952,22.310048174143816,0.8111904860445013,1.7477022172337655,True,0.9467478603129111,True,0.4852717459582561,False
89.73294838518952,22.310048174143816,0.869513608262311,1.347322007861159,True,1.1421164216098596,True,0.5651873160522891,False
89.78294838518953,22.310048174143816,0.8885009976439949,0.7179778021436596,False,1.4153400835483507,True,0.3879973943664585,False
89.83294838518952,22.310048174143816,0.8859556476357551,0.08165435118897071,False,1.8154736503896927,True,-0.006535728878582725,False
89.88294838518952,22.310048174143816,0.8640170182617349,-0.5242112873283666,False,2.270601544591307,True,-0.37536965667327793,False
89.93294838518952,22.310048174143816,0.8178658539561465,0.22434027749551677,False,2.095325193598364,True,-0.5251058649513471,False
89.98294838518952,22.310048174143816,0.7733724700029962,1.7604628887443012,False,1.460428337426725,False,-0.6373336481933529,False
90.03294838518953,22.310048174143816,0.737072680193429,1.6316283226165176,False,1.6284831418145629,False,-0.7030360768970554,False
90.08294838518952,22.310048174143816,0.6433046429856427,0.4890374272246858,False,1.3694524734671834,False,-0.9480112768935327,True
90.13294838518952,22.310048174143816,0.542922447757396,-0.9580948002603472,False,1.1509460067420525,False,-0.7548807968514724,False
90.18294838518952,22.310048174143816,0.5257884651590155,-1.6808758407990754,False,1.0269822865210956,False,-0.4319572894102631,False
90.23294838518952,22.310048174143816,0.5257805982720777,-1.620901243597912,False,1.03144568353662,True,-0.3346507736662289,False
90.28294838518951,22.310048174143816,0.5009711342325218,-2.020531884630461,False,0.8587827742762537,True,-0.24350807175876543,False
90.33294838518952,22.310048174143816,0.5473135328240695,-3.280175583688438,False,0.8402155673740874,False,-0.16098317413635171,False
90.38294838518952,22.310048174143816,0.5793232881798981,-5.080085397250446,True,0.9123411397946156,False,-0.0984573925822626,False
90.43294838518952,22.310048174143816,0.5530846326448381,-5.679898064111693,True,0.6500810278579456,False,-0.061078958978535706,False
90.48294838518952,22.310048174143816,0.597666078956295,-4.488385857633117,False,0.8547283725159205,True,-0.13872584247578876,False
90.53294838518951,22.310048174143816,0.6992839653005104,-1.9737235528658963,False,1.3464464397860643,True,-0.44470693300014347,False
90.58294838518952,22.310048174143816,0.7595700359577215,-0.21766156642928228,False,1.7376441688201618,True,-0.406520710045988,False
90.68294838518952,22.310048174143816,0.69622170544147,-1.4786731999725202,False,1.190074476309456,True,-0.41881892708127566,False
90.73294838518952,22.310048174143816,0.6097399388641893,-1.6552229503558364,False,0.47730781690304414,False,-0.35860092214349687,False
90.78294838518951,22.310048174143816,0.47978569077679045,-1.0525190923957937,False,-0.12237552758388207,False,-0.3841199881219065,False
91.08294838518952,22.310048174143816,0.2505984789516736,-0.7755605871057979,False,0.16728737388964537,False,0.10708506261633621,False
91.13294838518952,22.310048174143816,0.2655853614439384,-0.6813802590775324,False,0.1749130736655055,False,0.05530344697446739,False
91.78294838518951,22.310048174143816,0.768794476417192,3.804795266801656,True,0.699367524073371,True,0.03016568486996407,False
91.83294838518952,22.310048174143816,0.7662815709350014,3.411273062120005,True,0.844270762187898,True,0.07401450954015898,False
91.88294838518952,22.310048174143816,0.7557715235243252,3.0374794635234106,True,0.9207386484091915,True,0.08056735126567993,False
91.93294838518952,22.310048174143816,0.7182969424674704,2.615205158593662,True,0.6694046583917,False,0.1280982481435045,False
91.98294838518952,22.310048174143816,0.5430142480954595,1.623640010753729,False,0.4555560625225127,False,0.2355491822797916,False
92.03294838518951,22.310048174143816,0.3470047084458207,0.15919915281080932,False,0.3330934674264393,False,0.3309717160746319,False
92.08294838518952,22.310048174143816,0.3256556078740972,0.0996894431854709,False,0.25294353195390695,False,0.28885260417216446,False
92.13294838518952,22.310048174143816,0.21395904333285845,-0.6997959089763557,False,0.24259171651008768,False,0.15436410666454634,False
92.18294838518952,22.310048174143816,0.06007385584566614,-1.1203340062553422,False,0.19158509884278246,False,-0.07920226035412313,False
92.23294838518952,22.310048174143816,0.13299638113113985,0.3139003589228719,False,0.11262502462569943,False,-0.07090737041656943,False
92.28294838518951,22.310048174143816,0.32564030933405286,2.679059337365337,False,0.16934819046593144,False,0.16296195813034062,False
92.33294838518952,22.310048174143816,0.5893767978840024,4.624798448225007,True,0.015180392434283603,False,0.45806307896942444,False
92.38294838518952,22.310048174143816,0.761109404031789,3.7020171691919943,False,0.06511441621527045,False,0.8059887593988964,True
92.43294838518952,22.310048174143816,0.7695896817063361,-0.7210391810023722,False,0.1399195246504697,False,1.0127964766186224,True
92.48294838518952,22.310048174143816,0.7262702216484852,-5.29398884022179,True,0.038921827797816305,False,0.9409829170741906,True
92.53294838518951,22.310048174143816,0.6725179021945381,-7.6757534841358455,True,-0.10060436003130258,False,0.7367997927474927,True
92.58294838518952,22.310048174143816,0.6321013940992718,-8.470767988796801,True,-0.20415462585437386,False,0.5522069577368918,False
89.03294838518953,22.26004817414381,0.8650001693312931,0.731760847617504,False,0.5908281367115055,True,-0.38284621809537306,False
89.08294838518952,22.26004817414381,0.8679421103798767,0.7511422671830399,False,0.5971530053513111,True,-0.2989337577444822,False
89.13294838518952,22.26004817414381,0.8676546616282768,0.7345906465460725,False,0.6426710741032735,True,-0.26715446431885526,False
89.18294838518952,22.26004817414381,0.8692770210025345,0.687694727673934,False,0.6626307519551053,True,-0.16677501381950494,False
89.23294838518952,22.26004817414381,0.8674028004160204,0.639490092512988,False,0.6695994083543231,True,-0.053021440284931054,False
89.33294838518952,22.26004817414381,0.8267080743098253,0.22978785568150617,False,0.7626043641373835,True,-0.1278963854365208,False
89.38294838518952,22.26004817414381,0.7832312880642587,0.0403024165446883,False,0.8536769555665913,True,-0.3361154542350641,False
89.43294838518952,22.26004817414381,0.6895573949817849,0.0932154245270512,False,0.8185297602203412,True,-0.514282937945743,False
89.48294838518952,22.26004817414381,0.4261082382923392,0.6030226066861035,False,0.3074420933761479,False,-0.4089767363439065,False
89.53294838518953,22.26004817414381,0.16433315406897728,0.5517187590353997,False,-0.24902624780702518,False,-0.26688210259824957,False
89.58294838518952,22.26004817414381,0.15874240172450532,0.6874104202312221,False,0.014312967753032715,False,-0.31440422687749425,False
89.63294838518952,22.26004817414381,0.3167086272847354,1.4062913332241789,False,0.3858590732262173,True,-0.1987777337027805,False
89.68294838518952,22.26004817414381,0.7202708456864858,2.2847405224936663,True,0.7445596674816336,True,0.09011859391189492,False
89.73294838518952,22.26004817414381,0.8507973773015479,2.453276567573889,True,0.9747583502079946,True,0.2379890989629873,False
89.78294838518953,22.26004817414381,0.8943146290317551,2.135216949754833,True,1.1968883393337468,True,0.12870677903332295,False
89.83294838518952,22.26004817414381,0.910723881550693,1.681368396606244,False,1.494521608583911,True,-0.2715539402134495,False
89.88294838518952,22.26004817414381,0.909071452570709,0.6477615788882078,False,1.8979787490504023,True,-0.5430337506176057,False
89.93294838518952,22.26004817414381,0.8783148435488674,0.9440657498938938,False,1.9341491740703765,True,-0.3594721715861068,False
89.98294838518952,22.26004817414381,0.7982866305845233,1.6731693644096801,False,1.720843624605886,True,-0.28333486842610084,False
90.03294838518953,22.26004817414381,0.6924806525650817,1.4325305859160897,False,1.9185865101504609,True,-0.3791682716172892,False
90.08294838518952,22.26004817414381,0.6039542344624005,1.0457479954410123,False,1.698301549833671,True,-0.8335693513020206,False
90.13294838518952,22.26004817414381,0.4405085937039604,0.16581994711141484,False,1.468794082990975,True,-0.7926093597164698,False
90.18294838518952,22.26004817414381,0.41213333820185066,-0.33895637421815517,False,1.3296555732350037,True,-0.5251514343680774,False
90.23294838518952,22.26004817414381,0.4274609099470875,-0.34796400352901086,False,1.2077469569018786,True,-0.4026649720484148,False
90.28294838518951,22.26004817414381,0.42066712235071363,-1.0963204942779712,False,0.993827103344014,True,-0.2440751125320756,False
90.33294838518952,22.26004817414381,0.4571533263851816,-2.6233948710026516,False,1.073593680033466,True,-0.1108423940219676,False
90.38294838518952,22.26004817414381,0.4858339095289723,-3.992085335073318,True,0.9576082993127086,True,0.07369173348680916,False
90.43294838518952,22.26004817414381,0.5597457879606275,-4.0161172953039195,True,0.7710665169537032,True,0.2911840554989007,False
90.48294838518952,22.26004817414381,0.6136462182556476,-2.4924019880155184,False,0.9394816796685057,True,0.32452610842076846,False
90.53294838518951,22.26004817414381,0.6729909311733286,-0.34888931865046424,False,1.422213213598647,True,-0.052896665693332234,False
90.58294838518952,22.26004817414381,0.7067828312918298,0.7466476899373603,False,1.7954138491491634,True,-0.2344492918256362,False
90.68294838518952,22.26004817414381,0.5882725136339744,-0.3446591994876337,False,0.98521900070294,True,-0.408635428554222,False
90.73294838518952,22.26004817414381,0.5181539495905361,-0.8943009794452831,False,0.2785865511318291,False,-0.32112398127646247,False
90.78294838518951,22.26004817414381,0.3860165111981825,-1.1767809089779062,False,-0.14698715446196572,False,-0.3339097200458816,False
90.83294838518952,22.26004817414381,0.29047565110332174,-1.2725671010126063,False,-0.12182264635727337,False,-0.379589637890822,False
90.98294838518952,22.26004817414381,0.22848753855656845,-1.0657865353242344,False,0.16961678086477827,False,0.24585734303614218,False
91.08294838518952,22.26004817414381,0.2338412250899118,-1.089218556790327,False,0.30837505715544755,False,0.39569715680779183,False
91.13294838518952,22.26004817414381,0.24231067315049282,-0.8455406785724425,False,0.25207296709279403,False,0.22836795442018834,False
91.18294838518952,22.26004817414381,0.24679200624609757,-0.6836377559064267,False,0.22247688680252128,False,0.11342243219104942,False
91.78294838518951,22.26004817414381,0.7890084634230922,3.5899269025178766,True,0.69535184261903,True,0.14488419858721968,False
91.83294838518952,22.26004817414381,0.7861986245357987,3.363579604586563,True,0.662527169936175,False,0.23008981053183292,False
91.88294838518952,22.26004817414381,0.7723590391051003,3.2719535633280037,True,0.32835159800597624,False,0.41562491265488444,False
91.93294838518952,22.26004817414381,0.7050307357584982,2.9110022187127984,True,0.1693619846932608,False,0.4723449795412445,False
91.98294838518952,22.26004817414381,0.4813426911230384,1.4823754813584766,False,0.3243785093918367,False,0.4485433231492666,False
92.03294838518951,22.26004817414381,0.4542936298777203,1.0386230965021472,False,0.2947404387858471,False,0.4719057863615128,False
92.08294838518952,22.26004817414381,0.42904361026653437,0.6518566730528477,False,0.2350646378069467,False,0.4551998119607976,False
92.13294838518952,22.26004817414381,0.3382453285935072,0.03288920033617676,False,0.18052978549622714,False,0.33928672824031875,False
92.18294838518952,22.26004817414381,0.14907906095327422,-1.0114194447760365,False,0.19755594740636828,False,0.07881987022306483,False
92.23294838518952,22.26004817414381,-0.12351196543214525,-1.2380519947246227,False,0.1659718855082153,False,-0.1388712525431024,False
92.28294838518951,22.26004817414381,0.15292279440527035,1.719858338383772,False,0.05628178242357747,False,0.032789059548853736,False
92.33294838518952,22.26004817414381,0.6423774583118477,5.028889721817674,True,-0.18515723854980856,False,0.4712344100807968,False
92.38294838518952,22.26004817414381,0.7802166820643733,5.407096114955053,True,-0.03544058232666192,False,0.8533601523692802,True
92.43294838518952,22.26004817414381,0.7862281842294414,1.9873859747222524,False,0.18599735409144846,False,1.1416283430534262,True
92.48294838518952,22.26004817414381,0.7485697767667665,-3.014793846008496,False,0.12033309204784493,False,1.0446166403316015,True
92.53294838518951,22.26004817414381,0.6938942103710126,-6.151127032686944,True,-0.030324356752256282,False,0.8030754147683926,True
92.58294838518952,22.26004817414381,0.6461621255399553,-7.3217422420700755,True,-0.12982911364982494,False,0.6355126340094279,False
89.08294838518952,22.21004817414381,0.8895989611324178,0.8143356259453641,False,0.4991795062187578,True,-0.1038368572752355,False
89.13294838518952,22.21004817414381,0.8861046142812503,0.7760325028682455,False,0.4934746630822424,True,0.031122063694458663,False
89.18294838518952,22.21004817414381,0.8698735733488837,0.7604562613879907,False,0.4892615894933531,True,0.17752517681318258,False
89.23294838518952,22.21004817414381,0.847297145301432,0.7168313556162754,False,0.4568841251303391,True,0.3060882048738073,False
89.28294838518953,22.21004817414381,0.805396673457473,0.6015595675625924,False,0.43675635990297457,True,0.3069400602081836,False
89.33294838518952,22.21004817414381,0.7726935610940294,0.40618110988924505,False,0.46937761273202583,True,0.17748126941888226,False
89.38294838518952,22.21004817414381,0.7414570400045134,0.4333756606923601,False,0.5523395266165846,True,-0.044232075147613265,False
89.43294838518952,22.21004817414381,0.6341884656975827,0.48681629717609176,False,0.5592119019259655,False,-0.3216874990519452,False
89.48294838518952,22.21004817414381,0.46988380627095827,0.7599931589824042,False,0.027593940580859663,False,-0.34056110269209783,False
89.53294838518953,22.21004817414381,0.3572686085673832,0.3541083152330349,False,-0.8159243298548203,False,-0.10342989929878554,False
89.58294838518952,22.21004817414381,0.34779167174660486,0.25154313089725955,False,-0.5160013882575775,False,-0.10429070676569263,False
89.63294838518952,22.21004817414381,-0.05881610400860026,0.8415950269720832,False,0.02716670232025052,False,-0.14523362263537087,False
89.68294838518952,22.21004817414381,0.4903516799719414,2.304667027970818,True,0.5551256662260844,True,-0.2926065607603388,False
89.73294838518952,22.21004817414381,0.789901448201993,3.064443595561362,True,0.8841639372547101,True,-0.40472739036492134,False
89.78294838518953,22.21004817414381,0.8877071137297521,3.388056343479551,True,1.1274536538528286,True,-0.5756859294661609,False
89.83294838518952,22.21004817414381,0.9241309736868735,3.147970147972707,True,1.334677306188949,True,-0.7717598883538926,True
89.88294838518952,22.21004817414381,0.9297880272498502,2.316518626927359,False,1.5334422539900987,True,-0.7187370676300768,True
89.93294838518952,22.21004817414381,0.9088694312790814,2.0497914436517295,False,1.609987456210017,True,-0.3199806122927662,False
89.98294838518952,22.21004817414381,0.8252325892971335,1.8433798265543944,False,1.7229962259606757,True,-0.02565805351816819,False
90.03294838518953,22.21004817414381,0.6559791172639333,1.560649435926213,False,2.006855113069113,True,-0.0029094988548304945,False
90.08294838518952,22.21004817414381,0.501545460447214,1.3164753053249554,False,1.5183521331278889,False,-0.42695825717154434,False
90.13294838518952,22.21004817414381,0.3502011372091659,0.739908399911898,False,1.3401654696572707,False,-0.5975290431463091,False
90.18294838518952,22.21004817414381,0.3833594262978589,0.735718546348405,False,1.5441579089701887,True,-0.6432951071103991,False
90.23294838518952,22.21004817414381,0.41389137176820545,0.7777113095950267,False,1.3610154402795447,True,-0.5057087051355067,False
90.28294838518951,22.21004817414381,0.42337317819251225,-0.3425621729926922,False,1.2125738909605155,True,-0.30255485263066056,False
90.33294838518952,22.21004817414381,0.48598091206156413,-2.0503113763501117,False,1.3200461567842834,True,-0.16148500930095144,False
90.38294838518952,22.21004817414381,0.510126979601396,-2.5222223198602056,False,1.0861679305522465,True,0.06731419350164336,False
90.43294838518952,22.21004817414381,0.5542485935289602,-2.5560504424920576,False,0.9172403487529123,True,0.3348018581871063,False
90.48294838518952,22.21004817414381,0.5886159127146612,-1.1149053705264798,False,1.083987819607232,True,0.3048568109116041,False
90.53294838518951,22.21004817414381,0.6202699180339406,0.3123160933850761,False,1.4378436002216877,True,0.02817053692462712,False
90.58294838518952,22.21004817414381,0.6373449928917413,0.9842746514547973,False,1.7729219002404397,True,-0.1681989199696793,False
90.63294838518952,22.21004817414381,0.5953290274946973,0.48150260453916094,False,1.5551649717766707,True,-0.28615775504763485,False
90.68294838518952,22.21004817414381,0.5174184316235962,0.07083685193515281,False,0.6889883203310387,True,-0.2828782524808513,False
90.73294838518952,22.21004817414381,0.4125265917665559,-0.11923341604607915,False,0.13627969404691753,False,-0.2816625348256689,False
90.78294838518951,22.21004817414381,0.3056793547203623,-1.0343616314945006,False,-0.013883729625520331,False,-0.296480400727914,False
90.98294838518952,22.21004817414381,0.22970468759208812,-1.1652092798104323,False,0.23748165093497994,False,0.3483883187324189,False
91.08294838518952,22.21004817414381,0.23162623301169474,-1.2797923469579182,False,0.3821969970803009,False,0.5539326837103838,False
91.13294838518952,22.21004817414381,0.23512314891056135,-1.2486118303319402,False,0.40795538759696126,False,0.5647430382675633,False
91.83294838518952,22.21004817414381,0.8006550971028205,3.5735740599422012,True,0.19377926447949845,False,0.5238059669302025,False
91.88294838518952,22.21004817414381,0.7615089441556191,3.3249455582862093,True,0.06244275710977987,False,0.6150121998821672,False
91.93294838518952,22.21004817414381,0.5885515850152971,2.392405296916438,True,0.16401402073983284,False,0.49276313719747566,False
91.98294838518952,22.21004817414381,0.42064584047586717,1.4224570033927009,False,0.2189345824791101,False,0.5012105164991513,False
92.03294838518951,22.21004817414381,0.4653879722148267,1.1645815757323896,False,0.21138803906245263,False,0.5723304092864865,False
92.08294838518952,22.21004817414381,0.49510224828339583,0.40990312126872186,False,0.22765300626658436,False,0.5936639939360155,False
92.13294838518952,22.21004817414381,0.4931045335901279,-0.3314953432529039,False,0.2576353676394357,False,0.5112863576252791,False
92.18294838518952,22.21004817414381,0.4367129161012079,-1.0318110646843492,False,0.30751795128353854,False,0.28328871887718954,False
92.23294838518952,22.21004817414381,0.2825184911403137,-1.5110043703067655,False,0.3318151855753949,False,0.0373088339091002,False
92.28294838518951,22.21004817414381,0.41959733646853403,0.9366340776348465,False,0.2819062108118048,False,0.06724795729351936,False
92.33294838518952,22.21004817414381,0.7223775948946595,5.074679146124115,True,-0.25697317283382987,False,0.5123421688195664,False
92.38294838518952,22.21004817414381,0.798075143634931,6.243653647711249,True,-0.20094484187149927,False,0.7293589734635026,False
92.43294838518952,22.21004817414381,0.7976286425956172,3.6764055806198175,False,0.20851305018283844,False,1.1823088106279054,True
92.48294838518952,22.21004817414381,0.7599543018437983,-1.6936825662150206,False,0.18791657053604602,False,1.0840118624148436,True
92.53294838518951,22.21004817414381,0.7126671327975838,-4.654140232547892,True,0.06507047804519248,False,0.8829010436437696,True
92.58294838518952,22.21004817414381,0.6539200793783978,-6.228218820245835,True,-0.04177103819630734,False,0.7050108146473497,False
89.08294838518952,22.16004817414381,0.8882244881450585,0.8124358046455149,False,0.4349051841761256,True,-0.01209323106915641,False
89.13294838518952,22.16004817414381,0.8747664331581066,0.7435774988958737,False,0.4207603612690058,True,0.11388740855359314,False
89.18294838518952,22.16004817414381,0.8306332480152706,0.7249833011893408,False,0.3986107882872966,True,0.2789133696133274,False
89.23294838518952,22.16004817414381,0.7719434806358786,0.576917062570144,False,0.3587421960398943,True,0.3452403406476483,False
89.28294838518953,22.16004817414381,0.6838140295954669,0.41128565368093384,False,0.2876070518100467,False,0.3646431597915194,False
89.33294838518952,22.16004817414381,0.6912017510019614,0.48207173235191825,False,0.27754526505858157,False,0.31029758869746676,False
89.38294838518952,22.16004817414381,0.7083615812603263,0.9276760552861882,False,0.29808743045013564,False,0.17712275334394728,False
89.43294838518952,22.16004817414381,0.6495352924995842,1.1386747348060575,False,0.19342316531479684,False,-0.059836389681919955,False
89.53294838518953,22.16004817414381,0.5583040403062501,0.3521502060938295,False,-1.0259811223032482,False,-0.08010914796310864,False
89.58294838518952,22.16004817414381,0.5896899924474434,0.29582568476734616,False,-0.8496861816630001,False,-0.001441104484965483,False
89.63294838518952,22.16004817414381,0.39922414866951295,0.8009227541278414,False,-0.34001069290885066,False,-0.01868294412540905,False
89.68294838518952,22.16004817414381,0.001604618814844496,1.4627451095322384,False,0.20887104173777377,False,-0.12772289125010436,False
89.73294838518952,22.16004817414381,0.5952017362073162,2.0031123671831343,False,0.6762753420278739,True,-0.3021785357075222,False
89.78294838518953,22.16004817414381,0.8833401485086877,3.1615220375133166,True,1.0772048999472628,True,-0.606786032095732,False
89.83294838518952,22.16004817414381,0.9334400548840952,3.412596907376123,True,1.195776011998789,True,-0.6601114175480431,False
89.88294838518952,22.16004817414381,0.9415750099600603,3.1145767408644454,True,1.2400119611062987,True,-0.44839941487811363,False
89.93294838518952,22.16004817414381,0.925327986891323,2.62557631369537,True,1.3218124689835011,True,-0.10681845366419057,False
89.98294838518952,22.16004817414381,0.8543935252737472,2.155514216521234,True,1.509465481234773,True,0.2012640090726314,False
90.03294838518953,22.16004817414381,0.640658368800615,1.8130627971101312,False,2.015312325782186,True,0.28145136683620725,False
90.08294838518952,22.16004817414381,0.4505538688638766,1.3746398623354958,False,1.676071313863548,False,-0.008853812126535354,False
90.13294838518952,22.16004817414381,0.4188154501007578,0.7987555893494919,False,1.5176659066279923,True,-0.35551736475393814,False
90.18294838518952,22.16004817414381,0.460380348682046,0.8004685585437317,False,1.6034343775079694,True,-0.47041090830036747,False
90.23294838518952,22.16004817414381,0.46634027544249557,1.248986051464293,False,1.4938771753198683,True,-0.4421748011036062,False
90.28294838518951,22.16004817414381,0.5229020877005889,-0.19176755609240514,False,1.6082770236426633,True,-0.3444765240461789,False
90.33294838518952,22.16004817414381,0.5635776780532593,-1.6619329662885303,False,1.6494084735882395,True,-0.2812805065218067,False
90.38294838518952,22.16004817414381,0.5551063262174961,-1.7874057794114124,False,1.3377697321847764,True,-0.11515659730765004,False
90.43294838518952,22.16004817414381,0.5255074316980114,-1.4642979870820567,False,1.1352217650075045,True,-0.016888896802975367,False
90.48294838518952,22.16004817414381,0.5113658530670139,-0.7583130540624209,False,1.1984718691247918,True,-0.04923691584363993,False
90.58294838518952,22.16004817414381,0.5533001556380639,0.15789611960274902,False,1.7091323093509705,True,-0.18340955990208627,False
90.63294838518952,22.16004817414381,0.5363556077264096,-0.07124714823039552,False,1.2245349480913044,True,-0.22917979974949448,False
90.68294838518952,22.16004817414381,0.4999440431394937,-0.09815512782392949,False,0.6612937226911464,True,-0.24694643371374445,False
90.73294838518952,22.16004817414381,0.4128578802252919,-0.19046568457243307,False,0.271879971225329,False,-0.2617544477559368,False
90.78294838518951,22.16004817414381,0.3302021307184638,-1.093524482725444,False,0.16358024496334972,False,-0.2568197288023088,False
90.93294838518952,22.16004817414381,0.22371072417519763,-1.2549971297079487,False,0.2212510769393161,False,0.33852368717315434,False
91.08294838518952,22.16004817414381,0.23258158058365216,-1.4810964785828498,False,0.45678660102996294,False,0.7142863400744088,False
91.13294838518952,22.16004817414381,0.2329924748909832,-1.3573292356735251,False,0.4494363373245621,False,0.6582863205088494,False
91.83294838518952,22.16004817414381,0.782363036049103,3.5934022521127016,True,0.11051068470045566,False,0.48130187840540517,False
91.88294838518952,22.16004817414381,0.6793883928211215,3.0306444010340474,True,0.14506672646606658,False,0.3925470464861155,False
91.93294838518952,22.16004817414381,0.3767103454582579,1.9478841019234108,False,0.06294299710650765,False,0.37653312135732586,False
91.98294838518952,22.16004817414381,0.370441795425261,1.6522326866652803,False,-0.0290751910752933,False,0.4276677885206288,False
92.03294838518951,22.16004817414381,0.43338842945563816,1.4487393757920493,False,-0.05464330856710348,False,0.4496077344480327,False
92.08294838518952,22.16004817414381,0.5104357588956876,0.2824671115726416,False,0.22258202590058207,False,0.4358013794325663,False
92.13294838518952,22.16004817414381,0.574978189999801,-0.709658621996352,False,0.5206721976019532,False,0.3221519076772663,False
92.18294838518952,22.16004817414381,0.6308502159938625,-1.0244264649445451,False,0.5962995870740952,False,0.22112130729021579,False
92.23294838518952,22.16004817414381,0.6564162549123751,-1.042088457772607,False,0.5839179982107708,False,0.18801133495185854,False
92.28294838518951,22.16004817414381,0.6709388013718471,0.8707042362909202,False,0.7798885425181394,True,0.028756832541521414,False
92.33294838518952,22.16004817414381,0.7633654418397399,5.174460452184311,True,0.2258526943369433,False,0.5737950466952466,False
92.38294838518952,22.16004817414381,0.8015890430842988,6.538406118797861,True,-0.27522287634474585,False,0.656888359311308,False
92.43294838518952,22.16004817414381,0.8040900179085734,4.23700373952356,True,0.13468518761116144,False,1.1255714905901308,True
92.48294838518952,22.16004817414381,0.7697873248268541,-1.1816241171925501,False,0.21211468544407466,False,1.0955727086510028,True
92.58294838518952,22.16004817414381,0.6645806838662756,-5.467766964447357,True,0.05405696527731582,False,0.7905948461287076,True
89.08294838518952,22.110048174143813,0.8627169485701073,0.6874675425480116,False,0.40341974387627566,True,-0.0379886262235002,False
89.13294838518952,22.110048174143813,0.8333546845889599,0.5755206980535934,False,0.3862684972187362,True,0.05700642624740884,False
89.18294838518952,22.110048174143813,0.7268730002848534,0.4203110320055313,False,0.3198612567991197,True,0.14429169561590804,False
89.23294838518952,22.110048174143813,0.5421120915400508,0.20469118633414066,False,0.20040822319065593,False,0.2125430243064042,False
89.28294838518953,22.110048174143813,0.48016848331019457,0.12695881103184142,False,0.049101438996044675,False,0.2706902927148015,False
89.33294838518952,22.110048174143813,0.6631050690346763,0.4996572097414079,False,0.037031802816584546,False,0.27672006614113315,False
89.38294838518952,22.110048174143813,0.704911927796829,1.2174483767357205,False,-0.09782377326995184,False,0.20422848932130747,False
89.43294838518952,22.110048174143813,0.6644555230826725,1.4524417415553537,False,-0.3873205697459537,False,0.0759287961310493,False
89.48294838518952,22.110048174143813,0.622650314230617,0.9922088524557124,False,-0.792209072253895,False,-0.04219509672480276,False
89.53294838518953,22.110048174143813,0.6614483956499951,0.6206618857589884,False,-0.9884225493829422,False,-0.01650262608154493,False
89.58294838518952,22.110048174143813,0.6909094571662028,0.792141978299707,False,-0.8263494849370501,False,0.02475801490111057,False
89.63294838518952,22.110048174143813,0.6367781513061791,1.2013772090614785,False,-0.4208773061628889,False,-0.00675594457595835,False
89.68294838518952,22.110048174143813,0.26986261335361506,1.1999842897799593,False,-0.057993473474075574,False,-0.04913175832513786,False
89.73294838518952,22.110048174143813,0.3495889886104037,1.2612888077019875,False,0.4005047562176337,False,-0.16494097748468048,False
89.78294838518953,22.110048174143813,0.8770820327687516,2.52490053145753,True,0.9668739113485703,True,-0.4822270830303611,False
89.83294838518952,22.110048174143813,0.9429315811521207,2.9635793485896516,True,1.0979521199152655,True,-0.501746173155142,False
89.93294838518952,22.110048174143813,0.9354657175031246,2.358093238793716,True,1.1773454420134029,True,0.07801129538602625,False
89.98294838518952,22.110048174143813,0.8702073265598093,1.9419040343112492,False,1.3252943767653296,True,0.3747324726676768,False
90.03294838518953,22.110048174143813,0.6708727328619608,1.695847541282649,False,1.6200471851540565,True,0.44087615757644405,False
90.08294838518952,22.110048174143813,0.4659218718702269,1.054373104042123,False,1.467457471298158,True,0.2626986375646427,False
90.13294838518952,22.110048174143813,0.4712279712623517,0.42354830757837314,False,1.6305408381824675,True,0.06069131962857746,False
90.18294838518952,22.110048174143813,0.5084775816212912,0.17958661431578563,False,1.7748125454218382,True,-0.04905507357427763,False
90.23294838518952,22.110048174143813,0.5433030064900827,0.292218482372657,False,1.8514547387980758,True,-0.15090596441237253,False
90.28294838518951,22.110048174143813,0.6054212168823742,-0.14435340926570947,False,1.9977415159432121,True,-0.23462595165132555,False
90.33294838518952,22.110048174143813,0.6322775564287002,-1.1760757085408517,False,1.9206317004614235,True,-0.3394301466702099,False
90.38294838518952,22.110048174143813,0.6070627295171078,-1.557739404771434,False,1.6057297690921346,True,-0.38558249919703236,False
90.43294838518952,22.110048174143813,0.5242709634367875,-1.4183548613045,False,1.2644998286777531,True,-0.38936088703268823,False
90.53294838518951,22.110048174143813,0.46958808048667755,-1.0493429067667084,False,1.4999994815308206,True,-0.33338311735309234,False
90.58294838518952,22.110048174143813,0.49676654417345645,-0.8709063089777724,False,1.6531978176647262,True,-0.2753177909434632,False
90.63294838518952,22.110048174143813,0.4967491267247693,-0.7547925483480148,False,1.1323905789342659,True,-0.2605876628295804,False
90.68294838518952,22.110048174143813,0.4773599091305703,-0.5743144513823586,False,0.7310854188425044,True,-0.25324188334026304,False
90.73294838518952,22.110048174143813,0.4291156866672809,-0.6635292978321924,False,0.43175158898323274,False,-0.2443449258304692,False
90.78294838518951,22.110048174143813,0.3566523765983887,-1.2806090357706874,False,0.2959478989244886,False,-0.21701747158757767,False
90.93294838518952,22.110048174143813,0.22209627388282832,-1.226628369006978,False,0.2631724166573375,False,0.3798298015649178,False
91.03294838518951,22.110048174143813,0.22977778990519626,-1.2934857153443402,False,0.35399569368896966,False,0.5143073450149098,False
91.08294838518952,22.110048174143813,0.23178866927116973,-1.3820670952934004,False,0.41200640863979165,False,0.6158091984285031,False
91.88294838518952,22.110048174143813,0.4916629071695151,3.013388769535081,True,0.09871487709080232,False,0.19263083161786299,False
91.93294838518952,22.110048174143813,0.32994068328386583,2.2790111762771144,False,-0.08518879426232995,False,0.24804994116135584,False
91.98294838518952,22.110048174143813,0.33414382539628834,1.7382734494287484,False,-0.3421452037911912,False,0.34000422238199934,False
92.03294838518951,22.110048174143813,0.37193986317988503,1.4800861684533169,False,-0.4204628294205729,False,0.3704643571591139,False
92.08294838518952,22.110048174143813,0.42717600549668694,0.7147510239702564,False,-0.06872511317638125,False,0.35353725084753496,False
92.13294838518952,22.110048174143813,0.518123297384382,-0.35296928620181606,False,0.4857667193524833,False,0.30999628017399655,False
92.18294838518952,22.110048174143813,0.6642325976018336,-0.6373158921504531,False,0.7329630499543387,True,0.29446300416932264,False
92.23294838518952,22.110048174143813,0.7657612437142722,-0.40207172497942134,False,0.7881250627586317,True,0.3230568442873926,False
92.28294838518951,22.110048174143813,0.7736497809114121,1.0980176149388348,False,0.9889205189016705,True,0.09608341855077575,False
92.33294838518952,22.110048174143813,0.7807210897498434,4.8465828970252645,True,0.766511861330957,True,0.4569447407250275,False
92.38294838518952,22.110048174143813,0.7744872020998377,6.642445581015578,True,-0.08058907893279421,False,0.5872960372041157,False
92.43294838518952,22.110048174143813,0.8001144789246759,3.464345175756793,False,-0.09487624622994179,False,0.9696934411873941,True
92.48294838518952,22.110048174143813,0.7833120152738231,-1.317239199465213,False,0.10793469902357777,False,1.104152465237279,True
92.58294838518952,22.110048174143813,0.6908677810138448,-4.914792883881648,True,0.12228948885482137,False,0.9049372510194429,True
89.08294838518952,22.060048174143816,0.7894695021485042,0.2348256727809641,False,0.43130259769744556,False,-0.07184468599633609,False
89.13294838518952,22.060048174143816,0.6952846107102347,0.09806348335348875,False,0.3709513291273762,False,-0.009399561112380106,False
89.18294838518952,22.060048174143816,0.243418171578972,-0.03413236355563881,False,0.13092389824838307,False,0.039925568089248145,False
89.23294838518952,22.060048174143816,0.1173313493003639,0.05802031453965614,False,-0.0992029815954584,False,0.098892153425195,False
89.28294838518953,22.060048174143816,0.5646380801618996,0.3807927930105648,False,-0.26949496072593065,False,0.17490955525317897,False
89.33294838518952,22.060048174143816,0.6907331863082171,0.9012615089203015,False,-0.4935817837292916,False,0.1928594385010417,False
89.38294838518952,22.060048174143816,0.6957609865206655,1.4467173142721166,False,-0.8424326733250088,False,0.19846478924641073,False
89.43294838518952,22.060048174143816,0.6705690626712164,1.3720427932159613,False,-0.8372488964038585,False,0.18190584757328193,False
89.48294838518952,22.060048174143816,0.6628100098218956,1.2449163618421886,False,-0.651568976373514,False,0.0730850325404181,False
89.53294838518953,22.060048174143816,0.6992740110168801,1.2582687915793873,False,-0.5516482012042532,False,0.013467090230514012,False
89.58294838518952,22.060048174143816,0.7270743770898357,1.2307353223203146,False,-0.6102076260100682,False,0.0007626193251461522,False
89.63294838518952,22.060048174143816,0.6975962749377873,1.2407605930227361,False,-0.5570195317456551,False,-0.013966402016232962,False
89.68294838518952,22.060048174143816,0.5120708954093516,1.186932765917088,False,-0.27464102615620267,False,-0.043574735386746846,False
89.73294838518952,22.060048174143816,0.4364937365086706,1.327859813743358,False,0.2575782310881836,False,-0.16361542246989835,False
89.78294838518953,22.060048174143816,0.8975376063577688,2.2114744957813164,True,0.8778144241099954,True,-0.42010035552805847,False
89.83294838518952,22.060048174143816,0.9524278822773925,2.549781737879724,True,0.9918987504120438,True,-0.4096770366661505,False
89.93294838518952,22.060048174143816,0.9464186252527316,1.7023466862506738,False,1.0793023247940878,True,-0.012741004237783016,False
89.98294838518952,22.060048174143816,0.8810633587651544,1.340512557827419,False,1.1280525364697307,True,0.3788273687127951,False
90.03294838518953,22.060048174143816,0.6080967429830813,1.1004092882243433,False,1.2525870709638927,True,0.5880459563883175,False
90.08294838518952,22.060048174143816,0.44955817860079533,0.354008368636767,False,1.0906853874521047,True,0.398091245316196,False
90.13294838518952,22.060048174143816,0.4709654415514171,-0.30125816948774825,False,1.3595585909299568,True,0.19835583527967704,False
90.18294838518952,22.060048174143816,0.5087987453400806,-0.7188423582442106,False,1.6566653437739274,True,0.09538311615669184,False
90.23294838518952,22.060048174143816,0.5586605786591858,-0.35079204235314576,False,1.7397204797486476,True,-0.016598618091257955,False
90.28294838518951,22.060048174143816,0.6299843465701548,0.1392075556650083,False,1.7473675060047573,True,-0.16305779107760088,False
90.33294838518952,22.060048174143816,0.6671605519935206,-0.5105616752237834,False,1.805557592307006,True,-0.3327104004504409,False
90.38294838518952,22.060048174143816,0.6249875263234231,-1.492076409235999,False,1.5531865620212315,True,-0.5414694126471297,False
90.48294838518952,22.060048174143816,0.45021322927315416,-1.667424938131403,False,1.150437958311374,True,-0.6221451308388624,True
90.53294838518951,22.060048174143816,0.45214729553623706,-1.834733942047516,False,1.3288458126381375,True,-0.5340337754849055,True
90.58294838518952,22.060048174143816,0.48338221756211297,-1.1743712441609224,False,1.3398466450967046,True,-0.4692567667707622,False
90.63294838518952,22.060048174143816,0.49671461183354787,-1.1227128491759915,False,1.0813194694642305,True,-0.3956621463390338,False
90.68294838518952,22.060048174143816,0.4903874241905719,-1.0729770834536454,False,0.8594947208283217,True,-0.3318636512171868,False
90.73294838518952,22.060048174143816,0.4715188776395738,-1.2487130500504109,False,0.6300906862535556,True,-0.3090070469210594,False
91.88294838518952,22.060048174143816,0.4427109896464126,3.509892175761849,True,0.009713156393804281,False,0.0022331227419871147,False
91.93294838518952,22.060048174143816,0.3698213172975699,2.754933662749322,False,-0.2108410604570538,False,0.11503269541351635,False
91.98294838518952,22.060048174143816,0.3360930575465198,1.918277838124151,False,-0.4568904771630936,False,0.27149911483703354,False
92.03294838518951,22.060048174143816,0.3514313921892201,1.2528078918869023,False,-0.48632143161363267,False,0.4127925252958762,False
92.08294838518952,22.060048174143816,0.36074882907672967,0.7361149647449808,False,-0.23088483299223328,False,0.4981906290315975,False
92.13294838518952,22.060048174143816,0.4207458941754151,0.015008103361759256,False,0.3142098236048272,False,0.502832169972611,False
92.18294838518952,22.060048174143816,0.6261064671754101,-0.30506721872550385,False,0.7398169346624863,True,0.4533126941894516,False
92.23294838518952,22.060048174143816,0.7695124706286807,0.024827859138088715,False,0.8835455190677328,True,0.43606729651854065,False
92.28294838518951,22.060048174143816,0.8010882531943124,0.9013616973855403,False,1.0046582775114148,True,0.2697006232316851,False
92.33294838518952,22.060048174143816,0.7774806340877184,3.575409934038719,False,0.9571808705741074,True,0.23049019869823728,False
92.38294838518952,22.060048174143816,0.7408598639629399,5.976767463316362,True,0.4525531331428124,False,0.42567225120010743,False
92.43294838518952,22.060048174143816,0.7608031202112462,2.6988105251233634,False,-0.18002952550511322,False,0.8055866954973709,True
92.48294838518952,22.060048174143816,0.7912226188094178,-1.3455567509943895,False,-0.08998697351938315,False,1.0904161732731377,True
92.58294838518952,22.060048174143816,0.7231926454325773,-4.442386452076706,True,0.059367852204107875,False,1.021267446911937,True
89.13294838518952,22.01004817414381,0.2602194497101583,-0.08408824238790902,False,0.20865493330995655,False,-0.030956621251193334,False
89.18294838518952,22.01004817414381,-0.017863904298749574,-0.062340769798734375,False,-0.093641421456724,False,0.0057676028410812985,False
89.23294838518952,22.01004817414381,0.24319275547829078,0.12730419063473725,False,-0.1881655982478596,False,0.04062695797840345,False
89.28294838518953,22.01004817414381,0.5401266876902033,0.6390220873016397,False,-0.6155721616506709,False,0.05618998446732132,False
89.33294838518952,22.01004817414381,0.6640927267182952,1.1892204026904463,False,-0.9387242333582222,False,0.1040799188284405,False
89.38294838518952,22.01004817414381,0.6690187364974965,1.3247519224728883,False,-0.7443104615299388,False,0.17842490127519273,False
89.43294838518952,22.01004817414381,0.6372520536989418,1.3954999903804284,False,-0.6014242775192675,False,0.1823512596908645,False
89.58294838518952,22.01004817414381,0.7421731765297321,1.3241796811928308,False,-0.5033025320493782,False,-0.053460741760145584,False
89.63294838518952,22.01004817414381,0.7325880533307082,1.2807096814463854,False,-0.6345698660967969,False,-0.06019545776078013,False
89.68294838518952,22.01004817414381,0.6236678509566296,1.245090676519014,False,-0.5458320738444304,False,-0.04736767737767803,False
89.73294838518952,22.01004817414381,0.5472264522797393,1.325452758365781,False,-0.015389539995957574,False,-0.11816282732126294,False
89.78294838518953,22.01004817414381,0.8971625432844971,2.0758377238081236,True,0.7642761691911498,True,-0.3347736838339989,False
89.83294838518952,22.01004817414381,0.9563477890304377,2.464373161422304,True,0.8643180990945515,True,-0.333935254255205,False
89.93294838518952,22.01004817414381,0.9526418817841973,1.4207556360628355,False,0.9655109774479125,True,-0.030911072635738446,False
89.98294838518952,22.01004817414381,0.8751566078518802,0.9651942020218898,False,0.9523794052417964,True,0.39052808794627947,False
90.03294838518953,22.01004817414381,0.5860331607697953,0.4833524287450909,False,0.9774592294556065,True,0.5946257058351194,False
90.08294838518952,22.01004817414381,0.4089383755714452,-0.18319039939728893,False,1.0173502629295283,True,0.40066216555404865,False
90.13294838518952,22.01004817414381,0.4425789740241666,-1.190613830543176,False,1.1189469777800698,True,0.13730773463630308,False
90.18294838518952,22.01004817414381,0.43532563981561284,-1.6744551514451382,False,0.9885433038908256,True,0.01741276240898288,False
90.23294838518952,22.01004817414381,0.46395611667387837,-1.2222978485428309,False,0.8865106967477687,True,-0.07987316271093108,False
90.28294838518951,22.01004817414381,0.5585758500054556,-0.489564396031109,False,1.1104488801561558,True,-0.19372333052172588,False
90.38294838518952,22.01004817414381,0.5810379106647662,-1.5774484087358476,False,1.200831266280601,True,-0.621690907851036,False
90.43294838518952,22.01004817414381,0.4923002558345967,-1.950067050167503,False,1.1076858865863368,True,-0.801901107614196,True
90.48294838518952,22.01004817414381,0.4528455664525695,-1.9266147150920148,False,1.09234752459087,True,-0.7597964495222288,True
90.53294838518951,22.01004817414381,0.4693615240818691,-1.6414694022321545,False,1.1669498010632884,True,-0.6625246679191279,True
90.58294838518952,22.01004817414381,0.49690714598574287,-1.425003130469954,False,1.1800566343365433,True,-0.5910363915147291,True
90.63294838518952,22.01004817414381,0.513689282978133,-1.4876718750160633,False,1.0552228802879537,True,-0.5132969504281528,True
90.68294838518952,22.01004817414381,0.5156788020885691,-1.4824477360437154,False,0.9231514674536954,True,-0.44719060583489245,False
91.88294838518952,22.01004817414381,0.503010815656639,3.469220330632018,True,-0.16892786139151356,False,-0.10535287969300677,False
91.93294838518952,22.01004817414381,0.4536515133972917,2.979161482459568,True,-0.3289977552323778,False,0.0001249132128350039,False
91.98294838518952,22.01004817414381,0.3903373522215731,2.512276563918184,True,-0.39482360157055457,False,0.17471540580684775,False
92.03294838518951,22.01004817414381,0.3712785814284315,1.501857045781507,False,-0.3633317871127549,False,0.45009778680757095,False
92.08294838518952,22.01004817414381,0.3860973816347746,0.3903187624830176,False,-0.015040464175231319,False,0.5869670072992702,False
92.13294838518952,22.01004817414381,0.4555669759328535,-0.07728332188155945,False,0.3825188535482087,False,0.5611346461517586,False
92.18294838518952,22.01004817414381,0.634009421282075,-0.22314096584187768,False,0.8493063776432863,True,0.4739412442434546,False
92.23294838518952,22.01004817414381,0.7721677954881686,0.16352456198879034,False,1.0101390253868996,True,0.4381331629998847,False
92.28294838518951,22.01004817414381,0.7913799413368376,0.6428034112462029,False,1.0557268559804087,True,0.31537346336905037,False
92.33294838518952,22.01004817414381,0.7534628725326654,2.4112603488046505,False,0.9922844986452147,True,0.11854756219186169,False
92.38294838518952,22.01004817414381,0.7013899209052824,4.876490145053271,True,0.7561158928999212,True,0.17130055827034127,False
92.43294838518952,22.01004817414381,0.701084979314711,3.136935685211847,False,0.20834838986622795,False,0.6002255304274515,False
92.48294838518952,22.01004817414381,0.7603781089569114,-0.472345745726404,False,9.545961141279105e-05,False,1.0478703200266801,True
89.13294838518952,21.96004817414381,0.12691275591636136,0.13552015771961234,False,-0.2536938879692912,False,-0.08610649243811341,False
89.18294838518952,21.96004817414381,0.08723385821431164,0.1003943540354525,False,-0.0970827752367934,False,-0.05109894799015642,False
89.23294838518952,21.96004817414381,0.1842591619015119,0.13115804848793383,False,0.1458626489288059,False,0.004403317188072124,False
89.28294838518953,21.96004817414381,0.4489479466305091,0.41458625583812925,False,0.10823731524630771,False,0.036580922390866286,False
89.33294838518952,21.96004817414381,0.6091048094489352,0.8864845764764803,False,0.003058449029387844,False,0.062176062951593156,False
89.38294838518952,21.96004817414381,0.6314620981630077,1.1796806650205562,False,-0.14805090257713938,False,0.07914752246475976,False
89.43294838518952,21.96004817414381,0.6149421703338197,1.3551623853959789,False,-0.3023763305556231,False,0.09932232359160391,False
89.48294838518952,21.96004817414381,0.633579277920965,1.289727007534599,False,-0.33511399743746106,False,0.05249034069069038,False
89.58294838518952,21.96004817414381,0.7337951348234694,1.2283368467956577,False,-0.46868843657118203,False,-0.11991056741807465,False
89.63294838518952,21.96004817414381,0.7387413082325461,1.2906510347529423,False,-0.5972279631109371,False,-0.1234677294011342,False
89.68294838518952,21.96004817414381,0.6785769108135009,1.307130712520085,False,-0.6284733845106576,False,-0.05356083851509695,False
89.73294838518952,21.96004817414381,0.7428484242825962,1.5664997471929785,True,0.14411250679101334,False,-0.17989324643716403,False
89.78294838518953,21.96004817414381,0.9009976074161999,2.0233468382113813,True,0.6976963454563401,True,-0.2968420241562704,False
89.83294838518952,21.96004817414381,0.9541668605664733,2.4164292211046647,True,0.7902838172383313,True,-0.28623584597660645,False
90.08294838518952,21.96004817414381,0.4105482399125817,-0.7795987282574136,False,1.0537109426803233,True,0.23227504502462504,False
90.13294838518952,21.96004817414381,0.4143819947305708,-1.6955530041279885,False,1.00853253181496,True,0.013465030326888977,False
90.18294838518952,21.96004817414381,0.3833781182899736,-2.5376146534344874,True,0.8293456226468299,True,-0.0427011300611769,False
90.23294838518952,21.96004817414381,0.3856443581078647,-2.3057958199315856,False,0.7198825075412252,False,-0.08377117139975937,False
90.28294838518951,21.96004817414381,0.4531053971507179,-1.6665283948129277,False,0.8325132746325481,True,-0.18660185959092768,False
90.38294838518952,21.96004817414381,0.5031772353958949,-1.728168087269006,False,0.9769216704352084,True,-0.5973467905035347,False
90.43294838518952,21.96004817414381,0.4644115635677813,-2.008953743148221,False,0.9720270182736179,True,-0.8065622611296343,True
90.48294838518952,21.96004817414381,0.4624537912587018,-1.977392195754558,False,1.0380981405909648,True,-0.8066912145651369,True
90.53294838518951,21.96004817414381,0.4776599726426945,-1.7892128209127796,False,1.10701212976317,True,-0.727287012154489,True
90.58294838518952,21.96004817414381,0.4995178428996304,-1.656933933217458,False,1.1345661339111943,True,-0.6552522570162629,True
91.93294838518952,21.96004817414381,0.5288919568229786,2.886740449433373,True,-0.43733099492790883,False,0.030610588889672552,False
91.98294838518952,21.96004817414381,0.476067341463491,2.901378382282571,True,-0.3842819768712033,False,0.09952867009635519,False
92.03294838518951,21.96004817414381,0.4241248292317363,2.1097688622850557,True,-0.32053770786410396,False,0.3487077330964938,False
92.08294838518952,21.96004817414381,0.41493708475754076,0.5425319542345389,False,0.24644673476608475,False,0.4285051254910037,False
92.13294838518952,21.96004817414381,0.5106418962609395,-0.7780200996094347,False,1.0252481442351151,False,0.34574044402508997,False
92.18294838518952,21.96004817414381,0.6676372184335129,-0.5669566660173234,False,1.2774201153248752,True,0.2871505245924868,False
92.23294838518952,21.96004817414381,0.7740896807661235,0.4980797845533473,False,1.1375290931257325,True,0.2646183796935367,False
92.28294838518951,21.96004817414381,0.7622730733244085,1.2727403666005683,False,1.0331169055367275,True,0.1553551135134022,False
92.33294838518952,21.96004817414381,0.6764608431291799,2.083794306476363,False,0.9271065669728324,True,0.005001122037106613,False
92.38294838518952,21.96004817414381,0.6496634315364798,3.6609315326830316,False,0.8282914159242569,True,0.0796765364625128,False
92.43294838518952,21.96004817414381,0.6347134050229766,3.9374644049374177,False,0.5078475656618413,False,0.3556897142924925,False
92.48294838518952,21.96004817414381,0.698925388839636,0.8991078856345069,False,0.31326805648536066,False,0.7744698761550926,True
89.13294838518952,21.91004817414381,0.225158390250836,0.2066116290400034,False,-0.24744308670632964,False,-0.1246651892655568,False
89.18294838518952,21.91004817414381,0.18589787369722244,0.27004984353710987,False,-0.17109754425199686,False,-0.10098092382807394,False
89.23294838518952,21.91004817414381,0.18548007006243247,0.37054592573804,False,-0.003615229175409823,False,-0.05761573707442589,False
89.28294838518953,21.91004817414381,0.414790552925224,0.5826470176672239,False,0.18240284864417855,False,0.02200196145808207,False
89.33294838518952,21.91004817414381,0.5916242717307661,0.851621182898519,False,0.2883873066361574,False,0.05805257549588613,False
89.38294838518952,21.91004817414381,0.6113173438038491,0.8964225995644178,False,0.2732970003537868,False,0.053663440323241246,False
89.43294838518952,21.91004817414381,0.6013460366851994,1.1671160421029951,False,-0.0283779777396459,False,0.07684060576685592,False
89.48294838518952,21.91004817414381,0.6046266752166254,1.0638488370994033,False,-0.23448453704282723,False,0.030308381598576267,False
89.58294838518952,21.91004817414381,0.6589871964708355,1.0460402347757947,False,-0.47694979701765733,False,-0.1647022554438825,False
89.63294838518952,21.91004817414381,0.7084179034138379,1.245957313066915,False,-0.5930840582323912,False,-0.16044105936608946,False
89.68294838518952,21.91004817414381,0.6936059296175794,1.3200748298656437,False,-0.6480383836778438,False,-0.08586466842800561,False
89.73294838518952,21.91004817414381,0.7310491737091792,1.5654151301268597,False,-0.1135753278938143,False,-0.12788105562817614,False
89.78294838518953,21.91004817414381,0.8664621281937962,1.9824372227415892,True,0.5571156764114071,True,-0.2211937673641579,False
89.83294838518952,21.91004817414381,0.9395316553471659,2.4067214646301585,True,0.7067378110996521,True,-0.20518764572767997,False
90.03294838518953,21.91004817414381,0.6489164554134144,-0.3626631759281956,False,0.9094580818691447,True,0.26052059388210247,False
90.08294838518952,21.91004817414381,0.4764963658129272,-1.2616596883195812,False,0.9947322052364274,True,0.08974635901016076,False
90.13294838518952,21.91004817414381,0.4010688244334208,-1.9860479382297227,False,0.9907544583249341,True,-0.07003430689334841,False
90.18294838518952,21.91004817414381,0.3769331425403705,-2.760477906893912,True,0.9336935497650484,True,-0.11981624495187658,False
90.23294838518952,21.91004817414381,0.3787665260926998,-2.7303016393343107,True,0.8605086351035933,True,-0.13687623988330277,False
90.28294838518951,21.91004817414381,0.405485576889009,-2.4485607358795365,False,0.8484700018154104,True,-0.17545588992558392,False
90.33294838518952,21.91004817414381,0.4484681222706504,-2.131806700124581,False,0.8912807644739509,True,-0.298681518583538,False
90.38294838518952,21.91004817414381,0.44751371136926954,-1.971438605825894,False,0.9186017039975201,True,-0.5240116290134472,False
90.43294838518952,21.91004817414381,0.45598679911394746,-2.1626770343222157,False,0.9529870461443284,True,-0.7468636419703993,True
90.53294838518951,21.91004817414381,0.48130106051403726,-1.9500508749022867,False,1.070179413053613,True,-0.7676495842428617,True
90.58294838518952,21.91004817414381,0.5007986492758697,-1.788988852162906,False,1.0964924503971307,True,-0.6995196511902593,True
90.63294838518952,21.91004817414381,0.5200085921307627,-1.8424838674905462,False,1.052369617686572,True,-0.6286471762625865,True
91.88294838518952,21.91004817414381,0.571433387738591,2.5127399134908535,True,-0.6670921441649056,False,0.15246341275407224,False
91.93294838518952,21.91004817414381,0.5728083527950516,2.5873367628921313,True,-0.6118243003172694,False,0.17109363658393267,False
91.98294838518952,21.91004817414381,0.5627302967340164,2.5911737986489847,True,-0.5158539497972809,False,0.20092542757879744,False
92.03294838518951,21.91004817414381,0.5172497393294675,2.342602765132205,True,-0.3137107542802491,False,0.23449629721933832,False
92.08294838518952,21.91004817414381,0.4564463556179018,1.0473424089985262,False,0.45193819055164075,False,0.18247849698310603,False
92.13294838518952,21.91004817414381,0.5280303489582875,-0.5398139927721747,False,1.2588336098999693,False,0.13088001445941017,False
92.18294838518952,21.91004817414381,0.6754606537513883,-0.5944978212689388,False,1.49650911947602,True,0.10526412472181328,False
92.23294838518952,21.91004817414381,0.7523818782161947,0.9352457202961139,False,1.0968339588349691,True,0.13223353447122763,False
92.28294838518951,21.91004817414381,0.7022270842556699,1.7751860833414281,False,0.9605011149772973,True,0.059635080674525345,False
92.33294838518952,21.91004817414381,0.6114887945716578,1.8229171168769578,False,0.8545243850408426,True,0.015185899358613211,False
92.38294838518952,21.91004817414381,0.6236668348978535,1.7530188558484558,False,0.7638476249562138,True,0.2500324017884715,False
92.43294838518952,21.91004817414381,0.60956737973771,2.4598447487872215,False,0.5529995114040058,True,0.4455532408665815,False
92.48294838518952,21.91004817414381,0.6498613020614279,1.7635709260664316,False,0.4359629986037152,False,0.5942866091269137,False
92.53294838518951,21.91004817414381,0.6750990481649745,0.30109805378847465,False,0.40141563317225093,False,0.7350400692326939,True
89.13294838518952,21.860048174143813,0.2511976724746979,0.25392195396855755,False,-0.18328482537034005,False,-0.09390928792403819,False
89.18294838518952,21.860048174143813,0.27003698339972937,0.35665514134386467,False,-0.13027999493853287,False,-0.06405061709229642,False
89.23294838518952,21.860048174143813,0.39474747245082403,0.5589093350193161,False,-0.05128617208573156,False,0.0026752146080990455,False
89.28294838518953,21.860048174143813,0.5144387620428446,0.8411992913169041,False,0.09074529429694306,False,0.04584478253667851,False
89.33294838518952,21.860048174143813,0.6213939314776269,1.1319616542371373,False,0.13482746002033902,False,0.0742672211776132,False
89.38294838518952,21.860048174143813,0.6411584480951144,1.2785811577770843,False,0.1464363387647279,False,0.07811142778394747,False
89.43294838518952,21.860048174143813,0.596887399128533,1.0590001275203056,False,0.051193107970098684,False,0.05771672118554448,False
89.58294838518952,21.860048174143813,0.54768364566354,0.8066066763805675,False,-0.4660072054418013,False,-0.1467786151242605,False
89.63294838518952,21.860048174143813,0.6336187896659281,1.1163460580370081,False,-0.5760549227170615,False,-0.1868402427694913,False
89.68294838518952,21.860048174143813,0.6771689351983768,1.307928933273,False,-0.6421828886811944,False,-0.12433837906277012,False
89.73294838518952,21.860048174143813,0.7220325978583041,1.5964542655783336,False,-0.23922165231271483,False,-0.1354866003633778,False
89.78294838518953,21.860048174143813,0.8509621855289877,2.0197923187072417,True,0.487344329307994,True,-0.27397606230124466,False
89.83294838518952,21.860048174143813,0.8995551036373457,2.432636161216738,True,0.6413916373325127,True,-0.206232573829299,False
90.08294838518952,21.860048174143813,0.5449833258509321,-1.5167872560615747,False,0.9754763605678272,True,-0.03316230167865619,False
90.13294838518952,21.860048174143813,0.40148528905567965,-2.1591551316014517,False,1.0156892450697397,True,-0.14384481517875758,False
90.18294838518952,21.860048174143813,0.38284786502738893,-2.630779317801643,False,1.0045456728563844,True,-0.1944280717528507,False
90.23294838518952,21.860048174143813,0.3762923942613783,-2.924961831224694,True,0.9537215433839403,True,-0.1846992389638481,False
90.33294838518952,21.860048174143813,0.4018797528044936,-2.7744444756194686,False,0.8970210857280514,True,-0.22183960559740312,False
91.88294838518952,21.860048174143813,0.5619228319742346,2.40141702063461,True,-0.7714149573249212,False,0.28775724529402447,False
91.93294838518952,21.860048174143813,0.5756324660084732,2.375017934958238,True,-0.6990913050817116,False,0.27874148692936723,False
91.98294838518952,21.860048174143813,0.5897481609079798,2.293884662624688,True,-0.529600788777649,False,0.2579020075527666,False
92.03294838518951,21.860048174143813,0.5981881424898237,2.0752568647469447,True,-0.17252567561743637,False,0.20529855412565812,False
92.08294838518952,21.860048174143813,0.5772443227792982,1.2759993223418284,False,0.46928324970215163,False,0.126078867358759,False
92.13294838518952,21.860048174143813,0.5870912540408172,0.016420604838322972,False,1.132098109808978,False,0.08261848190804144,False
92.18294838518952,21.860048174143813,0.6850829540667909,-0.12827070946963237,False,1.2981525672654444,False,0.09027279183975004,False
92.23294838518952,21.860048174143813,0.7026125160331891,0.913136783272879,False,0.9778401868452117,True,0.10626371728489353,False
92.28294838518951,21.860048174143813,0.6466032825889169,1.3252998127544449,False,0.8110307992952339,True,0.05565440655077243,False
92.33294838518952,21.860048174143813,0.5778024422153931,0.38607092305035395,False,0.6051157566837779,False,0.008094564168112692,False
92.38294838518952,21.860048174143813,0.6194602374807028,0.06481010900975558,False,0.5296891659707367,True,0.3126198210297985,False
92.43294838518952,21.860048174143813,0.6376879899651274,0.6469445564488049,False,0.44752989590099557,False,0.5033965765349603,False
92.48294838518952,21.860048174143813,0.6294188820451164,1.5716301987739034,False,0.3855818305190391,False,0.5454781766107073,False
92.53294838518951,21.860048174143813,0.6172186133302286,1.8298908281593904,False,0.38872037073580573,False,0.5524587305626171,False
89.08294838518952,21.810048174143816,0.27301165508156855,0.20661961787342886,False,-0.1967929755381459,False,-0.0493478401284993,False
89.13294838518952,21.810048174143816,0.3051867030703878,0.27163537877885874,False,-0.18092412685806036,False,-0.010983229761189733,False
89.18294838518952,21.810048174143816,0.4044902064579757,0.411556678362623,False,-0.16360326781044443,False,0.04203365307881417,False
89.23294838518952,21.810048174143816,0.48802205545249283,0.5650420724950072,False,-0.1317287244446343,False,0.0770589910407441,False
89.38294838518952,21.810048174143816,0.6449467217611402,1.2228270336371692,False,0.016584939450528427,False,0.10368034165961398,False
89.43294838518952,21.810048174143816,0.5797951890578987,1.0262393341402154,False,0.021821990542371425,False,0.0600558635689844,False
89.58294838518952,21.810048174143816,0.4843684248238055,0.6976494833678513,False,-0.43882813454884106,False,-0.1246518583460543,False
89.63294838518952,21.810048174143816,0.5754828354784874,0.9241545278483623,False,-0.545261072531365,False,-0.1524066823369049,False
90.18294838518952,21.810048174143816,0.38075687754387716,-2.6723060638953346,False,1.0513296468899587,True,-0.24560924410576054,False
91.93294838518952,21.810048174143816,0.5579007559301796,2.2467928616628687,True,-0.5239127676362613,False,0.4554197678258055,False
91.98294838518952,21.810048174143816,0.5811562678722629,2.0443673242528626,True,-0.3248000422995021,False,0.3741031331673423,False
92.03294838518951,21.810048174143816,0.610120489703555,1.6321526010496998,True,0.16381043631686393,False,0.27404643224394587,False
92.08294838518952,21.810048174143816,0.6343404048973731,0.9286915276512326,False,0.7200223485493309,False,0.1442888522960773,False
92.13294838518952,21.810048174143816,0.6441813589011476,0.0603138019927254,False,1.1205170964765547,False,0.06696651551817037,False
92.18294838518952,21.810048174143816,0.6737880955240415,-0.010010036519883747,False,1.139997467574457,False,0.050913915828144446,False
92.23294838518952,21.810048174143816,0.6693771602593664,1.0093911996350766,False,0.6874935995786833,False,0.010484542554023563,False
92.28294838518951,21.810048174143816,0.6251130445361476,1.3993144898765089,False,0.4992396046703262,False,-0.0780917734236115,False
92.33294838518952,21.810048174143816,0.5887500634172345,-0.09762983177630402,False,0.33705103573281137,False,-0.07256056595812056,False
92.38294838518952,21.810048174143816,0.6296905908259018,-0.5104348547627223,False,0.29122649530383093,False,0.20516276419158774,False
92.43294838518952,21.810048174143816,0.630949317049246,-0.09916107353013326,False,0.2923937199072655,False,0.4180005723862527,False
92.48294838518952,21.810048174143816,0.6396437866241429,0.4511115331917377,False,0.3868235511598369,False,0.45690943928773814,False
92.53294838518951,21.810048174143816,0.6038712605710552,0.8374427906720772,False,0.42094435530816815,False,0.45766589616453535,False
89.08294838518952,21.76004817414381,0.3269401934160985,0.23932953187927808,False,-0.2045461074794921,False,0.027582429935731276,False
89.23294838518952,21.76004817414381,0.5284403012536021,0.5473962601799194,False,-0.18305293797511918,False,0.1311584626186974,False
89.28294838518953,21.76004817414381,0.5934423604059696,0.7039188514415604,False,-0.16668296020090775,False,0.14444546215976606,False
89.38294838518952,21.76004817414381,0.6403035220812111,0.961503720696306,False,-0.12524824106302312,False,0.13784302544600333,False
89.43294838518952,21.76004817414381,0.608209464345058,0.9207412223308162,False,-0.14052187319378395,False,0.08924119070120243,False
89.58294838518952,21.76004817414381,0.4512754058454447,0.6511393518619625,False,-0.406720482140869,False,-0.10977000202661942,False
89.63294838518952,21.76004817414381,0.5390711588131866,0.8198247992206191,False,-0.5149280921278051,False,-0.12639353188188937,False
91.93294838518952,21.76004817414381,0.5306048148722249,2.0926360567350066,True,-0.17900648119042828,False,0.6762791121388747,False
91.98294838518952,21.76004817414381,0.5399684757212809,1.7464208492045827,True,0.09057937414718631,False,0.535982229519504,False
92.03294838518951,21.76004817414381,0.546498602866983,1.1024032582020529,False,0.6463566505073339,False,0.34206867553343784,False
92.08294838518952,21.76004817414381,0.5826220066002891,0.42951739761742713,False,0.9421294558862612,False,0.128165428586198,False
92.13294838518952,21.76004817414381,0.6207056730439968,-0.23280200475414015,False,1.1188172999613237,False,-0.04393928281717857,False
92.18294838518952,21.76004817414381,0.6270696147823339,-0.01183111460062658,False,0.8484505223351427,False,-0.10408623160040026,False
92.23294838518952,21.76004817414381,0.6035902533012651,1.1714631264291846,False,0.4066572393236698,False,-0.19866478342369362,False
92.28294838518951,21.76004817414381,0.602916309412447,2.351456190636157,False,0.36857750925344024,False,-0.2627298204228631,False
92.33294838518952,21.76004817414381,0.6237214548374411,1.5912956546007706,False,0.3533915247809918,False,-0.16297845670308375,False
92.38294838518952,21.76004817414381,0.6378345238791145,0.816561914841031,False,0.26075148646693336,False,0.0714078349266902,False
92.43294838518952,21.76004817414381,0.6300659804949786,0.27211643138462377,False,0.2676887855153442,False,0.2368203977869672,False
92.48294838518952,21.76004817414381,0.6534931023409736,-0.14969344221234965,False,0.4390961563399033,True,0.251725551058924,False
89.23294838518952,21.71004817414381,0.546593336782077,0.5279724965855663,False,-0.21587674070678564,False,0.1673131877515999,False
89.28294838518953,21.71004817414381,0.5944346733287657,0.635062388651699,False,-0.21120193397164283,False,0.17899531901855636,False
91.93294838518952,21.71004817414381,0.495950421302477,1.8353015593618316,True,-0.18481482330251614,False,0.47302217246374123,False
92.08294838518952,21.71004817414381,0.44987666144493527,-0.1738239303794482,False,1.0758678248742501,False,0.03161279026593994,False
92.13294838518952,21.71004817414381,0.519991832856136,-0.7532735287709256,False,1.1672008376916507,False,-0.17819019007138298,False
92.18294838518952,21.71004817414381,0.5315514653684675,-0.3112515555321006,False,0.7817902743082267,False,-0.21118775764561873,False
92.23294838518952,21.71004817414381,0.44464507731792524,0.5818233944358762,False,0.4641106749924028,False,-0.26677927661277884,False
92.28294838518951,21.71004817414381,0.5191051258247248,2.0678259518576665,False,0.46222981186347223,False,-0.28992239519503293,False
92.33294838518952,21.71004817414381,0.6113398304994138,2.8511519332412743,False,0.45751304038270657,False,-0.2192211102063348,False
92.38294838518952,21.71004817414381,0.6414629131100544,2.406422438884009,False,0.4091497547954427,False,-0.15713428893029652,False
92.43294838518952,21.71004817414381,0.6553197675083092,1.2825534213608991,False,0.4593959451041395,True,-0.1646217255243674,False
89.23294838518952,21.66004817414381,0.555779702317283,0.5229525764541826,False,-0.2373450294996742,False,0.1874316311084144,False
91.93294838518952,21.66004817414381,0.4482477063668267,1.071367656051279,False,0.34241372051034313,False,-0.12798354622472236,False
92.08294838518952,21.66004817414381,0.36167578957509366,-1.046440714414801,False,1.445646906732583,False,-0.1481067732553027,False
92.13294838518952,21.66004817414381,0.4396517579308712,-0.9661774406924958,False,1.124787526246619,False,-0.11727642647265812,False
92.18294838518952,21.66004817414381,0.46223984915596,-0.5808899264347891,False,0.7665329357955367,False,-0.09360802593807757,False
92.23294838518952,21.66004817414381,0.35190023026547523,-0.117944797810912,False,0.552565327185585,False,-0.09693880215965786,False
92.28294838518951,21.66004817414381,0.4068712517902562,0.7480407400369854,False,0.5848671869526657,False,-0.11575177841178602,False
92.33294838518952,21.66004817414381,0.5579494190543374,2.7649936050427533,False,0.5773581012708229,False,-0.20070834159929662,False
92.38294838518952,21.66004817414381,0.635792068256875,3.578264456566515,False,0.5878776017875899,True,-0.38013005853743886,False
92.43294838518952,21.66004817414381,0.6755971224246576,2.175665995612899,False,0.6845199210089721,True,-0.5961300066001577,False
92.48294838518952,21.66004817414381,0.6783461187646012,-0.3428901013422456,False,0.6754270067483055,True,-0.6678485679428856,False
92.53294838518951,21.66004817414381,0.6618017025827392,-2.0082695950190725,False,0.6199677385303884,True,-0.582669046533805,False
92.58294838518952,21.66004817414381,0.6192622040840206,-2.5445139508113166,False,0.5816213932250984,True,-0.4799015123428144,False
91.93294838518952,21.610048174143813,0.40839536181972513,0.45647728376836977,False,0.7636539845382799,False,-0.5807418411748659,False
91.98294838518952,21.610048174143813,0.39095117066193025,0.10817434919039948,False,0.8244890022158655,False,-0.4594038748715992,False
92.08294838518952,21.610048174143813,0.40951196501274345,-1.334961217924695,False,1.5159884852706875,True,-0.2054221189750902,False
92.13294838518952,21.610048174143813,0.47282141344331585,-0.982558223617303,False,1.0751859226698988,False,-0.10497354800188008,False
92.18294838518952,21.610048174143813,0.5085307286730372,-0.8192465237077917,False,0.8037101676786844,False,-0.03503842229866236,False
92.23294838518952,21.610048174143813,0.5034525408278673,-0.6902982593237854,False,0.6779083132704646,False,0.008406834489316475,False
92.28294838518951,21.610048174143813,0.4318790439879464,-0.011953506432365202,False,0.6326657308995602,False,-0.006779458887342132,False
92.33294838518952,21.610048174143813,0.5199811479263593,2.164276480710394,False,0.4751102377298766,False,-0.0979036966019945,False
92.38294838518952,21.610048174143813,0.6106549570885037,3.617490511969738,False,0.623880106726332,True,-0.43188058215564024,False
92.43294838518952,21.610048174143813,0.6921498158209209,1.433247618227894,False,0.7840086276596837,True,-0.7885742954159698,True
92.48294838518952,21.610048174143813,0.6992264312208919,-1.1384252337837513,False,0.7323807867830419,True,-0.9015607265042367,True
92.53294838518951,21.610048174143813,0.6711643235563518,-2.5298884148599665,False,0.6524703333480953,True,-0.8291214134100441,True
92.58294838518952,21.610048174143813,0.6251205696225125,-3.1018147571092465,False,0.6007407615219119,True,-0.70509121995174,False
91.93294838518952,21.560048174143816,0.4165973570751015,0.21770834814215473,False,0.9256114990816835,False,-0.7812852752015662,True
91.98294838518952,21.560048174143816,0.4199658525541773,-0.07126250743194079,False,0.9170799671946288,False,-0.6442205011021308,False
92.03294838518951,21.560048174143816,0.44405129131221943,-0.4696914838833449,False,0.982556038904629,True,-0.42278215202503455,False
92.08294838518952,21.560048174143816,0.49600843468193134,-0.7370330633401044,False,1.2709703721648757,True,-0.20332603726711446,False
92.13294838518952,21.560048174143816,0.5385039529163264,-0.7879772337568529,False,1.0066382281384816,False,-0.125437277616394,False
92.18294838518952,21.560048174143816,0.5941135454205301,-0.8437262149347408,False,0.8749759235555097,False,-0.06395329602932409,False
92.23294838518952,21.560048174143816,0.6424349550279996,-1.139894658460077,False,0.8736334054343873,False,-0.010780415929417295,False
92.28294838518951,21.560048174143816,0.6167477838130696,-0.478519516218202,False,0.7448030682124327,False,-0.00971920293523898,False
92.33294838518952,21.560048174143816,0.5289927093544848,2.4264755574613828,False,0.1591381053327158,False,-0.00227306860826737,False
92.38294838518952,21.560048174143816,0.6303808090978822,1.5492022359527244,False,0.504451329431435,False,-0.3606483682732003,False
92.43294838518952,21.560048174143816,0.7017618752193027,-1.5377816077634543,False,0.6481547291904057,True,-0.6798874121310801,False
92.48294838518952,21.560048174143816,0.7059543599264199,-3.105228660318156,False,0.6171829007344342,True,-0.7734971141493441,True
92.53294838518951,21.560048174143816,0.6748992166493006,-3.573209333095025,False,0.5911044727690467,True,-0.7440903153637426,True
92.58294838518952,21.560048174143816,0.6323604424764808,-3.690232283729402,False,0.5594675760927494,True,-0.677717528854913,False
91.88294838518952,21.51004817414381,0.44209847914067124,0.3618034621521661,False,1.0633612473113403,True,-0.9748805933030261,True
92.03294838518951,21.51004817414381,0.49239723040932193,0.23942871028397922,False,1.0347007009361295,True,-0.39518558028586176,False
92.08294838518952,21.51004817414381,0.5074177322059559,-0.05260667531885485,False,1.1291009020811504,True,-0.16813941806524607,False
92.13294838518952,21.51004817414381,0.5313974669691002,-0.2678333748856098,False,0.9083871743954679,False,-0.07122653836736337,False
92.18294838518952,21.51004817414381,0.5971254010643539,-0.46818234482670396,False,0.7978607381251055,False,-0.028174083439908792,False
92.23294838518952,21.51004817414381,0.6884762125504805,-0.9459368369095361,False,0.8685384420644986,False,0.0020596862372088756,False
92.28294838518951,21.51004817414381,0.7058786359402303,-0.547579817551206,False,0.7629007058386844,False,0.01715444858212572,False
92.33294838518952,21.51004817414381,0.6727403727299076,1.5081035975482286,False,0.27741614644622986,False,-0.006123706985932287,False
92.38294838518952,21.51004817414381,0.6830172765319488,-0.5676646077409713,False,0.4923932242933533,False,-0.3249936430972323,False
92.43294838518952,21.51004817414381,0.7187634569217768,-3.9981249699393113,True,0.42314974533011407,False,-0.46573152412615376,False
92.48294838518952,21.51004817414381,0.7170573732487476,-4.740898384095992,True,0.45395956452806857,True,-0.537824229103656,False
92.53294838518951,21.51004817414381,0.6910077706737885,-4.559674334281793,True,0.4886106090942456,True,-0.5635951904910474,False
92.58294838518952,21.51004817414381,0.6540735462999904,-4.3652776744819315,True,0.487188850917059,True,-0.5585038390524543,False
91.98294838518952,21.46004817414381,0.49638395380232175,0.9759439204279335,False,1.1320262104092675,True,-0.5962699567474766,False
92.03294838518951,21.46004817414381,0.5037741929900754,0.7697048412973615,False,1.1125532641440639,True,-0.37752741484883984,False
92.08294838518952,21.46004817414381,0.5051477963683598,0.22214927308195082,False,1.117051553229932,True,-0.15880734350520603,False
92.13294838518952,21.46004817414381,0.5040313644085396,-0.041726054178501726,False,0.9808499795311987,False,-0.029400778044283704,False
92.18294838518952,21.46004817414381,0.5333904546070861,-0.20258307750640164,False,0.7762105133697019,False,0.028413928666580074,False
92.23294838518952,21.46004817414381,0.6597207833271869,-0.4813885773560847,False,0.7798143428212494,False,0.06059043573021204,False
92.28294838518951,21.46004817414381,0.7441513205028153,-0.5071227774863953,False,0.7995965500465344,False,0.05483398152239268,False
92.33294838518952,21.46004817414381,0.7655988289451763,-1.003224755684725,False,0.9366526587953137,True,-0.11723422182238774,False
92.38294838518952,21.46004817414381,0.7584002919106949,-2.1618398674455017,False,0.8847600937800473,True,-0.4068619504033289,False
92.43294838518952,21.46004817414381,0.7690734299230846,-4.2097814173312695,True,0.5464460855177813,True,-0.4773612609277357,False
92.48294838518952,21.46004817414381,0.7361872748500524,-5.390387112266423,True,0.3752330614482869,False,-0.453221031679839,False
92.53294838518951,21.46004817414381,0.7008907420598187,-5.22263978956048,True,0.3995991919659157,False,-0.4725765909133219,False
92.58294838518952,21.46004817414381,0.6781179118563625,-4.8475452624254824,True,0.4438289205481811,True,-0.48680743753528627,False
92.03294838518951,21.41004817414381,0.4973792352178443,0.5730600323672387,False,1.2081679346968581,True,-0.39988834719628685,False
92.08294838518952,21.41004817414381,0.48867951824958106,-0.056799543085162676,False,1.3251710747429224,True,-0.17585091810819675,False
92.13294838518952,21.41004817414381,0.4748381346374607,-0.5994215940226868,False,1.2306878938747978,True,-0.004627611013832744,False
92.18294838518952,21.41004817414381,0.4608762289195088,-0.6954224884040276,False,1.0309807148615668,False,0.0724384431056101,False
92.23294838518952,21.41004817414381,0.5868668934168325,-0.5474700420326012,False,0.873614881984959,False,0.12008739523686282,False
92.28294838518951,21.41004817414381,0.7540398019870798,-0.8376020885084872,False,0.980094886297088,True,0.06170286395983739,False
92.43294838518952,21.41004817414381,0.8074916530342847,-3.7530626098042856,True,0.7213174966105931,True,-0.5226533235286395,False
92.48294838518952,21.41004817414381,0.7625037771440228,-4.89806417714362,True,0.469120923292202,False,-0.5075557750359644,False
92.53294838518951,21.41004817414381,0.7239510496665983,-5.123947020137058,True,0.4202699116177917,False,-0.48814564278236394,False
92.58294838518952,21.41004817414381,0.6835192882769298,-5.1676380180632835,True,0.3972055156234422,False,-0.4572886282942675,False
92.63294838518952,21.41004817414381,0.6549315490084765,-4.94747923938275,True,0.41114242025607606,False,-0.44879968501178613,False
92.03294838518951,21.360048174143813,0.48061524597809746,-0.4624799307540373,False,1.2506052911818757,True,-0.40975061156479375,False
92.08294838518952,21.360048174143813,0.4659190744565284,-1.1473334849380108,False,1.3997164087127487,True,-0.1392980713461212,False
92.13294838518952,21.360048174143813,0.45160063106598075,-1.5557880980640424,False,1.468999530716538,True,0.044416381541314776,False
92.18294838518952,21.360048174143813,0.4511628569614259,-1.6987127670418412,False,1.3953438207686797,True,0.1647989453606005,False
92.23294838518952,21.360048174143813,0.5142116903272561,-1.4955771007360996,False,1.2692707959485077,True,0.23562542170263237,False
92.48294838518952,21.360048174143813,0.7804000790678974,-4.311902432737389,True,0.5689153755427796,True,-0.5511534837397796,False
92.53294838518951,21.360048174143813,0.7321927320436109,-5.029540269332138,True,0.4235123312710298,False,-0.5110764660360055,False
92.58294838518952,21.360048174143813,0.7092024089890643,-4.8674864240084705,True,0.43502226329099153,False,-0.5082343689623907,False
92.08294838518952,21.310048174143816,0.4477862292767112,-2.2441758559227702,False,1.2399648642777732,True,-0.1735426523155134,False
92.13294838518952,21.310048174143816,0.43939626234384316,-2.162047287944926,False,1.1808592872562995,True,-0.05392118355780395,False
92.18294838518952,21.310048174143816,0.42859130370965864,-2.093950767054093,False,1.190312614590948,True,0.11833513382825508,False
92.58294838518952,21.310048174143816,0.7026749338608866,-5.015628372566846,True,0.4013765125741001,False,-0.5057147019054016,False
92.08294838518952,21.26004817414381,0.4318984711254927,-2.710379588795039,False,0.9581236834370682,False,-0.24623424051330903,False
92.13294838518952,21.26004817414381,0.42098443285386655,-2.6667893836489265,False,0.8697946317226833,False,-0.12595737183322345,False
92.18294838518952,21.26004817414381,0.41784352912647216,-2.3616323678303415,False,0.8085683968669574,False,-0.032592297272183046,False
92.08294838518952,21.21004817414381,0.4117799362375746,-3.1373115563526266,False,0.7453784377284529,False,-0.27671753534098675,False
92.13294838518952,21.21004817414381,0.40225367675891915,-2.880433649949045,False,0.6153576654885846,False,-0.19567696792759745,False
92.18294838518952,21.21004817414381,0.4016094485581084,-2.5936949634280264,False,0.5698918916785771,False,-0.1445537695796167,False
92.08294838518952,21.16004817414381,0.3904511453202427,-3.1716628337384187,True,0.4942808219623453,False,-0.2594914535042173,False
92.13294838518952,21.16004817414381,0.38530985679874463,-2.9168994257577965,False,0.4120962592618548,False,-0.21695633753653865,False
92.18294838518952,21.16004817414381,0.3747367930585449,-2.8232014217820978,False,0.3739237551635935,False,-0.16669665808174386,False
92.13294838518952,21.110048174143813,0.3763949349531231,-3.046192008391681,False,0.3371905475568283,False,-0.262052114951728,False
92.18294838518952,21.110048174143813,0.34558041519308846,-3.213188265766904,False,0.2939502175247171,False,-0.19039003908006114,False
92.18294838518952,21.060048174143816,0.34803917548115193,-3.3478263182835906,False,0.3112982030531926,False,-0.2842181222151039,False
92.23294838518952,21.060048174143816,0.3983894430791482,-2.932160226949664,False,0.46621735258847896,False,-0.4911574557002347,False
92.23294838518952,21.01004817414381,0.4284044868407692,-3.0311370445385952,False,0.5154310421941508,False,-0.6125642751391934,False
92.23294838518952,20.96004817414381,0.45274501523981014,-3.104330405259536,False,0.5492932257861289,False,-0.6951932594209265,False
92.23294838518952,20.91004817414381,0.4581405356403384,-3.2503240774578437,False,0.5591575269109904,False,-0.7281693526923421,False
92.28294838518951,20.860048174143813,0.5346351025050377,-2.9021964185578053,False,0.673176841753006,True,-0.904097878952981,True
