lon,lat,local_R2,coef_AOD,sig_AOD,coef_CH₄,sig_CH₄,coef_HCHO,sig_HCHO
88.38294838518952,26.560048174143816,0.4673435432675325,0.19624816630005704,False,0.7115795870555881,False,-0.331368660055103,False
88.43294838518952,26.560048174143816,0.4886028051234712,0.292593544600503,False,0.6197538464882517,False,-0.32701395706220804,False
88.38294838518952,26.51004817414381,0.4627718290788961,0.21204720494379337,False,0.6765334388505555,False,-0.3310234309519048,False
88.43294838518952,26.51004817414381,0.48594897044274976,0.3149625960278315,False,0.5778968195965355,False,-0.32667168399186053,False
88.48294838518952,26.51004817414381,0.49982865788178693,0.39731827525739805,False,0.512487521043727,False,-0.3175083835209377,False
88.48294838518952,26.46004817414381,0.4960523910062867,0.4432863936388346,False,0.43593755359083675,False,-0.3129009180084642,False
88.53294838518953,26.46004817414381,0.5205396237179831,0.5600720636256175,False,0.32652530249250766,False,-0.2955357778200337,False
88.58294838518952,26.46004817414381,0.5319572779277725,0.6149064278055292,False,0.3065112805338224,False,-0.28054134397850183,False
88.53294838518953,26.41004817414381,0.5060172322509722,0.6094851461468327,False,0.2280439244234358,False,-0.2750182478199712,False
88.58294838518952,26.41004817414381,0.5205604486593485,0.6861180350775661,False,0.19403825667160568,False,-0.2540663664306475,False
88.63294838518952,26.41004817414381,0.5407059684449178,0.7231128793328934,False,0.20597805379168888,False,-0.23053519924841054,False
88.93294838518952,26.41004817414381,0.24507881952186197,-0.203029918926259,False,0.3008077212422016,False,-0.02601968542688135,False
88.98294838518952,26.41004817414381,0.2499390995739439,-0.16095524229220914,False,0.2809025462210625,False,-0.01671344256258417,False
89.03294838518953,26.41004817414381,0.29114885268357155,-0.04073356885916897,False,0.2496036978738358,False,0.002140044620090653,False
88.48294838518952,26.360048174143817,0.441254822934568,0.5107890446142155,False,0.21452101221033737,False,-0.2754662656081194,False
88.53294838518953,26.360048174143817,0.47027227880930605,0.6510275857813754,False,0.0817721016925701,False,-0.23055142312050245,False
88.58294838518952,26.360048174143817,0.517700864202433,0.7582533432761319,False,0.01709331176589235,False,-0.20545628525191473,False
88.63294838518952,26.360048174143817,0.5521344323424539,0.8014431353133478,False,0.07056548789042438,False,-0.18727235341590573,False
88.68294838518952,26.360048174143817,0.549253855687015,0.7432952714782602,False,0.320091292064884,False,-0.17610818060261035,False
88.93294838518952,26.360048174143817,0.25189632376720056,-0.10955449287798155,False,0.1904014362940868,False,-0.013042961514894674,False
88.98294838518952,26.360048174143817,0.3128169490884476,0.06894906682156277,False,0.1319995519234458,False,-0.0033391035657816814,False
89.03294838518953,26.360048174143817,0.3379176671118759,0.1195632293452846,False,0.13713640803425142,False,0.01686502664272277,False
89.08294838518952,26.360048174143817,0.3841870517488893,0.23128600788383635,False,0.08701872492316247,False,0.0328371057516367,False
88.38294838518952,26.310048174143816,0.2809870608579567,0.13833480886818017,False,0.2266179355363882,False,-0.2282559616923039,False
88.43294838518952,26.310048174143816,0.3415568914190916,0.28165890123138626,False,0.15843029522160523,False,-0.2679287925035685,False
88.48294838518952,26.310048174143816,0.40165129143435824,0.49872237689659205,False,-0.0314093494338476,False,-0.23183837296648585,False
88.53294838518953,26.310048174143816,0.46784572070050007,0.6786153512961034,False,-0.19101155686225457,False,-0.16102835554779085,False
88.58294838518952,26.310048174143816,0.5242248830651746,0.7824734141925416,False,-0.2076962887805641,False,-0.13740367959851377,False
88.63294838518952,26.310048174143816,0.5470199463367267,0.8314890708797704,False,-0.0753243648329272,False,-0.1362297387794662,False
88.68294838518952,26.310048174143816,0.5402618580356169,0.8023513904705943,False,0.21807535390383592,False,-0.13760227347095155,False
88.73294838518952,26.310048174143816,0.4859130283877875,0.7735798375205588,False,0.5330850300427253,False,-0.15359590312213614,False
88.78294838518953,26.310048174143816,0.4175862344288822,0.6569148358598234,False,0.5562716728581334,False,-0.13164303123859547,False
89.03294838518953,26.310048174143816,0.3934841183301317,0.31165220672235416,False,-0.008390558779035828,False,0.037016261779981297,False
89.08294838518952,26.310048174143816,0.45935152085197545,0.4560335940581796,False,-0.08509080945288752,False,0.050318028484759386,False
89.13294838518952,26.310048174143816,0.47538985244265314,0.5455238555273766,False,-0.16508524158163934,False,0.05179093785964742,False
88.38294838518952,26.26004817414381,0.27569594142759507,0.12468514790241743,False,-0.14774909482991627,False,-0.13962126544010522,False
88.43294838518952,26.26004817414381,0.387015609701244,0.17052458628041525,False,-0.277359532028039,False,-0.18991171181954652,False
88.48294838518952,26.26004817414381,0.4345230220585946,0.3417112709954391,False,-0.45449215576383784,False,-0.18097591430965904,False
88.53294838518953,26.26004817414381,0.48395379782105574,0.5202885143540056,False,-0.6448903228685997,False,-0.08564493629220266,False
88.58294838518952,26.26004817414381,0.5108533952565544,0.598230232083502,False,-0.6588260671560422,False,-0.05436568767048,False
88.63294838518952,26.26004817414381,0.5211287944593137,0.6530612932211471,False,-0.5044273593321642,False,-0.059582540615839064,False
88.68294838518952,26.26004817414381,0.5268889717473794,0.7177524407664991,False,-0.056659715022497226,False,-0.08398199327949579,False
88.73294838518952,26.26004817414381,0.5105551779664848,0.8212701020796984,False,0.4331953277077528,False,-0.13177006287430482,False
88.78294838518953,26.26004817414381,0.47762756102212306,0.8230411666318156,False,0.49364944775050934,False,-0.1400355846626779,False
88.83294838518952,26.26004817414381,0.4175298975722264,0.6431517424507069,False,0.27457081813193507,False,-0.088984317706546,False
88.88294838518952,26.26004817414381,0.39584292794324244,0.4043975502771953,False,-0.05997688124621586,False,0.0027549333346507388,False
88.93294838518952,26.26004817414381,0.412489617190752,0.4618380671197607,False,-0.1762745627488716,False,0.036854555650815135,False
89.08294838518952,26.26004817414381,0.5265925502255326,0.7153206847785338,False,-0.286791189717672,False,0.07660177943988652,False
89.13294838518952,26.26004817414381,0.5286547128083691,0.8069661707573372,False,-0.39175237264307006,False,0.08291798058063439,False
88.33294838518952,26.21004817414381,0.13836421988444123,0.09351984899438603,False,-0.046133289939349176,False,-0.0812870040381034,False
88.38294838518952,26.21004817414381,0.24933785142712658,0.12822945876050537,False,-0.22812814355578825,False,-0.0639122539381628,False
88.43294838518952,26.21004817414381,0.3860825106394631,0.16820878874811762,False,-0.4292965778891368,False,-0.09799609167748091,False
88.48294838518952,26.21004817414381,0.49883516986409115,0.24271973512546552,False,-0.773308107092358,False,-0.05600149117411096,False
88.53294838518953,26.21004817414381,0.5520669289827383,0.25234717887148617,False,-0.9305594369520058,False,-0.022385714703864468,False
88.58294838518952,26.21004817414381,0.5594712053491326,0.2742612520742203,False,-0.9773918304917915,False,0.02502075246959906,False
88.63294838518952,26.21004817414381,0.5386794264081533,0.34512743214932445,False,-0.909742490862627,False,0.02968856905867956,False
88.68294838518952,26.21004817414381,0.5411454839386974,0.4485248052854667,False,-0.47269117881702094,False,0.020567110618843754,False
88.73294838518952,26.21004817414381,0.5406963816533882,0.5474570077558977,False,0.011275016404908578,False,0.0024263976440171975,False
88.78294838518953,26.21004817414381,0.5101963356635825,0.6500382768458699,False,0.2142693124632355,False,-0.033842008139439994,False
88.83294838518952,26.21004817414381,0.47620135787800616,0.7681197821925256,False,0.15749050271117732,False,-0.061941776922420325,False
88.88294838518952,26.21004817414381,0.4847766210927703,0.7819117747157329,False,-0.1585256043127508,False,0.004896119397271803,False
88.93294838518952,26.21004817414381,0.5290880421272345,0.9413874179955721,False,-0.34915348669449287,False,0.07939791788104456,False
88.98294838518952,26.21004817414381,0.5577872045802638,1.0238347009769853,False,-0.454208692215187,False,0.11861388295160863,False
89.03294838518953,26.21004817414381,0.5895118825742008,1.044264881683922,False,-0.48629428547048925,False,0.11698032554841692,False
89.08294838518952,26.21004817414381,0.5901561033513558,1.0517595698732538,False,-0.49913585140520456,False,0.12768887260195902,False
89.13294838518952,26.21004817414381,0.5834991776753176,1.0721649604402799,False,-0.5470613747665342,False,0.12993183766768618,False
89.68294838518952,26.21004817414381,0.5647785603316082,-0.7261054318409466,False,-0.7667186176364478,False,0.22255301198895738,False
88.23294838518952,26.16004817414381,0.31348959437873625,-0.10468268050652174,False,0.12506676034641434,False,-0.1577348977201769,False
88.28294838518953,26.16004817414381,0.27576044220267354,-0.07172282519276041,False,0.05992701595685446,False,-0.12979578021411203,False
88.33294838518952,26.16004817414381,0.2503011174783758,-0.05017047466964325,False,-0.008159431775978443,False,-0.08696501685814872,False
88.38294838518952,26.16004817414381,0.23088656842944108,0.03553867854191291,False,-0.15634126886613975,False,-0.013973241707745165,False
88.43294838518952,26.16004817414381,0.36171733328015304,0.12230479543867145,False,-0.5516314997653025,False,0.044924750369176536,False
88.48294838518952,26.16004817414381,0.5007382000206841,0.22941284873598622,False,-0.8552511953907347,False,0.07540649302530597,False
88.53294838518953,26.16004817414381,0.6061657603820042,0.1576986145546314,False,-0.9887703788476585,False,0.10478981402331991,False
88.58294838518952,26.16004817414381,0.6252941126927103,0.14543624021570384,False,-1.0086267003839593,False,0.1287482385698271,False
88.63294838518952,26.16004817414381,0.5821187240845201,0.22272654100325057,False,-0.9774823597771921,False,0.11457685475809273,False
88.68294838518952,26.16004817414381,0.5224538448414373,0.28997370792693533,False,-0.728698561341991,False,0.0922480108210663,False
88.73294838518952,26.16004817414381,0.48639916090801155,0.2916378706595366,False,-0.21443262642336713,False,0.10194826990072783,False
88.78294838518953,26.16004817414381,0.4806844497344903,0.3803312993886371,False,-0.007651838755762516,False,0.08499245929290894,False
88.83294838518952,26.16004817414381,0.4887524469046008,0.5994728113252186,False,-0.04283185163103509,False,0.022717304405865002,False
88.88294838518952,26.16004817414381,0.5173941559309931,0.8077979052737809,False,-0.22187862426805335,False,0.042452277824121754,False
88.93294838518952,26.16004817414381,0.5746342484889192,1.0313809485155705,False,-0.34320468528734444,False,0.09813190743447495,False
88.98294838518952,26.16004817414381,0.6133654343802076,1.1796556888135012,False,-0.42658074382166455,False,0.12978545450419127,False
89.03294838518953,26.16004817414381,0.6252879137379297,1.2342515308296038,False,-0.49053198518336855,False,0.1376687027641299,False
89.08294838518952,26.16004817414381,0.6082694081875766,1.224119246995943,False,-0.4749415576527375,False,0.1406628308278202,False
89.13294838518952,26.16004817414381,0.5897295222112048,1.1948092349437074,False,-0.49735760950208163,False,0.11046225739848596,False
89.63294838518952,26.16004817414381,0.5665380075270487,-0.814442097562967,False,-0.7666295901611677,False,0.19167339933336158,False
89.68294838518952,26.16004817414381,0.5563164044167073,-0.6259155182463775,False,-0.7222548683532841,False,0.2126283492490394,False
89.73294838518952,26.16004817414381,0.5674683468852015,-0.45897613284879096,False,-0.6795701392818716,False,0.22302104797411532,False
88.18294838518952,26.110048174143817,0.3728835514403426,-0.22568784663810315,False,0.2987767768776743,False,-0.205631638779246,False
88.23294838518952,26.110048174143817,0.37558315311247054,-0.2470116931744908,False,0.21172247212130024,False,-0.17246323052107287,False
88.28294838518953,26.110048174143817,0.37512634234937464,-0.2983928908090384,False,0.0772469897475031,False,-0.12780223857856787,False
88.33294838518952,26.110048174143817,0.3554820085242414,-0.3384340682545863,False,-0.08654139660263602,False,-0.0669704147754488,False
88.38294838518952,26.110048174143817,0.3609993448111216,-0.3645669388184698,False,-0.2685400889962059,False,0.02246195702629361,False
88.43294838518952,26.110048174143817,0.34279195501840415,-0.25738591016190737,False,-0.6391478989273282,False,0.14449050575971178,False
88.48294838518952,26.110048174143817,0.4625379593738558,-0.1578197409611239,False,-1.0301815635667553,False,0.1881843137575644,False
88.53294838518953,26.110048174143817,0.5818115820394308,0.001975261090867264,False,-1.0315167643240006,False,0.1691911407085589,False
88.58294838518952,26.110048174143817,0.6161032125456904,0.11766961472706425,False,-0.9929738215802434,False,0.1775714700204648,False
88.63294838518952,26.110048174143817,0.5978652700496047,0.20747111684573025,False,-0.989826613163054,False,0.15269931098463463,False
88.68294838518952,26.110048174143817,0.5198915612590225,0.22907070173439176,False,-0.7731686915659726,False,0.07921146570691856,False
88.73294838518952,26.110048174143817,0.43258410904445715,0.1465434713135422,False,-0.24395907586336985,False,0.061181472000495535,False
88.78294838518953,26.110048174143817,0.3993514412850954,0.20286889247499434,False,-0.07459708415702884,False,0.07281660272274756,False
88.83294838518952,26.110048174143817,0.3994086637194113,0.3687563051339689,False,-0.13476517428662133,False,0.05300918355776399,False
88.88294838518952,26.110048174143817,0.4610098738665986,0.4956803157414982,False,-0.20090691060999888,False,0.03180655411408996,False
88.93294838518952,26.110048174143817,0.5123881643814067,0.609653282077949,False,-0.18790982143859394,False,0.0479787238279,False
88.98294838518952,26.110048174143817,0.564561303258468,0.9215179743324401,False,-0.2091348327804894,False,0.07527547680050184,False
89.03294838518953,26.110048174143817,0.5774022681241304,1.2122478365956852,False,-0.27061016248901404,False,0.0784110426914969,False
89.08294838518952,26.110048174143817,0.5442363265313429,1.220632452314244,False,-0.3076925166184007,False,0.07698580971115676,False
89.13294838518952,26.110048174143817,0.5154832742595503,1.119445316845485,False,-0.3364046821907424,False,0.039594990654756745,False
89.18294838518952,26.110048174143817,0.4956075378437781,0.9831116922029259,False,-0.3602194522222207,False,-0.004403403262917327,False
89.23294838518952,26.110048174143817,0.4408690738148371,0.8244227346488795,False,-0.3631351874777625,False,-0.04729747033096272,False
89.63294838518952,26.110048174143817,0.5740366815888457,-0.7714978424111654,False,-0.708289581388267,False,0.1595366009881505,False
89.68294838518952,26.110048174143817,0.550814474310048,-0.5037432143961731,False,-0.6668163823825921,False,0.19628304528896245,False
89.73294838518952,26.110048174143817,0.5764921436424332,-0.3256977067841438,False,-0.628965867187244,False,0.20862808314561243,False
89.78294838518953,26.110048174143817,0.5946670116900767,-0.17970656397883222,False,-0.5989911341725509,False,0.21428732814823395,False
88.18294838518952,26.060048174143816,0.37394518564519985,-0.2441307514464769,False,0.35108641533663887,False,-0.20578664119917617,False
88.23294838518952,26.060048174143816,0.3851077854786012,-0.28340998637484394,False,0.2965368613210193,False,-0.18385079123558537,False
88.28294838518953,26.060048174143816,0.4057670807811341,-0.39152513074026696,False,0.16037178845929478,False,-0.13542805687059742,False
88.33294838518952,26.060048174143816,0.4284156306339944,-0.5893182187525066,False,-0.1362205940003245,False,-0.041804951375055736,False
88.38294838518952,26.060048174143816,0.44045538228035097,-0.7768809096986835,False,-0.568931560166988,False,0.07846857187895784,False
88.43294838518952,26.060048174143816,0.43073550535613275,-0.760094929086178,False,-0.9927938720568427,False,0.1738208630415282,False
88.48294838518952,26.060048174143816,0.4630634171432732,-0.5927930727856917,False,-1.2425712810268257,False,0.21727148688807835,False
88.53294838518953,26.060048174143816,0.5421099300936914,-0.252776243406861,False,-1.132739624391532,False,0.16591996105856296,False
88.58294838518952,26.060048174143816,0.5932735428917087,0.023142693858171248,False,-1.0403944083900165,False,0.14421046289973383,False
88.63294838518952,26.060048174143816,0.608108439878645,0.14020960100724045,False,-0.9765399467743456,False,0.08934414444918137,False
88.68294838518952,26.060048174143816,0.5352492045986409,0.03852633482797713,False,-0.6818421766537255,False,-0.04445465561623349,False
88.73294838518952,26.060048174143816,0.4213740366009082,-0.029914884150512758,False,-0.30296242344839286,False,-0.03943718125945635,False
88.78294838518953,26.060048174143816,0.3107023967182693,0.02810452310410666,False,-0.14080780458935524,False,0.025123612666111003,False
88.83294838518952,26.060048174143816,0.28789970949729665,0.0650171349409226,False,-0.15261651001086898,False,0.03356775268616716,False
88.88294838518952,26.060048174143816,0.3576635814265086,0.089006926582191,False,-0.12949715942928602,False,0.014377277542849079,False
88.93294838518952,26.060048174143816,0.3571730655803,0.20654755206935618,False,0.03497235197618237,False,-0.004045658009722494,False
88.98294838518952,26.060048174143816,0.3621160558778314,0.49078542101895084,False,0.043516257164541716,False,-0.022292157413327546,False
89.03294838518953,26.060048174143816,0.4019557880532348,1.0380278279382003,False,-0.03965433534385043,False,-0.01820796952189585,False
89.08294838518952,26.060048174143816,0.40043179138485785,1.090490343352743,False,-0.15113736471408246,False,-0.0031374014747590773,False
89.13294838518952,26.060048174143816,0.3574034068938038,0.8772452936761669,False,-0.21946831751539325,False,-0.019423291398679127,False
89.18294838518952,26.060048174143816,0.3017240486579282,0.5704657313176369,False,-0.22637168688242826,False,-0.048184997457509635,False
89.23294838518952,26.060048174143816,0.28954259848888264,0.5162752124567918,False,-0.25985330943381674,False,-0.07605346483005802,False
89.28294838518953,26.060048174143816,0.25935194507512477,0.26100277648546377,False,-0.25818904404344295,False,-0.08175775439649612,False
89.63294838518952,26.060048174143816,0.5393281089319908,-0.708844150567799,False,-0.6089857322481804,False,0.11539849770934028,False
89.68294838518952,26.060048174143816,0.556282348190926,-0.39684521842774634,False,-0.6069939218887368,False,0.16816792075633324,False
89.73294838518952,26.060048174143816,0.5907434333464177,-0.1862677091741131,False,-0.5766741284691095,False,0.1882406956823537,False
89.78294838518953,26.060048174143816,0.6101918104183786,-0.016169410840008468,False,-0.5476122175706056,False,0.19555354804861677,False
88.18294838518952,26.01004817414381,0.3406823508329039,-0.1841188528233726,False,0.3459594791054761,False,-0.186015700104172,False
88.23294838518952,26.01004817414381,0.34693693210860227,-0.20995532954631646,False,0.34253712643734535,False,-0.18453068802061612,False
88.28294838518953,26.01004817414381,0.36885783977825753,-0.3194753480321224,False,0.2669845332072356,False,-0.14867932916045096,False
88.33294838518952,26.01004817414381,0.3980790452091621,-0.6328729431497351,False,0.09042439546774117,False,-0.052767153731428484,False
88.38294838518952,26.01004817414381,0.44176665199118414,-0.8638127529678414,False,-0.24446885102398985,False,0.07968906319168648,False
88.43294838518952,26.01004817414381,0.45974819911660275,-0.8617954991910179,False,-0.7328523223045216,False,0.15307518510503124,False
88.48294838518952,26.01004817414381,0.4610091281435551,-0.6817600159583582,False,-0.9747613499175826,False,0.16329279300200558,False
88.53294838518953,26.01004817414381,0.4964392740597937,-0.33957727618420896,False,-0.9604420453842903,False,0.09322525202754388,False
88.58294838518952,26.01004817414381,0.5463324380425687,-0.01472966864859538,False,-0.9204427466666073,False,0.05310280166060419,False
88.63294838518952,26.01004817414381,0.555336378553478,0.07259229677346452,False,-0.7591872478873852,False,-0.00024057648166320167,False
88.68294838518952,26.01004817414381,0.4736807383004735,-0.04013411472488365,False,-0.5277523644061063,False,-0.0792477762604276,False
88.73294838518952,26.01004817414381,0.3881065415191315,-0.05928220634652667,False,-0.3004883347430434,False,0.005902196220768815,False
88.78294838518953,26.01004817414381,0.366369739822635,-0.07292468586793505,False,-0.1257204358222639,False,0.14035941080682712,False
88.83294838518952,26.01004817414381,0.4232758420526996,-0.09321838342818642,False,-0.11470650448001825,False,0.15482317111094232,False
88.88294838518952,26.01004817414381,0.44594388258917245,-0.03437796036952756,False,0.07005634670795326,False,0.07766339893000293,False
88.93294838518952,26.01004817414381,0.39254022591314147,0.23553449285676412,False,0.31633978907850846,False,-0.04144949824488421,False
88.98294838518952,26.01004817414381,0.33399155380434375,0.4883943782591185,False,0.22096148104057095,False,-0.10501486314524687,False
89.03294838518953,26.01004817414381,0.30114441543455994,0.68379508031574,False,0.04862329957296585,False,-0.09471785136571151,False
89.08294838518952,26.01004817414381,0.29363568518025296,0.8034462453053395,False,-0.1350857304727548,False,-0.05790195973917628,False
89.13294838518952,26.01004817414381,0.28648535275522424,0.6839489122952171,False,-0.21706338244695583,False,-0.05827393711061529,False
89.18294838518952,26.01004817414381,0.2839282916885766,0.5082157586820375,False,-0.21344580884096054,False,-0.08209351273270606,False
89.23294838518952,26.01004817414381,0.2564496479660209,0.4077655081756697,False,-0.2252005831109491,False,-0.09521469809873473,False
89.28294838518953,26.01004817414381,0.30231998183769904,0.06459915720109649,False,-0.10804645416176567,False,-0.08047911398679289,False
89.33294838518952,26.01004817414381,0.40703157049080496,-0.46393820508247563,False,0.016304396504285112,False,-0.006212115751196026,False
89.38294838518952,26.01004817414381,0.5452089822294189,-0.963553116535688,False,0.019084726115820932,False,0.0965243146789955,False
89.43294838518952,26.01004817414381,0.6972924779638453,-1.329717661586477,False,-0.2160549214272643,False,0.07411373428363466,False
89.58294838518952,26.01004817414381,0.6782712298267536,-1.4972945862622562,True,-0.48711619584269905,False,-0.09963648107080406,False
89.63294838518952,26.01004817414381,0.4823559229217287,-0.867554672870787,False,-0.5070097369155874,False,0.022358158151606612,False
89.68294838518952,26.01004817414381,0.5589592908756107,-0.32798034982830815,False,-0.5477925589878957,False,0.13043173543964615,False
89.73294838518952,26.01004817414381,0.6048340928820767,-0.04025360468196412,False,-0.5314608181507189,False,0.161604186234591,False
89.78294838518953,26.01004817414381,0.6253156214941261,0.1590586647002418,False,-0.5015467514358884,False,0.17172492500275444,False
89.83294838518952,26.01004817414381,0.6405053578343226,0.2886922216610932,False,-0.5073099359722955,False,0.1654652055919149,False
88.13294838518952,25.96004817414381,0.31782366663536876,-0.017623182987020147,False,0.27730880478580366,False,-0.1592632543416866,False
88.18294838518952,25.96004817414381,0.32098377226271535,-0.0025342854629022415,False,0.25826265102180934,False,-0.153126949726604,False
88.23294838518952,25.96004817414381,0.29154717822542026,0.06387537253563158,False,0.21063320801404628,False,-0.13574416568694803,False
88.28294838518953,25.96004817414381,0.30846938894064896,0.0388036279994779,False,0.15541548435412755,False,-0.1214012020646123,False
88.33294838518952,25.96004817414381,0.3433332541393655,-0.32171152774789025,False,0.28572940532247326,False,-0.07046882310891603,False
88.38294838518952,25.96004817414381,0.39901537164905343,-0.7077943930038728,False,0.30439014288114397,False,0.045096567150441524,False
88.43294838518952,25.96004817414381,0.42423596050036905,-0.7521187727163066,False,-0.09869074160891456,False,0.1288637874419345,False
88.48294838518952,25.96004817414381,0.4342281227889059,-0.5982891917003736,False,-0.40635872488888725,False,0.111213445603071,False
88.53294838518953,25.96004817414381,0.45107227904451275,-0.2222187012584891,False,-0.5446428033125931,False,0.03434328947747084,False
88.58294838518952,25.96004817414381,0.49162704069161234,0.24975994606308707,False,-0.5934336078145758,False,0.013831034537170224,False
88.63294838518952,25.96004817414381,0.46153880979737405,0.3814029246153486,False,-0.4167305263448514,False,0.01654368958196171,False
88.68294838518952,25.96004817414381,0.3754951470404657,0.25773208856984553,False,-0.2514968688222429,False,0.05688704024051349,False
88.73294838518952,25.96004817414381,0.3782112334463331,0.09831168318434691,False,-0.1165225353053112,False,0.18165561755339613,False
88.78294838518953,25.96004817414381,0.5144101333655122,-0.033911125008577125,False,-0.036058567119432255,False,0.2918375575060644,False
88.83294838518952,25.96004817414381,0.6112824607516891,-0.03654808779666999,False,-0.05962088564508988,False,0.28587945752375576,False
88.88294838518952,25.96004817414381,0.630205778653673,0.006859206565418323,False,0.3078933064722312,False,0.10789709716487332,False
88.93294838518952,25.96004817414381,0.5634708038444548,0.29641620322730206,False,0.6132398465361183,False,-0.0928471454527251,False
88.98294838518952,25.96004817414381,0.4547155211059406,0.5962620737427065,False,0.30738658769076205,False,-0.11860814906632508,False
89.03294838518953,25.96004817414381,0.3498851159828923,0.6970598212633381,False,0.03934199061640489,False,-0.09813984202697126,False
89.08294838518952,25.96004817414381,0.29789703109961785,0.7089730640526744,False,-0.17154789705780907,False,-0.07447740912961437,False
89.13294838518952,25.96004817414381,0.2924858250983244,0.7165734455026285,False,-0.3009409163625444,False,-0.05779162361116072,False
89.18294838518952,25.96004817414381,0.3117546089137876,0.6820424176342259,False,-0.34444337148890425,False,-0.04884329308098005,False
89.23294838518952,25.96004817414381,0.3293063446375435,0.4441490347762812,False,-0.23105576932868974,False,-0.03825624678149417,False
89.28294838518953,25.96004817414381,0.34543354247109287,-0.0972003606873201,False,-0.03408357920142744,False,0.017467110032737466,False
89.33294838518952,25.96004817414381,0.4029403309652443,-0.5528859784767317,False,0.09168024037414156,False,0.13244122593639063,False
89.38294838518952,25.96004817414381,0.5499067002926424,-0.9745875309195116,False,0.2098319644567576,False,0.08931072563250446,False
89.43294838518952,25.96004817414381,0.6607841071454209,-1.228987326636363,False,0.09948978484666547,False,0.04173392325980335,False
89.48294838518952,25.96004817414381,0.7419358780567343,-1.4908431352947615,True,-0.13176483302616443,False,0.023796115355568862,False
89.53294838518953,25.96004817414381,0.7500603589812987,-1.6913059347457313,True,-0.38326967397835454,False,-0.0647603740073845,False
89.58294838518952,25.96004817414381,0.649457701992987,-1.6192881440073539,True,-0.3795584063979856,False,-0.10834763013108611,False
89.63294838518952,25.96004817414381,0.4445287211335416,-1.2218055446967884,False,-0.4140030512303582,False,-0.07494469427423675,False
89.68294838518952,25.96004817414381,0.5384813136007102,-0.36760159911356605,False,-0.4916965746690514,False,0.08542821462134542,False
89.73294838518952,25.96004817414381,0.6081576322743198,0.1199822048397797,False,-0.4799786795450922,False,0.1370098803474169,False
89.78294838518953,25.96004817414381,0.6353097460770426,0.3771552482708869,False,-0.4785152321873173,False,0.1368283609723282,False
89.83294838518952,25.96004817414381,0.6466026610977487,0.5959181353443139,False,-0.4777592049318391,False,0.11252320879365257,False
88.13294838518952,25.91004817414381,0.36894085443748736,0.22648967013058519,False,0.13708189083618816,False,-0.12847899174777133,False
88.18294838518952,25.91004817414381,0.38766648492716144,0.31976567382019416,False,0.06149410074997386,False,-0.11871889126560664,False
88.23294838518952,25.91004817414381,0.39828036994282956,0.4787286839540643,False,-0.06911856748999323,False,-0.09952964518486973,False
88.28294838518953,25.91004817414381,0.4122991289486792,0.5793221632807435,False,-0.11665670309967702,False,-0.08034085540957459,False
88.33294838518952,25.91004817414381,0.42794776519045835,0.3923284973969443,False,0.2045796211510238,False,-0.038343040229370184,False
88.38294838518952,25.91004817414381,0.4425998457720582,0.033719720832693256,False,0.6552300824655972,False,0.013792948705581343,False
88.43294838518952,25.91004817414381,0.43826381971824474,-0.11959378337398822,False,0.5906968440759389,False,0.08994385046030262,False
88.48294838518952,25.91004817414381,0.4370923209000726,-0.10803122301238335,False,0.22188985471002243,False,0.09190896000629722,False
88.53294838518953,25.91004817414381,0.47369803607736033,0.25264906643786833,False,-0.07774535185425598,False,0.02795780783863446,False
88.58294838518952,25.91004817414381,0.51608120443407,0.7716752106500611,False,-0.20397581641020074,False,0.030692201737619412,False
88.63294838518952,25.91004817414381,0.4623895819168071,0.9226777680594005,False,-0.03446352745230605,False,0.10464918969202876,False
88.68294838518952,25.91004817414381,0.34581651275502745,0.8616093970955865,False,0.05061482262975049,False,0.20805694984781187,False
88.73294838518952,25.91004817414381,0.44837878412205623,0.7461585059268201,False,0.01065228676635549,False,0.2960839485362123,False
88.78294838518953,25.91004817414381,0.6374324446346442,0.5808314664879322,False,-0.10332444070701993,False,0.32643747355718167,False
88.83294838518952,25.91004817414381,0.7074104605201413,0.3742066282204284,False,-0.10135836329554349,False,0.2869874526038818,False
88.88294838518952,25.91004817414381,0.7099278896227501,0.16735146838757559,False,0.4761637679214069,False,0.05950252920406922,False
88.93294838518952,25.91004817414381,0.6651380872837613,0.39681613210832123,False,0.7130073619606561,False,-0.0996420873266501,False
88.98294838518952,25.91004817414381,0.5440187820499182,0.7333928489388127,False,0.30558745519454183,False,-0.08834245697509052,False
89.03294838518953,25.91004817414381,0.41910555693129153,0.8479853275946244,False,-0.039924216524755696,False,-0.04629437652074905,False
89.08294838518952,25.91004817414381,0.33873880980583243,0.8142350624782125,False,-0.23926103079837038,False,-0.015464444167949634,False
89.13294838518952,25.91004817414381,0.32491527633507117,0.7210802490204073,False,-0.35061294326708325,False,0.028033119049185488,False
89.18294838518952,25.91004817414381,0.3672703749492347,0.6305061329035291,False,-0.3780954404063105,False,0.1022672539291669,False
89.23294838518952,25.91004817414381,0.3945558307305731,0.18618601581732627,False,-0.20247155379364656,False,0.1569422320372281,False
89.28294838518953,25.91004817414381,0.3667223666498146,-0.35891851171260863,False,0.025604804092187995,False,0.1891001055959388,False
89.33294838518952,25.91004817414381,0.44993715925950967,-0.6756690571957629,False,0.19831181840025822,False,0.14501127249103948,False
89.38294838518952,25.91004817414381,0.5450065969075206,-0.8713376268726354,False,0.3161182976400867,False,0.051336748491768246,False
89.43294838518952,25.91004817414381,0.642720463516786,-1.0716390227373482,False,0.30816474609460687,False,0.024920096115481988,False
89.48294838518952,25.91004817414381,0.7044923765727634,-1.3089069152684678,False,0.16320365989504979,False,0.05169624013184043,False
89.53294838518953,25.91004817414381,0.7121146117012731,-1.399662652832811,True,0.003894417399375294,False,0.05462352333193762,False
89.58294838518952,25.91004817414381,0.6088681607251291,-1.1699289759263152,False,-0.07819999075569076,False,0.05300060069368773,False
89.63294838518952,25.91004817414381,0.44712396810342325,-0.9346843050019931,False,-0.20511140240529452,False,0.0053713889621542785,False
89.68294838518952,25.91004817414381,0.47990689606623405,-0.27886373019814487,False,-0.3219989718156834,False,0.06761924881113483,False
89.73294838518952,25.91004817414381,0.5744520289554788,0.3196802201481605,False,-0.39288320833072665,False,0.12520875258413677,False
89.78294838518953,25.91004817414381,0.6086802278408894,0.655380057725778,False,-0.41956415870272956,False,0.11255197744898712,False
89.83294838518952,25.91004817414381,0.6191919485452743,0.8967884123653205,False,-0.4436125961810826,False,0.07172758943569449,False
88.13294838518952,25.860048174143817,0.4763441788975448,0.48806489552007415,False,-0.02728787423092749,False,-0.1251880618078195,False
88.18294838518952,25.860048174143817,0.49970137058608755,0.6587201876486697,False,-0.1565193764309094,False,-0.11611489865992086,False
88.23294838518952,25.860048174143817,0.5389510964974413,0.7720511011802178,False,-0.21277380422504066,False,-0.11857095563914932,False
88.28294838518953,25.860048174143817,0.5700830653985913,0.8161967260400251,False,-0.11267400081797785,False,-0.10820603448494615,False
88.33294838518952,25.860048174143817,0.590359604301948,0.8102603319345296,False,0.4212479246265479,False,-0.0514272539980013,False
88.38294838518952,25.860048174143817,0.5978314628704519,0.6327117042303082,False,1.20404286345841,False,-0.04020097707580084,False
88.43294838518952,25.860048174143817,0.5320701667754532,0.5967293001315359,False,1.4488007540948658,False,-0.01053070569289205,False
88.48294838518952,25.860048174143817,0.5006544910616639,0.4783815738012074,False,1.1563006636875823,False,-0.012122404781116314,False
88.53294838518953,25.860048174143817,0.49384041768062836,0.5898171222417486,False,0.6351128640281272,False,-0.030009594807273,False
88.58294838518952,25.860048174143817,0.49377126295680573,0.8948109887395342,False,0.2035797081425963,False,0.030144962699286654,False
88.63294838518952,25.860048174143817,0.4323948832329883,1.0096690159042958,False,0.19690597682934918,False,0.15099599526090732,False
88.68294838518952,25.860048174143817,0.3488154895509944,1.1680523196019994,False,0.1937813698606241,False,0.2584166430965851,False
88.73294838518952,25.860048174143817,0.4972939155134286,1.5112520260958098,False,0.022267049408470664,False,0.3169182637934258,False
88.78294838518953,25.860048174143817,0.673138226527685,1.3947298768607133,False,-0.2032548497469708,False,0.3495955508931371,False
88.83294838518952,25.860048174143817,0.7285216648164337,0.7828155001883716,False,-0.2664320321834116,False,0.24999334733847312,False
88.88294838518952,25.860048174143817,0.7144029413762976,0.42917867537960175,False,0.3939177819436862,False,0.006342976947339207,False
88.93294838518952,25.860048174143817,0.6524755624078693,0.5959877299523507,False,0.6568701107859315,False,-0.12604896558332274,False
88.98294838518952,25.860048174143817,0.5710764346440449,0.9308751768251445,False,0.09176738311516286,False,-0.08048907950613848,False
89.03294838518953,25.860048174143817,0.5114627817612424,0.9935381599448472,False,-0.2718458047104886,False,-0.024157881180400617,False
89.08294838518952,25.860048174143817,0.4707878709053557,0.8131430378245766,False,-0.2803390746049589,False,0.06346743522619426,False
89.13294838518952,25.860048174143817,0.4681738169542501,0.5787318627458571,False,-0.0756150929093719,False,0.18474785355696272,False
89.18294838518952,25.860048174143817,0.47107554380204664,0.24250410198533004,False,-0.01955877712593733,False,0.25436934868331085,False
89.23294838518952,25.860048174143817,0.45370379016581247,-0.08417436407773937,False,0.039489468766773145,False,0.29103955913990465,False
89.28294838518953,25.860048174143817,0.43558631996629016,-0.3842527549479319,False,0.09114144228722768,False,0.2687219450240903,False
89.33294838518952,25.860048174143817,0.42775926182198676,-0.5155522983321159,False,0.17053373369823854,False,0.14926799747144198,False
89.38294838518952,25.860048174143817,0.5179018317993261,-0.5973257512079708,False,0.3110868531947345,False,-0.010287026885135116,False
89.43294838518952,25.860048174143817,0.6080973600907065,-0.732249087517232,False,0.3475096784437506,False,-0.009589484578503317,False
89.48294838518952,25.860048174143817,0.6455663697652196,-0.9948022384414058,False,0.2873936003004788,False,0.0687191556323683,False
89.53294838518953,25.860048174143817,0.659525132743773,-1.0928243579670907,False,0.1882462412690726,False,0.13354900758422483,False
89.58294838518952,25.860048174143817,0.5843946263893641,-0.7891864021085142,False,0.0703608793950397,False,0.16527973339039476,False
89.63294838518952,25.860048174143817,0.44105380492439783,-0.4454886546804969,False,-0.07145037924269569,False,0.1463296867045023,False
89.68294838518952,25.860048174143817,0.4263862466136433,-0.04842129912338185,False,-0.20425330844723677,False,0.10482486378080645,False
89.73294838518952,25.860048174143817,0.5150821148831145,0.45724388096690927,False,-0.3270496552697678,False,0.1038229445350162,False
89.78294838518953,25.860048174143817,0.5597110687158752,0.7848957701235351,False,-0.3981933026901329,False,0.0897449263878825,False
88.13294838518952,25.810048174143816,0.5922662266227261,0.7060518061004291,False,-0.1023393914135382,False,-0.16800999585786658,False
88.18294838518952,25.810048174143816,0.6303471244032466,0.8252621991051159,False,-0.14794350267857892,False,-0.18532647447469042,False
88.23294838518952,25.810048174143816,0.6594998461378013,0.9206248733042313,False,-0.13885682271871636,False,-0.20093996839021067,False
88.28294838518953,25.810048174143816,0.6814160431644156,0.9574829450989926,False,0.04546346533849288,False,-0.1933128929723661,False
88.33294838518952,25.810048174143816,0.688945484694452,1.0117956043214154,False,0.6939772984177601,False,-0.1015009653520399,False
88.38294838518952,25.810048174143816,0.6646359348917092,0.9178502344930937,False,1.3156613552534722,False,-0.05139047496116855,False
88.43294838518952,25.810048174143816,0.6115579347827249,0.7089848161342458,False,1.5843097537966067,False,-0.05962478238582525,False
88.48294838518952,25.810048174143816,0.5352153065737375,0.5733314853454345,False,1.4479053366797467,False,-0.0800402460316246,False
88.53294838518953,25.810048174143816,0.4456769331301605,0.5522037137395825,False,1.021964769348001,False,-0.07386377095566221,False
88.58294838518952,25.810048174143816,0.40882980477540226,0.5663084256165748,False,0.3240397418147849,False,0.06300291056346674,False
88.63294838518952,25.810048174143816,0.36218376986343565,0.5994786062206743,False,0.17921094189850062,False,0.20088244416596457,False
88.68294838518952,25.810048174143816,0.35973856776978047,1.1893760406005267,False,0.13382097925794215,False,0.2607224659154468,False
88.73294838518952,25.810048174143816,0.5324988060349748,1.8512204901322014,False,-0.026234567613082082,False,0.3041359727697496,False
88.78294838518953,25.810048174143816,0.6757031789446784,1.6972848235752067,False,-0.37067115550621565,False,0.3082734481558277,False
88.83294838518952,25.810048174143816,0.7176834399004118,0.7911915879797964,False,-0.748837634900249,False,0.14732386526584307,False
88.88294838518952,25.810048174143816,0.6809870867328538,0.36474367787241113,False,0.13898593889867372,False,-0.0770778974749173,False
88.93294838518952,25.810048174143816,0.5662728220074511,0.3850779847678786,False,0.7976647394850951,False,-0.1745646318430278,False
88.98294838518952,25.810048174143816,0.4689535294168396,0.5860477068883276,False,0.09926378501377353,False,-0.058399395623533926,False
89.03294838518953,25.810048174143816,0.487911457865982,0.777923990287998,False,-0.3462024587316224,False,0.03450960232229734,False
89.08294838518952,25.810048174143816,0.4877348552774145,0.6412558144571542,False,-0.05077839680477658,False,0.15819965718642998,False
89.13294838518952,25.810048174143816,0.4722907002666304,0.6083377184409804,False,0.4932602223089198,False,0.2744606433072777,False
89.18294838518952,25.810048174143816,0.4478942962738046,0.3489895548985603,False,0.6232903528973791,False,0.31028595387332153,False
89.23294838518952,25.810048174143816,0.409100222785394,0.047953801560983965,False,0.36443600204827165,False,0.31057553679996674,False
89.28294838518953,25.810048174143816,0.3797135882686655,-0.1550523759369578,False,0.1385078308243144,False,0.27136224077410553,False
89.33294838518952,25.810048174143816,0.37498489543428093,-0.23533777129845487,False,0.036281198668006845,False,0.14022126725008252,False
89.38294838518952,25.810048174143816,0.47151655987979096,-0.3265520325816762,False,0.0993370538643033,False,-0.03833172178166035,False
89.43294838518952,25.810048174143816,0.5719746500161866,-0.417308703956808,False,0.16808360470417294,False,-0.050015181519941276,False
89.48294838518952,25.810048174143816,0.6041321051670818,-0.6094517909835783,False,0.12222585175514716,False,0.06629415716885811,False
89.53294838518953,25.810048174143816,0.6207690907057359,-0.856368984659717,False,0.08011910570232421,False,0.18457177686157455,False
89.58294838518952,25.810048174143816,0.545440525047736,-0.660813385342552,False,0.004303268630102049,False,0.21968966074777746,False
89.63294838518952,25.810048174143816,0.37687172787784473,-0.28794639625545765,False,-0.11902065034211497,False,0.22916283480627875,False
89.68294838518952,25.810048174143816,0.321976006884162,0.04900331911708705,False,-0.2503668186100055,False,0.16931843817292197,False
89.73294838518952,25.810048174143816,0.4305771493579747,0.3189025299742374,False,-0.3288528687314928,False,0.06380847428933462,False
88.33294838518952,25.76004817414381,0.7283699890580847,1.1865610155039181,False,0.8711531407639193,False,-0.08241695285156259,False
88.38294838518952,25.76004817414381,0.6835802839315039,0.971723606911794,False,1.437530662090091,False,-0.03471190926328771,False
88.43294838518952,25.76004817414381,0.5953904157662608,0.6938423999181093,False,1.561969831563401,False,-0.06250726666908918,False
88.48294838518952,25.76004817414381,0.4937945588464806,0.4646929638192771,False,1.5125792203549033,False,-0.10376203033844544,False
88.53294838518953,25.76004817414381,0.47835771909633346,0.29159796514898095,False,1.425430508831256,False,-0.12067076838620291,False
88.58294838518952,25.76004817414381,0.4327390928108138,0.13340233787862538,False,0.6608391330672446,False,-0.04336326670956259,False
88.63294838518952,25.76004817414381,0.44113683801304066,0.1315229855327796,False,0.34470472523677004,False,0.13533399235497443,False
88.68294838518952,25.76004817414381,0.4759668998369108,0.9394944527129303,False,0.20761371599999012,False,0.2799281037718843,False
88.73294838518952,25.76004817414381,0.567204629337823,1.8896023630025287,False,0.0828854750605226,False,0.3756020221824581,False
88.78294838518953,25.76004817414381,0.6610429115968198,1.9210439313943726,False,-0.23539755247350336,False,0.29955281631035996,False
88.83294838518952,25.76004817414381,0.677400395380927,0.8754617538608064,False,-0.464863161675839,False,0.179801318624146,False
88.88294838518952,25.76004817414381,0.6053126284436199,0.08866342084933845,False,0.38104100645650596,False,-0.015903734967000774,False
88.93294838518952,25.76004817414381,0.39450721457547117,-0.03524721369135311,False,0.8799066454042763,False,-0.10036637271376099,False
88.98294838518952,25.76004817414381,0.17603203779491583,0.1255527320933502,False,0.5645268623081463,False,0.025084973016414158,False
89.03294838518953,25.76004817414381,0.2929494420604653,0.3853460545930978,False,0.14053660861691153,False,0.1266372388551371,False
89.08294838518952,25.76004817414381,0.3914355812762936,0.37532627658102147,False,0.1670622731841459,False,0.17939170287870498,False
89.13294838518952,25.76004817414381,0.3913060893543907,0.3721555770261668,False,0.3990967554270784,False,0.23104509388302852,False
89.18294838518952,25.76004817414381,0.37012179983819105,0.32693478809310395,False,0.6269897342929683,False,0.296980376338191,False
89.23294838518952,25.76004817414381,0.34380154183561146,0.1272732435494518,False,0.3953487037693165,False,0.3049323839731875,False
89.28294838518953,25.76004817414381,0.33741141618869347,-0.02738971108294745,False,0.03431249902349445,False,0.21904344125609812,False
89.33294838518952,25.76004817414381,0.36028811289398366,-0.11650546987619648,False,-0.15369635219666553,False,0.06456155476098917,False
89.38294838518952,25.76004817414381,0.45503939922287473,-0.28955120805759194,False,-0.14094129412651826,False,-0.12055923250412545,False
89.43294838518952,25.76004817414381,0.5292293048802668,-0.36378748129619676,False,-0.08829730840955259,False,-0.13654955506981814,False
89.48294838518952,25.76004817414381,0.5450577499816847,-0.4631603468191296,False,-0.18600135464563336,False,0.008610489227368665,False
89.53294838518953,25.76004817414381,0.5592822803471569,-0.6086291514444957,False,-0.3093430798853508,False,0.16159801609534297,False
89.58294838518952,25.76004817414381,0.5019237588089954,-0.57187561329455,False,-0.2760690994725923,False,0.24262434932325236,False
89.63294838518952,25.76004817414381,0.2967756584645001,-0.34533278681949614,False,-0.3230763259451911,False,0.28546247982817946,False
89.68294838518952,25.76004817414381,0.20108060867227467,-0.12921932993160629,False,-0.43695621532696155,False,0.24526896750396182,False
89.73294838518952,25.76004817414381,0.3410112861241084,-0.0390785824487323,False,-0.41429869127771407,False,0.04689503574019138,False
89.83294838518952,25.76004817414381,0.44003467141771074,0.2504721582818926,False,-0.4694392177545784,False,-0.004898309274937479,False
88.38294838518952,25.71004817414381,0.6689545222343236,1.0262104468465578,False,1.514875643067642,False,-0.007501056417161034,False
88.43294838518952,25.71004817414381,0.588324494364138,0.5971084685429914,False,1.6757948282811383,False,-0.08058597828693081,False
88.48294838518952,25.71004817414381,0.5300748677321308,0.19616157001727696,False,1.6285622687687973,False,-0.1949173598749091,False
88.53294838518953,25.71004817414381,0.513600582837913,-0.07085595628361524,False,1.4147531723260012,False,-0.2846232702898237,False
88.58294838518952,25.71004817414381,0.5177759884264508,-0.15765724000774875,False,0.7737894741519198,False,-0.27797671399354584,False
88.63294838518952,25.71004817414381,0.5214670158641076,0.0012224649945506982,False,0.4971608934311372,False,-0.12250589188331493,False
88.68294838518952,25.71004817414381,0.5518781203425245,0.9007948052900213,False,0.4054504821424406,False,0.11239671513252325,False
88.73294838518952,25.71004817414381,0.5801223185349165,1.837392915438004,False,0.40364378262717826,False,0.3423739684501005,False
88.78294838518953,25.71004817414381,0.6183450966110905,2.044967957398157,False,0.16897132508400253,False,0.31240622806734025,False
88.83294838518952,25.71004817414381,0.6096310170458757,0.9643810402543848,False,-0.090574600131495,False,0.23489195430483484,False
88.88294838518952,25.71004817414381,0.5175272362138905,-0.2895320168682818,False,-0.01117547018656044,False,0.20551113151797362,False
88.93294838518952,25.71004817414381,0.2882080420131065,-0.4946825996688631,False,0.08411788971201942,False,0.17050419278631257,False
88.98294838518952,25.71004817414381,-0.042247168960019454,-0.2368158714338942,False,0.2874813194694068,False,0.08357318198938551,False
89.03294838518953,25.71004817414381,0.11515671607699171,-0.041003964824429584,False,0.1635503951014045,False,0.13108894090145431,False
89.08294838518952,25.71004817414381,0.3387947480343752,-0.016701948651649284,False,-0.09318025425421894,False,0.15977577408216226,False
89.13294838518952,25.71004817414381,0.37745644073676343,-0.017009039287383454,False,-0.1957843868108102,False,0.1871575103340159,False
89.18294838518952,25.71004817414381,0.3619168184241931,0.08743283611605748,False,0.005832818088635807,False,0.2586226383084058,False
89.23294838518952,25.71004817414381,0.34003805868192993,0.009176466096272345,False,0.0054585179793978506,False,0.2558846251269255,False
89.28294838518953,25.71004817414381,0.35413594824470485,-0.14186417816727626,False,-0.26992854139496403,False,0.12319788593892786,False
89.33294838518952,25.71004817414381,0.4147597682293862,-0.32013406357472385,False,-0.43451561315851345,False,-0.06296050119422336,False
89.38294838518952,25.71004817414381,0.4758729151594538,-0.5520196930426835,False,-0.48538866803277525,False,-0.2829716427362112,False
89.43294838518952,25.71004817414381,0.4977187466933134,-0.6151107537799879,False,-0.5327849494725818,False,-0.32127000960054963,False
89.48294838518952,25.71004817414381,0.4939385341425721,-0.5806841449479979,False,-0.5851787181075967,False,-0.15062295562782127,False
89.53294838518953,25.71004817414381,0.5223107772978207,-0.5723295591670535,False,-0.7095476065729762,False,0.02476775166130919,False
89.58294838518952,25.71004817414381,0.49735206515411545,-0.5349452660447074,False,-0.5985095581716338,False,0.20559873568749973,False
89.63294838518952,25.71004817414381,0.32093809575917576,-0.3754604553800225,False,-0.5820490196884878,False,0.33867138420831727,False
89.68294838518952,25.71004817414381,0.2081176439155516,-0.1927655517589008,False,-0.6533174252249949,False,0.34380017198500945,False
89.78294838518953,25.71004817414381,0.3372192971941727,-0.11557196556648666,False,-0.5261008853369751,False,0.06722821693652827,False
89.83294838518952,25.71004817414381,0.3554326936713023,-0.0684961987442218,False,-0.4684716451808878,False,0.022924619943637342,False
88.48294838518952,25.66004817414381,0.5425738943265617,-0.3176205299312611,False,0.8150591575993333,False,-0.34905922652288857,False
88.53294838518953,25.66004817414381,0.5187366537275322,-0.47786305256116496,False,0.6237801251864356,False,-0.4192349143118082,False
88.58294838518952,25.66004817414381,0.49825706046667007,-0.3991067735245793,False,0.5142562206404273,False,-0.4070812021644595,False
88.63294838518952,25.66004817414381,0.5088247892600041,-0.027592213421482728,False,0.39061809460196817,False,-0.2934042060830261,False
88.68294838518952,25.66004817414381,0.49971795854741585,0.7805212859670292,False,0.5456887034627125,False,-0.06788231541989508,False
88.73294838518952,25.66004817414381,0.5067579373198832,1.4732425397673388,False,0.687007498309079,False,0.1155042914679892,False
88.78294838518953,25.66004817414381,0.509964237832746,1.6328448243236762,False,0.5080755283855338,False,0.12088322944368375,False
88.83294838518952,25.66004817414381,0.5073414892917141,0.8542664886426193,False,-0.00431781886657244,False,0.17512171493943782,False
88.88294838518952,25.66004817414381,0.46634640377588515,-0.4170656808348,False,-0.43513326487290693,False,0.3236902727671359,False
88.93294838518952,25.66004817414381,0.36804028967485347,-0.7494802509266518,False,-0.6381933678454899,False,0.3478438195553422,False
88.98294838518952,25.66004817414381,0.202514932016488,-0.6108686253168092,False,-0.38362840301770185,False,0.22926898278683716,False
89.03294838518953,25.66004817414381,0.25118744838217266,-0.45737397511623606,False,-0.302076133844321,False,0.23178415604988084,False
89.08294838518952,25.66004817414381,0.4217836741720846,-0.3594123820392957,False,-0.6037096765050658,False,0.2545381860095973,False
89.13294838518952,25.66004817414381,0.46217269059200683,-0.4285026955986415,False,-0.9202734439297235,False,0.22286126980537568,False
89.18294838518952,25.66004817414381,0.4362967295084116,-0.25128534754489495,False,-0.812207343563406,False,0.2159939184728946,False
89.23294838518952,25.66004817414381,0.3778966864742989,-0.13031893202441788,False,-0.5201530888320594,False,0.1712257025759739,False
89.28294838518953,25.66004817414381,0.3963580461190631,-0.2652128425116126,False,-0.6216213714913158,False,0.0311855568448359,False
89.33294838518952,25.66004817414381,0.5010702266271785,-0.5171896318966062,False,-0.6973098265180226,False,-0.1717674461306793,False
89.38294838518952,25.66004817414381,0.5326374233822025,-0.781956451084985,False,-0.8417205091659792,False,-0.32373407896323203,False
89.43294838518952,25.66004817414381,0.49588495966818796,-0.990589008394547,False,-1.0359058547675926,False,-0.34668817000490837,False
89.48294838518952,25.66004817414381,0.48305109656705136,-0.8230369825287902,False,-0.9835936222664323,False,-0.2327994862028366,False
89.53294838518953,25.66004817414381,0.5114622648230206,-0.6172295456376014,False,-0.8023509923409109,False,-0.001455060804099433,False
89.58294838518952,25.66004817414381,0.4695722777581106,-0.46721938962014886,False,-0.7586464802900708,False,0.2690405613939629,False
89.63294838518952,25.66004817414381,0.3785576094920159,-0.3108910056683284,False,-0.7757304376572778,False,0.41582719933701323,False
89.68294838518952,25.66004817414381,0.2937505240874072,-0.20235245830394605,False,-0.743647590023632,False,0.34780362184207303,False
89.78294838518953,25.66004817414381,0.29519695086406306,-0.1707839330198663,False,-0.48525560349070807,False,0.10347033771175015,False
89.83294838518952,25.66004817414381,0.28870692049972757,-0.15967743520741023,False,-0.3669961690343396,False,0.040775879291724104,False
88.48294838518952,25.610048174143817,0.5473290127133063,-0.6491971448252991,False,0.026809690300799147,False,-0.3810710866658732,False
88.53294838518953,25.610048174143817,0.5044388232143265,-0.5993551867161541,False,0.05314069192362028,False,-0.3887754905170619,False
88.58294838518952,25.610048174143817,0.46286682052977324,-0.3981490849586959,False,0.17808715837867498,False,-0.35703519644263815,False
88.63294838518952,25.610048174143817,0.4281735675415661,-0.03919005090838011,False,0.31480941243943367,False,-0.2671473735369754,False
88.68294838518952,25.610048174143817,0.3738758477127358,0.5691341616548024,False,0.5896274398338683,False,-0.10040025691321385,False
88.73294838518952,25.610048174143817,0.36415522990238747,0.9201709645885998,False,0.762384354993829,False,-0.025699393518602787,False
88.78294838518953,25.610048174143817,0.37638405318837476,0.9725324341915864,False,0.5950640454186826,False,-0.01872728050805897,False
88.83294838518952,25.610048174143817,0.3887064196837131,0.7544154277675214,False,-0.05179413341600973,False,0.05295435100430451,False
88.88294838518952,25.610048174143817,0.4151526177357089,-0.10484065554453084,False,-0.5991451458828465,False,0.18876269398200365,False
88.93294838518952,25.610048174143817,0.41442850980052387,-0.6695905816951084,False,-0.8866595439618371,False,0.29160487076111125,False
88.98294838518952,25.610048174143817,0.37428069560991684,-0.8129619575539974,False,-0.7309854148811097,False,0.2814696856032158,False
89.03294838518953,25.610048174143817,0.39372342512827413,-0.709559645991043,False,-0.519744231371367,False,0.2649547499729416,False
89.08294838518952,25.610048174143817,0.4768313522343078,-0.5096704656183083,False,-0.5544502190204417,False,0.2465082594746471,False
89.13294838518952,25.610048174143817,0.5200644435065005,-0.2128090100285897,False,-0.7178288669230932,False,0.16657146638094739,False
89.18294838518952,25.610048174143817,0.5180461604060906,-0.005241191331254114,False,-0.8972711153874233,False,0.08251350152277268,False
89.23294838518952,25.610048174143817,0.469962560279936,0.07620155375840099,False,-0.9005636648980259,False,0.03986216814192023,False
89.28294838518953,25.610048174143817,0.5071806562074453,0.029857236650312702,False,-0.9375922797496439,False,-0.04408082308548272,False
89.33294838518952,25.610048174143817,0.6081766660513841,-0.2334454688825421,False,-0.9826332031722204,False,-0.15908512976201136,False
89.38294838518952,25.610048174143817,0.5987631953192997,-0.723894405569849,False,-1.0665824340509833,False,-0.2450164642424595,False
89.43294838518952,25.610048174143817,0.5313417777165707,-0.9654318177055764,False,-1.1321451839970749,False,-0.2992716292619524,False
89.48294838518952,25.610048174143817,0.49830277188878375,-0.8732913720381353,False,-1.0061533389205168,False,-0.18485846997700006,False
89.53294838518953,25.610048174143817,0.4805104278919951,-0.5543803492228954,False,-0.8523950193592456,False,0.3051167854684179,False
89.58294838518952,25.610048174143817,0.4279848892561681,-0.3838206946010893,False,-0.8236764573614225,False,0.4916007118810257,False
89.63294838518952,25.610048174143817,0.38213541569497445,-0.30039037748743885,False,-0.8459986902394148,False,0.40143777074295284,False
89.68294838518952,25.610048174143817,0.32790309683044894,-0.26198300152933285,False,-0.7043912741190733,False,0.16444302062155114,False
89.78294838518953,25.610048174143817,0.27199206041195767,-0.18446973257879867,False,-0.29640080180538086,False,-0.014784657172857943,False
89.83294838518952,25.610048174143817,0.2462710080817389,-0.15624420963419303,False,-0.2234917721572355,False,0.002933769530327708,False
89.88294838518952,25.610048174143817,0.2419614674937398,-0.13103525864947901,False,-0.19112090089162448,False,0.009317474267971745,False
88.53294838518953,25.560048174143816,0.4546953928301906,-0.6145799008493642,False,-0.07622827105939116,False,-0.3360417297359164,False
88.58294838518952,25.560048174143816,0.39164531097130934,-0.38409848028809984,False,0.111914730577663,False,-0.2919265084777658,False
88.63294838518952,25.560048174143816,0.3304689420076611,-0.022694512519944962,False,0.30488123911640896,False,-0.19982580432625324,False
88.68294838518952,25.560048174143816,0.24061477577967716,0.3945764224728064,False,0.6013382840501822,False,-0.09609700175966418,False
88.73294838518952,25.560048174143816,0.18402297547378466,0.6088594581720325,False,0.801614464085658,False,-0.0662325469305032,False
88.78294838518953,25.560048174143816,0.27187684008017127,0.7035697211507417,False,0.5073756004912179,False,-0.08538862120414442,False
88.83294838518952,25.560048174143816,0.310354076424828,0.6164761579607301,False,-0.18166796147387618,False,-0.04279154332391652,False
88.88294838518952,25.560048174143816,0.32431098464887903,0.1231934606618052,False,-0.47785984439218787,False,0.026747749548182098,False
88.93294838518952,25.560048174143816,0.335203599377942,-0.3429719364123729,False,-0.49030645654641136,False,0.101041172617829,False
88.98294838518952,25.560048174143816,0.3394280729218533,-0.5278435399798004,False,-0.2369622980473794,False,0.14170875293499174,False
89.03294838518953,25.560048174143816,0.3628173848682173,-0.4596829751981063,False,-0.06970442158782592,False,0.16292987729668681,False
89.08294838518952,25.560048174143816,0.42621470672995604,-0.013286944299346792,False,0.19888822578838916,False,0.11430187889805105,False
89.13294838518952,25.560048174143816,0.4923062579806388,0.40078876986004597,False,0.25624618876286,False,0.0649063127900622,False
89.18294838518952,25.560048174143816,0.5540212952201529,0.21216835151033808,False,-0.5089691452553977,False,-0.030333989162747377,False
89.23294838518952,25.560048174143816,0.5545742427089975,0.2592965642408066,False,-1.0269902832033801,False,-0.01585630511918995,False
89.28294838518953,25.560048174143816,0.5762572791004882,0.29569366564836924,False,-1.2562835285465606,False,9.317021073868004e-05,False
89.33294838518952,25.560048174143816,0.6271045501638007,0.1214804356037025,False,-1.2883232956554966,False,-0.052578289161324676,False
89.38294838518952,25.560048174143816,0.6198593867309282,-0.46541067892322335,False,-1.090768054483522,False,-0.15098166577399316,False
89.43294838518952,25.560048174143816,0.5633883443717872,-0.8675680731804974,False,-1.0492918896569843,False,-0.22970158421162717,False
89.48294838518952,25.560048174143816,0.52008003985867,-0.8693025836792744,False,-0.8707670107657826,False,-0.11976540610389866,False
89.53294838518953,25.560048174143816,0.46983067684237323,-0.5717906627107576,False,-0.6993021082666289,False,0.2136483566507614,False
89.58294838518952,25.560048174143816,0.41271722327388044,-0.41649967098397267,False,-0.7022812828958316,False,0.2379825135101184,False
89.63294838518952,25.560048174143816,0.37912099906987007,-0.3468845877988467,False,-0.7452274004857531,False,0.1205928652250908,False
89.68294838518952,25.560048174143816,0.3367057431805508,-0.2986543111972973,False,-0.5568812862260077,False,-0.15651739429992922,False
89.73294838518952,25.560048174143816,0.29277764700225095,-0.2192889316690817,False,-0.24724364636387539,False,-0.2130091559061839,False
89.78294838518953,25.560048174143816,0.2568950001029451,-0.16043833407423463,False,-0.12178600069449973,False,-0.1464955613652528,False
89.83294838518952,25.560048174143816,0.21750170947929234,-0.13191057663720449,False,-0.09351950056774981,False,-0.08471820181370966,False
88.58294838518952,25.51004817414381,0.32619237741931817,-0.3410347935927229,False,0.10232968982293475,False,-0.22882405667277128,False
88.63294838518952,25.51004817414381,0.25142864642004487,-0.04810980045147095,False,0.304582116464654,False,-0.1600431215850541,False
88.68294838518952,25.51004817414381,0.13732250472832425,0.2173356798548525,False,0.5684172813976722,False,-0.09266723936233334,False
88.73294838518952,25.51004817414381,0.14794705621323745,0.3643790775896497,False,0.6370241414307212,False,-0.10083686501608455,False
88.78294838518953,25.51004817414381,0.2387310435556063,0.4706452223078682,False,0.21361473105536866,False,-0.1385933226736355,False
88.83294838518952,25.51004817414381,0.2776229028792346,0.4694280773246572,False,-0.38547294590367204,False,-0.1304573242628176,False
88.88294838518952,25.51004817414381,0.28372367801702086,0.26162387770986056,False,-0.24952187127176334,False,-0.09439834279194699,False
88.93294838518952,25.51004817414381,0.2929631184446238,0.06993048407126573,False,-0.06688516781094045,False,-0.05645709142661649,False
88.98294838518952,25.51004817414381,0.2670248558468791,0.025132159543322978,False,0.03757130341984101,False,0.00041046579625506063,False
89.03294838518953,25.51004817414381,0.30949349812743565,0.09154048802464579,False,0.1380709620782369,False,0.04095296228865225,False
89.08294838518952,25.51004817414381,0.3846788616899259,0.45891569256004827,False,0.4863622506960551,False,-0.002225005711388943,False
89.13294838518952,25.51004817414381,0.43808393460581213,0.6170345171880359,False,0.8652782549658132,False,0.03521130211432413,False
89.18294838518952,25.51004817414381,0.47521514248348584,0.14949502515658408,False,0.03723596801521821,False,-0.024070679694813794,False
89.23294838518952,25.51004817414381,0.47410773634331155,0.17773067290911204,False,-0.6953704950252952,False,-0.03792298358284879,False
89.28294838518953,25.51004817414381,0.5049062143605348,0.27250018962652117,False,-1.061181499083685,False,0.018511150258707587,False
89.33294838518952,25.51004817414381,0.5930115524357955,0.17236402817742502,False,-1.1533801998383209,False,-0.0006676860858296496,False
89.38294838518952,25.51004817414381,0.6337334264925887,-0.32024856708816896,False,-0.9913833276359584,False,-0.08701228775251972,False
89.43294838518952,25.51004817414381,0.5989254038344921,-0.8866675484950041,False,-0.8835846818039859,False,-0.1929615027246364,False
89.48294838518952,25.51004817414381,0.545156311463102,-0.984005370686512,False,-0.7467156114158352,False,-0.17621951324926977,False
89.53294838518953,25.51004817414381,0.46807611044431935,-0.536145676167985,False,-0.5580329185876893,False,-0.09511144721970016,False
89.58294838518952,25.51004817414381,0.4227039238148316,-0.430524581040616,False,-0.5966066138430941,False,-0.11960186551683424,False
89.63294838518952,25.51004817414381,0.39257731728491485,-0.35537445047614813,False,-0.6107014546048397,False,-0.22208555277455938,False
89.68294838518952,25.51004817414381,0.35727649347207374,-0.20489111551060418,False,-0.3322409661335587,False,-0.32287302789000066,False
89.78294838518953,25.51004817414381,0.25559395048504513,-0.09830633987587473,False,-0.015892050511016942,False,-0.19558782192148388,False
89.83294838518952,25.51004817414381,0.19852614353530507,-0.08201258480915391,False,-0.016989019106320197,False,-0.11010350941105165,False
88.83294838518952,25.46004817414381,0.3104646038361912,0.2733840947995592,False,-0.05481873236557663,False,-0.16703788444235082,False
88.88294838518952,25.46004817414381,0.33962408144404027,0.23703161660525002,False,-0.0037191543950033518,False,-0.1445790798495404,False
88.93294838518952,25.46004817414381,0.3711835599751944,0.3647854103192898,False,0.006348746284921082,False,-0.13140729426573577,False
88.98294838518952,25.46004817414381,0.4028972596878505,0.5691375609726375,False,-0.003089277248214818,False,-0.09141803928959176,False
89.03294838518953,25.46004817414381,0.4314929906925761,0.6354356549249793,False,0.06635362070096883,False,-0.03894073979825824,False
89.08294838518952,25.46004817414381,0.45531493872059925,0.654796847605101,False,0.43536616938279904,False,-0.02971063818948763,False
89.13294838518952,25.46004817414381,0.423074208088152,0.7151813837385674,False,1.0409658367973886,False,0.044233666297550295,False
89.18294838518952,25.46004817414381,0.3426248288767789,0.21718818493288156,False,0.4194629872276727,False,0.053819660540606516,False
89.23294838518952,25.46004817414381,0.298780092761289,0.017525903005698486,False,-0.36797661143963645,False,0.02382356423580631,False
89.28294838518953,25.46004817414381,0.40971445054535366,0.11590697272877973,False,-0.8274186673645638,False,0.07042889842104723,False
89.33294838518952,25.46004817414381,0.6030854391755506,0.12288076563745318,False,-1.0646410859336837,False,0.06848233688885395,False
89.38294838518952,25.46004817414381,0.6983223615666846,-0.24168959641772292,False,-1.032105385891434,False,-0.02337044189684262,False
89.43294838518952,25.46004817414381,0.6847319790079385,-0.940988998122292,False,-0.7611864592854642,False,-0.20898285357754265,False
89.48294838518952,25.46004817414381,0.5672228480517176,-0.881383002349965,False,-0.5149260373266713,False,-0.26575104678663847,False
89.53294838518953,25.46004817414381,0.4993738827675429,-0.4357317766965195,False,-0.47460904515993085,False,-0.31164516331163283,False
89.58294838518952,25.46004817414381,0.45448253610243383,-0.36757645981887876,False,-0.5098281327378409,False,-0.38177326705831527,False
89.63294838518952,25.46004817414381,0.4247240934719915,-0.24268394267519072,False,-0.4498635117797319,False,-0.3838174403827515,False
89.68294838518952,25.46004817414381,0.38920666647181423,-0.018436609564203565,False,-0.1345972701759563,False,-0.3119367708416235,False
89.78294838518953,25.46004817414381,0.27046474837493706,-0.012480703792509595,False,0.053767449772212456,False,-0.17472259150934738,False
89.83294838518952,25.46004817414381,0.18285317174687327,-0.04800210929889981,False,-0.006110746898893765,False,-0.07461206289755054,False
88.83294838518952,25.41004817414381,0.3354359688013425,0.08554803134494304,False,0.04026742139896406,False,-0.1544245825944026,False
88.88294838518952,25.41004817414381,0.4054566570689946,0.333956880063766,False,-0.09496694137528888,False,-0.14409971241011083,False
88.93294838518952,25.41004817414381,0.4392135739476487,0.5948476212952495,False,-0.1569903866850651,False,-0.14732692105382017,False
88.98294838518952,25.41004817414381,0.4604698275161117,0.783858223222629,False,-0.1489653252501125,False,-0.11327386306357945,False
89.03294838518953,25.41004817414381,0.49355391671417487,0.8541138559444186,False,-0.06600788270863034,False,-0.053435182959503696,False
89.08294838518952,25.41004817414381,0.5069729134892832,0.7708373875176241,False,0.15620096632669908,False,-0.01906363203446585,False
89.13294838518952,25.41004817414381,0.455560833294754,0.6568203096275692,False,0.552049040576587,False,0.040696477661969405,False
89.18294838518952,25.41004817414381,0.36211757252511734,0.4209012210190253,False,0.4368786221112862,False,0.10971778209865544,False
89.23294838518952,25.41004817414381,0.28068086479714116,0.032280924438354154,False,-0.32639663431615706,False,0.07992172077932669,False
89.28294838518953,25.41004817414381,0.45966207153511407,-0.035105349279908174,False,-0.7736906463362061,False,0.10361293517019318,False
89.33294838518952,25.41004817414381,0.6831543985393018,0.008427070762111574,False,-1.0678859441935376,False,0.08784238058055874,False
89.38294838518952,25.41004817414381,0.7808662826662509,-0.1721901059467342,False,-1.0925726136497897,False,-0.0006734828253186775,False
89.43294838518952,25.41004817414381,0.757600555723813,-0.6397169508678818,False,-0.6714840612492309,False,-0.20420975354731663,False
89.48294838518952,25.41004817414381,0.6032401750954727,-0.4666422762297333,False,-0.2823292781453415,False,-0.35704470828416135,False
89.53294838518953,25.41004817414381,0.47888487763981935,-0.26123613642182797,False,-0.3304275306491707,False,-0.4885480220216991,False
89.58294838518952,25.41004817414381,0.4648871053158464,-0.26575195300704735,False,-0.3827401632548458,False,-0.5172957970171093,False
89.63294838518952,25.41004817414381,0.4469087358672372,-0.058031998324294495,False,-0.26142001385753666,False,-0.38074439936850485,False
89.73294838518952,25.41004817414381,0.3584800650759111,0.12894000464703192,False,0.07823150238842727,False,-0.16811732542184565,False
89.78294838518953,25.41004817414381,0.2792448896434209,0.013179184730762378,False,0.04742258250535174,False,-0.09665523362663517,False
89.83294838518952,25.41004817414381,0.2086016997609103,-0.10280185749111459,False,-0.055762274500753065,False,0.024266587529188664,False
88.88294838518952,25.360048174143817,0.4828642761003354,0.504799767549627,False,-0.39420688158008194,False,-0.15299783900462016,False
88.93294838518952,25.360048174143817,0.510435364690012,0.6929425514447689,False,-0.43197954604461347,False,-0.14641323896200972,False
88.98294838518952,25.360048174143817,0.5353229353212204,0.826967289215162,False,-0.36957073436222904,False,-0.09776594404525742,False
89.03294838518953,25.360048174143817,0.5628737036153224,0.9317185240118044,False,-0.24492969272236897,False,-0.03144246357936585,False
89.08294838518952,25.360048174143817,0.5608290806409065,0.8971295354992366,False,-0.14607082173830432,False,0.026759929352897047,False
89.13294838518952,25.360048174143817,0.5158103092495201,0.6553720627959678,False,0.08638195696624755,False,0.07359894612883877,False
89.18294838518952,25.360048174143817,0.4495638156544595,0.48963394315803727,False,0.16303208392933927,False,0.12742617052669472,False
89.23294838518952,25.360048174143817,0.33086123156971786,0.13809486399748838,False,-0.2782083484006599,False,0.11907297335893376,False
89.28294838518953,25.360048174143817,0.4889490043654244,-0.12751997085276284,False,-0.751260810507665,False,0.11162080428794158,False
89.33294838518952,25.360048174143817,0.7259084272751118,-0.1470303350743213,False,-1.0382969568133287,False,0.11225206283221478,False
89.38294838518952,25.360048174143817,0.8108820146037486,-0.13145404552788367,False,-1.1266570873120725,False,0.0282676729748364,False
89.43294838518952,25.360048174143817,0.7702507383350632,-0.41119179640405973,False,-0.5372721983802422,False,-0.14604480486898977,False
89.48294838518952,25.360048174143817,0.5991971511831196,-0.1364836070616044,False,-0.24801714524667764,False,-0.30517158268049027,False
89.53294838518953,25.360048174143817,0.40849533863327503,-0.167324665527324,False,-0.27187367722970784,False,-0.4319997045123952,False
89.58294838518952,25.360048174143817,0.4062361931279937,-0.20716032585007538,False,-0.3342425492685776,False,-0.47570849449356756,False
89.63294838518952,25.360048174143817,0.4206835085354218,0.026671973573532383,False,-0.22349888765453757,False,-0.26369127127683045,False
89.68294838518952,25.360048174143817,0.4048008739563942,0.1890540059205478,False,-0.05585863508153896,False,-0.09896462322837846,False
89.73294838518952,25.360048174143817,0.33020814190106423,0.10927217577427764,False,0.038978864710595154,False,-0.05962534538572045,False
89.78294838518953,25.360048174143817,0.2564303401073127,-0.06882273864594766,False,-0.03863688786726706,False,0.02160211438337646,False
88.93294838518952,25.310048174143816,0.6418577204278009,0.6376960977521792,False,-0.8069374800423095,False,-0.10736778200358461,False
88.98294838518952,25.310048174143816,0.6669728446736679,0.741924437942606,False,-0.6767805303401871,False,-0.06254177513503156,False
89.03294838518953,25.310048174143816,0.6782982027792296,0.8546206467526853,False,-0.46094248046807096,False,0.012670795693260866,False
89.08294838518952,25.310048174143816,0.6537879617898317,0.8366065578139187,False,-0.3430348698123108,False,0.04483134656243985,False
89.13294838518952,25.310048174143816,0.5705434475154617,0.7037518515380953,False,-0.1751844322421518,False,0.08254288227873288,False
89.18294838518952,25.310048174143816,0.45361095753676783,0.5545390907581069,False,-0.0034695391503504203,False,0.11153424260933129,False
89.23294838518952,25.310048174143816,0.3409497135194858,0.2269795475313348,False,-0.22748474457399254,False,0.09706578891382817,False
89.28294838518953,25.310048174143816,0.46655676312741107,-0.14294631629127133,False,-0.6208547334229005,False,0.0753293729472736,False
89.33294838518952,25.310048174143816,0.7169769157507737,-0.24645402141327905,False,-0.8637629726475724,False,0.09431319599735552,False
89.38294838518952,25.310048174143816,0.8115040275085905,-0.2528822598658358,False,-0.8964458317946414,False,0.03907841240156282,False
89.43294838518952,25.310048174143816,0.7557073495622698,-0.4286220321104178,False,-0.3492501905635934,False,-0.12190811256492612,False
89.48294838518952,25.310048174143816,0.5374509427895823,-0.05377959692972248,False,-0.26112182689120406,False,-0.22514865459094655,False
89.53294838518953,25.310048174143816,0.4067200496404096,-0.14139918209691021,False,-0.3212322823224889,False,-0.30474498503376973,False
89.58294838518952,25.310048174143816,0.4035212532486296,-0.1358593948668394,False,-0.37652666449694283,False,-0.3010832593025837,False
89.63294838518952,25.310048174143816,0.4141258612784694,0.0874036735631153,False,-0.2973349067106874,False,-0.040712925168501266,False
89.68294838518952,25.310048174143816,0.3619086555475488,0.19263261867038756,False,-0.19049527520101803,False,0.11859736670521084,False
89.73294838518952,25.310048174143816,0.26109316967223317,0.11807207348606097,False,-0.1293735044077081,False,0.1613760413540366,False
89.78294838518953,25.310048174143816,0.2202459380509713,-0.06748735650102808,False,-0.20285921747651425,False,0.23031085765724083,False
89.83294838518952,25.310048174143816,0.34587194435896734,-0.12216458320993971,False,-0.25220120841305027,False,0.32510509151397693,False
88.98294838518952,25.26004817414381,0.7252961478236034,0.5781329761804941,False,-1.071729237312295,False,-0.004195065908515039,False
89.03294838518953,25.26004817414381,0.7355721210831833,0.6663401007902282,False,-0.7911869409820899,False,0.05788379482892973,False
89.08294838518952,25.26004817414381,0.7000025714501595,0.7162305214314932,False,-0.564931910801112,False,0.04470854086238203,False
89.13294838518952,25.26004817414381,0.6080614722328205,0.75645133706073,False,-0.29661899089789956,False,0.02132595657666847,False
89.18294838518952,25.26004817414381,0.41475405252111713,0.5776874118131624,False,-0.14774187996718946,False,0.047197611052058,False
89.23294838518952,25.26004817414381,0.3179093880478085,0.1769172735590665,False,-0.327469182963473,False,0.04816466388359322,False
89.28294838518953,25.26004817414381,0.4323496957412784,-0.18495928981953397,False,-0.5598417782682098,False,0.008313947336524685,False
89.33294838518952,25.26004817414381,0.6693582296743253,-0.3454653443403805,False,-0.6540803426429211,False,0.01985870971030658,False
89.38294838518952,25.26004817414381,0.7711793190285362,-0.48578126285819073,False,-0.5248889816264001,False,-0.005758823342830663,False
89.43294838518952,25.26004817414381,0.7068395820484586,-0.466999665277549,False,-0.30014120100097547,False,-0.11068652329297489,False
89.48294838518952,25.26004817414381,0.48177331135150203,-0.0573861875206807,False,-0.29392937816463743,False,-0.1886912510583172,False
89.53294838518953,25.26004817414381,0.42116005053303596,-0.07678521252474874,False,-0.3745683738696081,False,-0.21647938599720493,False
89.58294838518952,25.26004817414381,0.4756775433514256,0.012142849420552979,False,-0.40949045282720586,False,-0.11902163734267523,False
89.63294838518952,25.26004817414381,0.4608255979994427,0.11977178147619226,False,-0.4102899323085302,False,0.1513571252625283,False
89.73294838518952,25.26004817414381,0.30668462047708356,0.04681506511787743,False,-0.29907030261740775,False,0.34047034194233095,False
89.78294838518953,25.26004817414381,0.32612066910569903,-0.14284727637556982,False,-0.35041669450684376,False,0.36894376635188597,False
89.83294838518952,25.26004817414381,0.47045587402454553,-0.0372538178365229,False,-0.31595046695098084,False,0.3799406389921506,False
89.88294838518952,25.26004817414381,0.6322003552531241,0.26269783699785926,False,-0.2946869941959263,False,0.4357529651802021,False
89.93294838518952,25.26004817414381,0.727724544954727,0.7220019239983464,False,-0.42681540266173645,False,0.4798620197383836,False
89.98294838518952,25.26004817414381,0.7765447026155782,1.5943021809197293,False,-0.9732085035187099,False,0.4211061156942578,False
90.03294838518953,25.26004817414381,0.8069151892181948,1.9146624923346698,True,-0.5517429835672831,False,0.1412764499672532,False
88.48294838518952,25.21004817414381,0.8379568854844166,1.6169456908507382,False,1.5639232174966153,True,0.35461523064630907,False
88.68294838518952,25.21004817414381,0.8687611051969326,1.0885941377487367,False,1.681443013536195,True,0.13276655201839188,False
88.98294838518952,25.21004817414381,0.6496140466596378,0.5100518090507995,False,-1.1401553463346437,False,-0.007048127614906974,False
89.03294838518953,25.21004817414381,0.6946141370997073,0.5560304866313598,False,-0.9777225618880567,False,0.04168204867791689,False
89.08294838518952,25.21004817414381,0.6749643767876825,0.589132150577668,False,-0.7540895036332449,False,0.015189737272127773,False
89.13294838518952,25.21004817414381,0.5572020519114141,0.620145733415138,False,-0.5002908596793533,False,-0.019453722020057615,False
89.18294838518952,25.21004817414381,0.38548260384798694,0.511516923627,False,-0.3691101036327176,False,-0.010347534749888976,False
89.23294838518952,25.21004817414381,0.345437429308386,0.12195082311200317,False,-0.5367122731329187,False,0.0005229902143838519,False
89.28294838518953,25.21004817414381,0.43004520441001687,-0.22959914293886846,False,-0.692096602199559,False,-0.02235191838864689,False
89.33294838518952,25.21004817414381,0.6027902613474525,-0.37702099133168454,False,-0.6746460598176465,False,-0.006813859846939635,False
89.38294838518952,25.21004817414381,0.7030097709370614,-0.6169583779036043,False,-0.4357837734679488,False,-0.040494465334139695,False
89.43294838518952,25.21004817414381,0.6396427191356097,-0.4992120558711622,False,-0.3296014474299853,False,-0.12694873670724569,False
89.48294838518952,25.21004817414381,0.4637433974514247,0.008728268640526574,False,-0.3126924073909698,False,-0.16334223119584573,False
89.53294838518953,25.21004817414381,0.4863392380982742,0.17438989907267693,False,-0.3225069481122583,False,-0.11893089691194572,False
89.58294838518952,25.21004817414381,0.5275005545422065,0.16559641607091688,False,-0.4124299056623407,False,-9.610195316121783e-05,False
89.63294838518952,25.21004817414381,0.5145502967502827,0.15409381623963964,False,-0.52823371592557,False,0.27076478204433463,False
89.73294838518952,25.21004817414381,0.4611122045790504,-0.0005376411182975577,False,-0.39638335456710616,False,0.3405373349039536,False
89.78294838518953,25.21004817414381,0.5249527761123173,-0.14063797531056396,False,-0.3960790056998259,False,0.2550460279676555,False
89.83294838518952,25.21004817414381,0.5472142509722485,-0.03257884606433539,False,-0.35954243491637483,False,0.2534288027278433,False
89.88294838518952,25.21004817414381,0.6369858939359656,0.2532246586465867,False,-0.3499335348884365,False,0.3452188099280272,False
89.93294838518952,25.21004817414381,0.7349513661882356,0.8514911077390531,False,-0.5575806871754392,False,0.4052437160727419,False
89.98294838518952,25.21004817414381,0.7852545278595895,1.8610441150106143,False,-1.207313605540096,False,0.27879913966964853,False
90.03294838518953,25.21004817414381,0.8115343936867954,2.0458114954155175,True,-0.6222485399255577,False,0.019589722990827313,False
90.08294838518952,25.21004817414381,0.8242597830718644,2.2700497984909607,True,-0.33903295416021295,False,-0.08183892909450652,False
90.13294838518952,25.21004817414381,0.8298401256833619,2.466650370184322,True,-0.5314440805204799,False,-0.13584501749387837,False
90.18294838518952,25.21004817414381,0.8219271569386356,2.483494583086834,True,-0.8592686886309174,False,-0.22681428538277093,False
90.23294838518952,25.21004817414381,0.806892942123027,2.286789705950288,True,-1.149266317145669,False,-0.3305915436069291,False
88.48294838518952,25.16004817414381,0.8466941951578553,1.7944978075735305,True,1.4251646613421292,True,0.39602267723220247,False
88.53294838518953,25.16004817414381,0.852811288284036,1.6221800872725867,False,1.6260883510480433,True,0.3667698947035342,False
88.58294838518952,25.16004817414381,0.8537982572909774,1.3816575744863844,False,1.7491677958250822,True,0.28380974484173505,False
88.63294838518952,25.16004817414381,0.8686800013050578,1.16660583873307,False,1.826345185767552,True,0.25044168683864143,False
88.68294838518952,25.16004817414381,0.8796444893003716,0.9216720135547646,False,1.8617029275221852,True,0.23287062095770447,False
88.73294838518952,25.16004817414381,0.8801811960253361,0.7167281904147194,False,1.8333992293472727,True,0.18513560454440794,False
88.78294838518953,25.16004817414381,0.847693234137389,0.8913936398980671,False,1.550893082553214,True,0.07848571468778398,False
88.83294838518952,25.16004817414381,0.7631662589942341,0.907731342321898,False,1.0786231376292812,False,-0.013680810647421951,False
88.88294838518952,25.16004817414381,0.6235378752529276,0.19979726324004,False,0.26723866268133867,False,-0.1214630917435145,False
88.93294838518952,25.16004817414381,0.5072680301004859,0.2601009539138541,False,-0.08800801266978897,False,-0.12471091123257466,False
88.98294838518952,25.16004817414381,0.4710836461689888,0.4797361789508551,False,-0.3042675623763711,False,-0.08716210252667905,False
89.03294838518953,25.16004817414381,0.5290348054478008,0.5975958875224624,False,-0.42351130944677506,False,-0.06361470967600083,False
89.08294838518952,25.16004817414381,0.5363690840821774,0.6078041833971861,False,-0.45434191070947805,False,-0.04327907608831519,False
89.13294838518952,25.16004817414381,0.42341537134893276,0.5563724237443773,False,-0.43255045350264737,False,-0.01357234633169871,False
89.18294838518952,25.16004817414381,0.350782890717112,0.60431741514823,False,-0.3968882668811349,False,0.020223404156860025,False
89.23294838518952,25.16004817414381,0.3474884317494413,0.4366189206620054,False,-0.41317100218262676,False,0.0012148117741220057,False
89.28294838518953,25.16004817414381,0.40619890734203357,0.09202294702913899,False,-0.5168405833455971,False,0.0018769022828404106,False
89.33294838518952,25.16004817414381,0.5673341778982867,-0.18805466759908301,False,-0.6070044222220528,False,0.020720939080842035,False
89.38294838518952,25.16004817414381,0.675810666914823,-0.6033932198092689,False,-0.3498897799421748,False,-0.06739464945316245,False
89.43294838518952,25.16004817414381,0.6255442543583967,-0.574335809435975,False,-0.2670616869511823,False,-0.15069179760639406,False
89.48294838518952,25.16004817414381,0.4842727314791618,0.09348987318598075,False,-0.28035519467517184,False,-0.1798352800970785,False
89.53294838518953,25.16004817414381,0.5045096751930722,0.3469556078455591,False,-0.2548900916106942,False,-0.09555365161372256,False
89.58294838518952,25.16004817414381,0.5638675584223076,0.278279415629134,False,-0.4472410565762278,False,0.05087415302197234,False
89.63294838518952,25.16004817414381,0.5652751126989941,0.18962270630589917,False,-0.6802714550089732,False,0.26824389120815634,False
89.68294838518952,25.16004817414381,0.5386324023413058,0.16040438704624835,False,-0.643301997814108,False,0.31916563022062416,False
89.73294838518952,25.16004817414381,0.5895920574597916,-0.018393792291196344,False,-0.49558988824677663,False,0.16823593930883515,False
89.78294838518953,25.16004817414381,0.6618158784511979,-0.18066073673371702,False,-0.49258122427173834,False,0.05234533816106718,False
89.83294838518952,25.16004817414381,0.6071541419718569,-0.11107841380130866,False,-0.4468349044820915,False,0.09185246857187927,False
89.88294838518952,25.16004817414381,0.6092454586435264,0.10653729043507683,False,-0.3820427874554997,False,0.20224448334018721,False
89.93294838518952,25.16004817414381,0.7189837903116294,0.8627457964317183,False,-0.7137650893373596,False,0.25857938850112694,False
89.98294838518952,25.16004817414381,0.777856660632474,1.7302046164275207,False,-1.2785135675188393,False,0.12606680447934093,False
90.03294838518953,25.16004817414381,0.800633754517386,1.9571704069149565,True,-0.9511954020007694,False,-0.09460474922710654,False
90.08294838518952,25.16004817414381,0.8116414111255347,2.218041968077616,True,-0.7956464963573048,False,-0.19956268940733468,False
90.13294838518952,25.16004817414381,0.8186143376012216,2.3472335203589196,True,-0.9793435220855803,False,-0.2625410290389011,False
90.18294838518952,25.16004817414381,0.8161275226222362,2.401273864755293,True,-1.1719894767578851,False,-0.2884634152968678,False
90.23294838518952,25.16004817414381,0.8057758490382596,2.310331875500607,True,-1.3919831435121777,False,-0.3121570838784058,False
90.28294838518951,25.16004817414381,0.7969247811486256,1.9188780985027234,True,-1.5433084401440764,False,-0.29900751783965457,False
90.33294838518952,25.16004817414381,0.7928639746088468,1.199702138043082,False,-1.9109492633141962,False,-0.19686428751704105,False
90.38294838518952,25.16004817414381,0.7799000309326021,0.6451229267592041,False,-2.9948576275064225,True,0.031805114046984675,False
90.48294838518952,25.16004817414381,0.7133457625056043,0.3414540158905711,False,-4.246326737477394,True,0.39530032972524576,False
90.53294838518951,25.16004817414381,0.6672576709559697,0.5732941044849217,False,-2.818964696091112,False,0.38065121677093394,False
90.58294838518952,25.16004817414381,0.627441334501042,1.0105404812263785,False,-1.2646145656880767,False,0.27688881999528586,False
90.63294838518952,25.16004817414381,0.6059034133384332,1.3852258079624777,False,-1.0497462282433996,False,0.2235622101341997,False
90.68294838518952,25.16004817414381,0.6136404861180624,1.4715273680991388,False,-1.356013615699865,False,0.27621994475904244,False
90.73294838518952,25.16004817414381,0.6434476536238393,1.3331350473500962,False,-1.3499209880531402,True,0.3398588310608868,False
90.78294838518951,25.16004817414381,0.6596678564046794,1.4147648562976716,False,-1.024410536360789,True,0.23176214933300968,False
90.83294838518952,25.16004817414381,0.6707425830847615,1.513912797670005,False,-0.8226303361471768,True,0.1404887861650094,False
90.88294838518952,25.16004817414381,0.69866535716396,1.107694079477607,False,-0.8375463367813203,True,0.08246309565663082,False
90.93294838518952,25.16004817414381,0.7279660529907018,0.48789479384233125,False,-0.9275310421531198,True,-0.07854002717944414,False
90.98294838518952,25.16004817414381,0.7511079530270302,0.005057697642033454,False,-0.9954847497491338,True,-0.20584089194489097,False
91.03294838518951,25.16004817414381,0.7715883547864093,-0.30112756584804284,False,-1.0335183764824376,True,-0.24027989644337283,False
91.13294838518952,25.16004817414381,0.8557926026403536,-0.6407411710092161,False,-1.110491737941652,True,0.0228181941940917,False
91.18294838518952,25.16004817414381,0.9039539577837133,-0.9295807444821713,False,-1.1750617435832462,True,0.2347441156277529,False
91.23294838518952,25.16004817414381,0.9291795477203629,-1.408848958308696,False,-1.2317231340800272,True,0.39130600398469695,False
91.28294838518951,25.16004817414381,0.9294612661185707,-1.9891271940507582,False,-1.2653281315410725,True,0.4964297847724199,False
91.33294838518952,25.16004817414381,0.9180666262549138,-2.6759155661198912,True,-1.273947594031711,True,0.553614362520561,True
91.38294838518952,25.16004817414381,0.8981358725692368,-3.14109824732432,True,-1.3284239948183882,True,0.5753517499104963,True
91.43294838518952,25.16004817414381,0.8765900929955027,-3.03250308387527,False,-1.6317133985878294,True,0.5737708083084165,True
91.58294838518952,25.16004817414381,0.7787600952317931,-1.8407004551380894,False,-1.9464893129858227,True,0.3679887178374902,False
91.73294838518952,25.16004817414381,0.6070985679501372,-2.1976286141913914,True,-0.6056374334758066,False,-0.25655860793827867,False
91.78294838518951,25.16004817414381,0.5559131769978163,-2.371726064826502,True,-0.585915829878697,False,-0.2591196780432361,False
91.83294838518952,25.16004817414381,0.5309483680823773,-1.6497664682413422,False,-0.6601558262880343,False,-0.12597385770440067,False
91.88294838518952,25.16004817414381,0.5251215893411992,-0.7406543648772841,False,-0.8611531847155174,False,-0.046850090056673406,False
91.93294838518952,25.16004817414381,0.5593872493708533,0.04811920545375259,False,-1.0917647270681805,False,0.016037445308675864,False
91.98294838518952,25.16004817414381,0.6117528252708903,0.46902096112066066,False,-1.2710518538544306,True,0.06747591492693605,False
92.03294838518951,25.16004817414381,0.6596165245116477,0.5282933929294383,False,-1.3512406901477139,True,0.1424780466629621,False
92.08294838518952,25.16004817414381,0.6692575454439958,0.3628105583963568,False,-1.3579877311981394,True,0.2540147796099001,False
92.13294838518952,25.16004817414381,0.6229561315200783,-0.10612556907080056,False,-1.2994493548488102,True,0.37281561755150594,False
88.48294838518952,25.110048174143817,0.85056414410011,2.026680788937316,True,1.1844471061322328,False,0.4674296650762188,False
88.53294838518953,25.110048174143817,0.8571383343657839,1.8228258611266734,True,1.514813521254695,True,0.4350423689494423,False
88.58294838518952,25.110048174143817,0.8640082680215023,1.5403056980229364,False,1.7394441038024189,True,0.35463539767540525,False
88.63294838518952,25.110048174143817,0.8777991870013834,1.1966142482726572,False,1.893623518758627,True,0.3043447169182156,False
88.68294838518952,25.110048174143817,0.8872892542375453,0.7597811111718792,False,2.022052965508302,True,0.3183020259805572,False
88.73294838518952,25.110048174143817,0.8817184512517355,0.5120611392551363,False,2.000935030786285,True,0.2937059924868466,False
88.78294838518953,25.110048174143817,0.8440557402831029,0.7320463723716898,False,1.5446458265817602,True,0.1825384397995868,False
88.83294838518952,25.110048174143817,0.7732558928818886,0.5320080977962288,False,0.7374130370979406,False,0.07124892579016084,False
88.88294838518952,25.110048174143817,0.7158501566454035,-0.08387228092349802,False,0.0548826152036981,False,-0.03495157027907342,False
88.93294838518952,25.110048174143817,0.5984649642832002,-0.18506997884534782,False,0.11099244185357898,False,-0.06095456354706896,False
88.98294838518952,25.110048174143817,0.4259803386894565,0.02128382112679228,False,0.1002045152471519,False,-0.07711569399907758,False
89.03294838518953,25.110048174143817,0.3619598183717887,0.24968682018720023,False,-0.009269230611215318,False,-0.10649917871029435,False
89.08294838518952,25.110048174143817,0.3394944155208966,0.34716781991361256,False,-0.06249662714513193,False,-0.0652207363740181,False
89.13294838518952,25.110048174143817,0.32413833656608,0.443100852818211,False,-0.08512560588243989,False,0.01643877432001184,False
89.18294838518952,25.110048174143817,0.35480102680972403,0.704718657657057,False,-0.1957464869594632,False,0.09776336704408839,False
89.23294838518952,25.110048174143817,0.34037181423068225,0.6651418806923811,False,-0.2572827062590818,False,0.0811180855857356,False
89.28294838518953,25.110048174143817,0.3348757100061904,0.4935633537653967,False,-0.17325894528888264,False,0.0674757070245784,False
89.33294838518952,25.110048174143817,0.5146689118412119,0.288773664836328,False,-0.04630550397883937,False,0.06490712254519312,False
89.38294838518952,25.110048174143817,0.6579888677993079,-0.0742027585809665,False,0.2787917437425638,False,-0.05359321211534798,False
89.43294838518952,25.110048174143817,0.6360262570021297,-0.05840346973131258,False,0.1932492333382287,False,-0.22525835969425292,False
89.48294838518952,25.110048174143817,0.4885838443115871,0.37734231280892117,False,0.04938422588777837,False,-0.26341406510378773,False
89.53294838518953,25.110048174143817,0.5326162989729618,0.5112264271963972,False,-0.12930744701506314,False,-0.1135226468885355,False
89.58294838518952,25.110048174143817,0.5917771559316826,0.33745489087848823,False,-0.48505001481511595,False,0.023894221228416068,False
89.63294838518952,25.110048174143817,0.5979091285217069,0.2348336454532455,False,-0.8223492200143341,True,0.18944107491919174,False
89.73294838518952,25.110048174143817,0.6488128564195467,0.025764918724339805,False,-0.6282132755131198,True,0.09126001767581565,False
89.78294838518953,25.110048174143817,0.6970073925343566,-0.20791334883488527,False,-0.593285548003315,True,-0.017655963184302903,False
89.83294838518952,25.110048174143817,0.5996975884994017,-0.28620565476676374,False,-0.5153364220269716,False,-0.0010994891878187696,False
89.88294838518952,25.110048174143817,0.5019385211093776,-0.46727616804665606,False,-0.40684126355506367,False,0.06133043645093732,False
89.93294838518952,25.110048174143817,0.6780370902945829,-0.2609736722413745,False,-0.5388996403023802,False,0.04888140965033603,False
89.98294838518952,25.110048174143817,0.7469713360778747,0.5170492034759885,False,-1.0120045642257578,False,-0.07611135072305986,False
90.03294838518953,25.110048174143817,0.742250898570658,0.998893031838558,False,-1.2272531908413322,False,-0.25593973207606063,False
90.08294838518952,25.110048174143817,0.7478250432529215,1.560316114384601,False,-1.228068616251579,False,-0.3131840216285878,False
90.13294838518952,25.110048174143817,0.7580259692368073,1.9667881933772282,True,-1.2526555469466831,False,-0.294833302893177,False
90.18294838518952,25.110048174143817,0.7821352593955573,2.265704843990213,True,-1.300496131642491,False,-0.22116802139001804,False
90.23294838518952,25.110048174143817,0.7978065682687121,2.4490918238246553,True,-1.436562832331624,False,-0.14540723085277502,False
90.28294838518951,25.110048174143817,0.8077256416611268,2.238478006373702,True,-1.8668995282045335,False,-0.011105147355313162,False
90.33294838518952,25.110048174143817,0.8133523457699519,1.24510234189958,False,-2.688733056329311,True,0.19638715330441253,False
90.38294838518952,25.110048174143817,0.8029781880548854,0.6877206978379987,False,-3.936872777079725,True,0.387533880003462,False
90.43294838518952,25.110048174143817,0.7710479478729244,0.4441173206813913,False,-4.270057487203754,True,0.43849135109910553,False
90.48294838518952,25.110048174143817,0.7165651007348783,0.3195093875517686,False,-4.0441555252268815,True,0.4048051363494606,False
90.53294838518951,25.110048174143817,0.6717133917413097,0.5628056671059346,False,-2.7642970281254007,False,0.33031873854314797,False
90.58294838518952,25.110048174143817,0.6513991266119862,1.10058305584705,False,-1.3323160111197156,False,0.2253338477233945,False
90.63294838518952,25.110048174143817,0.6415704580506184,1.5158946114578145,False,-1.1123814592108454,False,0.16558470100426426,False
90.68294838518952,25.110048174143817,0.6541332160059379,1.6250658099121673,False,-1.4641651009429277,False,0.21822889172397558,False
90.73294838518952,25.110048174143817,0.6943688082646561,1.3047423840879786,False,-1.5554089648862832,True,0.3529962040936651,False
90.78294838518951,25.110048174143817,0.716348113494469,0.9886017507199705,False,-1.2084224279739249,True,0.35894724964161834,False
90.83294838518952,25.110048174143817,0.7085059894302526,1.3890971885777152,False,-0.8205505549069285,True,0.21359415005081026,False
90.88294838518952,25.110048174143817,0.7074696918636385,1.2616478483824831,False,-0.7179583745396314,True,0.2259332021044743,False
90.93294838518952,25.110048174143817,0.7209575494627101,0.6659481856595892,False,-0.7786050136971847,True,0.10000039141993208,False
90.98294838518952,25.110048174143817,0.7361005839326256,0.09337133115366561,False,-0.8641584685965992,True,-0.10394902090534841,False
91.03294838518951,25.110048174143817,0.7491333666508786,-0.22789602390337294,False,-0.9361263507594861,True,-0.24299181796831265,False
91.08294838518952,25.110048174143817,0.7805366390777275,-0.4157129955082902,False,-0.981946316114772,True,-0.28545054714127227,False
91.18294838518952,25.110048174143817,0.9011734501197208,-0.5945369519684571,False,-1.0953133169954299,True,0.07945349070487467,False
91.23294838518952,25.110048174143817,0.9276942103426126,-0.951104461370107,False,-1.1796010247299367,True,0.3133551769531322,False
91.28294838518951,25.110048174143817,0.9261741158378314,-1.7152175250356145,False,-1.2505782147262274,True,0.4735183288022039,False
91.33294838518952,25.110048174143817,0.9162511847558393,-2.5451454545861165,True,-1.270263383668531,True,0.5525952530859688,True
91.38294838518952,25.110048174143817,0.9006878129439221,-2.9431581545650953,True,-1.3755788629188033,True,0.5770550161606546,True
91.43294838518952,25.110048174143817,0.8794179527047701,-2.845629650352909,False,-1.7032289539404797,True,0.5684133118262754,True
91.48294838518952,25.110048174143817,0.8520602448746083,-2.71381358877058,True,-1.9679099424426214,True,0.546040069162527,True
91.53294838518951,25.110048174143817,0.8201704071448237,-2.6648652695979593,True,-2.1090529870024586,True,0.4886516504445657,True
91.58294838518952,25.110048174143817,0.7854325112567379,-2.359599372013416,True,-2.1132826172549883,True,0.3469104032758372,False
91.63294838518952,25.110048174143817,0.7401996794387655,-1.687039925925012,False,-1.6643456849910958,True,0.12296288947688641,False
91.68294838518952,25.110048174143817,0.6815772073822484,-2.16179952972894,True,-0.7423951187798298,False,-0.10383599925072301,False
91.73294838518952,25.110048174143817,0.6228894258321637,-2.9719323270683455,True,-0.3328036418658279,False,-0.2895858775177771,False
91.78294838518951,25.110048174143817,0.5818263276857588,-2.7369609161974324,True,-0.17941576431344664,False,-0.16072392518975723,False
91.83294838518952,25.110048174143817,0.55707672821151,-1.9808338184339944,False,-0.22344379864726893,False,-0.010597998296261887,False
91.88294838518952,25.110048174143817,0.5574330812015194,-1.067597155585828,False,-0.6376391324469741,False,0.011757609857730802,False
91.93294838518952,25.110048174143817,0.6116999697222543,-0.11336383175655379,False,-1.1477371067593412,True,0.025842873950592975,False
91.98294838518952,25.110048174143817,0.6815527918448652,0.7045343563134973,False,-1.5213160088084576,True,0.05358189162704221,False
92.03294838518951,25.110048174143817,0.7304028421596459,0.8544749194400887,False,-1.6147399446755015,True,0.13943851945939967,False
92.08294838518952,25.110048174143817,0.7411502462578016,0.6664989555345697,False,-1.6398597858430999,True,0.28562326917866276,False
92.13294838518952,25.110048174143817,0.693737986930273,0.19613254244089628,False,-1.6397548342047918,True,0.3794445705984201,False
92.18294838518952,25.110048174143817,0.6146153696518408,-0.44892469166671856,False,-1.6004846085770024,True,0.4186270921398141,False
92.23294838518952,25.110048174143817,0.5559516979939664,-1.0235898640672418,False,-1.5161883105470162,True,0.40350586835128993,False
88.48294838518952,25.060048174143816,0.8520600652573933,2.3121682964449755,True,0.7580314962190486,False,0.5496512609025737,False
88.53294838518953,25.060048174143816,0.8593406846048985,2.1826041538750154,True,1.2371071291824434,False,0.5654301998437699,False
88.58294838518952,25.060048174143816,0.8714042052660904,1.888817651577484,True,1.6166966546285026,True,0.48104377596202896,False
88.63294838518952,25.060048174143816,0.8866174414135041,1.3589016536337493,False,1.934118779381103,True,0.390210750340454,False
88.68294838518952,25.060048174143816,0.8895323328612428,0.7041951689615965,False,2.171004205466388,True,0.4415563826797999,False
88.73294838518952,25.060048174143816,0.862561580278794,0.2378621956625573,False,2.0646165803760685,True,0.4142694647879003,False
88.78294838518953,25.060048174143816,0.8037447331431329,0.384512405337382,False,1.0241078204288503,False,0.2645732440480504,False
88.83294838518952,25.060048174143816,0.7785639494940659,-0.03177472171097906,False,-0.4416429104568232,False,0.1531195866863576,False
88.88294838518952,25.060048174143816,0.7557776829240739,-0.11094292457111998,False,-0.5050684708319638,False,0.0445978896544878,False
88.93294838518952,25.060048174143816,0.6552329208622166,-0.13607690556329236,False,-0.13378354296631115,False,-0.010123649875229346,False
88.98294838518952,25.060048174143816,0.40674013277537047,-0.10816382975604022,False,0.06453975364502235,False,-0.03448016268090215,False
89.03294838518953,25.060048174143816,0.2927292355406146,-0.04976750073641467,False,-0.04978852165627867,False,-0.09719156797541131,False
89.08294838518952,25.060048174143816,0.34413512456255935,-0.13298289147294362,False,-0.11397979816524995,False,-0.06640508632775666,False
89.13294838518952,25.060048174143816,0.44452455586566425,-0.02636665844534436,False,-0.07514927242850633,False,0.06263259242361818,False
89.18294838518952,25.060048174143816,0.5234720858845546,0.47768225555010374,False,-0.17598686141502293,False,0.2144789113308479,False
89.23294838518952,25.060048174143816,0.49045165912837296,0.5363394618267554,False,-0.48804845466414754,False,0.2812971611415366,False
89.28294838518953,25.060048174143816,0.3534522067263785,0.4494253660572429,False,-0.4590304946321153,False,0.2449456146966462,False
89.33294838518952,25.060048174143816,0.43615130181457096,0.3972440010455862,False,0.020532776519745832,False,0.1377807920272261,False
89.38294838518952,25.060048174143816,0.6108559798654478,0.3528847871530768,False,0.8455774143558984,False,-0.026304392227047835,False
89.43294838518952,25.060048174143816,0.6350529411677333,0.6128171551568051,False,0.7798679986662611,False,-0.2990958529363464,False
89.48294838518952,25.060048174143816,0.5630070150935018,0.7107896194179832,False,0.5060307200525099,False,-0.3230088489945633,False
89.53294838518953,25.060048174143816,0.5661251151282277,0.6203115881693768,False,0.07204475067798022,False,-0.14043984072184357,False
89.58294838518952,25.060048174143816,0.6061583977622301,0.3753276330218825,False,-0.4211133447760129,False,-0.01658630364102969,False
89.63294838518952,25.060048174143816,0.6133610079155452,0.2556443227035261,False,-0.8394186742865035,True,0.10124812293250696,False
89.68294838518952,25.060048174143816,0.6317012876648939,0.25209697195696307,False,-0.8963891292499209,True,0.15078823940228445,False
89.73294838518952,25.060048174143816,0.6807650049484613,0.028454438551688,False,-0.745423271383863,True,0.07899060992555776,False
89.78294838518953,25.060048174143816,0.7080042229925515,-0.2252807148299446,False,-0.6721192885583503,True,0.015601750606037579,False
89.83294838518952,25.060048174143816,0.6222997544563954,-0.3792395021816414,False,-0.5289364740036583,False,0.033239116013925485,False
89.88294838518952,25.060048174143816,0.46163015444433125,-0.48039311807680024,False,-0.21074295216585728,False,0.04443845430144053,False
89.93294838518952,25.060048174143816,0.6561197858427275,-1.3582625620258921,False,-0.025383748750002655,False,-0.008976691745341367,False
89.98294838518952,25.060048174143816,0.7226438185882216,-1.730158169171158,False,-0.07423987075006534,False,-0.1129513845538127,False
90.03294838518953,25.060048174143816,0.6952189462724769,-1.4367331809589334,False,-0.32167541821839923,False,-0.17767662839204457,False
90.08294838518952,25.060048174143816,0.6285697730386898,-0.6417101087037413,False,-0.6881602150548938,False,-0.1723802092348139,False
90.13294838518952,25.060048174143816,0.5886757122147821,0.48952694102993344,False,-1.088732775831999,False,-0.10331354038104332,False
90.18294838518952,25.060048174143816,0.6464151729980058,1.2899360737114116,False,-1.4344825776404915,True,0.016832244569339294,False
90.23294838518952,25.060048174143816,0.7228058176186211,1.468705731169835,False,-1.92781463100711,True,0.17623585118273982,False
90.28294838518951,25.060048174143816,0.7775568659339701,1.137579043460212,False,-2.5408160464306913,True,0.31959824636800394,False
90.33294838518952,25.060048174143816,0.8129397515690107,0.5172709827032509,False,-3.4059546013236157,True,0.42089820636913866,False
90.38294838518952,25.060048174143816,0.8219113833379948,0.49697486397697116,False,-3.4223542212148588,True,0.40797093290827796,False
90.43294838518952,25.060048174143816,0.7851131936030217,0.49085591123018985,False,-2.843270723787988,False,0.33697423337640875,False
90.48294838518952,25.060048174143816,0.6924745243753591,0.42468149523584353,False,-2.0853411926280505,False,0.2162375067919576,False
90.53294838518951,25.060048174143816,0.6285997815835246,0.6745513213963914,False,-1.8174559400913881,False,0.1382137449684539,False
90.58294838518952,25.060048174143816,0.6351915439593724,1.1861033045547054,False,-1.382239787669953,False,0.08367004926575644,False
90.63294838518952,25.060048174143816,0.6523232101764322,1.6697418199165748,False,-1.1007753720291364,False,0.03228192596144054,False
90.68294838518952,25.060048174143816,0.6794897041023775,1.840496145433558,False,-1.4589298246572049,False,0.06007501156647105,False
90.73294838518952,25.060048174143816,0.7193860052898507,1.4190103202720898,False,-1.8023879267647156,True,0.2556184259931856,False
90.78294838518951,25.060048174143816,0.7502665858100592,0.18182626381710607,False,-1.5803853857712813,True,0.5508410116592529,False
90.83294838518952,25.060048174143816,0.7250225708448713,0.5867235791198361,False,-0.9468766889005376,True,0.3100726292733963,False
90.88294838518952,25.060048174143816,0.6778005692902854,1.2414186195864425,False,-0.5398229419016474,True,0.2757449488451863,False
90.93294838518952,25.060048174143816,0.667563457368544,0.6311415121158,False,-0.5568408327370293,True,0.2002714191754988,False
90.98294838518952,25.060048174143816,0.6788039803825033,-0.019472953928034373,False,-0.6180675243652011,True,-0.014697185514899624,False
91.03294838518951,25.060048174143816,0.6882029905436982,-0.323922838149712,False,-0.637531018173573,True,-0.15186802990113454,False
91.08294838518952,25.060048174143816,0.7136332659684821,-0.3191243453992738,False,-0.7317259180768318,True,-0.3223920990513509,False
91.13294838518952,25.060048174143816,0.8013246114566263,-0.20006243454093814,False,-0.8087765257548772,True,-0.3630309351293848,False
91.18294838518952,25.060048174143816,0.8850792794809417,-0.061846029666607016,False,-0.9086070628178968,True,-0.13963186202322433,False
91.23294838518952,25.060048174143816,0.9096387099687024,-0.2361110223338181,False,-1.0471925088370746,True,0.19416476320312145,False
91.28294838518951,25.060048174143816,0.9105842751477579,-1.013989056162145,False,-1.1947635033307262,True,0.42985241779083894,False
91.33294838518952,25.060048174143816,0.9065508724978739,-1.7608876495715755,False,-1.3290779406127964,True,0.5433241480627655,True
91.38294838518952,25.060048174143816,0.8966977240764508,-2.199451361200552,False,-1.5265448178840453,True,0.5561353154319104,True
91.43294838518952,25.060048174143816,0.8681186092717883,-2.319899063280268,False,-1.7255375050162793,True,0.5354687184063571,True
91.48294838518952,25.060048174143816,0.8392476589722213,-2.3809734225317407,True,-1.8498985943824025,True,0.4766546156926268,False
91.53294838518951,25.060048174143816,0.8157469582104764,-2.4075879824377338,True,-2.00294900342498,True,0.38952996136461465,False
91.58294838518952,25.060048174143816,0.7848808685074724,-2.473824325906976,True,-2.184987894204064,True,0.23496528966295677,False
91.63294838518952,25.060048174143816,0.7487097363464188,-2.2924447684115803,True,-1.730668160107355,True,0.11618052431680712,False
91.68294838518952,25.060048174143816,0.6961207610640118,-2.8353300022186834,True,-0.5541542899745054,False,-0.05486026632044928,False
91.73294838518952,25.060048174143816,0.634737197093319,-3.232770292600769,True,-0.18798495809135418,False,-0.2935212837467658,False
91.78294838518951,25.060048174143816,0.573043538683804,-2.5802408125105893,True,0.08779132686445379,False,-0.15381794939238763,False
91.83294838518952,25.060048174143816,0.533425718299915,-1.7913707978839515,False,0.17265986789686408,False,0.023220677988864236,False
91.88294838518952,25.060048174143816,0.5487284978414552,-1.1893153583512077,False,-0.22408283412203273,False,0.07388031499977848,False
91.93294838518952,25.060048174143816,0.6264157388084053,-0.21071007621152082,False,-0.9896460833566274,True,0.06287185524691714,False
91.98294838518952,25.060048174143816,0.7183093638807817,0.9914817093507442,False,-1.6981379063337143,True,0.055617506157974124,False
92.03294838518951,25.060048174143816,0.7809023499847374,1.311500987348893,False,-1.9559321781747268,True,0.12373650925910369,False
92.08294838518952,25.060048174143816,0.8005544248612266,1.0451331502650285,False,-2.027110345243823,True,0.27074006419287744,False
92.13294838518952,25.060048174143816,0.7721969281803227,0.5612663636127037,False,-2.098671633238599,True,0.35752063431414377,False
92.18294838518952,25.060048174143816,0.678806394437062,-0.061688505522508395,False,-2.001302669021575,True,0.3184573367231821,False
92.23294838518952,25.060048174143816,0.5850189175657486,-0.7937360638583322,False,-1.8387697607165823,True,0.31216009243215886,False
92.28294838518951,25.060048174143816,0.4992869862764845,-1.2695838674253521,False,-1.6297769061111165,True,0.2890548171590577,False
92.33294838518952,25.060048174143816,0.4451300782400465,-1.429498305011498,False,-1.4610886187719023,True,0.24451067017485392,False
88.43294838518952,25.01004817414381,0.8397135280868498,2.1960067514999433,True,-0.7288737293704521,False,0.552701828120489,False
88.48294838518952,25.01004817414381,0.8449037992143686,2.434625732074816,True,0.036626766446150136,False,0.5708096589671368,False
88.53294838518953,25.01004817414381,0.8520424476516889,2.5313587652290135,True,0.7472252209285257,False,0.6487082293057204,False
88.58294838518952,25.01004817414381,0.8711280537700474,2.4161233214000872,True,1.3399268968772649,False,0.6201778258400042,False
88.63294838518952,25.01004817414381,0.8801469107150512,1.922383509305154,False,1.7871256410825962,True,0.4789840067448423,False
88.68294838518952,25.01004817414381,0.8518968763867488,0.9683471225751741,False,1.9639929197849444,True,0.4760939726746659,False
88.73294838518952,25.01004817414381,0.7613965417130101,-0.24394082010877263,False,1.337051271150438,False,0.42372694055851146,False
88.78294838518953,25.01004817414381,0.7066237049498888,-0.8518416317677948,False,-1.1018797491192371,False,0.2038029044012871,False
88.83294838518952,25.01004817414381,0.7584798205341832,-0.6494034055877145,False,-1.8224290006467805,False,0.14315805569794662,False
88.88294838518952,25.01004817414381,0.7733132132368787,-0.37955133386241346,False,-1.3635020395529267,False,0.04629998550814967,False
88.93294838518952,25.01004817414381,0.6782587507056737,-0.3692849276165632,False,-0.8252341334843274,False,-0.025675011293330403,False
88.98294838518952,25.01004817414381,0.4334298693592103,-0.27867011066279523,False,-0.38029726752445925,False,-0.058645314879517935,False
89.03294838518953,25.01004817414381,0.3020779877980714,-0.415292507247579,False,-0.47154262400367386,False,-0.11844815311440252,False
89.08294838518952,25.01004817414381,0.43704921916820466,-0.7137142825421539,False,-0.5256555022371284,False,-0.07231841437288546,False
89.13294838518952,25.01004817414381,0.5996716494467678,-0.6323709114821572,False,-0.3411582961958375,False,0.11305800906092915,False
89.18294838518952,25.01004817414381,0.6994412350600583,0.26796956131404054,False,-0.2070505698997122,False,0.3106741084902294,False
89.23294838518952,25.01004817414381,0.6680076308729003,0.5664204943606908,False,-0.5654678169701518,False,0.4090059314137716,False
89.28294838518953,25.01004817414381,0.5212695881466874,0.31568780308646077,False,-0.9853393534496964,False,0.2799074084615695,False
89.33294838518952,25.01004817414381,0.39381656991025477,0.24895471322927215,False,-0.5764850713003001,False,0.14119964940723165,False
89.38294838518952,25.01004817414381,0.4849111290965178,0.4298441145392586,False,0.5673824400760139,False,0.03133393120497578,False
89.43294838518952,25.01004817414381,0.5722799505363133,0.7150218552615634,False,0.7808643285105218,False,-0.21502862315183766,False
89.48294838518952,25.01004817414381,0.5616341444223426,0.7317600008101288,False,0.6553661582390596,False,-0.27099375087890465,False
89.53294838518953,25.01004817414381,0.5813156104391288,0.5561100906152552,False,0.18311690574305195,False,-0.1441830173536594,False
89.58294838518952,25.01004817414381,0.6087584700493197,0.3111509856634884,False,-0.3328079076896484,False,-0.041194362396087245,False
89.68294838518952,25.01004817414381,0.6623199403978726,0.14020715484612256,False,-0.8681251245216044,True,0.07356558431981533,False
89.73294838518952,25.01004817414381,0.710070783554051,-0.0866349207349858,False,-0.822370076022105,True,0.05722395897592709,False
89.78294838518953,25.01004817414381,0.7212592431433282,-0.2410714207814667,False,-0.7476227191384696,True,0.030560981569732498,False
89.83294838518952,25.01004817414381,0.6649232409534533,-0.012765684679155925,False,-0.5060115245080794,False,-0.030763891295360057,False
89.88294838518952,25.01004817414381,0.4391604199630005,-0.06594405274337699,False,0.16300773340677616,False,-0.05452798401816167,False
89.93294838518952,25.01004817414381,0.5557389890182846,-0.7082279301280693,False,0.2459906970031066,False,-0.12033336080232725,False
89.98294838518952,25.01004817414381,0.6474189852150821,-1.3587181234990848,False,0.08687603221685697,False,-0.2000705789520135,False
90.03294838518953,25.01004817414381,0.6654574900458272,-1.8256718830735439,False,-0.05977476339489727,False,-0.2253315562526343,False
90.08294838518952,25.01004817414381,0.6416138476207492,-1.7601753636223978,False,-0.3142540112618837,False,-0.18185864389473658,False
90.13294838518952,25.01004817414381,0.5890320935727164,-0.877181431955717,False,-0.8244757258629343,False,-0.0660766196092767,False
90.18294838518952,25.01004817414381,0.5434123279398321,-0.16641290894719557,False,-1.3832549443725481,True,0.12351507613207237,False
90.23294838518952,25.01004817414381,0.550930120899672,-0.18686955615235518,False,-1.8685376036069714,True,0.31282756502254866,False
90.28294838518951,25.01004817414381,0.623864362746476,-0.25890346313342194,False,-2.0996862263922322,True,0.3777056295312224,False
90.33294838518952,25.01004817414381,0.7143243531024501,-0.21356674646588938,False,-1.5652770172961863,False,0.2847384545066609,False
90.38294838518952,25.01004817414381,0.7577073577417659,0.1820052757720003,False,0.5304159949482677,False,0.0813430976333077,False
90.43294838518952,25.01004817414381,0.7522529598587425,0.3267927763443215,False,1.5495812908598512,False,-0.045281804555136765,False
90.48294838518952,25.01004817414381,0.6391546606462083,0.16684561165335068,False,0.6754295165397745,False,-0.11986422817483229,False
90.53294838518951,25.01004817414381,0.46997809409611574,0.5700923909943427,False,-0.41210264301632943,False,-0.12643716269281932,False
90.58294838518952,25.01004817414381,0.4306965666039743,1.0987880198862505,False,-0.9583749767517876,False,-0.10805610268197131,False
90.63294838518952,25.01004817414381,0.5528641505263395,1.5777991315891007,False,-1.0772116868556156,False,-0.12234012850397116,False
90.68294838518952,25.01004817414381,0.6672857747368879,1.8993451258179106,False,-1.4966135056096603,False,-0.20345983200152712,False
90.73294838518952,25.01004817414381,0.7214135562819091,1.72068793563814,False,-1.9056392816682215,True,-0.13253921154811849,False
90.78294838518951,25.01004817414381,0.7191300271481997,0.2977970600589322,False,-1.5780725235438595,True,0.26385889760010983,False
90.83294838518952,25.01004817414381,0.6615649373178706,-0.40328933376941345,False,-0.974799341551823,True,0.20267026208387584,False
90.88294838518952,25.01004817414381,0.5412816840810097,0.09736560912754644,False,-0.4633329963677567,False,0.05720591762039494,False
90.93294838518952,25.01004817414381,0.49426626186970773,0.02786947962212971,False,-0.34620089462887105,False,0.1112309178324665,False
90.98294838518952,25.01004817414381,0.5397372230046689,-0.3547988653363327,False,-0.33764519586592273,False,0.06516191005719324,False
91.03294838518951,25.01004817414381,0.5830808308530306,-0.5047664281526272,False,-0.27260047331928167,False,0.07323109307578662,False
91.08294838518952,25.01004817414381,0.5778945689386911,-0.25794414729819853,False,-0.27818897128202447,False,0.015299980457058937,False
91.13294838518952,25.01004817414381,0.6636864344170049,0.17077173017412536,False,-0.4561922235233451,False,-0.1627683760016432,False
91.18294838518952,25.01004817414381,0.7856082199942038,0.5382029922359757,False,-0.5724711509681548,True,-0.09106644428381895,False
91.23294838518952,25.01004817414381,0.8286662177746283,0.7124603686512261,False,-0.6908966675122885,True,0.14284644932018994,False
91.28294838518951,25.01004817414381,0.836938643408573,0.3540566785027571,False,-0.8994095714057715,True,0.426352235780089,False
91.33294838518952,25.01004817414381,0.8391728604146224,-0.40900251766931195,False,-1.254181471497536,True,0.47281909061130845,False
91.38294838518952,25.01004817414381,0.8373714588279124,-0.8205068324299076,False,-1.6572084817947839,True,0.42160716950919686,False
91.43294838518952,25.01004817414381,0.8117815608474653,-1.0410103030088962,False,-1.6362693767925132,True,0.3384806328019659,False
91.48294838518952,25.01004817414381,0.7826932765224167,-1.0825524136918143,False,-1.533644886956229,True,0.15856497801210714,False
91.53294838518951,25.01004817414381,0.80429988092958,-1.4717300544909229,False,-1.7617633325112554,True,0.11180355331949399,False
91.58294838518952,25.01004817414381,0.7818264955491449,-2.106192988192394,True,-2.041632289866647,True,0.04862932775793215,False
91.63294838518952,25.01004817414381,0.7358028139972285,-2.2458474684989778,True,-1.7210910695785362,True,0.02560729572907823,False
91.68294838518952,25.01004817414381,0.6624809459612794,-2.8549651012377124,True,-0.6549949183203507,False,-0.11699534837225772,False
91.73294838518952,25.01004817414381,0.5751505358224458,-2.6822573075373475,True,-0.10730552593910497,False,-0.2800686377287706,False
91.78294838518951,25.01004817414381,0.49064915917331187,-1.3948284329261296,False,0.301043582146021,False,-0.23919120710932606,False
91.83294838518952,25.01004817414381,0.45347310401093577,-0.36888467576391454,False,0.4928546526517608,False,-0.14461337225977697,False
91.88294838518952,25.01004817414381,0.4706480158569256,-0.07970595548299553,False,0.2449790123451393,False,-0.05496483144882395,False
91.93294838518952,25.01004817414381,0.552688493247535,0.47367675843749313,False,-0.47329329149967925,False,0.027997745428503324,False
91.98294838518952,25.01004817414381,0.6589928531081083,1.35254317482477,False,-1.4470093802886481,True,0.08755673037231157,False
92.03294838518951,25.01004817414381,0.7588978289221131,1.7533415004119068,False,-2.1262888403823643,True,0.09267508732867612,False
92.08294838518952,25.01004817414381,0.8273800189833928,1.4350188238919264,False,-2.3274132608219,True,0.16579009419699986,False
92.13294838518952,25.01004817414381,0.8235844107596509,1.0372422351424602,False,-2.4045283308909964,True,0.16817673791124707,False
92.18294838518952,25.01004817414381,0.7336844926693439,0.41922488830300425,False,-2.371806636408274,True,0.1549134335455763,False
92.23294838518952,25.01004817414381,0.5968509684508243,-0.18885328896647702,False,-2.1658947196027145,True,0.1513123267001412,False
92.28294838518951,25.01004817414381,0.48774771386533505,-0.9248486924039113,False,-1.7081240259091404,True,0.1581636317110969,False
92.33294838518952,25.01004817414381,0.42045940075580507,-1.1444498836103632,False,-1.3986345296095708,True,0.14863247638601573,False
92.38294838518952,25.01004817414381,0.375539796756286,-1.1865575642766841,False,-1.1743092276389178,True,0.1410606127059277,False
92.43294838518952,25.01004817414381,0.3241455851689605,-1.197064845411075,False,-1.0439684497447865,False,0.12658917673189274,False
88.43294838518952,24.96004817414381,0.817780064981251,2.276090418482999,True,-1.481867100144369,False,0.4331042326599991,False
88.48294838518952,24.96004817414381,0.8230425900070993,2.286950841167585,True,-1.2564425637519807,False,0.5952300749417732,False
88.53294838518953,24.96004817414381,0.829105004697121,2.5082043432140897,True,-0.2837382708968696,False,0.6061461271233702,False
88.58294838518952,24.96004817414381,0.8389334667476578,2.448864994397594,True,0.795126119149341,False,0.5805427120643951,False
88.63294838518952,24.96004817414381,0.8196031178249378,1.959216874499265,True,1.2655646052538478,False,0.3719817403380813,False
88.68294838518952,24.96004817414381,0.7039957719536145,0.7018606605562694,False,0.8341003335988652,False,0.17310625104550195,False
88.73294838518952,24.96004817414381,0.4662123187444706,-0.6048445075186619,False,-0.4404280713694604,False,0.09912713492481581,False
88.78294838518953,24.96004817414381,0.5466171225535573,-0.6110925011951749,False,-1.5053444096612512,False,-0.039352886257606495,False
88.83294838518952,24.96004817414381,0.7230608346393643,-0.49290837611481564,False,-1.927472674021868,True,-0.13447415006659968,False
88.88294838518952,24.96004817414381,0.7816435648339146,-0.8047012673008119,False,-2.194369544349115,True,-0.18891084291245697,False
88.93294838518952,24.96004817414381,0.7543868196547237,-1.1672587633200324,False,-2.138998757770476,False,-0.2227952573116853,False
88.98294838518952,24.96004817414381,0.6502379861483174,-1.2077369709260992,False,-1.649866864620071,False,-0.22902785776281806,False
89.03294838518953,24.96004817414381,0.5218646925188786,-0.9235382746076655,False,-1.1087964102372434,False,-0.15292467435788737,False
89.08294838518952,24.96004817414381,0.5296043168495626,-0.8688829736939794,False,-0.7949254850399283,False,-0.021390408674865222,False
89.13294838518952,24.96004817414381,0.6311740088299906,-0.8369611218731255,False,-0.4868145906907528,False,0.13150143947931942,False
89.18294838518952,24.96004817414381,0.7355554782921844,0.0024092767488199246,False,-0.3272850136722689,False,0.21240591239459333,False
89.23294838518952,24.96004817414381,0.7302826522550739,0.4345565734928886,False,-0.6863487383939348,False,0.2595846789823827,False
89.28294838518953,24.96004817414381,0.6159678339363622,0.1752964586305279,False,-1.439092685514714,False,0.21613130167621158,False
89.33294838518952,24.96004817414381,0.4404934038493962,0.013679055088650971,False,-1.344364673395149,False,0.0985357283655203,False
89.38294838518952,24.96004817414381,0.34714567286081793,0.36681548532388714,False,0.0626596223713726,False,0.08808910537726551,False
89.43294838518952,24.96004817414381,0.42653103917192253,0.5509074195290187,False,0.4449994869947692,False,-0.002487310815398991,False
89.48294838518952,24.96004817414381,0.46604853123798345,0.5935534567716693,False,0.48897394161520924,False,-0.09228048200236504,False
89.53294838518953,24.96004817414381,0.5172133852321049,0.4249497489447678,False,0.15590091969270248,False,-0.07849138859011591,False
89.58294838518952,24.96004817414381,0.5801910857234185,0.21774521194705554,False,-0.29666926626500467,False,-0.004878073090836654,False
89.68294838518952,24.96004817414381,0.6961290818718243,-0.047853304097943083,False,-0.8619568554078124,True,0.05016297198048095,False
89.73294838518952,24.96004817414381,0.7510059584522902,-0.2317082674466373,False,-0.9016669379397689,True,0.029107691824438536,False
89.78294838518953,24.96004817414381,0.7552083511849561,-0.07400485347159091,False,-0.8305430223685701,True,-0.045678204889171486,False
89.83294838518952,24.96004817414381,0.6747533452815139,0.21246719658614524,False,-0.4873332480542275,False,-0.14209363322750027,False
89.88294838518952,24.96004817414381,0.4188174424574471,-0.1248549303748974,False,0.47182569822161813,False,-0.08864722313672785,False
89.93294838518952,24.96004817414381,0.4232698679254131,-0.19164320310533378,False,0.3614437677645437,False,-0.2068929748688478,False
89.98294838518952,24.96004817414381,0.47629582132048137,-0.37385824504825116,False,0.0495598069734641,False,-0.3279312929667217,False
90.03294838518953,24.96004817414381,0.5345515331590842,-0.7672480962861264,False,-0.15528157418540373,False,-0.35261820412274,False
90.08294838518952,24.96004817414381,0.5651991972703788,-0.9788085653219987,False,-0.3410267683977713,False,-0.312412732830313,False
90.13294838518952,24.96004817414381,0.5496753321703083,-0.6309893632922634,False,-0.6479930112374166,False,-0.2184586205672332,False
90.18294838518952,24.96004817414381,0.5153089501406004,-0.2814383630887026,False,-0.903677100223202,False,-0.09998106347486634,False
90.23294838518952,24.96004817414381,0.4975352059095186,-0.4454186849734599,False,-1.2085655498789778,False,0.12516597586221137,False
90.28294838518951,24.96004817414381,0.527906349333898,-1.0121560374553902,False,-1.3203185081052498,False,0.20009327304223856,False
90.33294838518952,24.96004817414381,0.5632532260703577,-1.1644397347171975,False,-0.7853020414707883,False,0.015349412258088224,False
90.38294838518952,24.96004817414381,0.5827273291643873,-0.4637707111586941,False,0.4960101188625944,False,-0.15891125559928032,False
90.43294838518952,24.96004817414381,0.6086413297687383,0.13415085703140361,False,1.86255613263221,False,-0.20594963554995738,False
90.48294838518952,24.96004817414381,0.6134284368057688,0.10965568187434732,False,1.4543339741392767,False,-0.24410132427289272,False
90.53294838518951,24.96004817414381,0.5003345298585254,0.37214095591466445,False,0.361593858281965,False,-0.2723568046303191,False
90.58294838518952,24.96004817414381,0.2751334663496379,0.8488757549670076,False,-0.4520987412629305,False,-0.20513737747931252,False
90.63294838518952,24.96004817414381,0.3435999015948778,1.1429151371404478,False,-0.7679090738404915,False,-0.2057032013850042,False
90.68294838518952,24.96004817414381,0.5665558818153257,1.428648490699478,False,-1.1392034260937054,False,-0.34140780292679496,False
90.73294838518952,24.96004817414381,0.6698971379114345,1.2275154317228425,False,-1.3509164762188743,False,-0.38093535340315104,False
90.78294838518951,24.96004817414381,0.644017146441714,0.18099722156667833,False,-0.9050159700564007,False,-0.23167730034615155,False
90.83294838518952,24.96004817414381,0.5267661053606182,-0.589646598706104,False,-0.6139759597103809,False,-0.13990533296663016,False
90.88294838518952,24.96004817414381,0.40250604271701645,-0.6727519683124715,False,-0.5759174778482441,False,-0.014113618164132757,False
90.93294838518952,24.96004817414381,0.44705058977976314,-0.47102427209762304,False,-0.4757262159307969,False,0.11219931269399763,False
90.98294838518952,24.96004817414381,0.5864493992010912,-0.24877928635077512,False,-0.37870224856231915,False,0.2711276330285606,False
91.03294838518951,24.96004817414381,0.6541572546635017,-0.1526592352592058,False,-0.31098402256015967,False,0.3511198515107925,False
91.08294838518952,24.96004817414381,0.6089504040916577,-0.009717246116354175,False,-0.2761100885189803,False,0.2733139378403559,False
91.13294838518952,24.96004817414381,0.531296391475123,0.35290582003875737,False,-0.3319354134521184,False,0.10115384951156793,False
91.18294838518952,24.96004817414381,0.6199745782858467,0.733427345325045,False,-0.4102720982185334,False,0.08259840758546541,False
91.23294838518952,24.96004817414381,0.6829693530497897,0.9311280863986009,False,-0.46452583339201975,False,0.17730135388372642,False
91.28294838518951,24.96004817414381,0.6704077164838849,0.8339799690594472,False,-0.5996015327813302,False,0.3009472387778949,False
91.33294838518952,24.96004817414381,0.6350075116466093,0.44280363308091086,False,-0.8610608292864766,False,0.30998411319055924,False
91.38294838518952,24.96004817414381,0.6489327228008743,0.18953601687741872,False,-1.124577080807618,True,0.17006904745689586,False
91.43294838518952,24.96004817414381,0.7105116838494808,0.26650349285258756,False,-1.0882873942528448,True,-0.028196988450311572,False
91.48294838518952,24.96004817414381,0.7511182330739521,0.4029048560444157,False,-1.0729173100945588,True,-0.2018231826601924,False
91.53294838518951,24.96004817414381,0.7671836482539545,0.22212295587122655,False,-1.240347757329054,True,-0.27023529185036554,False
91.58294838518952,24.96004817414381,0.7320772804098087,-0.6632292468727577,False,-1.6854608100718567,True,-0.2700688657448625,False
91.63294838518952,24.96004817414381,0.6527909544174573,-1.0330304156576906,False,-1.7016573928341425,True,-0.23765588473292987,False
91.68294838518952,24.96004817414381,0.5202145762202989,-1.2738034150005482,False,-0.8275448505064413,False,-0.27823366270947825,False
91.73294838518952,24.96004817414381,0.39045336225614646,-0.777279902137796,False,-0.13682796056319368,False,-0.4482115789610466,False
91.78294838518951,24.96004817414381,0.3344823982445656,0.6054076777988198,False,0.31817459236923695,False,-0.39259090152782083,False
91.83294838518952,24.96004817414381,0.3386767504721892,1.5147893256929494,False,0.43096711377913954,False,-0.3312208230707634,False
91.88294838518952,24.96004817414381,0.36974510031147545,2.0423984584075185,False,0.3342586330674222,False,-0.3070944807590805,False
91.93294838518952,24.96004817414381,0.43042319476720675,2.304289295556981,True,0.06262201687327867,False,-0.19939064616582136,False
91.98294838518952,24.96004817414381,0.5192582607567847,2.522597400860465,True,-0.5133116822995761,False,-0.04886725213553776,False
92.03294838518951,24.96004817414381,0.6432505869101218,2.4532383356266503,True,-1.455136777151023,True,-0.02888559432749363,False
92.08294838518952,24.96004817414381,0.7643776692863172,1.900914064628858,False,-2.065962276124246,True,-0.04544282551191203,False
92.13294838518952,24.96004817414381,0.8119429530573067,1.2534512624839769,False,-2.3024249142837165,True,-0.026617518498008842,False
92.18294838518952,24.96004817414381,0.7312223319375438,0.8235632430336347,False,-2.1894947517331147,True,-0.028072101298566132,False
92.23294838518952,24.96004817414381,0.5793127385655755,0.151386506819844,False,-1.8255440685135484,True,0.020677492802009395,False
92.28294838518951,24.96004817414381,0.45573717311031986,-0.5799844039657425,False,-1.3372663175372006,True,0.06981078181860528,False
92.33294838518952,24.96004817414381,0.3829256994686638,-0.8276783436300048,False,-1.0525096179920346,True,0.08479564975739487,False
92.38294838518952,24.96004817414381,0.31528078421951466,-0.9378900057420654,False,-0.8964357446797622,False,0.08480387898140451,False
92.43294838518952,24.96004817414381,0.29244688896579674,-0.9691303349468269,False,-0.7855144313394475,False,0.08887379643745827,False
88.18294838518952,24.91004817414381,0.5005235168258088,1.6600184966690334,False,0.4063203977124129,False,0.08059882878909293,False
88.23294838518952,24.91004817414381,0.5060326798799909,2.6841247724350383,False,-0.16016162229470707,False,0.0357047922195105,False
88.33294838518952,24.91004817414381,0.6768010294540109,3.1231436671590656,True,-1.6088986019445932,True,-0.10756494538545183,False
88.38294838518952,24.91004817414381,0.7680134403564004,3.0123850381186905,True,-1.8173747518119898,True,-0.03426018798587928,False
88.43294838518952,24.91004817414381,0.8011140002687481,2.686164397410959,True,-1.9184234951559804,True,0.18768701750704855,False
88.48294838518952,24.91004817414381,0.80990401369811,2.4362993955294594,True,-1.7806072194892004,False,0.4216853479328805,False
88.53294838518953,24.91004817414381,0.8090731223881608,2.238632536993305,True,-1.4504893092530136,False,0.6242142658768102,False
88.58294838518952,24.91004817414381,0.7828788536523535,1.8143037569646576,False,-0.7583043357414476,False,0.6556146276247774,False
88.63294838518952,24.91004817414381,0.6546012405613536,0.7905348154137425,False,-0.32971610425541525,False,0.40281472293822457,False
88.68294838518952,24.91004817414381,0.2605906067191678,-0.07164046553224318,False,0.04677644818926324,False,0.13302503524789927,False
88.73294838518952,24.91004817414381,-0.07147629835792567,-0.23174073284594748,False,-0.1423977544420583,False,0.02875925495493839,False
88.78294838518953,24.91004817414381,0.3636516746234596,-0.032218928806978686,False,-0.8110558925848419,False,-0.2105733715359119,False
88.83294838518952,24.91004817414381,0.6837685588333059,0.02455024290331498,False,-1.4061576970926881,True,-0.43807814296451486,False
88.88294838518952,24.91004817414381,0.7898343708162794,-0.48739134728131894,False,-1.9402717425248306,True,-0.37865252784423065,False
88.93294838518952,24.91004817414381,0.8118630767450636,-1.1688398198497885,False,-2.1806058915135447,True,-0.29710706890441085,False
88.98294838518952,24.91004817414381,0.7847468342685805,-1.4583366496408958,False,-1.7750228541582778,True,-0.34794130949569374,False
89.03294838518953,24.91004817414381,0.7266222448414902,-1.2321803578316646,False,-1.2708758350461054,False,-0.31853773657227363,False
89.08294838518952,24.91004817414381,0.6374883498557766,-0.9697624854946519,False,-0.90133119930879,False,-0.14619520791580118,False
89.13294838518952,24.91004817414381,0.5718351984522804,-0.971150961004937,False,-0.5895671905639652,False,-0.03428537627780172,False
89.18294838518952,24.91004817414381,0.6588579699349175,-0.48576275318104006,False,-0.4939675752861402,False,-0.104353110964232,False
89.23294838518952,24.91004817414381,0.689309621152596,0.10048909187259811,False,-0.8526488173892002,False,-0.02941799786433819,False
89.28294838518953,24.91004817414381,0.6150379176429953,-0.00801145160022998,False,-1.7650011515460962,False,0.057095491033574496,False
89.33294838518952,24.91004817414381,0.47118568972813574,-0.09553743658914071,False,-1.8369865482095704,False,0.039273832160253146,False
89.38294838518952,24.91004817414381,0.30261833064920746,0.29143277070478224,False,-0.4115284752384453,False,0.05500963818792681,False
89.43294838518952,24.91004817414381,0.2710080972776638,0.30647296292954457,False,0.14409471066805218,False,0.050671717100972125,False
89.48294838518952,24.91004817414381,0.26782175655315177,0.36204770858317104,False,0.2221783238976926,False,0.012236175701005686,False
89.53294838518953,24.91004817414381,0.3725195185317897,0.3200508903176593,False,0.06291321719677895,False,0.021987286245317844,False
89.58294838518952,24.91004817414381,0.5280758338435206,0.1604728091074894,False,-0.33728639009550476,False,0.09260463062852863,False
89.68294838518952,24.91004817414381,0.6929454921169254,-0.09110990903227001,False,-0.9878882051943447,True,0.1193663148407968,False
89.73294838518952,24.91004817414381,0.7639270532069996,-0.1962085718281012,False,-1.0694292575591062,True,0.03765290693857706,False
89.78294838518953,24.91004817414381,0.784842542730822,0.23401765428603338,False,-0.9858258605433103,True,-0.15946667822206106,False
89.83294838518952,24.91004817414381,0.7219661915562048,0.38419445545912684,False,-0.5876408875172425,False,-0.2560495775711319,False
89.88294838518952,24.91004817414381,0.4663362917787945,-0.19872219160038246,False,0.6189466790000684,False,-0.06341942453344017,False
89.93294838518952,24.91004817414381,0.3139055031421093,-0.05714196710875202,False,0.40024427094746673,False,-0.16691627233806808,False
89.98294838518952,24.91004817414381,0.26349100394716685,-0.05815273737819795,False,0.06520931400704875,False,-0.289526783647076,False
90.03294838518953,24.91004817414381,0.29872117405471066,-0.3048008641584111,False,-0.1549970373359126,False,-0.34027009983179823,False
90.08294838518952,24.91004817414381,0.3447043588442279,-0.47815915213985927,False,-0.3289810465521579,False,-0.30122947547239265,False
90.13294838518952,24.91004817414381,0.3709702992042833,-0.3192269792895214,False,-0.5178117394669837,False,-0.17447165931084369,False
90.18294838518952,24.91004817414381,0.4191437441223159,-0.27166732810604133,False,-0.6679563181122852,False,-0.057394338993667735,False
90.23294838518952,24.91004817414381,0.4632417141135592,-0.45808789924811444,False,-0.8907684613205207,False,0.10030839683647318,False
90.28294838518951,24.91004817414381,0.49357423664420463,-1.0575261021273188,False,-0.8335066078564042,False,0.037161834363126894,False
90.33294838518952,24.91004817414381,0.5073186466438149,-1.8124122283316908,False,-0.4464984750962215,False,-0.1611032500838932,False
90.38294838518952,24.91004817414381,0.4824513321733353,-1.1461173158060274,False,0.017660632127843745,False,-0.3251421018700152,False
90.43294838518952,24.91004817414381,0.46149534772346085,0.0845143426930745,False,0.45584210512102036,False,-0.36287741774974064,False
90.48294838518952,24.91004817414381,0.5106801713771122,0.632542103574743,False,0.5799036181346164,False,-0.32009227802011136,False
90.53294838518951,24.91004817414381,0.5589772187871705,0.6776162243722523,False,0.35996409332263474,False,-0.28610349212888425,False
90.58294838518952,24.91004817414381,0.4509121821110808,0.6702962984465369,False,-0.12615809862937954,False,-0.25204184367421906,False
90.63294838518952,24.91004817414381,0.21769556088351538,0.5208658534486166,False,-0.3739651627154112,False,-0.23447011113179173,False
90.68294838518952,24.91004817414381,0.4504209249864898,0.516596164142769,False,-0.5874993020827445,False,-0.33037922766601346,False
90.73294838518952,24.91004817414381,0.6188738588541621,0.021800159561479848,False,-0.5258258504046047,False,-0.34528504804036214,False
90.78294838518951,24.91004817414381,0.616424582655017,-0.6669927334675558,False,-0.34976505288374515,False,-0.26225514931611654,False
90.83294838518952,24.91004817414381,0.49948691486835883,-0.7336263777412178,False,-0.5255886526672641,False,-0.16005127969196736,False
90.88294838518952,24.91004817414381,0.46342269696218236,-0.6376101142938624,False,-0.6902027984019226,False,0.04806988950185026,False
90.93294838518952,24.91004817414381,0.6520068327775654,-0.29580723337189113,False,-0.6734679373966423,False,0.37482487568575373,False
90.98294838518952,24.91004817414381,0.7633880993801833,0.16765337314278758,False,-0.5260905265684304,True,0.5610067517480894,False
91.03294838518951,24.91004817414381,0.7864533658257553,0.4527721326425443,False,-0.47141723954573134,False,0.5067069581710899,False
91.08294838518952,24.91004817414381,0.7413685971695642,0.6262934617013022,False,-0.49332102089725005,False,0.34382361090307206,False
91.13294838518952,24.91004817414381,0.6655067696508227,0.7995236099631022,False,-0.5481988702689824,False,0.19178295425560488,False
91.18294838518952,24.91004817414381,0.6569417202801984,0.8494994744571542,False,-0.5910822114544249,False,0.17409242688742116,False
91.23294838518952,24.91004817414381,0.6817050508747088,0.771703313052027,False,-0.672061293050586,False,0.21204190753863247,False
91.28294838518951,24.91004817414381,0.6591882693557454,0.5857438115184286,False,-0.7831162215475558,False,0.2429748863158141,False
91.33294838518952,24.91004817414381,0.5580743754119695,0.49634698155098594,False,-0.7816083375958338,False,0.2213198951320909,False
91.38294838518952,24.91004817414381,0.3714092904529312,0.502474953088024,False,-0.5480074463201763,False,0.05310839554373953,False
91.43294838518952,24.91004817414381,0.5711619473255035,0.5457587697759287,False,-0.572415208961194,False,-0.10743307674769881,False
91.48294838518952,24.91004817414381,0.7461973310234812,0.5909756701140574,False,-0.7720881301605861,False,-0.19395984961655194,False
91.53294838518951,24.91004817414381,0.7627244078267369,0.4251656573273186,False,-1.0109647420673993,True,-0.2747857586846463,False
91.58294838518952,24.91004817414381,0.7174530869783375,0.039543859721169805,False,-1.4598148146122847,True,-0.3461803962343284,False
91.63294838518952,24.91004817414381,0.6191210415960993,0.08703542039461598,False,-1.7692291411216665,True,-0.36893323224830077,False
91.68294838518952,24.91004817414381,0.4650344877924983,0.3986071321366215,False,-1.2939581567098533,False,-0.24308730335535925,False
91.73294838518952,24.91004817414381,0.32936311743786284,0.7644069261773236,False,-0.49047717879327246,False,-0.3441990457751671,False
91.78294838518951,24.91004817414381,0.2806258655268199,1.6552503058813735,False,0.10180916356994996,False,-0.365866568897057,False
91.83294838518952,24.91004817414381,0.2842847929499875,2.3200612737218234,False,0.18458949357966825,False,-0.2899945711116561,False
91.88294838518952,24.91004817414381,0.3241730810462237,2.8067829960846304,True,0.1154594985888917,False,-0.2364389654804606,False
91.93294838518952,24.91004817414381,0.37109040000581117,3.0586301820082467,True,0.06324055483712773,False,-0.18974554975898103,False
91.98294838518952,24.91004817414381,0.4278643811123042,3.077756740878541,True,-0.10251182654733376,False,-0.13922930076156906,False
92.03294838518951,24.91004817414381,0.5125990103712383,2.9377106575094682,True,-0.6699514565444883,False,-0.22096062561128926,False
92.08294838518952,24.91004817414381,0.6177637660727266,2.3856041822602156,False,-1.4187302554634398,True,-0.22337121688302147,False
92.13294838518952,24.91004817414381,0.6855416447704588,1.7615356796474655,False,-1.6828429791050237,True,-0.19486225180204936,False
92.18294838518952,24.91004817414381,0.6381104362472013,1.4600467424599546,False,-1.481506469140639,True,-0.1841888390353391,False
92.23294838518952,24.91004817414381,0.4889229870473248,0.8108921096802043,False,-1.0877315072221716,True,-0.09789585479241905,False
92.28294838518951,24.91004817414381,0.3648490417497237,-0.027481997716246542,False,-0.7673289780392158,False,-0.018704765425679726,False
92.33294838518952,24.91004817414381,0.29604263736536607,-0.4620389934001463,False,-0.6251828796367292,False,0.018587596731754252,False
92.38294838518952,24.91004817414381,0.26246624016645886,-0.640447451554098,False,-0.5650852469346805,False,0.03811668222108183,False
92.43294838518952,24.91004817414381,0.23809718627060028,-0.7256802820135178,False,-0.5304041080311779,False,0.04855014952703374,False
92.48294838518952,24.91004817414381,0.23109278099628208,-0.7694761927943626,False,-0.517386730959964,False,0.056071614936701375,False
88.18294838518952,24.860048174143817,0.4675731929076613,0.8455406079088237,False,0.3804387481051664,False,0.030076035103748983,False
88.23294838518952,24.860048174143817,0.48567143951932534,2.1317336530463846,False,-0.13033844461486804,False,-0.013126626180488862,False
88.28294838518953,24.860048174143817,0.5509384223560562,2.954251607836845,True,-1.0869357434034228,False,-0.16422282938837773,False
88.33294838518952,24.860048174143817,0.6585882247865135,3.0870190460674745,True,-1.8275474694681568,True,-0.25966135432745024,False
88.38294838518952,24.860048174143817,0.7518509788678778,3.127384197720881,True,-2.144527413740358,True,-0.2456267633577343,False
88.43294838518952,24.860048174143817,0.7855350257160729,3.022640377742473,True,-2.1459359884584934,True,-0.1360942083882737,False
88.48294838518952,24.860048174143817,0.8058920692921581,2.646450341277654,True,-1.9399604737717224,True,0.03698173520288592,False
88.53294838518953,24.860048174143817,0.8038621529993064,2.0040740997482747,False,-2.084513093762348,False,0.46022974265457733,False
88.58294838518952,24.860048174143817,0.7409288793190214,0.9191647631525708,False,-2.117042742842469,False,0.7370185001315314,False
88.63294838518952,24.860048174143817,0.48872557776731623,-0.007116989384312489,False,-1.1674129439755987,False,0.5480795054975149,False
88.68294838518952,24.860048174143817,0.06469308117809187,-0.3540799536649112,False,-0.1987864403706096,False,0.24416943871612068,False
88.73294838518952,24.860048174143817,0.06836923015789273,-0.31488958285808943,False,-0.2964672451536371,False,0.0893740207195226,False
88.78294838518953,24.860048174143817,0.42906819232210947,-0.2296141266064164,False,-0.7873860260090032,False,-0.21695635800502794,False
88.83294838518952,24.860048174143817,0.67285977637295,-0.14872253802633484,False,-1.218645851486143,True,-0.47466570338820135,False
88.88294838518952,24.860048174143817,0.7828054805921622,-0.5175995376886834,False,-1.5792515964589944,True,-0.452105747920122,False
88.93294838518952,24.860048174143817,0.8227269464050827,-1.1845528295730303,False,-1.772949497581633,True,-0.39024750571819067,False
88.98294838518952,24.860048174143817,0.8130996674344093,-1.5402626486309836,False,-1.5051694278446857,True,-0.4646285884139331,False
89.03294838518953,24.860048174143817,0.7710909306161551,-1.3706992027613905,False,-1.1057651601478087,False,-0.48900414214068766,False
89.08294838518952,24.860048174143817,0.6901777599730738,-1.0959844474352547,False,-0.8691966583514259,False,-0.3643955263733958,False
89.13294838518952,24.860048174143817,0.561200307534955,-1.0328720237775617,False,-0.6398624710506863,False,-0.20576674359197122,False
89.18294838518952,24.860048174143817,0.5535151976642131,-0.6374103732933389,False,-0.4907116112217354,False,-0.19701679931013866,False
89.23294838518952,24.860048174143817,0.6087994707155188,0.026926884462230183,False,-0.7089903251037878,False,-0.14071714273563485,False
89.28294838518953,24.860048174143817,0.5915134860912581,0.157715018797988,False,-1.509154375306522,False,-0.01811472698077607,False
89.33294838518952,24.860048174143817,0.4998743862480362,0.012326727241653956,False,-1.9041588158372402,False,0.017783895491026547,False
89.38294838518952,24.860048174143817,0.34110961785062516,0.3260973876756323,False,-0.6290198191132939,False,0.019062660794290337,False
89.43294838518952,24.860048174143817,0.22537442393447474,0.17709796463429567,False,0.07843171535335913,False,0.06029417730697764,False
89.48294838518952,24.860048174143817,0.16268498440772158,0.2265642798567653,False,0.1640965476897605,False,0.05471667264630023,False
89.53294838518953,24.860048174143817,0.32635067963492903,0.2586085869058865,False,0.023866398696150093,False,0.09368172222047295,False
89.58294838518952,24.860048174143817,0.4851864824984721,0.12223880750307758,False,-0.4260932650038255,False,0.1951697188503816,False
89.68294838518952,24.860048174143817,0.6380319491083578,-0.0946376329478612,False,-1.3751221831196199,True,0.30102971721859134,False
89.73294838518952,24.860048174143817,0.7320529220444392,0.027646930525733887,False,-1.435909486215816,True,0.15709496228778508,False
89.78294838518953,24.860048174143817,0.7936123775056393,0.7540641243335977,False,-1.3499788180572814,True,-0.22173327653822414,False
89.83294838518952,24.860048174143817,0.784188453820916,0.8152067669601674,False,-1.0875670605327625,False,-0.36867816458788555,False
89.88294838518952,24.860048174143817,0.5673816604447757,0.08591865086296889,False,0.40184969041700574,False,-0.11043478257779565,False
89.93294838518952,24.860048174143817,0.23266315949265337,0.063224437103526,False,0.3144852209125772,False,-0.10909218944919392,False
89.98294838518952,24.860048174143817,0.24199306666946857,0.18003077823956923,False,-0.006856392206747386,False,-0.2217438576328342,False
90.03294838518953,24.860048174143817,0.30335551660725274,0.12492891955572859,False,-0.09267334185628559,False,-0.26618205725455263,False
90.08294838518952,24.860048174143817,0.35132422859797263,0.07156712729666136,False,-0.1644078502292916,False,-0.11178402371077875,False
90.13294838518952,24.860048174143817,0.3918582307459079,0.00841012490317912,False,-0.24898900930746148,False,0.07874958464688192,False
90.18294838518952,24.860048174143817,0.4315114149031255,-0.22524935016619224,False,-0.4432178440231456,False,0.1979678570689486,False
90.23294838518952,24.860048174143817,0.42873120062732606,-0.4327590354117984,False,-0.7530127452062287,False,0.3111874594927143,False
90.28294838518951,24.860048174143817,0.4590634968443347,-1.0998334378393975,False,-0.3941939288132945,False,0.0530453808028864,False
90.33294838518952,24.860048174143817,0.46930725865285633,-1.840552787577591,False,0.01721277641047153,False,-0.20396025107337856,False
90.38294838518952,24.860048174143817,0.4203981292292491,-1.8180977268973786,False,0.18299988682184287,False,-0.3081558965874626,False
90.43294838518952,24.860048174143817,0.36693327810051546,-0.5085713258719051,False,0.3189573739426644,False,-0.3947643266556849,False
90.48294838518952,24.860048174143817,0.41166277304703264,0.40496130840774436,False,0.3353206066257066,False,-0.3787822010239934,False
90.53294838518951,24.860048174143817,0.5240244604623013,0.8501588248191098,False,0.2492334456048696,False,-0.3046244047390749,False
90.58294838518952,24.860048174143817,0.5441059359342151,0.950371153329272,False,0.09722685257857494,False,-0.1810961555461348,False
90.63294838518952,24.860048174143817,0.3344908092677197,0.48151599239110565,False,-0.18114377039273025,False,-0.17473819991107464,False
90.68294838518952,24.860048174143817,0.45983119077563483,0.04735434046655512,False,-0.4195289532561062,False,-0.2436123046767148,False
90.73294838518952,24.860048174143817,0.6232635952284054,-0.5744701494318452,False,-0.36390700717689717,False,-0.23776609746401303,False
90.78294838518951,24.860048174143817,0.6347734546338532,-0.8590079267734505,False,-0.37522314866709255,False,-0.20009987413817823,False
90.83294838518952,24.860048174143817,0.5562336780037849,-0.794179068611415,False,-0.5782510841441052,False,-0.09018721826402584,False
90.88294838518952,24.860048174143817,0.6049486968761979,-0.5652255761727479,False,-0.8976829900719588,False,0.18680493765710912,False
90.93294838518952,24.860048174143817,0.7629299061109955,-0.11944689354458846,False,-0.9884740950962944,True,0.5257169816924477,False
90.98294838518952,24.860048174143817,0.8252256246830172,0.48039126579231606,False,-0.7373069049529524,True,0.621534558315451,False
91.03294838518951,24.860048174143817,0.830207524644714,0.9060448066630293,False,-0.6457785811121012,True,0.447445021175489,False
91.08294838518952,24.860048174143817,0.8036695848079611,1.036057648101293,False,-0.7215607639678214,True,0.2584997130725909,False
91.13294838518952,24.860048174143817,0.7433350165072058,1.0502123000735977,True,-0.8447938042594032,True,0.1369479180099593,False
91.18294838518952,24.860048174143817,0.7136732024499445,0.9301694717329825,True,-0.9484343433880988,True,0.07673065769256715,False
91.23294838518952,24.860048174143817,0.721684516602161,0.6566223300480629,False,-1.0062704089075125,True,0.07180290926263388,False
91.28294838518951,24.860048174143817,0.7002202025886495,0.44678130978502206,False,-0.9760895788533399,True,0.0763441424406336,False
91.33294838518952,24.860048174143817,0.630504812358634,0.469468576665022,False,-0.7647707892227364,False,0.0807498145520011,False
91.38294838518952,24.860048174143817,0.43393054048656754,0.5627282725494993,False,-0.29974948829249687,False,0.0440532321948095,False
91.43294838518952,24.860048174143817,0.4120530529556288,0.684842406168686,False,-0.13022859586335608,False,-0.012711466639944269,False
91.48294838518952,24.860048174143817,0.6648467245824609,0.7387885819586549,False,-0.36923084391534855,False,-0.06377009413915208,False
91.53294838518951,24.860048174143817,0.7247016150237195,0.5840632212685788,False,-0.6958052070418572,False,-0.12589338863280292,False
91.58294838518952,24.860048174143817,0.7168760231877226,0.2501834752920111,False,-1.2861358801719731,False,-0.19297963444105243,False
91.63294838518952,24.860048174143817,0.6617693888671019,0.4212321421680634,False,-1.7789957610672995,True,-0.16414781488634833,False
91.68294838518952,24.860048174143817,0.5589298042967229,1.3635195467526309,False,-1.5811049402164652,True,0.19255115684778334,False
91.73294838518952,24.860048174143817,0.4092448876340433,1.2378001970311518,False,-0.7968329567521073,False,0.2751472827840903,False
91.78294838518951,24.860048174143817,0.3312837338156192,1.8746497074286395,False,-0.3578689567165909,False,0.010420646934222885,False
91.83294838518952,24.860048174143817,0.33531567253602956,3.0962415862669155,True,-0.2991857328400005,False,-0.0927124383635897,False
91.88294838518952,24.860048174143817,0.37415353000758617,3.465683474843805,True,-0.30981044560198817,False,-0.05856220215627697,False
91.93294838518952,24.860048174143817,0.40213955491841197,3.310636747849437,True,-0.2584776845321926,False,-0.025522327965304,False
91.98294838518952,24.860048174143817,0.41984642234945346,2.937701508496432,True,-0.3320625738678669,False,-0.05450384119539907,False
92.03294838518951,24.860048174143817,0.42641233416398516,2.5288290223227863,True,-0.7107207704287132,False,-0.1300814535139892,False
92.08294838518952,24.860048174143817,0.4451010522375975,2.234969733916602,False,-1.1366537982048943,False,-0.23071147527119473,False
92.13294838518952,24.860048174143817,0.48479090127638585,2.025415614281499,False,-0.9065547253928038,False,-0.2227937545632222,False
92.18294838518952,24.860048174143817,0.43837387844905396,1.4768507383181204,False,-0.5343264785780643,False,-0.2395527449422189,False
92.23294838518952,24.860048174143817,0.296797882680344,0.4929850695265915,False,-0.2064542516692309,False,-0.18513912643081698,False
92.38294838518952,24.860048174143817,0.20804752516002809,-0.21917144407390599,False,-0.28705627140777257,False,-0.022793102233695572,False
92.43294838518952,24.860048174143817,0.19533752924043304,-0.36755048028948856,False,-0.315566428110862,False,0.0008105039789507718,False
88.13294838518952,24.810048174143816,0.42673633231246777,-0.23396320890592293,False,0.11055434983133479,False,0.10708513205242176,False
88.18294838518952,24.810048174143816,0.43744586500128957,0.18566567310522286,False,0.17149559698223957,False,0.038621163404601866,False
88.23294838518952,24.810048174143816,0.46329937042283337,1.4402165750811968,False,-0.1875278086823089,False,-0.02878069498384453,False
88.28294838518953,24.810048174143816,0.5082664724419237,2.718984496171195,False,-1.2148534167724097,True,-0.289938778658109,False
88.33294838518952,24.810048174143816,0.6286692744484902,2.8005043145630335,False,-1.9358294906933917,True,-0.3976688266507942,False
88.38294838518952,24.810048174143816,0.7121077631934384,2.7614833477099454,True,-2.178620377998233,True,-0.39114348491545026,False
88.43294838518952,24.810048174143816,0.7556792113975884,2.8145459400479904,True,-2.1964183263424486,True,-0.34946653437512165,False
88.48294838518952,24.810048174143816,0.802012841700293,2.650515267181037,True,-1.9878143858429929,True,-0.36802489392841,False
88.53294838518953,24.810048174143816,0.8380816747212037,1.819934439859375,False,-3.0929037107099298,True,-0.1376653670562571,False
88.58294838518952,24.810048174143816,0.772331578391623,0.43565016977196014,False,-3.1358001808133595,True,0.2925982086940871,False
88.63294838518952,24.810048174143816,0.595809940537655,-0.16874997248977702,False,-1.8688580183749508,False,0.6584710874718084,False
88.68294838518952,24.810048174143816,0.45162777767004,-0.32996032543330456,False,-1.146863930337201,False,0.5053536976624419,False
88.73294838518952,24.810048174143816,0.4542825732976242,-0.31076840181497145,False,-0.9377164053037546,False,0.03918404908542936,False
88.78294838518953,24.810048174143816,0.5550698947731464,-0.16172537594639902,False,-1.0116455174759202,False,-0.3966257161435587,False
88.83294838518952,24.810048174143816,0.6557329736386718,-0.2533350499100828,False,-1.1981805895968263,True,-0.5120803207902944,False
88.88294838518952,24.810048174143816,0.7382783070634942,-0.5570739007040245,False,-1.4385160043772278,True,-0.4877036617887963,False
88.93294838518952,24.810048174143816,0.785481510289127,-1.1434503954922248,False,-1.6352968345189174,True,-0.433628569018478,False
88.98294838518952,24.810048174143816,0.7892869133586627,-1.4830729621679564,False,-1.4970566283258395,True,-0.47530312144874326,False
89.03294838518953,24.810048174143816,0.7601504011482475,-1.3735272563590377,False,-1.0577836535383605,False,-0.5425161807185708,False
89.08294838518952,24.810048174143816,0.6873279177167337,-1.11265756516425,False,-0.7586802126350505,False,-0.44183764786730784,False
89.13294838518952,24.810048174143816,0.5401990619439156,-0.9448164917520694,False,-0.5176879564521581,False,-0.26163348189752356,False
89.18294838518952,24.810048174143816,0.4726847717640357,-0.4633172182402306,False,-0.37814467236869076,False,-0.13411660588080115,False
89.23294838518952,24.810048174143816,0.5760561950039336,0.43941120017200247,False,-0.5533550795818173,False,-0.021722600824593322,False
89.28294838518953,24.810048174143816,0.6321950736362175,0.8956512692949155,False,-0.8054804438982688,False,0.03421020531028881,False
89.33294838518952,24.810048174143816,0.5870034015985057,0.6805171045645991,False,-1.2958703236609947,False,0.04567312359270431,False
89.38294838518952,24.810048174143816,0.4683346716958905,0.5313813866365998,False,-0.8133230071070049,False,0.03534732713954501,False
89.43294838518952,24.810048174143816,0.32279405866646427,0.1975810423682179,False,0.16069138037003175,False,0.08679845953183316,False
89.48294838518952,24.810048174143816,0.21804227883406752,0.18262158750011287,False,0.3875967189810348,False,0.092877429738726,False
89.53294838518953,24.810048174143816,0.31855540455242215,0.2570403245536755,False,0.20088679071308507,False,0.117618318534598,False
89.58294838518952,24.810048174143816,0.41039459147674234,0.12462903242917678,False,-0.31331611641160073,False,0.21546440854249202,False
89.68294838518952,24.810048174143816,0.5612038804805075,-0.30129426827184386,False,-1.8959333115833674,True,0.45256907349517156,False
89.73294838518952,24.810048174143816,0.6902530162553917,-0.015224333273381407,False,-1.960331976021302,True,0.22470506300701143,False
89.78294838518953,24.810048174143816,0.7890254302598652,1.0656668818663981,False,-1.8114737495707516,True,-0.19228564061101366,False
89.83294838518952,24.810048174143816,0.8137200919143237,1.3753838918603778,False,-1.5907903459784407,True,-0.33739648353742324,False
89.88294838518952,24.810048174143816,0.6462000905965799,0.7493350627337483,False,-0.1870697092620938,False,-0.1783912784454212,False
89.93294838518952,24.810048174143816,0.40556667339130975,0.6733230755748858,False,0.1075191952004931,False,-0.11104020764881967,False
89.98294838518952,24.810048174143816,0.4779481377211004,1.111785183339676,False,0.38278284596175677,False,-0.10906259310124088,False
90.03294838518953,24.810048174143816,0.539560076074118,1.1622448682198983,False,0.7359887397926694,False,-0.010735378348610602,False
90.08294838518952,24.810048174143816,0.6116563962269668,1.2636819747221455,False,0.9462928120923706,False,0.29607166419281333,False
90.13294838518952,24.810048174143816,0.6644509243706685,0.8660132605246821,False,0.9584408441291883,False,0.4487820487442688,False
90.18294838518952,24.810048174143816,0.6459800825548754,0.14220379882105472,False,0.45814654316314096,False,0.38928721845546477,False
90.23294838518952,24.810048174143816,0.5150441293879425,-0.340748454412176,False,-0.11061122381595895,False,0.3482382536979306,False
90.28294838518951,24.810048174143816,0.4234115559963796,-0.8368215950250797,False,-0.1415262849029996,False,0.15582223802583048,False
90.33294838518952,24.810048174143816,0.4098092346921958,-0.8730731661823369,False,0.19722223261165542,False,-0.2156078096999413,False
90.38294838518952,24.810048174143816,0.3679239922328876,-0.845086140589566,False,0.20736474346342154,False,-0.2961130012918155,False
90.43294838518952,24.810048174143816,0.3445215369892662,-0.46920942929487364,False,0.1874311425473048,False,-0.32632931692657074,False
90.48294838518952,24.810048174143816,0.39127702874513565,0.10073270822625781,False,0.24228138535971905,False,-0.36634300462898384,False
90.53294838518951,24.810048174143816,0.49016274507983,0.7441360612079938,False,0.061846017232826955,False,-0.27560953250788106,False
90.58294838518952,24.810048174143816,0.5309420178328018,1.0120070622866282,False,-0.08891030665251712,False,-0.11347539335579857,False
90.63294838518952,24.810048174143816,0.39651427711078413,0.41014254107777237,False,0.12297060953110292,False,-0.058157925178958375,False
90.68294838518952,24.810048174143816,0.4564047086794747,-0.21410252878610106,False,-0.3885272897939276,False,-0.06905522313619995,False
90.73294838518952,24.810048174143816,0.6279816719336746,-0.5557908090274629,False,-0.7120576951756747,False,-0.09333451766531656,False
90.78294838518951,24.810048174143816,0.6693822820801862,-0.7620903752737408,False,-0.7989754824124042,False,-0.08541872165963202,False
90.83294838518952,24.810048174143816,0.6355564131554956,-0.8367677239048387,False,-0.9351891832916222,False,-0.007718224730285023,False
90.88294838518952,24.810048174143816,0.6826160576141026,-0.6055765169391025,False,-1.3502892539257936,False,0.2770684170767966,False
90.93294838518952,24.810048174143816,0.7823939979869478,-0.0725603506213825,False,-1.3048961110885609,True,0.4988908557077985,False
90.98294838518952,24.810048174143816,0.8162159470050396,0.5376327511463643,False,-0.8220510748709411,True,0.5381483014337086,False
91.03294838518951,24.810048174143816,0.8118578201725398,0.859713097545155,False,-0.616942099776018,False,0.4468102505991921,False
91.08294838518952,24.810048174143816,0.7902748856566935,0.896352759874515,False,-0.6986813179588856,True,0.29065726885711496,False
91.13294838518952,24.810048174143816,0.7439250849604677,0.9164536626978473,False,-0.9129256277428938,True,0.08463902601523758,False
91.18294838518952,24.810048174143816,0.7130785533459759,0.8664573981060605,False,-1.1687642044910906,True,-0.08808012025726941,False
91.23294838518952,24.810048174143816,0.7234245736143216,0.6387058620779975,False,-1.0682317032634674,True,-0.1461414679073672,False
91.28294838518951,24.810048174143816,0.7069706944124575,0.547762323514578,False,-0.788999273455487,True,-0.15432155772963504,False
91.33294838518952,24.810048174143816,0.6384902678466235,0.5738360367050697,False,-0.42892482202579885,False,-0.09778852235303492,False
91.38294838518952,24.810048174143816,0.4809719551778282,0.6067919187176299,False,0.00777344010936043,False,-0.08786548278261677,False
91.43294838518952,24.810048174143816,0.4821961024253788,0.8091894522604683,False,0.16111730146071865,False,-0.07677140518067604,False
91.48294838518952,24.810048174143816,0.6603706807450419,0.978618334370976,False,0.007472596958966349,False,-0.07133060851096784,False
91.53294838518951,24.810048174143816,0.7216331569831556,0.9212698343468173,False,-0.2823528604876682,False,-0.11215045482873859,False
91.58294838518952,24.810048174143816,0.7247789591149895,0.7261454646969401,False,-0.8379563375112206,False,-0.1304853525620546,False
91.63294838518952,24.810048174143816,0.7131233030522656,0.9028560999589258,False,-1.4151090606401904,True,0.05787147827287076,False
91.68294838518952,24.810048174143816,0.6536258578375495,1.6199331405815889,False,-1.504670134861188,True,0.4324577286780207,False
91.73294838518952,24.810048174143816,0.557463078577595,1.0030168494755936,False,-0.9514549710525018,True,0.5024821240059142,False
91.78294838518951,24.810048174143816,0.5004440326652131,1.4545886724382506,False,-0.8192571672984347,True,0.2022899252811071,False
91.83294838518952,24.810048174143816,0.5060369337037953,2.999602799560381,False,-0.7204698013569757,True,-0.028587034923091698,False
91.88294838518952,24.810048174143816,0.5160455106761639,3.9477360942791675,True,-0.714963326441526,True,0.004476702675921734,False
91.93294838518952,24.810048174143816,0.5157979590118584,3.3483463824874793,True,-0.7952900022466372,True,0.09476367320117385,False
91.98294838518952,24.810048174143816,0.4964584261147548,2.196349866162054,False,-1.0119699693620332,True,0.15693951720350624,False
92.03294838518951,24.810048174143816,0.4647393063846827,1.881806337177557,False,-1.338863374870744,True,0.11369969386584453,False
92.08294838518952,24.810048174143816,0.41017165765458863,1.8142965411693472,False,-1.3082928341749813,False,0.043367136352054414,False
92.13294838518952,24.810048174143816,0.42427511600543266,1.0521358933035463,False,-0.4239964901807356,False,0.029571350122667088,False
92.18294838518952,24.810048174143816,0.3469967837355635,0.6649205918130145,False,0.22215998998243056,False,-0.08479358678898809,False
92.23294838518952,24.810048174143816,0.22739155451283669,0.3293213852504195,False,0.5389391835409865,False,-0.13648345654752486,False
92.28294838518951,24.810048174143816,0.21732654893158707,0.5296503215058456,False,0.2569133117779705,False,-0.17239049955196378,False
88.08294838518952,24.76004817414381,0.3773196608000896,-0.341531013611279,False,-0.0902664659890828,False,0.3484867561571843,False
88.13294838518952,24.76004817414381,0.3921969159410959,-0.2715052775662561,False,-0.08422823908364016,False,0.2956658217966475,False
88.18294838518952,24.76004817414381,0.3954980892217331,-0.19728087954215234,False,-0.03378818775947089,False,0.21837262938707913,False
88.23294838518952,24.76004817414381,0.40622058047459186,0.5109913826826395,False,-0.11818704819457318,False,0.10990923334092206,False
88.28294838518953,24.76004817414381,0.4863689347925793,2.1511380308967754,False,-0.8173659548586112,True,-0.071548320202799,False
88.33294838518952,24.76004817414381,0.5774667364685223,2.007554627849184,False,-1.579324789566765,True,-0.2634987870654639,False
88.38294838518952,24.76004817414381,0.6426189281712039,1.9188749775854355,False,-1.9228918920515092,True,-0.3333730349585408,False
88.43294838518952,24.76004817414381,0.6893164464435215,2.150243956504774,True,-1.8111307869362954,True,-0.3442312977383873,False
88.48294838518952,24.76004817414381,0.8106088844723714,2.025540057551502,True,-1.8149476812176608,True,-0.4918181600660311,False
88.53294838518953,24.76004817414381,0.878646130274725,1.146831561704316,False,-3.921993557398069,True,-0.5997037898146851,False
88.58294838518952,24.76004817414381,0.8649953181691116,0.20265094371704995,False,-4.184964002301371,True,-0.3094894311814149,False
88.63294838518952,24.76004817414381,0.8060187839253583,-0.033594720430999675,False,-3.2165116843669086,True,0.4773331566733735,False
88.68294838518952,24.76004817414381,0.7389763680504,-0.0827587972109694,False,-2.6444644955115324,True,0.4011343142835454,False
88.73294838518952,24.76004817414381,0.6806718209010352,0.139932215447456,False,-1.8789570186699047,True,-0.23372203121897123,False
88.78294838518953,24.76004817414381,0.6417118820214776,0.5079533849708849,False,-1.1361501790354684,False,-0.4771122704648385,False
88.83294838518952,24.76004817414381,0.6115585498659896,0.29693085356922067,False,-1.048810835941616,False,-0.4529978401799373,False
88.88294838518952,24.76004817414381,0.6055611606054317,-0.06281529603942798,False,-1.202010278108632,False,-0.4071497332299011,False
88.93294838518952,24.76004817414381,0.6476217545881219,-0.6276283065016672,False,-1.4156155838649744,True,-0.3787164097031428,False
88.98294838518952,24.76004817414381,0.6890270524887986,-1.0378571151894518,False,-1.4108476190372223,True,-0.41878254363006107,False
89.03294838518953,24.76004817414381,0.7117838668429128,-1.0484973153318935,False,-1.1154970815773906,False,-0.48513105774996285,False
89.08294838518952,24.76004817414381,0.6910110000327889,-0.7520016712982727,False,-0.8429306341797036,False,-0.41105193350506,False
89.13294838518952,24.76004817414381,0.5860251461580237,-0.4236722031896965,False,-0.583943789154667,False,-0.2762518334686736,False
89.18294838518952,24.76004817414381,0.5049983576243762,0.2256822573754919,False,-0.3896316412922869,False,-0.071007371225498,False
89.23294838518952,24.76004817414381,0.6560666032476129,0.9818747421805689,False,-0.559665849396581,False,0.14282741892987255,False
89.28294838518953,24.76004817414381,0.7292515684086514,1.515102130244857,False,-0.635581447003747,False,0.1942133945780103,False
89.33294838518952,24.76004817414381,0.6955292714557155,1.5703841348293346,False,-0.7067435672302912,False,0.15018393605802352,False
89.38294838518952,24.76004817414381,0.5806077039335864,1.0878337028975562,False,-0.6778869417549036,False,0.09655512358292073,False
89.43294838518952,24.76004817414381,0.388836769596562,0.46377240838474265,False,0.2675234580003941,False,0.10744987928760646,False
89.48294838518952,24.76004817414381,0.22836264829333758,0.24072100157290727,False,0.7879861267161743,False,0.11685864650584879,False
89.53294838518953,24.76004817414381,0.23514817267956772,0.2846947470849137,False,0.5562822058533508,False,0.10017337295998033,False
89.58294838518952,24.76004817414381,0.30401755190794444,0.14142033294600131,False,-0.015717486538746828,False,0.15303667617185604,False
89.68294838518952,24.76004817414381,0.48910611117809494,-0.6714059674661448,False,-2.0725236349209744,True,0.324790104927846,False
89.73294838518952,24.76004817414381,0.6442746255262916,-0.5409531783427267,False,-2.358046670484231,True,0.09449353776710431,False
89.78294838518953,24.76004817414381,0.7681860984332091,0.5023625732902582,False,-2.1975385418053497,True,-0.15056621127588077,False
89.83294838518952,24.76004817414381,0.8158061921827086,1.4622204008332256,False,-1.7724465524989506,True,-0.21548428219813048,False
89.88294838518952,24.76004817414381,0.7127589913443709,1.5898826359969476,False,-0.8247031865012067,False,-0.1322870845151547,False
89.93294838518952,24.76004817414381,0.5606975606198024,1.7580552051369034,True,0.18164750050841633,False,-0.009278736723076442,False
89.98294838518952,24.76004817414381,0.6071218726447662,1.8483211902289796,True,0.5004103796281714,False,0.05766385796648181,False
90.03294838518953,24.76004817414381,0.6631918837181451,1.8601061088620239,True,0.7861237132703209,False,0.22962810241296164,False
90.08294838518952,24.76004817414381,0.7325012258189518,1.9950300127539817,True,1.4615851693195143,False,0.588382907038205,True
90.13294838518952,24.76004817414381,0.7914642761545225,1.528638399446875,False,2.838720086162707,True,0.8785112738995369,True
90.18294838518952,24.76004817414381,0.7954421725534485,0.9266068811226624,False,2.9148999250205097,True,0.7975822291739203,True
90.23294838518952,24.76004817414381,0.6856001642405052,0.1756900990364414,False,1.4419753474785073,False,0.4132534236499381,False
90.28294838518951,24.76004817414381,0.43150084496533714,-0.43806452746012303,False,0.31620039015038737,False,0.15389776698294985,False
90.33294838518952,24.76004817414381,0.33717485793683283,-0.4752772010175268,False,-0.011687338035757389,False,-0.04308305905912907,False
90.38294838518952,24.76004817414381,0.363334268005458,-0.35791088264659654,False,-0.22983324659957416,False,-0.08380166433675332,False
90.43294838518952,24.76004817414381,0.39835640591385224,-0.11723630503577634,False,-0.4031467783450239,False,-0.060330275547357454,False
90.48294838518952,24.76004817414381,0.45129371746170094,0.31167178321056976,False,-0.3429682312257911,False,-0.1218912528559698,False
90.53294838518951,24.76004817414381,0.5072308151810367,0.715862203351028,False,-0.43884352472540744,False,-0.07609138112972964,False
90.58294838518952,24.76004817414381,0.5120804001873362,0.8900239394155082,False,-0.6356671175701268,False,0.07511564524458451,False
90.63294838518952,24.76004817414381,0.4074151935776204,0.27820013894138784,False,-0.14458845703071768,False,0.08873378851705799,False
90.68294838518952,24.76004817414381,0.43026484046136293,-0.3048508773766007,False,-0.3660018067720775,False,0.11255973178084114,False
90.73294838518952,24.76004817414381,0.6139112750210244,-0.4232446136734551,False,-1.1196869236214917,False,0.06535057488953062,False
90.78294838518951,24.76004817414381,0.7161736553371545,-0.6277644057612652,False,-1.2854473144832212,False,0.021321844188509784,False
90.83294838518952,24.76004817414381,0.7245058843631363,-0.8171998364352886,False,-1.3791144905522268,False,0.06205369322460008,False
90.88294838518952,24.76004817414381,0.7481167348050034,-0.6135079557995669,False,-1.7692738620732866,True,0.2580599648423645,False
90.93294838518952,24.76004817414381,0.7838468812269372,-0.1562560864146802,False,-1.5772051307841601,True,0.3071625035983787,False
90.98294838518952,24.76004817414381,0.7882536028154806,0.3359389507064936,False,-0.9829437639716944,True,0.3569324918853841,False
91.03294838518951,24.76004817414381,0.7638340343326828,0.5668365609295227,False,-0.6849167382101092,False,0.3486881373038944,False
91.08294838518952,24.76004817414381,0.7275216236543459,0.6011780851555344,False,-0.6940166515264581,True,0.1830736385720575,False
91.13294838518952,24.76004817414381,0.7029411381031908,0.5851998722038271,False,-0.8769329928644665,True,-0.01539424192492242,False
91.18294838518952,24.76004817414381,0.7133138377121627,0.5743685223977546,False,-1.0617613593996242,True,-0.12907477559766678,False
91.23294838518952,24.76004817414381,0.724383991928841,0.34912220452937087,False,-0.800032029949582,True,-0.23213206364809633,False
91.28294838518951,24.76004817414381,0.6934760674632575,0.2698694357822255,False,-0.49671171398780944,False,-0.21643962599487493,False
91.33294838518952,24.76004817414381,0.5954913095020339,0.3279227588482375,False,-0.1770324803407057,False,-0.1687874353114064,False
91.38294838518952,24.76004817414381,0.47254648792054116,0.5292554485398693,False,0.14390012292177806,False,-0.2086262221827987,False
91.43294838518952,24.76004817414381,0.558961550788561,0.8626992379188494,False,0.2468955956059733,False,-0.22970114004362224,False
91.48294838518952,24.76004817414381,0.7229956753267301,1.036548766070085,False,0.0793020559664174,False,-0.22973620750482748,False
91.53294838518951,24.76004817414381,0.776022766749052,0.9144526422755921,False,-0.29154710908937476,False,-0.22508486276651296,False
91.58294838518952,24.76004817414381,0.7381875585662766,0.739500515292591,False,-0.8029351325312557,False,-0.1324358331302223,False
91.63294838518952,24.76004817414381,0.7024494784959437,0.930394707528636,False,-1.3135342964665342,True,0.13577895631765102,False
91.68294838518952,24.76004817414381,0.6814830699389639,1.311495313408023,False,-1.336661448931977,True,0.47005706977903505,False
91.73294838518952,24.76004817414381,0.667750636633969,0.7824963536348633,False,-1.1542891196846257,True,0.6003743851323352,False
91.78294838518951,24.76004817414381,0.6707328390867098,0.14489746856509078,False,-1.222777981574858,True,0.39357370318836504,False
91.83294838518952,24.76004817414381,0.6735325846793837,1.2139183463118823,False,-1.123015871450459,True,-0.03782675431109231,False
91.88294838518952,24.76004817414381,0.6709662270957738,2.184437757632838,False,-1.153032367127705,True,-0.06760608163739673,False
91.93294838518952,24.76004817414381,0.6656155529786597,1.60171574598515,False,-1.4018545077502453,True,-0.017463563996130582,False
91.98294838518952,24.76004817414381,0.6556309184996169,1.4100947734223224,False,-1.66145372689537,True,-0.024960346150239968,False
92.03294838518951,24.76004817414381,0.6309570423087012,1.5298939108807224,False,-1.86992323400685,True,0.005603746137477682,False
92.08294838518952,24.76004817414381,0.5993931553621772,0.8901762147481753,False,-1.3991435813359194,True,0.2989954761704777,False
92.13294838518952,24.76004817414381,0.5664447878095795,-0.45437933255413804,False,-0.30932117532171877,False,0.45094701612952487,False
92.18294838518952,24.76004817414381,0.4816371702486837,-0.5344129973276132,False,0.4064190491700306,False,0.4023302035079603,False
92.23294838518952,24.76004817414381,0.41329776211788277,0.036743472721266934,False,0.5972754651474292,False,0.08957378936749053,False
92.28294838518951,24.76004817414381,0.321620853578024,0.4844939057712214,False,0.568602467126696,False,-0.11946969731799989,False
88.08294838518952,24.71004817414381,0.3250139055599505,-0.2304311184699399,False,-0.10907242427280778,False,0.44421779340629575,False
88.13294838518952,24.71004817414381,0.3300753679456343,-0.17809715667228243,False,-0.1336515179849001,False,0.4436541265716921,False
88.18294838518952,24.71004817414381,0.358332848844576,-0.07663632757551353,False,-0.1729842720681587,False,0.4247532961704484,False
88.23294838518952,24.71004817414381,0.4038742445705308,0.3201192571476501,False,-0.28164914642319994,False,0.389561253668671,False
88.28294838518953,24.71004817414381,0.48577908032678946,0.97710444397789,False,-0.5267076391431212,False,0.34095658516865646,False
88.33294838518952,24.71004817414381,0.5759552053150551,1.2134246131938446,False,-0.8621028674224412,True,0.25163959825069987,False
88.38294838518952,24.71004817414381,0.6074897218180849,1.5238886912338652,False,-1.1908744133857845,True,0.08172687578917423,False
88.43294838518952,24.71004817414381,0.6317356659676986,1.7978604975955133,False,-1.1786231842048296,True,-0.08579002437473518,False
88.48294838518952,24.71004817414381,0.815830909092796,1.4593927080174176,False,-1.6211513669634532,False,-0.37812151740697986,False
88.53294838518953,24.71004817414381,0.9002378396330288,0.16051298943062184,False,-3.766204685315137,True,-0.3797649988340205,False
88.58294838518952,24.71004817414381,0.9142400407885258,-0.29420110700050633,False,-4.222300268597696,True,-0.05530774045383163,False
88.63294838518952,24.71004817414381,0.8920555891486133,-0.1833011444052445,False,-4.0342690179815355,True,0.3342397152445424,False
88.68294838518952,24.71004817414381,0.836717456767924,-0.003663866789199416,False,-3.7261029504657723,True,0.25646255789951194,False
88.73294838518952,24.71004817414381,0.7475305641216101,0.605334126400484,False,-2.330333474264092,True,-0.2652660629256052,False
88.78294838518953,24.71004817414381,0.6480108829448048,1.1449906872880358,False,-1.0261004950484969,False,-0.3474796023575426,False
88.83294838518952,24.71004817414381,0.5296518014576539,0.8239436525917776,False,-0.7675085572575943,False,-0.24871215199700822,False
88.88294838518952,24.71004817414381,0.38428837937758653,0.48548982780348837,False,-0.7941348489365968,False,-0.16496635975507992,False
88.93294838518952,24.71004817414381,0.3689995767229599,0.023394117547238136,False,-1.0360079731240521,False,-0.1896775939092219,False
88.98294838518952,24.71004817414381,0.5233065478609694,-0.44294068383752455,False,-1.299808407702125,False,-0.3217934982920372,False
89.03294838518953,24.71004817414381,0.6630622920844342,-0.43173881040241013,False,-1.420791632484876,True,-0.36070489175918674,False
89.08294838518952,24.71004817414381,0.7298822262378821,-0.20380849718122263,False,-1.6412615164270101,True,-0.2492677532764491,False
89.13294838518952,24.71004817414381,0.7299068901589932,-0.07690856963955167,False,-1.634379262365984,False,-0.16247743711344875,False
89.18294838518952,24.71004817414381,0.7070383552519208,0.16537465692026918,False,-1.332506402569965,False,-0.060989257091924154,False
89.23294838518952,24.71004817414381,0.7551548998686226,0.4635662641290539,False,-1.2330286279324927,False,0.11047810328590821,False
89.28294838518953,24.71004817414381,0.7922385056430029,0.959266308183978,False,-1.0792494322928736,False,0.0872844158117233,False
89.33294838518952,24.71004817414381,0.7499173345906806,1.2750452766743963,False,-0.9233602010623403,False,0.05058264696354599,False
89.38294838518952,24.71004817414381,0.6179838902841892,1.2889589575061051,False,-0.5891634106794322,False,0.08933385764481827,False
89.43294838518952,24.71004817414381,0.3691620771500291,0.7264587383788125,False,0.19339710949374156,False,0.08443117615087514,False
89.48294838518952,24.71004817414381,0.1482566278519749,0.32588989538962143,False,0.9631143521278756,False,0.13390885434773447,False
89.53294838518953,24.71004817414381,0.10013506012030211,0.29445642798463567,False,0.7371254531402777,False,0.10357626511042232,False
89.58294838518952,24.71004817414381,0.18846452899904134,-0.11765501542840157,False,-0.09283132465559163,False,0.05658170010433148,False
89.63294838518952,24.71004817414381,0.30124678211808775,-0.6675509665003583,False,-1.0882449722747967,False,0.020086830472598377,False
89.73294838518952,24.71004817414381,0.6221679457316782,-1.1273795515659395,False,-2.5468421771527834,True,-0.11173471349952761,False
89.78294838518953,24.71004817414381,0.756310421344468,-0.5734976806453768,False,-2.57776799713413,True,-0.11141127441183803,False
89.83294838518952,24.71004817414381,0.8191198079860509,0.8174639993382415,False,-1.906084058452787,True,-0.11021075745250562,False
89.88294838518952,24.71004817414381,0.7474909407792907,1.6072722500868688,False,-1.0975456938958645,False,-0.053731584598471965,False
89.93294838518952,24.71004817414381,0.6383991371068314,2.0363436001485042,True,-0.19287559721451186,False,0.06433717194239197,False
89.98294838518952,24.71004817414381,0.6652802958446545,2.0601530405235406,True,0.09294153426288199,False,0.17382035961150713,False
90.03294838518953,24.71004817414381,0.6913208524272295,2.1460007300849817,True,0.31185582753458047,False,0.3527316469968517,False
90.08294838518952,24.71004817414381,0.7482959696166073,2.3644175156488236,True,0.9541857543539276,False,0.6607806123889577,True
90.13294838518952,24.71004817414381,0.8117233024114046,2.1286250208293285,True,2.448637527327161,False,0.9367725610375324,True
90.18294838518952,24.71004817414381,0.832280026651559,1.493950732331281,False,3.7239817000585544,True,0.9636169741971572,True
90.23294838518952,24.71004817414381,0.7786081854814505,1.028132700061171,False,3.3361619583370605,True,0.7214137795563375,True
90.28294838518951,24.71004817414381,0.5586234397536702,0.15316352784587187,False,1.3218111649860353,False,0.267792632825029,False
90.33294838518952,24.71004817414381,0.37134784768089496,-0.68444425461917,False,-0.2696702844501079,False,0.37700123038125843,False
90.38294838518952,24.71004817414381,0.44786814184563234,-0.8411501605788093,False,-1.0681469668897545,False,0.4443381909355604,False
90.43294838518952,24.71004817414381,0.4982151984233821,-0.6310659528555338,False,-1.365295178996289,False,0.48862224831645,False
90.48294838518952,24.71004817414381,0.5374260061592439,0.18620290774500026,False,-1.214928885246424,False,0.34964862167131616,False
90.53294838518951,24.71004817414381,0.5488389326342235,0.7549980553446687,False,-1.0919686955039896,False,0.2610582197732654,False
90.58294838518952,24.71004817414381,0.5096266748995134,0.7593106761420304,False,-1.0361050461680077,False,0.28217015415117125,False
90.63294838518952,24.71004817414381,0.42889570188842596,0.24491309233831848,False,-0.5915638725585217,False,0.23410429822858858,False
90.68294838518952,24.71004817414381,0.41337770020246956,-0.03749100217581891,False,-0.3273265403728097,False,0.156397537986066,False
90.73294838518952,24.71004817414381,0.5373014540658742,-0.28667616636833043,False,-0.9302356851566431,False,0.12371213653408525,False
90.78294838518951,24.71004817414381,0.6970333772089473,-0.5018115624502876,False,-1.3547029331612304,False,0.0681305559480336,False
90.83294838518952,24.71004817414381,0.7617471295185694,-0.6871278205215468,False,-1.6966434955602376,False,0.09962241728838866,False
90.88294838518952,24.71004817414381,0.78833198418454,-0.5324676302498735,False,-2.1277152276997944,True,0.15329951003971173,False
90.93294838518952,24.71004817414381,0.7856754826999975,-0.15322850546656971,False,-1.7540066401036294,True,0.09408062271708101,False
90.98294838518952,24.71004817414381,0.7579982684512245,0.2464779581663864,False,-1.0736232350615078,True,0.1605093271085341,False
91.03294838518951,24.71004817414381,0.7032689429592361,0.33972386879706334,False,-0.766694156392346,False,0.17201027064201002,False
91.08294838518952,24.71004817414381,0.6378043036432068,0.2428812269412644,False,-0.7213729365669619,False,0.05218768874351404,False
91.13294838518952,24.71004817414381,0.6512684148744518,0.17546507989853388,False,-0.7983549427984062,True,-0.07470868828209962,False
91.18294838518952,24.71004817414381,0.7133692927837578,0.09165878185386707,False,-0.7967849599740857,True,-0.14392854973061378,False
91.23294838518952,24.71004817414381,0.7233044243830069,-0.019095113939534197,False,-0.5980856648345461,False,-0.2283704339455011,False
91.28294838518951,24.71004817414381,0.6642081711363389,-0.031061931629182776,False,-0.37354779471356214,False,-0.20058162998268192,False
91.33294838518952,24.71004817414381,0.5397306460024117,0.04103264450364327,False,-0.1184449890990525,False,-0.1563196811976938,False
91.38294838518952,24.71004817414381,0.5049116153439108,0.33342332348627335,False,0.09791165443206101,False,-0.22668716616648993,False
91.43294838518952,24.71004817414381,0.6725782849807761,0.729900108294103,False,0.08124782566950703,False,-0.28669223219641704,False
91.48294838518952,24.71004817414381,0.8015392918915384,0.8423804090456557,False,-0.2543982038926549,False,-0.2610718621232511,False
91.53294838518951,24.71004817414381,0.8230312281121516,0.5206969935709072,False,-0.8999213561368244,False,-0.13312462140635703,False
91.58294838518952,24.71004817414381,0.7782706294598554,0.3618282130255845,False,-1.4658391673832454,True,0.07911338994665046,False
91.63294838518952,24.71004817414381,0.7176269048899487,0.5679327553756204,False,-1.7287366274462925,True,0.2933309135932485,False
91.68294838518952,24.71004817414381,0.68971246707896,0.33216883545409115,False,-1.2664770214060448,True,0.4844840571740785,False
91.73294838518952,24.71004817414381,0.6903434149680484,0.03680104425423464,False,-1.1610077264394487,True,0.6322242549082357,False
91.78294838518951,24.71004817414381,0.7053337405124249,0.6025495615771219,False,-1.0399592620301363,True,0.32623587122170516,False
91.83294838518952,24.71004817414381,0.7159799184370389,2.0637515458525004,False,-0.896978961273695,True,-0.2714370167798564,False
91.88294838518952,24.71004817414381,0.713102133886067,1.925576921270667,False,-1.2123951704731082,True,-0.3957881710565271,False
91.93294838518952,24.71004817414381,0.7112242967154261,1.5126950687374612,False,-1.5992516787187838,True,-0.3778595007704294,False
91.98294838518952,24.71004817414381,0.6965684921449807,1.3013231972998724,False,-1.8627690175208,True,-0.3786715256092361,False
92.03294838518951,24.71004817414381,0.6701244387770816,0.6353647832725828,False,-1.7376660545865619,True,-0.30307548699423487,False
92.08294838518952,24.71004817414381,0.6608505840597905,-0.761684946044764,False,-1.0294080583673755,False,-0.024610954206850152,False
92.13294838518952,24.71004817414381,0.6623303274919705,-1.3314585015386071,False,-0.34399006244810726,False,0.35145863033478886,False
92.18294838518952,24.71004817414381,0.631063671431367,-1.2756725270146967,False,0.12728122865181588,False,0.512011383692898,False
92.23294838518952,24.71004817414381,0.5700245634114793,-0.850198269223505,False,0.386008823067837,False,0.38743781147522205,False
92.28294838518951,24.71004817414381,0.4890014309723944,-0.13463110242345686,False,0.42224699252413117,False,0.058804486470045055,False
88.03294838518953,24.66004817414381,0.26499308207073285,-0.006365939124924669,False,-0.07576325516731192,False,0.4640069581045017,False
88.08294838518952,24.66004817414381,0.2795196345783593,0.047574044560770634,False,-0.0893482501789758,False,0.4750440140841814,False
88.13294838518952,24.66004817414381,0.3022507181360347,0.11954891238392573,False,-0.11318211000014586,False,0.4969650636099223,True
88.18294838518952,24.66004817414381,0.34723182982162953,0.23047193963985313,False,-0.16029612386636935,False,0.5265516266374509,True
88.23294838518952,24.66004817414381,0.4194073911090337,0.4719793776384549,False,-0.25826375910897303,False,0.5543888238812631,True
88.28294838518953,24.66004817414381,0.5283612430037361,0.7615447986539885,False,-0.4202833285872781,False,0.5627183322630067,True
88.33294838518952,24.66004817414381,0.6168053047915584,1.2654311991719562,False,-0.5410136093085822,False,0.4794853119260589,True
88.38294838518952,24.66004817414381,0.630028118988373,1.8066538365408997,False,-0.5874503681136726,False,0.3657822325580899,False
88.43294838518952,24.66004817414381,0.6212613588121574,2.043605815287756,False,-0.5116474442291962,False,0.20564956252075503,False
88.48294838518952,24.66004817414381,0.8211759018279038,1.0880669605894357,False,-1.6401763420668927,False,-0.11132671118812608,False
88.53294838518953,24.66004817414381,0.9071828980579876,-0.3590855945290155,False,-4.0015508988309945,True,0.055261396878680175,False
88.58294838518952,24.66004817414381,0.9185071842331204,-0.8689502635544143,False,-4.368875748669052,True,0.14589562490134544,False
88.63294838518952,24.66004817414381,0.8999180213750686,-0.7766640686154132,False,-4.180866631999597,True,0.32401969681902054,False
88.68294838518952,24.66004817414381,0.8400988227245689,-0.35605693804015826,False,-3.4169945458286137,True,0.35370602012409724,False
88.73294838518952,24.66004817414381,0.7171400754471265,0.7206741772018707,False,-1.5833970559529766,False,-0.12133406192186388,False
88.78294838518953,24.66004817414381,0.5593259740770505,1.247484286082171,False,-0.9375841322285821,False,-0.2122300829246934,False
88.83294838518952,24.66004817414381,0.40863476902102974,0.8989199008946507,False,-0.8669180977497344,False,-0.10202547798163884,False
88.88294838518952,24.66004817414381,0.24943308800978764,0.5854915870256123,False,-0.6951750832418347,False,-0.006903721336257038,False
88.93294838518952,24.66004817414381,0.24973722682457566,0.21813973375457552,False,-0.7659736330979008,False,-0.03204718966972897,False
88.98294838518952,24.66004817414381,0.4451178891521219,-0.3308830972719119,False,-1.2185867346564876,False,-0.22796302977019148,False
89.03294838518953,24.66004817414381,0.6408087010105343,-0.5101717595820421,False,-1.6116510903688344,True,-0.2551309714483687,False
89.08294838518952,24.66004817414381,0.7500922899155639,-0.308751923512205,False,-1.964570541961824,True,-0.15400433745980247,False
89.13294838518952,24.66004817414381,0.8050805276651081,-0.07146194372374626,False,-2.2542727048725566,True,-0.05880852086928379,False
89.18294838518952,24.66004817414381,0.8245354673189873,0.07698605130040002,False,-2.4012950051497053,True,0.008299690930081982,False
89.23294838518952,24.66004817414381,0.8371348377914648,0.18969335639818993,False,-2.3892097361854447,True,0.07334523893695738,False
89.28294838518953,24.66004817414381,0.829218056765201,0.34180561622346034,False,-2.1858696128292037,True,0.03036210392869463,False
89.33294838518952,24.66004817414381,0.7708769394744346,0.3651205289801278,False,-1.8422623991505767,False,-0.12306276333716563,False
89.38294838518952,24.66004817414381,0.6572767625463066,0.1753396198236471,False,-1.4484206983278418,False,-0.10027653338049804,False
89.43294838518952,24.66004817414381,0.5001081194886537,0.3100949896538441,False,-0.6809026775268785,False,0.044897014762467075,False
89.48294838518952,24.66004817414381,0.2852358593214629,0.04757495645072152,False,0.25911011347432455,False,0.12523429948677453,False
89.53294838518953,24.66004817414381,0.10330575005752142,-0.03919764770499823,False,0.3048357346203489,False,0.12339867100636921,False
89.58294838518952,24.66004817414381,0.15161029641764132,-0.48626735582253844,False,-0.5230687693282471,False,0.008730759751671716,False
89.63294838518952,24.66004817414381,0.2989134281825524,-0.8212627504500145,False,-1.169645044249457,False,-0.11561096343842114,False
89.73294838518952,24.66004817414381,0.6274308415127224,-1.1620772169819378,False,-2.37393803065567,True,-0.19531861276975157,False
89.78294838518953,24.66004817414381,0.7634930741861276,-0.9487438006951834,False,-2.544642168851043,True,-0.1788050141510924,False
89.83294838518952,24.66004817414381,0.8295417391345251,-0.24485835685620783,False,-2.2052106955686717,True,-0.040013274798166534,False
89.88294838518952,24.66004817414381,0.783055742711657,1.2307475781202133,False,-1.296887196137698,True,0.048279739099455474,False
89.93294838518952,24.66004817414381,0.6791675271946246,1.722389305133706,True,-0.5956918144616157,False,0.16044714557669182,False
89.98294838518952,24.66004817414381,0.6920926395463437,1.945969326678244,True,-0.32721290133375036,False,0.23842854781894116,False
90.03294838518953,24.66004817414381,0.6908092639212796,2.0993318093864795,True,-0.27793314147205817,False,0.3797305995041791,False
90.08294838518952,24.66004817414381,0.7227055465486762,2.414134211548437,True,0.20049263969830816,False,0.6021888542842806,True
90.13294838518952,24.66004817414381,0.7767033264747607,2.4859325865064603,True,1.4986806522365512,False,0.7317445605180548,True
90.18294838518952,24.66004817414381,0.8082239447393509,1.801939688686355,False,3.081511364532334,True,0.6360768022626281,False
90.23294838518952,24.66004817414381,0.7833395666621372,1.2131866472351638,False,3.1670523643421706,True,0.5250535736506605,False
90.28294838518951,24.66004817414381,0.6473038655124062,0.4089868091968089,False,1.785209418974981,True,0.4072732959497637,False
90.33294838518952,24.66004817414381,0.4517931039843785,-0.500162428974283,False,-0.15806174320505306,False,0.6406048122107368,False
90.38294838518952,24.66004817414381,0.5149222905229253,-0.8424089073830852,False,-1.3884822561029468,False,0.7311504714961012,True
90.43294838518952,24.66004817414381,0.5726572766665985,-1.128638146188381,False,-1.7783187128958793,True,0.8165450972799083,True
90.48294838518952,24.66004817414381,0.5890590958612512,-0.19476856286254757,False,-1.6460484592346782,True,0.7019900835476114,False
90.53294838518951,24.66004817414381,0.5506290250394206,0.6635840158771219,False,-1.4538853867218013,False,0.5411959614998958,False
90.58294838518952,24.66004817414381,0.478226646600423,0.5779598575686502,False,-1.1835869698679224,False,0.4309526528113241,False
90.63294838518952,24.66004817414381,0.46618257242072547,0.3263265094226444,False,-0.8257504710937166,False,0.3051915135675969,False
90.68294838518952,24.66004817414381,0.40545045527754586,0.2473731103508538,False,-0.3512718723378987,False,0.1494936420139711,False
90.73294838518952,24.66004817414381,0.3458439744079108,-0.009715134580833493,False,-0.4704134767390688,False,0.0938085830703973,False
90.78294838518951,24.66004817414381,0.46940097468971675,-0.29253268035085633,False,-0.9560249555019764,False,0.054275866112229565,False
90.83294838518952,24.66004817414381,0.6607256544865985,-0.44420549564530476,False,-1.6800530548520412,False,0.05083934276078261,False
90.88294838518952,24.66004817414381,0.748558191266178,-0.23549558320833822,False,-2.383360402789765,True,0.029750649786216804,False
90.93294838518952,24.66004817414381,0.7559332761870718,0.23133781524151467,False,-1.7154079864938847,True,-0.03838105179078849,False
90.98294838518952,24.66004817414381,0.701149387405966,0.5371630450364382,False,-0.9142614110036824,False,0.08281288954799837,False
91.03294838518951,24.66004817414381,0.5972751021563115,0.44498543614413677,False,-0.6577841656477051,False,0.11716462982063897,False
91.08294838518952,24.66004817414381,0.5215768963063846,0.2456663407443216,False,-0.6604136887067821,False,0.03137519763677227,False
91.13294838518952,24.66004817414381,0.6330357213439088,0.13054119476878773,False,-0.7653883519974525,True,0.0037779136724852384,False
91.18294838518952,24.66004817414381,0.7426553439421266,-0.05247658134770002,False,-0.788223597361163,True,-0.02971969264064306,False
91.23294838518952,24.66004817414381,0.7560183272572272,-0.15595982190564295,False,-0.6799550885788068,False,-0.10093132396512877,False
91.28294838518951,24.66004817414381,0.7056216251270512,-0.16518618404434807,False,-0.5377748802034195,False,-0.12947997484758134,False
91.33294838518952,24.66004817414381,0.6356177466279777,-0.11515713007510539,False,-0.3935120451480172,False,-0.06615172543359282,False
91.38294838518952,24.66004817414381,0.6346398884285763,0.06901553489080603,False,-0.3495453418121061,False,-0.18482995445713613,False
91.43294838518952,24.66004817414381,0.766566135731867,0.43893414204984343,False,-0.46143948115147987,False,-0.2676234144426573,False
91.48294838518952,24.66004817414381,0.8576441784692032,0.5262856196571548,False,-0.9623537769984308,False,-0.16292322859959862,False
91.53294838518951,24.66004817414381,0.8577136260014375,0.15121160352567728,False,-1.7111498950287394,True,0.06948563600880013,False
91.58294838518952,24.66004817414381,0.8109991764416984,-0.020299285881531404,False,-2.1659159978991345,True,0.32029264821705455,False
91.63294838518952,24.66004817414381,0.7603394677490924,-0.34483822502883,False,-1.767591120489866,True,0.4691946926108666,False
91.68294838518952,24.66004817414381,0.7244706203762681,-1.0535428052596372,False,-1.2781506991280485,True,0.6751606648579564,False
91.73294838518952,24.66004817414381,0.6925888944296743,-1.1781238556874767,False,-1.1936876531532465,True,0.7433724122165687,False
91.78294838518951,24.66004817414381,0.6688889234511645,-0.18714029657151107,False,-0.9163123989754465,True,0.30432148111006163,False
91.83294838518952,24.66004817414381,0.6692393695724627,1.592514623097611,False,-0.6245651703702639,False,-0.4050821205971341,False
91.88294838518952,24.66004817414381,0.6802862555034833,1.8121691095105448,False,-0.993846656833125,True,-0.6464277484561723,False
91.93294838518952,24.66004817414381,0.6715115754444395,1.4408632161577157,False,-1.4406246204896553,True,-0.6232354385851375,False
91.98294838518952,24.66004817414381,0.6419565897971877,0.5518085200183696,False,-1.4385665305285986,True,-0.5781778494749668,False
92.03294838518951,24.66004817414381,0.610338627141992,-1.1954208426444037,False,-0.8603935893763297,False,-0.5203342895829072,False
92.13294838518952,24.66004817414381,0.661625112993406,-2.58542420130522,True,0.03458924854321879,False,-0.055253915732419695,False
92.18294838518952,24.66004817414381,0.6592505209058065,-2.0679183992438146,False,0.18195655428628865,False,0.27568084772790086,False
92.23294838518952,24.66004817414381,0.6289710900450152,-1.6442266299907988,False,0.3425524451602619,False,0.39744510295502833,False
88.08294838518952,24.610048174143817,0.2785742625256946,0.10553002205333462,False,-0.06542244610369621,False,0.4706091611434072,False
88.13294838518952,24.610048174143817,0.3103994208227802,0.17002826968707607,False,-0.08683166773477691,False,0.49118206798983577,True
88.18294838518952,24.610048174143817,0.3510076555330223,0.25382154331432627,False,-0.12033511902340352,False,0.5200067775411646,True
88.23294838518952,24.610048174143817,0.42889864229441965,0.45170823775006796,False,-0.2036757248432397,False,0.5472982888054034,True
88.28294838518953,24.610048174143817,0.5511521860435631,0.865933380194717,False,-0.32249369613514595,False,0.5543716280453452,True
88.33294838518952,24.610048174143817,0.6495753226808799,1.3502511003637025,False,-0.42296500804855247,False,0.5086897372684147,True
88.38294838518952,24.610048174143817,0.660838265956071,1.8297320083692545,False,-0.42145442225992596,False,0.4010173010368306,True
88.43294838518952,24.610048174143817,0.6845288102518412,1.942111845127633,True,-0.5209627708183746,False,0.22408904342190067,False
88.48294838518952,24.610048174143817,0.8500836035918797,0.993706510112426,False,-1.8572837660112635,True,0.05754728006396981,False
88.53294838518953,24.610048174143817,0.9019827081180134,-0.41357336090706975,False,-3.9148249994705013,True,0.22837101200533488,False
88.58294838518952,24.610048174143817,0.89661420751268,-1.3066996792521626,False,-4.451947063846285,True,0.13213054977817767,False
88.63294838518952,24.610048174143817,0.8624985236041207,-1.3087793915829171,False,-4.213296409486125,True,0.19355811589387925,False
88.68294838518952,24.610048174143817,0.7801234124889451,-0.8763363723692558,False,-3.2230040145365795,True,0.17607043702213016,False
88.73294838518952,24.610048174143817,0.6039420075905635,0.07022046067502644,False,-1.8633370652764891,False,-0.041651781335800796,False
88.78294838518953,24.610048174143817,0.41098136580980904,0.6358221924862766,False,-1.3560308910841603,False,-0.09073097844640843,False
88.83294838518952,24.610048174143817,0.2646184611288161,0.7158033388450253,False,-0.93557932328965,False,0.03312950386340674,False
88.88294838518952,24.610048174143817,0.23464306449444847,0.5151525668993142,False,-0.5446122661494628,False,0.18215340712912362,False
88.93294838518952,24.610048174143817,0.35458655711592413,0.13167223922583138,False,-0.5441550884475598,False,0.23929992895477975,False
88.98294838518952,24.610048174143817,0.5049541063056536,-0.3419428164417707,False,-0.9109323905466792,False,0.08024108128218736,False
89.03294838518953,24.610048174143817,0.6146352711977274,-0.6307687002459103,False,-1.4233417495844463,True,-0.15986806493970995,False
89.08294838518952,24.610048174143817,0.7172507392772003,-0.054895546776954185,False,-1.713710246147055,True,-0.18372768165938613,False
89.13294838518952,24.610048174143817,0.802800499850457,0.40440247722630973,False,-1.932913829383852,True,-0.17189652043541337,False
89.18294838518952,24.610048174143817,0.8510212166898928,0.5987490871381446,False,-2.114109664043845,True,-0.14622944845415276,False
89.23294838518952,24.610048174143817,0.8714115859391386,0.562686318591032,False,-2.2826910255646187,True,-0.0753853811620204,False
89.28294838518953,24.610048174143817,0.8643421082214138,0.2720113691087504,False,-2.411056858494453,True,-0.01505357069154862,False
89.33294838518952,24.610048174143817,0.7948258075225056,-0.21214945743803015,False,-2.3771928490400174,True,-0.10411914488668358,False
89.38294838518952,24.610048174143817,0.7104103741972326,-0.9611941647636708,False,-2.163693112604784,False,-0.13623081616147978,False
89.43294838518952,24.610048174143817,0.6443234755627809,-1.1461232213304566,False,-1.9175379229830714,False,-0.009857753549393236,False
89.48294838518952,24.610048174143817,0.5338806206193178,-0.8537892111215721,False,-1.1001991405656328,False,0.11349057720782323,False
89.53294838518953,24.610048174143817,0.39697000848816444,-0.5081484499998015,False,-0.568746970138357,False,0.13253752738734761,False
89.58294838518952,24.610048174143817,0.3214016383362,-0.6001833079894748,False,-0.8760897634780587,False,0.04055761462556909,False
89.63294838518952,24.610048174143817,0.3998390484885428,-0.8118398036127656,False,-1.2853960566559874,False,-0.0811441228090734,False
89.73294838518952,24.610048174143817,0.6564233909908248,-1.0386163411462301,False,-2.0906879291541833,True,-0.16257216327218402,False
89.78294838518953,24.610048174143817,0.7786229607248953,-0.9363771383254739,False,-2.265167697286725,True,-0.18658246806820286,False
89.83294838518952,24.610048174143817,0.8330023792955538,-0.4993892639690457,False,-2.0501728018077907,True,-0.05123752488375885,False
89.88294838518952,24.610048174143817,0.8012959525094103,0.8087960486400623,False,-1.4338739179603521,True,0.11070673722039956,False
89.93294838518952,24.610048174143817,0.6943699294193114,1.2113322690648345,False,-0.9620018995550365,False,0.2261608014134955,False
89.98294838518952,24.610048174143817,0.6806514992379374,1.647873273695605,True,-0.6620592418250097,False,0.17171328412569545,False
90.03294838518953,24.610048174143817,0.6709941990701102,1.9120773089793297,True,-0.7610867718540524,False,0.19289637425362247,False
90.08294838518952,24.610048174143817,0.6588386586150294,2.254753545744378,True,-0.25067744346860316,False,0.3620200952834185,False
90.13294838518952,24.610048174143817,0.7004522833511944,2.579278789768966,True,1.0914240882630981,False,0.393032528174044,False
90.18294838518952,24.610048174143817,0.7511079460478249,2.2382337007865507,True,2.222560594559256,True,0.2941761996985984,False
90.23294838518952,24.610048174143817,0.7555345730728529,1.5189666243023736,False,2.345195969722075,True,0.2141056388243897,False
90.28294838518951,24.610048174143817,0.6765362646817467,0.6154163281073147,False,1.4489380719207343,False,0.20912508995154938,False
90.33294838518952,24.610048174143817,0.4730626980917454,0.1604401555912613,False,-0.2770118474126563,False,0.43305185421905756,False
90.38294838518952,24.610048174143817,0.4344041784550573,0.02244895381739276,False,-1.5225554424555452,False,0.5406085647296592,False
90.43294838518952,24.610048174143817,0.5445338482521965,-0.42539684718220827,False,-1.926727581942286,True,0.6631624982031039,False
90.48294838518952,24.610048174143817,0.5972954303373026,0.060228025842790855,False,-1.697372615281717,True,0.7202561439248025,False
90.53294838518951,24.610048174143817,0.5550283469010675,0.565068428466737,False,-1.4567229398589707,False,0.5407162845064675,False
90.58294838518952,24.610048174143817,0.4858193328032309,0.5007337691393033,False,-1.1388989186750207,False,0.383166427940876,False
90.63294838518952,24.610048174143817,0.47643411002072067,0.28353043985403337,False,-0.9192801598747897,False,0.3198911664427575,False
90.68294838518952,24.610048174143817,0.331423688557498,0.21294079456701565,False,-0.5326542172017273,False,0.20862413963408302,False
90.73294838518952,24.610048174143817,-0.08219413180484288,0.19642547563282137,False,0.050721872855872346,False,0.03261541972575538,False
90.78294838518951,24.610048174143817,-0.13443891045008147,-0.057148440681689755,False,-0.12053839686048279,False,-0.03727452431889406,False
90.83294838518952,24.610048174143817,0.4070310544224281,-0.1386270812317198,False,-1.0840713088375755,False,-0.05459490726234353,False
90.88294838518952,24.610048174143817,0.6576965043198685,0.36390320394657794,False,-2.2315420516965947,True,-0.07802975691229849,False
90.93294838518952,24.610048174143817,0.7053950082273281,0.9083016979826014,False,-1.4423442719267485,True,-0.1950295538171452,False
90.98294838518952,24.610048174143817,0.6540028246788838,0.9624484915350517,False,-0.729432368556939,False,0.0022189675542736154,False
91.03294838518951,24.610048174143817,0.5245810371902366,0.685090227034114,False,-0.5171649219673219,False,0.14862958896384168,False
91.08294838518952,24.610048174143817,0.5458870185846533,0.49842392450021444,False,-0.602765365014595,False,0.1435924927613792,False
91.13294838518952,24.610048174143817,0.7555959637413184,0.3896298533584237,False,-0.7677256694268111,False,0.179851619380072,False
91.18294838518952,24.610048174143817,0.8353203547075366,0.09985876912555651,False,-0.8264401246712193,False,0.20788253924594996,False
91.23294838518952,24.610048174143817,0.8275949794256183,-0.13487189098896227,False,-0.8714421209937218,False,0.15910106513417432,False
91.28294838518951,24.610048174143817,0.7866894139466382,-0.32140714436417966,False,-0.9785422533312363,True,0.1277077896461538,False
91.33294838518952,24.610048174143817,0.7460995661664289,-0.33199646210789013,False,-1.047036097935097,False,0.08261963613213552,False
91.38294838518952,24.610048174143817,0.7340558352264355,-0.04867720933424341,False,-1.038228219998505,False,-0.039737000249014,False
91.43294838518952,24.610048174143817,0.79759096343673,0.5289173600249308,False,-1.0830358145004746,False,-0.07663949154737376,False
91.48294838518952,24.610048174143817,0.8628305761544739,0.7152645805604764,False,-1.497212894131375,True,0.0391975229875223,False
91.53294838518951,24.610048174143817,0.8622554721971436,0.10857006658491114,False,-2.1304432285587276,True,0.2119665628227249,False
91.58294838518952,24.610048174143817,0.8237879286309555,-0.589702535737403,False,-2.2667781679298487,True,0.40335415822580134,False
91.63294838518952,24.610048174143817,0.7849568322346314,-1.6126099594660985,False,-1.5556185794730164,True,0.6171385082306431,True
91.68294838518952,24.610048174143817,0.7645902490359984,-2.020804298359616,True,-1.2494616776184784,True,0.760334924203024,True
91.73294838518952,24.610048174143817,0.7435844662794455,-1.96141308300259,True,-1.152443118519629,True,0.8158210567635673,False
91.78294838518951,24.610048174143817,0.7139924525292788,-0.9042381008848677,False,-0.9226298037521938,True,0.4034863886192496,False
91.83294838518952,24.610048174143817,0.6877357157525515,0.5479087569298993,False,-0.6799145873704766,False,-0.09852232837634378,False
91.88294838518952,24.610048174143817,0.6688179386436828,1.2464109577018099,False,-0.9671387558716329,True,-0.3969029579181623,False
91.93294838518952,24.610048174143817,0.6495164487793432,1.2620923111696927,False,-1.4925500536411296,True,-0.508608843964926,False
91.98294838518952,24.610048174143817,0.6271155837785055,-1.0098917248602208,False,-0.7222333796357177,False,-0.590955056509398,False
92.03294838518951,24.610048174143817,0.6209919832651009,-3.6823099548111617,True,0.3548002544208153,False,-0.7008419528347714,True
92.08294838518952,24.610048174143817,0.6417561534897236,-4.418570719276053,True,0.7214940065563495,False,-0.6596271189513253,False
92.13294838518952,24.610048174143817,0.6562757808546709,-4.142286638329589,True,0.7939177478113988,False,-0.49792710392339734,False
92.18294838518952,24.610048174143817,0.6498228178516429,-3.17234642425458,True,0.5969580396470685,False,-0.1668747190144406,False
92.23294838518952,24.610048174143817,0.6270952332704799,-2.3586958059537864,False,0.4870883989504166,False,0.05281505988403276,False
88.13294838518952,24.560048174143816,0.2935349911044371,0.03972436781355665,False,-0.06528847471993358,False,0.4556024669919307,False
88.18294838518952,24.560048174143816,0.34983756770589447,0.13025188832253298,False,-0.1273352220899794,False,0.46600914926688497,False
88.23294838518952,24.560048174143816,0.4297223871593114,0.35683274929928266,False,-0.23648973900668885,False,0.4736085174936077,False
88.28294838518953,24.560048174143816,0.541488628585085,0.7625116508801906,False,-0.35618861852154216,False,0.48661400897068974,True
88.33294838518952,24.560048174143816,0.6289791676147749,1.2535111138093278,False,-0.5250213312276171,False,0.397416242596702,False
88.38294838518952,24.560048174143816,0.6781358734121113,1.9108873872642285,True,-0.7968213398448045,True,0.2141633425700486,False
88.43294838518952,24.560048174143816,0.7585176843504807,2.1301397274138285,True,-1.0238958813365913,True,-0.008142412821386613,False
88.48294838518952,24.560048174143816,0.856978112893615,1.6005666410633854,False,-1.6829712921222926,True,-0.08062821710107582,False
88.53294838518953,24.560048174143816,0.8763902830303758,0.6076158039182891,False,-2.6158764819066125,True,0.011622155543346946,False
88.58294838518952,24.560048174143816,0.8464288655583093,-0.665395703525508,False,-3.5064881948264537,True,0.014716449202592796,False
88.63294838518952,24.560048174143816,0.7722101896067044,-0.9499742181370538,False,-3.8062414175177626,True,0.16320588624770793,False
88.68294838518952,24.560048174143816,0.6316794982859032,-0.6615036328044303,False,-3.1503948011625056,True,0.14846154152317498,False
88.73294838518952,24.560048174143816,0.4425809854637057,-0.6543056746527103,False,-2.3780183036897946,True,0.0019615261043404997,False
88.78294838518953,24.560048174143816,0.3260035136800174,0.14498916934411551,False,-1.6207967362163913,False,0.07265592286449382,False
88.83294838518952,24.560048174143816,0.334823240464935,0.8703015507213807,False,-0.8047675305332571,False,0.25250375920944346,False
88.88294838518952,24.560048174143816,0.4290297502035976,0.7606134822526481,False,-0.5417203442226199,False,0.4651362091352373,False
88.93294838518952,24.560048174143816,0.5349445889112223,0.6492066618274374,False,-0.5775041645723431,False,0.5455359622671428,False
88.98294838518952,24.560048174143816,0.6398145826065513,0.6165370355813651,False,-0.8046864971335084,False,0.3984449945862815,False
89.03294838518953,24.560048174143816,0.6977139806080925,0.4358996731366034,False,-1.2118304596903209,False,0.0637689495297733,False
89.08294838518952,24.560048174143816,0.718932492097478,0.8360480124185521,False,-1.3257670794421852,True,-0.20952503936297687,False
89.13294838518952,24.560048174143816,0.754115520333128,1.2740551566489142,False,-1.3957487626737404,True,-0.33156269172381003,False
89.18294838518952,24.560048174143816,0.8097068124915088,1.2691500601145913,False,-1.6006263185515508,True,-0.3406883607892168,False
89.23294838518952,24.560048174143816,0.8531061708341586,0.8978841858712285,False,-1.914550311453673,True,-0.23865297771420949,False
89.28294838518953,24.560048174143816,0.8491550890482199,0.15612132822583008,False,-2.235260486654518,True,-0.09230890090945222,False
89.33294838518952,24.560048174143816,0.7768553280230968,-0.7984965940193335,False,-2.4032887206760254,True,0.03519654179872743,False
89.38294838518952,24.560048174143816,0.718880466248562,-1.7320721254778115,False,-2.4178638498280485,True,0.06814528891527605,False
89.43294838518952,24.560048174143816,0.6964708742717852,-2.2332033231230164,False,-2.482226836258574,True,0.10025483699229477,False
89.48294838518952,24.560048174143816,0.6770659577761291,-1.970114549664043,False,-2.4736334127882653,True,0.14093475717323406,False
89.53294838518953,24.560048174143816,0.635188439500998,-0.9286753665014056,False,-1.5836811381636648,False,0.1654704790724376,False
89.58294838518952,24.560048174143816,0.5731638110820908,-0.7071609222529834,False,-1.3724788589986527,False,0.11968570775343057,False
89.63294838518952,24.560048174143816,0.5885297999640129,-0.8024868506646189,False,-1.5895492603418522,True,0.02107875237310909,False
89.68294838518952,24.560048174143816,0.635275557029046,-0.8885567409726165,False,-1.7635014654057972,True,-0.046425314739029805,False
89.73294838518952,24.560048174143816,0.7104144939051837,-0.9709714189196483,False,-1.9775476826312368,True,-0.10110008036382016,False
89.78294838518953,24.560048174143816,0.7905918117200486,-0.9561948001672033,False,-2.079768823683115,True,-0.157162135304169,False
89.83294838518952,24.560048174143816,0.8228616079803536,-0.6104463225521799,False,-1.9214368756210538,True,-0.09420377139033202,False
89.88294838518952,24.560048174143816,0.7989761920751896,0.46934862606384703,False,-1.5564477838377226,True,0.07399544339406028,False
89.93294838518952,24.560048174143816,0.6661771959325784,0.7808359264932374,False,-1.218044759691373,False,0.16767564208883717,False
89.98294838518952,24.560048174143816,0.6141848680488761,1.2096662134702205,False,-0.9789085929133683,False,0.12085858340633888,False
90.03294838518953,24.560048174143816,0.610349217618788,1.6078756392035705,True,-1.0224518783793903,False,0.07675158094946671,False
90.08294838518952,24.560048174143816,0.5534862356831464,1.9876506822962994,True,-0.6348199553092457,False,0.1874986915056421,False
90.13294838518952,24.560048174143816,0.5780282005619121,2.437064730989248,True,0.5231032919500438,False,0.2528595134301507,False
90.18294838518952,24.560048174143816,0.6749256707647802,2.3351492553000446,True,1.455461726249785,False,0.16186114294591913,False
90.23294838518952,24.560048174143816,0.7260403059449513,1.976359975547957,False,1.74966321305399,False,0.0719836444248374,False
90.28294838518951,24.560048174143816,0.6990428870505291,1.765364653630907,False,1.1197717166616012,False,0.09676502673887233,False
90.33294838518952,24.560048174143816,0.5433791402783316,1.783017260853425,False,-0.24871363101072724,False,0.2608477690234605,False
90.38294838518952,24.560048174143816,0.381103079936593,1.3854512049056655,False,-1.4488961499458326,False,0.39167186679713684,False
90.43294838518952,24.560048174143816,0.48018156873209117,0.41928715938993033,False,-2.2075132219289757,True,0.3735581227227017,False
90.48294838518952,24.560048174143816,0.596303784399425,0.26854392488468,False,-2.1101245579084207,True,0.5454275575569619,False
90.53294838518951,24.560048174143816,0.5914084661886067,0.6263839969035572,False,-1.5858984316623337,False,0.42765126411817495,False
90.58294838518952,24.560048174143816,0.511037593046358,0.4819953831010502,False,-1.0928237160354535,False,0.20628005197431815,False
90.63294838518952,24.560048174143816,0.5016986158090426,0.16793381955326048,False,-0.9315148130902523,False,0.2066298055160825,False
90.68294838518952,24.560048174143816,0.341811263564498,0.05726360820249696,False,-0.7632225644106668,False,0.21316864309158284,False
90.73294838518952,24.560048174143816,-0.09072151692703481,0.09638159902364404,False,0.003360457313171278,False,0.08811288006363592,False
90.78294838518951,24.560048174143816,-0.26190808744167904,-0.04863626549578985,False,0.3942912308064973,False,-0.01809329543424596,False
90.83294838518952,24.560048174143816,0.31187760246612356,0.10783555331104945,False,-0.8114719261065435,False,-0.01581662707155583,False
90.88294838518952,24.560048174143816,0.6041704982815478,0.8468029169572486,False,-1.8954338457015663,True,-0.10607424465879316,False
90.93294838518952,24.560048174143816,0.6653509807238016,1.2869555230909562,True,-1.1563588181688282,False,-0.2759461499586869,False
90.98294838518952,24.560048174143816,0.6263758837205524,1.1563508230919588,True,-0.6884010686235856,False,-0.07996087454758724,False
91.03294838518951,24.560048174143816,0.566464760455904,0.8393130839428323,False,-0.557998022202298,False,0.14892515393317182,False
91.08294838518952,24.560048174143816,0.6803739438727041,0.8178667710911848,False,-0.6772492562818607,False,0.1945170736380643,False
91.13294838518952,24.560048174143816,0.8101168399026268,0.684133841604024,False,-0.7256718418585446,False,0.2986544567951722,False
91.18294838518952,24.560048174143816,0.8465060631497445,0.4533631962869378,False,-0.6437526860388525,False,0.33737829502898864,False
91.23294838518952,24.560048174143816,0.8165948613200598,0.20680795982113534,False,-0.6771368681556499,False,0.27451053264321174,False
91.28294838518951,24.560048174143816,0.7726987497227678,-0.20049568594685807,False,-1.043782372751956,False,0.2616609908947807,False
91.33294838518952,24.560048174143816,0.7308336207839323,-0.37189545895456866,False,-1.3464974905198634,True,0.2511246614789865,False
91.38294838518952,24.560048174143816,0.6958000040116299,0.04758543250140901,False,-1.3092543235897103,True,0.12980972267947496,False
91.43294838518952,24.560048174143816,0.7394744619024388,0.6891815684078034,False,-1.2975748887953933,True,0.08261362441592254,False
91.48294838518952,24.560048174143816,0.8133482606079433,0.575936644212999,False,-1.6676925486277066,True,0.0737733084619861,False
91.53294838518951,24.560048174143816,0.8365131535166265,0.01945363334086922,False,-2.1014868207624238,True,0.18705161182947042,False
91.58294838518952,24.560048174143816,0.8055223111341275,-0.7224384659147095,False,-2.054112153207049,True,0.31808960606268066,False
91.63294838518952,24.560048174143816,0.7560844867817751,-1.75988736750175,False,-1.4738842806894277,True,0.46174151469112557,False
91.68294838518952,24.560048174143816,0.7484757280695651,-2.0714402016127855,True,-1.2450485500078359,True,0.5475786590324365,False
91.73294838518952,24.560048174143816,0.7682769944384036,-1.9471287851288188,True,-1.1646032190169167,True,0.7356514676850701,False
91.78294838518951,24.560048174143816,0.7619652503010859,-0.9065286276274522,False,-0.986006245077613,True,0.6572152109845837,False
91.83294838518952,24.560048174143816,0.7211247590575364,0.6023637390747476,False,-0.864292410901216,True,0.3931079845185096,False
91.88294838518952,24.560048174143816,0.6516376530236286,1.278975330729609,False,-1.022608582037712,True,0.12867016131102071,False
91.93294838518952,24.560048174143816,0.60474585820685,1.3617379957007505,False,-1.5348042529222168,True,-0.1803730001035595,False
91.98294838518952,24.560048174143816,0.5989200910898296,-1.786150069988851,False,-0.18561242681003723,False,-0.4724382813813887,False
92.03294838518951,24.560048174143816,0.6277483487835005,-4.603828589902749,True,1.0291518017992045,False,-0.6666808607316206,False
92.08294838518952,24.560048174143816,0.6394275878013729,-5.545111005137008,True,1.414926727232284,False,-0.7579518773237831,True
92.13294838518952,24.560048174143816,0.6339610842541564,-4.991252108110491,True,1.2702851459421924,False,-0.6734159091256526,False
92.18294838518952,24.560048174143816,0.620359551798882,-4.085316443859023,True,1.02940090401745,False,-0.516491076355338,False
92.23294838518952,24.560048174143816,0.5963424587375645,-3.126734410262891,True,0.812694614620356,False,-0.3398010110246904,False
88.18294838518952,24.51004817414381,0.3405343145628409,0.1333710960676326,False,-0.17486988474018486,False,0.39481084349385054,False
88.23294838518952,24.51004817414381,0.41163840826793313,0.41214620227271537,False,-0.2905174597074675,False,0.38615403877562265,False
88.28294838518953,24.51004817414381,0.4978913943927656,0.8423625699756232,False,-0.44488931857333397,False,0.32649042047754434,False
88.33294838518952,24.51004817414381,0.5791863790401016,1.526119918474542,False,-0.7632042625859479,False,0.17455190819295613,False
88.38294838518952,24.51004817414381,0.6572825447377683,2.1768740427347626,True,-1.0976524696605126,True,-0.0793999733106146,False
88.43294838518952,24.51004817414381,0.7528678371653,2.1855042852600475,True,-1.051837628041301,True,-0.3340992948406689,False
88.48294838518952,24.51004817414381,0.8158351648232531,1.7849159205414242,False,-1.0023586047703907,True,-0.5437830562334134,False
88.53294838518953,24.51004817414381,0.8057779705348418,0.9140240383478986,False,-0.9265980284884763,True,-0.6376604534150193,False
88.58294838518952,24.51004817414381,0.7356490716158764,0.18656810411038557,False,-1.1384962677771455,True,-0.4625737229643971,False
88.63294838518952,24.51004817414381,0.6000923003650644,-0.29453596329590054,False,-1.6829426090134407,True,-0.10216328946756795,False
88.68294838518952,24.51004817414381,0.42457128238039005,-0.2572785196491606,False,-2.2060657035097324,True,0.15629324987479445,False
88.73294838518952,24.51004817414381,0.3141350444696697,0.3800977966080584,False,-1.9903937051651392,True,0.16792471593332708,False
88.78294838518953,24.51004817414381,0.35216448386810134,1.1955355525525868,False,-1.2798338431097622,False,0.28877606022723096,False
88.83294838518952,24.51004817414381,0.47334189635204704,1.624178492463447,False,-0.5486685637988449,False,0.38368468156409297,False
88.88294838518952,24.51004817414381,0.5695990974061227,1.423293802980715,False,-0.5538952712609442,False,0.5560200525749267,False
88.93294838518952,24.51004817414381,0.6494161646847549,1.6300055500017248,True,-0.9273100336252995,False,0.5450861210151816,False
88.98294838518952,24.51004817414381,0.7231715086819386,1.693625089291933,False,-1.320932342573276,False,0.40008225138784304,False
89.03294838518953,24.51004817414381,0.7694279492522723,1.7630575973996545,False,-1.3973649629457796,False,0.20431953077948148,False
89.08294838518952,24.51004817414381,0.7525019343305168,2.0993806850195638,True,-1.0541715350506837,False,-0.05779438644075857,False
89.13294838518952,24.51004817414381,0.7291588385742691,2.117449937272413,True,-1.097815207449679,False,-0.40190888914787837,False
89.18294838518952,24.51004817414381,0.7384551191378713,1.696874710322632,False,-1.3551824471724545,False,-0.4872317020978192,False
89.23294838518952,24.51004817414381,0.7886975780501955,0.9214340994376783,False,-1.797593539894022,True,-0.43187778460489346,False
89.28294838518953,24.51004817414381,0.7706813332604895,-0.19180785818146628,False,-2.211742135589708,True,-0.14573317155039106,False
89.33294838518952,24.51004817414381,0.6942808416147117,-1.403393448447769,False,-2.3739998980821317,True,0.25008775407150907,False
89.38294838518952,24.51004817414381,0.6543506896363901,-2.072419216541645,True,-2.5984195270236747,True,0.31233246804849457,False
89.43294838518952,24.51004817414381,0.6672895467347159,-2.2215359749175185,True,-2.7607542493976753,True,0.24932018402458883,False
89.48294838518952,24.51004817414381,0.6989842890140604,-1.8466578934289397,False,-2.7232087334331636,True,0.2309979000744053,False
89.53294838518953,24.51004817414381,0.7214998733616879,-0.7851523786679622,False,-1.8328363315332494,True,0.27628017383027403,False
89.58294838518952,24.51004817414381,0.7038459586524208,-0.4660388513198724,False,-1.3169177876134583,False,0.2703699990007485,False
89.63294838518952,24.51004817414381,0.7219678358429787,-0.5783949235317042,False,-1.5735528022526795,True,0.1700980709109259,False
89.68294838518952,24.51004817414381,0.7244156682753508,-0.7300773610791864,False,-1.7453692752431567,True,0.056533992354271236,False
89.78294838518953,24.51004817414381,0.7957774209949876,-0.9265410455020641,False,-2.0453230880586353,True,-0.08895471641134071,False
89.83294838518952,24.51004817414381,0.8125660061937516,-0.7003611447506433,False,-1.917314264334611,True,-0.09138463584594027,False
89.88294838518952,24.51004817414381,0.7912033427485445,0.2405586103450097,False,-1.6851104928688128,True,0.0550410291084686,False
89.93294838518952,24.51004817414381,0.6843042056972004,0.6047342570344147,False,-1.5081130892039012,True,0.08838180200019717,False
89.98294838518952,24.51004817414381,0.5504741112269242,0.8582646599466275,False,-1.2944477402091907,False,0.08367020241142288,False
90.03294838518953,24.51004817414381,0.5573873131630916,1.1956294292652208,False,-1.3300651143642035,False,0.06244624554637061,False
90.08294838518952,24.51004817414381,0.4863367650131029,1.4989600246075165,False,-1.1666881126044433,False,0.08936234850560515,False
90.13294838518952,24.51004817414381,0.4647262113452004,1.9438837966994127,False,-0.23459023418230035,False,0.08401937536579882,False
90.18294838518952,24.51004817414381,0.6115613586928098,2.0339208165422193,False,1.0757053798443208,False,-0.04383457755574996,False
90.23294838518952,24.51004817414381,0.7161264490456718,2.215694120887586,False,1.7726109781592547,False,-0.2027023768770051,False
90.28294838518951,24.51004817414381,0.7224430150797608,2.955844355898249,True,1.0897289748449022,False,-0.3198947168025215,False
90.33294838518952,24.51004817414381,0.6331483746920037,3.639213801232493,True,-0.46979885971409296,False,-0.10001943884300457,False
90.38294838518952,24.51004817414381,0.4795298618404836,2.6968151585702334,False,-1.5075033783193317,True,0.22008849801016794,False
90.43294838518952,24.51004817414381,0.47715764284452944,1.0782059455736872,False,-2.092183266041635,True,0.30472767172391174,False
90.48294838518952,24.51004817414381,0.6123371634502796,0.6057934898657271,False,-2.453229026326335,True,0.3353854162851829,False
90.53294838518951,24.51004817414381,0.6861114965963877,0.8682841188436361,False,-2.2105301792663097,True,0.3512544119376333,False
90.58294838518952,24.51004817414381,0.6410743214516559,0.6603949437078988,False,-1.5738174111733976,False,0.17133130023118043,False
90.63294838518952,24.51004817414381,0.584639989075741,0.2708687744487074,False,-1.2518968121610854,False,0.14777145238864958,False
90.68294838518952,24.51004817414381,0.4703713855646006,0.07311247619467609,False,-1.1471888383861528,False,0.20346989432026336,False
90.73294838518952,24.51004817414381,0.23656813692772075,0.0202444771589545,False,-0.7400075310824374,False,0.20352272323726084,False
90.78294838518951,24.51004817414381,0.1690322577734886,0.009002845531014214,False,-0.5160698227450808,False,0.1787549578026334,False
90.83294838518952,24.51004817414381,0.4549922722519073,0.534477619780825,False,-1.4207217739721614,False,0.14615943768740075,False
90.88294838518952,24.51004817414381,0.61524182781824,1.101396060735785,False,-1.612821064723391,False,-0.059431415411004544,False
90.93294838518952,24.51004817414381,0.6483619277154946,1.361860382233538,True,-0.9457766617900135,False,-0.2563202102811484,False
90.98294838518952,24.51004817414381,0.6171699853678334,1.2764184742842704,True,-0.5741992210004829,False,-0.1733588016596574,False
91.03294838518951,24.51004817414381,0.621550122864915,1.1031261667668297,True,-0.5685049360461594,False,-0.0006217845446728487,False
91.08294838518952,24.51004817414381,0.7141829530927439,1.1265767955713621,True,-0.6789934786386507,False,0.10174018665750013,False
91.13294838518952,24.51004817414381,0.7794530977503454,0.9698267250124104,True,-0.6128304964978634,False,0.2335857031256262,False
91.18294838518952,24.51004817414381,0.7843619055177412,0.7462750532816744,False,-0.3913468831947885,False,0.2591185119774422,False
91.23294838518952,24.51004817414381,0.7454269785345393,0.6017232932497144,False,-0.2260162581002112,False,0.20527614185687937,False
91.28294838518951,24.51004817414381,0.6911412773754351,0.2752548668351188,False,-0.41320841336328956,False,0.21279413118188942,False
91.33294838518952,24.51004817414381,0.6258627307565532,-0.224736561030412,False,-0.966404008960591,False,0.315750240901057,False
91.38294838518952,24.51004817414381,0.5610172210575487,-0.06812110538117733,False,-1.2072632416575564,True,0.2564691141403691,False
91.43294838518952,24.51004817414381,0.5933488326303521,0.43248040140430477,False,-1.288841123852646,True,0.1399310737721278,False
91.48294838518952,24.51004817414381,0.7195963477671518,0.8814648496706865,False,-1.5453878843217927,True,0.0749771201372311,False
91.53294838518951,24.51004817414381,0.7811519269794711,1.4807153620947968,False,-1.7998615041252173,True,0.17649264517611724,False
91.58294838518952,24.51004817414381,0.7416584887582823,1.2183270028473931,False,-1.732729429819059,True,0.2092514436564596,False
91.63294838518952,24.51004817414381,0.6432363892385056,0.1506436169161497,False,-1.3673541695186178,True,0.18716727165535,False
91.68294838518952,24.51004817414381,0.6147300764930197,-0.5316775948639452,False,-1.1465343186296448,True,0.15617867166869492,False
91.73294838518952,24.51004817414381,0.6806854732445067,-0.6232720239274956,False,-1.1100480273183844,True,0.468790549232179,False
91.78294838518951,24.51004817414381,0.7255364554572067,0.07791608337628875,False,-1.0369111807757867,True,0.8619158150401522,False
91.83294838518952,24.51004817414381,0.7011552898558149,1.3709776729939256,False,-0.8995266194135068,True,0.7288444437289393,False
91.88294838518952,24.51004817414381,0.5882293295191239,1.6674611824882624,False,-0.8524052209115129,True,0.49016947279861345,False
91.93294838518952,24.51004817414381,0.47468898239354473,0.8265393437550438,False,-0.6631169893660738,False,0.026377097408867817,False
91.98294838518952,24.51004817414381,0.5195612242256077,-1.2032479539873129,False,0.11710830891530616,False,-0.32962784763083663,False
92.03294838518951,24.51004817414381,0.543210191984859,-3.1515530315546685,True,0.7641823846560865,False,-0.473819207782701,False
92.08294838518952,24.51004817414381,0.5721138622266911,-4.123875439801241,True,1.0765757169025165,False,-0.5422972894216656,False
92.13294838518952,24.51004817414381,0.5742038370827796,-4.576949943438032,True,1.2344918431053218,False,-0.5828361944928843,False
88.23294838518952,24.46004817414381,0.3687706398070073,0.4952436983686328,False,-0.3722405204850136,False,0.2553477256072788,False
88.28294838518953,24.46004817414381,0.44309005220100683,0.9111595699796481,False,-0.5357791748458629,False,0.1485017890760617,False
88.33294838518952,24.46004817414381,0.533933638021417,1.3560727015903655,False,-0.703127819472295,False,-0.02670833169228931,False
88.38294838518952,24.46004817414381,0.6350328229502568,1.4584659821087966,False,-0.6360136773217998,False,-0.27097064936176185,False
88.43294838518952,24.46004817414381,0.7022272540681695,1.2741207382015398,False,-0.29987741441984045,False,-0.692474137157618,True
88.48294838518952,24.46004817414381,0.741436632472266,0.5228212719320531,False,-0.10464226679560223,False,-0.9132372202241716,True
88.53294838518953,24.46004817414381,0.7040742467761862,-0.5582080060490665,False,-0.22693037851243958,False,-0.9120220095687509,True
88.58294838518952,24.46004817414381,0.5977182538207276,-0.825411094702448,False,-0.5272612902393377,False,-0.4754811797431156,False
88.63294838518952,24.46004817414381,0.41555862306083863,-0.562098952935972,False,-0.7540041978510985,True,0.12744776555307188,False
88.68294838518952,24.46004817414381,0.31216935017555075,-0.2350739799510585,False,-0.8582864427176453,True,0.24813025344832745,False
88.73294838518952,24.46004817414381,0.34838559825639465,0.6800872295574791,False,-0.6859474387184357,False,0.09941352923924474,False
88.78294838518953,24.46004817414381,0.4791512093399032,2.125189544576476,False,-0.14576337804824924,False,0.015163949475734836,False
88.83294838518952,24.46004817414381,0.5922007390759706,2.8431700970975555,True,0.4973367053393244,False,-0.0143920434424879,False
88.88294838518952,24.46004817414381,0.6623587560114282,2.3297193161012046,True,0.20951254004858988,False,0.11055129324315607,False
88.93294838518952,24.46004817414381,0.7091174147282022,1.8442598620532147,True,-0.9822708391402086,False,0.1299269035488868,False
88.98294838518952,24.46004817414381,0.7536651709895211,1.3515868612834616,False,-2.2445252734479286,True,0.052307748361963086,False
89.03294838518953,24.46004817414381,0.7700834248633014,1.5156421634581632,False,-2.6269656448054857,True,0.03943260072071536,False
89.08294838518952,24.46004817414381,0.7452528784282216,2.5978462565525096,True,-2.0520153706975512,True,0.040973310369384286,False
89.13294838518952,24.46004817414381,0.7156411680983009,2.436652369157627,True,-2.1703947070161367,True,-0.4039255944563605,False
89.18294838518952,24.46004817414381,0.7281510893777361,1.506269485824,False,-2.339435155753507,True,-0.5852393395336587,False
89.23294838518952,24.46004817414381,0.7750861187300545,0.4096743024112348,False,-2.7010162393789128,True,-0.5209232608390199,False
89.28294838518953,24.46004817414381,0.7798719940564774,-0.8804499431346693,False,-2.8770671571876187,True,-0.14395948541288722,False
89.33294838518952,24.46004817414381,0.6918991022743269,-1.8701370431082633,False,-2.7221602222573953,True,0.3160748477337394,False
89.38294838518952,24.46004817414381,0.6046155596509896,-1.8931203135330361,True,-2.5609498459324924,True,0.41459183402644917,False
89.43294838518952,24.46004817414381,0.6116752198672459,-1.191290421323115,False,-2.3283754071444047,True,0.3818654500150287,False
89.48294838518952,24.46004817414381,0.6798478956509522,0.016969714643329234,False,-2.0001517981006276,True,0.41449895958556626,False
89.53294838518953,24.46004817414381,0.7220881636520381,0.2659418179736279,False,-1.1286845991969003,False,0.4750754876590765,False
89.58294838518952,24.46004817414381,0.7273106746196993,0.18605480471000185,False,-0.5166038416856976,False,0.46745599782470676,False
89.63294838518952,24.46004817414381,0.7369658694449858,-0.03932388747931137,False,-0.9367046244985306,False,0.31505162878590987,False
89.68294838518952,24.46004817414381,0.727568362208423,-0.38416240106259986,False,-1.330638684199893,True,0.14790981757892993,False
89.78294838518953,24.46004817414381,0.7842376373692848,-0.6784127037964882,False,-2.008440055348236,True,0.0532233636637882,False
89.83294838518952,24.46004817414381,0.7955966000330965,-0.5059413315527598,False,-1.9483065286524561,True,0.009760631301258753,False
89.88294838518952,24.46004817414381,0.7706009535601754,-0.043685325576432205,False,-1.7607770388175377,True,0.06308816244831916,False
89.93294838518952,24.46004817414381,0.6691153562568655,0.3242551920527883,False,-1.6061248420260017,True,0.0723126836144972,False
89.98294838518952,24.46004817414381,0.5032054255081511,0.6966160129447456,False,-1.3840844405058357,False,0.028697932416121986,False
90.03294838518953,24.46004817414381,0.5747052747741865,1.0522202320217353,False,-1.232595732817387,False,-0.018609028462191562,False
90.08294838518952,24.46004817414381,0.5462849209581241,1.3777139817639839,False,-0.9832563042082578,False,-0.038920427152497085,False
90.13294838518952,24.46004817414381,0.4570136429060571,1.4986791944443387,False,-0.6121519153775868,False,-0.08640626753222769,False
90.18294838518952,24.46004817414381,0.5639671381010009,1.3450421890150381,False,0.16806339680471166,False,-0.23137801249475093,False
90.23294838518952,24.46004817414381,0.6936581186327119,1.6539484928327826,False,1.21202684666811,False,-0.454258984151177,False
90.28294838518951,24.46004817414381,0.7237800466440875,2.5144422534787916,False,1.1615764176733925,False,-0.7023680704980705,True
90.33294838518952,24.46004817414381,0.6846581440904547,2.801311747690059,True,-0.054224126109368775,False,-0.4673244647872649,False
90.38294838518952,24.46004817414381,0.5895600258828475,2.8571545030502703,True,-1.3877031618695965,True,0.04675633578611177,False
90.43294838518952,24.46004817414381,0.5291892784401558,1.8906869207012615,False,-2.0604679263451615,True,0.31870324930396626,False
90.48294838518952,24.46004817414381,0.6333305609987775,0.9557647480923972,False,-2.4010909756213508,True,0.30327023895111105,False
90.53294838518951,24.46004817414381,0.7533968598359325,0.8540893276022102,False,-2.537749628696278,True,0.2667060193222357,False
90.58294838518952,24.46004817414381,0.7925708984219959,0.7871604476414482,False,-2.4064567650093496,True,0.27419333168869564,False
90.63294838518952,24.46004817414381,0.7136082357857857,0.5466858251774183,False,-2.159915078877362,True,0.2765928720983447,False
90.68294838518952,24.46004817414381,0.6194106063618161,0.2998785391700765,False,-1.9853815847798029,False,0.2890686240223494,False
90.73294838518952,24.46004817414381,0.5499641896496908,0.16949243265238045,False,-1.8374750803611084,False,0.30945289253950015,False
90.78294838518951,24.46004817414381,0.5407586353950241,0.35057819736558987,False,-1.8463713680868912,False,0.30054378347951627,False
90.83294838518952,24.46004817414381,0.6212469882528937,0.928897171131741,False,-1.8138223254835248,False,0.2002047811118257,False
90.88294838518952,24.46004817414381,0.667710734610878,1.1549849622988049,False,-1.4301003383696655,False,0.009743115605827649,False
90.93294838518952,24.46004817414381,0.6592530991273942,1.3517227078056013,True,-0.6838329296269039,False,-0.2717373045774432,False
90.98294838518952,24.46004817414381,0.630749456352479,1.3890236503699416,True,-0.11738418911086823,False,-0.2797783926124573,False
91.03294838518951,24.46004817414381,0.653696848001586,1.312482902141665,True,-0.10214551520427416,False,-0.14333734648172264,False
91.08294838518952,24.46004817414381,0.6924809574438314,1.2345086363669568,True,-0.44350934289330496,False,-0.016782155378492876,False
91.13294838518952,24.46004817414381,0.696349212091117,0.9990883338986573,True,-0.5341038353465956,False,0.07826420953616427,False
91.18294838518952,24.46004817414381,0.6722025792190445,0.6936090830849173,False,-0.36281600489832955,False,0.09054413605900624,False
91.23294838518952,24.46004817414381,0.646838950484027,0.5500364301899345,False,-0.10222240054194966,False,0.12332157075751911,False
91.28294838518951,24.46004817414381,0.5944628889934314,0.3288550211400884,False,-0.13181052339246518,False,0.11810892356209018,False
91.33294838518952,24.46004817414381,0.4891822049242383,-0.3797107721217158,False,-0.6313122855979334,False,0.2135794132328032,False
91.38294838518952,24.46004817414381,0.3415968103958986,-0.53411948347575,False,-1.0639241628896776,True,0.23894515191684162,False
91.43294838518952,24.46004817414381,0.4639760829971337,0.18650759217677348,False,-1.1489851839117293,True,0.11541244356181674,False
91.48294838518952,24.46004817414381,0.6585053399761812,1.9896200378934792,True,-1.2238596965610982,True,0.08006789363373115,False
91.53294838518951,24.46004817414381,0.7150937581626299,3.0876054423746613,True,-1.420489539405001,True,0.04235755305580055,False
91.58294838518952,24.46004817414381,0.6649010882241422,2.836481274472339,True,-1.5914303290285088,True,-0.025680745947794098,False
91.63294838518952,24.46004817414381,0.54932257434522,2.08238591104277,False,-1.4553463824159074,True,-0.07699788264455315,False
91.68294838518952,24.46004817414381,0.465584143127679,0.943814096766096,False,-1.0732179529909474,True,-0.00699112513830813,False
91.73294838518952,24.46004817414381,0.5195454109406089,0.6096473783119589,False,-0.9007583410297192,True,0.22815192254231803,False
91.78294838518951,24.46004817414381,0.6173453179086617,1.0583521230634325,False,-0.7950480816171059,True,0.49180454580426985,False
91.83294838518952,24.46004817414381,0.6243258929854847,1.744061802527535,False,-0.5284810209641958,False,0.3215536127327132,False
91.88294838518952,24.46004817414381,0.4989376046078898,1.800561133805,False,-0.35829833980424786,False,0.24056911813534518,False
91.93294838518952,24.46004817414381,0.34510124145741444,1.1971917313428762,False,-0.3085846900206838,False,0.040226683758346496,False
91.98294838518952,24.46004817414381,0.30135785804929444,0.26936043078547195,False,-0.0328874855164249,False,-0.16167536449466635,False
92.03294838518951,24.46004817414381,0.40384445249648915,-0.7582388507083343,False,0.2145775663859791,False,-0.3208259060412266,False
92.08294838518952,24.46004817414381,0.4406362909912718,-1.775699383274023,False,0.4711991977223747,False,-0.40337521955905437,False
92.13294838518952,24.46004817414381,0.4812821593935294,-2.5624834425332446,False,0.661016840422457,False,-0.47504941011755003,False
88.33294838518952,24.41004817414381,0.5199548810308912,0.761886605686923,False,-0.39320874215736007,False,-0.1775371056279187,False
88.38294838518952,24.41004817414381,0.6034515719410773,0.6013349636305922,False,-0.11109824110415084,False,-0.4849681401080297,False
88.43294838518952,24.41004817414381,0.6712818200508194,0.23247573700052104,False,0.06660440254061806,False,-0.7404515108531373,True
88.48294838518952,24.41004817414381,0.6743646135028445,-0.5735575687346411,False,-0.05003974307062786,False,-0.7743123009604784,True
88.53294838518953,24.41004817414381,0.6130797972534582,-1.5282700034745091,False,-0.2645032205120109,False,-0.6063115815592308,False
88.58294838518952,24.41004817414381,0.5066032039920366,-1.769031580205123,False,-0.5510103635956658,False,-0.07530079863247535,False
88.63294838518952,24.41004817414381,0.4299244766806662,-1.3681150780276234,False,-0.621398088519701,True,0.0889259158416765,False
88.68294838518952,24.41004817414381,0.43252856954868324,-0.7638087680228622,False,-0.45363312124748856,False,-0.21023320335293186,False
88.73294838518952,24.41004817414381,0.511110784325723,0.32854427909720285,False,-0.10437944269749827,False,-0.5031483606802742,False
88.78294838518953,24.41004817414381,0.5981081676644188,2.460025232679944,True,0.680988397168026,False,-0.5899019277912362,True
88.83294838518952,24.41004817414381,0.6669291700355702,3.255911155493948,True,1.6205172140881388,False,-0.45952184209615754,True
88.88294838518952,24.41004817414381,0.6920765042160406,2.349881079077286,True,1.382719205507671,False,-0.3171579777123338,False
88.93294838518952,24.41004817414381,0.7044993242545619,0.8161431437901644,False,-0.9278842582632096,False,-0.40365093039724587,False
88.98294838518952,24.41004817414381,0.7270537926882492,-0.47015006624424527,False,-2.9753915325272526,True,-0.5140058817583397,True
89.03294838518953,24.41004817414381,0.736987495200088,-0.20808937833161034,False,-3.4885465873263772,True,-0.4441669710794667,False
89.08294838518952,24.41004817414381,0.7273198305154918,1.8695857291096354,False,-3.1667946439103893,True,-0.2620414548039961,False
89.13294838518952,24.41004817414381,0.7186095876654988,2.5296034449536116,True,-3.1166088176788826,True,-0.1646505052617735,False
89.18294838518952,24.41004817414381,0.7451178456352319,1.4160889925994622,False,-3.1066528582778052,True,-0.14177047317813002,False
89.23294838518952,24.41004817414381,0.794746210108294,-0.0025976749059484217,False,-3.4149501546223284,True,-0.22078596430301403,False
89.28294838518953,24.41004817414381,0.8282215361857803,-1.444913839185353,False,-3.837329774482801,True,-0.012400852386072983,False
89.33294838518952,24.41004817414381,0.7964414878723096,-2.2405800648329914,True,-3.6964260150328503,True,0.33225721938482483,False
89.38294838518952,24.41004817414381,0.7012312709695596,-1.7113358729021129,False,-2.8277492160688222,True,0.4843003746230108,False
89.43294838518952,24.41004817414381,0.6469861543185056,-0.1703191219467417,False,-1.7726020099494166,True,0.5669927538005749,False
89.48294838518952,24.41004817414381,0.6985114200269256,1.3608407871348835,False,-1.2387615802357068,False,0.6556352527731798,True
89.53294838518953,24.41004817414381,0.7454214775883607,1.6134775842120233,False,-0.847071189080824,False,0.6396403161983371,True
89.58294838518952,24.41004817414381,0.7336009246518956,0.827212788734729,False,-0.12916984082464458,False,0.5509853160857909,True
89.63294838518952,24.41004817414381,0.6772595548108834,0.48823822947732426,False,-0.37597807079826473,False,0.37928987267563413,False
89.68294838518952,24.41004817414381,0.6531704193583128,-0.01084280849968261,False,-0.8517449420315073,False,0.23030605217241032,False
89.73294838518952,24.41004817414381,0.7079912210308994,-0.3715014268986944,False,-1.4361428424734828,True,0.2175036080391809,False
89.83294838518952,24.41004817414381,0.7701769625614244,-0.35142836675887473,False,-1.984355708795241,True,0.08331774479526892,False
89.88294838518952,24.41004817414381,0.7329952792585649,-0.20441002496299815,False,-1.77699446799405,True,0.043406561845818994,False
89.93294838518952,24.41004817414381,0.6046124698586745,0.11170509742146856,False,-1.4679042853192958,True,0.051667373089498786,False
89.98294838518952,24.41004817414381,0.4444436915465129,0.6921310020784812,False,-0.9491662168417778,False,-0.004829520658742079,False
90.03294838518953,24.41004817414381,0.6155808690740462,1.197274849443552,False,-0.8018408482794538,False,-0.10417322105909961,False
90.08294838518952,24.41004817414381,0.647153566946904,1.6320428832117941,False,-0.44493794043476725,False,-0.13433751276569092,False
90.13294838518952,24.41004817414381,0.5272539617923623,1.8336665191043817,False,-0.0769200537036151,False,-0.17098007142670196,False
90.18294838518952,24.41004817414381,0.43928775935917025,1.3205178744685693,False,0.14677782586687738,False,-0.29153123066036774,False
90.23294838518952,24.41004817414381,0.6192737056870692,0.6805722788061362,False,0.3371748703770039,False,-0.5521072527504074,True
90.28294838518951,24.41004817414381,0.7103346600546342,0.9156894590662312,False,0.4269863953466102,False,-0.7866757280538402,True
90.33294838518952,24.41004817414381,0.712269885446034,1.4325909615972572,False,-0.07929115285588595,False,-0.72832392418646,True
90.38294838518952,24.41004817414381,0.6668560387972033,1.9707557833054934,True,-1.1519361286869487,False,-0.27248050266748103,False
90.43294838518952,24.41004817414381,0.6204050770577457,1.8146905650393625,True,-2.0974163322703787,True,0.19641015947600493,False
90.48294838518952,24.41004817414381,0.6717343204676622,1.0968068721534932,False,-2.4758684379816343,True,0.24055147781141703,False
90.53294838518951,24.41004817414381,0.7916203226151189,0.8762865232620927,False,-2.628029742908676,True,0.1591470185828246,False
90.58294838518952,24.41004817414381,0.8524667695125017,0.814116003652878,False,-2.656105630667845,True,0.20530236355524797,False
90.63294838518952,24.41004817414381,0.7974333502694921,0.7074988980218027,False,-2.5663807884486953,True,0.23132616846392584,False
90.68294838518952,24.41004817414381,0.7244871354935639,0.5408055728346874,False,-2.4877250285861434,True,0.22326115403052066,False
90.73294838518952,24.41004817414381,0.7028895535496861,0.37218551042688836,False,-2.46542595529214,True,0.2445694971549749,False
90.78294838518951,24.41004817414381,0.6993019152851833,0.5617651550619127,False,-2.385605839639208,True,0.23616639130472733,False
90.83294838518952,24.41004817414381,0.713585619794296,0.8749951512946237,False,-1.9410230361511387,False,0.15348015609500973,False
90.88294838518952,24.41004817414381,0.7156645193559594,0.9514431625804438,False,-1.3572779154446328,False,0.020750902501667806,False
90.93294838518952,24.41004817414381,0.6801081092665788,1.0281228481672136,False,-0.6461561011844689,False,-0.15922692826695473,False
90.98294838518952,24.41004817414381,0.6482363450779902,1.1219438398929444,False,0.19207040787790342,False,-0.19493812585780199,False
91.03294838518951,24.41004817414381,0.6544701611708881,1.1098555293308503,True,0.29100810113729947,False,-0.08817507216430784,False
91.08294838518952,24.41004817414381,0.6376129838939002,1.0774204576239188,True,-0.3067715616264786,False,0.033638410216569166,False
91.13294838518952,24.41004817414381,0.5732886429407418,0.8149083058556994,True,-0.4106457220523234,False,0.1330850909185158,False
91.18294838518952,24.41004817414381,0.5626472009592737,0.5076252157664651,False,-0.2385744539302955,False,0.18483087192187198,False
91.23294838518952,24.41004817414381,0.5959928047039513,0.31531946161811436,False,-0.20161981712217167,False,0.13311812272026996,False
91.28294838518951,24.41004817414381,0.5973390598289525,-0.13406319681246065,False,-0.35730091794487795,False,0.08314622772070787,False
91.33294838518952,24.41004817414381,0.5203646584742581,-0.7250172250113331,False,-0.6728049400079374,True,0.11785270137258282,False
91.38294838518952,24.41004817414381,0.4421083557786876,-0.8322989238439291,False,-0.9919952137982198,True,0.12442592593581239,False
91.43294838518952,24.41004817414381,0.5630966078070359,0.10137927347876907,False,-1.1224253564871933,True,0.05484039646711392,False
91.48294838518952,24.41004817414381,0.6959906659283864,2.2455695452246385,True,-1.1865368215766696,True,0.0045334636188512755,False
91.53294838518951,24.41004817414381,0.7057350191494222,3.66108696315247,True,-1.3017347442161684,True,-0.19321739573593286,False
91.58294838518952,24.41004817414381,0.630388071239891,3.8622838744867045,True,-1.5765013522425466,True,-0.2268693414137616,False
91.63294838518952,24.41004817414381,0.523928422431519,3.2654964867632597,True,-1.5859478269897236,True,-0.1693970524864782,False
91.68294838518952,24.41004817414381,0.44916876344236206,1.9542906674762617,False,-1.1781596110094352,True,0.018263466000672968,False
91.73294838518952,24.41004817414381,0.4940537406672813,1.3008264725089607,False,-0.8305142475270102,False,0.2549281150172107,False
91.78294838518951,24.41004817414381,0.5980424404435228,1.4823322979060998,False,-0.5937909338524952,False,0.3916854034637227,False
91.83294838518952,24.41004817414381,0.6349243184748404,1.6523604220788188,False,-0.24612659271837312,False,0.18244161422373853,False
91.88294838518952,24.41004817414381,0.5443558421694656,1.6217099678615103,False,-0.05913588156884342,False,0.08869307244400908,False
91.93294838518952,24.41004817414381,0.2753287153864104,1.3771133973544818,False,-0.1430449702737619,False,0.02435008740619886,False
91.98294838518952,24.41004817414381,0.09885974879993863,1.107335471098541,False,-0.13373729648793736,False,-0.009214261083169426,False
92.03294838518951,24.41004817414381,0.19350824228104865,0.5310803681812187,False,-0.009195081753710421,False,-0.12910993679340635,False
92.08294838518952,24.41004817414381,0.28581456932310584,-0.10627058019385499,False,0.12434318635761173,False,-0.2476793867952319,False
92.13294838518952,24.41004817414381,0.3504161036882142,-0.8213843939246362,False,0.26723641546517585,False,-0.3463822692568612,False
88.48294838518952,24.360048174143817,0.6087800164055155,-1.4357070889207242,False,-0.13828140027805436,False,-0.5190847578403937,False
88.53294838518953,24.360048174143817,0.5623191541512059,-2.002256001871807,True,-0.3553117287192535,False,-0.3238178097574159,False
88.58294838518952,24.360048174143817,0.49231226308934783,-2.1267087914964753,True,-0.46748458820581607,False,-0.07740216886863727,False
88.63294838518952,24.360048174143817,0.47638361956581504,-1.7118610284764122,False,-0.3764589600999896,False,-0.24868352820585668,False
88.68294838518952,24.360048174143817,0.5098555823902646,-1.0679854611182096,False,-0.22756226597747492,False,-0.525972103256884,False
88.73294838518952,24.360048174143817,0.5903385702465965,0.014042336549922818,False,0.02975494666555685,False,-0.7608464372049139,True
88.78294838518953,24.360048174143817,0.6495885045111693,1.6005579902102778,False,0.4084421684134606,False,-0.7824319776677716,True
88.83294838518952,24.360048174143817,0.6642551709842467,2.1424844358819835,True,1.0426492701568875,False,-0.6179675280200244,True
88.88294838518952,24.360048174143817,0.6161982850758058,1.5285430529911386,False,1.2381458442217612,False,-0.45811514428101596,True
88.93294838518952,24.360048174143817,0.5745609965562294,-0.10944143796196559,False,-0.39861621926318125,False,-0.5399638941698799,True
88.98294838518952,24.360048174143817,0.6339364557799733,-1.8018165311496293,True,-1.8054613391042624,True,-0.6415080464665803,True
89.03294838518953,24.360048174143817,0.6923583341765582,-2.336871376998008,True,-2.336205898427152,True,-0.6356284225958271,True
89.08294838518952,24.360048174143817,0.703177700282295,-0.4386364658022033,False,-2.553199212367817,True,-0.5649802764607303,True
89.13294838518952,24.360048174143817,0.7087019088599377,1.1887143921384893,False,-3.0069072174392684,True,-0.18828349982291495,False
89.18294838518952,24.360048174143817,0.7347375333594229,0.9904508438461075,False,-3.2576294044236995,True,0.005227755728257066,False
89.23294838518952,24.360048174143817,0.7887597616838431,0.07682417770191352,False,-3.549886326259868,True,-0.16402981829514476,False
89.28294838518953,24.360048174143817,0.8498241126039948,-0.8289998463587975,False,-4.008540160195761,True,-0.22264805131849394,False
89.33294838518952,24.360048174143817,0.8601507129600701,-1.3986087349764693,False,-4.039710570743219,True,-0.025384585372978004,False
89.38294838518952,24.360048174143817,0.8054399766189021,-1.1836962149214771,False,-3.307306270098623,True,0.31599183219687654,False
89.43294838518952,24.360048174143817,0.7467510453283643,0.37124872891478433,False,-1.7068626777045544,False,0.5672759695040924,False
89.48294838518952,24.360048174143817,0.7530915144305819,1.720955869997685,True,-0.7593369387627661,False,0.629993311376507,True
89.53294838518953,24.360048174143817,0.778321456423424,1.762870770271029,False,-0.4117288493340451,False,0.5519658812565501,True
89.58294838518952,24.360048174143817,0.7408218446933766,1.0878895450276718,False,-0.03850526417366515,False,0.4500082202234186,False
89.63294838518952,24.360048174143817,0.5828294290024051,0.705918411668736,False,-0.10975780121553513,False,0.3182366002845458,False
89.68294838518952,24.360048174143817,0.5388025032714374,0.14940391771132722,False,-0.5007235887051231,False,0.21172707266384266,False
89.73294838518952,24.360048174143817,0.6541376203055462,-0.2557590920904725,False,-1.202245505191001,False,0.2746932437522389,False
89.83294838518952,24.360048174143817,0.7555922178234655,-0.4173614105357522,False,-1.9369122280018292,True,0.11732030015786979,False
89.88294838518952,24.360048174143817,0.7009379255094851,-0.21673769621567462,False,-1.680125407014739,True,0.031426178725133945,False
89.93294838518952,24.360048174143817,0.5122642595246529,0.15845714533673694,False,-1.1181846099801822,False,0.036544591359376516,False
89.98294838518952,24.360048174143817,0.47886742255703196,0.7291230411926455,False,-0.6316589253016937,False,-0.055573826161173345,False
90.03294838518953,24.360048174143817,0.6356223303970415,1.2821565435790299,False,-0.6452489629806621,False,-0.1635095000877186,False
90.08294838518952,24.360048174143817,0.7006779433906807,1.5989441978604553,False,-0.28138979480776527,False,-0.2104213902326071,False
90.13294838518952,24.360048174143817,0.5887566348141358,1.7751139201807529,False,0.12857739873864862,False,-0.22115553968639176,False
90.18294838518952,24.360048174143817,0.19608706824900074,1.4401763425654694,False,0.5965588228148984,False,-0.2682670972537905,False
90.23294838518952,24.360048174143817,0.4012322853365733,0.3766921745807056,False,0.7962235030185829,False,-0.4098721840040538,False
90.28294838518951,24.360048174143817,0.652779188890879,-0.6281278785862769,False,0.31871758016587914,False,-0.5745196435730007,False
90.33294838518952,24.360048174143817,0.7143795894099569,0.1404769693502635,False,-0.08270832513561092,False,-0.7307796086972238,True
90.38294838518952,24.360048174143817,0.7205408332024392,0.664858165826312,False,-0.8995686348741527,False,-0.5157282878603673,False
90.43294838518952,24.360048174143817,0.713431429334115,0.9322313925553536,False,-2.036696597265282,True,-0.07591204774809429,False
90.48294838518952,24.360048174143817,0.7453097562515388,0.9790122892941873,True,-2.645614815185294,True,0.07161368877189608,False
90.53294838518951,24.360048174143817,0.826678776698254,0.934247710528666,True,-2.7659540511655254,True,-0.009622456575745952,False
90.58294838518952,24.360048174143817,0.8646065753221892,0.907048277813375,True,-2.746603272696868,True,0.027297439838433482,False
90.63294838518952,24.360048174143817,0.8316004121137386,0.8725127881165684,False,-2.7120326015950766,True,0.0766696483722069,False
90.68294838518952,24.360048174143817,0.778494518200155,0.7628564470052188,False,-2.695616673572284,True,0.07451780233523844,False
90.73294838518952,24.360048174143817,0.7758072031098668,0.5308590199465688,False,-2.63414170582834,True,0.09575160893049856,False
90.78294838518951,24.360048174143817,0.784811993158097,0.4503862356207878,False,-2.470329754336764,True,0.1164456626068087,False
90.83294838518952,24.360048174143817,0.7805948513942835,0.4214155292735571,False,-2.0785877562981625,True,0.10674578660752493,False
90.88294838518952,24.360048174143817,0.7522853058785611,0.2997575897195087,False,-1.6317693945568263,False,0.05983979176099799,False
90.93294838518952,24.360048174143817,0.6857935065115502,0.28110817058211957,False,-1.0496298324830238,False,-0.028101214158107957,False
90.98294838518952,24.360048174143817,0.6286073142268711,0.5369691388213556,False,-0.04762562367380219,False,-0.12802875546425868,False
91.03294838518951,24.360048174143817,0.6177426416906462,0.7663790741599369,False,0.33866115313740974,False,-0.038895672452871205,False
91.08294838518952,24.360048174143817,0.5514662032315165,0.7894906198372658,False,-0.08430274181878164,False,0.15741995972376904,False
91.13294838518952,24.360048174143817,0.45313586390885946,0.5657828473514901,False,-0.17843800571395654,False,0.2678807417627505,False
91.18294838518952,24.360048174143817,0.48814600037841377,0.4144065126032558,False,-0.223797606005574,False,0.3037566096520659,False
91.23294838518952,24.360048174143817,0.5776167973856858,0.2884521000482885,False,-0.3183321574963373,False,0.23395355211297075,False
91.28294838518951,24.360048174143817,0.651272166095777,-0.17457298628404347,False,-0.5002844618093317,False,0.10052825326790946,False
91.33294838518952,24.360048174143817,0.6652045739570537,-0.8213601517597617,False,-0.7425260864928385,True,-0.0018952184185143939,False
91.38294838518952,24.360048174143817,0.6381027125262324,-0.8254610694938326,False,-0.9262851006740769,True,-0.07108149831697888,False
91.43294838518952,24.360048174143817,0.6781646536810447,0.3558437795471448,False,-1.128977155652127,True,0.037077968785798415,False
91.48294838518952,24.360048174143817,0.7392650273851086,2.0583757965925624,True,-1.03899883420304,False,0.025902640792432707,False
91.53294838518951,24.360048174143817,0.7127109337402903,3.1022068861307925,True,-1.0312019657151374,True,-0.14966913579621421,False
91.58294838518952,24.360048174143817,0.6230437881475821,3.5317724169985376,True,-1.2724509353823805,True,-0.1522336612119431,False
91.63294838518952,24.360048174143817,0.531071038458183,3.2806168362253025,True,-1.3773574009163658,True,-0.056400443200169126,False
91.68294838518952,24.360048174143817,0.5118571394597697,2.667908007978001,False,-1.224709348319557,True,0.12410537697710547,False
91.73294838518952,24.360048174143817,0.5754656991336548,2.390662194777913,False,-0.9127101243542822,False,0.4087634700841831,False
91.78294838518951,24.360048174143817,0.6554351824693817,2.1876215325525568,True,-0.5129016265398376,False,0.5361501766773102,False
91.83294838518952,24.360048174143817,0.694448475219325,1.8573723794720032,True,-0.08350504530007273,False,0.34855524159038387,False
91.88294838518952,24.360048174143817,0.6592840510079884,1.6277061663661074,False,0.04827714249855769,False,0.14959822488073704,False
91.93294838518952,24.360048174143817,0.4696890162792083,1.4718109879134786,False,-0.06962722816172492,False,0.05443610381114406,False
91.98294838518952,24.360048174143817,0.13828683594294625,1.3943786566324494,False,-0.1368931638794455,False,0.04973290350827996,False
88.58294838518952,24.310048174143816,0.48492827718756354,-2.4293258144118095,True,-0.29060807552190215,False,-0.1871092641741747,False
88.63294838518952,24.310048174143816,0.5216653601295137,-1.9227733858911078,False,-0.17856875183627047,False,-0.4874272842181614,False
88.68294838518952,24.310048174143816,0.5685217748285697,-1.3839827939970557,False,-0.06981203129778651,False,-0.6630134622763975,True
88.73294838518952,24.310048174143816,0.5913253276050102,-0.6966468728442667,False,0.04821409697328345,False,-0.7188015258171484,True
88.78294838518953,24.310048174143816,0.5853091317067229,0.2163596300164383,False,0.25251238870050574,False,-0.6789764546053788,True
88.83294838518952,24.310048174143816,0.5248619262049282,0.8189283873894087,False,0.47406354355622127,False,-0.5789795238725208,True
88.88294838518952,24.310048174143816,0.41190851535414214,0.5671076882072927,False,0.33116513362241357,False,-0.488575616733896,True
88.93294838518952,24.310048174143816,0.31133794441462076,-0.24626474339695065,False,-0.08363576730339445,False,-0.48728742377925993,True
88.98294838518952,24.310048174143816,0.5130877182474753,-1.2966049972832299,False,-0.4781814998434253,False,-0.5752299913926628,True
89.03294838518953,24.310048174143816,0.6570486179797371,-2.190606723071004,True,-0.9093538722372319,False,-0.6486748378720155,True
89.08294838518952,24.310048174143816,0.6866005025763379,-2.213417439174975,False,-1.620181216776875,True,-0.5228030846498741,False
89.13294838518952,24.310048174143816,0.688448167374592,-0.8067074296220398,False,-2.5272537448467616,True,-0.21042017421909037,False
89.18294838518952,24.310048174143816,0.6962102637417817,0.18591860623096435,False,-3.097335763560669,True,-0.08027078108400493,False
89.23294838518952,24.310048174143816,0.7449446195041434,0.22654967286834526,False,-3.471029791856744,True,-0.2197658431456146,False
89.28294838518953,24.310048174143816,0.8412572561431015,0.14657400558813521,False,-3.8534275404151255,True,-0.3304488434224835,False
89.33294838518952,24.310048174143816,0.8772683716814581,-0.06839541475690811,False,-3.9300433021524324,True,-0.2774996078751212,False
89.38294838518952,24.310048174143816,0.8455047940861811,-0.12302873702646314,False,-3.4911310316253674,True,-0.05146617216295563,False
89.43294838518952,24.310048174143816,0.8015508884209825,0.8146942589808691,False,-2.0624821466659236,False,0.3262283502146288,False
89.48294838518952,24.310048174143816,0.7831586697720385,1.6907751818285455,False,-0.6041407841728894,False,0.4081517956513304,False
89.53294838518953,24.310048174143816,0.7671254866091975,1.3845230708926686,False,-0.048521404371741295,False,0.32628731697372215,False
89.58294838518952,24.310048174143816,0.6769388768683497,0.8130594326061341,False,-0.002831404764373713,False,0.29570371784315136,False
89.63294838518952,24.310048174143816,0.45091632122099695,0.5145990385769117,False,-0.12142852003417659,False,0.22617946397565714,False
89.68294838518952,24.310048174143816,0.4677531494561357,0.14603001855105574,False,-0.42189745089340847,False,0.168589819018688,False
89.73294838518952,24.310048174143816,0.631908768728633,-0.2074396183638209,False,-1.0286359424403098,False,0.23906732411936146,False
89.83294838518952,24.310048174143816,0.7670887709596406,-0.3661467146570717,False,-1.6973869915716717,True,0.1276766627130197,False
89.88294838518952,24.310048174143816,0.7315972025824423,-0.0687159370008959,False,-1.3790415073329114,False,0.03790881410718651,False
89.93294838518952,24.310048174143816,0.5962502469196899,0.2731888413422505,False,-1.0112548435276127,False,0.009174885138131505,False
89.98294838518952,24.310048174143816,0.5322102552468573,0.7356786415785511,False,-0.7571948029083014,False,-0.10328881317496721,False
90.03294838518953,24.310048174143816,0.6094297958541759,1.3077876709215646,False,-0.8362051048411605,False,-0.21229645380297935,False
90.08294838518952,24.310048174143816,0.6611262702129892,1.5112515937723763,False,-0.5263764902530064,False,-0.24723750194452715,False
90.13294838518952,24.310048174143816,0.5681457089845302,1.5164940211830222,False,-0.10050481301328923,False,-0.2229071632922615,False
90.18294838518952,24.310048174143816,0.06341620064007322,1.263620429675116,False,0.6110113368986211,False,-0.22896987185047848,False
90.23294838518952,24.310048174143816,-0.05848789693890008,0.475218141215462,False,1.0305654221673035,False,-0.2917848098501622,False
90.28294838518951,24.310048174143816,0.4688081369399355,-0.5459622348175466,False,0.6938177052665186,False,-0.4311577115336901,False
90.33294838518952,24.310048174143816,0.6603990572081487,-0.4035770340127437,False,0.23722609885316082,False,-0.6062944300761146,False
90.38294838518952,24.310048174143816,0.738506192819691,-0.08055165329827813,False,-0.48004438767942414,False,-0.6200080093055351,True
90.43294838518952,24.310048174143816,0.7851114494899292,0.3069806031850379,False,-1.653857816099626,True,-0.3452195546584897,False
90.48294838518952,24.310048174143816,0.829148525819874,0.7548702987159641,False,-2.6099573325008256,True,-0.08302493699289107,False
90.53294838518951,24.310048174143816,0.8671835661914803,0.9409499006841906,True,-2.9073443106126424,True,-0.06961564699290901,False
90.58294838518952,24.310048174143816,0.8680040423718204,0.9796416261902026,True,-3.0143393073346885,True,-0.06793455485789246,False
90.63294838518952,24.310048174143816,0.8346982564305935,1.0328519428630651,True,-2.914136970199607,True,0.005381914558655672,False
90.68294838518952,24.310048174143816,0.7964362367160438,0.9472163051552007,False,-2.6899353432689637,True,0.01972210893651985,False
90.73294838518952,24.310048174143816,0.7973934200982653,0.47574359993297555,False,-2.3879248349474955,True,-0.03753862652674714,False
90.78294838518951,24.310048174143816,0.8224166214338037,0.11357963908299337,False,-2.1662575808703357,True,-0.04343426688418976,False
90.83294838518952,24.310048174143816,0.8245635760427179,-0.17215949611744247,False,-2.0724899144319386,True,0.020099040034339058,False
90.88294838518952,24.310048174143816,0.7767222616459644,-0.4246108996553066,False,-1.9522034216030084,True,0.07088267063639915,False
90.93294838518952,24.310048174143816,0.6584766338190259,-0.528338790451805,False,-1.5920031062253692,False,0.035832354005830284,False
90.98294838518952,24.310048174143816,0.532375164076361,-0.20811488232388156,False,-0.6405313665393418,False,-0.08954054920221953,False
91.03294838518951,24.310048174143816,0.46859577859289214,0.2965363481366022,False,0.25272756709823446,False,-0.050637732445999804,False
91.08294838518952,24.310048174143816,0.37108014680218193,0.42444087929368934,False,0.16073714014941315,False,0.12995708786239904,False
91.13294838518952,24.310048174143816,0.3236240810105549,0.38995514306716605,False,-0.05029092295426334,False,0.2409971949679468,False
91.18294838518952,24.310048174143816,0.4274811664570882,0.3653180609420441,False,-0.22338667955519062,False,0.3155739417585612,False
91.23294838518952,24.310048174143816,0.5670087136372658,0.35871707962479676,False,-0.3797271342829356,False,0.3253031582360637,False
91.28294838518951,24.310048174143816,0.6903839027647366,0.2803745953748036,False,-0.5363614541168928,True,0.19603078263192175,False
91.33294838518952,24.310048174143816,0.7470011758678705,0.12324546687642764,False,-0.6907221838353983,True,0.024344171474805498,False
91.38294838518952,24.310048174143816,0.7320281478659155,0.10644817158409117,False,-0.7653156904433503,True,-0.0723236044965751,False
91.43294838518952,24.310048174143816,0.733209588928425,0.7016420775652281,False,-0.6173827860281718,False,0.1266371890627549,False
91.48294838518952,24.310048174143816,0.7515166385000986,1.17557700275214,False,-0.07175582066299208,False,0.29730984392530063,False
91.53294838518951,24.310048174143816,0.7157384868631164,1.6091773376615062,False,-0.1663421216894415,False,0.43095524046924677,False
91.58294838518952,24.310048174143816,0.6318145540769385,1.9669638248696177,True,-0.5684915079016865,False,0.39288218079736836,False
91.63294838518952,24.310048174143816,0.5692754157439549,2.129693568032405,True,-0.885599530415491,False,0.2853548974006868,False
91.68294838518952,24.310048174143816,0.5831906978604594,2.165105433670247,False,-0.9035425135644555,False,0.3516574538766595,False
91.73294838518952,24.310048174143816,0.6290014483885863,2.7370576368923714,False,-0.7661822443510165,False,0.5001049972014739,False
91.78294838518951,24.310048174143816,0.6830893963862142,2.5545349674418985,True,-0.31159174035836074,False,0.5496944185615802,True
91.83294838518952,24.310048174143816,0.7129255474697384,2.055203032175822,True,0.0007201611427047477,False,0.41944066160216686,False
91.88294838518952,24.310048174143816,0.7098293309085104,1.825974340349602,False,0.05476144097133548,False,0.2724842486029735,False
91.93294838518952,24.310048174143816,0.603589191385044,1.6128721408931797,False,-0.016009741604155248,False,0.12738972997136178,False
88.78294838518953,24.26004817414381,0.4393942086294279,-1.0534515071895227,False,-0.04057073874876593,False,-0.2875138346238096,False
88.83294838518952,24.26004817414381,0.32531023657367647,-0.607872166982826,False,0.014359227235921241,False,-0.2047658390446272,False
88.88294838518952,24.26004817414381,0.21765482425758642,-0.29670153587113335,False,0.05597108628926808,False,-0.19472549832993594,False
88.93294838518952,24.26004817414381,0.1812215171196651,-0.02498146476489671,False,0.11099968143196706,False,-0.32373848618429857,False
88.98294838518952,24.26004817414381,0.3556213011778482,0.021574383521064028,False,0.15665561913615708,False,-0.6112610449895274,False
89.03294838518953,24.26004817414381,0.5806791277100914,-0.026062848573160158,False,0.049982578895809454,False,-0.8146060751804658,True
89.08294838518952,24.26004817414381,0.6602721569159126,-0.13558359027951283,False,-0.7480075335355927,False,-0.5138717164440773,False
89.13294838518952,24.26004817414381,0.6627373199797255,0.30119669399168325,False,-2.106680645953109,True,-0.10206166867917407,False
89.18294838518952,24.26004817414381,0.6500572434382568,0.3871681307589421,False,-2.9441083668804655,True,-0.037544156098183956,False
89.23294838518952,24.26004817414381,0.6681604195207096,0.48787417703277,False,-3.60305579007908,True,-0.1932841249287559,False
89.28294838518953,24.26004817414381,0.7606172431492214,0.6081333168679955,False,-3.84344574337487,True,-0.35140515701003366,False
89.33294838518952,24.26004817414381,0.8263203262270586,0.6123473217482822,False,-3.6679157233847404,True,-0.37290345901964483,False
89.38294838518952,24.26004817414381,0.8211697080343584,0.6979894201147938,False,-3.36181805306476,True,-0.24431659478985585,False
89.43294838518952,24.26004817414381,0.7728603447308393,1.1519528067987854,False,-2.602233347798905,False,0.033271677052463755,False
89.48294838518952,24.26004817414381,0.7182219635753249,1.1944758352074372,False,-1.3017742375180603,False,0.1469207146152063,False
89.53294838518953,24.26004817414381,0.6376273505843766,0.6574094492432384,False,-0.37832718829236006,False,0.1677876485335999,False
89.58294838518952,24.26004817414381,0.5170767669261276,0.22051417204966275,False,-0.3663256297342698,False,0.20824702445444124,False
89.63294838518952,24.26004817414381,0.4607258916517753,0.22760271093099524,False,-0.39832187440466116,False,0.1947194953554201,False
89.68294838518952,24.26004817414381,0.5044644970607539,0.18137085033344003,False,-0.467587927305095,False,0.17518967565191212,False
89.73294838518952,24.26004817414381,0.5839966976357898,0.04411989672686479,False,-0.6995284484289727,False,0.19280163815236617,False
89.83294838518952,24.26004817414381,0.7787771361682615,-0.07394858461224257,False,-1.1900622201846673,False,0.10408936754249501,False
89.88294838518952,24.26004817414381,0.7827349995210222,0.06534329348401358,False,-1.1068505171123402,False,0.038078463225536055,False
89.93294838518952,24.26004817414381,0.6990985659751421,0.22124266002710508,False,-1.0465096815120092,False,-0.029096326482500084,False
89.98294838518952,24.26004817414381,0.5203600078675293,0.6773835210117463,False,-0.9987070342919362,False,-0.15102572542422452,False
90.03294838518953,24.26004817414381,0.5295984972587588,1.2032078040254337,False,-0.8853506803137994,False,-0.3006909551000972,False
90.08294838518952,24.26004817414381,0.5849596703243429,1.3859039122072516,False,-0.38174822247289336,False,-0.3477274587725271,False
90.13294838518952,24.26004817414381,0.530766474648329,1.3426183142691601,False,0.447053073385908,False,-0.3620259324935331,False
90.18294838518952,24.26004817414381,0.340145485872271,0.8882445835581243,False,0.6152506524319286,False,-0.22806366193076805,False
90.23294838518952,24.26004817414381,0.2875796092916713,0.27728395025304764,False,0.5747414415958896,False,0.01866391349200995,False
90.28294838518951,24.26004817414381,0.4202313634276736,-0.04541929378205417,False,0.559999450309923,False,-0.040700021034600076,False
90.33294838518952,24.26004817414381,0.5374433007420206,0.1649398620562118,False,0.43925956245337205,False,-0.28995139114832974,False
90.38294838518952,24.26004817414381,0.6691930929568165,0.0064776073976336584,False,-0.07247910041439269,False,-0.5115192861521755,False
90.43294838518952,24.26004817414381,0.7835583263595508,0.1487506669393291,False,-0.9808717480777611,False,-0.5216240926210095,False
90.48294838518952,24.26004817414381,0.8486726276923665,0.5547117930033677,False,-2.131125353947935,True,-0.24557911623545456,False
90.53294838518951,24.26004817414381,0.8566281769323333,0.8821601076840733,True,-2.762723188373876,True,-0.060879491275803124,False
90.58294838518952,24.26004817414381,0.8354061891801031,0.9615928349071563,False,-2.904816972507054,True,-0.015913573273994664,False
90.63294838518952,24.26004817414381,0.8007501022360416,1.0621910366841223,False,-2.5082643110176095,True,0.028684331216494004,False
90.68294838518952,24.26004817414381,0.7614429950534294,0.8785502646761776,False,-1.9895961688451806,True,0.012552363085463782,False
90.73294838518952,24.26004817414381,0.7520327075764633,0.32121557165790515,False,-1.8242083293661586,True,-0.11636595483834332,False
90.78294838518951,24.26004817414381,0.8065864821063683,0.008116790734123774,False,-1.9201085014640074,True,-0.12208299863448095,False
90.83294838518952,24.26004817414381,0.833139131677593,-0.2718202380646924,False,-2.1567627462093775,True,0.0055379478621233255,False
90.88294838518952,24.26004817414381,0.8033093088536446,-0.5711082781008605,False,-2.2872926580412103,True,0.13879516754411086,False
90.93294838518952,24.26004817414381,0.6976344701719492,-0.7257993247832115,False,-2.1335431319260003,True,0.178917600437495,False
90.98294838518952,24.26004817414381,0.5036728054128532,-0.5269344581137625,False,-1.3469467966118138,False,0.057888996509188904,False
91.03294838518951,24.26004817414381,0.2587868151115738,-0.13261409042113279,False,-0.15144248707564864,False,-0.042274263482244646,False
91.08294838518952,24.26004817414381,0.14947847050146104,0.08481764086966805,False,0.06371475670880684,False,0.027909218953773282,False
91.13294838518952,24.26004817414381,0.2646801620868831,0.2736484423914663,False,-0.06888096742565426,False,0.10244082106477012,False
91.18294838518952,24.26004817414381,0.45088388829034337,0.37219110056227567,False,-0.25314793435002125,False,0.23719583960529006,False
91.23294838518952,24.26004817414381,0.6005493098827607,0.5723621188303663,False,-0.3761328532986373,False,0.31349284304395114,False
91.28294838518951,24.26004817414381,0.7058768546864417,1.0785911065236478,True,-0.3924551694649706,False,0.19749663916910948,False
91.33294838518952,24.26004817414381,0.7594304322865488,1.462980820943515,True,-0.44527710948064525,False,0.16764307557586905,False
91.38294838518952,24.26004817414381,0.7666031861619164,1.288415603173405,False,-0.2693883408268031,False,0.2322587757458294,False
91.43294838518952,24.26004817414381,0.766895153826575,0.7325108530793913,False,0.3341927016213256,False,0.3077312445511391,False
91.48294838518952,24.26004817414381,0.769848017983392,0.7718777685672135,False,0.6721036939647227,False,0.2625628695130344,False
91.53294838518951,24.26004817414381,0.7316959383018801,1.1641895589160662,False,0.47096932933941715,False,0.27097880654806233,False
91.58294838518952,24.26004817414381,0.6688130404573811,1.404650920978832,False,-0.05061191699035361,False,0.4343329888732677,False
91.63294838518952,24.26004817414381,0.622375599984366,1.552119417381895,False,-0.38956314535057,False,0.3954689570787798,False
91.68294838518952,24.26004817414381,0.6160787929376711,1.657636291937317,False,-0.6026811867352481,False,0.43589042125355465,False
91.73294838518952,24.26004817414381,0.644148320267774,2.089707294574198,False,-0.49058261361244276,False,0.49546863296557997,False
91.78294838518951,24.26004817414381,0.6699212829752732,2.33413993992303,False,-0.1645895558841561,False,0.43809318158389354,False
91.83294838518952,24.26004817414381,0.6898393859342093,2.122893956824014,False,0.0010569403750611411,False,0.3880988472635973,False
91.88294838518952,24.26004817414381,0.6982867293976176,1.91644302617123,False,0.056004306026882805,False,0.30110509760969256,False
91.93294838518952,24.26004817414381,0.6433030350789002,1.745788619101467,False,0.00452307121768436,False,0.19879155114962757,False
88.78294838518953,24.21004817414381,0.47671595009390966,-1.3259490435226278,False,-0.06333155419804819,False,0.05236832637848021,False
88.83294838518952,24.21004817414381,0.41816996093218595,-1.0354394996159408,False,-0.0043067641955465835,False,0.14682218717517997,False
88.88294838518952,24.21004817414381,0.3488145640276815,-0.5790042199237263,False,0.026861779026222245,False,0.20032821650056365,False
88.93294838518952,24.21004817414381,0.30120683481166993,-0.12138411473102179,False,0.053831552840786986,False,0.09114584120956805,False
88.98294838518952,24.21004817414381,0.3136319418912941,0.3516060089153693,False,0.07379899603810759,False,-0.2656927904883247,False
89.03294838518953,24.21004817414381,0.48653346932808855,0.5587028198917753,False,-0.0025921659323631663,False,-0.5141363392186759,False
89.08294838518952,24.21004817414381,0.6303800391757239,1.2115335961437323,False,-0.8138383000154048,False,-0.3122044297102076,False
89.13294838518952,24.21004817414381,0.6528807828523493,2.099069793973638,False,-2.0699736963060897,True,-0.03423312190638103,False
89.18294838518952,24.21004817414381,0.6242204409682672,1.3479656688909283,False,-2.670730872293684,True,-0.03417586855435794,False
89.23294838518952,24.21004817414381,0.5994469415605549,0.8544023191810379,False,-3.294349880516773,True,-0.19714752398918228,False
89.28294838518953,24.21004817414381,0.62399898320002,0.9046420709077158,False,-3.582319714709647,True,-0.38774355483429934,False
89.33294838518952,24.21004817414381,0.6768037780291376,0.8313339391445991,False,-2.754080830850075,True,-0.4017604864466046,False
89.38294838518952,24.21004817414381,0.6981091018920322,0.9087134186636678,False,-2.1399833838458258,True,-0.3201128142083486,False
89.43294838518952,24.21004817414381,0.6558415281424994,1.0312444720876521,False,-1.9639019647887745,False,-0.08985143260186806,False
89.48294838518952,24.21004817414381,0.5762430416684048,0.5975929517350247,False,-1.6131502763259769,False,0.03397237296750938,False
89.53294838518953,24.21004817414381,0.4706768793725001,-0.09938697630980994,False,-0.7210204283156637,False,0.12902362989341587,False
89.58294838518952,24.21004817414381,0.4431288030424847,-0.03515408193394911,False,-0.5123283455642544,False,0.16753503625333185,False
89.63294838518952,24.21004817414381,0.5164330427878906,0.1669437757855842,False,-0.45874249865123656,False,0.16983566820197202,False
89.68294838518952,24.21004817414381,0.5332579233482035,0.22586801907278134,False,-0.4778088197023312,False,0.1713214754605385,False
89.78294838518953,24.21004817414381,0.628763350807747,0.1481921875270069,False,-0.7097228388937901,False,0.11959022995174273,False
89.83294838518952,24.21004817414381,0.7334793207154525,0.20276519669672322,False,-0.7493310168762857,False,0.05488576102801831,False
89.88294838518952,24.21004817414381,0.7779263929828609,0.3380616740315791,False,-0.7031069890226677,False,0.014220276129469312,False
89.93294838518952,24.21004817414381,0.7176414898042432,0.3550442013687932,False,-0.8270432204454824,False,-0.0824994316279831,False
89.98294838518952,24.21004817414381,0.5301030249849404,0.5726900711457554,False,-1.0007176944321678,False,-0.2021222164305846,False
90.03294838518953,24.21004817414381,0.4737919661928589,0.5497015124657229,False,-0.2219803206036065,False,-0.18600361446476488,False
90.08294838518952,24.21004817414381,0.5609384587439007,1.1295416153557738,False,1.1598282091328886,False,-0.2698827253497894,False
90.13294838518952,24.21004817414381,0.6005222447514434,1.3059379723944136,False,2.270397584287159,True,-0.3222676097816457,False
90.18294838518952,24.21004817414381,0.6558130049932561,0.9646398315985025,False,1.7710320658774212,False,0.04669943559579631,False
90.23294838518952,24.21004817414381,0.7016000117227109,0.6903385245561506,False,0.6277896329041465,False,0.5748605556766678,False
90.28294838518951,24.21004817414381,0.7031228458092265,1.0234320261594312,False,0.16435568536720357,False,0.7869669071125054,True
90.33294838518952,24.21004817414381,0.6638386293573947,1.1696575508681213,False,0.2152438778663239,False,0.47746128540004784,False
90.38294838518952,24.21004817414381,0.625117947613734,0.5756681651929292,False,-0.0723233369762287,False,0.04762178572472995,False
90.43294838518952,24.21004817414381,0.6595458182804647,0.25796086181883837,False,-0.7196207640527906,False,-0.24988810182812865,False
90.48294838518952,24.21004817414381,0.736006092425849,0.3802205511326658,False,-1.7509915361961323,True,-0.1461077578556811,False
90.53294838518951,24.21004817414381,0.7674926671679347,0.7967521695600537,False,-2.533130173763685,True,0.075383530320611,False
90.58294838518952,24.21004817414381,0.7505919729344939,1.1870646971292431,False,-2.25079383536797,True,0.10613264574385158,False
90.63294838518952,24.21004817414381,0.7020528223230149,1.4070434552274431,False,-1.54169614936069,True,0.1544918120190118,False
90.68294838518952,24.21004817414381,0.6163566301108117,0.7973753041101823,False,-0.9867918958046038,False,0.1257668920077494,False
90.73294838518952,24.21004817414381,0.5545428092090746,0.33029197680391265,False,-0.9227836182973777,False,0.005696733702485029,False
90.78294838518951,24.21004817414381,0.6715542759287384,0.18499638402960494,False,-1.2941527208997958,False,-0.056709629620401214,False
90.83294838518952,24.21004817414381,0.7790823956699129,0.16867704878713044,False,-1.8739566420348006,True,0.01707699580297181,False
90.88294838518952,24.21004817414381,0.7932738366826103,-0.016936067387818804,False,-2.1910178445769777,True,0.17282055358223064,False
90.93294838518952,24.21004817414381,0.7360041333764367,-0.25473884221597676,False,-2.154960671071578,True,0.31414381569595784,False
90.98294838518952,24.21004817414381,0.5792639928345068,-0.22014753825456962,False,-1.4808210247707874,True,0.2758766069818608,False
91.03294838518951,24.21004817414381,0.2747821523890202,-0.10384503550557472,False,-0.4138057584075413,False,0.047717354064948245,False
91.08294838518952,24.21004817414381,0.10765783272401368,-0.11645476475800268,False,-0.2131899600748821,False,-0.04202618638820377,False
91.13294838518952,24.21004817414381,0.3160583687982755,0.11622616649417483,False,-0.25618160166294673,False,0.025593953167024647,False
91.18294838518952,24.21004817414381,0.522604085699669,0.47790776722008826,False,-0.30291213697771524,False,0.1840046614587251,False
91.23294838518952,24.21004817414381,0.6594426420828158,1.1574626276983906,True,-0.21087645962534826,False,0.2554742485025994,False
91.28294838518951,24.21004817414381,0.7268943018760627,1.7769335855650228,True,-0.16535358392798685,False,0.2201117266182281,False
91.33294838518952,24.21004817414381,0.7511461679088108,1.9148914726448925,True,-0.14400470567383056,False,0.2332697042399876,False
91.38294838518952,24.21004817414381,0.767493002812898,1.4228558198695205,False,0.09906848807834537,False,0.2610506087735725,False
91.43294838518952,24.21004817414381,0.7846370388688053,1.1124257764435161,False,0.3132551923535378,False,0.2453667544218931,False
91.48294838518952,24.21004817414381,0.7931267728497353,1.1503595934959137,False,0.4577367215654332,False,0.18122734599230741,False
91.53294838518951,24.21004817414381,0.76260019826931,1.341600796645948,False,0.44764670684586705,False,0.12827235887104182,False
91.58294838518952,24.21004817414381,0.6958540662842191,1.3502391926962107,False,0.25196088988436777,False,0.16435379689710508,False
91.63294838518952,24.21004817414381,0.6498669371638857,1.3464310100885344,False,0.007221973788684027,False,0.21033376608577367,False
91.68294838518952,24.21004817414381,0.6308998706948925,1.3174714777417251,False,-0.11420820786703789,False,0.2607481896766197,False
91.73294838518952,24.21004817414381,0.6286534006440125,1.2880985354847727,False,-0.06766944091779875,False,0.2945241460855445,False
91.83294838518952,24.21004817414381,0.6503494238673533,1.8338473163967828,False,0.03801914486107827,False,0.2929075875835414,False
91.88294838518952,24.21004817414381,0.6574037714248113,1.8683504443568024,False,0.054294783721256235,False,0.2761168661041961,False
88.73294838518952,24.16004817414381,0.6116480614977562,-1.415173891633091,False,-0.06350567011344846,False,0.1986253842302073,False
88.78294838518953,24.16004817414381,0.6108393782661049,-1.2096746976328505,False,-0.018264688972833037,False,0.26625868721699797,False
88.83294838518952,24.16004817414381,0.5667117514534395,-1.1338039998552527,False,0.02479918445332139,False,0.28592424274933553,False
88.88294838518952,24.16004817414381,0.4919535001227978,-0.7512361762685922,False,0.04375020371536222,False,0.304241624420776,False
88.93294838518952,24.16004817414381,0.41034695076339944,-0.09552954092332352,False,-0.017516116049746663,False,0.2575207427809947,False
88.98294838518952,24.16004817414381,0.3828115432752179,0.7855812414436032,False,-0.18702768255209073,False,0.08084558639257217,False
89.03294838518953,24.16004817414381,0.49685383777066117,1.578748613941871,False,-0.6482652715700877,False,0.0007997697845145146,False
89.08294838518952,24.16004817414381,0.601519640391137,2.6258718683915663,False,-1.6255674701786285,True,0.0788023095439748,False
89.13294838518952,24.16004817414381,0.6062197825662881,2.6248224399750377,False,-2.1600234384395405,True,0.05178924110017852,False
89.18294838518952,24.16004817414381,0.5643958273979793,1.5742671999768274,False,-2.1594439901039646,True,-0.05932863584023835,False
89.23294838518952,24.16004817414381,0.5127082327756199,1.0544675976390705,False,-2.06046022735131,True,-0.16490512282832118,False
89.28294838518953,24.16004817414381,0.4937291621734913,1.0970300086503917,False,-1.788540391165261,True,-0.24252085951884886,False
89.33294838518952,24.16004817414381,0.5116779218253007,1.0631243183121564,False,-1.5646350416846748,True,-0.2557834571907015,False
89.38294838518952,24.16004817414381,0.5474206224793289,0.8099589220168819,False,-1.4648686678108955,False,-0.2167553496343279,False
89.43294838518952,24.16004817414381,0.5585338665950806,0.5090483274819079,False,-1.4984341986447778,False,-0.027981013309419184,False
89.48294838518952,24.16004817414381,0.512707468169482,-0.056969622223760896,False,-1.2242419458246014,False,0.08503449598794469,False
89.53294838518953,24.16004817414381,0.4187272241334934,-0.5344634144894667,False,-0.6047650310635819,False,0.20188930735183966,False
89.58294838518952,24.16004817414381,0.45271445671403476,-0.1394540204618275,False,-0.5217280434647524,False,0.16540696365974764,False
89.63294838518952,24.16004817414381,0.5177582623813974,0.13828346609367304,False,-0.49328649286556436,False,0.1339639935779499,False
89.68294838518952,24.16004817414381,0.5083473246978275,0.22194002832682763,False,-0.5164953437997927,False,0.14196463635992318,False
89.73294838518952,24.16004817414381,0.48339911681297343,0.25926734660549117,False,-0.5649344687449367,False,0.12739790460123374,False
89.78294838518953,24.16004817414381,0.5324499944280484,0.279364605336492,False,-0.5497306626225587,False,0.06970509917068532,False
89.83294838518952,24.16004817414381,0.6398291554819396,0.32141356252024333,False,-0.5163580379476395,False,0.017163719487861037,False
89.88294838518952,24.16004817414381,0.7180375318752101,0.4590607315902179,False,-0.4417200701704507,False,-0.008512945000879412,False
89.93294838518952,24.16004817414381,0.6731150435355095,0.7591000945984336,False,-0.29737005446934367,False,-0.06958975818506782,False
89.98294838518952,24.16004817414381,0.575739249820389,0.366229254213176,False,-0.4584686366727601,False,-0.13530598317163522,False
90.03294838518953,24.16004817414381,0.5195692837380035,-0.13144766275250735,False,0.6958563850708176,False,-0.16541083170888862,False
90.08294838518952,24.16004817414381,0.5531679293966907,0.5568178622206544,False,1.9462011041987284,True,-0.2010331924246002,False
90.13294838518952,24.16004817414381,0.6393743903386977,0.7172351295047504,False,1.9177400323462317,True,0.05880287739881074,False
90.18294838518952,24.16004817414381,0.7140954432812702,0.8024629688068408,False,1.3230549115086907,True,0.6061928508489249,False
90.23294838518952,24.16004817414381,0.7469335567159358,1.5008409790052544,False,0.5681388303040714,False,1.0472717011087922,True
90.28294838518951,24.16004817414381,0.751747667390639,2.4714091264835902,True,0.1977253742474165,False,1.1639007677363815,True
90.33294838518952,24.16004817414381,0.7348596532548566,2.0893009499288535,True,0.13182215878849188,False,1.0162986791529076,True
90.38294838518952,24.16004817414381,0.6914421997866955,1.3136127566394291,True,-0.004931193365413422,False,0.6866763247481599,False
90.43294838518952,24.16004817414381,0.6177356374273362,0.6287423629286636,False,-0.43429601412677277,False,0.3812555538771985,False
90.48294838518952,24.16004817414381,0.5820052842075555,0.2925405156444357,False,-1.212867052620302,False,0.32418147997090474,False
90.53294838518951,24.16004817414381,0.6226112484949291,0.647798104350559,False,-1.8546175912307261,True,0.3402041593390555,False
90.58294838518952,24.16004817414381,0.6185078548928674,1.8078986577120153,True,-1.305998261605672,True,0.21916891887485557,False
90.63294838518952,24.16004817414381,0.538018427675623,1.56112142084222,False,-0.562664052085303,False,0.26724469216646785,False
90.68294838518952,24.16004817414381,0.4016658191339659,0.3168498382437467,False,-0.11084366020947382,False,0.248089000603668,False
90.73294838518952,24.16004817414381,0.2846134239009224,-0.022615722377697184,False,-0.16736201561261863,False,0.13870156242368936,False
90.78294838518951,24.16004817414381,0.3617767107073527,0.09779342386181405,False,-0.460854737621622,False,0.05252693488241948,False
90.83294838518952,24.16004817414381,0.6010245631569794,0.4747930961183492,False,-1.2583404232329638,False,0.05105101740318552,False
90.88294838518952,24.16004817414381,0.7214059581406894,0.5989204683531693,False,-1.866438548459796,True,0.13405415562805217,False
90.93294838518952,24.16004817414381,0.7325174211778809,0.33234000342350245,False,-1.8830200013573892,True,0.30523687839776814,False
90.98294838518952,24.16004817414381,0.6505943036165072,0.3393262135350178,False,-1.0196508072854062,False,0.41731817737466503,False
91.03294838518951,24.16004817414381,0.4352919122345066,0.3169490178594751,False,-0.2373986923323444,False,0.29499721480608776,False
91.08294838518952,24.16004817414381,0.21714656350658718,0.1191577243167408,False,-0.1966819828296377,False,0.034024106638452456,False
91.13294838518952,24.16004817414381,0.349629079866201,0.15721821734829766,False,-0.32486256828198046,False,-0.01683612821636493,False
91.18294838518952,24.16004817414381,0.5694004527069694,0.683932203911404,False,-0.3142217533968879,False,0.09815670263186033,False
91.23294838518952,24.16004817414381,0.7112633189976858,1.724746752579232,True,-0.029082192689992473,False,0.1909089862365955,False
91.28294838518951,24.16004817414381,0.770962005635958,2.1536439789866852,True,-0.015206481641665298,False,0.21048203387282494,False
91.33294838518952,24.16004817414381,0.7800368268297313,1.8463430964421734,True,0.10907336353607837,False,0.22764856675275613,False
91.38294838518952,24.16004817414381,0.7627179347228292,1.4483152141194853,False,0.1984499017175549,False,0.18008718360095036,False
91.43294838518952,24.16004817414381,0.7608138126121676,1.3196339343024484,False,0.2256509207735721,False,0.10637524818766128,False
91.48294838518952,24.16004817414381,0.7778009034140084,1.4512358052948096,False,0.24412199038424484,False,0.05433618845806633,False
91.53294838518951,24.16004817414381,0.747831642471725,1.4328755031361042,False,0.29495752510455886,False,0.019413942464731004,False
91.58294838518952,24.16004817414381,0.7005114084351746,1.4078399511233641,False,0.26852840700283176,False,0.008656964782168403,False
91.63294838518952,24.16004817414381,0.6552305878536071,1.318167529094679,False,0.19514665949501445,False,0.04309270917159578,False
91.73294838518952,24.16004817414381,0.6149614476599147,1.2067408036747667,False,0.06560499369694564,False,0.15257626790387363,False
91.88294838518952,24.16004817414381,0.6021373285397086,1.5654765265962884,False,0.08804864931249312,False,0.20709261690983022,False
88.73294838518952,24.110048174143813,0.6757957931271319,-1.1740254170940876,False,-0.029321354468955,False,0.3534278305050126,False
88.78294838518953,24.110048174143813,0.6673100568486673,-1.1814474154456005,False,-0.013021093337633075,False,0.32694161284523576,False
88.83294838518952,24.110048174143813,0.6547326338345478,-1.1493891606303528,False,-0.005947099861577383,False,0.3126243477273113,False
88.88294838518952,24.110048174143813,0.5898605724955366,-0.9547452748962482,False,0.004205136754693407,False,0.281468166328317,False
88.93294838518952,24.110048174143813,0.4760198641994541,-0.42204143806005157,False,-0.068333823734289,False,0.2420690954050137,False
88.98294838518952,24.110048174143813,0.3681376376744126,0.5335541216247781,False,-0.265607360269831,False,0.1662673476192213,False
89.03294838518953,24.110048174143813,0.437598374950702,1.4522240655016936,False,-0.7785524082953985,False,0.1773961601926557,False
89.08294838518952,24.110048174143813,0.5198339816625475,1.3192499192488816,False,-1.1131508395083263,True,0.15267919750090495,False
89.13294838518952,24.110048174143813,0.5169489561842978,0.5834797427398373,False,-1.1131334397535637,True,0.14612472651260722,False
89.18294838518952,24.110048174143813,0.47092086278779316,0.0443249293996138,False,-1.060446238052838,True,0.1938436355324294,False
89.23294838518952,24.110048174143813,0.41675618331808173,0.19054596679276525,False,-0.842361490131939,False,0.26394362937373705,False
89.28294838518953,24.110048174143813,0.3849466955514515,0.7702747655367049,False,-0.5067123560852209,False,0.3306312486194664,False
89.33294838518952,24.110048174143813,0.39227440344338665,0.6553868078093256,False,-0.560738173009484,False,0.3188843449349056,False
89.38294838518952,24.110048174143813,0.4325180884507593,0.21526651218164544,False,-0.7270835280051345,False,0.2607998325416281,False
89.43294838518952,24.110048174143813,0.496411009418737,-0.2725735355668909,False,-0.9458741605659868,False,0.24640916857820605,False
89.48294838518952,24.110048174143813,0.4839947357674525,-0.7708891758373965,False,-0.7956436873338042,False,0.23082674337756517,False
89.53294838518953,24.110048174143813,0.41265767693409455,-0.7835158188767649,False,-0.4686128710606662,False,0.26820680490034465,False
89.58294838518952,24.110048174143813,0.4556119117022189,-0.17233336090023466,False,-0.5293502001821399,False,0.14956953625575994,False
89.63294838518952,24.110048174143813,0.4661594344737572,0.1796091608545827,False,-0.4798975806117086,False,0.10082519806811527,False
89.68294838518952,24.110048174143813,0.43216369623720874,0.2581857511494919,False,-0.5072826240774444,False,0.1118190845800825,False
89.73294838518952,24.110048174143813,0.3964261454113366,0.3302691443703006,False,-0.5205289636473436,False,0.09026104369053149,False
89.78294838518953,24.110048174143813,0.3994867000404171,0.36696556501693317,False,-0.41918662206073587,False,0.03202702443957384,False
89.83294838518952,24.110048174143813,0.46991709617252403,0.3921578605304953,False,-0.3557525155844982,False,0.033108624328774636,False
89.88294838518952,24.110048174143813,0.573714925757779,0.46792556613799285,False,-0.2915418612627725,False,0.06401744367017725,False
89.93294838518952,24.110048174143813,0.6049666514277422,0.8730481263559553,False,0.10565701009148382,False,0.08262968707276322,False
89.98294838518952,24.110048174143813,0.665148335712271,0.13326778068230719,False,0.5836840157092322,False,0.035792672216529986,False
90.03294838518953,24.110048174143813,0.6157084762743371,-0.5295971148886783,False,0.9800974014568252,False,-0.08179557220795475,False
90.08294838518952,24.110048174143813,0.5543823859037561,-0.3610898500451047,False,1.0258161944884983,False,-0.04226100099269896,False
90.13294838518952,24.110048174143813,0.6142497674669289,-0.1568424111606312,False,0.7252697925123398,False,0.2654414538738058,False
90.18294838518952,24.110048174143813,0.6826346024413956,0.24351505846127416,False,0.2904836783731757,False,0.8340793905158062,True
90.23294838518952,24.110048174143813,0.7080320146821273,1.815652935160505,True,-0.04828536736990216,False,1.301346758083293,True
90.28294838518951,24.110048174143813,0.7154873922520117,2.9469674922484375,True,-0.11239745348749573,False,1.4205272344162072,True
90.33294838518952,24.110048174143813,0.7239183295870987,2.5007596892400215,True,0.016223619276446874,False,1.2013823077263837,True
90.38294838518952,24.110048174143813,0.7274793277903415,1.909230564201162,True,0.08888335288461884,False,0.9578854069858193,True
90.43294838518952,24.110048174143813,0.7004504769661808,1.2884248047126807,True,0.14732543312489468,False,0.63817692670588,False
90.48294838518952,24.110048174143813,0.6461158891259857,0.6987819400367664,False,0.1881838003000647,False,0.4688844468203751,False
90.53294838518951,24.110048174143813,0.6173245788326324,0.5980511784590758,False,0.3178849229857382,False,0.3516240431087321,False
90.58294838518952,24.110048174143813,0.5687112257430934,2.0931239014629535,False,0.057432262975195686,False,0.2403959924607726,False
90.63294838518952,24.110048174143813,0.43889228313103934,0.8946009684112027,False,0.3467730711533834,False,0.3299143684848377,False
90.68294838518952,24.110048174143813,0.2771605047529206,-0.2360027028906415,False,0.2886871548800304,False,0.29063099578054574,False
90.73294838518952,24.110048174143813,0.1573085635028129,-0.2014641694856808,False,0.08263476325036176,False,0.19854309864650097,False
90.78294838518951,24.110048174143813,0.09694335131154609,0.07339306419633582,False,-0.06980056394986836,False,0.10597419453568072,False
90.83294838518952,24.110048174143813,0.35451035820412485,0.47006923056541183,False,-0.6107947282818846,False,0.08507103554178981,False
90.88294838518952,24.110048174143813,0.6048277463577127,0.6081731472678159,False,-1.1689462774224817,False,0.15253789916866278,False
90.93294838518952,24.110048174143813,0.6791932263080265,0.6549823136813949,False,-0.9936612962344438,False,0.2510279763353307,False
90.98294838518952,24.110048174143813,0.6487817581992551,0.9362191891611633,False,-0.17281372750186813,False,0.37655991881907336,False
91.03294838518951,24.110048174143813,0.5171633368611186,0.7892397522928853,False,0.06245268740169946,False,0.36216554501536347,False
91.08294838518952,24.110048174143813,0.3298975812230583,0.491940926520972,False,-0.010107141093246633,False,0.20094326407848062,False
91.13294838518952,24.110048174143813,0.3249941363170699,0.3101122588191593,False,-0.21379241614197325,False,0.052666980751568726,False
91.18294838518952,24.110048174143813,0.5313586458654719,0.6243490896673298,False,-0.29823007143439234,False,-0.005344122442846488,False
91.23294838518952,24.110048174143813,0.7175936661921499,1.6986885375761895,True,0.08965851509045172,False,0.17237563840801137,False
91.28294838518951,24.110048174143813,0.7894995822913848,1.9701107762406656,True,0.29680252002227125,False,0.3145082469146614,False
91.33294838518952,24.110048174143813,0.7928189143856783,1.703329185610844,True,0.3294151787683324,False,0.2993920511623941,False
91.38294838518952,24.110048174143813,0.7623924186569662,1.4252250604299317,False,0.3268880662141441,False,0.18924873433123182,False
91.43294838518952,24.110048174143813,0.7473986455644098,1.3052412953805304,False,0.27436985673584713,False,0.08353412793355382,False
91.48294838518952,24.110048174143813,0.7343428058622892,1.2518765247069379,False,0.26749023982292763,False,-0.006424969880583775,False
91.53294838518951,24.110048174143813,0.7103996179527924,1.320483545812935,False,0.25032766876098694,False,-0.07139657097285021,False
91.58294838518952,24.110048174143813,0.6719411814175869,1.2969405909638494,False,0.257003291950358,False,-0.08267829349587984,False
91.63294838518952,24.110048174143813,0.6399606362356394,1.3591167994462876,False,0.20009141326680474,False,-0.05814449273700737,False
88.73294838518952,24.060048174143816,0.6461058930470478,-1.0939210565419712,False,-0.07578691921989922,False,0.3528893681545284,False
88.78294838518953,24.060048174143816,0.6597148763661845,-1.1244355289564374,False,-0.05311534966253971,False,0.3528167699152013,False
88.83294838518952,24.060048174143816,0.6836925369153182,-1.1279834813488603,False,-0.02462368285758215,False,0.34769649013182297,False
88.88294838518952,24.060048174143816,0.6398363010935193,-1.1466936024609349,False,-0.022320058967915193,False,0.26214583018019,False
88.93294838518952,24.060048174143816,0.4985614904213893,-0.8880070760261529,False,0.01926213819969215,False,0.19710411778273437,False
88.98294838518952,24.060048174143816,0.3000986481323796,-0.38583625264437416,False,0.038071115810836664,False,0.16444749104593745,False
89.03294838518953,24.060048174143816,0.29808586537016396,-0.15256482948302524,False,-0.1902960378249216,False,0.23762665459909216,False
89.08294838518952,24.060048174143816,0.39402283718658876,-0.2966281241335726,False,-0.4236012830810626,False,0.3423192525748105,False
89.13294838518952,24.060048174143816,0.4125285465621236,-0.562017439613578,False,-0.51490910514426,False,0.46495272149367706,False
89.18294838518952,24.060048174143816,0.391294871231804,-0.6497091526571972,False,-0.6099853288736208,False,0.6343684757251833,False
89.23294838518952,24.060048174143816,0.3636880429690998,-0.452392210546084,False,-0.6487983739069292,False,0.6988459271397092,False
89.28294838518953,24.060048174143816,0.32702944805643097,0.24030237222361106,False,-0.3884952875999954,False,0.7447314591865468,False
89.33294838518952,24.060048174143816,0.32015604916415297,0.34306998859834903,False,-0.2852777338646935,False,0.7306434357062492,False
89.38294838518952,24.060048174143816,0.3678737793376503,-0.02363652849155773,False,-0.33264777190255557,False,0.6728108477201785,False
89.43294838518952,24.060048174143816,0.47908809729281315,-0.5613689131643554,False,-0.4836188730295925,False,0.489951466637057,False
89.48294838518952,24.060048174143816,0.48632771035700884,-0.9164073838849071,False,-0.5312916209337234,False,0.29335013766738033,False
89.53294838518953,24.060048174143816,0.4383456266656846,-0.683881381361604,False,-0.4731717979941805,False,0.250721959082988,False
89.58294838518952,24.060048174143816,0.450258511338889,-0.08783429462783753,False,-0.4850704932597158,False,0.21099521199273819,False
89.63294838518952,24.060048174143816,0.4158389633637781,0.20186438860788003,False,-0.47143890704914093,False,0.19402149792200513,False
89.73294838518952,24.060048174143816,0.31894550811243955,0.3231561471086676,False,-0.533561081617374,False,0.19801124264220968,False
89.78294838518953,24.060048174143816,0.27172235706586517,0.3409000167661066,False,-0.348488800953285,False,0.08107838357492803,False
89.83294838518952,24.060048174143816,0.2094271064373681,0.36321445996485885,False,-0.21796481790127786,False,0.05190123343445316,False
89.88294838518952,24.060048174143816,0.262954321741433,0.4045313320691679,False,-0.1178880606329337,False,0.12787256462357804,False
89.93294838518952,24.060048174143816,0.545867669553157,0.7099857042422186,False,0.23243508798934348,False,0.2079154525883454,False
89.98294838518952,24.060048174143816,0.7172305916017726,0.4653847665771198,False,0.5573462754554351,False,0.2291084483665548,False
90.03294838518953,24.060048174143816,0.6900970661353809,-0.5133013156562638,False,0.463095745653032,False,0.198488220593185,False
90.08294838518952,24.060048174143816,0.592324091757051,-1.0783968258360739,False,0.32891383766491655,False,0.11951211182130808,False
90.13294838518952,24.060048174143816,0.5571856889206365,-1.0299957316369588,False,0.19087256552865997,False,0.24979950456269517,False
90.18294838518952,24.060048174143816,0.6072462907672812,-0.6947429663544207,False,-0.07637688023697575,False,0.7310509734753827,False
90.23294838518952,24.060048174143816,0.6183199907874626,0.995576466205441,False,-0.16740390257526683,False,1.0562824706435259,True
90.28294838518951,24.060048174143816,0.6205562118787883,2.4087894757093453,True,-0.14288391977774,False,1.2316387940287286,True
90.33294838518952,24.060048174143816,0.6616997084685368,2.4309461454441488,True,-0.024254006817886073,False,1.1376885326471158,True
90.38294838518952,24.060048174143816,0.7188309628844631,2.1283641732829754,True,0.05474794495749265,False,1.0351969972008053,True
90.43294838518952,24.060048174143816,0.7450946535139722,1.6491394176172838,True,0.15202163198958646,False,0.7507593541634854,False
90.48294838518952,24.060048174143816,0.7367630337720161,1.1860486953592178,True,0.29238516438026696,False,0.45022311581963353,False
90.53294838518951,24.060048174143816,0.6965693693019577,1.3901161782538436,False,0.36944127555594186,False,0.22521753830381952,False
90.58294838518952,24.060048174143816,0.6179198328261261,2.300216402152196,False,0.22500454090978345,False,0.1137646495005515,False
90.63294838518952,24.060048174143816,0.47712916189252474,1.366683304044644,False,0.27284478940252155,False,0.239559096976774,False
90.68294838518952,24.060048174143816,0.31830520117417455,0.321382901530027,False,0.19425066094809124,False,0.2880163815361776,False
90.73294838518952,24.060048174143816,0.16907621581555335,0.11519591720474455,False,0.08968143665720621,False,0.24210360324397873,False
90.78294838518951,24.060048174143816,0.040436302772689794,0.20118972775392646,False,0.043898235208164146,False,0.15819441897755657,False
90.83294838518952,24.060048174143816,0.21397858304114858,-0.1665511097637032,False,0.0878309375749117,False,0.09380997629285148,False
90.88294838518952,24.060048174143816,0.4897275276583692,-0.44638775221016874,False,-0.04616736369528458,False,0.06960842153075775,False
90.93294838518952,24.060048174143816,0.5976506982110042,-0.058036250347391016,False,-0.023991809076776935,False,0.08525677421951758,False
90.98294838518952,24.060048174143816,0.604341666351174,0.7143649774336545,False,0.3471648851071583,False,0.18274854782191918,False
91.03294838518951,24.060048174143816,0.5109922976418471,0.8124854131733528,False,0.3772047174497324,False,0.2436294309277117,False
91.08294838518952,24.060048174143816,0.3574629971911754,0.595245732727717,False,0.1917726641425711,False,0.20102272266615823,False
91.13294838518952,24.060048174143816,0.27121788873236563,0.39412903207454364,False,-0.05244959355492798,False,0.05091600030662413,False
91.18294838518952,24.060048174143816,0.49122608505524834,0.6425511702945366,False,-0.02489969840771769,False,-0.1040309563265284,False
91.23294838518952,24.060048174143816,0.7062541425162022,1.226020084647342,False,0.4832519877026542,False,0.1528275173621529,False
91.28294838518951,24.060048174143816,0.7728303967893817,1.5397116843946608,True,0.6896141199044055,False,0.3948168726481532,False
91.33294838518952,24.060048174143816,0.7880245305070157,1.380654096364064,False,0.6552044602969818,False,0.3813211340368619,False
91.38294838518952,24.060048174143816,0.7713754916869718,1.183586890337121,False,0.5731149970330591,False,0.27462567700489887,False
88.78294838518953,24.01004817414381,0.5643289120188745,-1.0860410355552512,False,-0.13631833059109563,False,0.3200303955734392,False
88.83294838518952,24.01004817414381,0.5765107234548356,-1.1186442144881177,False,-0.08418876272076223,False,0.2987656556756862,False
88.88294838518952,24.01004817414381,0.5609172239618012,-1.1174468695575968,False,-0.039490017956254536,False,0.21204353705092566,False
88.93294838518952,24.01004817414381,0.4213285964703635,-0.7772125126492756,False,0.03914945065036095,False,0.13475933088425465,False
88.98294838518952,24.01004817414381,0.22658582503900515,-0.3897938262399598,False,0.15130659824992165,False,0.12143913802268436,False
89.03294838518953,24.01004817414381,0.19012185812585405,-0.45710853239110527,False,0.09262692691833471,False,0.23208694511167988,False
89.08294838518952,24.01004817414381,0.27690294138168775,-0.5319208958434392,False,-0.12194862539663347,False,0.4281903764249299,False
89.13294838518952,24.01004817414381,0.3274830363801478,-0.511721250188003,False,-0.30240190749579166,False,0.6276510281602544,False
89.18294838518952,24.01004817414381,0.3278799979444455,-0.44928017070592224,False,-0.4793237123925489,False,0.7419964744115202,False
89.23294838518952,24.01004817414381,0.2984460036065637,-0.26809020880106543,False,-0.5561524155769145,False,0.8307959423730231,False
89.28294838518953,24.01004817414381,0.26280918505061057,0.07287502810746394,False,-0.4110784171798062,False,0.7793029531881471,False
89.33294838518952,24.01004817414381,0.2631379524229418,0.217251283626343,False,-0.24890924378465046,False,0.6763053172285135,False
89.38294838518952,24.01004817414381,0.33235222001218767,0.08276445032441851,False,-0.20971586619866806,False,0.5847306999065418,False
89.43294838518952,24.01004817414381,0.4738949984677657,-0.09415066549323794,False,-0.24050830057268735,False,0.519526311712912,False
89.48294838518952,24.01004817414381,0.48480564074513965,-0.2614814715493417,False,-0.2755772940512226,False,0.4120378761059933,False
89.53294838518953,24.01004817414381,0.4969265180139795,-0.14276648804268566,False,-0.4540497840662554,False,0.3544033583452731,False
89.58294838518952,24.01004817414381,0.48202988506252625,0.08150405510277697,False,-0.4359721873318366,False,0.4240811975587927,False
89.63294838518952,24.01004817414381,0.44023524578018386,0.030679546373280853,False,-0.505365758404678,False,0.5218599552638588,False
89.68294838518952,24.01004817414381,0.39556592268155094,0.07227713000589972,False,-0.5691490296923144,False,0.6089147647311669,False
89.73294838518952,24.01004817414381,0.35483157021691036,0.09162470095884015,False,-0.5286625760059782,False,0.6069859173369901,False
89.78294838518953,24.01004817414381,0.2853092586797891,0.02475042208773437,False,-0.3219749483313504,False,0.40766585728411214,False
89.83294838518952,24.01004817414381,0.12034212835543115,-0.0034286556327273177,False,-0.026941528439665657,False,0.13065296438606902,False
89.88294838518952,24.01004817414381,0.011771198215023409,0.2490073163128737,False,0.1163745680113098,False,0.1179456741060535,False
89.93294838518952,24.01004817414381,0.3966307101518304,0.8023569463926346,False,0.3396794318132121,False,0.1941625757383703,False
89.98294838518952,24.01004817414381,0.6788928977529511,1.0634827107236167,False,0.6028537605087672,False,0.23498800220780844,False
90.03294838518953,24.01004817414381,0.710950065008783,0.20301653601477299,False,0.3965413764080724,False,0.3063113600350531,False
90.08294838518952,24.01004817414381,0.6563747011958865,-1.021728917067274,False,0.11840927010026042,False,0.32988992569372955,False
90.13294838518952,24.01004817414381,0.5506755216461104,-1.8210354668707285,False,0.0018050536218087027,False,0.24716017862828,False
90.18294838518952,24.01004817414381,0.5390203603778138,-2.1130026831141926,False,-0.10241333165833384,False,0.38364454685860155,False
90.23294838518952,24.01004817414381,0.5382400044145361,-0.5820854413401347,False,0.015042765898357277,False,0.4324113337089702,False
90.28294838518951,24.01004817414381,0.5066627723515744,1.1177367149899458,False,0.1271531522570317,False,0.5107217619677822,False
90.33294838518952,24.01004817414381,0.5604112306555235,1.8126334196248266,True,0.1262041813461863,False,0.7182835714347523,False
90.38294838518952,24.01004817414381,0.655626604526433,1.9076632019763,True,0.1132363566089048,False,0.7931853331981434,False
90.43294838518952,24.01004817414381,0.7155123629663345,1.68526990057153,True,0.14084997457722465,False,0.500320869864797,False
90.48294838518952,24.01004817414381,0.7156973361118077,1.8228515448113867,True,0.06652042751459389,False,0.16687137263558036,False
90.53294838518951,24.01004817414381,0.6553094044613379,2.50449149402661,False,-0.12512767392572244,False,-0.06188637158242824,False
90.58294838518952,24.01004817414381,0.5570739707051713,2.4286833946540076,False,-0.08338961492500055,False,-0.09215581867399347,False
90.63294838518952,24.01004817414381,0.4676932004521013,1.7874425528158575,False,0.024446476807820923,False,0.10741847558615078,False
90.68294838518952,24.01004817414381,0.3892091617377398,1.0082429059954519,False,0.10980612808751998,False,0.24765256771169997,False
90.73294838518952,24.01004817414381,0.26845224910102305,0.2919964306644049,False,0.15995879968723015,False,0.2843364114357787,False
90.78294838518951,24.01004817414381,0.1674867840428809,-0.28907808288037146,False,0.22459599007655706,False,0.23341259425370686,False
90.83294838518952,24.01004817414381,0.2820971291467771,-1.026958321894716,False,0.3958590516045357,False,0.1351301065044373,False
90.88294838518952,24.01004817414381,0.458369113736669,-1.6608442352464652,False,0.5106360885198061,False,0.027137847787377194,False
90.93294838518952,24.01004817414381,0.5656490073210181,-1.5428490754418767,False,0.4331432871715649,False,-0.04451605936457895,False
90.98294838518952,24.01004817414381,0.5789882258055781,-0.6927537495985441,False,0.38397797856376975,False,-0.04868678167302579,False
91.03294838518951,24.01004817414381,0.4950926727686085,0.1859975067943736,False,0.2905177017277065,False,0.017954346555776296,False
91.08294838518952,24.01004817414381,0.3381618057949263,0.34431933795954833,False,-0.05639137795097772,False,0.021728944424678376,False
91.13294838518952,24.01004817414381,0.3060296066633032,0.4897593308182089,False,-0.16149135201586307,False,-0.07700674624754261,False
91.18294838518952,24.01004817414381,0.5172863181727316,0.553657055431299,False,0.17044258411953797,False,-0.16651932384911436,False
91.23294838518952,24.01004817414381,0.6721146954062225,0.6013720530444516,False,0.7753818988698702,False,0.014776092411954954,False
91.28294838518951,24.01004817414381,0.7453029543249985,0.8625822343756717,False,1.0803206845589142,True,0.28039096315912254,False
91.33294838518952,24.01004817414381,0.7757625944446612,0.9555832075859751,False,1.0518137557518972,True,0.36373737084604507,False
91.38294838518952,24.01004817414381,0.7671029604676989,0.8643707921450802,False,0.9222002011420023,False,0.32316411317906646,False
88.73294838518952,23.96004817414381,0.5005836526745234,-0.7601353637262476,False,-0.3874582008438371,False,0.09090089019788308,False
88.78294838518953,23.96004817414381,0.45357123510939384,-1.0809161222669406,False,-0.30200706780845715,False,0.08062244160779614,False
88.83294838518952,23.96004817414381,0.474245539921552,-1.0864869812227391,False,-0.21759604513470077,False,0.05843491614275953,False
88.88294838518952,23.96004817414381,0.4623860306889045,-0.7792073254275509,False,-0.12842999438250907,False,-0.013822904107434919,False
88.93294838518952,23.96004817414381,0.3940104069253405,-0.37674129017715713,False,-0.008290244333723634,False,-0.05544462407895456,False
88.98294838518952,23.96004817414381,0.26756190177049194,-0.32832982285813705,False,0.04398287911571548,False,-0.026254064272996952,False
89.03294838518953,23.96004817414381,0.19706342184700665,-0.4498648981121471,False,0.06915877473960101,False,0.0394373723933627,False
89.08294838518952,23.96004817414381,0.2379436043513178,-0.5967006085382943,False,-0.012051576937225292,False,0.18507857518221588,False
89.13294838518952,23.96004817414381,0.29394792641208123,-0.5119502724700137,False,-0.15845117443688075,False,0.46531092990603695,False
89.18294838518952,23.96004817414381,0.2959530396869659,-0.28610058025139407,False,-0.33507155553916756,False,0.7042309159002711,False
89.23294838518952,23.96004817414381,0.2411016436968049,0.024982142322911904,False,-0.3683814861436431,False,0.7171125091113985,False
89.28294838518953,23.96004817414381,0.2202784216522384,0.305081816134216,False,-0.19648545536053053,False,0.5806720271637104,False
89.33294838518952,23.96004817414381,0.25859395185100553,0.22568892849097666,False,-0.11316325023371615,False,0.5003266739052707,False
89.38294838518952,23.96004817414381,0.31964001149719,0.0012783947595262635,False,-0.16217247347670194,False,0.39674262347650935,False
89.43294838518952,23.96004817414381,0.42454424304441546,-0.07133021024547481,False,-0.20570741064944198,False,0.3579771241301234,False
89.48294838518952,23.96004817414381,0.44107737866579455,-0.05776887929190787,False,-0.20027631650024003,False,0.35404673757964505,False
89.53294838518953,23.96004817414381,0.4972952171609334,0.06545522572699444,False,-0.3296391702775829,False,0.41852140238535884,False
89.58294838518952,23.96004817414381,0.5063751933332981,0.025749200117966914,False,-0.45342866552032673,False,0.5401642748839762,False
89.63294838518952,23.96004817414381,0.4880703437056687,-0.0005191806164082102,False,-0.42321397089494944,False,0.760309182117027,True
89.68294838518952,23.96004817414381,0.4625089264447639,0.010462626026339517,False,-0.45934169896750054,False,0.8450428677871853,True
89.73294838518952,23.96004817414381,0.44195895266470236,0.011947223774267213,False,-0.485633982241961,False,0.8737972757287713,True
89.78294838518953,23.96004817414381,0.4115067778368979,-0.06859497541978904,False,-0.3458136613631249,False,0.6811075537273067,False
89.83294838518952,23.96004817414381,0.32489079826108025,-0.18139009447878207,False,0.028641338393392057,False,0.2869987212955838,False
89.88294838518952,23.96004817414381,0.01850099986356034,0.05544901564119814,False,0.42133497414772886,False,0.006425660173080813,False
89.93294838518952,23.96004817414381,0.19026087554397123,0.7794270783637146,False,0.5475073997344883,False,0.05311543132552224,False
89.98294838518952,23.96004817414381,0.5263421110531236,1.1579329013447601,False,0.7090891023483264,False,0.10213229760731615,False
90.03294838518953,23.96004817414381,0.6356454886283968,0.7542959472301681,False,0.4936656449318365,False,0.20356852601830738,False
90.08294838518952,23.96004817414381,0.6691022851004284,-0.17395364964363255,False,0.25410199506673914,False,0.3413609769701489,False
90.13294838518952,23.96004817414381,0.619589952730525,-1.3331069642235462,False,0.04105700598204362,False,0.4233641485197577,False
90.18294838518952,23.96004817414381,0.5755185911507491,-2.1904367839526913,False,-0.04550968238267859,False,0.3748629255402652,False
90.23294838518952,23.96004817414381,0.5398826209219473,-1.2566410984459295,False,0.10616499405992677,False,0.36041858488438305,False
90.28294838518951,23.96004817414381,0.5359973699930408,0.4850175923789011,False,0.2937429684319758,False,0.47648255622402347,False
90.33294838518952,23.96004817414381,0.5761147063126022,1.2439220075362325,True,0.2913005678315009,False,0.6671775857648781,True
90.38294838518952,23.96004817414381,0.6005795009131918,1.5996647761500242,True,0.16682009937738268,False,0.6912479852244808,True
90.43294838518952,23.96004817414381,0.5746438214929216,2.112215514514023,True,-0.03386057389530428,False,0.3979738719253639,False
90.48294838518952,23.96004817414381,0.4844071333121519,3.251288541132353,True,-0.35908330010531275,False,0.05984925468231403,False
90.53294838518951,23.96004817414381,0.34168326292071277,2.8479973259177966,True,-0.3856164795665047,False,-0.11697453902022886,False
90.58294838518952,23.96004817414381,0.3425485635167292,2.155244178956899,False,-0.311260264419246,False,-0.1347596798243473,False
90.63294838518952,23.96004817414381,0.4315080274262912,1.6394589730196782,False,-0.22616116108813167,False,0.027159165732415586,False
90.68294838518952,23.96004817414381,0.42922724857548733,0.8468103654607878,False,-0.0756763849413024,False,0.24788807154492024,False
90.73294838518952,23.96004817414381,0.34529718925748065,0.05800732282459515,False,0.1055584722079788,False,0.3720989936030892,False
90.78294838518951,23.96004817414381,0.31233940590794956,-0.6847317562468507,False,0.21355081756737698,False,0.38796706816783455,False
90.83294838518952,23.96004817414381,0.41321988886105215,-1.2907008219006555,False,0.29325005293860973,False,0.2894119530454543,False
90.88294838518952,23.96004817414381,0.543909267672344,-1.7166127152806947,False,0.35690731566868494,False,0.06530535136600014,False
90.93294838518952,23.96004817414381,0.6153438739987285,-1.9435831298557171,False,0.2609533280510049,False,-0.11356065191233054,False
90.98294838518952,23.96004817414381,0.6111750679932788,-1.69758599080885,False,-0.0196005804121505,False,-0.22080847593264716,False
91.03294838518951,23.96004817414381,0.5211855058302683,-0.7693763092206011,False,-0.5796054462988439,False,-0.30317711083597265,False
91.08294838518952,23.96004817414381,0.3580089783089763,0.13815040478705276,False,-0.8189503434832187,False,-0.26369647055250633,False
91.13294838518952,23.96004817414381,0.39030584053762407,0.535209707258617,False,-0.5969356882150463,False,-0.3317758265403348,False
91.18294838518952,23.96004817414381,0.5127322854346152,0.37984917206186597,False,-0.1066499571160317,False,-0.4334737477815335,False
91.23294838518952,23.96004817414381,0.6549883479724159,-0.01108582729324703,False,0.7245417075171985,False,-0.3472897439696953,False
91.28294838518951,23.96004817414381,0.7262416939298869,-0.07612252649444673,False,1.2313821401938143,True,-0.1763653874616274,False
88.73294838518952,23.91004817414381,0.4501065751503481,-0.3979691539503253,False,-0.6612378586156739,False,0.07898092524195255,False
88.78294838518953,23.91004817414381,0.40149475147236346,-0.6942929657636805,False,-0.45629899931173606,False,0.01238275256433824,False
88.83294838518952,23.91004817414381,0.406315051783697,-0.7538923937267938,False,-0.27842574883207416,False,-0.054776527294314536,False
88.88294838518952,23.91004817414381,0.418840205620679,-0.5048555411158064,False,-0.19586115590475475,False,-0.13220090649054603,False
88.93294838518952,23.91004817414381,0.42613023625066315,-0.33164339357256456,False,-0.1791637023592657,False,-0.16789480277056318,False
88.98294838518952,23.91004817414381,0.3534648606857644,-0.5221799490851735,False,-0.2283579851860739,False,-0.15166636446600357,False
89.03294838518953,23.91004817414381,0.27132712164973805,-0.6127764127152042,False,-0.16642197836896405,False,-0.10607185845472075,False
89.08294838518952,23.91004817414381,0.28773899488128996,-0.6366388349715659,False,-0.037309965454597804,False,0.03508807024606708,False
89.13294838518952,23.91004817414381,0.32796185614804574,-0.4217704845919681,False,0.05119077416452271,False,0.37221698958287636,False
89.18294838518952,23.91004817414381,0.3118016138120412,-0.06230784897513114,False,0.09490368573034468,False,0.6719791157138139,False
89.23294838518952,23.91004817414381,0.25365221278128935,0.28805217341361045,False,0.21118031665962844,False,0.6184066123424371,False
89.28294838518953,23.91004817414381,0.22844078723845124,0.43244033181747066,False,0.2027336505558081,False,0.4641262321851013,False
89.33294838518952,23.91004817414381,0.2529035174084441,0.2579997747639237,False,0.08253009638510811,False,0.30168278266582715,False
89.38294838518952,23.91004817414381,0.2905700928987897,0.0961627681197158,False,-0.02551810891244813,False,0.1640120726110815,False
89.43294838518952,23.91004817414381,0.3467701210232648,0.060215868334317094,False,-0.10170898942373714,False,0.1148453716177169,False
89.48294838518952,23.91004817414381,0.28866182284828984,0.09912003330816503,False,-0.10130547395984377,False,0.15599410422596655,False
89.53294838518953,23.91004817414381,0.37976219908739667,0.20229583640539173,False,-0.1796034176551839,False,0.3223551117348617,False
89.58294838518952,23.91004817414381,0.4896524321400098,-0.048584772446685826,False,-0.507929648521678,False,0.4909541245055409,False
89.63294838518952,23.91004817414381,0.5176347121416356,-0.1077075042064097,False,-0.4650614130215164,False,0.6926020610893386,True
89.68294838518952,23.91004817414381,0.5224698365805054,-0.09009653550404445,False,-0.42538509092759136,False,0.834373618953829,True
89.73294838518952,23.91004817414381,0.5214815255645697,-0.09451806223988476,False,-0.4080575959380771,False,0.8766072377429369,True
89.78294838518953,23.91004817414381,0.5140815170440765,-0.14791651019286728,False,-0.29360715612361166,False,0.7235601414432749,False
89.83294838518952,23.91004817414381,0.46930552449187257,-0.26962238227603746,False,0.10302523680032721,False,0.32275769021196543,False
89.88294838518952,23.91004817414381,0.31596618944127103,-0.19283379896731193,False,0.3479361788950606,False,0.08459823437826931,False
89.93294838518952,23.91004817414381,0.14925646272773466,0.17901934525229524,False,0.3174050107096836,False,0.011279859803540966,False
89.98294838518952,23.91004817414381,0.3809675135912636,0.5048168124460841,False,0.49003538103156846,False,0.03957800247572983,False
90.03294838518953,23.91004817414381,0.5016619021097628,0.49049926358801343,False,0.37187960358474936,False,0.15498665938099826,False
90.08294838518952,23.91004817414381,0.6014391086417816,0.2965807723517556,False,0.27978459178072185,False,0.2971007036904546,False
90.13294838518952,23.91004817414381,0.6314557243835508,-0.11176524392638432,False,0.2193894967626403,False,0.45534921969143316,False
90.18294838518952,23.91004817414381,0.5966078274433786,-0.03335556931310435,False,0.2702201153652744,False,0.5397874331908113,False
90.23294838518952,23.91004817414381,0.6312360825406005,0.6916674375039769,False,0.455925041733245,True,0.5924251015897665,False
90.28294838518951,23.91004817414381,0.6776779343281057,1.1726351470120302,False,0.5704402839799136,True,0.728198310643382,True
90.33294838518952,23.91004817414381,0.6585428622076637,1.3037834336814302,False,0.49935827471422944,True,0.8657206024824415,True
90.38294838518952,23.91004817414381,0.5944604105197362,2.4201764203668943,True,0.05195119225970993,False,0.9995790412399304,True
90.43294838518952,23.91004817414381,0.5299206956964929,4.961134155030795,True,-0.681103134769432,True,0.8746411463862982,True
90.48294838518952,23.91004817414381,0.41465973200314726,5.177418502603389,True,-0.8117111526972585,True,0.3648623828356802,False
90.53294838518951,23.91004817414381,0.16868315958491184,3.076273161519532,True,-0.5667348924037352,True,0.04806885469547782,False
90.58294838518952,23.91004817414381,0.01804729689086069,1.7292049470896238,False,-0.5004231666668408,True,0.05680973807105627,False
90.63294838518952,23.91004817414381,0.2893463979901003,1.2085349439980195,False,-0.46228113591100695,True,0.1307463648587191,False
90.68294838518952,23.91004817414381,0.45056753262249655,0.6932578327452196,False,-0.3904233045816039,False,0.3200045412996586,False
90.73294838518952,23.91004817414381,0.4584984422004617,0.046704935233727124,False,-0.2307996774962929,False,0.4997908149264598,False
90.78294838518951,23.91004817414381,0.5119470089822807,-0.5105058583049337,False,-0.10357158804277582,False,0.5564353928413774,True
90.83294838518952,23.91004817414381,0.6091834682674478,-0.9603895658296229,False,-0.1308527596001013,False,0.45266837796375115,False
90.88294838518952,23.91004817414381,0.6943344822806462,-1.3742164072811045,False,-0.3403900123785609,False,0.1657108409173817,False
90.93294838518952,23.91004817414381,0.7461418621711187,-1.6282731223116294,False,-0.7410465566239974,False,-0.10106631832664412,False
90.98294838518952,23.91004817414381,0.7314690858597415,-1.5160100741912186,False,-1.1066144606126143,False,-0.25529381893835934,False
91.03294838518951,23.91004817414381,0.6175482374665334,-0.930368156512344,False,-1.297573603723604,False,-0.3221596642671123,False
91.08294838518952,23.91004817414381,0.41460665919626166,0.2355402030071887,False,-1.1297930274469528,False,-0.29045454277287475,False
91.13294838518952,23.91004817414381,0.40142571713806835,0.6349927434201927,False,-0.7571798101626943,False,-0.3767216689469284,False
91.18294838518952,23.91004817414381,0.49423588721441175,0.44598682474492923,False,-0.2682317268108464,False,-0.5109905231006443,False
91.23294838518952,23.91004817414381,0.6256464350107247,-0.056736557766474904,False,0.5797927815516943,False,-0.503254069779005,False
88.63294838518952,23.860048174143813,0.41215497272009033,-0.08185474700066471,False,-1.5410876943479177,True,0.1442876195567602,False
88.68294838518952,23.860048174143813,0.37224333541926663,-0.18122459045383538,False,-1.3870942384401412,False,0.15956004845689914,False
88.73294838518952,23.860048174143813,0.3321041086469119,-0.3278451814001878,False,-1.08527687263954,False,0.1494376297178337,False
88.78294838518953,23.860048174143813,0.30445258767374384,-0.4749600217566223,False,-0.7115468835510789,False,0.11687826736872822,False
88.83294838518952,23.860048174143813,0.30760001769919965,-0.5488660588501098,False,-0.3506827312799684,False,0.013933226743873012,False
88.88294838518952,23.860048174143813,0.3106046091643289,-0.4424463706526305,False,-0.22357936437529716,False,-0.07175198413749886,False
88.93294838518952,23.860048174143813,0.33709540894169293,-0.3797432202645866,False,-0.25872280849663815,False,-0.12732859958654294,False
88.98294838518952,23.860048174143813,0.3291413986190011,-0.3091822316156565,False,-0.21225466916611532,False,-0.14731269773631087,False
89.03294838518953,23.860048174143813,0.30252477807557476,-0.2848949559848668,False,-0.036367346034711076,False,-0.11573305692833391,False
89.08294838518952,23.860048174143813,0.3548109862508421,-0.2811300795780126,False,0.20322175394702421,False,0.02815923773726625,False
89.13294838518952,23.860048174143813,0.40091036474834546,-0.11637451905600421,False,0.3991680686709971,False,0.30280743045840824,False
89.18294838518952,23.860048174143813,0.39698288285599626,0.1694104335849505,False,0.5524392373268889,False,0.5497444892601903,False
89.23294838518952,23.860048174143813,0.3616123496895721,0.39685157449023234,False,0.6185575521487052,False,0.5714665048338421,False
89.28294838518953,23.860048174143813,0.3237482709407067,0.4448951456796871,False,0.5061815028088553,False,0.3320096118787944,False
89.33294838518952,23.860048174143813,0.27677683559169386,0.36955080171499166,False,0.3449797418781909,False,0.025821197257187734,False
89.38294838518952,23.860048174143813,0.23881637627980315,0.25655792765306684,False,0.16042754784790644,False,-0.1032988687603428,False
89.43294838518952,23.860048174143813,0.24479078523935982,0.18902541952124957,False,-0.002515301383134244,False,-0.12389131319544308,False
89.48294838518952,23.860048174143813,0.14658218779404542,0.18408013664552644,False,-0.10000628282825687,False,-0.06795556612737125,False
89.53294838518953,23.860048174143813,0.27903445960654805,0.13508054354746743,False,-0.3109024963831748,False,0.12675766603646077,False
89.58294838518952,23.860048174143813,0.4800820344642991,-0.1932969380033357,False,-0.6862956455486605,False,0.35313433118019066,False
89.63294838518952,23.860048174143813,0.5552885387790558,-0.4125908805182441,False,-0.9024505580693712,False,0.5018977678487284,False
89.68294838518952,23.860048174143813,0.5832111606279772,-0.39824621637612545,False,-0.8087751668353405,False,0.645233985890705,False
89.73294838518952,23.860048174143813,0.5900294931025969,-0.37646261168495826,False,-0.6121287031644946,False,0.7135209574969843,True
89.78294838518953,23.860048174143813,0.5902630273533188,-0.4334186664542819,False,-0.36696873005959524,False,0.5908261161188239,False
89.83294838518952,23.860048174143813,0.5682075419618833,-0.5392161559483407,False,-0.044768507372977925,False,0.30971270174757226,False
89.88294838518952,23.860048174143813,0.4777682888834206,-0.6125462740612021,False,-0.0701583360236406,False,0.14781944004570002,False
89.93294838518952,23.860048174143813,0.30337531858904393,-0.4880000250221267,False,-0.03787218317270524,False,0.09974223319180515,False
89.98294838518952,23.860048174143813,0.3172867798748808,-0.1575423397927367,False,0.14888499147225326,False,0.11144172676284447,False
90.03294838518953,23.860048174143813,0.35464876591098643,0.2829005309076648,False,0.1864022987663389,False,0.16890794472843346,False
90.08294838518952,23.860048174143813,0.45272467456379956,0.7283312470824331,False,0.18280171417807978,False,0.3023428596972759,False
90.13294838518952,23.860048174143813,0.5142196283433195,0.7105617717631745,False,0.2532182419817662,False,0.44361406655060776,False
90.18294838518952,23.860048174143813,0.573098877719832,1.219621103904839,False,0.4149363324334217,False,0.5776784500445122,True
90.23294838518952,23.860048174143813,0.7119085577847036,2.3223569192893527,False,0.6971943717699165,True,0.6557813458056607,True
90.28294838518951,23.860048174143813,0.7356888194762987,2.706156306983165,True,0.8397434578294176,True,0.7836248815925615,True
90.33294838518952,23.860048174143813,0.668114530059992,2.444083542791446,True,0.6683341638640213,True,1.0230986830242836,True
90.38294838518952,23.860048174143813,0.5799569185754587,4.029176641956939,True,-0.11193840004943473,False,1.3850430824611857,True
90.43294838518952,23.860048174143813,0.5514810939830733,6.255129898756801,True,-0.7819525524194689,True,1.2928587280359691,True
90.48294838518952,23.860048174143813,0.5245146729412453,5.88180750841995,True,-0.7145981939253769,True,0.49462610806810897,False
90.53294838518951,23.860048174143813,0.36712956251858303,3.9857240730188384,True,-0.5572489959633387,True,0.025060978751545067,False
90.58294838518952,23.860048174143813,-0.0798287929870445,1.7856164598522026,False,-0.5030143284633073,True,0.03227926428347733,False
90.63294838518952,23.860048174143813,-0.016311011437147218,1.0264521387270293,False,-0.5172079312815927,True,0.13743134058709955,False
90.68294838518952,23.860048174143813,0.4393787502072666,0.6892707710186551,False,-0.5363558185754977,True,0.3715016744556566,False
90.73294838518952,23.860048174143813,0.5784768411107073,0.249530184213471,False,-0.4923064391340327,False,0.573742126699377,True
90.78294838518951,23.860048174143813,0.6603101556757514,-0.0367877942888136,False,-0.44164180801111164,False,0.6475204065379329,True
90.83294838518952,23.860048174143813,0.7268644664668801,-0.44412782390210304,False,-0.5519081909842797,False,0.5698594619320336,True
90.88294838518952,23.860048174143813,0.7900164784003489,-1.0375811597578286,False,-0.9326780962527598,False,0.31977666868068894,False
90.93294838518952,23.860048174143813,0.8378772476002592,-1.4229468623668753,False,-1.3857656074503582,True,0.04293116369522296,False
90.98294838518952,23.860048174143813,0.8338214132057117,-1.4426989882093944,False,-1.731451894926663,True,-0.08547282623256515,False
91.03294838518951,23.860048174143813,0.7390785197159881,-1.2310472407841002,False,-1.7430045125522482,True,-0.16340230817751503,False
91.08294838518952,23.860048174143813,0.5359145135542864,-0.24960026741310615,False,-1.3066689050160178,False,-0.2981939321501046,False
91.13294838518952,23.860048174143813,0.3671234130439066,0.45652130585040174,False,-0.7339246883463311,False,-0.3448964936021293,False
91.18294838518952,23.860048174143813,0.44034794981591124,0.6115682005956855,False,-0.22977516801483222,False,-0.4362113747343112,False
91.23294838518952,23.860048174143813,0.5594869365951263,0.38361556174127487,False,0.40644609687468,False,-0.5017774272898574,False
88.58294838518952,23.810048174143816,0.4136202422193881,-0.3062578522102549,False,-1.820810776776499,False,-0.04183052494002513,False
88.63294838518952,23.810048174143816,0.3668458441576033,-0.26759347308252196,False,-1.6985589092173439,False,0.01716327389232299,False
88.68294838518952,23.810048174143816,0.2968084293340596,-0.25071143580096084,False,-1.5243819680633846,False,0.1006387136521347,False
88.73294838518952,23.810048174143816,0.21596806001561722,-0.291266179148224,False,-1.2930611588105756,False,0.1717715040262659,False
88.78294838518953,23.810048174143816,0.1874624392357534,-0.41064712380944124,False,-0.9052024983164867,False,0.21189635696766465,False
88.83294838518952,23.810048174143816,0.17965305407750592,-0.5254340390998817,False,-0.5313311624096948,False,0.18838839479052988,False
88.88294838518952,23.810048174143816,0.2340308811585035,-0.6888412843769224,False,-0.2667307342359784,False,0.08149760047593788,False
88.93294838518952,23.810048174143816,0.30846985925037257,-0.41368282380800847,False,-0.24234887962265456,False,-0.04863217883617782,False
88.98294838518952,23.810048174143816,0.36298682828927176,0.06653448067037662,False,-0.2569104641174291,False,-0.12280191373144175,False
89.03294838518953,23.810048174143816,0.358397914855327,0.30234078240004847,False,-0.025943540362079076,False,-0.11942310777403164,False
89.08294838518952,23.810048174143816,0.3780598972157901,0.23117198601166317,False,0.37661220606934454,False,-0.04327189906839446,False
89.13294838518952,23.810048174143816,0.44548153113020106,-0.037957019117703994,False,0.6965464287582281,False,0.1262394226001815,False
89.18294838518952,23.810048174143816,0.4817205632755245,-0.0562022298510616,False,0.8104592477303127,False,0.3331746914945414,False
89.23294838518952,23.810048174143816,0.474106327522723,0.21864125338946377,False,0.7961991422312924,False,0.33107401986299567,False
89.28294838518953,23.810048174143816,0.4353495363979507,0.4280463297132372,False,0.747855208629635,False,0.0698982310532758,False
89.33294838518952,23.810048174143816,0.36390935721556505,0.4052857989621697,False,0.6127611299946176,False,-0.12337084680673505,False
89.38294838518952,23.810048174143816,0.2662304198028898,0.24735990457909707,False,0.3375080086466222,False,-0.18344639774890903,False
89.43294838518952,23.810048174143816,0.23502215502797946,0.12829016854437475,False,0.0451294039065102,False,-0.15098385253137508,False
89.48294838518952,23.810048174143816,0.2041355792520167,0.06990941136604617,False,-0.1765549363381494,False,-0.0653322920163747,False
89.53294838518953,23.810048174143816,0.2792178303753198,-0.0490272292051519,False,-0.42619741785206033,False,0.00547355498159835,False
89.58294838518952,23.810048174143816,0.45528253459529205,-0.4020559281025969,False,-0.6938478982417418,False,0.12434934384798918,False
89.63294838518952,23.810048174143816,0.5598614033416401,-0.6401975194182659,False,-0.8435640770281869,False,0.31765491941634416,False
89.68294838518952,23.810048174143816,0.5919601149989705,-0.702999335734752,False,-0.9188015644364314,False,0.45774682335534866,False
89.83294838518952,23.810048174143816,0.5862320420712522,-0.7772447860643235,False,-0.40947212745672223,False,0.32367392103327136,False
89.88294838518952,23.810048174143816,0.48769350156487445,-0.8044092363928388,False,-0.4191014276219639,False,0.19903944393950576,False
89.93294838518952,23.810048174143816,0.30151162128674963,-0.5302247211862039,False,-0.14021321893757344,False,0.1635788855333327,False
89.98294838518952,23.810048174143816,0.22537840893816194,-0.20883702264056275,False,0.05050757785009881,False,0.15127228321107467,False
90.03294838518953,23.810048174143816,0.25920455605549375,0.18080153140378485,False,0.0656453015497994,False,0.21126349285218352,False
90.08294838518952,23.810048174143816,0.304421241567643,0.64588689518182,False,0.11841992976727007,False,0.2925767050948789,False
90.13294838518952,23.810048174143816,0.2943126383525944,0.9834610523102132,False,0.22112553178250682,False,0.39707441963349527,False
90.18294838518952,23.810048174143816,0.5219419126103881,1.62242958838829,False,0.4272666824731538,False,0.5119012258040861,False
90.23294838518952,23.810048174143816,0.7181151756048321,2.7492272828807147,True,0.7103634223234538,True,0.6479837830853974,True
90.28294838518951,23.810048174143816,0.7419951759003854,3.37807506916438,True,0.8604003310759125,True,0.8236412267339487,True
90.33294838518952,23.810048174143816,0.6663706705514718,3.630051574387958,True,0.6163582215750739,True,1.1785714475494673,True
90.38294838518952,23.810048174143816,0.5603433460027295,4.830203513391862,True,0.06037501343292573,False,1.5796273841911899,True
90.43294838518952,23.810048174143816,0.5326270117422898,5.677151104800162,True,-0.13134141087799592,False,1.2744631142880714,True
90.48294838518952,23.810048174143816,0.5715600712478991,6.237916884919416,True,-0.280425780570729,False,0.33690436929467205,False
90.53294838518951,23.810048174143816,0.5244296031830588,5.342805956152574,True,-0.3659486021903366,False,-0.11150511768573658,False
90.58294838518952,23.810048174143816,0.16229539802896317,2.492504941043777,True,-0.33115399208796525,False,-0.14392021570652566,False
90.63294838518952,23.810048174143816,-0.22374841900918452,0.9123845065609684,False,-0.3393856942283453,False,0.03937198055258359,False
90.68294838518952,23.810048174143816,0.33424887674379783,0.5451021003059466,False,-0.43482349658118324,False,0.3385219889936152,False
90.73294838518952,23.810048174143816,0.547911363132648,0.3659381256380868,False,-0.5011041831649331,False,0.5567677926389631,True
90.78294838518951,23.810048174143816,0.6605848980801222,0.2051966366954815,False,-0.4767113378537833,False,0.6544878294275507,True
90.83294838518952,23.810048174143816,0.7155164705251061,-0.08696792165645939,False,-0.5594153314085771,False,0.6183815277897242,True
90.88294838518952,23.810048174143816,0.8016942139260644,-1.0136019783265147,False,-0.7923204766260936,False,0.4232269895995321,False
90.93294838518952,23.810048174143816,0.8685483669026055,-1.7144404356398106,False,-1.1170951947808718,True,0.10436803722837727,False
90.98294838518952,23.810048174143816,0.8729982431718238,-1.8207971317528044,False,-1.4687376122726545,True,-0.07415841271862736,False
91.03294838518951,23.810048174143816,0.7979509340702993,-1.4371219907599817,False,-1.7068220828781195,True,-0.17300551392601526,False
91.08294838518952,23.810048174143816,0.6205706207996656,-0.4485031020047032,False,-1.6069026219199194,False,-0.2019807324258417,False
91.13294838518952,23.810048174143816,0.378581542375031,0.302544527351942,False,-0.9844646664293447,False,-0.24427821923597692,False
91.18294838518952,23.810048174143816,0.4190272106894899,0.6760297876130589,False,-0.4241545223670603,False,-0.34033191139118,False
91.23294838518952,23.810048174143816,0.4864785131597183,0.7938643927927811,False,0.06624247711776643,False,-0.4324952266625435,False
88.58294838518952,23.76004817414381,0.4338139790250966,-0.5073980503719456,False,-1.7194192547613212,False,-0.13815424971463536,False
88.63294838518952,23.76004817414381,0.3975893271204058,-0.431669240792941,False,-1.6666457136039385,False,-0.09864011057871842,False
88.68294838518952,23.76004817414381,0.3185850004397463,-0.3132659820807454,False,-1.5261360732866605,False,-0.026854688624862663,False
88.73294838518952,23.76004817414381,0.187557700837123,-0.20716283996274,False,-1.3234890381332842,False,0.09213715342868548,False
88.78294838518953,23.76004817414381,0.11873370719062824,-0.28230195057141616,False,-1.1233681760462737,False,0.21890683326671911,False
88.83294838518952,23.76004817414381,0.20708861150735908,-0.7762625768303137,False,-0.914280512584525,False,0.24021678659871368,False
88.88294838518952,23.76004817414381,0.3223225392542393,-1.0669834970529255,False,-0.6189080336307033,False,0.14376020059821784,False
88.93294838518952,23.76004817414381,0.38360730041562663,-0.5202807712797162,False,-0.3099190109116758,False,-0.0036354631144071975,False
88.98294838518952,23.76004817414381,0.42515348461422153,0.40952140748862437,False,-0.47837512271413074,False,-0.1217858681328794,False
89.03294838518953,23.76004817414381,0.4519298462740162,1.1692819450192957,False,-0.5868045865110297,False,-0.05808452436713474,False
89.08294838518952,23.76004817414381,0.40192736434774,1.25300645237944,False,-0.1775841268731903,False,0.11038787304119302,False
89.13294838518952,23.76004817414381,0.35026674651583434,0.5218969537668544,False,0.4341021949869176,False,0.1863684193178331,False
89.18294838518952,23.76004817414381,0.4251028778911759,-0.2004113346388715,False,0.8431488116695093,False,0.21192540005347849,False
89.23294838518952,23.76004817414381,0.47981497356988956,-0.17896626209433153,False,0.995539295743777,False,0.06731732042371244,False
89.28294838518953,23.76004817414381,0.47175913398173475,0.15762646301725747,False,0.9056148045721426,False,-0.08347941361470734,False
89.33294838518952,23.76004817414381,0.4358026726368027,0.1281737670269858,False,0.6033701889065308,False,-0.1794173662636812,False
89.38294838518952,23.76004817414381,0.3826193237930559,-0.03871289023806308,False,0.24958128410866992,False,-0.2031836074159242,False
89.43294838518952,23.76004817414381,0.3275081251123406,-0.06558475888457029,False,0.03218367269960389,False,-0.11354151674709223,False
89.48294838518952,23.76004817414381,0.3281973320973878,-0.1167040648295064,False,-0.17907200362186715,False,0.016439184499036474,False
89.53294838518953,23.76004817414381,0.37286115283940047,-0.27866556040256873,False,-0.34611014805490214,False,0.03685049090968845,False
89.58294838518952,23.76004817414381,0.45992323512372707,-0.718941493473051,False,-0.46570878465464616,False,-0.05567211908129477,False
89.63294838518952,23.76004817414381,0.540350338824116,-0.9166945703539533,True,-0.5830449790673402,False,0.09631513539470568,False
89.68294838518952,23.76004817414381,0.5637742816041724,-0.9483955374135207,True,-0.7184962576708782,False,0.3164887594309833,False
89.73294838518952,23.76004817414381,0.5651664816702885,-0.9127017451452104,True,-0.7084170394944012,False,0.42225813112923144,False
89.78294838518953,23.76004817414381,0.5587983008484326,-0.8603898229838306,False,-0.6552330410913267,False,0.4417987662243732,False
89.88294838518952,23.76004817414381,0.42349348959162203,-0.7075070243322703,False,-0.545904180103969,False,0.25874205205798584,False
89.93294838518952,23.76004817414381,0.2888738343275643,-0.4944344971323597,False,-0.10540842857499605,False,0.21565544199283493,False
89.98294838518952,23.76004817414381,0.2500597171897905,-0.41740581775838953,False,0.07352063905290267,False,0.1891135040719855,False
90.03294838518953,23.76004817414381,0.3128078608772696,-0.35935333305481193,False,-0.0011272050129299688,False,0.24709080233988268,False
90.08294838518952,23.76004817414381,0.32908758269085797,-0.20965555901247745,False,-0.08134834542076788,False,0.3553944823961027,False
90.13294838518952,23.76004817414381,0.2755830554607826,0.07903011105757947,False,-0.0660088562359697,False,0.5125987622888126,False
90.18294838518952,23.76004817414381,0.376136881592375,0.9087403002200032,False,0.06560754303135274,False,0.6542269430200232,True
90.23294838518952,23.76004817414381,0.6753035062897398,2.1219944411713234,False,0.18880286482424208,False,1.000274786041297,True
90.28294838518951,23.76004817414381,0.7180127452198094,2.00624881115432,False,0.0254783444778051,False,1.4981143493668045,True
90.33294838518952,23.76004817414381,0.6598664422647156,0.6047079588164672,False,-0.138238302048191,False,1.9087660086338354,True
90.38294838518952,23.76004817414381,0.56045638108601,2.066361959852924,False,-0.07688673987210409,False,1.8813497145660398,True
90.43294838518952,23.76004817414381,0.5106557936112371,3.716962260476321,True,0.22080285324357452,False,1.481170112262034,True
90.48294838518952,23.76004817414381,0.5554554628087159,4.918370838520794,True,0.04900260269904885,False,0.5916850963202329,True
90.53294838518951,23.76004817414381,0.5737803793454194,5.5840457833085,True,-0.22961778300460364,False,-0.10045509317390888,False
90.58294838518952,23.76004817414381,0.4314981876411812,3.2389831047865423,True,-0.15716573516433527,False,-0.20146135855668754,False
90.63294838518952,23.76004817414381,0.14206345862092157,0.9256844685702097,False,-0.07229417092656301,False,-0.04348839932854484,False
90.68294838518952,23.76004817414381,0.2890575929990502,0.32873135486957067,False,-0.20851548978170642,False,0.2782793290957425,False
90.73294838518952,23.76004817414381,0.4366011123075354,0.4236930159079463,False,-0.42120835627288744,False,0.5544483020180719,True
90.78294838518951,23.76004817414381,0.5616569991059097,0.22769427404667153,False,-0.3921540436580623,False,0.6186008797235146,True
90.83294838518952,23.76004817414381,0.6538808905358094,-0.20034213981492585,False,-0.35509519067121587,False,0.5888581741828336,True
90.88294838518952,23.76004817414381,0.7831277717376198,-1.3371660820257794,False,-0.4500171813841504,False,0.4836401246212859,False
90.93294838518952,23.76004817414381,0.8680954189056902,-2.5155866251629018,False,-0.4912815555905856,False,0.15179313090924437,False
90.98294838518952,23.76004817414381,0.8780418960679607,-2.3747869680016604,False,-0.7846762457873828,False,-0.09793618949806782,False
91.03294838518951,23.76004817414381,0.8134722600086771,-1.361127430314058,False,-1.3197232781248522,False,-0.15102954453052084,False
91.08294838518952,23.76004817414381,0.6483218250705863,-0.3223239627224571,False,-1.6421623874469957,True,-0.10428612359354712,False
91.13294838518952,23.76004817414381,0.46773553230966647,0.2231263085717874,False,-1.3846825011012358,False,-0.1370785829060305,False
91.18294838518952,23.76004817414381,0.40712801813960764,0.6269793656232407,False,-0.8869378590953756,False,-0.21732888072731676,False
91.23294838518952,23.76004817414381,0.4503753685468374,0.8643077596608777,False,-0.4799853256361499,False,-0.3136556866527217,False
88.58294838518952,23.71004817414381,0.4690437669803392,-0.7009406928606535,False,-1.6047109533003814,False,-0.21141076866155178,False
88.63294838518952,23.71004817414381,0.45242005149393466,-0.6212948920355903,False,-1.6368879008053379,False,-0.1995217238093236,False
88.68294838518952,23.71004817414381,0.41786380383054866,-0.4907628038422072,False,-1.605231477688201,False,-0.18327173573665842,False
88.73294838518952,23.71004817414381,0.35496771335060656,-0.31121360855088664,False,-1.5238013920630962,False,-0.11945880506285259,False
88.78294838518953,23.71004817414381,0.2809408771034789,-0.4520164798862971,False,-1.4664745414885694,False,0.06619649217372453,False
88.83294838518952,23.71004817414381,0.3419527967895962,-1.555387194225293,False,-1.7442943614872437,False,0.1647897127055138,False
88.88294838518952,23.71004817414381,0.42031056987603815,-2.0028392296837843,False,-1.891093679198754,False,0.09981126710324534,False
88.93294838518952,23.71004817414381,0.4439948624217484,-0.6584748002883387,False,-1.175046965363655,False,-0.1098421583512175,False
88.98294838518952,23.71004817414381,0.47313921992620644,0.7664055243516508,False,-0.6874724296807645,False,-0.26954368994370614,False
89.03294838518953,23.71004817414381,0.5222613705150502,1.747665330033716,True,-0.8047126049932977,False,-0.21621422322855754,False
89.08294838518952,23.71004817414381,0.5066911148344212,2.352053663064199,True,-1.0052614260107133,False,0.1088091637494023,False
89.13294838518952,23.71004817414381,0.34065818484154187,1.8553648578827087,False,-0.4833444146772268,False,0.23923375010154047,False
89.18294838518952,23.71004817414381,0.214633183038461,0.7066637257604331,False,0.29755817043618116,False,0.13062327118547956,False
89.23294838518952,23.71004817414381,0.28067615462387585,0.04390967535017487,False,0.8228663897574197,False,-0.03365764102547136,False
89.28294838518953,23.71004817414381,0.33734940912738404,-0.30643557289062684,False,0.9388487248657866,False,-0.15214442801327677,False
89.33294838518952,23.71004817414381,0.37329864556414893,-0.5741197474328679,False,0.5424062407663925,False,-0.2530036935402983,False
89.38294838518952,23.71004817414381,0.3832921678908409,-0.4937962232225902,False,0.29451146816879364,False,-0.2368033373933403,False
89.43294838518952,23.71004817414381,0.3880261707363287,-0.3748316171379271,False,0.17547587900369313,False,-0.07603895336915523,False
89.48294838518952,23.71004817414381,0.42328035347186127,-0.42091408116999934,False,-0.005286642127324159,False,0.07419822579407517,False
89.53294838518953,23.71004817414381,0.4880428972526561,-0.6346303664898093,False,-0.11265247311144734,False,0.03151943785628114,False
89.58294838518952,23.71004817414381,0.5372336916135114,-0.8873359804879204,False,-0.23225633245526792,False,-0.053717572696047156,False
89.63294838518952,23.71004817414381,0.5643397832170353,-0.9715659586749295,True,-0.4208026262739162,False,0.07444420746038063,False
89.68294838518952,23.71004817414381,0.5461213074210257,-1.0910835473830407,True,-0.5972599582636544,False,0.2830828947436807,False
89.73294838518952,23.71004817414381,0.5071942348439249,-1.0579756815882373,True,-0.6093620969592933,False,0.3778540255408618,False
89.78294838518953,23.71004817414381,0.47247933379533524,-0.9312489494578007,False,-0.6150647336006722,False,0.3815533982541563,False
89.83294838518952,23.71004817414381,0.4200478854936089,-0.7415664210298437,False,-0.690687181587387,False,0.3446873299798601,False
90.03294838518953,23.71004817414381,0.477335565407137,-0.805065809384445,False,0.006361819632617394,False,0.32591923067330586,False
90.08294838518952,23.71004817414381,0.5031702950554672,-0.5447005629591424,False,-0.22669177735643298,False,0.45467316633979654,False
90.13294838518952,23.71004817414381,0.40165998667825603,-0.30002024566130503,False,-0.3271314908916726,False,0.627831003527652,False
90.18294838518952,23.71004817414381,0.39796247363142107,0.1878659192279038,False,-0.3310486404339874,False,0.9374765149275168,True
90.23294838518952,23.71004817414381,0.5637328899569438,1.034102747404858,False,-0.31937668488111354,False,1.2505660178007942,True
90.28294838518951,23.71004817414381,0.6576816697287623,0.09197002463085031,False,-0.3468053186186545,False,1.6777277467964595,True
90.33294838518952,23.71004817414381,0.6472199266897452,-3.228831777430969,True,-0.24587764766807713,False,2.069801921298657,True
90.38294838518952,23.71004817414381,0.5859742437237754,-2.3927238243062323,False,-0.0318950997242282,False,1.8916067373908314,True
90.43294838518952,23.71004817414381,0.5320674333161146,0.5001607079167222,False,0.10815547167696513,False,1.5721296049391698,True
90.48294838518952,23.71004817414381,0.538797384827593,1.865779359589821,True,0.4069087506849879,False,1.1480607449367257,True
90.53294838518951,23.71004817414381,0.5744159498823046,2.7867483142244067,True,0.17235659937968859,False,0.4102986004726613,False
90.58294838518952,23.71004817414381,0.5733923904723767,2.7482624920604346,True,0.027114524055514733,False,-0.0016749981724446146,False
90.63294838518952,23.71004817414381,0.5007859338623789,1.0666302190994976,False,0.08025047881254335,False,0.04490551753802101,False
90.68294838518952,23.71004817414381,0.3270128468877503,0.10051325994602028,False,-0.007337432537479718,False,0.2996271525585509,False
90.73294838518952,23.71004817414381,0.33112466486592657,0.02146638368034612,False,-0.2057751883165079,False,0.5116133105960992,False
90.78294838518951,23.71004817414381,0.5175365008767555,-0.32189605193934295,False,-0.2067778858936426,False,0.5052651635896833,False
90.83294838518952,23.71004817414381,0.6635597334610114,-1.2823965047343109,False,-0.17970433747235004,False,0.5376381130907029,False
90.88294838518952,23.71004817414381,0.765822569419728,-2.73705672245171,False,-0.011671059207619058,False,0.4949830159365419,False
90.93294838518952,23.71004817414381,0.8299542766659597,-3.4719349599982916,True,0.1631560444133001,False,0.17892460010543315,False
90.98294838518952,23.71004817414381,0.8316200937822459,-2.6141785354395166,True,-0.10952516530534494,False,-0.012478992502761861,False
91.03294838518951,23.71004817414381,0.7638459940157498,-1.161172283047434,False,-0.7541100596559065,False,-0.06739319925625219,False
91.08294838518952,23.71004817414381,0.6058770873650972,-0.22900879871157312,False,-1.2333635910632705,False,-0.06587379210250874,False
91.13294838518952,23.71004817414381,0.44847109812879005,0.303074643942292,False,-1.2991341066447952,False,-0.07806779954242953,False
91.98294838518952,23.71004817414381,0.36897773218103247,-1.4331838176870888,False,-0.4558718722676692,False,0.010923884789124899,False
92.13294838518952,23.71004817414381,0.34088049908854134,-1.1154672737930447,False,-0.42626608719911663,False,-0.0477078886744426,False
92.18294838518952,23.71004817414381,0.3202744819423641,-1.0391760086510644,False,-0.40781283766116566,False,-0.04787668401876693,False
92.28294838518951,23.71004817414381,0.27895199067088194,-0.9828174593811775,False,-0.36039014025167304,False,-0.02354381300041125,False
88.58294838518952,23.66004817414381,0.503896849778874,-0.879790657785936,False,-1.4900541692869742,False,-0.2784598910898857,False
88.63294838518952,23.66004817414381,0.506933973305476,-0.8488792911218151,False,-1.5714257988232005,False,-0.28582470983354014,False
88.68294838518952,23.66004817414381,0.5149464867838865,-0.8467954059452032,False,-1.6419112856700404,False,-0.3035649796919777,False
88.73294838518952,23.66004817414381,0.5330717721693926,-0.9569273083741112,False,-1.773756806041991,False,-0.2833783318150328,False
88.78294838518953,23.66004817414381,0.5181493220349506,-1.1812505268337739,False,-1.9232310515946078,False,-0.14785669791875036,False
88.83294838518952,23.66004817414381,0.5058663315012436,-1.9055588639885608,False,-2.215624953958162,False,-0.05931504312751207,False
88.88294838518952,23.66004817414381,0.5127626133487276,-2.3439852784051336,False,-2.9048868475561873,False,-0.172767555925894,False
88.93294838518952,23.66004817414381,0.5044323503403391,-0.8410716982055211,False,-2.3706662193982715,False,-0.42930263264977553,False
88.98294838518952,23.66004817414381,0.518931640971576,1.141534458468053,False,-0.85081144800914,False,-0.5820158398159256,False
89.03294838518953,23.66004817414381,0.5866863799697257,2.011120977006249,True,-0.5492048815021436,False,-0.4634713674163518,False
89.08294838518952,23.66004817414381,0.6261577631645617,2.5781402420194888,True,-0.9965143665831837,False,-0.1779395066763505,False
89.13294838518952,23.66004817414381,0.5856540608914775,2.406198827154003,True,-0.9342723051423157,False,-0.06366039863767814,False
89.18294838518952,23.66004817414381,0.45957673747163336,1.1875064153691464,False,-0.27953176824931786,False,-0.14815524500467026,False
89.23294838518952,23.66004817414381,0.25856714573209866,0.20726999928808643,False,0.12475343261885519,False,-0.20203007868060363,False
89.28294838518953,23.66004817414381,0.047763865739356176,-0.30361709770069845,False,0.3937423199369888,False,-0.18251730595890486,False
89.33294838518952,23.66004817414381,0.0340852022074242,-0.6001475838952928,False,0.7261849183865201,False,-0.11412880267340847,False
89.38294838518952,23.66004817414381,0.1604204098899748,-0.809049127184585,False,0.8854835611776692,False,-0.06069777955845784,False
89.43294838518952,23.66004817414381,0.26349126902928655,-0.8924669961817902,False,0.7068263321587893,False,0.01332375614208331,False
89.48294838518952,23.66004817414381,0.39651891502660847,-0.9141762590339242,False,0.4594877542239628,False,0.11065462459028658,False
89.53294838518953,23.66004817414381,0.5281641716220793,-0.8461454590049022,False,0.2947348140695636,False,0.11125068557932477,False
89.58294838518952,23.66004817414381,0.5849412962006689,-0.7355664933389863,False,0.09432989647542575,False,0.10558221271193559,False
89.63294838518952,23.66004817414381,0.5936938576745026,-0.829632451355913,False,-0.12822870055645091,False,0.13947750016793237,False
89.68294838518952,23.66004817414381,0.5124851998940475,-0.9557323365976429,True,-0.33938774324183296,False,0.2500531019603531,False
89.73294838518952,23.66004817414381,0.42886008595013725,-1.0037998029986768,False,-0.5031161794186427,False,0.2832303226981868,False
89.78294838518953,23.66004817414381,0.3634528092520139,-0.8926921107021621,False,-0.5658606010968645,False,0.2459102417426988,False
89.83294838518952,23.66004817414381,0.29832865084742655,-0.6827629157192253,False,-0.6215336568385974,False,0.22762364321770723,False
89.88294838518952,23.66004817414381,0.25183164175149664,-0.3668383683419223,False,-0.5978126211431866,False,0.26028473817959413,False
90.03294838518953,23.66004817414381,0.5834098889561019,-0.8491642580930423,False,0.04265950600975693,False,0.41432285026043975,False
90.08294838518952,23.66004817414381,0.6031940290289035,-0.37217636613912985,False,-0.28973029920099796,False,0.6257417408949095,False
90.13294838518952,23.66004817414381,0.5379773996275152,-0.21366642928382873,False,-0.43542691547680346,False,0.6688777725036662,False
90.18294838518952,23.66004817414381,0.3536483923563007,-0.11240136893644773,False,-0.3849324913908019,True,0.7362109069298886,True
90.23294838518952,23.66004817414381,0.4400966414321085,0.11198628983609382,False,-0.29754919249635986,False,0.9493284812195626,True
90.28294838518951,23.66004817414381,0.5201859235451273,-0.5331725817788289,False,-0.30395083434318326,False,1.2449033457515988,True
90.33294838518952,23.66004817414381,0.5915346187075948,-2.6331492065437763,True,-0.2536093009779426,False,1.668233278200658,True
90.38294838518952,23.66004817414381,0.5963022803709394,-4.188784124864947,True,0.03823228933096351,False,1.7256378349755206,True
90.43294838518952,23.66004817414381,0.5750809630880704,-1.6940714299385802,False,0.15805513542244093,False,1.4668918489763647,True
90.48294838518952,23.66004817414381,0.5681040620958039,-0.124147339976514,False,0.508954831961943,True,1.2131863801689713,True
90.53294838518951,23.66004817414381,0.6007349261119556,-0.1287432265253725,False,0.6805691869921804,True,0.9849794851815503,True
90.58294838518952,23.66004817414381,0.6573012637964287,0.3725379711425967,False,0.40263358792572956,False,0.6370258874632987,True
90.63294838518952,23.66004817414381,0.6130745132089999,0.3681975569029844,False,0.1991252806785171,False,0.48738244846579687,False
90.68294838518952,23.66004817414381,0.35993965720827276,-0.5519121658049918,False,0.11762088798647156,False,0.4531020070814641,False
90.73294838518952,23.66004817414381,0.3982488638300361,-0.9953203080722608,False,-0.04814155644458241,False,0.4497531528603801,False
90.78294838518951,23.66004817414381,0.5783887041543804,-1.8884535123019286,False,-0.19234517821964853,False,0.5207151122767972,False
90.83294838518952,23.66004817414381,0.6751412594430585,-3.4198005045568074,True,-0.027921260965195788,False,0.5658596933538482,False
90.88294838518952,23.66004817414381,0.7242406217969871,-4.11335962021116,True,0.4080100891435896,False,0.3175010951390908,False
90.93294838518952,23.66004817414381,0.7387198532624674,-3.3456997255889807,True,0.42167509616090737,False,0.140834831816318,False
90.98294838518952,23.66004817414381,0.7132039077043292,-2.2825084354913296,True,0.2976115547275646,False,0.12556609208010466,False
91.03294838518951,23.66004817414381,0.6229365901285828,-1.0420362042258033,False,-0.19322074972089062,False,-0.002552869425477604,False
91.08294838518952,23.66004817414381,0.4431250918028615,-0.10737187282900004,False,-0.6743272961775524,False,-0.04326194227645158,False
91.13294838518952,23.66004817414381,0.3551607245894478,0.42413814887679097,False,-0.8609244631387003,False,-0.04602860160902347,False
91.18294838518952,23.66004817414381,0.388329101193677,0.7215425651798593,False,-0.777510218918209,False,-0.05017063025334556,False
91.98294838518952,23.66004817414381,0.37794174700489924,-1.4003929278836629,False,-0.48101926485503055,False,0.007256899951959009,False
92.03294838518951,23.66004817414381,0.3831625689641292,-1.2943486460729416,False,-0.4925771635246154,False,-0.03723184352430524,False
92.08294838518952,23.66004817414381,0.37409277956892634,-1.1723429824754534,False,-0.4804325032099368,False,-0.06559236180965713,False
92.13294838518952,23.66004817414381,0.3545334656934903,-1.073426690692283,False,-0.46239503917838753,False,-0.07502007163562523,False
92.18294838518952,23.66004817414381,0.32650945240155366,-1.002877445868326,False,-0.4362865096345193,False,-0.07145708905639485,False
92.23294838518952,23.66004817414381,0.29438729556395726,-0.978980671189726,False,-0.40043372316502035,False,-0.05396880863489458,False
92.28294838518951,23.66004817414381,0.2763585717990219,-1.0715384069963314,False,-0.3667630698778406,False,-0.02201671757666898,False
88.63294838518952,23.610048174143813,0.5325524669293745,-1.0406842825714557,False,-1.4645828947588662,False,-0.35211237677080276,False
88.68294838518952,23.610048174143813,0.5647692061016573,-1.219020622480778,False,-1.618475581299744,False,-0.3673577744382608,False
88.73294838518952,23.610048174143813,0.5991224888668746,-1.420080868779552,False,-1.7806899518500727,False,-0.3637794403009522,False
88.78294838518953,23.610048174143813,0.6166977806410584,-1.341433288019569,False,-1.9124305617938773,False,-0.29991599661369345,False
88.83294838518952,23.610048174143813,0.6092051039916665,-1.4755496692091432,False,-2.064976828533187,False,-0.2992835193228099,False
88.88294838518952,23.610048174143813,0.5785524397641804,-1.6610683755764513,False,-2.5830005585277336,False,-0.44372884026749804,False
88.93294838518952,23.610048174143813,0.5099593062775667,-0.6919565639713342,False,-2.353538870293022,False,-0.6006996885462057,False
88.98294838518952,23.610048174143813,0.49868647736668487,0.945870491716744,False,-1.0064454751348637,False,-0.6523204850759646,False
89.03294838518953,23.610048174143813,0.6040215267710229,1.803229147015582,True,-0.5565170676192227,False,-0.5538505368590154,False
89.08294838518952,23.610048174143813,0.6883385252234634,2.2853696955157785,True,-1.1357229965634237,False,-0.4312799157302972,False
89.13294838518952,23.610048174143813,0.7199106821555258,2.4626039570180525,True,-1.8099227718554705,False,-0.31042360621868287,False
89.18294838518952,23.610048174143813,0.6877518633321692,1.5094686530921924,False,-1.4407188175452637,False,-0.3092719815546108,False
89.23294838518952,23.610048174143813,0.5563761712372485,0.31879980935055197,False,-1.0009472888673852,False,-0.3201054204089403,False
89.28294838518953,23.610048174143813,0.28477263021913196,-0.2897136769755355,False,-0.6031438420886608,False,-0.2653426085966871,False
89.33294838518952,23.610048174143813,0.06164154695034776,-0.6400759952814195,False,0.0329159118875304,False,-0.14315386522115225,False
89.38294838518952,23.610048174143813,0.13407920974110346,-1.0682231751873388,False,0.8304052812987213,False,0.008023831905436207,False
89.43294838518952,23.610048174143813,0.26222970625953834,-1.3295138480612627,False,1.1259162319622265,False,0.04638629394862856,False
89.48294838518952,23.610048174143813,0.3487583282305441,-1.2311466556592046,False,0.9792577447424625,False,0.11208632403494395,False
89.53294838518953,23.610048174143813,0.4342284962468527,-1.0178081514125692,False,0.8389378834140792,False,0.14074962648596157,False
89.58294838518952,23.610048174143813,0.47875450482502696,-0.6904794072736882,False,0.6174653916803873,False,0.16353330172003405,False
89.63294838518952,23.610048174143813,0.481481067699408,-0.5089863905938645,False,0.3388061601423895,False,0.13758017617563423,False
89.68294838518952,23.610048174143813,0.3393328218114607,-0.6231323315525115,False,0.13144990194002687,False,0.11268784796333134,False
89.73294838518952,23.610048174143813,0.26160380451184057,-0.7155862747460827,False,-0.3001256210804949,False,0.08407831150383482,False
89.78294838518953,23.610048174143813,0.19906674561244514,-0.6572028761889496,False,-0.45000936652983137,False,0.04977179684946115,False
89.83294838518952,23.610048174143813,0.1797362578565068,-0.4203719914199926,False,-0.5551989332486417,False,0.08587773807210058,False
89.88294838518952,23.610048174143813,0.20047167070489866,-0.1602061196435675,False,-0.5848491847064321,False,0.19063826616907772,False
90.08294838518952,23.610048174143813,0.6550220643754134,-0.004245013585239488,False,-0.24217340852493335,False,0.7579704362077724,True
90.13294838518952,23.610048174143813,0.6007379718799953,0.12229762309634228,False,-0.33450901295054886,False,0.7439651708486981,True
90.18294838518952,23.610048174143813,0.4101803630291964,0.009684923744862128,False,-0.35150751422472026,False,0.46366444738591117,False
90.23294838518952,23.610048174143813,0.22695984500993027,-0.026321310566217143,False,-0.29225443315023847,False,0.5104971223735284,True
90.28294838518951,23.610048174143813,0.34754570318875044,-0.11680410100888716,False,-0.2606266100441084,False,0.7953120613508651,True
90.33294838518952,23.610048174143813,0.4884239134564288,-0.4136463562790766,False,-0.21351157198224865,False,1.052904528887685,True
90.38294838518952,23.610048174143813,0.5509529078295515,-1.3481088591008423,True,-0.05408569892781295,False,1.198105230404431,True
90.43294838518952,23.610048174143813,0.6026122592184996,-1.4665864850434702,False,0.23848836148777874,False,1.1197407870004832,True
90.48294838518952,23.610048174143813,0.6403486020179586,-0.7601949658316269,False,0.5380015594675199,True,0.9436083752850777,True
90.53294838518951,23.610048174143813,0.6739834676056681,-0.7448256122672567,False,0.5994024142030496,True,0.9648704854524741,True
90.58294838518952,23.610048174143813,0.711572139047006,-0.7092504554043999,False,0.44783075081694695,False,1.037019162832398,True
90.63294838518952,23.610048174143813,0.6472052993376639,-0.6215701589181534,False,0.26600459932573806,False,0.8293231412083191,True
90.68294838518952,23.610048174143813,0.43658813606043234,-1.1104763541139304,False,0.15017668452967675,False,0.4096990331128462,False
90.73294838518952,23.610048174143813,0.4976129485703371,-1.753899307395922,False,-0.023646205668872093,False,0.28927892767811925,False
90.78294838518951,23.610048174143813,0.5942244484348016,-2.606743483361651,True,-0.23426588639300566,False,0.37291376681136024,False
90.83294838518952,23.610048174143813,0.629375409611095,-3.461666829319446,True,-0.08831309664475984,False,0.3439711186156355,False
90.88294838518952,23.610048174143813,0.6220875735398793,-3.1866140129776133,True,0.23984513803600732,False,0.09291442949105647,False
90.93294838518952,23.610048174143813,0.5812805867844771,-2.0218369204978117,False,0.2815259673409235,False,-0.00933835245251477,False
90.98294838518952,23.610048174143813,0.5078376827707963,-1.1250830517425103,False,0.27574588577363734,False,0.06371043155772702,False
91.03294838518951,23.610048174143813,0.41674969711459975,-0.35227954792729754,False,-0.02879942186768028,False,-0.05349512842127709,False
91.08294838518952,23.610048174143813,0.2804141131533008,0.25299725645391763,False,-0.29873044786470104,False,-0.059893801421617945,False
91.13294838518952,23.610048174143813,0.29690903094798965,0.3528471865983023,False,-0.28413026265621905,False,0.019343909000491627,False
91.98294838518952,23.610048174143813,0.39382759224958097,-1.2345635297332826,False,-0.44616083976358933,False,-0.03877894317789209,False
92.03294838518951,23.610048174143813,0.40803530969158625,-1.0937742766123393,False,-0.5297894478615296,False,-0.08917299361372025,False
92.08294838518952,23.610048174143813,0.4033513518916617,-1.0017300328346321,False,-0.5575793204248102,False,-0.12316556082595247,False
92.13294838518952,23.610048174143813,0.3768970439184118,-0.9616428202741265,False,-0.5376574218101199,False,-0.13085048638261043,False
92.18294838518952,23.610048174143813,0.33380678617146786,-0.968613396707783,False,-0.49472688969311995,False,-0.11289389463797213,False
92.23294838518952,23.610048174143813,0.30403308360536857,-1.1002246793056527,False,-0.43992653653544,False,-0.05789858461970432,False
92.28294838518951,23.610048174143813,0.31349243397969745,-1.4089967081243238,False,-0.3979319533936565,False,0.007084532694578691,False
88.68294838518952,23.560048174143816,0.5566417056940903,-1.0930481981147522,False,-1.2986628829290432,False,-0.3539931542980377,False
88.73294838518952,23.560048174143816,0.5750652006257622,-0.7466390646279129,False,-1.2998795166301487,False,-0.29186475254766314,False
88.78294838518953,23.560048174143816,0.5748038538292681,-0.2524294771299649,False,-1.3950002145332356,False,-0.24204115829106876,False
88.83294838518952,23.560048174143816,0.5743084729552007,-0.21665779545380848,False,-1.2952814269963002,False,-0.26697247095179466,False
88.88294838518952,23.560048174143816,0.5382473964602114,-0.38177489850628066,False,-1.286739555128578,False,-0.36971075422441335,False
88.93294838518952,23.560048174143816,0.42171939409204284,-0.4074464194124737,False,-1.341321694284655,False,-0.37525177090683837,False
88.98294838518952,23.560048174143816,0.3861050496695554,0.33907362600858637,False,-0.9825180785819961,False,-0.427937039407005,False
89.03294838518953,23.560048174143816,0.5502843297748459,1.1250261439372953,False,-0.7144867717636311,False,-0.44474343448649845,False
89.08294838518952,23.560048174143816,0.699704441362382,1.6734163855645687,False,-1.6374304374234063,False,-0.4499706739875249,False
89.13294838518952,23.560048174143816,0.7713325415688621,2.137557862401462,False,-2.768752563828255,False,-0.3506673357352671,False
89.18294838518952,23.560048174143816,0.776516398615701,1.7144564041776498,False,-2.8742595262973083,True,-0.2682684197767603,False
89.23294838518952,23.560048174143816,0.7262146982046851,0.7952368939639618,False,-2.465763629743173,True,-0.2595556562322843,False
89.28294838518953,23.560048174143816,0.6381675053128381,0.1076158802480276,False,-1.8828560908607073,True,-0.3086336195890522,False
89.33294838518952,23.560048174143816,0.5334044666553424,-0.36978047353483956,False,-1.089078929983894,False,-0.31428282979138283,False
89.38294838518952,23.560048174143816,0.5048100783804124,-0.8978685969799601,False,-0.1793407026907281,False,-0.26609498465116765,False
89.43294838518952,23.560048174143816,0.506572789186409,-1.3943651262212486,False,0.6736264655952293,False,-0.1546581780015714,False
89.48294838518952,23.560048174143816,0.5134221837135453,-1.6053441452748682,False,1.3444922763015554,False,-0.06613596569856918,False
89.53294838518953,23.560048174143816,0.5241421445922861,-1.3490499596065648,False,1.4632489344220563,False,0.010346502067099264,False
89.58294838518952,23.560048174143816,0.47513627506421124,-0.9096331076203272,False,1.3107561534935703,False,0.0485039524153139,False
89.63294838518952,23.560048174143816,0.3841839851621988,-0.4285507457483598,False,0.9185744785833758,False,0.02420347416732123,False
89.68294838518952,23.560048174143816,0.21602460861091255,-0.2584691155991616,False,0.668232011194708,False,-0.040380829245663746,False
89.73294838518952,23.560048174143816,0.05862467225838872,-0.2738829518803283,False,0.1829431311840884,False,-0.08185261959173414,False
89.78294838518953,23.560048174143816,0.11854846747431293,-0.22176566226104333,False,-0.23598033575605742,False,-0.08410693376850009,False
89.83294838518952,23.560048174143816,0.193404956216882,-0.2092347145790193,False,-0.4603637227640762,False,0.004547664536856427,False
89.88294838518952,23.560048174143816,0.27318177908815333,-0.2638618860376585,False,-0.6088877587566636,False,0.16717260410679524,False
89.93294838518952,23.560048174143816,0.39381264460561677,-0.4813032484513504,False,-0.6642490098091961,False,0.30839105921977356,False
89.98294838518952,23.560048174143816,0.5399406948226267,-0.454062848968909,False,-0.5179794450888254,False,0.4285440859030233,False
90.18294838518952,23.560048174143816,0.4783295600312777,0.29603070900014494,False,-0.14943261218579174,False,0.5007435614214981,False
90.23294838518952,23.560048174143816,0.23402163171567308,-0.04549870824340868,False,-0.3268445771809747,True,0.27328936656987385,False
90.28294838518951,23.560048174143816,0.11857928651117924,-0.045718713019997324,False,-0.3404127049341412,True,0.4173079415424648,False
90.33294838518952,23.560048174143816,0.31551469489901307,0.01307591536287979,False,-0.2822939739147462,False,0.6919555838781202,True
90.38294838518952,23.560048174143816,0.49795634918042975,-0.280235369556224,False,-0.1490715076519687,False,0.8940112062098893,True
90.43294838518952,23.560048174143816,0.6160946897858381,-0.8843381857207618,False,0.13415145304657652,False,0.9255193124002983,True
90.48294838518952,23.560048174143816,0.692027820704095,-1.0479996260003563,True,0.39592726811636547,False,0.8558512958556055,True
90.53294838518951,23.560048174143816,0.7459619382272236,-1.0253059555201554,True,0.4192152622933648,False,0.922387362960524,True
90.58294838518952,23.560048174143816,0.7715253173079593,-0.988450194190794,False,0.3138866085328991,False,0.9616688433504286,True
90.63294838518952,23.560048174143816,0.7161546255619425,-1.1425882953154365,False,0.21563768841682945,False,0.7092583325068413,False
90.68294838518952,23.560048174143816,0.5739830684939522,-1.5618403609099507,False,0.10947799273737158,False,0.27159068609793174,False
90.73294838518952,23.560048174143816,0.572760608434559,-1.9808710614148493,True,-0.06532614316921423,False,0.09622652556783551,False
90.78294838518951,23.560048174143816,0.5948632860480733,-2.0269676608381215,False,-0.36857440107438766,False,0.10264396746695723,False
90.83294838518952,23.560048174143816,0.5617996710950106,-1.6439812406550702,False,-0.5424670741974195,False,0.08186658180036252,False
90.88294838518952,23.560048174143816,0.4662898034068403,-0.7350026403844585,False,-0.35835623197235716,False,-0.13466186681791187,False
90.93294838518952,23.560048174143816,0.3472827314691048,0.32684707169804694,False,-0.19852518950606948,False,-0.20163151384839229,False
90.98294838518952,23.560048174143816,0.25696344243122277,0.8723946909792115,False,-0.05130190775621228,False,-0.07059018485974702,False
91.03294838518951,23.560048174143816,0.23893046357856637,0.7254878034750802,False,-0.12422571297418558,False,-0.10393163128937256,False
91.08294838518952,23.560048174143816,0.27372872301823425,0.31170070449179044,False,-0.029145535774793646,False,-0.017966505938504282,False
91.13294838518952,23.560048174143816,0.3320174712090847,-0.22816338691444854,False,0.20751265366037086,False,0.11116832106672872,False
91.18294838518952,23.560048174143816,0.37161124780959076,-0.4828753056671574,False,0.38526185831610604,False,0.21059858905711706,False
91.98294838518952,23.560048174143816,0.40166691159357126,-0.9278378649353602,False,-0.38636008601881816,False,-0.11412714643518167,False
92.03294838518951,23.560048174143816,0.4350841980443922,-0.47799330700277654,False,-0.5272866160793607,False,-0.20770205226772537,False
92.08294838518952,23.560048174143816,0.44770420296686003,-0.2588584612579772,False,-0.650280040415973,False,-0.2576853646580397,False
92.13294838518952,23.560048174143816,0.4179258427687951,-0.508037225758831,False,-0.7049188188852941,False,-0.2500429142952994,False
92.18294838518952,23.560048174143816,0.34480906844737036,-1.098297662418825,False,-0.6321195090805996,False,-0.16924387569717497,False
92.23294838518952,23.560048174143816,0.3329657812345559,-1.4916748224046987,False,-0.5182735701453877,False,-0.04466980455439503,False
92.28294838518951,23.560048174143816,0.35393275026687304,-1.9627968559072944,False,-0.4393365549493654,False,0.04239547139467585,False
88.73294838518952,23.51004817414381,0.5715804613719626,0.8136534743696362,False,-1.1104492420240681,False,-0.18687963400570376,False
88.78294838518953,23.51004817414381,0.5533169673530673,1.3266888724698476,False,-1.0969785573719286,False,-0.2056990355931435,False
88.83294838518952,23.51004817414381,0.5045374044108129,1.0746833662039141,False,-0.7223762826513084,False,-0.2208837744755316,False
88.88294838518952,23.51004817414381,0.461721955611639,0.3079896529442221,False,-0.277768554899987,False,-0.24333904407863333,False
88.93294838518952,23.51004817414381,0.35916915321634696,-0.07635653678473475,False,-0.41901328812532,False,-0.20291468354237063,False
88.98294838518952,23.51004817414381,0.27159595859728003,-0.03113121346809554,False,-0.9911943613247249,False,-0.234046950127247,False
89.03294838518953,23.51004817414381,0.40296574238768346,0.4362570762254403,False,-1.1646432755082214,False,-0.3091298110372743,False
89.08294838518952,23.51004817414381,0.6296570162816055,0.9652436130748865,False,-1.8135792477993429,False,-0.3135352435469302,False
89.13294838518952,23.51004817414381,0.7570569284765416,1.4862962978156804,False,-2.6567991113645126,False,-0.26130248991297417,False
89.18294838518952,23.51004817414381,0.7835331163513873,1.2585461147159678,False,-2.98404581783704,False,-0.1942635429453904,False
89.23294838518952,23.51004817414381,0.7725374784827965,0.6859558585358833,False,-2.976782173662132,True,-0.20797998729083175,False
89.28294838518953,23.51004817414381,0.7516322157210902,0.11342764468193658,False,-2.486082055811716,True,-0.29283223996977537,False
89.33294838518952,23.51004817414381,0.7311528649910605,-0.29943264910887957,False,-1.7067901944721555,False,-0.41036595178706575,False
89.38294838518952,23.51004817414381,0.7073834820856555,-0.3728945649135955,False,-0.9960706767653195,False,-0.3937812254752597,False
89.43294838518952,23.51004817414381,0.6871341962997815,-0.6974829437464184,False,-0.47481442852221306,False,-0.24192186690343365,False
89.48294838518952,23.51004817414381,0.6803720190099005,-1.0459479886854872,False,0.4247906094407605,False,-0.13420749903409754,False
89.53294838518953,23.51004817414381,0.6825500031109542,-1.2739299777499222,False,1.5672880677556398,False,-0.10512842110922896,False
89.58294838518952,23.51004817414381,0.6577290287775599,-0.9351815416509284,False,1.7991042374207216,False,-0.06466718889173423,False
89.63294838518952,23.51004817414381,0.600422293235239,-0.44738405699579936,False,1.5152418482646866,False,-0.060523050262187364,False
89.68294838518952,23.51004817414381,0.49891266406336077,-0.16763628091686567,False,1.1117688364551235,False,-0.07190084525309422,False
89.73294838518952,23.51004817414381,0.26850680220204437,-0.18483337735002753,False,0.7057884514697292,False,-0.046992960006864676,False
89.78294838518953,23.51004817414381,0.17783598175949764,-0.19641238745643402,False,0.17523713758842313,False,-0.026703932041089257,False
89.83294838518952,23.51004817414381,0.3020466553842619,-0.26637366095070036,False,-0.28938012083686504,False,0.05988925763933817,False
89.88294838518952,23.51004817414381,0.4013106653858282,-0.32701150832336945,False,-0.5431672156042351,False,0.1779183519718898,False
89.93294838518952,23.51004817414381,0.4583794754141575,-0.42750066808288034,False,-0.6186213387674565,False,0.23747176398271724,False
89.98294838518952,23.51004817414381,0.5259215392499027,-0.4162750178943696,False,-0.5169873151439728,False,0.30718444775379444,False
90.03294838518953,23.51004817414381,0.633765855174751,0.14275296621190836,False,-0.166929470318471,False,0.5322538846628336,False
90.23294838518952,23.51004817414381,0.47504611955643417,0.1979296629632878,False,-0.21823126772882306,False,0.557894466332748,True
90.28294838518951,23.51004817414381,0.39294466286006263,0.004881618242252753,False,-0.43549271428360764,True,0.4533251439899368,False
90.33294838518952,23.51004817414381,0.3887887669442349,0.04713283038191432,False,-0.42957130824254547,True,0.5334167830309534,True
90.38294838518952,23.51004817414381,0.5002409015495615,-0.08608539088782888,False,-0.30086100191541176,False,0.7329281776323129,True
90.43294838518952,23.51004817414381,0.6359316902420671,-0.8032139749910221,False,0.03478535628313037,False,0.8096749116368809,True
90.48294838518952,23.51004817414381,0.7471697540413123,-1.1761368732503574,True,0.28477695484488574,False,0.8499345404438886,True
90.53294838518951,23.51004817414381,0.806877584351228,-1.1730692647469543,True,0.2724953047081082,False,0.924269849143448,True
90.58294838518952,23.51004817414381,0.8182184115801595,-1.2528778178911824,True,0.20781851213785643,False,0.8197397615661571,False
90.63294838518952,23.51004817414381,0.7845659991705093,-1.4868506303452684,True,0.15092412144926232,False,0.48818867358447793,False
90.68294838518952,23.51004817414381,0.6769097318627151,-1.9110342827868636,True,0.07578802953792609,False,0.11962056751729948,False
90.73294838518952,23.51004817414381,0.6209926466601119,-2.2080893047449672,True,-0.07135580204433323,False,-0.0018724880898154384,False
90.78294838518951,23.51004817414381,0.6204339846226108,-2.092782757869203,True,-0.3939848671357614,False,0.1055475577993775,False
90.83294838518952,23.51004817414381,0.5530243705105721,-1.453539542131486,False,-0.6323195294185879,False,0.1101862245031164,False
90.88294838518952,23.51004817414381,0.39867363608128076,-0.4976445778030696,False,-0.4777427689536673,False,-0.050914030572093455,False
90.93294838518952,23.51004817414381,0.2234330130089556,0.7999234828179029,False,-0.3170267481114216,False,-0.1326141299261433,False
90.98294838518952,23.51004817414381,0.21243884307494207,1.7270060148411588,False,-0.16708705238611896,False,-0.017152133325748355,False
91.03294838518951,23.51004817414381,0.2407396857824981,0.9000404778478956,False,0.025362093037067546,False,-0.05001204670079942,False
91.08294838518952,23.51004817414381,0.2946697208807807,-0.3512237419352082,False,0.3816548255016493,False,-0.023383800898843315,False
91.13294838518952,23.51004817414381,0.34363108587557806,-1.2817106503127993,False,0.8726876322313624,False,0.04328570998248521,False
91.18294838518952,23.51004817414381,0.3908270894185873,-1.1181216110093788,False,0.981475607091011,False,0.18509540441858324,False
91.23294838518952,23.51004817414381,0.4292571377735847,-1.2812576695259903,False,1.2283704166573832,False,0.2337628864328988,False
91.98294838518952,23.51004817414381,0.4127054675373007,-0.9347324937549897,False,-0.2548968866794472,False,-0.21186904364985773,False
92.03294838518951,23.51004817414381,0.4561137014263144,0.2140618873541429,False,-0.4806928645496131,False,-0.3848287499373208,False
92.08294838518952,23.51004817414381,0.4841567913045538,0.7961295511779876,False,-0.6798788944231271,True,-0.4529409215238678,False
92.13294838518952,23.51004817414381,0.4606404912593364,0.18362485261504835,False,-0.7534947840176539,True,-0.3130639044947574,False
92.18294838518952,23.51004817414381,0.40814620340944036,-0.9271501777465012,False,-0.7470025495577675,True,-0.16919042947176094,False
92.23294838518952,23.51004817414381,0.38936770105673857,-2.0164996310666914,False,-0.6346432792838813,False,-0.023524140282621855,False
92.28294838518951,23.51004817414381,0.395967304693666,-2.660298961388145,False,-0.4849127904149199,False,0.08695778982307878,False
88.78294838518953,23.46004817414381,0.6244774656626064,2.832828365798731,False,-1.4452074463836437,False,-0.33588921269869554,False
88.83294838518952,23.46004817414381,0.5889437913924666,2.017313459325756,False,-0.9615420791881729,False,-0.31474259752881095,False
88.88294838518952,23.46004817414381,0.5373958969236547,0.8581168089881135,False,-0.4360664399039581,False,-0.3406594348666603,False
88.93294838518952,23.46004817414381,0.37505355885351915,0.26406450901135614,False,-0.29701879541957643,False,-0.24427772187199828,False
88.98294838518952,23.46004817414381,0.18310885659978968,0.04768918509056033,False,-0.809520637606778,False,-0.19179624149216412,False
89.03294838518953,23.46004817414381,0.20431093688397775,0.20399360687706763,False,-0.9500325838900606,False,-0.23103989750156623,False
89.08294838518952,23.46004817414381,0.4137768563829821,0.5207578985979053,False,-0.9766834950793722,False,-0.24172538862446308,False
89.13294838518952,23.46004817414381,0.6033315426411715,0.6104029618581086,False,-1.2544970410059206,False,-0.2028195249439653,False
89.18294838518952,23.46004817414381,0.6951559470924823,0.3638483498136763,False,-1.586047243260204,False,-0.1840571641435953,False
89.23294838518952,23.46004817414381,0.7209034289376804,0.22596427618721715,False,-1.8328365092636967,False,-0.228743478866316,False
89.28294838518953,23.46004817414381,0.7335906990178988,0.05475515682939272,False,-1.6845197048109841,False,-0.32198682868902767,False
89.33294838518952,23.46004817414381,0.7451247119319966,-0.15658844119831444,False,-1.2329955908709622,False,-0.4026566696501127,False
89.38294838518952,23.46004817414381,0.7403378487476416,-0.38176598671584083,False,-1.1780781162158274,False,-0.3393832691787556,False
89.43294838518952,23.46004817414381,0.7260892744986509,-0.5530863491314737,False,-1.2927342403273094,False,-0.18400272981574817,False
89.48294838518952,23.46004817414381,0.7247783161719417,-0.565395767497009,False,-0.8614315083202322,False,-0.12057683409389784,False
89.53294838518953,23.46004817414381,0.7257562995565044,-0.3513582461566719,False,0.32955200116937056,False,-0.16096358560356416,False
89.58294838518952,23.46004817414381,0.7238302397220738,0.049327164211047075,False,1.0548622467067672,False,-0.17813475170242601,False
89.63294838518952,23.46004817414381,0.6948909613896277,0.2790300711291631,False,1.215658639372555,False,-0.15458829036035485,False
89.68294838518952,23.46004817414381,0.645486284762108,0.2420365548576024,False,0.9234308721671383,False,-0.09756632188740719,False
89.73294838518952,23.46004817414381,0.5117840137837522,-0.030841321449406683,False,0.6624565069401599,False,0.0007157710990574606,False
89.78294838518953,23.46004817414381,0.3131952712550978,-0.07554445312712312,False,0.42619728384562827,False,0.05746773056948822,False
89.83294838518952,23.46004817414381,0.35448074097136917,-0.0314789454544602,False,0.1018610527866991,False,0.1238922961343675,False
89.88294838518952,23.46004817414381,0.43358687393114176,-0.1719502878998369,False,-0.2652767491921952,False,0.1757269963562573,False
89.93294838518952,23.46004817414381,0.4669573871537776,-0.39729430910295044,False,-0.4722073601528159,False,0.1463940152521439,False
89.98294838518952,23.46004817414381,0.4643337678618767,-0.5181190672022273,False,-0.48631900195113154,False,0.12427324985689017,False
90.03294838518953,23.46004817414381,0.4657076626053116,-0.40086346880159035,False,-0.3310805455604288,False,0.18532532821926007,False
90.08294838518952,23.46004817414381,0.5649556619432345,0.40316872814229043,False,-0.0006183201921978465,False,0.42518669729665226,False
90.28294838518951,23.46004817414381,0.6147155090565544,0.19287203513268408,False,-0.4677287488055472,True,0.6454940641412491,True
90.33294838518952,23.46004817414381,0.5865740907343964,0.06515511081499067,False,-0.5825575862081676,True,0.5556543994636775,True
90.38294838518952,23.46004817414381,0.6225484131030321,-0.11315060802120389,False,-0.46413313866041767,True,0.5800431201945431,True
90.43294838518952,23.46004817414381,0.7067689525597514,-0.8058502833862621,False,-0.08956480190928905,False,0.6417273766527716,True
90.48294838518952,23.46004817414381,0.784846425971037,-1.290885700581391,True,0.1618036547600252,False,0.7723570025054007,True
90.53294838518951,23.46004817414381,0.8249583994484813,-1.4494029491235016,True,0.20216834009468307,False,0.6906303165169481,False
90.58294838518952,23.46004817414381,0.838817709457208,-1.5687796173332706,True,0.16299109619057148,False,0.5158365092920907,False
90.63294838518952,23.46004817414381,0.8146311552534045,-1.7342104160424743,True,0.13938944956847135,False,0.26072914441578504,False
90.68294838518952,23.46004817414381,0.7253895513952221,-2.027709252888994,True,0.1577575186305437,False,0.00814250420220032,False
90.73294838518952,23.46004817414381,0.6659294413281802,-2.2421589513806017,True,0.13543212253532533,False,-0.07548490792815664,False
90.78294838518951,23.46004817414381,0.6850540181923244,-2.338349902317295,True,-0.003813378005800394,False,0.03781779117206491,False
90.83294838518952,23.46004817414381,0.648963373441944,-1.975609060998523,True,-0.12608200544783912,False,0.1094173749684979,False
90.88294838518952,23.46004817414381,0.5302867989021973,-1.4460794495376712,False,-0.02401634774108384,False,0.11162928566351522,False
90.93294838518952,23.46004817414381,0.36342926740240244,-0.2946907913434939,False,-0.03659435277158678,False,-0.03019082316318921,False
90.98294838518952,23.46004817414381,0.3091042170507455,0.99091158714404,False,-0.078080993776682,False,-0.07121066542371332,False
91.03294838518951,23.46004817414381,0.2849896063753596,0.7469541205920157,False,0.2205748502948103,False,-0.04443941772259602,False
91.08294838518952,23.46004817414381,0.29979886614134527,-0.4238744075490829,False,0.6796572521243083,False,-0.035079910999223224,False
91.13294838518952,23.46004817414381,0.3461635577361969,-1.0137444435928855,False,1.2348234885181697,False,0.04290148879958981,False
91.18294838518952,23.46004817414381,0.3971930236341702,-1.145149790804288,False,1.4256511523231346,False,0.11165662829709033,False
91.23294838518952,23.46004817414381,0.4277766818491227,-1.2825444750713277,False,1.5341842664449976,False,0.13466790435120968,False
91.98294838518952,23.46004817414381,0.39136166767101727,-1.53554726489011,False,-0.06417363340314056,False,-0.2011558553129582,False
92.03294838518951,23.46004817414381,0.45847987943289464,-0.0519275964951591,False,-0.29308954710546675,False,-0.3788197388518906,False
92.08294838518952,23.46004817414381,0.483668937177573,0.9366747046956423,False,-0.48679181622792433,False,-0.4687121948448365,False
92.13294838518952,23.46004817414381,0.47924500264577935,0.6700644861709231,False,-0.6282102842628198,True,-0.34297567324792266,False
92.18294838518952,23.46004817414381,0.44565070527331496,-0.6274973365610954,False,-0.6647119588356929,True,-0.10177759757896608,False
92.23294838518952,23.46004817414381,0.41270183451428666,-1.7199582087076526,False,-0.5782847373917266,False,0.09459104758990661,False
92.28294838518951,23.46004817414381,0.42072190821943223,-2.534894420354794,False,-0.3503983675779485,False,0.1990291664500828,False
92.33294838518952,23.46004817414381,0.4285525394382157,-3.1205294926734144,False,-0.09220874728772577,False,0.28489132178922333,False
88.78294838518953,23.41004817414381,0.6662138664278774,2.545067472551532,True,-1.0540979908010244,False,-0.6496190864704627,False
88.83294838518952,23.41004817414381,0.6456245055047544,1.9034307064186202,False,-0.8661920809205812,False,-0.652996570975469,False
88.88294838518952,23.41004817414381,0.6089740027350786,1.2244952550483057,False,-0.6237365556656278,False,-0.6068581510207158,False
88.93294838518952,23.41004817414381,0.5636454931928571,0.7833815932011586,False,-0.3363865669812003,False,-0.46896508424575034,False
88.98294838518952,23.41004817414381,0.46052526631751867,0.43045869176846413,False,0.15370538272618717,False,-0.28540952139490877,False
89.03294838518953,23.41004817414381,0.4136554069843652,0.265746509419445,False,0.7375545235879846,False,-0.20974119577808606,False
89.08294838518952,23.41004817414381,0.44521626895688954,0.1953342796142381,False,0.41837849018975853,False,-0.22840054167103052,False
89.13294838518952,23.41004817414381,0.46360377449033097,-0.032488006415334114,False,0.1437729342288323,False,-0.19953717564228163,False
89.18294838518952,23.41004817414381,0.5047360421269513,-0.10252684615910301,False,-0.003456577748322906,False,-0.1764889205290618,False
89.23294838518952,23.41004817414381,0.5499405694649797,0.14526838584616047,False,-0.0023190399026990355,False,-0.21775299107999266,False
89.28294838518953,23.41004817414381,0.5938644212803617,0.3754974441411859,False,0.0730186866013659,False,-0.2958897581473252,False
89.33294838518952,23.41004817414381,0.621896541896377,0.05822563206300524,False,-0.1618563744111129,False,-0.26490824489345766,False
89.38294838518952,23.41004817414381,0.6259672112005671,-0.4365013067498067,False,-0.9234871048930439,False,-0.15397536144848165,False
89.43294838518952,23.41004817414381,0.6225128231350746,-0.729938425851981,False,-1.6499888953697972,False,-0.06748350025215519,False
89.48294838518952,23.41004817414381,0.6530538836091192,-0.5802962864849732,False,-1.7562610966138812,False,-0.07234731685694357,False
89.53294838518953,23.41004817414381,0.6914470666406328,0.2839650114516715,False,-1.1361784705513203,False,-0.21095577795299997,False
89.58294838518952,23.41004817414381,0.7059215257553059,0.7729407420035964,False,-0.012356981666981542,False,-0.275951208378564,False
89.63294838518952,23.41004817414381,0.6844874920215727,0.8343182452653972,False,0.8467124081797222,False,-0.21952742364609715,False
89.68294838518952,23.41004817414381,0.5653192639438065,0.6703295893513064,False,0.8121036971368565,False,-0.11530491807124883,False
89.73294838518952,23.41004817414381,0.27248954856990126,0.227147475396244,False,0.5978238426295013,False,0.0008535745207574746,False
89.78294838518953,23.41004817414381,-0.056427865147691283,-0.10789241850192127,False,0.3846625381695693,False,0.03875697977826151,False
89.83294838518952,23.41004817414381,0.04371702824673315,-0.3039944339835956,False,0.127053404917236,False,-0.017772675185396047,False
89.88294838518952,23.41004817414381,0.27793439556744626,-0.6179892701783806,False,-0.3607589649045839,False,-0.04985575062109045,False
89.93294838518952,23.41004817414381,0.43221434788955426,-0.8283854820228924,False,-0.6845231549617742,False,-0.0472948243025413,False
89.98294838518952,23.41004817414381,0.44808144364228575,-0.6603606644493509,False,-0.6093033996337384,False,-0.014891858432967475,False
90.03294838518953,23.41004817414381,0.3753336424348742,-0.37138431270551847,False,-0.45040733008512907,False,0.0077592177294978915,False
90.08294838518952,23.41004817414381,0.2789351700731131,-0.18126176146015427,False,-0.3061286879851758,False,0.025563699662418893,False
90.13294838518952,23.41004817414381,0.4714079418811453,0.20607232220826927,False,-0.12137748946820964,False,0.2961624817614246,False
90.18294838518952,23.41004817414381,0.6475962147612369,0.26767182901737513,False,0.012684774328243546,False,0.6105181868531019,True
90.23294838518952,23.41004817414381,0.6862802960656851,0.2987420899608789,False,-0.21932295432069884,False,0.7089977561844554,True
90.28294838518951,23.41004817414381,0.6659353897567433,0.20266940910931402,False,-0.5885158538901487,False,0.6813206530379969,True
90.63294838518952,23.41004817414381,0.8023085011146804,-1.7819536170488457,True,0.18780055996788747,False,0.10969316031459059,False
90.68294838518952,23.41004817414381,0.7108061758416376,-1.8414917481396338,True,0.2106293497877972,False,0.0035079654526664686,False
90.73294838518952,23.41004817414381,0.6861143876692934,-2.0683024155906233,True,0.24360537790398223,False,-0.07723265962219958,False
90.78294838518951,23.41004817414381,0.742243095203874,-2.1210861450822116,True,0.22084082010079634,False,-0.05296452107867212,False
90.83294838518952,23.41004817414381,0.7531272372237913,-1.983988302271521,False,0.20281073367770894,False,0.018701117024505956,False
90.88294838518952,23.41004817414381,0.6921870468172263,-1.7056357888287625,False,0.22507240848467142,False,0.07438981697411069,False
90.93294838518952,23.41004817414381,0.5451641557516667,-0.8769546365376302,False,0.0930468082772041,False,0.0010363173803465409,False
90.98294838518952,23.41004817414381,0.38588131131346226,0.4519797329828124,False,-0.09912168653390346,False,-0.08287941470999198,False
91.03294838518951,23.41004817414381,0.34058259484685827,1.2284367290544593,False,0.01694412702788041,False,-0.010917662126331273,False
91.08294838518952,23.41004817414381,0.31829148093945103,0.5688807767954676,False,0.5144016693052832,False,0.0034911748303698975,False
91.13294838518952,23.41004817414381,0.3580179171796185,-0.08704338836714459,False,1.082692357155012,False,0.03907246063395665,False
91.18294838518952,23.41004817414381,0.40062111740000494,-0.5341322044322623,False,1.1881677269786841,False,0.08085362872732782,False
91.23294838518952,23.41004817414381,0.4414341158622092,-0.4579628730491633,False,0.8745552329830417,False,0.1621587596949936,False
91.28294838518951,23.41004817414381,0.4997230964467302,-0.12552504066972536,False,0.5037519163719137,False,0.2402644571418246,False
91.88294838518952,23.41004817414381,0.22573806342421082,-2.1763983120976116,False,0.3086727827370309,False,-0.08767067586568356,False
91.93294838518952,23.41004817414381,0.26260526404247503,-2.3998742572703344,False,0.2305948764620459,False,-0.10534911540146485,False
91.98294838518952,23.41004817414381,0.3257461655612378,-1.934384329503998,False,0.12700374231638534,False,-0.15105488648543985,False
92.03294838518951,23.41004817414381,0.40719526579246745,-0.4011108166558217,False,-0.042312229781003144,False,-0.23886000784280526,False
92.08294838518952,23.41004817414381,0.4397634180462314,0.6158380169004065,False,-0.1687823260187295,False,-0.2876618498215156,False
92.13294838518952,23.41004817414381,0.43742228032137576,0.9048857910578245,False,-0.31979343147067457,False,-0.25700649605562254,False
92.18294838518952,23.41004817414381,0.41943722171814224,-0.2220078467166542,False,-0.3395170848185481,False,0.017415984262526184,False
92.23294838518952,23.41004817414381,0.3952212550151374,-1.1859840715163523,False,-0.2805891084588763,False,0.20931147653700707,False
92.28294838518951,23.41004817414381,0.4095722764485961,-1.8906702156753035,False,-0.05025478206552087,False,0.2833541676703313,False
92.33294838518952,23.41004817414381,0.41287327638271476,-2.5448369105351745,False,0.11288169490572528,False,0.286104788953196,False
88.78294838518953,23.360048174143813,0.6648746860600669,2.119108597788282,False,-0.602056753174433,False,-0.8065500067647141,False
88.83294838518952,23.360048174143813,0.6591250901663006,1.6099418748904948,False,-0.3661299342655978,False,-0.7840448163475258,False
88.88294838518952,23.360048174143813,0.6387233568087123,1.2916937985875407,False,-0.31861394069256765,False,-0.7480523193797954,False
88.93294838518952,23.360048174143813,0.6570711054218594,1.049261302873052,False,0.12783403547155484,False,-0.5495412294499273,False
88.98294838518952,23.360048174143813,0.7001703124587061,0.8351606484912736,False,1.2666062819320545,False,-0.3360441441224818,False
89.03294838518953,23.360048174143813,0.715204141019775,0.34713244777522206,False,2.330150548723261,False,-0.06494571471427092,False
89.08294838518952,23.360048174143813,0.6469562660690102,0.12718315678085537,False,1.557261460214042,False,-0.09750911974256546,False
89.13294838518952,23.360048174143813,0.5496168657419438,-0.23944657528952876,False,0.8906194494511491,False,-0.13932179143831414,False
89.18294838518952,23.360048174143813,0.43858641527638886,-0.3703302086569236,False,0.574405307146297,False,-0.09903845883692455,False
89.23294838518952,23.360048174143813,0.3737065372008041,-0.05147296241738236,False,0.5376980038983217,False,-0.04995016187625994,False
89.28294838518953,23.360048174143813,0.3794181165371111,0.2860539452540767,False,0.7551537819583132,False,-0.05050992145667039,False
89.33294838518952,23.360048174143813,0.36018214635251783,0.1080591623913259,False,0.6140355663249859,False,0.0321034744162053,False
89.38294838518952,23.360048174143813,0.3380568322237595,-0.3518168465106891,False,-0.17461634513102972,False,0.06684394010811945,False
89.43294838518952,23.360048174143813,0.38736144699143105,-0.6046216964108229,False,-1.2888043552852908,False,0.013731245959004656,False
89.48294838518952,23.360048174143813,0.5267310448187866,-0.27661039722180175,False,-1.8973834838312174,False,-0.09076797799819218,False
89.53294838518953,23.360048174143813,0.642745026991817,0.4718341829744625,False,-1.8554525633905428,False,-0.2409040040350942,False
89.58294838518952,23.360048174143813,0.6815613885061242,0.9276753104557746,False,-1.1578174282372213,False,-0.31768417801865473,False
89.63294838518952,23.360048174143813,0.6352934304663845,1.049428926283055,False,-0.12420861002499273,False,-0.29726452874798764,False
89.68294838518952,23.360048174143813,0.4145995198049886,0.8930336197227305,False,0.3643900420276445,False,-0.16392213567120265,False
89.73294838518952,23.360048174143813,-0.0607542441874584,0.22481545924432822,False,0.3207389586402869,False,-0.04554745527071585,False
89.78294838518953,23.360048174143813,-0.000795339625091697,-0.5384666997036405,False,-0.31409362826292325,False,-0.11345761810945557,False
89.83294838518952,23.360048174143813,0.34233609310793794,-1.1443043811359943,False,-0.9128066775658832,False,-0.25576031957952244,False
89.88294838518952,23.360048174143813,0.5221908992849555,-1.4518067211905363,False,-1.22173849427663,False,-0.288600568893499,False
89.93294838518952,23.360048174143813,0.5957366705241839,-1.4053228475525865,False,-1.2504184678613701,True,-0.244010400065925,False
89.98294838518952,23.360048174143813,0.614031750386487,-0.7280257347853047,False,-0.9355035943672572,False,-0.16293572081967528,False
90.03294838518953,23.360048174143813,0.6241536689279866,-0.05921751492653976,False,-0.7066454778216984,True,-0.11084867985625638,False
90.08294838518952,23.360048174143813,0.46211814918803656,0.2080796702694992,False,-0.575099988254988,False,-0.0768991245858498,False
90.13294838518952,23.360048174143813,0.29014556172591405,-0.03005134135150772,False,-0.4278176433416155,False,0.030030010660564543,False
90.18294838518952,23.360048174143813,0.436949995829014,-0.40487084806156887,False,-0.31255008525288697,False,0.2231210904451955,False
90.23294838518952,23.360048174143813,0.5837511457879491,-0.3315290826316337,False,-0.5596090521958857,False,0.4169613056797228,False
90.28294838518951,23.360048174143813,0.6297196460272629,-0.47037330415320944,False,-0.8167728539737242,False,0.45796514094194785,False
90.33294838518952,23.360048174143813,0.6175705828391556,-0.6963256030800394,False,-0.7191227850935447,False,0.39114675099487406,False
90.48294838518952,23.360048174143813,0.6208218433532713,-1.2136722839945446,False,-0.379994992088206,False,0.027858350190716433,False
90.53294838518951,23.360048174143813,0.6899977431136938,-1.4535111525656015,True,-0.045680390148667066,False,0.07049012472821498,False
90.58294838518952,23.360048174143813,0.7576027679064015,-1.615761801927923,True,0.13456474333134474,False,0.10300163858065499,False
90.63294838518952,23.360048174143813,0.7350776404406724,-1.603190650716424,False,0.1506637484579809,False,0.06790201661477374,False
90.68294838518952,23.360048174143813,0.6356643205657523,-1.527730475087634,False,0.11046718433906812,False,0.00905734962789033,False
90.73294838518952,23.360048174143813,0.664911278904976,-1.693524292767386,False,0.0663741516071612,False,-0.08331516244305723,False
90.78294838518951,23.360048174143813,0.7494105131815647,-1.597829243041907,False,-0.0030521634339016543,False,-0.12355863183523424,False
90.83294838518952,23.360048174143813,0.7861237311386711,-1.4679446169188513,False,-0.0049001794248030636,False,-0.10139226164821652,False
90.88294838518952,23.360048174143813,0.7526317147911176,-1.3737015486765978,False,0.07016446793024068,False,-0.011738215739130198,False
90.93294838518952,23.360048174143813,0.6153538012957502,-0.8233568594036335,False,-0.03820765617031417,False,-0.0056014569811374815,False
90.98294838518952,23.360048174143813,0.49128393929683767,0.5826154163557629,False,-0.4167784512993007,False,-0.03352720080549426,False
91.03294838518951,23.360048174143813,0.5038675624056838,1.8569238632739744,False,-0.7358080114279915,False,0.0691053446945314,False
91.08294838518952,23.360048174143813,0.4636458131235754,1.505177810489299,False,-0.9559514051869052,False,0.1373369247965329,False
91.13294838518952,23.360048174143813,0.462380444072672,1.3150055879592868,False,-0.7548917318734828,False,0.2577163710457633,False
91.18294838518952,23.360048174143813,0.4690393768006396,0.8756946074559315,False,-0.5094427250942637,False,0.3152663097756675,False
91.23294838518952,23.360048174143813,0.5253113461068658,0.9504459257472619,False,-0.5900603402344142,False,0.36993604301074745,False
91.28294838518951,23.360048174143813,0.5744514502628187,0.9210034915790791,False,-0.39116489429948337,False,0.38204453079063744,False
91.83294838518952,23.360048174143813,0.23054122244888628,-2.2590465818403462,False,0.45999970347915536,False,-0.09226453355240005,False
91.88294838518952,23.360048174143813,0.2372689458530011,-2.4028591514389284,False,0.41095271785757465,False,-0.10600497273242937,False
91.93294838518952,23.360048174143813,0.25637264759076284,-2.4199073086183054,False,0.3242617824244569,False,-0.1091988276990884,False
91.98294838518952,23.360048174143813,0.28726209719852447,-2.2788885771874154,False,0.24322600595058785,False,-0.1353934452940202,False
92.03294838518951,23.360048174143813,0.3448432622826016,-0.9765606793229495,False,0.1612585934553933,False,-0.16743332842794173,False
92.08294838518952,23.360048174143813,0.37120266101397564,0.14125466307443157,False,0.13191220937007414,False,-0.11756205625863576,False
92.13294838518952,23.360048174143813,0.38860272136085144,0.4380348258997746,False,0.06805174837183303,False,-0.022466112504747865,False
92.18294838518952,23.360048174143813,0.37273427611314414,0.03976794096441738,False,0.03618316282155601,False,0.14387301306161532,False
92.23294838518952,23.360048174143813,0.3733954027729687,-0.7667278274691025,False,0.10880135892517379,False,0.23475128746062066,False
92.28294838518951,23.360048174143813,0.4011348165514082,-1.6883422291861931,False,0.19824877405760766,False,0.20542497760936562,False
92.33294838518952,23.360048174143813,0.421071085065157,-2.5676978172520055,False,0.27493648303730844,False,0.13935396663761573,False
88.73294838518952,23.310048174143816,0.6813341789958253,2.107752824702561,False,-0.017176820433003816,False,-0.6953794767365349,False
88.78294838518953,23.310048174143816,0.6765628404218019,1.7048648843017213,False,0.1295535845908971,False,-0.681630419269694,False
88.83294838518952,23.310048174143816,0.6677900821885828,1.383781164755328,False,0.25720005373814303,False,-0.6243615543640213,False
88.88294838518952,23.310048174143816,0.670050863662357,1.1250704587214282,False,0.4232341930185755,False,-0.48977879763655624,False
88.93294838518952,23.310048174143816,0.7038787773760543,0.970047135840618,False,0.8176340787080238,False,-0.30403811015667465,False
88.98294838518952,23.310048174143816,0.7787923576742694,0.8258703266628906,False,2.0040698728326074,False,-0.07643364855557641,False
89.03294838518953,23.310048174143816,0.8234518950024454,0.34594030135170417,False,3.1358638815644904,True,0.21701501582586932,False
89.08294838518952,23.310048174143816,0.765914603392506,0.0840389768234783,False,2.3755505483073485,False,0.1908729686868042,False
89.13294838518952,23.310048174143816,0.6643715968888888,-0.3140069904883507,False,1.388513205114152,False,0.0627058268801993,False
89.18294838518952,23.310048174143816,0.5198202500310731,-0.6506254500137505,False,0.7698556336924736,False,-0.07023053251420372,False
89.23294838518952,23.310048174143816,0.390710665043278,-0.39189894575182554,False,0.4390818804814871,False,-0.025233980202277587,False
89.28294838518953,23.310048174143816,0.27854665590242234,0.08753244704433975,False,0.2900195195840932,False,0.03603200561393846,False
89.33294838518952,23.310048174143816,0.1693166124977238,0.1695661141901748,False,-0.11867781307131138,False,0.10645889643937513,False
89.38294838518952,23.310048174143816,0.18436199646057583,-0.2905840289743499,False,-0.7796893743374804,False,0.03807994053635644,False
89.43294838518952,23.310048174143816,0.33933129545005014,-0.23557780727305075,False,-1.3038877090072334,False,-0.10421252519164446,False
89.48294838518952,23.310048174143816,0.5058313970349417,0.3003676733756766,False,-1.6933283192773865,False,-0.21785330267511624,False
89.53294838518953,23.310048174143816,0.6423634341643226,0.7778980476285242,False,-1.8664634951634356,False,-0.2994385905742798,False
89.58294838518952,23.310048174143816,0.6838560346277798,1.0289525759875273,False,-1.8234543701848538,False,-0.3390330826750394,False
89.63294838518952,23.310048174143816,0.6243546729494918,1.1269036003988806,False,-1.5850866538244208,False,-0.3231731950415581,False
89.68294838518952,23.310048174143816,0.41705382537721963,0.727974454800604,False,-1.1109668414906353,False,-0.23950295791423784,False
89.73294838518952,23.310048174143816,0.33872514860935027,-0.10075985740232181,False,-1.2055744829193635,False,-0.2341419475342004,False
89.78294838518953,23.310048174143816,0.5674349308708666,-0.777084980077378,False,-2.0078089316457652,True,-0.39905266458929106,False
89.83294838518952,23.310048174143816,0.6879820448230815,-1.579017265526457,True,-2.211110716206905,True,-0.43284194153324684,False
89.88294838518952,23.310048174143816,0.7426838097747269,-2.097906507209168,True,-2.22254471902243,True,-0.3990906465993947,False
89.93294838518952,23.310048174143816,0.7812740034782064,-2.106303727831391,True,-2.145293116530627,True,-0.32583990131214385,False
89.98294838518952,23.310048174143816,0.8158179346016083,-0.9951036504069617,False,-1.5720702714953694,True,-0.23890484326705824,False
90.03294838518953,23.310048174143816,0.8194696894714872,0.15538365399587817,False,-1.1274784263768105,True,-0.15229699032544164,False
90.08294838518952,23.310048174143816,0.7565280187747481,0.3715968679495445,False,-0.9466980359296462,True,-0.068096678806701,False
90.13294838518952,23.310048174143816,0.623440341669881,-0.15021418607750858,False,-0.7685507131827221,True,0.05216402003955124,False
90.18294838518952,23.310048174143816,0.43982979410673495,-0.4822598540290558,False,-0.6070091488113963,False,0.16509739188417388,False
90.23294838518952,23.310048174143816,0.5097352336693443,-0.843899674142979,False,-0.7254474292113913,False,0.26543668687066346,False
90.28294838518951,23.310048174143816,0.606361973678614,-1.4081701042966226,False,-0.9984939955083434,False,0.251590273217586,False
90.33294838518952,23.310048174143816,0.6159264965607949,-1.702982998468999,True,-0.8254675424422557,False,0.1827772553298313,False
90.38294838518952,23.310048174143816,0.5667628841974325,-1.6547391571854084,True,-0.5794497547460722,False,0.0991472508048861,False
90.43294838518952,23.310048174143816,0.504163455745907,-1.2788058109208251,False,-0.6163326212423613,False,0.07888908803583304,False
90.48294838518952,23.310048174143816,0.46008639888874364,-0.717748806592507,False,-0.7789748432988193,False,0.09374514259710495,False
90.68294838518952,23.310048174143816,0.5685025510688841,-1.0831640945823837,False,-0.08167396910220419,False,0.02881269636708235,False
90.73294838518952,23.310048174143816,0.5940324790157067,-1.3067833942639049,False,-0.10652356131509416,False,-0.09604959673520566,False
90.78294838518951,23.310048174143816,0.6553172993616662,-1.2548776664375594,False,-0.13863254600637454,False,-0.13153641097662566,False
90.83294838518952,23.310048174143816,0.6809552090576914,-1.1622397171427585,False,-0.12108879601336046,False,-0.10574986668445277,False
90.88294838518952,23.310048174143816,0.6724198884629607,-1.019329473214745,False,-0.11716604524893733,False,-0.06533893228858861,False
90.93294838518952,23.310048174143816,0.6134619955000192,-0.45712335156141615,False,-0.34971956415008226,False,-0.04541266194896737,False
90.98294838518952,23.310048174143816,0.6268018877725264,0.6714354317614686,False,-0.9024652786413325,False,0.05627168152970434,False
91.03294838518951,23.310048174143816,0.6535414877398348,1.4090218981847062,False,-1.4855295726141522,True,0.1687122569016719,False
91.08294838518952,23.310048174143816,0.6458628056816443,1.2135318199321814,False,-2.0036986139825137,True,0.20667915836609824,False
91.13294838518952,23.310048174143816,0.6359072011502714,1.9075069573367154,False,-1.925009352713753,True,0.358393614278145,False
91.18294838518952,23.310048174143816,0.6246791520930911,2.132675269222442,False,-1.8092294721969222,True,0.41247438586123286,False
91.23294838518952,23.310048174143816,0.6369215459999771,2.2117913111418184,False,-1.5028003250575748,True,0.39883266507961984,False
91.28294838518951,23.310048174143816,0.6864854383497323,2.3301475005250767,False,-1.077472943209252,False,0.39769486491318723,False
91.83294838518952,23.310048174143816,0.27459213915098823,-2.0882233673169432,False,0.5205319731996645,False,-0.05241902732871506,False
91.88294838518952,23.310048174143816,0.279869062187808,-2.323305503532279,False,0.4874637042228709,False,-0.0978147568249833,False
91.93294838518952,23.310048174143816,0.2967942324950535,-2.4817148263226754,False,0.40934393451342665,False,-0.1301213528480244,False
91.98294838518952,23.310048174143816,0.3326339811568961,-2.557907607210655,False,0.33656706708629003,False,-0.14650419019374528,False
92.03294838518951,23.310048174143816,0.37213068098076335,-2.0688695647066915,False,0.3530735572828736,False,-0.14694977741231752,False
92.08294838518952,23.310048174143816,0.3943085872815637,-1.2448166142929873,False,0.3331266641182591,False,0.010657403635556544,False
92.13294838518952,23.310048174143816,0.42058194812997807,-0.687669657455492,False,0.29261335007477973,False,0.14224375965961653,False
92.18294838518952,23.310048174143816,0.4173294208636894,-0.5551392565123705,False,0.2630125107742874,False,0.2294773299688943,False
92.23294838518952,23.310048174143816,0.43480959740738834,-1.1081048353440837,False,0.3041739113213872,False,0.20146652998835732,False
92.28294838518951,23.310048174143816,0.47132076694625724,-2.038403019268813,False,0.3641694962950874,False,0.10079997567920687,False
92.33294838518952,23.310048174143816,0.5227939289333292,-2.761928342394941,False,0.422302534613063,False,0.037084239798118035,False
92.38294838518952,23.310048174143816,0.5356558066277081,-3.4926209955317997,False,0.4511175013460466,False,0.002474818039107707,False
88.73294838518952,23.26004817414381,0.6980623367725143,2.1261034526300677,False,0.6443106030898622,False,-0.38994315852323036,False
88.78294838518953,23.26004817414381,0.6908457226338044,1.6158951982785847,False,0.7669623872876763,False,-0.32139860523941954,False
88.83294838518952,23.26004817414381,0.687889881985181,1.1215366483677651,False,0.8566458676899016,False,-0.205815862978528,False
88.88294838518952,23.26004817414381,0.6943999374840318,0.7324430720778614,False,0.9146233019946226,False,-0.0267993997575256,False
88.93294838518952,23.26004817414381,0.7245694459508486,0.5334451295873015,False,1.1420200624746566,False,0.1862798723456548,False
88.98294838518952,23.26004817414381,0.8088799500086761,0.4438358217908908,False,2.2558177965473147,False,0.36705246857183993,False
89.03294838518953,23.26004817414381,0.8440004716421959,0.12106021446242039,False,2.9638328500429822,True,0.545824055137351,False
89.08294838518952,23.26004817414381,0.7751293264761533,-0.1080575662328913,False,1.8114188272953777,False,0.5180070817690055,False
89.13294838518952,23.26004817414381,0.6266808005654164,-0.3166772239625854,False,0.35865807756143175,False,0.3830442769256226,False
89.18294838518952,23.26004817414381,0.5089298519723547,-0.20180104357956313,False,-0.22126504137044395,False,0.19452631186738809,False
89.23294838518952,23.26004817414381,0.4557769914312361,0.2700300984261246,False,-0.5563792620388497,False,0.056007447406646094,False
89.28294838518953,23.26004817414381,0.4305208211171846,0.8216388412700564,False,-1.0326564556646944,False,-0.08087361977181601,False
89.33294838518952,23.26004817414381,0.4513171759958512,0.8797204780396177,False,-1.7705653835548085,False,-0.14162348444668407,False
89.38294838518952,23.26004817414381,0.5338779031309381,0.28463491233720994,False,-2.019204345823684,False,-0.2040326058129773,False
89.43294838518952,23.26004817414381,0.6302942461583847,0.34014356562653286,False,-1.858585483760907,False,-0.3050002402171177,False
89.48294838518952,23.26004817414381,0.7270610650755492,0.8015081882411105,False,-1.881070526181733,True,-0.39614021919494413,False
89.53294838518953,23.26004817414381,0.8066773097986433,1.169788173235637,False,-2.0045465744691335,True,-0.41920839414800914,False
89.58294838518952,23.26004817414381,0.8212855256448537,1.4828902713555367,False,-2.1702106172505613,True,-0.3427577056960758,False
89.63294838518952,23.26004817414381,0.7665236432150903,1.4059718650766615,False,-2.358882357714232,True,-0.23297992862099592,False
89.68294838518952,23.26004817414381,0.5954723795922103,0.5230984786289886,False,-2.0975485214570804,False,-0.2701319501173849,False
89.73294838518952,23.26004817414381,0.6036528283744668,-0.1010114212473574,False,-2.447128450024751,True,-0.36084844223531665,False
89.78294838518953,23.26004817414381,0.7212725451853922,-0.3714338961367862,False,-3.007894499137067,True,-0.5727684167332951,False
89.83294838518952,23.26004817414381,0.7772394024590599,-1.3912248316384468,False,-2.914243445929948,True,-0.5652076923238711,False
89.88294838518952,23.26004817414381,0.8119434367302333,-2.5521883340531506,True,-2.975031524275063,True,-0.41299177051080393,False
89.93294838518952,23.26004817414381,0.8423375226768579,-2.816327666216314,True,-2.9863717156215275,True,-0.23011531637718938,False
89.98294838518952,23.26004817414381,0.8751164545236167,-1.5030773673657674,False,-2.2991019017598395,True,-0.09986076251707877,False
90.03294838518953,23.26004817414381,0.8999524506145098,-0.03715730858277183,False,-1.6386269884993716,True,-0.07219037391751784,False
90.08294838518952,23.26004817414381,0.8977114645228371,0.5979320207647911,False,-1.3850444476418795,True,-0.02532804265700514,False
90.13294838518952,23.26004817414381,0.8523018159975494,0.34284024520289236,False,-1.2866636702545162,True,0.22001670158489223,False
90.18294838518952,23.26004817414381,0.7298210244648223,-0.9244895359130451,False,-0.9904358348464606,True,0.35231842484355436,False
90.23294838518952,23.26004817414381,0.6226478362062574,-1.5431743117995307,False,-0.864420720627464,False,0.31869952473080143,False
90.28294838518951,23.26004817414381,0.6397021921898437,-2.21742335241703,True,-0.8563007146879813,False,0.2343295947921029,False
90.33294838518952,23.26004817414381,0.6150971787350268,-2.5124773636185385,True,-0.7469725592492271,False,0.13906794531982003,False
90.38294838518952,23.26004817414381,0.5417758398123743,-2.3782569979906443,True,-0.5478195676615992,False,0.05780167751208743,False
90.43294838518952,23.26004817414381,0.4447983791723746,-1.6557537740348365,True,-0.6239344689567454,False,0.09006833874472757,False
90.48294838518952,23.26004817414381,0.3837930393801114,-0.7196552326989579,False,-0.7860516136653528,False,0.12039433736783782,False
90.53294838518951,23.26004817414381,0.36868576094891986,-0.2042350931840742,False,-0.5638224956802492,False,0.0910047799642941,False
90.58294838518952,23.26004817414381,0.42522533801949397,-0.35773697346398264,False,-0.194789147128831,False,0.16410093319574282,False
90.68294838518952,23.26004817414381,0.5014593710714744,-0.9187220695170333,False,-0.09299305660468178,False,0.10504320825219314,False
90.73294838518952,23.26004817414381,0.4157599015127247,-1.3571891798541103,False,-0.012003379585936617,False,0.0016362299223482077,False
90.78294838518951,23.26004817414381,0.4245302472173216,-1.3301425979828614,False,0.010560336756476144,False,-0.036336292211636645,False
90.83294838518952,23.26004817414381,0.4777167190616979,-1.1787717650512355,False,-0.01588470214435969,False,-0.07861500509063507,False
90.88294838518952,23.26004817414381,0.5432935524808323,-0.8956739014869485,False,-0.1149727199905787,False,-0.14271763496185724,False
90.93294838518952,23.26004817414381,0.60063570056301,-0.5332718664633496,False,-0.4280906991672093,False,-0.10016431309473117,False
90.98294838518952,23.26004817414381,0.6208146769220324,0.18437155367399044,False,-1.0585907472123215,True,0.022338253666986996,False
91.03294838518951,23.26004817414381,0.6474488097054927,0.28560195339197725,False,-1.7226804744795654,True,0.11009364586381103,False
91.08294838518952,23.26004817414381,0.6646891617557937,0.4891529766363054,False,-2.132968400352194,True,0.2012185914437548,False
91.13294838518952,23.26004817414381,0.6827092379736939,1.6023636525894,False,-2.0535909680448734,True,0.3027040288660824,False
91.18294838518952,23.26004817414381,0.697418662226331,2.383214933428748,False,-1.9485640102489983,True,0.32917431996804974,False
91.23294838518952,23.26004817414381,0.7171952012562988,2.951746851503973,True,-1.7175342167411323,True,0.33247709610658416,False
91.28294838518951,23.26004817414381,0.767739528986836,3.426986322845104,True,-1.2652230673103468,True,0.35164437654224395,False
91.43294838518952,23.26004817414381,0.7647229524020687,3.510680662597875,True,-0.44020388431220586,False,0.20069448589219824,False
91.78294838518951,23.26004817414381,0.3122234524734435,-1.3332680676696915,False,0.6245403861507559,False,0.07866764000780091,False
91.83294838518952,23.26004817414381,0.32750429757456284,-1.825998825303978,False,0.6899166011288786,False,0.039726783301069046,False
91.88294838518952,23.26004817414381,0.34898006468124015,-2.1622258939389187,False,0.6796850728835745,False,-0.01038333716775064,False
91.93294838518952,23.26004817414381,0.3690097199504312,-2.3766357916439236,False,0.6327937096425746,False,-0.08544822791249018,False
91.98294838518952,23.26004817414381,0.4258269856559738,-2.6292385189545575,False,0.41458126061194017,False,-0.09234294843656643,False
92.03294838518951,23.26004817414381,0.4707135340852622,-2.7621366560180594,False,0.3507531198967207,False,0.021691545932156303,False
92.08294838518952,23.26004817414381,0.467236229334694,-2.674128161778781,False,0.3690591721607748,False,0.16707159995610116,False
92.13294838518952,23.26004817414381,0.45138700435667484,-2.2968832622982607,False,0.3679215941059466,False,0.2806001111645492,False
92.18294838518952,23.26004817414381,0.4713210408608994,-1.543009899207315,False,0.32983271922735646,False,0.2800955830177271,False
92.23294838518952,23.26004817414381,0.5355277095690556,-1.5412947173074918,False,0.4282211181346013,False,0.11927921221365498,False
92.28294838518951,23.26004817414381,0.6005118752405266,-1.8517350776081547,False,0.5345175377182014,False,0.0131297193718099,False
92.33294838518952,23.26004817414381,0.6153215501058891,-2.3325257500190246,False,0.5850475249589787,False,-0.0014005527486454783,False
92.38294838518952,23.26004817414381,0.5861090047664111,-2.7176437103955218,False,0.6036924645351953,False,0.03109580286428154,False
88.93294838518952,23.21004817414381,0.7455775174624036,0.11065303901819706,False,0.6655308019633766,False,0.5937236949221245,False
88.98294838518952,23.21004817414381,0.8148122909300355,0.14414699266329614,False,1.464186522093433,False,0.6163773399991879,False
89.03294838518953,23.21004817414381,0.806420674421185,0.08635649593944156,False,0.9802737528886926,False,0.5716876721208675,False
89.08294838518952,23.21004817414381,0.6875194262331669,0.04666090884369385,False,-1.2937360209324003,False,0.4441790964486224,False
89.13294838518952,23.21004817414381,0.5361281470439002,0.2601748849036317,False,-1.9256435129413627,False,0.35131269592820197,False
89.18294838518952,23.21004817414381,0.49714221481062404,0.7105957503464077,False,-1.7108559775574523,False,0.2735543921198874,False
89.23294838518952,23.21004817414381,0.5822245035559356,1.372982700190911,False,-1.7586904953438065,True,0.20360864730775197,False
89.28294838518953,23.21004817414381,0.6770624561841302,1.8713108467121105,False,-2.004589961601228,True,0.0026384924152341727,False
89.33294838518952,23.21004817414381,0.7471773225454792,1.921791001952125,False,-2.474259701973697,True,-0.27307287442879885,False
89.38294838518952,23.21004817414381,0.8012592096780405,1.3576983373491092,False,-2.728437352818349,True,-0.3294637003513209,False
89.43294838518952,23.21004817414381,0.862808525618405,1.1961492947262464,False,-2.3477589921893838,True,-0.4937057281448393,False
89.48294838518952,23.21004817414381,0.9087465625582141,1.6936232008075793,False,-2.10342756937904,True,-0.666253505254302,False
89.53294838518953,23.21004817414381,0.9185480175062515,2.035464840692859,True,-1.9985798642664347,True,-0.5940739683583166,False
89.58294838518952,23.21004817414381,0.9095755326240651,2.2994365565127097,True,-1.9718484576890156,True,-0.41062904231342445,False
89.63294838518952,23.21004817414381,0.8832636860666027,1.7695076922275272,True,-2.102296418376024,True,-0.368560375252253,False
89.68294838518952,23.21004817414381,0.8165441528092007,0.7625370639612988,False,-2.204638620090857,True,-0.49964070301226304,False
89.73294838518952,23.21004817414381,0.7237710020141043,0.07434946297473274,False,-2.3593159753692308,True,-0.5550028866336506,False
89.78294838518953,23.21004817414381,0.7708975777835613,-0.11152225006358685,False,-3.1194596578583593,True,-0.6268351971069579,False
89.83294838518952,23.21004817414381,0.8139198775012804,-1.141514747521435,False,-3.5182952534778162,True,-0.5206234671105948,False
89.88294838518952,23.21004817414381,0.8354379990848512,-2.863186954550274,True,-3.6742480833099704,True,-0.25313532009359024,False
89.93294838518952,23.21004817414381,0.8526554951669078,-3.130836057231439,True,-3.5508739797055786,True,-0.01248174285313075,False
89.98294838518952,23.21004817414381,0.8831438864917898,-1.821091423266059,False,-2.8113180593415246,True,0.10784918911005359,False
90.03294838518953,23.21004817414381,0.9135756676544393,-0.35887323110711666,False,-2.0207397962323506,True,0.056393311159421255,False
90.08294838518952,23.21004817414381,0.9276448661565705,0.38612588347977556,False,-1.6456244932211037,True,0.11220882805701662,False
90.13294838518952,23.21004817414381,0.9168025621405422,0.45277353443915613,False,-1.641385926965946,True,0.39491230237304614,False
90.18294838518952,23.21004817414381,0.8723626331158886,0.19326052591793882,False,-1.688299293627054,True,0.5853324723040196,False
90.23294838518952,23.21004817414381,0.7522623978782865,-1.1361804054741433,False,-1.3274570107843076,True,0.4760635444451319,False
90.28294838518951,23.21004817414381,0.6557493387056609,-2.673378169473602,True,-0.6096098460090038,False,0.26655725266500757,False
90.33294838518952,23.21004817414381,0.5796160567707334,-3.0385379690954277,True,-0.39483599183221685,False,0.13564073578004016,False
90.38294838518952,23.21004817414381,0.48941545826411836,-2.6169702854989336,True,-0.42186982257242284,False,0.0941685860709244,False
90.43294838518952,23.21004817414381,0.390903632680839,-1.7347781690604218,True,-0.594957201755763,False,0.15480870112082068,False
90.48294838518952,23.21004817414381,0.3400328770145185,-0.7340781840279867,False,-0.750651619185547,False,0.18580547281625376,False
90.53294838518951,23.21004817414381,0.34922435270920815,-0.11941955571019633,False,-0.46442655465599825,False,0.10227462029188537,False
90.58294838518952,23.21004817414381,0.42141355687660237,-0.1446463651802471,False,-0.12182408097579289,False,0.19157544363434112,False
90.68294838518952,23.21004817414381,0.4724028855970526,-0.8092612141023696,False,0.07731503784370106,False,0.24671454580219315,False
90.73294838518952,23.21004817414381,0.4474103439048854,-1.4871185368808897,False,0.260683306170856,False,0.13455653321957609,False
90.78294838518951,23.21004817414381,0.49443855085959126,-1.4682966575911571,False,0.35985638316868307,False,0.060568903800342355,False
90.83294838518952,23.21004817414381,0.5556486241233437,-1.4289430302373363,False,0.35731611487348736,False,-0.025604733704397562,False
90.88294838518952,23.21004817414381,0.6075439773181468,-1.219278317429207,False,0.21528410623349098,False,-0.14991000055876702,False
90.93294838518952,23.21004817414381,0.6672773470400822,-0.9874674021593192,False,-0.08857350907246128,False,-0.20909083873273132,False
90.98294838518952,23.21004817414381,0.6022880756154285,-0.4807564451610533,False,-0.7002969722987363,False,-0.17216181685201512,False
91.03294838518951,23.21004817414381,0.5248004443138341,-0.23226748434065358,False,-1.3335077119824459,True,-0.02304998502418143,False
91.08294838518952,23.21004817414381,0.5240968828765064,0.2534646617640193,False,-1.675866512615249,True,0.10873302011348707,False
91.13294838518952,23.21004817414381,0.577358227228304,1.4398105319975054,False,-1.6321061967199237,True,0.17876434075964504,False
91.18294838518952,23.21004817414381,0.6558911766765744,2.633142316835582,True,-1.3816458364445594,True,0.2479740380457584,False
91.23294838518952,23.21004817414381,0.7044484477171421,3.5257087903669593,True,-1.2236698466708071,True,0.2703803583760899,False
91.28294838518951,23.21004817414381,0.7706821144303297,4.012967767507099,True,-0.9496473434083093,False,0.2755765137075359,False
91.43294838518952,23.21004817414381,0.7418992440089739,3.2147316260939784,True,-0.04759089578937037,False,0.1798023608286771,False
91.48294838518952,23.21004817414381,0.6715491739859286,2.777869266794118,False,0.22101008353938914,False,0.16184001936948322,False
91.83294838518952,23.21004817414381,0.4134916578967484,-1.4372105124230266,False,0.8492361970559371,False,0.10533055109228417,False
91.88294838518952,23.21004817414381,0.44642351873445046,-2.0918215653246603,False,1.0460508801237445,False,0.0711035705323354,False
91.93294838518952,23.21004817414381,0.47474833530424804,-2.5241435492616935,False,1.182514006343418,False,0.01024050521019304,False
91.98294838518952,23.21004817414381,0.5120286225548374,-2.7402359428439063,False,0.9295677697431938,False,0.06365818875331802,False
92.03294838518951,23.21004817414381,0.5518615380529437,-2.812517461709723,False,0.2921508601540813,False,0.2504379728628979,False
92.08294838518952,23.21004817414381,0.5545138687060981,-2.8163366584446234,False,0.19460916771877143,False,0.3021518544527695,False
92.13294838518952,23.21004817414381,0.5749503500414793,-2.509475589604454,False,0.24248571353563522,False,0.41894221650163044,False
92.18294838518952,23.21004817414381,0.6370847852083222,0.0006516966725748086,False,0.1315674081836969,False,0.4560191195722808,False
92.23294838518952,23.21004817414381,0.7124636954951488,1.661584640478519,False,0.27382963618231226,False,0.35793833519918694,False
92.28294838518951,23.21004817414381,0.7170275575925006,1.3823115730376556,False,0.5485854560125569,False,0.20153731627537202,False
92.33294838518952,23.21004817414381,0.6608241115954889,0.4026916804938523,False,0.707325256656185,True,0.12940242589235118,False
88.93294838518952,23.16004817414381,0.7750562699555106,0.13665350687194008,False,-0.8055821764423006,False,0.6122838534596016,False
88.98294838518952,23.16004817414381,0.7878059846648037,0.3632727044127101,False,-1.4863678978674457,False,0.4004133893487633,False
89.03294838518953,23.16004817414381,0.7348742033206259,0.5069145496594845,False,-2.0865764944978915,False,0.28312982003475035,False
89.08294838518952,23.16004817414381,0.6199140421935231,0.46896538608073557,False,-2.5836308579890295,True,0.28626440531597463,False
89.13294838518952,23.16004817414381,0.5129627548065482,0.47163119170456486,False,-2.2665475998049844,True,0.28401471895030633,False
89.18294838518952,23.16004817414381,0.6100059116658803,0.6930069937505268,False,-2.044046452569497,True,0.2983121686198192,False
89.23294838518952,23.16004817414381,0.739791189367822,1.1584816628646535,False,-2.103658445900364,True,0.43600113640728333,False
89.28294838518953,23.16004817414381,0.8131630664003201,1.373418547878777,False,-2.321057775861699,True,0.31266880435812894,False
89.33294838518952,23.16004817414381,0.8536734834904385,1.4654905245923726,False,-2.633034633976709,True,-0.08590808327184207,False
89.38294838518952,23.16004817414381,0.8822072008686993,1.487881001843098,False,-2.8392306767096978,True,-0.2801489392439082,False
89.43294838518952,23.16004817414381,0.914331985085979,1.8131720067511494,False,-2.6289841443555915,True,-0.5045562801928182,False
89.48294838518952,23.16004817414381,0.9375144598315641,2.5026758643724767,True,-2.0299223818984897,True,-0.7384027786552135,False
89.53294838518953,23.16004817414381,0.9396392959248379,3.0294158440394265,True,-1.467450901702638,True,-0.703854289683948,False
89.58294838518952,23.16004817414381,0.9304453257521694,3.0888637531117444,True,-1.193412468510474,False,-0.5757068300964023,False
89.63294838518952,23.16004817414381,0.913073800974551,2.3743574072154443,True,-1.349498655685005,True,-0.5784013901309071,False
89.68294838518952,23.16004817414381,0.8774411099319012,1.3321541258680671,True,-1.7626258458042692,True,-0.676655564697357,True
89.73294838518952,23.16004817414381,0.8005008710012329,0.5187453528977292,False,-2.0322998687012093,True,-0.8024091018869688,True
89.78294838518953,23.16004817414381,0.7994572191728078,0.04054726099282946,False,-2.5838863997881756,True,-0.7727241522305233,True
89.83294838518952,23.16004817414381,0.8397350260713778,-0.5642538061180414,False,-3.5111602362369805,True,-0.4566330733491509,False
89.88294838518952,23.16004817414381,0.8318145536067715,-2.537491687591234,True,-3.918135268496817,True,-0.17210659668724712,False
89.93294838518952,23.16004817414381,0.8200973938889415,-2.782831462452196,True,-3.5839365798578715,True,0.07632198935118487,False
89.98294838518952,23.16004817414381,0.8510120518699786,-1.9011979935801753,False,-2.966836885426077,True,0.1426247528804025,False
90.03294838518953,23.16004817414381,0.8934848200794336,-0.6706448470482137,False,-2.2448012878546875,True,0.07426778327583816,False
90.08294838518952,23.16004817414381,0.9183087008735243,0.17115786241328929,False,-1.7572222469337717,True,0.18620260839402356,False
90.13294838518952,23.16004817414381,0.9249255419565893,0.2671816706733396,False,-1.7242809037478748,True,0.44611286639838277,False
90.18294838518952,23.16004817414381,0.9017952563690004,0.2187344393694778,False,-1.8594462981243205,True,0.631733036796068,False
90.23294838518952,23.16004817414381,0.8089632037005939,-0.29345086556020356,False,-1.7801947179291373,True,0.3988327418307484,False
90.28294838518951,23.16004817414381,0.6425706518899598,-1.9103537324312494,True,-0.8606888355730105,True,0.25370341341802394,False
90.33294838518952,23.16004817414381,0.5242215974340498,-3.068683673942171,True,0.1717603174111781,False,0.20031068359340148,False
90.38294838518952,23.16004817414381,0.4234660415729229,-2.5609631292162502,True,0.013583127763922731,False,0.18787515835117324,False
90.43294838518952,23.16004817414381,0.3301116033198795,-1.5709570778256303,False,-0.3530631031053415,False,0.24880682394668432,False
90.48294838518952,23.16004817414381,0.2903392839078072,-0.5953875662455664,False,-0.7266153679465935,False,0.2781714491186682,False
90.53294838518951,23.16004817414381,0.35989977207555185,-0.023121072607849166,False,-0.34629783560398564,False,0.09374108185083861,False
90.68294838518952,23.16004817414381,0.5050159250182595,-0.7203132746287071,False,0.35053313682692105,False,0.4059452848450583,False
90.73294838518952,23.16004817414381,0.5638934480440618,-1.3607110547870984,False,0.6848011344007869,False,0.24424979816908893,False
90.78294838518951,23.16004817414381,0.6437931467092252,-1.4156344853458895,False,0.9139504461943024,True,0.1342328432500886,False
90.83294838518952,23.16004817414381,0.7021224703226282,-1.5681332104307075,False,0.9586540161922132,True,0.06216722140202424,False
90.88294838518952,23.16004817414381,0.7354093455243996,-1.58212204937013,False,0.9787441251780407,True,-0.03348821456043449,False
90.93294838518952,23.16004817414381,0.7457855461986778,-1.427991161547327,False,0.9283258334642813,True,-0.15021745803812567,False
90.98294838518952,23.16004817414381,0.6856755447240852,-0.21312054476881337,False,0.7561042650171885,False,-0.22550907160765044,False
91.03294838518951,23.16004817414381,0.5551855578247803,0.9488247710164881,False,0.4544350476120526,False,-0.14437514694218945,False
91.08294838518952,23.16004817414381,0.4130852868666894,1.1267488956469847,False,-0.020192832757175982,False,-0.017715023189723345,False
91.13294838518952,23.16004817414381,0.3747516911786155,1.6756998415994562,False,-0.3411391873360395,False,0.07721151467183174,False
91.18294838518952,23.16004817414381,0.5570163849742631,2.6656807454544476,True,-0.35977875459293923,False,0.15254172755356327,False
91.23294838518952,23.16004817414381,0.6678380866719246,3.6042968446115826,True,-0.33771340415485307,False,0.1475961228524903,False
91.28294838518951,23.16004817414381,0.7585353070496529,3.704420278178296,True,-0.33780811133272726,False,0.18448933023453634,False
91.33294838518952,23.16004817414381,0.8059193421809135,3.3965821148763204,True,-0.10781450801817105,False,0.17185214640899943,False
91.43294838518952,23.16004817414381,0.6934055374467979,2.45807841492478,False,0.5876494349084048,False,0.1268491764185315,False
91.48294838518952,23.16004817414381,0.5928686221125106,2.241137087268818,False,0.6833338844117107,False,0.12682949373486094,False
91.83294838518952,23.16004817414381,0.49255022082446687,-1.0347174324658344,False,0.9660232531357071,False,0.00994523647909723,False
91.88294838518952,23.16004817414381,0.5510381768359622,-1.9232765427415863,False,1.3056526027921989,False,-0.019570948834781443,False
91.93294838518952,23.16004817414381,0.5659316370144103,-2.8890738962765106,False,1.6437096796923438,False,-0.0798378161146297,False
91.98294838518952,23.16004817414381,0.5699877007643797,-3.2930240925928467,False,1.2748307614547811,False,0.10451303813264945,False
92.03294838518951,23.16004817414381,0.590128253050131,-2.971082755144386,False,0.48997360634898823,False,0.39511350680218627,False
92.08294838518952,23.16004817414381,0.6939718751463185,-1.643017480543656,False,-0.3465043985685633,False,0.5008947801092349,False
92.13294838518952,23.16004817414381,0.7905372594122035,0.3440412610439292,False,-0.5597798732710954,False,0.7189003214027788,False
92.18294838518952,23.16004817414381,0.8169350663617153,2.8491100218246896,False,-0.39317536722317936,False,0.8337383169677031,True
92.23294838518952,23.16004817414381,0.8001786549646701,4.369322285631655,True,-0.11322426284124637,False,0.6589727246340042,True
92.28294838518951,23.16004817414381,0.7265301546398977,3.6083813988717264,False,0.3638400910268191,False,0.4314962789054114,False
92.33294838518952,23.16004817414381,0.6364825545803303,1.7519221038983588,False,0.6919917351978022,False,0.2528814770031529,False
88.93294838518952,23.110048174143813,0.8042064581103765,0.49912742219780726,False,-1.9370951340117186,False,0.37312916479555047,False
88.98294838518952,23.110048174143813,0.7734421782693001,0.8454509681502564,False,-2.1224557339881844,False,0.20412039530256137,False
89.03294838518953,23.110048174143813,0.7417503293854197,0.8608301656435386,False,-2.0071386378487706,False,0.23610818532415512,False
89.08294838518952,23.110048174143813,0.6376722536067952,0.7270249668212189,False,-2.1163289648879604,False,0.3016590594863334,False
89.13294838518952,23.110048174143813,0.6398198319050057,0.6006496986956398,False,-2.069453680893883,True,0.34912675629179524,False
89.18294838518952,23.110048174143813,0.7798547720231243,0.7346630379857629,False,-2.1656992051090995,True,0.46977917639241884,False
89.23294838518952,23.110048174143813,0.8467118238890908,0.839567807318194,False,-2.2234618860946,True,0.6361033070126139,False
89.28294838518953,23.110048174143813,0.8718939154751674,0.758094968525221,False,-2.2680390362643723,True,0.5566326832020787,False
89.33294838518952,23.110048174143813,0.8870493278288919,0.647692719018383,False,-2.4649836901681086,True,0.14923168866449688,False
89.38294838518952,23.110048174143813,0.9011771339279687,0.7732327413423257,False,-2.6557670495068226,True,-0.19088960497621477,False
89.43294838518952,23.110048174143813,0.9132362947112228,1.589214314071525,True,-2.577127214127781,True,-0.52168035140303,False
89.48294838518952,23.110048174143813,0.9207857753998095,3.062575356263723,True,-1.5111225118845129,True,-0.7485590184508609,False
89.53294838518953,23.110048174143813,0.9195636682218893,3.6564113315553577,True,-0.6059332733337043,False,-0.7027884631237241,False
89.58294838518952,23.110048174143813,0.9168364088378692,3.3926295885935898,True,-0.5175951571352836,False,-0.5462950757287206,False
89.63294838518952,23.110048174143813,0.9079933253660528,2.6775303033994517,True,-0.8514477370480991,False,-0.47444271848155123,False
89.68294838518952,23.110048174143813,0.8805213568960263,1.7482856585692477,True,-1.4426114086080515,True,-0.5109302315812894,False
89.73294838518952,23.110048174143813,0.817952601494354,0.9592564289131531,False,-1.886325505422806,True,-0.6525324204344656,False
89.78294838518953,23.110048174143813,0.8220972788897057,0.34940757477092965,False,-2.271864960885665,True,-0.5865661648799818,False
89.83294838518952,23.110048174143813,0.850560358784838,0.4057745105941996,False,-2.9696888085011555,True,-0.1655899873147533,False
89.88294838518952,23.110048174143813,0.8094439227760802,-0.922249904482539,False,-3.3065475538944495,True,0.11737479079380264,False
89.93294838518952,23.110048174143813,0.747463565003264,-1.793117022184715,False,-3.0985566291132303,True,0.26116491738328856,False
89.98294838518952,23.110048174143813,0.766312555719341,-1.2139941732528836,False,-2.5461034283189314,True,0.2803256921344439,False
90.03294838518953,23.110048174143813,0.8356412157903973,-0.3265816618026086,False,-2.0063428533420966,True,0.23054659484415996,False
90.08294838518952,23.110048174143813,0.8835879206328083,0.2420543690684891,False,-1.6582839418561726,True,0.3137041399581382,False
90.13294838518952,23.110048174143813,0.9021377650704309,0.3671597346350477,False,-1.5614438916353255,True,0.3911961867173972,False
90.18294838518952,23.110048174143813,0.8948166862578453,0.2672765859671858,False,-1.6777009169862012,True,0.4748514766225003,False
90.23294838518952,23.110048174143813,0.8261203608622335,0.014615742047518317,False,-1.7769043342199364,True,0.3315185668598772,False
90.28294838518951,23.110048174143813,0.6376242959214224,-0.6237065965935478,False,-1.372213558857768,True,0.053685281740316754,False
90.33294838518952,23.110048174143813,0.4685569586801534,-1.9499639979960892,False,0.20526576049257494,False,0.1745204432064401,False
90.38294838518952,23.110048174143813,0.38615517455757753,-1.9815842052400094,False,0.5312302209632831,False,0.20746122335791972,False
90.43294838518952,23.110048174143813,0.31512638049472863,-1.0512135225643622,False,0.09777579208731685,False,0.1864768455240117,False
90.48294838518952,23.110048174143813,0.2969009049998813,-0.21259927781072457,False,-0.36188523859787125,False,0.15588626211398426,False
90.53294838518951,23.110048174143813,0.35898950631114335,0.33025527493686907,False,-0.23633005911829288,False,-0.028340934342755725,False
90.68294838518952,23.110048174143813,0.5090100064481086,-0.6995998744152898,False,0.6618785427343226,False,0.4061313313071543,False
90.73294838518952,23.110048174143813,0.5780090938736387,-1.0652695809072603,False,1.1437617875967439,True,0.36448167079150107,False
90.78294838518951,23.110048174143813,0.6555951885099346,-0.9805493730477923,False,1.530445884703693,True,0.27850885350306565,False
90.83294838518952,23.110048174143813,0.7212871982502694,-1.1663584003768745,False,1.6425192121149577,True,0.1747981053689625,False
90.88294838518952,23.110048174143813,0.7556783589561339,-1.1121827437139227,False,1.8347664969646242,True,0.020804014852050037,False
90.93294838518952,23.110048174143813,0.7686029705680689,-0.19147873864770823,False,2.1923333447982705,True,-0.18374236260724167,False
90.98294838518952,23.110048174143813,0.7491024719369355,1.7914762363412438,False,2.6231408867770387,True,-0.356392415423036,False
91.03294838518951,23.110048174143813,0.6888352952712982,1.809967747244154,False,2.625368367944011,True,-0.3817171125242881,False
91.08294838518952,23.110048174143813,0.587685256529078,1.4811385234656227,False,2.1844278264558614,True,-0.23851399404288803,False
91.13294838518952,23.110048174143813,0.45486334391073535,1.633443088258191,False,1.5198012389632203,True,-0.07934731877398454,False
91.18294838518952,23.110048174143813,0.5244731375693145,2.21309008624595,False,0.9258495825063109,False,0.02812594307996466,False
91.23294838518952,23.110048174143813,0.6724615911650081,2.9994050348879524,True,0.5640422106570266,False,0.06476929672811971,False
91.28294838518951,23.110048174143813,0.763869812688409,3.0926642943970837,True,0.2156592324048638,False,0.14209502161932386,False
91.33294838518952,23.110048174143813,0.7805520391697713,2.7878665881944977,True,0.27707891550707714,False,0.13646918942310685,False
91.43294838518952,23.110048174143813,0.6365550411123034,2.2743232114615486,False,0.6773639810675331,False,0.11527327186161812,False
91.48294838518952,23.110048174143813,0.5045220360252174,2.1871143111193376,False,0.5444783414616576,False,0.1158603457258256,False
91.83294838518952,23.110048174143813,0.5366359457080498,-0.9863624463299825,False,0.8645215642612859,False,-0.12323389592577683,False
91.88294838518952,23.110048174143813,0.573743983176437,-2.0729809079364694,False,1.2729221957268948,False,-0.17075568543114134,False
91.93294838518952,23.110048174143813,0.6055632643005034,-2.8390124375823818,False,1.1013172813785972,False,-0.023266445593523893,False
91.98294838518952,23.110048174143813,0.5930060562811108,-2.9833439605328635,False,0.8219935340338373,False,0.20229570061882363,False
92.03294838518951,23.110048174143813,0.658779243041773,-1.53960702937763,False,-0.34066557166214373,False,0.5561271417647665,False
92.08294838518952,23.110048174143813,0.7990962648895986,1.1634241176577689,False,-1.6932316829561025,True,0.6482297407682421,False
92.13294838518952,23.110048174143813,0.8570820854724703,2.820583418114982,False,-1.7392070969971443,True,0.6937502925585153,False
92.18294838518952,23.110048174143813,0.8630876510676195,4.5981422486875845,True,-1.0036159460598235,True,0.9278004846904757,True
92.23294838518952,23.110048174143813,0.8107363177292233,5.416375783974528,True,-0.5336911439570384,False,0.7970988998948043,True
92.28294838518951,23.110048174143813,0.7070601494712551,3.8759341634848496,True,-0.07376530184401056,False,0.6554203524577694,False
92.33294838518952,23.110048174143813,0.6116572861569862,1.5289844346479367,False,0.3553130047230804,False,0.49553833951671333,False
88.88294838518952,23.060048174143816,0.801421599689202,0.7807329718862398,False,-1.3346571225174382,False,0.338509407156711,False
88.93294838518952,23.060048174143816,0.7949625780198937,1.0111183168922895,False,-1.4658444012902203,False,0.19915569106152503,False
88.98294838518952,23.060048174143816,0.7975106457238976,1.148406878847413,False,-1.3085202303791348,False,0.19056786772373538,False
89.03294838518953,23.060048174143816,0.7961519570488456,1.0979022498281297,False,-1.5251539544878372,False,0.25768100811495254,False
89.08294838518952,23.060048174143816,0.7601283276077945,1.0805601775953904,False,-1.740805079789371,False,0.36226858688694413,False
89.13294838518952,23.060048174143816,0.8066264362952857,0.9390502108746791,False,-1.971058987143433,True,0.500865761203531,False
89.18294838518952,23.060048174143816,0.8771960240703304,0.6912474862879311,False,-2.096999448466844,True,0.6665991147818822,False
89.23294838518952,23.060048174143816,0.8951597693710145,0.4804908610986045,False,-2.040444014438891,True,0.7353124755659126,False
89.28294838518953,23.060048174143816,0.8966034853199505,0.27715792351598,False,-2.068759414908963,True,0.571327759112142,False
89.33294838518952,23.060048174143816,0.8967747896885071,0.09028364708470837,False,-2.2213984614958564,True,0.28371823538065455,False
89.38294838518952,23.060048174143816,0.8988021583834599,0.14907554554429558,False,-2.3193943082650206,True,-0.06753278553146891,False
89.43294838518952,23.060048174143816,0.8996610158365974,0.9230613588830014,False,-2.06805673224844,True,-0.4855502200066426,False
89.48294838518952,23.060048174143816,0.8860477373339565,2.3998888029146412,True,-1.0319157423803083,True,-0.6268341768829758,False
89.53294838518953,23.060048174143816,0.8669105160325595,3.496447380501713,True,0.07321399630559433,False,-0.6277673078250207,False
89.58294838518952,23.060048174143816,0.8770331270651247,3.1524265043309647,True,-0.2928283316704733,False,-0.4278519227970309,False
89.63294838518952,23.060048174143816,0.8850629987797266,2.5064433953901477,True,-0.7839604054058271,False,-0.2548848187789804,False
89.68294838518952,23.060048174143816,0.8622718950273975,1.7839755993868496,True,-1.4054192475538296,True,-0.22830453407601548,False
89.73294838518952,23.060048174143816,0.8073712767048589,1.2748085340043889,True,-1.8377874290059624,True,-0.2880562213589405,False
89.78294838518953,23.060048174143816,0.8208000326746113,0.9687740860913193,False,-2.104874853362886,True,-0.1875250946621108,False
89.83294838518952,23.060048174143816,0.8486395352577004,1.6264595623261158,False,-2.4991683147755386,True,0.14700305543450118,False
89.88294838518952,23.060048174143816,0.7993090543200754,1.03907215859116,False,-2.6009554397490904,True,0.38362050597772634,False
89.93294838518952,23.060048174143816,0.699531554858774,-0.6282271497673393,False,-2.467834904010183,True,0.5019010542476936,False
89.98294838518952,23.060048174143816,0.6530752137843966,-0.2829021578766103,False,-1.8251739510987077,True,0.5709350529400266,False
90.03294838518953,23.060048174143816,0.732922528734738,0.4261757967069163,False,-1.4435468300836087,True,0.5085002774697388,False
90.08294838518952,23.060048174143816,0.8194665084649078,0.8592607922177304,False,-1.2408153815693126,True,0.4492248431465249,False
90.13294838518952,23.060048174143816,0.8645281509401664,1.0431922467693335,False,-1.1001876719672903,True,0.38247311959368335,False
90.18294838518952,23.060048174143816,0.8740069252828249,0.8871208003873952,False,-1.1588351014350555,True,0.3231998063384224,False
90.23294838518952,23.060048174143816,0.8269554257725403,0.5363003622446852,False,-1.397133166492119,True,0.26523118521312933,False
90.28294838518951,23.060048174143816,0.6626146203190432,0.3393263909520979,False,-1.2720595284417464,True,0.09567659454768851,False
90.33294838518952,23.060048174143816,0.43400843500092495,0.21732324943497083,False,-0.09391980043306715,False,0.046169849056968346,False
90.38294838518952,23.060048174143816,0.3641068377762955,-0.27034133113451697,False,0.6110622386748471,False,-0.0374936844395221,False
90.43294838518952,23.060048174143816,0.3457658514274559,0.08780246308063805,False,0.30619992735514157,False,-0.07457761428815517,False
90.48294838518952,23.060048174143816,0.3410727208232662,0.5316507207423342,False,-0.22153811245648303,False,-0.034160887508511,False
90.68294838518952,23.060048174143816,0.5037423781015179,-0.27453467501913226,False,0.8324716034397153,False,0.35931632062855173,False
90.73294838518952,23.060048174143816,0.5156659250184008,-0.8628627186952157,False,1.135687383577822,True,0.45550214321128757,False
90.78294838518951,23.060048174143816,0.5717500943391228,-1.1943026096793625,False,1.2902907827755015,True,0.4054598611559179,False
90.83294838518952,23.060048174143816,0.6460064045489491,-1.2800293639897646,False,1.5593778281617103,True,0.31366334675700885,False
90.88294838518952,23.060048174143816,0.6875544314564196,-1.1595761285365804,False,1.944258916180186,True,0.14135017200275793,False
90.93294838518952,23.060048174143816,0.713042956322512,0.041529756925578726,False,2.6032184693198697,True,-0.1215822973582394,False
90.98294838518952,23.060048174143816,0.7288344396507332,1.7040810494222753,False,3.1589740694493984,True,-0.3974580505416469,False
91.03294838518951,23.060048174143816,0.7253244069799132,0.9842317177454205,False,3.2534857353703783,True,-0.5993326851307604,False
91.08294838518952,23.060048174143816,0.6953953830633056,0.5553304485345271,False,2.9008733084522387,True,-0.4697201270647068,False
91.13294838518952,23.060048174143816,0.6219352025988966,0.5049652105068456,False,2.1167077088245296,True,-0.14992726743511495,False
91.18294838518952,23.060048174143816,0.5780632644336211,0.9449162623714672,False,1.3233467839472124,False,0.07778035477947262,False
91.23294838518952,23.060048174143816,0.704853968867515,2.138661169623677,False,0.7544937010759643,False,0.11282338518165692,False
91.28294838518951,23.060048174143816,0.7772122295963872,2.8181716996970128,True,0.3244477554860682,False,0.12364114501829855,False
91.33294838518952,23.060048174143816,0.756607136084503,2.559216072622199,True,0.30075165321991537,False,0.10043156475277465,False
91.38294838518952,23.060048174143816,0.6557370538396345,2.265338840979367,False,0.4277539343218742,False,0.0683726390089866,False
91.43294838518952,23.060048174143816,0.5423044222601423,2.137857943434998,False,0.47217892454204224,False,0.07556718396052296,False
91.48294838518952,23.060048174143816,0.4581425681750059,2.1143475310412465,False,0.3663003708319755,False,0.10114919036223258,False
91.53294838518951,23.060048174143816,0.4209516873679756,1.9095365655889558,False,0.39967618086903506,False,0.12165811706572058,False
91.78294838518951,23.060048174143816,0.5541840590582177,0.5501135725204656,False,1.0852339839915606,False,-0.2695497580121234,False
91.83294838518952,23.060048174143816,0.5347046980905683,-0.8944206591254391,False,0.3598172454396828,False,-0.19416802707594247,False
91.88294838518952,23.060048174143816,0.5969760517063055,-1.9441262911378496,False,-0.1114545251316384,False,-0.10698907734928206,False
91.93294838518952,23.060048174143816,0.6452790372346731,-1.3729417132757793,False,-0.5763984178494115,False,0.08861544279320299,False
91.98294838518952,23.060048174143816,0.6263292044006171,-0.26863659504522674,False,-1.0160479515350027,False,0.271213466308946,False
92.03294838518951,23.060048174143816,0.7338224886063248,1.2726356818122346,False,-1.7695459785088956,True,0.514536355713178,False
92.08294838518952,23.060048174143816,0.8332280690144368,2.1678201649137225,False,-2.0454842763462775,True,0.6444880512320827,False
92.13294838518952,23.060048174143816,0.8692592714014036,2.9876460932498503,True,-1.6871654237118623,True,0.7584241943062326,True
92.18294838518952,23.060048174143816,0.8654864546841687,5.029478230574175,True,-1.1754861904643104,True,0.8400274232469537,True
92.23294838518952,23.060048174143816,0.7991822107742886,5.633252316865259,True,-0.8002389150398566,True,0.7168230165509083,True
92.28294838518951,23.060048174143816,0.697830407310003,3.9392564853981193,True,-0.5688321278420865,False,0.6753098270911106,True
92.33294838518952,23.060048174143816,0.6012001307988862,1.7052079588504379,False,-0.27615737648585365,False,0.6711887376509594,True
92.38294838518952,23.060048174143816,0.5048953191230404,-0.44743721259982205,False,0.04488321616949442,False,0.6429247979924637,True
88.88294838518952,23.01004817414381,0.7864220149384816,0.9777869878918046,False,-1.5102002656850209,False,0.18747019990363556,False
88.93294838518952,23.01004817414381,0.7985424212757546,0.9810263980142266,False,-1.6277481344129918,False,0.19930511850808125,False
88.98294838518952,23.01004817414381,0.8123340625329986,0.9889606753739266,False,-1.6788065350531975,False,0.2372956679454096,False
89.03294838518953,23.01004817414381,0.8259979855904107,1.0444186251953316,False,-1.8388155016294845,False,0.3003907116144616,False
89.08294838518952,23.01004817414381,0.8233196967827713,1.3901135270002025,False,-1.8011540314448076,True,0.40397089753539717,False
89.13294838518952,23.01004817414381,0.8806350488262193,1.563415922545048,False,-1.7970212103870629,True,0.5172176043402692,False
89.18294838518952,23.01004817414381,0.9163033947384168,0.6984291646734562,False,-1.917918677144787,True,0.6177014066569142,False
89.23294838518952,23.01004817414381,0.9176756450996498,0.24436167634025274,False,-1.8766276943220643,True,0.4852912683018229,False
89.28294838518953,23.01004817414381,0.9051992831878998,0.06123928701402681,False,-1.9254224206695245,True,0.18263611338336572,False
89.33294838518952,23.01004817414381,0.8916513029463585,-0.07847599997513677,False,-2.088302943081305,True,-0.10007521270747359,False
89.38294838518952,23.01004817414381,0.8844189140117052,-0.011310452935547888,False,-2.0935142656286208,True,-0.41415238968331625,False
89.43294838518952,23.01004817414381,0.8810294723520439,0.5818176711761167,False,-1.6183142261301602,True,-0.6401428380916143,False
89.48294838518952,23.01004817414381,0.8468428096933124,1.6375642894140279,True,-0.645436331694517,False,-0.7264160492059135,False
89.53294838518953,23.01004817414381,0.7947136610063911,2.713586351074759,True,0.2151198515605669,False,-0.6443570126450575,False
89.58294838518952,23.01004817414381,0.8136567952341883,2.3463026415840003,True,-0.5033317979577122,False,-0.3311045434883305,False
89.63294838518952,23.01004817414381,0.8476909736212962,1.797022890441084,True,-1.2574592175006805,True,-0.05974364029103063,False
89.68294838518952,23.01004817414381,0.8439228626147923,1.4526054600518374,True,-1.7282007772463146,True,0.04197727729524797,False
89.73294838518952,23.01004817414381,0.8065888589741413,1.3390422781158255,True,-1.7681960574204083,True,0.03712902098680826,False
89.78294838518953,23.01004817414381,0.8165758351975295,1.1953062514279358,False,-1.84075504157004,True,0.05262322311675316,False
89.83294838518952,23.01004817414381,0.8362297453382612,1.1750840674794794,False,-2.0574083937149217,True,0.21597484736435688,False
89.88294838518952,23.01004817414381,0.7917429916493429,0.6733187961880726,False,-2.214241798381471,True,0.4209755592509482,False
89.93294838518952,23.01004817414381,0.7023303015972439,-0.20436401601463805,False,-2.174984107829345,True,0.5951618799488584,False
89.98294838518952,23.01004817414381,0.609896251441386,-0.07489759985981737,False,-1.5651764030999542,True,0.7317924728045228,True
90.03294838518953,23.01004817414381,0.6310936981442602,0.6494670579260033,False,-1.2108368817134143,True,0.6365456539095447,False
90.08294838518952,23.01004817414381,0.7391307007842548,1.160597953265683,False,-1.0162612652043925,True,0.49261760861812887,False
90.13294838518952,23.01004817414381,0.8174274288364448,1.2948942611198624,False,-0.8680598881622441,False,0.3355045897597972,False
90.18294838518952,23.01004817414381,0.8420497064747822,1.1753157531382776,False,-0.8757519077859464,False,0.20493949781234266,False
90.23294838518952,23.01004817414381,0.8106519289993891,0.8226244362983444,False,-1.119329302435097,True,0.15015738224001385,False
90.28294838518951,23.01004817414381,0.7012736759583018,0.8825067643497113,False,-1.1502927346081622,True,0.0911840262119002,False
90.33294838518952,23.01004817414381,0.46068477188602175,1.722724494196888,False,-0.361788965348059,False,-0.0037065119416365006,False
90.38294838518952,23.01004817414381,0.3614029939129948,0.9420120460728296,False,0.22813953515108304,False,-0.11011913518392871,False
90.43294838518952,23.01004817414381,0.4116037105635397,1.0531978722066668,False,-0.03106006357062184,False,-0.13513727436049083,False
90.48294838518952,23.01004817414381,0.41532118208625923,1.1638096174948411,False,-0.4652252114598269,False,-0.03885470525787531,False
90.53294838518951,23.01004817414381,0.42062438931319995,1.3072756083263415,False,-0.5431813265911537,False,-0.0911489961101824,False
90.68294838518952,23.01004817414381,0.5581149407765417,0.316101264831495,False,0.34457084030330454,False,-0.024661329894472454,False
90.73294838518952,23.01004817414381,0.4533007509862122,-0.8750746958235369,False,0.838371854189501,False,0.3305084749913445,False
90.78294838518951,23.01004817414381,0.46856927717945973,-1.496544593081573,False,0.933789781538302,False,0.3798295368233423,False
90.83294838518952,23.01004817414381,0.5096322349530998,-1.5647292315396402,False,1.0364413694524957,False,0.31233076850351243,False
90.88294838518952,23.01004817414381,0.5264284213949758,-1.504761539631705,False,1.220227348818212,False,0.24012916427401138,False
90.93294838518952,23.01004817414381,0.5400558023440799,-0.8532739925830571,False,1.4645377290920911,True,0.05861440217134034,False
90.98294838518952,23.01004817414381,0.606493549049584,0.4065286573897094,False,1.8884824279257573,True,-0.25770056665616214,False
91.03294838518951,23.01004817414381,0.6767464744922693,0.06127000371290836,False,2.085524312042125,True,-0.4913195118647471,False
91.08294838518952,23.01004817414381,0.7046036007835724,-0.4836022488840943,False,1.9346939625825916,True,-0.36376873654564046,False
91.13294838518952,23.01004817414381,0.683778427208852,-0.6888096486773634,False,1.5381651311166658,True,-0.03619363361872352,False
91.18294838518952,23.01004817414381,0.6366730580894978,-0.18581495959266459,False,1.1270469550468039,False,0.1535323680144682,False
91.23294838518952,23.01004817414381,0.7061544874474698,1.560738553591169,False,0.6309406729377294,False,0.09975470865521734,False
91.28294838518951,23.01004817414381,0.7702847269947128,2.9097973814852454,True,0.2195322042294688,False,0.04287340659676549,False
91.33294838518952,23.01004817414381,0.7354342865287598,2.4969722949762847,True,0.1522878140654492,False,0.022214269009611466,False
91.38294838518952,23.01004817414381,0.6227848151107279,2.184640634008783,False,0.09364635235419799,False,0.0019057640315174587,False
91.43294838518952,23.01004817414381,0.4906489952089672,1.9975434061858195,False,0.24179410905828824,False,0.05656109330512801,False
91.48294838518952,23.01004817414381,0.43030703789100383,2.025434954896759,False,0.3133890401608436,False,0.13459444783009916,False
91.53294838518951,23.01004817414381,0.5215157563419449,2.4322970342546713,False,0.30411536319314697,False,0.18216025560251178,False
91.78294838518951,23.01004817414381,0.5934191873182726,1.260726281229672,False,1.0346857116475174,False,-0.28525033778167785,False
91.83294838518952,23.01004817414381,0.5689626460916843,-0.37698501558970243,False,-0.07698064161935247,False,-0.21646556800262517,False
91.88294838518952,23.01004817414381,0.66110370993958,-1.1714352282486313,False,-1.1293337042813734,False,-0.1515621564684583,False
91.93294838518952,23.01004817414381,0.6971624671431916,-0.04333996367389081,False,-1.3898691836688442,True,-0.11218687196400648,False
91.98294838518952,23.01004817414381,0.6882828032602517,0.9536298705702348,False,-1.561955144721685,True,0.01119869769784572,False
92.03294838518951,23.01004817414381,0.7757609707940853,1.309545672936205,False,-1.6787144543303072,True,0.25132858682928283,False
92.08294838518952,23.01004817414381,0.8449532942829426,1.54678927493781,False,-1.5149398067173971,True,0.5294091233004675,False
92.13294838518952,23.01004817414381,0.8620781298516192,2.834927747726982,True,-1.2566024586458027,True,0.7803738478106274,True
92.18294838518952,23.01004817414381,0.8496738536274157,5.011914102801825,True,-0.972425859514131,True,0.7194180249527631,True
92.28294838518951,23.01004817414381,0.6983598896033127,4.310792489239416,True,-0.6851280661841639,True,0.48455467721858203,False
92.33294838518952,23.01004817414381,0.6124687641001325,2.4814747988911865,False,-0.5715291401640424,True,0.541305507394443,False
92.38294838518952,23.01004817414381,0.5189628682609678,0.5328309902739026,False,-0.41861410619494355,False,0.5910334309214521,True
88.88294838518952,22.96004817414381,0.8182766276148334,0.7067234298400417,False,-3.053348318692782,False,0.01854121696215555,False
88.93294838518952,22.96004817414381,0.8357818484772217,0.7034326066266665,False,-2.9174036530576597,False,0.12461270608652394,False
88.98294838518952,22.96004817414381,0.8432726212352144,0.686488759361848,False,-2.9013136635578896,True,0.23465402828515675,False
89.03294838518953,22.96004817414381,0.8551426238531638,0.8928585754498829,False,-2.7601575743163886,True,0.3444359122504602,False
89.08294838518952,22.96004817414381,0.8507059816999589,1.5796722738556468,False,-2.130606577574449,True,0.38383839911929074,False
89.13294838518952,22.96004817414381,0.8948404891965354,2.4699753061852756,True,-1.445557049521701,True,0.29884569638369196,False
89.18294838518952,22.96004817414381,0.9254276418610766,1.250329647987204,False,-1.5826893887183897,True,0.26850553784279924,False
89.23294838518952,22.96004817414381,0.9233872218628812,0.3174240850888781,False,-1.6558854771771012,True,-0.022564605295629703,False
89.28294838518953,22.96004817414381,0.900042873368952,-0.054185428027830884,False,-1.7575834466133968,True,-0.45819283643198744,False
89.33294838518952,22.96004817414381,0.8686751812987605,-0.0658215895759311,False,-1.8344364860250502,True,-0.7488663410343457,False
89.38294838518952,22.96004817414381,0.8572275340640484,0.23884314855173128,False,-1.5223614505788379,True,-0.7789599379727753,False
89.43294838518952,22.96004817414381,0.8596967167574447,0.9001027599902649,False,-0.8641747304819428,True,-0.8468841569670463,True
89.48294838518952,22.96004817414381,0.8231251216110791,1.901237735852256,True,-0.017592876947635894,False,-0.8970008577505382,True
89.53294838518953,22.96004817414381,0.7431953001416006,2.5050800319500075,True,0.4408045550399737,False,-0.72320386228194,False
89.58294838518952,22.96004817414381,0.7481386280960404,1.618413544795585,True,-0.45422640676631243,False,-0.18569106079012254,False
89.63294838518952,22.96004817414381,0.8021224863804983,1.299428816076574,True,-1.299223686050909,True,0.09785730985574781,False
89.68294838518952,22.96004817414381,0.8374595890328018,1.4317923207632648,True,-1.6022872659181102,True,0.2018901306670159,False
89.73294838518952,22.96004817414381,0.8524756500888305,1.4124463306019834,True,-1.5964126077345615,True,0.1708242309078409,False
89.78294838518953,22.96004817414381,0.8602510446686917,1.199652151897136,False,-1.5627560891160452,True,0.089386274899075,False
89.83294838518952,22.96004817414381,0.8432391047760179,1.0012299513437617,False,-1.6057585651025963,True,0.10159624588291655,False
89.88294838518952,22.96004817414381,0.7787786250499398,0.49471351781994466,False,-1.775766974937497,True,0.2890402991550571,False
89.93294838518952,22.96004817414381,0.6980506990491742,-0.15435713011759167,False,-1.9043979807404303,True,0.6086162468055757,False
89.98294838518952,22.96004817414381,0.6418306630043287,0.00013086398368977736,False,-1.5774822492919232,True,0.8418214875010771,True
90.03294838518953,22.96004817414381,0.6453141858055464,0.8938220449000509,False,-1.1509746516116461,True,0.7635818162175811,True
90.08294838518952,22.96004817414381,0.6941414471476541,1.4531113804025853,False,-0.8401629398732435,False,0.5710277076023835,False
90.13294838518952,22.96004817414381,0.7529207296238515,1.3498588660033077,False,-0.6883053634091014,False,0.2599489756466506,False
90.18294838518952,22.96004817414381,0.7826385957921044,0.9263459980631018,False,-0.8396177196418001,False,0.09175773310352842,False
90.23294838518952,22.96004817414381,0.7654562732535518,0.5261156667645684,False,-1.111906663333004,True,0.0028998711471515115,False
90.28294838518951,22.96004817414381,0.6915910236537479,0.7177663316782807,False,-1.2854067117679233,True,-0.06589558193053217,False
90.33294838518952,22.96004817414381,0.474181794968847,1.8408075349358055,False,-0.8614854172305642,False,-0.12237905714757796,False
90.38294838518952,22.96004817414381,0.4049994256883932,1.4843057167148785,False,-0.4496456362752701,False,-0.10494127812344202,False
90.43294838518952,22.96004817414381,0.4503121763769016,1.3335545430267208,False,-0.58060904738637,False,-0.02812427108555112,False
90.48294838518952,22.96004817414381,0.4560487366338,1.3365871204727273,False,-0.7727732612642375,False,0.07055752558638756,False
90.53294838518951,22.96004817414381,0.4431399348194181,1.5166381517047587,False,-0.8249510901221263,True,0.06434056355145586,False
90.68294838518952,22.96004817414381,0.6369939726400872,0.6374544457550078,False,-0.35368948553289836,False,-0.47469219455066125,False
90.73294838518952,22.96004817414381,0.513895901281968,-0.9391041912376983,False,0.19860318984523212,False,-0.07853928780637612,False
90.78294838518951,22.96004817414381,0.42630229715917883,-1.7154958637483224,False,0.835516999513684,False,0.3260921322832727,False
90.83294838518952,22.96004817414381,0.45750056354337204,-1.6341999207991025,False,0.9201627988898688,False,0.28136234216160155,False
90.88294838518952,22.96004817414381,0.4399861143952572,-1.3927195673436374,False,0.8292348039560518,False,0.1417031320311189,False
90.93294838518952,22.96004817414381,0.31391376615494754,-0.8083890734647635,False,0.5650663293755114,False,-0.08736035529588532,False
90.98294838518952,22.96004817414381,0.3677105456828358,-0.3977921819064385,False,0.10193744847932659,False,-0.2768088173219469,False
91.03294838518951,22.96004817414381,0.5709413216897834,-0.789716469716218,False,-0.5525035479722188,False,-0.345153769367601,False
91.08294838518952,22.96004817414381,0.6782886038335159,-1.2205177382400623,False,-0.2735481836614129,False,-0.19764208604507613,False
91.13294838518952,22.96004817414381,0.6920375416490575,-1.4222044765441522,False,0.48497457287106105,False,0.10105033046312994,False
91.18294838518952,22.96004817414381,0.6470331182905229,-0.6072268563410337,False,0.5930007233458381,False,0.19119203501356624,False
91.23294838518952,22.96004817414381,0.7008855854909016,1.6782239861046366,False,0.12494049847154509,False,-0.02817583645578256,False
91.28294838518951,22.96004817414381,0.7621561316434886,3.0591401387936004,True,-0.3429419488404568,False,-0.11872965560869296,False
91.33294838518952,22.96004817414381,0.6954257321007403,2.7714965233960704,True,-0.7845139778310675,False,-0.13395416024639326,False
91.38294838518952,22.96004817414381,0.5981792103695235,2.633152140170222,True,-1.1626680591796372,False,-0.13849604022660408,False
91.43294838518952,22.96004817414381,0.5808647428128432,3.0516578432934995,True,-0.5172187331214873,False,0.056681045784149967,False
91.48294838518952,22.96004817414381,0.5842360363703669,3.5683011792331367,True,-0.12035388943446715,False,0.20155098362014157,False
91.53294838518951,22.96004817414381,0.616543039175655,4.077039097343698,True,-0.007719561514849767,False,0.2898671952613248,False
91.58294838518952,22.96004817414381,0.6896462730885531,3.6625235852598084,False,0.16980570862586994,False,0.3031727148046828,False
91.63294838518952,22.96004817414381,0.802437592306411,3.4319550342950738,False,0.36090777506494603,False,0.17964904086298553,False
91.68294838518952,22.96004817414381,0.8145020091325144,2.495686436749178,False,0.6950051845955566,False,0.029409110085515146,False
91.73294838518952,22.96004817414381,0.75716113576255,2.046836699268054,False,1.0350068942509376,False,-0.07940444283726397,False
91.78294838518951,22.96004817414381,0.6208208746405686,1.8689253781097253,False,0.8786093352763082,False,-0.17074527766777736,False
91.83294838518952,22.96004817414381,0.6167954429901183,0.1772595796126819,False,-0.37407921105723413,False,-0.12188229698655709,False
91.88294838518952,22.96004817414381,0.7074880863168791,-0.5670166863588817,False,-1.3389230080081076,True,-0.20053837271738512,False
91.93294838518952,22.96004817414381,0.7384554987103035,0.6482655513937726,False,-1.5103297454879039,True,-0.3440651688766829,False
91.98294838518952,22.96004817414381,0.7421733043995604,0.9519414765451105,False,-1.393152613534798,True,-0.2945189479919591,False
92.03294838518951,22.96004817414381,0.7993442573290627,0.859106656562606,False,-1.330299273210444,True,-0.11108090834852583,False
92.08294838518952,22.96004817414381,0.8258593691797893,1.158335555180977,False,-1.2340054444024344,True,0.1471045251064138,False
92.13294838518952,22.96004817414381,0.832973247603536,2.661347999839769,True,-1.0234021055863767,True,0.4223013156246019,False
92.18294838518952,22.96004817414381,0.8151555173882653,4.515179390296563,True,-0.8209739761727033,True,0.5030157583874195,False
92.28294838518951,22.96004817414381,0.7084658688385442,4.7421977337314924,True,-0.7333033381354848,True,0.28906118357817523,False
92.33294838518952,22.96004817414381,0.6520235480637003,3.0638303983165716,False,-0.7462606312744264,True,0.3936578162046788,False
92.38294838518952,22.96004817414381,0.5547534255071718,0.7785247487213058,False,-0.6896454192579432,True,0.4598735730267384,False
88.93294838518952,22.91004817414381,0.855724575760551,0.5432996146122205,False,-4.559987201354668,True,0.03297970214270153,False
88.98294838518952,22.91004817414381,0.8755454036831145,0.7240481187710519,False,-4.111520104191129,True,0.20027503741990654,False
89.03294838518953,22.91004817414381,0.8832306015835997,1.1189060504503676,False,-3.6827527846117842,True,0.34366572471552964,False
89.08294838518952,22.91004817414381,0.890744791522395,2.0245972799159166,True,-2.4628597962249454,True,0.30597886296895105,False
89.13294838518952,22.91004817414381,0.9066238992651875,3.2194958216230667,True,-1.1648082040847163,True,0.08959065086079293,False
89.18294838518952,22.91004817414381,0.9241010293733611,2.7935717921122096,True,-0.9324869078991459,True,-0.04346508616212208,False
89.23294838518952,22.91004817414381,0.9227636186804856,0.9577570292068756,False,-1.3289263145417,True,-0.36905177186437516,False
89.28294838518953,22.91004817414381,0.8921690967641018,0.11333906140999073,False,-1.5700961591500022,True,-0.882956406543261,True
89.33294838518952,22.91004817414381,0.8276508108956424,0.1519583523794723,False,-1.2920927163895466,True,-0.7945964777521989,False
89.38294838518952,22.91004817414381,0.8028436838899577,0.6866895157282356,False,-0.6322692379816794,False,-0.5266075291795835,False
89.43294838518952,22.91004817414381,0.8183909926075945,1.472269227912811,True,-0.053494498864653184,False,-0.5638459367983545,False
89.48294838518952,22.91004817414381,0.7960578088304249,2.4077751838006067,True,0.5266156696221801,False,-0.7315062608156606,False
89.53294838518953,22.91004817414381,0.7427479712136036,2.4923134235908577,True,0.5771153822551696,False,-0.666826989893927,False
89.58294838518952,22.91004817414381,0.7189899697976048,1.480900017067293,True,-0.09367282822611364,False,-0.09385484912112485,False
89.63294838518952,22.91004817414381,0.7640609525408781,0.9653541892851683,False,-0.8132140420162043,True,0.1670118332423216,False
89.68294838518952,22.91004817414381,0.8349357224581915,1.340719108824018,True,-1.2218898958108395,True,0.11958358397020352,False
89.73294838518952,22.91004817414381,0.8827272886462803,1.4550283052707935,True,-1.4246772959933667,True,0.10844309593165159,False
89.78294838518953,22.91004817414381,0.9013192304307438,1.285679582808203,False,-1.4813213957656912,True,0.09250192774758122,False
89.83294838518952,22.91004817414381,0.880326697649759,1.3000650796663553,False,-1.4488120327554028,True,0.0700209981384669,False
89.88294838518952,22.91004817414381,0.8058308935066834,1.1175447671690837,False,-1.4294977804016185,True,0.12383798519631456,False
89.93294838518952,22.91004817414381,0.7268665744115841,0.6068238529531346,False,-1.516678681387828,True,0.4225741701903817,False
89.98294838518952,22.91004817414381,0.718429904653055,0.43250965310409817,False,-1.626937325166034,True,0.794841742120344,True
90.03294838518953,22.91004817414381,0.726512709423332,0.9320658744959409,False,-1.2964066071754259,False,0.9152193629581755,True
90.08294838518952,22.91004817414381,0.7241144244997727,1.8025841607896507,False,-0.6537483421682149,False,0.7076659552349825,False
90.13294838518952,22.91004817414381,0.7091558163567598,2.0936790081862133,True,-0.22443494510654302,False,0.30733771255241193,False
90.18294838518952,22.91004817414381,0.6988100827389404,1.510512014741346,False,-0.39744742480843,False,0.07264169813654506,False
90.23294838518952,22.91004817414381,0.6843964147460396,0.81152000084226,False,-0.805576302745685,False,-0.09509834070966577,False
90.28294838518951,22.91004817414381,0.6414353274410506,0.9049539851325781,False,-1.1393760346217214,True,-0.21921083102588548,False
90.33294838518952,22.91004817414381,0.4860485341550155,1.539326704191084,False,-1.278044563968562,True,-0.24018542063353146,False
90.38294838518952,22.91004817414381,0.45870026764672417,1.558586442880293,False,-1.0361435761315003,True,-0.130374685219459,False
90.43294838518952,22.91004817414381,0.5187891497450486,1.3369038206379715,False,-0.9733463872409565,True,0.017238755687038726,False
90.48294838518952,22.91004817414381,0.5123444026926425,1.2762385479648533,False,-0.912183569070541,True,0.11161980794935161,False
90.53294838518951,22.91004817414381,0.5022106320364443,1.352318247888583,False,-0.8521146901686851,True,0.13315474660397386,False
90.73294838518952,22.91004817414381,0.6331996104489578,-0.8299693555199968,False,-0.27215035576022106,False,-0.25873924077674515,False
90.78294838518951,22.91004817414381,0.5693953098589924,-1.903115932747213,False,0.33185758437360047,False,0.14103535268106926,False
90.83294838518952,22.91004817414381,0.566279078856623,-1.6204349706824983,False,0.6045579948856439,False,0.21136265835114953,False
90.88294838518952,22.91004817414381,0.5185342688037926,-1.0665057549518897,False,0.39972528301433363,False,-0.005957963532630053,False
90.93294838518952,22.91004817414381,0.3093540769688297,-0.38121987328622375,False,0.1995866625209895,False,-0.1470895013561313,False
90.98294838518952,22.91004817414381,0.33447029774817755,-0.22587010066829588,False,-0.23594926201317568,False,-0.22029469660850537,False
91.03294838518951,22.91004817414381,0.5712672244682427,-1.0575383570750652,False,-1.0680687110483273,False,-0.3329535988583596,False
91.08294838518952,22.91004817414381,0.6838733114619405,-1.1544391186805092,False,-1.5822989226316049,False,-0.30390171075703765,False
91.13294838518952,22.91004817414381,0.6773806488234909,-0.9897073020514531,False,-0.8338019199950979,False,-0.054130538003805934,False
91.18294838518952,22.91004817414381,0.5986641113485759,0.1577939874565445,False,-0.6005230062508389,False,-0.03888648476227105,False
91.23294838518952,22.91004817414381,0.6763458804328066,2.2984660177659277,False,-0.8955636482525762,False,-0.2513462835721578,False
91.28294838518951,22.91004817414381,0.7216396174956055,3.1225467580577178,True,-1.1625812481960973,False,-0.2934460183825796,False
91.33294838518952,22.91004817414381,0.6692108684160551,3.348333786993946,True,-1.8619037334378168,True,-0.3336628548433337,False
91.38294838518952,22.91004817414381,0.6169911616215997,3.7121464986467965,True,-2.2526358206505352,True,-0.29343569275638737,False
91.43294838518952,22.91004817414381,0.6118690788840919,4.318699888086788,True,-1.2206108695170075,True,0.09590028833395366,False
91.48294838518952,22.91004817414381,0.6319706427679606,5.2862071953523095,True,-0.7578391744171253,False,0.3360295442519117,False
91.53294838518951,22.91004817414381,0.6632409328960407,5.986016990218914,True,-0.565235842472479,False,0.41975954078931943,False
91.58294838518952,22.91004817414381,0.702812039837249,5.435054596478224,True,-0.2616536753768969,False,0.3118033777591942,False
91.63294838518952,22.91004817414381,0.7703117231658312,3.7454503814024145,False,0.3370552944856304,False,0.10706921254548653,False
91.68294838518952,22.91004817414381,0.7781811614823939,2.5005689013973136,False,0.8321437178793992,False,0.019982680993842677,False
91.73294838518952,22.91004817414381,0.7314462638080642,2.1961496076416465,False,1.0626549748592673,False,0.008768733936167714,False
91.78294838518951,22.91004817414381,0.6287656005140442,1.7329566193741173,False,0.8302684426030613,False,0.009147558222045854,False
91.83294838518952,22.91004817414381,0.6403608157371581,0.4027219825498878,False,-0.5149869792469659,False,0.04775550820856099,False
91.88294838518952,22.91004817414381,0.7194950913772868,-0.15950929600452346,False,-1.3124756356195055,False,-0.17353721715636486,False
91.93294838518952,22.91004817414381,0.7577513799811514,0.44848976377963146,False,-1.3618767322016898,True,-0.3603704608267338,False
91.98294838518952,22.91004817414381,0.7543837362699323,0.8813874282626691,False,-1.230503262941606,True,-0.3904531838776162,False
92.03294838518951,22.91004817414381,0.7867629222783515,0.8956074500699349,False,-1.1516583506327027,True,-0.29818834013719725,False
92.08294838518952,22.91004817414381,0.7928946242099753,1.2313574805873455,False,-1.10550669769383,True,-0.1561250342397226,False
92.13294838518952,22.91004817414381,0.7825271752928272,2.601575133389732,False,-0.974646824614132,True,0.013099752872872347,False
92.18294838518952,22.91004817414381,0.7695703366345324,3.9150894994463066,True,-0.8463242141743154,True,0.21985615610671128,False
92.28294838518951,22.91004817414381,0.7592301143744857,5.081989154804293,True,-0.8633686138830617,True,0.16234726853641396,False
92.33294838518952,22.91004817414381,0.7373417794506029,3.888154532894668,True,-1.0116431625521647,True,0.20254402830368268,False
92.38294838518952,22.91004817414381,0.6789654529590545,1.7399772536424207,False,-1.135388287911232,True,0.20605787776831894,False
88.98294838518952,22.860048174143813,0.8716757188047736,1.2088724270658393,False,-4.628729071851275,True,0.2483772016683871,False
89.03294838518953,22.860048174143813,0.902832134169537,1.4806631278618112,False,-4.288020858800862,True,0.3412056518978617,False
89.08294838518952,22.860048174143813,0.9189356573122697,2.1696551980516037,True,-3.0432273933123897,True,0.2737880391527311,False
89.13294838518952,22.860048174143813,0.9189315011636849,3.249683380521874,True,-1.349447045974641,True,0.07088489772689671,False
89.18294838518952,22.860048174143813,0.9155956405185831,3.6252332452626463,True,-0.5860073151224073,False,-0.09195949479098825,False
89.23294838518952,22.860048174143813,0.9006556204836565,2.845501295041833,True,-0.7077883392753702,True,-0.38799753297330375,False
89.28294838518953,22.860048174143813,0.8679395731813492,1.5515504817786274,True,-1.1224113303926333,True,-0.9424337381879249,True
89.33294838518952,22.860048174143813,0.7865397514421417,0.8914987961735414,False,-0.6578638002321121,True,-0.32737300958786153,False
89.38294838518952,22.860048174143813,0.712200724273339,1.165417630148491,True,-0.021324096446411644,False,0.010960566368342195,False
89.43294838518952,22.860048174143813,0.753146442745924,1.8722310785486789,True,0.40465269622550926,False,-0.10026131106400815,False
89.48294838518952,22.860048174143813,0.7920035391452578,2.1549260365282548,True,0.5286430287809021,False,-0.25363148404424285,False
89.53294838518953,22.860048174143813,0.7874185726162934,2.0892896367179814,True,0.4251260280342128,False,-0.2771387562057348,False
89.58294838518952,22.860048174143813,0.7545743099437372,1.379579297058061,True,-0.030001570321803075,False,0.10312767934568434,False
89.63294838518952,22.860048174143813,0.7578702764604991,0.7191903696678404,False,-0.48984826857821295,True,0.43926902619355496,False
89.68294838518952,22.860048174143813,0.8215492701449278,0.8828343534877402,False,-0.8416136516744652,True,0.22585399152028596,False
89.73294838518952,22.860048174143813,0.8812688503455686,1.2536093225366627,False,-1.2277879895968935,True,0.060129647844818834,False
89.78294838518953,22.860048174143813,0.9037244632996313,1.4669095021745018,False,-1.4296318784573012,True,0.08596181991312732,False
89.83294838518952,22.860048174143813,0.8980314753111842,1.5326215142318116,True,-1.3870562745884276,True,0.11655526902538713,False
89.88294838518952,22.860048174143813,0.8665690935879342,1.4866829699704152,True,-1.2896096155169319,True,0.12323348693261305,False
89.93294838518952,22.860048174143813,0.8211577018170363,1.311340141947747,False,-1.2787037566093682,True,0.2717349045870844,False
89.98294838518952,22.860048174143813,0.7979899262967408,0.9406734967995889,False,-1.608070130093315,True,0.5948068051971208,False
90.03294838518953,22.860048174143813,0.7818814593028917,0.9074086649608327,False,-1.4462465811887684,False,0.9327942368717143,False
90.08294838518952,22.860048174143813,0.7538102188283399,2.3495269841655895,False,-0.3203694734872741,False,0.634006271084978,False
90.13294838518952,22.860048174143813,0.7036132214795158,3.4464319638034944,True,0.5727035706393436,False,0.21823246274076916,False
90.18294838518952,22.860048174143813,0.641913814041051,2.8694805953460554,True,0.4532881959170956,False,0.10849409013056194,False
90.23294838518952,22.860048174143813,0.5954901307955943,1.896984330403376,False,-0.07887113331537682,False,-0.06753301447952054,False
90.28294838518951,22.860048174143813,0.5523555622901358,1.440705718698959,False,-0.639159334464944,False,-0.224249185428683,False
90.33294838518952,22.860048174143813,0.502328007545883,1.7312688329437176,False,-1.185825917825123,True,-0.25893369828495305,False
90.38294838518952,22.860048174143813,0.5325200319764886,1.4383039995740914,False,-1.3988200884598743,True,-0.1346958930973999,False
90.43294838518952,22.860048174143813,0.5766193975591077,1.1189392406476009,False,-1.1020108839879441,True,0.050409370258723635,False
90.48294838518952,22.860048174143813,0.5415138179544027,0.9599343567968052,False,-0.8662800282807496,True,0.17355798153567842,False
90.53294838518951,22.860048174143813,0.5071631237083845,0.9346221208998253,False,-0.7198948278995793,True,0.2276000367163315,False
90.58294838518952,22.860048174143813,0.5331398751489493,1.2407545470110786,False,-0.7695950733401342,True,0.16682819454178702,False
90.78294838518951,22.860048174143813,0.6603191931001728,-1.3509285401628148,False,-0.3347967397428967,False,0.10104549832782411,False
90.83294838518952,22.860048174143813,0.636860987909596,-0.9974190736680859,False,-0.150426798747343,False,0.09049300624917793,False
90.88294838518952,22.860048174143813,0.5753927144966603,-0.265791789111956,False,-0.26027810967059845,False,0.022050629794046803,False
90.93294838518952,22.860048174143813,0.463451825847677,0.2863517649407753,False,-0.3040563006020509,False,-0.06437712489078337,False
90.98294838518952,22.860048174143813,0.42356245505467,-0.03745049514190624,False,-0.43264310891341096,False,-0.13755463225456893,False
91.03294838518951,22.860048174143813,0.6258344328648491,-1.1407272904613401,False,-0.9574024841459097,False,-0.26540926664170905,False
91.08294838518952,22.860048174143813,0.6930088843415206,-1.0628987927762592,False,-1.6770266086038852,True,-0.407083209143571,False
91.13294838518952,22.860048174143813,0.6330848462419877,-0.05623541038949542,False,-1.8409183714698165,False,-0.4175288254567156,False
91.18294838518952,22.860048174143813,0.5544884771214971,1.6287755292658401,False,-1.5766006833809767,False,-0.4740403457296424,False
91.23294838518952,22.860048174143813,0.6320623536742065,3.1679475396887264,True,-1.3617930273542718,False,-0.531008578294321,False
91.28294838518951,22.860048174143813,0.6800155391816768,3.5734266532529677,True,-1.706579030382151,False,-0.578687784308375,False
91.33294838518952,22.860048174143813,0.6571271223004771,3.693753732675001,True,-2.239314431537539,True,-0.5916656754054382,False
91.38294838518952,22.860048174143813,0.6326272829441254,4.041292372462788,True,-2.220803073377848,True,-0.38096761540231877,False
91.43294838518952,22.860048174143813,0.6270099284346862,4.596583593740625,True,-1.4950934704531302,True,0.05431344683463371,False
91.48294838518952,22.860048174143813,0.6335369747862537,5.646009125786679,True,-1.1307058854077545,True,0.3291661461622144,False
91.53294838518951,22.860048174143813,0.6475653153479558,6.573856780216307,True,-0.961613429863065,False,0.4057296392067211,False
91.58294838518952,22.860048174143813,0.658139370570622,5.7927787946006974,True,-0.6129744229371503,False,0.2581981498471335,False
91.63294838518952,22.860048174143813,0.6644021121013611,3.745737585221451,False,0.085966207741625,False,0.09227301917156455,False
91.68294838518952,22.860048174143813,0.6920091778553146,2.8735871472791943,False,0.6208111066208011,False,0.010513158117338673,False
91.73294838518952,22.860048174143813,0.677462543265893,2.6313239769954966,False,0.9709516553903913,False,0.030540352278745603,False
91.78294838518951,22.860048174143813,0.603469298277951,1.525092762480647,False,0.9279857184836483,False,0.13268869220555105,False
91.83294838518952,22.860048174143813,0.6268659101574321,0.3038442909449097,False,-0.3525649849610081,False,0.19987158059407034,False
91.88294838518952,22.860048174143813,0.6930831379763385,-0.3566315299261942,False,-0.9854820941376758,False,-0.02541035753988468,False
91.93294838518952,22.860048174143813,0.7419162135386117,-0.45153008118338844,False,-1.0412076781261188,True,-0.22618962610921867,False
91.98294838518952,22.860048174143813,0.7432362117134655,0.3042026421466719,False,-1.0450608113984807,True,-0.2874805049823753,False
92.03294838518951,22.860048174143813,0.7696899372520294,1.189455117410481,False,-1.1036950456492371,True,-0.2759631884472016,False
92.08294838518952,22.860048174143813,0.7591675369796059,1.7467135847219246,False,-1.1254984618029433,True,-0.2087639034410658,False
92.13294838518952,22.860048174143813,0.7453656277816895,2.643618103964009,False,-1.1152882039100582,True,-0.11301449149028113,False
92.18294838518952,22.860048174143813,0.7367813663966735,3.6738053761655936,True,-1.1027035177300175,True,-0.0293218196270031,False
92.28294838518951,22.860048174143813,0.8118776371741374,5.356162894391518,True,-1.0561748407726375,True,0.052707169829789416,False
92.33294838518952,22.860048174143813,0.8120264443089027,4.559924360673517,True,-1.2654310570714953,True,-0.014784202993053164,False
92.38294838518952,22.860048174143813,0.7766914469048842,2.5202082061755284,False,-1.4653530163465662,True,-0.033215082636328136,False
92.43294838518952,22.860048174143813,0.7269976053728918,-0.23420521185934462,False,-1.384388007861574,True,0.08336294343150796,False
88.98294838518952,22.810048174143816,0.838470750409675,1.9804782688791274,True,-3.6629801769467676,True,0.351683026021186,False
89.03294838518953,22.810048174143816,0.8650951666197817,2.0713092541380718,True,-3.3692282075101314,True,0.36536099730077043,False
89.08294838518952,22.810048174143816,0.9022104279499429,2.2448859244553554,True,-2.7729202752514106,True,0.2835565033632247,False
89.13294838518952,22.810048174143816,0.9102087442624899,2.8225812573528537,True,-1.5790948192635845,True,0.12361425093862993,False
89.18294838518952,22.810048174143816,0.8957337704127002,3.1493507551548685,True,-0.9101342393829116,False,0.013220272473329964,False
89.23294838518952,22.810048174143816,0.8631239890587227,2.9837252875721108,True,-0.7572425583511748,True,-0.32146099403288664,False
89.28294838518953,22.810048174143816,0.8228712456972817,2.6165752561366693,True,-0.711190156969794,True,-0.7962072926957716,False
89.33294838518952,22.810048174143816,0.7661258725740336,1.445950852455271,True,-0.2746437808238178,False,-0.012347282601859189,False
89.38294838518952,22.810048174143816,0.7194234867667829,1.3329989634806194,True,0.17088733859455452,False,0.3341293407828394,False
89.43294838518952,22.810048174143816,0.7662082818320806,1.7601633468984346,True,0.40434708223461235,False,0.17373616699908478,False
89.48294838518952,22.810048174143816,0.8168063161085147,1.9325927274877355,True,0.43352313812528764,False,0.04920700388549626,False
89.53294838518953,22.810048174143816,0.824412846999192,1.819601043420849,True,0.2624030349836059,False,0.020304618366277838,False
89.58294838518952,22.810048174143816,0.7896582447288727,1.4102656785325967,True,-0.0546133595614941,False,0.2754058449501591,False
89.63294838518952,22.810048174143816,0.7754997365319768,0.9546619936463185,False,-0.35524998866778223,False,0.6257806220196194,False
89.68294838518952,22.810048174143816,0.8169491556223393,1.0504852012530375,False,-0.5637899603560249,True,0.4936234974790448,False
89.73294838518952,22.810048174143816,0.8584980381029623,1.2143830433283722,False,-0.9148552257808037,True,0.23882383620880793,False
89.78294838518953,22.810048174143816,0.8798054927314656,1.4509437341882834,True,-1.2318985396809738,True,0.14409255964020268,False
89.83294838518952,22.810048174143816,0.8946407118950934,1.4747963421327213,True,-1.2286771782818677,True,0.17266000355639072,False
89.88294838518952,22.810048174143816,0.903761750910508,1.5153387725097534,True,-1.0821287483483364,True,0.23573470682340317,False
89.93294838518952,22.810048174143816,0.8852119957135345,1.5288524790159597,True,-0.9702287580141429,False,0.3269154469910739,False
89.98294838518952,22.810048174143816,0.8435863620997667,1.4692365399425715,False,-1.0758912260532323,False,0.40940135049267334,False
90.03294838518953,22.810048174143816,0.7948052604535651,1.6661733276762989,False,-0.8689196776835117,False,0.512325919053913,False
90.08294838518952,22.810048174143816,0.7328848593124092,2.7111197680452785,True,-0.0020577716635540866,False,0.3736788869748468,False
90.13294838518952,22.810048174143816,0.6585156249252725,3.3616062812819205,True,0.7624976765754108,False,0.16531224583400708,False
90.18294838518952,22.810048174143816,0.5836671380515641,2.9066070719793236,True,0.810638435164657,False,0.165181770600341,False
90.23294838518952,22.810048174143816,0.5268666078199152,2.162285629292195,True,0.4437829829246779,False,0.09103753697975536,False
90.28294838518951,22.810048174143816,0.4947412833866386,1.8165623995904459,False,-0.02129776324251104,False,-0.03668658593400512,False
90.33294838518952,22.810048174143816,0.5335625810791956,1.9611922795704744,False,-0.8099530482861028,False,-0.1143132806093802,False
90.38294838518952,22.810048174143816,0.591890810881771,1.0909317682111694,False,-1.3575396095114565,True,-0.029760259094718966,False
90.43294838518952,22.810048174143816,0.587803664225819,0.7466303255039928,False,-0.9944110046896892,True,0.17531002460011305,False
90.53294838518951,22.810048174143816,0.4812945530503014,0.3910787863009673,False,-0.4355380577278226,False,0.42497793402209,False
90.58294838518952,22.810048174143816,0.4850271679511414,0.6625419980336016,False,-0.4866951145665509,False,0.35037749009283947,False
90.83294838518952,22.810048174143816,0.6601882695744222,-0.23184101331039947,False,-0.8380200800499493,True,0.20390679963017477,False
90.88294838518952,22.810048174143816,0.6228175988724837,0.3867389798357838,False,-0.8497895673282283,False,0.08511415037661765,False
90.93294838518952,22.810048174143816,0.5691401345919136,0.6461224742353248,False,-0.7828057489608926,False,0.059099594459484955,False
90.98294838518952,22.810048174143816,0.5777999419149604,0.1344681697543067,False,-0.7598364521968441,False,-0.05195029278162181,False
91.03294838518951,22.810048174143816,0.661633550634924,-0.7780292255494492,False,-1.0092736632819488,False,-0.17911636826060573,False
91.08294838518952,22.810048174143816,0.6982549931044564,-0.6952954938738797,False,-1.7844366699638012,True,-0.4052896697737902,False
91.13294838518952,22.810048174143816,0.61356896405468,0.6111500569660568,False,-2.4189862869052163,True,-0.5765475928068537,True
91.18294838518952,22.810048174143816,0.5309241743761166,2.183701761882358,True,-2.0563316848474122,True,-0.5438096152311904,True
91.23294838518952,22.810048174143816,0.5625205900695607,3.1312085060333716,True,-1.511123211459355,False,-0.5297891470047855,True
91.28294838518951,22.810048174143816,0.6282094027313694,3.4998099672863043,True,-1.7974422836466157,True,-0.6543747396354227,True
91.33294838518952,22.810048174143816,0.6387403819473467,3.7393611114417293,True,-2.257919380810071,True,-0.7034157082387833,True
91.38294838518952,22.810048174143816,0.6358146723292917,4.136018976559586,True,-2.017541868702454,True,-0.46127739016636304,False
91.43294838518952,22.810048174143816,0.6308913952282205,4.488938659341448,True,-1.3936445643793025,True,-0.05677492641819115,False
91.48294838518952,22.810048174143816,0.6213518031796686,5.148785048777707,True,-1.110542850841886,True,0.1988344352726432,False
91.53294838518951,22.810048174143816,0.613611189693584,5.753992888535921,True,-0.9314980109479544,False,0.2683283819030422,False
91.58294838518952,22.810048174143816,0.5814452131426052,4.802456045006011,True,-0.6391286195265506,False,0.164037534662839,False
91.63294838518952,22.810048174143816,0.4618875250503736,2.765064519166687,False,-0.2465203598250441,False,0.008884312519541582,False
91.68294838518952,22.810048174143816,0.5071207889483824,2.4342466254550126,False,0.04395771422408873,False,-0.07813845145414314,False
91.73294838518952,22.810048174143816,0.5881016326791731,2.736257135349352,False,0.6001079773909905,False,0.0035859660058008974,False
91.78294838518951,22.810048174143816,0.567393272808111,1.5334194477198007,False,0.7618206444798253,False,0.15092852619213387,False
91.83294838518952,22.810048174143816,0.6156235968526702,0.6490796120025506,False,-0.1772166228667102,False,0.19832068864982633,False
91.88294838518952,22.810048174143816,0.6509652608273709,0.3291035944995382,False,-0.7515711228723619,False,0.024305274607718128,False
91.93294838518952,22.810048174143816,0.7001546644866302,-0.15343646939783673,False,-0.876552122347363,True,-0.13474724443192845,False
91.98294838518952,22.810048174143816,0.7410527085804753,0.3187081948901943,False,-1.0121644288638192,True,-0.15978876996700467,False
92.03294838518951,22.810048174143816,0.756706929446381,1.1892556237789669,False,-1.140885939022267,True,-0.12534801963414616,False
92.08294838518952,22.810048174143816,0.7689695920650582,1.6781884857121385,False,-1.2548172818014087,True,-0.0745045960300548,False
92.13294838518952,22.810048174143816,0.753345951909358,2.71444501188311,False,-1.3734416623673957,True,-0.04483919460092353,False
92.18294838518952,22.810048174143816,0.7282447580713757,3.8316486988244884,True,-1.4928806399082593,True,-0.014105185639169626,False
92.28294838518951,22.810048174143816,0.8231279612944205,5.714276732518204,True,-1.241222924092968,True,0.027782035107716124,False
92.33294838518952,22.810048174143816,0.8525564035439213,5.477260573312456,True,-1.4183688660983202,True,-0.0818599778735836,False
92.38294838518952,22.810048174143816,0.8369539946745603,2.7693343147357794,False,-1.4977599149011656,True,-0.012646955392033588,False
92.43294838518952,22.810048174143816,0.8060225849253033,-0.898162537507067,False,-1.2185325518579786,True,0.23274435192416218,False
88.93294838518952,22.76004817414381,0.7780113591597774,2.8148150393933737,True,-2.7185306735349686,True,0.43418297266734907,False
88.98294838518952,22.76004817414381,0.7924927857750758,2.817165530542455,True,-2.438866566700844,True,0.46714414162801554,False
89.03294838518953,22.76004817414381,0.8203323186411244,2.7440126917773733,True,-2.08081201446501,True,0.3859223782326565,False
89.08294838518952,22.76004817414381,0.8554137517081174,2.812706134616668,True,-1.607900755828931,True,0.2994564055210413,False
89.13294838518952,22.76004817414381,0.8787878477832345,2.80306661788311,True,-1.1625507557606984,False,0.13684798684085153,False
89.18294838518952,22.76004817414381,0.8619158078565845,2.585210190447905,True,-1.1902190412829599,True,0.021049649213981864,False
89.23294838518952,22.76004817414381,0.8368043331150898,2.457248298212666,True,-1.085831472305732,True,-0.1816611223443835,False
89.28294838518953,22.76004817414381,0.7875680345145419,1.9549245495992682,True,-0.6602267905544705,False,-0.40922243035204825,False
89.33294838518952,22.76004817414381,0.72410214051241,0.9619921086199438,False,-0.23719578960210375,False,0.14754524235686534,False
89.38294838518952,22.76004817414381,0.7138433294542125,1.1635035131827638,True,0.09175166920026201,False,0.3331189330611448,False
89.43294838518952,22.76004817414381,0.7676083002076663,1.5406041842959677,True,0.22207919781037355,False,0.18843768335263733,False
89.48294838518952,22.76004817414381,0.8209694897783638,1.6692300587437876,True,0.14100958424389187,False,0.09972889693095627,False
89.53294838518953,22.76004817414381,0.8281227163368805,1.5895074172276236,True,-0.048328718721218245,False,0.17505243255791614,False
89.58294838518952,22.76004817414381,0.7913139827490526,1.5028595912651679,True,-0.2092184559929978,False,0.40944044439610133,False
89.63294838518952,22.76004817414381,0.7897289003326408,1.5992131700086734,True,-0.3763248074156718,False,0.5971770159336982,False
89.68294838518952,22.76004817414381,0.8254626177244669,1.8084442485238266,True,-0.4609538525570952,True,0.495711574617853,False
89.73294838518952,22.76004817414381,0.8488715367345618,1.8106557649361041,True,-0.6593232344370887,True,0.27464774799740554,False
89.78294838518953,22.76004817414381,0.8723838508694107,1.7128894709722922,True,-0.9481489079562575,True,0.1658875055322963,False
89.83294838518952,22.76004817414381,0.8981347912022665,1.6869262792089048,True,-0.9976657625563019,True,0.16852273638512727,False
89.88294838518952,22.76004817414381,0.9196431194596535,1.7016846127333838,True,-0.895765095880064,False,0.25686232057870945,False
89.93294838518952,22.76004817414381,0.910413216060803,1.7600943844343448,True,-0.6783949529245384,False,0.3448941474420086,False
89.98294838518952,22.76004817414381,0.8573060930056501,1.913284459903736,True,-0.40598775513182955,False,0.3523829723482846,False
90.03294838518953,22.76004817414381,0.7533870920174499,2.0730265640973218,True,-0.26402689317695127,False,0.3324671252965272,False
90.08294838518952,22.76004817414381,0.6164276504414098,2.3796033498881517,True,0.09345847312267752,False,0.24464959863836677,False
90.13294838518952,22.76004817414381,0.4867536173643828,2.5080307699822395,True,0.6361023614102009,False,0.09466975853620566,False
90.18294838518952,22.76004817414381,0.4324665796986301,2.310102026913759,True,0.9577422270982457,True,0.06651775148220698,False
90.23294838518952,22.76004817414381,0.4548558037260261,1.7809201787433422,False,0.7798012236508046,False,0.06636582427878523,False
90.28294838518951,22.76004817414381,0.504050311469629,1.7487548013699192,False,0.37850753529133896,False,0.04621348532476385,False
90.33294838518952,22.76004817414381,0.5691603902410282,1.7614535848110657,False,-0.4454692111960322,False,0.039140429426557655,False
90.38294838518952,22.76004817414381,0.6056652364090054,0.6945222208826131,False,-1.067300356894603,False,0.12600401611957834,False
90.43294838518952,22.76004817414381,0.5873811621174463,0.28878985047139966,False,-0.7504124356609998,False,0.3462478159983591,False
90.48294838518952,22.76004817414381,0.5351252402731148,0.011525621939264666,False,-0.31740516756408044,False,0.5699691333639455,False
90.53294838518951,22.76004817414381,0.47639582787257434,-0.08906196491018506,False,-0.08980150389653924,False,0.6335316128604618,False
90.58294838518952,22.76004817414381,0.4518724112692117,-0.030910041657318504,False,-0.06942107201943615,False,0.5717375678590049,False
90.63294838518952,22.76004817414381,0.490724380188352,0.17928902335163976,False,-0.32824500802188233,False,0.425925132363946,False
90.83294838518952,22.76004817414381,0.6812166942298792,-0.4190901072658667,False,-0.8917935950942548,True,0.43199146890546136,False
90.88294838518952,22.76004817414381,0.6767721848610702,0.24445552830204054,False,-1.0573900030233725,True,0.20401176934756404,False
90.93294838518952,22.76004817414381,0.6719079718959857,0.34770316253317685,False,-1.109889456144301,True,0.10856779122839805,False
90.98294838518952,22.76004817414381,0.6660598364604466,0.14249860631096056,False,-1.1085075552423045,True,0.013010420034128077,False
91.03294838518951,22.76004817414381,0.6940113692499725,-0.22455056140131818,False,-1.2980935676816263,True,-0.11008401123009348,False
91.08294838518952,22.76004817414381,0.6968448378506666,-0.2639968411241388,False,-1.8111688806068398,True,-0.24936632981940932,False
91.13294838518952,22.76004817414381,0.6232449613143762,0.3496198931688963,False,-2.1940295759431323,True,-0.3205111369975689,False
91.18294838518952,22.76004817414381,0.5259999484941297,1.5373502821786218,False,-1.689491268701238,True,-0.19947099694339337,False
91.23294838518952,22.76004817414381,0.48101726123219146,2.5737461723119726,True,-1.0328733317973584,False,-0.17749360461834573,False
91.28294838518951,22.76004817414381,0.5603136106527942,2.984915195347712,True,-1.1576778647732493,False,-0.24369631586415813,False
91.33294838518952,22.76004817414381,0.6065023116213704,3.3980092192549707,True,-1.576502601428855,True,-0.33528310981649345,False
91.48294838518952,22.76004817414381,0.622209126727987,4.4141284451145095,True,-0.8284816641882907,True,0.06595574203120319,False
91.53294838518951,22.76004817414381,0.5639541420903375,4.703903046508932,True,-0.7847268525269228,False,0.1485911405193599,False
91.58294838518952,22.76004817414381,0.48120336523757345,3.3681276223517296,True,-0.5913149687781557,False,0.07473732432453248,False
91.63294838518952,22.76004817414381,0.25283523936567837,1.3331711173868228,False,-0.47797409269316193,False,-0.10930853367220322,False
91.68294838518952,22.76004817414381,0.38490748228036553,0.9914921346722328,False,-0.4482486569968287,False,-0.1504651512094221,False
91.73294838518952,22.76004817414381,0.5545479480310193,2.0275548325351673,False,-0.06272100411915632,False,-0.03604680806156561,False
91.78294838518951,22.76004817414381,0.5748639674669861,1.749924920572878,False,0.4882907011248753,False,0.0896412164974366,False
91.83294838518952,22.76004817414381,0.6000432330249309,1.1572654981357327,False,0.010201981368174046,False,0.11653293740207815,False
91.88294838518952,22.76004817414381,0.6232309840459322,1.215545692035025,False,-0.5773799130292654,False,-0.05835804990050013,False
91.93294838518952,22.76004817414381,0.639908274258727,0.7471264363803928,False,-0.7626586360701497,True,-0.1494456793017015,False
91.98294838518952,22.76004817414381,0.7458454638160066,0.4285518726078463,False,-0.9756406253273877,True,-0.07408104169283686,False
92.03294838518951,22.76004817414381,0.7892179443848738,0.06599854638261449,False,-1.1386374914753277,True,0.044315052374205355,False
92.08294838518952,22.76004817414381,0.8047418955467489,0.1326148709763404,False,-1.2674325934238309,True,0.11794420809826045,False
92.13294838518952,22.76004817414381,0.7940703218043837,1.3027479558723443,False,-1.4317801650898625,True,0.18006538095801022,False
92.18294838518952,22.76004817414381,0.7409203530696781,3.478064697284949,False,-1.6196696486988291,True,0.23549989743657995,False
92.23294838518952,22.76004817414381,0.7192181433535852,4.729727005993415,True,-1.588686332358733,True,0.11759125534278203,False
92.28294838518951,22.76004817414381,0.8017110966173359,5.985353231096565,True,-1.440184544977886,True,0.06581279342890617,False
92.33294838518952,22.76004817414381,0.8475843453562014,5.206258891716213,True,-1.5475594423842414,True,0.012462796730116799,False
92.38294838518952,22.76004817414381,0.8498729116332705,1.4527482210175782,False,-1.3688631793117856,True,0.23027605107176358,False
92.43294838518952,22.76004817414381,0.8361222261782673,-2.403213016177406,False,-0.9275743696735521,True,0.5508219825122308,True
92.48294838518952,22.76004817414381,0.8104815819475706,-4.742652073720576,True,-0.5859915654730055,True,0.6793772888543881,True
88.93294838518952,22.71004817414381,0.7176648933932336,2.6337460893505225,True,-2.3490545820531668,True,0.4290918471888261,False
88.98294838518952,22.71004817414381,0.7237671486214285,2.718074550167329,True,-2.0738113700684453,True,0.5037765701727956,False
89.03294838518953,22.71004817414381,0.7533638954966375,2.5972658894653726,True,-1.8050944223745675,True,0.4345440192921308,False
89.08294838518952,22.71004817414381,0.7852943243971815,2.7713213633780467,True,-1.266535531087185,True,0.3141984693490832,False
89.13294838518952,22.71004817414381,0.8331621762492328,2.4364127606931434,True,-1.2206770273563683,True,0.14751362986510752,False
89.18294838518952,22.71004817414381,0.8335245659472003,2.1839985939516993,True,-1.3214243314946945,True,0.039048346659308626,False
89.23294838518952,22.71004817414381,0.8061443791602806,1.7760119630794726,True,-1.2385610100045346,True,-0.07164700061222715,False
89.28294838518953,22.71004817414381,0.7406838267727197,1.1463844428097034,True,-0.5886141095660781,False,-0.03249288090206742,False
89.33294838518952,22.71004817414381,0.6531742131998086,0.7680851114186047,False,-0.0986495373069809,False,0.21719113295541642,False
89.38294838518952,22.71004817414381,0.6524429230126657,1.117507334095687,True,0.06596578511656093,False,0.1147741184432614,False
89.43294838518952,22.71004817414381,0.7160861182345134,1.3500501667902758,True,-0.08171326955306779,False,0.034438092605649284,False
89.48294838518952,22.71004817414381,0.7629448619219507,1.4420821995445545,True,-0.3628156595680992,False,0.0013023863164636218,False
89.53294838518953,22.71004817414381,0.7775921192758444,1.6049421924362608,True,-0.4171103306830487,False,0.22444300986583393,False
89.58294838518952,22.71004817414381,0.7802985865267263,1.8386238898340515,True,-0.48356490217702186,True,0.48168100938160274,False
89.63294838518952,22.71004817414381,0.8097612031561603,2.3946466237118744,True,-0.5262125386493427,True,0.5822944711541681,False
89.68294838518952,22.71004817414381,0.8409234399082985,2.6450159367495982,True,-0.4868973354791081,True,0.4568118077258858,False
89.73294838518952,22.71004817414381,0.8562445917522895,2.697716222658931,True,-0.4595963290012861,False,0.2430564747094421,False
89.78294838518953,22.71004817414381,0.8802628038119754,2.623421932279477,True,-0.5048812498867521,False,0.08709596375892617,False
89.83294838518952,22.71004817414381,0.9093631967939403,2.4488002579263792,True,-0.567193869313248,False,0.08165008109049512,False
89.88294838518952,22.71004817414381,0.922724527258622,2.1354309016703996,True,-0.627073318693333,False,0.22490580314214115,False
89.93294838518952,22.71004817414381,0.908754395514747,1.9500920477033206,True,-0.46007752944838803,False,0.4011808727320801,False
89.98294838518952,22.71004817414381,0.8452624211642571,2.056733242440249,True,-0.05902096295372261,False,0.4346869451884674,False
90.03294838518953,22.71004817414381,0.6950339479429646,2.087736891674425,True,0.033958393607042725,False,0.4066069468726181,False
90.08294838518952,22.71004817414381,0.5202470722325001,1.9895211870981757,True,0.08487713473683278,False,0.3203443317429405,False
90.13294838518952,22.71004817414381,0.3793633870100624,1.7652260179627657,False,0.3411194470792942,False,0.17531700402905404,False
90.18294838518952,22.71004817414381,0.37586976197406974,1.6368862081427809,False,0.8887133639254654,False,-0.0006263562346719431,False
90.23294838518952,22.71004817414381,0.47764625514497455,1.2851616241153496,False,0.9940985395836083,True,-0.014529231218504968,False
90.28294838518951,22.71004817414381,0.5183230131769334,1.5305959082942198,False,0.6221286845599996,False,0.06306799380102895,False
90.33294838518952,22.71004817414381,0.569933033908908,1.199509154092013,False,-0.14953230512964616,False,0.13978176497605327,False
90.38294838518952,22.71004817414381,0.6070239198133559,0.42168248608963355,False,-0.8235181838159261,False,0.264692247565839,False
90.43294838518952,22.71004817414381,0.6051038553607259,-0.028126589825014106,False,-0.6527167063879671,False,0.466236805162466,False
90.48294838518952,22.71004817414381,0.5737222217100316,-0.22015592674522108,False,-0.15251363601838727,False,0.6622732947950747,True
90.58294838518952,22.71004817414381,0.4904196981801518,-0.24743357740620747,False,0.013971107722306787,False,0.6249320559670537,True
90.63294838518952,22.71004817414381,0.45748312946545433,-0.22473322533237367,False,-0.10925427523945813,False,0.5453353174149406,False
90.88294838518952,22.71004817414381,0.7463241720730489,-0.04421536309271593,False,-0.9413993721676598,True,0.26090997635244095,False
90.93294838518952,22.71004817414381,0.7605573339222014,0.13224676450403372,False,-1.2454076042189743,True,0.12419569266043645,False
90.98294838518952,22.71004817414381,0.7616302307031094,-0.003768517112961056,False,-1.358517267885039,True,0.06802197078966304,False
91.03294838518951,22.71004817414381,0.7492568103178879,-0.25774729422969345,False,-1.4827623024773695,True,0.029001574183914833,False
91.08294838518952,22.71004817414381,0.7296158370761004,-0.5272515639754003,False,-1.6846218053977364,True,0.022997799589392534,False
91.13294838518952,22.71004817414381,0.6747695704943742,-0.49799993235317885,False,-1.7870818458295408,True,0.03931763424813172,False
91.18294838518952,22.71004817414381,0.5918713259598993,0.35904225035131543,False,-1.601179108135705,True,0.099584284025396,False
91.23294838518952,22.71004817414381,0.5631258091738878,1.3904445498669993,False,-1.1824901569933681,True,0.0894672500124473,False
91.33294838518952,22.71004817414381,0.575524960579159,2.97405641793026,True,-0.7864062057493233,False,-0.06991086924101056,False
91.53294838518951,22.71004817414381,0.5616696442502603,3.6338006430423677,True,-0.6492927986127043,False,-0.153942588463017,False
91.58294838518952,22.71004817414381,0.37968174930253074,1.948567438102734,False,-0.5981520102012119,False,-0.08713779316136805,False
91.63294838518952,22.71004817414381,0.1277648524565175,0.10396939570230779,False,-0.5932305010428396,False,-0.15934196778501397,False
91.68294838518952,22.71004817414381,0.38958919673931475,0.09199750691311803,False,-0.6977122182086506,False,-0.09480058811167166,False
91.73294838518952,22.71004817414381,0.6062377539701836,1.4041181654862018,False,-0.6554705959325026,False,0.02533730821106877,False
91.78294838518951,22.71004817414381,0.6578494743800438,2.5969074802039573,False,-0.21466248228451418,False,0.0408855765059909,False
91.83294838518952,22.71004817414381,0.6292650394571526,1.8179023851178648,False,0.09435161364853661,False,0.0703330777863307,False
91.88294838518952,22.71004817414381,0.596552742166875,2.159190288119905,False,-0.4763979431278667,False,-0.11788653002587932,False
91.93294838518952,22.71004817414381,0.5779030884165732,1.6056248119148373,False,-0.6391333856463577,True,-0.21136510468249795,False
91.98294838518952,22.71004817414381,0.7368459060779267,0.603710393411024,False,-0.824547373218061,True,-0.11368109407538096,False
92.03294838518951,22.71004817414381,0.8181783329486617,-0.8156268895259904,False,-1.0048040759295813,True,0.07318394822576882,False
92.08294838518952,22.71004817414381,0.8447671578669997,-1.5541749829255491,False,-1.1272367836213575,True,0.20990869075737195,False
92.13294838518952,22.71004817414381,0.8318401701298735,-0.2268780255346181,False,-1.3006359457293157,True,0.30608301761290235,False
92.18294838518952,22.71004817414381,0.771494926886629,3.535392610068221,False,-1.5110478701896715,True,0.46144091952030947,False
92.23294838518952,22.71004817414381,0.7228881882278123,5.62100038201122,True,-1.6124565390928773,True,0.294000406752554,False
92.28294838518951,22.71004817414381,0.7841867672067193,5.883370816173477,True,-1.6772118392033772,True,0.07216721213295871,False
92.33294838518952,22.71004817414381,0.8332030742086682,4.402977201907408,False,-1.5853369002406852,True,0.15044635700091394,False
92.38294838518952,22.71004817414381,0.8430382262843983,-0.09845282098050223,False,-1.1084395631490052,True,0.5493645208215848,True
92.43294838518952,22.71004817414381,0.8292227295137663,-4.124539112058171,False,-0.6549667395204151,True,0.8016202644346788,True
92.48294838518952,22.71004817414381,0.7934126810356098,-6.159338443942657,True,-0.3935413135191702,False,0.773709789506575,True
88.98294838518952,22.66004817414381,0.6473952138259743,1.018431848989451,True,-2.1056285227711933,True,0.06725794640562793,False
89.08294838518952,22.66004817414381,0.704827494874086,1.1822331122575795,True,-1.8831057730679888,True,0.16712155239820792,False
89.13294838518952,22.66004817414381,0.774804011694677,1.3464032515597173,True,-1.7598929777315058,True,0.11519594272713442,False
89.18294838518952,22.66004817414381,0.7941101644733217,1.3607351888307495,True,-1.520882636697567,True,0.04515417982856701,False
89.23294838518952,22.66004817414381,0.7595393689608657,0.952532720037133,False,-0.9951098572102439,False,0.15459234463245697,False
89.28294838518953,22.66004817414381,0.684054551946016,0.3921303933900915,False,-0.342340330582078,False,0.5600387251941327,False
89.43294838518952,22.66004817414381,0.6247724119442675,1.262882868457658,True,-0.36185585592101677,False,-0.18340593445584827,False
89.48294838518952,22.66004817414381,0.6475787702407867,1.5148904431304921,True,-0.7601260212852561,True,-0.16534913515982969,False
89.53294838518953,22.66004817414381,0.6622005973253239,1.9523881917965542,True,-0.8026037509990405,True,0.11779647803584747,False
89.58294838518952,22.66004817414381,0.706796277864257,2.2763882784435507,True,-0.8636911015467637,True,0.38295724954020605,False
89.63294838518952,22.66004817414381,0.746403872439132,2.2464036667408767,True,-0.891965235215497,True,0.48401659505690164,False
89.68294838518952,22.66004817414381,0.7730005959476814,2.4573124760242377,True,-0.7438997351463728,True,0.4052666087753446,False
89.73294838518952,22.66004817414381,0.8202767988685986,3.02540510938917,True,-0.41593339092737963,False,0.23763127330480407,False
89.78294838518953,22.66004817414381,0.8835580678180387,3.4694041200846164,True,-0.15213062909487246,False,0.07667204380281827,False
89.83294838518952,22.66004817414381,0.9175677305730446,3.2302758080164433,True,-0.14814872842967958,False,0.02967726650873646,False
89.88294838518952,22.66004817414381,0.9194029859936922,2.7083929697991196,True,-0.27913218899783077,False,0.19975053466554968,False
89.93294838518952,22.66004817414381,0.8873954005780096,2.161532046066045,True,-0.2908906774005207,False,0.4511796737500492,False
89.98294838518952,22.66004817414381,0.7944534931779395,1.9660327676144778,True,-0.0025645985962790413,False,0.5101446349991613,False
90.03294838518953,22.66004817414381,0.6502096027775306,1.8267414608655947,False,0.006200098110842423,False,0.4973415451476145,False
90.08294838518952,22.66004817414381,0.615508992156468,1.8276286531269128,False,0.008953164893775341,False,0.40936085230012764,False
90.13294838518952,22.66004817414381,0.5836569930048882,1.5551484566788476,False,0.0948134530112983,False,0.2538508978209076,False
90.18294838518952,22.66004817414381,0.5452666960882488,1.2150613409169635,False,0.4757996410863614,False,0.04363399950824626,False
90.23294838518952,22.66004817414381,0.51365807540975,0.617993812971205,False,0.9297065556691362,False,-0.04332392540372079,False
90.28294838518951,22.66004817414381,0.46111596254921383,0.6896548072398555,False,0.7668249100282032,False,0.07788769432645447,False
90.33294838518952,22.66004817414381,0.4861720043212529,0.8017849405322846,False,0.062146761523342614,False,0.18675068351961918,False
90.38294838518952,22.66004817414381,0.5461661429038709,0.297863108687041,False,-0.5972043379598769,False,0.34751409302581115,False
90.43294838518952,22.66004817414381,0.6017916125758984,-0.09410710617786223,False,-0.6993584401118524,False,0.4987053834329658,False
90.48294838518952,22.66004817414381,0.6131556454915558,-0.1997833307182273,False,-0.2161659326587437,False,0.6318849347763793,True
90.58294838518952,22.66004817414381,0.5328422466651732,-0.1320017198046111,False,-0.0955533640230013,False,0.57248267510362,False
90.63294838518952,22.66004817414381,0.4722248646443524,-0.016191171450446157,False,-0.17811367392197325,False,0.48059284305632544,False
90.68294838518952,22.66004817414381,0.42023271881578744,0.09767357180472303,False,-0.27498866007034184,False,0.40809177559721965,False
90.93294838518952,22.66004817414381,0.8244808959286042,0.1105391298091557,False,-1.138662873425635,True,0.11934863232612711,False
90.98294838518952,22.66004817414381,0.8302454487076704,-0.21183755179848796,False,-1.4937155101794728,True,0.10294601926922715,False
91.03294838518951,22.66004817414381,0.821124099192071,-0.4543969943363221,False,-1.631913545698688,True,0.10948503752330223,False
91.08294838518952,22.66004817414381,0.7938177418490545,-0.6367424860064468,False,-1.751269003189891,True,0.15670693709733255,False
91.13294838518952,22.66004817414381,0.7516401843855325,-0.6313748303846545,False,-1.8050909444952965,True,0.20195536871133915,False
91.18294838518952,22.66004817414381,0.6965787196363306,-0.25272541889660005,False,-1.7215296742695494,True,0.2404117968107051,False
91.23294838518952,22.66004817414381,0.6264957272678386,0.37340455396216865,False,-1.5041279129302199,True,0.2774972545276424,False
91.33294838518952,22.66004817414381,0.5863840449193728,2.450785407253072,True,-0.40386214595710235,False,0.024291690449210673,False
91.58294838518952,22.66004817414381,0.46887309899928703,0.8577594509635279,False,-0.5777464366924046,False,-0.5302957632745099,False
91.63294838518952,22.66004817414381,0.34793027751584493,-0.12624772754582092,False,-0.7063513796894078,False,-0.280893623215181,False
91.68294838518952,22.66004817414381,0.4686130914043126,-0.3596303287745398,False,-0.7759515904472406,False,0.02480843513409467,False
91.73294838518952,22.66004817414381,0.6703501626274924,1.0726388111567644,False,-0.8458115762755882,True,0.14065833445055625,False
91.78294838518951,22.66004817414381,0.7435191137846066,3.2388959080927266,False,-0.8429687227270566,True,0.09880549304967542,False
91.83294838518952,22.66004817414381,0.7063522894161948,2.903932409242784,False,-0.23759867635769022,False,0.09085956616808585,False
91.88294838518952,22.66004817414381,0.5884352722371781,2.2516559107724987,False,-0.2220467064605548,False,-0.02085557222612533,False
91.93294838518952,22.66004817414381,0.5222809157472217,1.6106992442428325,False,-0.4025988068363404,False,-0.16445416945443306,False
91.98294838518952,22.66004817414381,0.7036568075099471,0.7069216503125524,False,-0.6144925301160943,True,-0.09634384728587474,False
92.03294838518951,22.66004817414381,0.8354883330860088,-0.08729152742862356,False,-0.8810617382517132,True,0.13538511116967955,False
92.08294838518952,22.66004817414381,0.8686997687304457,-0.9527509624873183,False,-1.0479560489616075,True,0.32541396960892705,False
92.13294838518952,22.66004817414381,0.8559595440092326,1.4098943931431522,False,-1.2440452515586609,True,0.455476474304972,False
92.23294838518952,22.66004817414381,0.7384307432533599,7.193871611023074,True,-1.4771365456398553,True,0.4713171385727907,False
92.28294838518951,22.66004817414381,0.7731607983440463,6.790717067003575,True,-1.5567687533464838,True,0.19978413384237848,False
92.33294838518952,22.66004817414381,0.8122770368726457,5.083889791438745,True,-1.2657038626343913,True,0.3432635722196115,False
92.38294838518952,22.66004817414381,0.8150480943187062,-0.19861948609965396,False,-0.6420057731647789,True,0.7694433318827748,True
92.43294838518952,22.66004817414381,0.7891901257813793,-5.035757553845503,True,-0.34076707715427734,False,0.8817800921388947,True
92.48294838518952,22.66004817414381,0.7577337510485254,-6.499554359431966,True,-0.2431298997642792,False,0.7896706224869249,True
92.53294838518951,22.66004817414381,0.7102831065752758,-6.86121286303775,True,-0.16143224370466822,False,0.6362338664890093,True
88.98294838518952,22.610048174143813,0.5252111631958513,0.38613864299458556,False,-1.550455521404104,True,-0.23674419288824355,False
89.13294838518952,22.610048174143813,0.6594341429136569,0.1721325459086303,False,-1.4656963275986346,True,-0.09887736772016592,False
89.18294838518952,22.610048174143813,0.7119623132856345,0.02446310447513067,False,-1.1040030245959267,True,0.2477002925758074,False
89.23294838518952,22.610048174143813,0.6833567988932617,-0.10135283619779611,False,-0.5485773760935676,False,0.7033692348593105,False
89.28294838518953,22.610048174143813,0.6011529448071794,-0.03458929560821633,False,-0.20473079774551506,False,0.8936603300941505,True
89.38294838518952,22.610048174143813,0.5337753337203986,0.9471075368030996,True,-0.1515523903978172,False,-0.020884312016955092,False
89.43294838518952,22.610048174143813,0.5094800463777215,1.3939006417537396,True,-0.1886014504229891,False,0.031145975197872523,False
89.48294838518952,22.610048174143813,0.49655952661439273,1.9658700934848987,True,-0.6086331718872511,True,0.27371071757483756,False
89.63294838518952,22.610048174143813,0.5398504512346161,1.0018624058668975,False,-1.4854164049603718,True,0.17110971770239147,False
89.68294838518952,22.610048174143813,0.5066218500663523,1.4095142069969064,False,-1.2926741780781734,True,-0.010294484740901277,False
89.73294838518952,22.610048174143813,0.6602721979020371,2.366180780621431,True,-0.9732846919187648,True,-0.028715206274737504,False
89.78294838518953,22.610048174143813,0.8391362052330568,3.3016905104948098,True,-0.7408566172056785,False,0.007963374333955331,False
89.83294838518952,22.610048174143813,0.9147705664392568,3.4856247944690075,True,-0.4896608526311547,False,0.024403907693232564,False
89.88294838518952,22.610048174143813,0.9085590170826423,2.9330740992553554,True,-0.48550412257980785,False,0.1879370914028371,False
89.93294838518952,22.610048174143813,0.8433693691902754,2.2094789642159807,True,-0.3653318809253093,False,0.42192460750258015,False
89.98294838518952,22.610048174143813,0.670500251569616,1.6646350094251743,False,-0.09535175964463369,False,0.48275970742195906,False
90.03294838518953,22.610048174143813,0.5548048083614544,1.3179305284931884,False,-0.13369717932534705,False,0.4642669441075148,False
90.08294838518952,22.610048174143813,0.6282490428727111,1.4253508287375234,False,-0.17026285736486257,False,0.32931550149587063,False
90.13294838518952,22.610048174143813,0.657944143659132,1.1325614193899212,False,-0.22207661197354703,False,0.19450762781630881,False
90.18294838518952,22.610048174143813,0.5550887698326655,0.7092479045680035,False,-0.04947041613609429,False,0.03640644525044792,False
90.23294838518952,22.610048174143813,0.40153004166708317,0.07445695471173627,False,0.5623768315603652,False,-0.053582028605065224,False
90.28294838518951,22.610048174143813,0.298575322535113,0.1365276070563034,False,0.5661851891136259,False,0.059021610180183565,False
90.33294838518952,22.610048174143813,0.28524394329073005,0.6588898460821965,False,0.0026738782293365126,False,0.21017752204950785,False
90.38294838518952,22.610048174143813,0.42863694372514166,0.3783596968914422,False,-0.4737310253673,False,0.3836970015583927,False
90.43294838518952,22.610048174143813,0.5563397844103511,0.15492396056264507,False,-0.7182138957090186,False,0.4597154684301053,False
90.48294838518952,22.610048174143813,0.6219814403312744,0.08887134701825977,False,-0.44329262788118573,False,0.4790827050808191,False
90.58294838518952,22.610048174143813,0.5159877215066344,0.25630044417412645,False,-0.17605935373418924,False,0.40088077460921784,False
90.63294838518952,22.610048174143813,0.46451978597473426,0.5367599577972922,False,-0.24322142791629622,False,0.3001061189220894,False
90.68294838518952,22.610048174143813,0.3868458617901223,0.7149213503188394,False,-0.2762315057094124,False,0.23317290776594707,False
90.73294838518952,22.610048174143813,0.40974180621688505,0.6746347315990029,False,-0.3206658558138191,False,0.2591795403913515,False
90.98294838518952,22.610048174143813,0.8755388266108789,-0.17411305576827685,False,-1.473161489633089,True,0.10556243239499306,False
91.03294838518951,22.610048174143813,0.8559078854642966,-0.4994466256471886,False,-1.6797620529475323,True,0.16475646143844203,False
91.08294838518952,22.610048174143813,0.8309191448762112,-0.7829800551870509,False,-1.8191855441011404,True,0.2687038447530364,False
91.13294838518952,22.610048174143813,0.7932206347462618,-0.9524241583713949,False,-1.915658570594966,True,0.3611743527233377,False
91.18294838518952,22.610048174143813,0.7462803692922825,-0.7411384429241399,False,-1.8662324898847373,True,0.37494021779239184,False
91.23294838518952,22.610048174143813,0.6971017308545036,-0.1359792668462348,False,-1.5943757487524366,True,0.3786013156008785,True
91.63294838518952,22.610048174143813,0.6259121930504231,0.6809577013530383,False,-0.7551111192285758,True,-0.4215968419734568,False
91.68294838518952,22.610048174143813,0.6379443691546463,0.4867004880486505,False,-0.8760783449950418,True,0.10573995187288682,False
91.73294838518952,22.610048174143813,0.7150644226081052,0.7865580015193545,False,-0.8506904577063132,True,0.235926412406812,False
91.78294838518951,22.610048174143813,0.7496306466854015,2.376751625744519,False,-0.8587739377741135,True,0.11339009709636647,False
91.83294838518952,22.610048174143813,0.7138956603004668,3.0706180193764343,True,-0.6565510709300619,False,0.10123855131658255,False
91.88294838518952,22.610048174143813,0.6109682769027607,1.6592402911303892,False,0.14796381015508317,False,0.18100721907028103,False
91.93294838518952,22.610048174143813,0.5289811610338263,1.0418538291649462,False,-0.0010845844130342834,False,0.06200586986702592,False
91.98294838518952,22.610048174143813,0.7062984879358088,0.7641378811356736,False,-0.45701109329618705,False,0.05901962395686033,False
92.03294838518951,22.610048174143813,0.814171101033864,0.18819707779556677,False,-0.6844026074088411,True,0.20760154729801186,False
92.08294838518952,22.610048174143813,0.8731628038269418,0.5589465969384018,False,-0.9918388319862502,True,0.3973109314337221,False
92.13294838518952,22.610048174143813,0.8567650459953517,3.231386031953423,False,-1.2009986458778839,True,0.6056852647408826,False
92.28294838518951,22.610048174143813,0.7426968122661005,7.5912345305573545,True,-1.1657906870956845,True,0.3071653170634563,False
92.33294838518952,22.610048174143813,0.7637730844745118,6.507365701043675,True,-0.7819154648416082,True,0.4317073021732907,False
92.38294838518952,22.610048174143813,0.7598419360040174,1.03233343974009,False,-0.1979788592321799,False,0.8578009310521393,True
92.43294838518952,22.610048174143813,0.7055102636911322,-5.3731033891654345,True,-0.16800118621101975,False,0.8703731213140546,True
92.48294838518952,22.610048174143813,0.6843351946746229,-6.704381632855974,True,-0.17310850704843395,False,0.7492213558089436,True
92.53294838518951,22.610048174143813,0.6535719531954476,-6.864087329725492,True,-0.13957602526007495,False,0.611875697925028,True
88.98294838518952,22.560048174143816,0.3950081229959317,0.1878739461523507,False,-1.336272033428036,True,-0.19907588587561928,False
89.13294838518952,22.560048174143816,0.4780550264594139,-0.1312753858335285,False,-1.0606305788582022,True,-0.09643464530022161,False
89.18294838518952,22.560048174143816,0.5588881489281582,-0.29667474603613164,False,-0.7460839529622525,False,0.36706061947735624,False
89.23294838518952,22.560048174143816,0.5961249008653413,-0.3709955236319725,False,-0.6075766072487879,False,0.716995528143378,False
89.48294838518952,22.560048174143816,0.38621332496673216,1.455931950897528,True,-0.1339079839085317,False,0.7780123001203993,True
89.53294838518953,22.560048174143816,0.4496752013628938,0.7136361408276543,False,-0.490286619153249,True,0.8165181915592702,True
89.68294838518952,22.560048174143816,0.17149275151674256,0.9519936472551751,False,-1.39515496217859,True,0.08599905469075886,False
89.73294838518952,22.560048174143816,0.41137823346643543,1.832217645479989,True,-1.5269679917205212,True,-0.26335042624876803,False
89.78294838518953,22.560048174143816,0.7393021673131084,3.0265558463668305,True,-1.5324526352759538,True,-0.2228363151356399,False
89.83294838518952,22.560048174143816,0.8858829994575431,3.471230822881476,True,-1.125159921435593,True,-0.02065159861566275,False
89.88294838518952,22.560048174143816,0.8937230314450971,3.001099388552497,True,-0.7907691107412536,False,0.12345711537639306,False
89.93294838518952,22.560048174143816,0.7827840135714373,2.1170714851585,True,-0.4928216231068373,False,0.2766613394506862,False
89.98294838518952,22.560048174143816,0.51809209736525,1.1104877519921124,False,-0.30074306925159455,False,0.37988059981560257,False
90.03294838518953,22.560048174143816,0.43864136580632396,0.6591951094808445,False,-0.2941027437671726,False,0.3662835341854166,False
90.08294838518952,22.560048174143816,0.48637176595346354,0.8299172991952026,False,-0.34191215331617014,False,0.25294158736398376,False
90.13294838518952,22.560048174143816,0.48409879700964636,0.47197236727741954,False,-0.4594943352129119,False,0.15846507132746374,False
90.18294838518952,22.560048174143816,0.3370698847012032,0.021607995192304552,False,-0.45607024070947055,False,0.08039413625869316,False
90.23294838518952,22.560048174143816,0.1868545198972202,-0.1592835630434738,False,0.08268953629141196,False,-0.020508320191923557,False
90.28294838518951,22.560048174143816,0.2149772455472483,0.028566100449283982,False,0.13636608429971617,False,0.006493715160179936,False
90.33294838518952,22.560048174143816,0.2776683162802679,0.6439447604241982,False,-0.35610054278972303,False,0.09607868687139437,False
90.38294838518952,22.560048174143816,0.3989004898301538,0.8790496256987415,False,-0.7454771398333818,False,0.293338483821445,False
90.43294838518952,22.560048174143816,0.5678397338343281,0.6528723268536596,False,-0.8637308752621836,False,0.3388509015894088,False
90.48294838518952,22.560048174143816,0.6491052738962484,0.5884728656942939,False,-0.6846779969198691,False,0.32938580134186796,False
90.53294838518951,22.560048174143816,0.6467206840160549,0.7088676015088646,False,-0.3443254421774542,False,0.3814206200701943,False
90.58294838518952,22.560048174143816,0.5956049384476565,1.0234324058763786,False,-0.31323024148457923,False,0.34432680452323433,False
90.63294838518952,22.560048174143816,0.5318899446232908,1.093147752222492,False,-0.33139976936313104,False,0.2803108107758354,False
90.68294838518952,22.560048174143816,0.47650163961479663,1.1722727888297282,False,-0.35200138293651967,False,0.23881896172630093,False
90.73294838518952,22.560048174143816,0.4483041616927514,1.0846404760908264,False,-0.36000959702445995,False,0.23277711384303285,False
91.03294838518951,22.560048174143816,0.8809205772334909,-0.2768794290966652,False,-1.605420589347121,True,0.1456107983768672,False
91.08294838518952,22.560048174143816,0.8517083594538756,-0.45740349925954393,False,-1.7257883218843377,True,0.22670805012144696,False
91.13294838518952,22.560048174143816,0.8235426583621634,-0.6405675772316135,False,-1.8140945904264507,True,0.34693134541790616,False
91.18294838518952,22.560048174143816,0.7868360884335394,-0.8341975798190384,False,-1.8756362674894644,True,0.45286776220171093,True
91.43294838518952,22.560048174143816,0.7432124204978064,2.6841240503666084,True,-0.28699795676431283,False,-0.35905936907235814,False
91.48294838518952,22.560048174143816,0.7361627341047448,2.3699489383106367,True,-0.41084920927775576,False,-0.49626403212778836,False
91.68294838518952,22.560048174143816,0.7191754567558756,2.0250058998723546,True,-0.7725110356264026,True,0.024970584840515897,False
91.73294838518952,22.560048174143816,0.7110658875604129,2.016182041532495,False,-0.7200168871302335,True,0.15406167926330144,False
91.78294838518951,22.560048174143816,0.7076109775069307,2.4517144724501705,False,-0.6905066247139184,True,0.11419159942361487,False
91.83294838518952,22.560048174143816,0.7171743525449702,2.5264336810587817,True,-0.45749630721172646,False,0.15988828236309993,False
91.88294838518952,22.560048174143816,0.6566955084947884,1.238572406071774,False,0.2652889360548462,False,0.29358953979920055,False
91.93294838518952,22.560048174143816,0.5969607655473043,0.05704626418816072,False,0.6451605335840349,False,0.30851831145007624,False
91.98294838518952,22.560048174143816,0.6432320790334313,0.08934960573064551,False,-0.14521008408312755,False,0.3195591456351528,False
92.03294838518951,22.560048174143816,0.7445762152685294,0.06559981311985054,False,-0.5165681389653582,True,0.3206354664248285,False
92.08294838518952,22.560048174143816,0.832696157589363,0.906224377003975,False,-0.8661853104429242,True,0.3552287152164326,False
92.13294838518952,22.560048174143816,0.8269825768020781,3.3423543651723993,True,-1.0589459793591907,True,0.4696810830390241,False
92.23294838518952,22.560048174143816,0.7066542147463187,6.448763593515206,True,-0.9797146081940175,True,0.45251043529217233,False
92.28294838518951,22.560048174143816,0.6982158270720832,6.805757909883975,True,-0.8266317936923343,True,0.3538240058277982,False
92.33294838518952,22.560048174143816,0.6952492842739497,6.248191517340531,True,-0.5136185258102504,True,0.440419821311263,False
92.38294838518952,22.560048174143816,0.6819053932389656,1.72608821989051,False,-0.0670759914198065,False,0.8544578616018776,True
92.43294838518952,22.560048174143816,0.6239730796965555,-5.206183280588695,False,-0.15341803129027268,False,0.9207393649561886,True
92.48294838518952,22.560048174143816,0.6208855015040101,-6.630627890732832,True,-0.1693322371338402,False,0.7410023215352722,True
92.53294838518951,22.560048174143816,0.6052948140894989,-6.458159304416879,True,-0.11393769353223723,False,0.5330272333054984,False
88.98294838518952,22.51004817414381,0.40359629320503687,0.08051098150470958,False,-1.3719241155415716,True,-0.15389147224546146,False
89.03294838518953,22.51004817414381,0.43414333097341157,0.03895983255438645,False,-1.46021373924021,True,-0.23874320361714818,False
89.08294838518952,22.51004817414381,0.43427149755849503,-0.09323888815893511,False,-1.3590294388194635,True,-0.19857291179812053,False
89.13294838518952,22.51004817414381,0.42877480061993645,-0.22982671224559192,False,-1.1143141737432698,True,0.015715574596984805,False
89.23294838518952,22.51004817414381,0.6023284540339099,-0.28799355933583215,False,-0.5410335912158071,False,0.7515151950668042,False
89.28294838518953,22.51004817414381,0.6418755782438776,0.16329261458330213,False,0.05438000866702808,False,1.0891057497360181,True
89.33294838518952,22.51004817414381,0.6286645747571286,0.610621629736988,False,0.20479569223231459,False,1.103079257017404,True
89.38294838518952,22.51004817414381,0.5478366352090844,1.0197662056042527,True,0.11197704117428882,False,1.174854524701807,True
89.48294838518952,22.51004817414381,0.29270183148976325,-0.07813037616416474,False,0.21091326294840584,False,0.6513795726994602,False
89.53294838518953,22.51004817414381,0.3738184009400948,-1.2352951893061932,False,0.2497268118115773,False,0.6532995064283114,True
89.58294838518952,22.51004817414381,0.42659642329945063,-0.6255110042536047,False,0.052686889147997296,False,0.6923172394798042,True
89.63294838518952,22.51004817414381,0.3840209138075534,0.19003841342900785,False,-0.16220932617204534,False,0.7200774225568157,True
89.68294838518952,22.51004817414381,0.260142886485385,0.8858210765917938,False,-0.6844362761390295,True,0.6421610135535896,True
89.73294838518952,22.51004817414381,0.40242924992576506,2.054378200414274,True,-1.478317971096648,True,0.27416399398101915,False
89.78294838518953,22.51004817414381,0.6700166880042369,2.837531709129708,True,-1.8873808082859063,True,0.007411200821001919,False
89.83294838518952,22.51004817414381,0.8354733995240855,3.1829007190234737,True,-1.467517982480773,True,-0.033522491889302536,False
89.88294838518952,22.51004817414381,0.8648535070812882,2.8209514344520636,True,-0.7856969071421334,False,0.01314406415308712,False
89.93294838518952,22.51004817414381,0.7051495619658614,2.00774002185637,True,-0.5008948146078467,False,0.15768053880291977,False
89.98294838518952,22.51004817414381,0.3950575214162165,0.8681567384991019,False,-0.450697477225141,False,0.33819436698214267,False
90.03294838518953,22.51004817414381,0.31692210933005915,0.2852078850407192,False,-0.41660346085976385,False,0.31489884567682236,False
90.08294838518952,22.51004817414381,0.3694077366667276,0.6942871565445601,False,-0.4208033688291998,False,0.23932771775133876,False
90.13294838518952,22.51004817414381,0.3238087111052521,0.3192524102721385,False,-0.47872401362606565,False,0.16660766275046016,False
90.18294838518952,22.51004817414381,0.16305030935813541,-0.0803901817167843,False,-0.47680975669784276,False,0.11576868520571248,False
90.23294838518952,22.51004817414381,0.17872235374120546,0.04623496261964277,False,-0.16970417917446518,False,0.01683214352964721,False
90.28294838518951,22.51004817414381,0.2641064716722536,0.27009786259932184,False,-0.1106235556985641,False,-0.01735128184601778,False
90.33294838518952,22.51004817414381,0.3510249464391046,0.7852015439420137,False,-0.5314880544906764,False,-0.0032453955801695633,False
90.38294838518952,22.51004817414381,0.48315409407695614,1.1260459268775234,False,-0.8599586518799729,False,0.16296502000091112,False
90.43294838518952,22.51004817414381,0.6311223895343391,1.1464401992192372,False,-1.0141746892121657,False,0.2551756785515466,False
90.48294838518952,22.51004817414381,0.7105828662246267,1.2046372484964527,False,-0.9256875823668922,False,0.2913662139377952,False
90.53294838518951,22.51004817414381,0.7259791206165344,1.4403689546737288,False,-0.5347621428911943,False,0.38081678781366246,False
90.58294838518952,22.51004817414381,0.7072565112833894,1.7852805963962095,False,-0.4013226073286896,False,0.4141939712491397,False
90.68294838518952,22.51004817414381,0.5882952279465581,1.539589511234913,False,-0.41775479002401267,False,0.31300715360845466,False
90.73294838518952,22.51004817414381,0.5377195340984695,1.4325528395667857,False,-0.4267748764708208,False,0.28410001981918853,False
91.43294838518952,22.51004817414381,0.7710664315522513,2.3922887470104914,True,-0.2772816305866863,False,-0.3132612409575387,False
91.48294838518952,22.51004817414381,0.7657089221336277,2.21370007419684,True,-0.3860169939370155,False,-0.42575990923371737,False
91.53294838518951,22.51004817414381,0.7784334658287884,2.458014510759721,True,-0.3777328742459145,False,-0.3062240859335779,False
91.73294838518952,22.51004817414381,0.8542696406677914,4.575665891906469,True,-0.23231915881957738,False,-0.1833506087701265,False
91.78294838518951,22.51004817414381,0.859553138548035,4.382544792300301,True,-0.11380857303896247,False,-0.09453742871014276,False
91.83294838518952,22.51004817414381,0.8454419600230724,3.0294150240305564,True,0.192929505633559,False,0.15518704173385328,False
91.88294838518952,22.51004817414381,0.8176830638814749,1.0909632203623114,False,0.7347743738572083,True,0.39251855499280874,False
91.93294838518952,22.51004817414381,0.7086306643267865,-0.3373067484177692,False,1.1742751732500916,True,0.39857702256673766,False
91.98294838518952,22.51004817414381,0.5963097279455948,-0.3098866018881541,False,0.20226475607617764,False,0.38259989277782325,False
92.03294838518951,22.51004817414381,0.597640001103415,0.030814763367356085,False,-0.38525698454854057,False,0.32227915725169426,False
92.08294838518952,22.51004817414381,0.7467761540264624,1.0975963118854948,False,-0.748526064736412,True,0.27939581384517564,False
92.13294838518952,22.51004817414381,0.7858531377800023,3.6308618473256518,True,-0.9804036910638334,True,0.48219761616524004,False
92.18294838518952,22.51004817414381,0.7550602558322626,5.250787028696433,True,-0.9964049976071705,True,0.6022796973876097,True
92.23294838518952,22.51004817414381,0.7087913506830259,5.460774236357996,True,-0.9379757131103121,True,0.47764815611995187,False
92.28294838518951,22.51004817414381,0.6803760974527217,5.7881218910645,True,-0.8195001923049956,True,0.3790371051646254,False
92.33294838518952,22.51004817414381,0.6473324099320261,5.703469212769799,True,-0.5875863318505289,True,0.362291427692002,False
92.38294838518952,22.51004817414381,0.6198623216824015,1.6816680388804246,False,-0.1973702954096542,False,0.734577090930993,True
92.43294838518952,22.51004817414381,0.5786320427851955,-4.972169838179783,False,-0.20883658077617284,False,0.9030247808636678,True
92.48294838518952,22.51004817414381,0.5877625677078392,-5.898560196864188,False,-0.15095190385234003,False,0.6640419790768652,True
92.53294838518951,22.51004817414381,0.5732278550839082,-5.571631522883671,False,-0.06956644314257303,False,0.4177467752632825,False
89.03294838518953,22.46004817414381,0.4491338253930565,-0.04567637605188063,False,-1.4071777837169237,True,-0.18898754874873813,False
89.08294838518952,22.46004817414381,0.43770577668262955,-0.14632131217487593,False,-1.3298764737725208,True,-0.09227855066143009,False
89.13294838518952,22.46004817414381,0.430923596733286,-0.2501208549861341,False,-1.2051648362670568,True,0.05312139881301159,False
89.23294838518952,22.46004817414381,0.6113360831362941,-0.2177841576620504,False,-0.18151020141623836,False,0.9562273342860416,True
89.28294838518953,22.46004817414381,0.6763767078817613,0.2231800484042188,False,0.20133229073604036,False,1.1619921726515947,True
89.33294838518952,22.46004817414381,0.6757394096440158,0.6238014694236745,False,0.15810053008283506,False,1.2053705285861578,True
89.38294838518952,22.46004817414381,0.5759687025262602,1.0800981456892487,True,0.017240928753698734,False,1.2867643815663121,True
89.43294838518952,22.46004817414381,0.37638297961049166,0.8997678295220767,False,0.03928561784932837,False,0.9882010380000785,True
89.48294838518952,22.46004817414381,0.23146136451689062,-0.35372319655460993,False,0.24115938329562614,False,0.3706822307596319,False
89.53294838518953,22.46004817414381,0.3162016282472392,-1.7598450298264785,True,0.4813254233270269,True,0.03350648501067241,False
89.58294838518952,22.46004817414381,0.4289442588232025,-1.0656228996921249,False,0.5827730289027047,True,0.2456289845380379,False
89.63294838518952,22.46004817414381,0.4806721467188425,0.06554346527756838,False,0.5568926548269343,True,0.5868722314822636,False
89.68294838518952,22.46004817414381,0.4894830122743029,1.4502795252797924,True,-0.02949973177817046,False,0.5845360460062077,False
89.73294838518952,22.46004817414381,0.545944185675754,2.677725788537941,True,-0.9765387774281464,True,0.4050288087473891,False
89.78294838518953,22.46004817414381,0.6910648431434978,3.130308264704359,True,-1.3516234093521504,True,0.2193408778813084,False
89.83294838518952,22.46004817414381,0.8070848797746795,3.0061280500361685,True,-1.2107248619185493,True,0.09052076397428462,False
89.88294838518952,22.46004817414381,0.8143343386561852,2.6284475382186394,True,-0.8863851369144606,False,0.0541501154129463,False
89.93294838518952,22.46004817414381,0.6182147899213133,1.9583391779226478,True,-0.6831865439130298,False,0.18725670895405122,False
89.98294838518952,22.46004817414381,0.315369169870856,0.8508104268243031,False,-0.5472265877718521,False,0.35345810303362224,False
90.03294838518953,22.46004817414381,0.23698085834626634,0.30901114860067225,False,-0.46090936692646034,False,0.3220458950486575,False
90.08294838518952,22.46004817414381,0.28815927502162875,0.8859198960481443,False,-0.43133927422728047,False,0.27456639286066553,False
90.13294838518952,22.46004817414381,0.2293363410846706,0.8667829072924791,False,-0.31672070584179374,False,0.14603534449832722,False
90.18294838518952,22.46004817414381,0.1261309566240818,0.6807418295499691,False,-0.14771613579316273,False,0.025055622165691308,False
90.23294838518952,22.46004817414381,0.15662259290019703,0.6141198369549112,False,-0.0778520583063122,False,-0.025860174220175516,False
90.28294838518951,22.46004817414381,0.28403762837324714,0.7627713517354114,False,-0.2778394783365082,False,-0.029299360265808955,False
90.33294838518952,22.46004817414381,0.42196535216960596,1.1385832761598322,False,-0.6450988594018676,False,-0.03323418778917896,False
90.38294838518952,22.46004817414381,0.5435782898075681,1.2476838134890855,False,-0.9053112289691622,False,0.06700310662967116,False
90.43294838518952,22.46004817414381,0.6575976024988378,1.2080934497609501,False,-1.0807704213536469,True,0.19967578163676533,False
90.48294838518952,22.46004817414381,0.737705166712179,1.3025716302387194,False,-1.0116427342506549,True,0.29400235930238505,False
90.53294838518951,22.46004817414381,0.7897151151599031,1.5336224165636865,False,-0.6605804799198081,True,0.3857386544530438,False
90.58294838518952,22.46004817414381,0.7981566026655583,1.9461138426310942,False,-0.44668452401963243,False,0.44196700064134986,False
90.68294838518952,22.46004817414381,0.675683577151299,1.724344011929396,False,-0.4433570787752257,False,0.3516517629562473,False
90.73294838518952,22.46004817414381,0.5991046206699546,1.571235790644359,False,-0.45376306433658575,False,0.3228010088624017,False
90.78294838518951,22.46004817414381,0.5756652132867929,1.3736144591020005,False,-0.46677033415919467,False,0.2988819537804881,False
91.48294838518952,22.46004817414381,0.7936544341530326,2.5887247882982716,True,-0.196134069248876,False,-0.14196986989640667,False
91.53294838518951,22.46004817414381,0.8266767564843875,3.3630456915514073,True,-0.0832570420794529,False,0.005696293769437255,False
91.73294838518952,22.46004817414381,0.8873701023307142,4.843177201879305,True,0.19639865053007793,False,-0.27790526693792983,False
91.78294838518951,22.46004817414381,0.889065695950117,4.294198434010687,True,0.38141133731509674,False,-0.1286200980922801,False
91.83294838518952,22.46004817414381,0.8788905945399349,3.307013537309629,True,0.6562028924550058,True,0.09537093697776278,False
91.88294838518952,22.46004817414381,0.8682133678369975,1.7203905805378317,True,1.0646752105411392,True,0.3158411619419601,False
91.93294838518952,22.46004817414381,0.8190570880157151,0.24722618495706572,False,1.4879173614737935,True,0.3124282277518045,False
91.98294838518952,22.46004817414381,0.6676875894168228,-0.2299985694749695,False,0.663916579638056,True,0.2947534549144938,False
92.03294838518951,22.46004817414381,0.47960510407005785,0.06017070375819855,False,-0.12132343407925145,False,0.3196402635723329,False
92.08294838518952,22.46004817414381,0.5906303253705245,0.870619464385263,False,-0.46974353149424003,True,0.3168263408883544,False
92.13294838518952,22.46004817414381,0.7518499845207647,3.7892224534493444,True,-0.8838854222621413,True,0.6105946042009176,True
92.18294838518952,22.46004817414381,0.7706028908252198,5.098693984270664,True,-1.0170378688012114,True,0.7274436934201056,True
92.23294838518952,22.46004817414381,0.7452604570709668,4.728469830146042,True,-1.0360979109139274,True,0.6040903300703802,True
92.28294838518951,22.46004817414381,0.704859857305713,4.398835327711268,True,-1.00681936863972,True,0.4731980485195876,False
92.33294838518952,22.46004817414381,0.6312619811668688,4.113025655508242,True,-0.8490933612846887,True,0.35998249895436685,False
92.38294838518952,22.46004817414381,0.556312255358279,0.6614665105667192,False,-0.369530570907659,False,0.4988214692140963,False
92.43294838518952,22.46004817414381,0.49198384922593585,-3.4784902358519485,False,-0.12785947133330333,False,0.5157116053841342,False
92.48294838518952,22.46004817414381,0.4881225917275775,-4.089470816063624,False,-0.019815332835276388,False,0.3329631335228479,False
92.53294838518951,22.46004817414381,0.48388823966093897,-4.0435589299598185,False,0.03364120106231081,False,0.161985239522692,False
89.03294838518953,22.41004817414381,0.44638350021606266,-0.3263593523709225,False,-0.75000381623652,True,0.40624507555291134,False
89.08294838518952,22.41004817414381,0.42736827077469464,-0.29017273364607454,False,-0.8427953131329342,True,0.35820731453109955,False
89.13294838518952,22.41004817414381,0.41868120632145983,-0.3217533451219863,False,-0.7801003463424729,True,0.37574278913667425,False
89.18294838518952,22.41004817414381,0.42641108724351273,-0.4883818230379028,False,-0.5724905046795441,False,0.35007142040189115,False
89.23294838518952,22.41004817414381,0.6056875161807279,-0.5646259928621199,False,0.2720736110164302,False,0.7342585562379774,True
89.28294838518953,22.41004817414381,0.6894563909883588,-0.4326553953616151,False,0.48807386300531785,True,0.48069413593295873,False
89.33294838518952,22.41004817414381,0.6937929208092473,-0.10790617276641284,False,0.4118787547149067,False,0.43319938878156106,False
89.38294838518952,22.41004817414381,0.6015539465421162,0.6259372510882488,False,0.12121487657304279,False,0.7966858596632674,False
89.43294838518952,22.41004817414381,0.4051897429195144,0.8373743633855658,False,0.038125782626965525,False,0.6713367061977569,False
89.48294838518952,22.41004817414381,0.19552220707041645,-0.04008778628377896,False,0.16936506393956818,False,0.12875983017746573,False
89.53294838518953,22.41004817414381,0.2869913940384392,-1.1075697000611107,False,0.38673803369420046,True,-0.3419341741787401,False
89.58294838518952,22.41004817414381,0.42960314757186646,-0.40512549563588995,False,0.5688691010363174,True,-0.14517450578038021,False
89.63294838518952,22.41004817414381,0.5282058015405432,0.6240576876343615,False,0.7452294678652526,True,0.5266594547377781,False
89.68294838518952,22.41004817414381,0.6022188209956951,2.4702307638217995,True,0.1290219906294064,False,0.29034051149350065,False
89.73294838518952,22.41004817414381,0.6691691401093011,3.47454061192889,True,-0.41472801596870407,True,0.08206051301631834,False
89.78294838518953,22.41004817414381,0.7386277887563063,3.407020611227091,True,-0.5223516672314931,True,0.13966532667889128,False
89.83294838518952,22.41004817414381,0.7960262048310528,2.9700116710222577,True,-0.34934790093493695,False,0.20116871481694165,False
89.88294838518952,22.41004817414381,0.7372635183643887,2.369997361410662,True,-0.5580331408817301,False,0.23439692482450697,False
89.93294838518952,22.41004817414381,0.5157592616293619,1.7883296601476713,True,-0.7644740226918362,False,0.2833473598607871,False
89.98294838518952,22.41004817414381,0.279386824001089,0.7895054611071994,False,-0.5106258954660481,False,0.41766521357260994,False
90.03294838518953,22.41004817414381,0.24621560665509562,0.5353729339698655,False,-0.42710029271426214,False,0.3764235215061369,False
90.08294838518952,22.41004817414381,0.2760668220448051,1.1025294370574015,False,-0.2912867633676474,False,0.2848788459400263,False
90.13294838518952,22.41004817414381,0.22560615669776837,1.6661119542693403,False,0.024346407246134155,False,0.0839150940634798,False
90.18294838518952,22.41004817414381,0.17118426355531946,2.0234106825501335,False,0.23721679520736744,False,-0.040808122555207216,False
90.23294838518952,22.41004817414381,0.230538091204171,1.6972411568290626,False,0.017903798386255332,False,-0.029047959557900294,False
90.28294838518951,22.41004817414381,0.3892194674568218,1.6599085639604336,False,-0.33995722068058837,False,-0.024547157352730054,False
90.33294838518952,22.41004817414381,0.5326931715064788,1.8505717582293075,False,-0.721614495943134,False,-0.05528381710923856,False
90.38294838518952,22.41004817414381,0.6237832962407018,1.447144656227649,False,-1.0297764402544256,True,-0.010256563268511987,False
90.43294838518952,22.41004817414381,0.6646299915428787,0.777201817976986,False,-1.1875961855745223,True,0.1501269275060951,False
90.48294838518952,22.41004817414381,0.7151526209725552,0.6441569257249895,False,-0.9880007685476127,True,0.27059257982877455,False
90.53294838518951,22.41004817414381,0.8118707189535237,0.8184776447856763,False,-0.7870217963886441,True,0.31190288958911344,False
90.58294838518952,22.41004817414381,0.8386650424799221,1.5061502329306116,False,-0.5584708170184371,True,0.3735602404100375,False
90.63294838518952,22.41004817414381,0.8023297735419185,1.6331414733510048,False,-0.46173264051496576,True,0.37238758294252217,False
90.68294838518952,22.41004817414381,0.7147509552063662,1.4662836154907173,False,-0.44884286007082297,False,0.34552265350915456,False
90.73294838518952,22.41004817414381,0.5855985402107695,1.3935154207278324,False,-0.4511515139325415,False,0.3249570387538676,False
90.78294838518951,22.41004817414381,0.5625787865991947,1.2784282106759337,False,-0.4783651653889528,False,0.3183029290325626,False
90.83294838518952,22.41004817414381,0.7536348877741387,1.460685286506317,True,-0.76920836849777,True,0.316444082640445,False
90.98294838518952,22.41004817414381,0.796002413041525,0.3538848347438804,False,-1.0132728003543456,True,0.16944386147744506,False
91.03294838518951,22.41004817414381,0.8010489588049822,0.28916608890743795,False,-1.0761096494521787,True,0.1916242598408058,False
91.48294838518952,22.41004817414381,0.8349518639634677,2.994510694360029,True,0.0940846438853861,False,0.1385697672580743,False
91.53294838518951,22.41004817414381,0.8625658432314733,3.814154864370861,True,0.13498623826506215,False,0.13855222271903886,False
91.78294838518951,22.41004817414381,0.8822325074277073,3.99367719653855,True,0.6697227913529439,True,-0.22555563437836507,False
91.83294838518952,22.41004817414381,0.8774302462457522,3.333930702008346,True,0.9081987312955767,True,-0.01487852601183312,False
91.88294838518952,22.41004817414381,0.8766842067708706,2.26790239832937,True,1.2493677676849484,True,0.17965217794828384,False
91.93294838518952,22.41004817414381,0.8578747655222541,1.1496877328668433,False,1.5711879737025456,True,0.12234456671342478,False
91.98294838518952,22.41004817414381,0.784409900737808,0.4116394684384573,False,1.01281959724372,True,0.13907323121323367,False
92.03294838518951,22.41004817414381,0.564046350408089,0.010419580432556697,False,0.28557919593416903,False,0.33471976381608093,False
92.08294838518952,22.41004817414381,0.5067872932309512,0.33004665095135294,False,0.024856517075043782,False,0.31933409455702205,False
92.13294838518952,22.41004817414381,0.6508448079895421,2.9325957418325435,False,-0.4229734196396609,False,0.5374649541689217,False
92.18294838518952,22.41004817414381,0.7359461065942384,4.334703002560149,True,-0.8093388997066806,True,0.6817375679281232,True
92.23294838518952,22.41004817414381,0.7439474504756526,3.6867056568299263,True,-1.0331910649974931,True,0.5779316146252009,True
92.28294838518951,22.41004817414381,0.6943397055680952,2.299915271382286,False,-1.066471154730403,True,0.450049267337592,False
92.33294838518952,22.41004817414381,0.5771532293274271,0.8893157244812104,False,-0.7593128875807856,True,0.28658176256842166,False
92.38294838518952,22.41004817414381,0.45416639120253516,-0.9052824785082988,False,-0.27893659176918545,False,0.1935712707528211,False
92.43294838518952,22.41004817414381,0.3525864267193738,-1.9861372769620003,False,-0.03002876871493672,False,0.11742416067800887,False
92.48294838518952,22.41004817414381,0.34303523525454804,-2.399802934120939,False,0.04809118297022799,False,0.05360411594724204,False
92.53294838518951,22.41004817414381,0.3583456716659495,-2.463761548959019,False,0.06877748590975952,False,0.007625284373433142,False
89.03294838518953,22.360048174143813,0.5030808129255947,-0.7769616954584965,True,0.1899880891766639,False,1.0071226680169505,True
89.08294838518952,22.360048174143813,0.4630839687749209,-0.7789276627420836,True,0.14344726455685755,False,0.897336149490952,True
89.13294838518952,22.360048174143813,0.386306845029313,-0.8719322401763181,True,0.12181605517576297,False,0.5982578060060189,False
89.18294838518952,22.360048174143813,0.40462203398344465,-1.1647976687762633,True,0.4808718068280035,False,0.25707773579762405,False
89.28294838518953,22.360048174143813,0.7012063620298203,-1.3967575054194903,True,0.9233258714522274,True,-0.3319254538179305,False
89.33294838518952,22.360048174143813,0.7013049206945494,-1.185846274986266,True,0.8005651480526708,True,-0.38186158624065897,False
89.38294838518952,22.360048174143813,0.6170838297908273,-0.3681814870039628,False,0.4723680502138243,True,-0.10378249086160674,False
89.43294838518952,22.360048174143813,0.4673631195432269,0.56714362995789,False,0.13309365968891237,False,0.12725401637612943,False
89.48294838518952,22.360048174143813,0.1992703173356404,0.33167110264969524,False,0.023042593201639067,False,-0.20518195283044144,False
89.53294838518953,22.360048174143813,0.23135423995127688,-0.2834373088577664,False,0.10549535168854912,False,-0.6498152148653917,False
89.58294838518952,22.360048174143813,0.406712269271843,0.9093820289698546,False,0.27504530443425396,True,-0.5435863002777203,False
89.63294838518952,22.360048174143813,0.5506343616652084,2.4124715292531134,True,0.34557730532676256,True,-0.02429724288745927,False
89.68294838518952,22.360048174143813,0.647410882476916,3.67102714347564,True,-0.03210193231150271,False,-0.1413140260781145,False
89.73294838518952,22.360048174143813,0.7087953401758097,3.7265656328679864,True,-0.1586658229036147,False,0.06082874484186673,False
89.78294838518953,22.360048174143813,0.7500005033993236,3.2270089744537973,True,-0.08337788013571734,False,0.28303483623112036,False
89.83294838518952,22.360048174143813,0.738371405107668,2.515959159621895,True,0.06385055479162198,False,0.41416257641310944,False
89.88294838518952,22.360048174143813,0.593199158016119,1.7780006702233093,True,-0.013340396681815386,False,0.4705181841528525,False
89.93294838518952,22.360048174143813,0.3691453475398262,1.246701389602229,False,-0.5825094592147071,False,0.4319353399302735,False
89.98294838518952,22.360048174143813,0.27255498886391805,0.4954173851016038,False,-0.3653809639176545,False,0.48923848310867807,False
90.03294838518953,22.360048174143813,0.2836854666076752,0.5391726098670925,False,-0.1526689529164129,False,0.4545448445559649,False
90.08294838518952,22.360048174143813,0.2853583495464129,1.0051640990414417,False,-0.028866469999771924,False,0.30093816519245403,False
90.13294838518952,22.360048174143813,0.2931248008852116,1.862675791204563,False,0.22431542091723833,False,0.06781371667088805,False
90.18294838518952,22.360048174143813,0.31281402043563383,2.3712713699051546,False,0.2644975045363329,False,-0.055240321868944654,False
90.23294838518952,22.360048174143813,0.394323747744942,2.446861426720807,False,0.033758933178373224,False,-0.04413332439963519,False
90.28294838518951,22.360048174143813,0.5239084748398544,2.415907444119984,False,-0.36483885359293955,False,-0.006802333207903327,False
90.33294838518952,22.360048174143813,0.6208648727164806,2.389005389740491,False,-0.7418118219536955,False,-0.026313751348825007,False
90.38294838518952,22.360048174143813,0.6678452704394493,1.708846223403184,False,-1.0324631070582757,False,-0.008211149582401225,False
90.43294838518952,22.360048174143813,0.6607788530624615,0.6178458515449391,False,-0.9867234559116251,False,0.14448476815234662,False
90.48294838518952,22.360048174143813,0.7451511021279245,-0.07759194252624557,False,-0.9685801779634813,True,0.19995709519890642,False
90.53294838518951,22.360048174143813,0.8391041770877856,-0.29756923427228454,False,-0.9425352215644558,True,0.12365973969514808,False
90.58294838518952,22.360048174143813,0.8385538326423565,0.17771776096952496,False,-0.8228069284168891,True,0.1405291670657401,False
90.68294838518952,22.360048174143813,0.6460882021934826,1.0101071509728081,False,-0.4994045676942451,False,0.3262966129275217,False
90.73294838518952,22.360048174143813,0.5271912600320745,0.8883805377338696,False,-0.47526749696577286,False,0.320848907625441,False
90.78294838518951,22.360048174143813,0.5260367326536838,0.8809875376516917,False,-0.5432213811917279,False,0.3299179655830774,False
90.83294838518952,22.360048174143813,0.7338346087610015,1.1441217383361293,False,-0.9081001607130481,True,0.26467984894115804,False
91.03294838518951,22.360048174143813,0.7838189127039694,0.3701768762213126,False,-0.9167085566018285,True,0.21169217278923538,False
91.08294838518952,22.360048174143813,0.7995068524002077,0.38157742396946764,False,-0.9343568192735504,True,0.2722953707977409,False
91.78294838518951,22.360048174143813,0.8579668782984018,3.8606585954580215,True,0.7684307811319238,True,-0.3621883628634648,False
91.83294838518952,22.360048174143813,0.8617278952206697,3.439312046421832,True,0.9741600342961381,True,-0.16612599693848146,False
91.88294838518952,22.360048174143813,0.8720682218788709,2.7150204184402913,True,1.3353782646687258,True,0.0030932584042548394,False
91.93294838518952,22.360048174143813,0.8766430595203478,2.0021247921508847,True,1.4322192311190336,True,-0.04485885362045278,False
91.98294838518952,22.360048174143813,0.8421290093495913,1.2594097927600152,False,0.9872868764458181,True,0.08015211534941175,False
92.03294838518951,22.360048174143813,0.6856480241916049,0.4288336567090116,False,0.5449230949751542,False,0.24640946962510868,False
92.08294838518952,22.360048174143813,0.5301416562614442,-0.12827398350278352,False,0.45758612736616944,False,0.22584686989635713,False
92.13294838518952,22.360048174143813,0.4943156082833524,-0.3523412929473942,False,0.34068490991203504,False,0.22498718156699174,False
92.18294838518952,22.360048174143813,0.5429638415882754,-0.45299092014664366,False,0.12835701942819666,False,0.22911593157293134,False
92.23294838518952,22.360048174143813,0.5820432497559004,-1.4091783115491305,False,-0.062232742122204754,False,0.16533885268284576,False
92.28294838518951,22.360048174143813,0.5507553749869007,-2.901475411166927,False,-0.16484865020480813,False,0.09785714141830623,False
92.33294838518952,22.360048174143813,0.446031456154205,-3.079399473086684,False,-0.10953799223568872,False,0.03542114309652235,False
92.38294838518952,22.360048174143813,0.29696215980046764,-1.8688254894442715,False,-0.08951855425232616,False,0.013062160805416653,False
92.43294838518952,22.360048174143813,0.25133981264244487,-1.0748710853290198,False,-0.06268190841745852,False,-0.006903454311743745,False
92.48294838518952,22.360048174143813,0.2550580434615691,-0.8912497997946839,False,-0.025847335802949456,False,-0.03585294822389548,False
92.53294838518951,22.360048174143813,0.2708168775769828,-0.6815513599172314,False,0.0052460786904932645,False,-0.07427556221678919,False
89.03294838518953,22.310048174143816,0.6105403727170713,-1.0803095749794074,True,0.5860116469382128,True,0.8211834141412935,True
89.08294838518952,22.310048174143816,0.5783488236313749,-1.2326154421061981,True,0.6726154655604731,True,0.5678514117834585,False
89.13294838518952,22.310048174143816,0.5180737360326352,-1.4072285465714693,True,0.8282175471423826,True,0.20007272528553932,False
89.18294838518952,22.310048174143816,0.530679408338536,-1.4458425108064297,True,0.9536896770368015,True,-0.0681572533639343,False
89.28294838518953,22.310048174143816,0.7211359875470681,-1.541936133924847,True,1.0663178692101054,True,-0.5271754112201119,False
89.33294838518952,22.310048174143816,0.6980592479961799,-1.765674075417724,True,0.9858617968715208,True,-0.5236118871433829,False
89.38294838518952,22.310048174143816,0.6237985135308382,-1.5819314621567915,True,0.8881813669042301,True,-0.6325493991728347,False
89.43294838518952,22.310048174143816,0.5305697043131898,-0.14100257622551793,False,0.4210100986225803,True,-0.5020387266674877,False
89.48294838518952,22.310048174143816,0.36581590465465585,0.6474542730184902,False,-0.16894233600551786,False,-0.5136595582964397,False
89.53294838518953,22.310048174143816,0.3429563977303148,0.8856120243364319,False,-0.4146052074158554,True,-0.7288651470763178,False
89.58294838518952,22.310048174143816,0.44915930174336827,2.0807690094110427,True,-0.1804276764183571,False,-0.7317902860653243,False
89.63294838518952,22.310048174143816,0.536599103821942,3.4905362528268977,True,-0.0766326365708064,False,-0.40413537298679814,False
89.68294838518952,22.310048174143816,0.6123103489443323,4.0481149015731095,True,-0.08590273134794722,False,0.03188703491859346,False
89.73294838518952,22.310048174143816,0.6658625018395163,3.5529130064266536,True,-0.0090854414320245,False,0.4833199025678143,False
89.78294838518953,22.310048174143816,0.6831583755324953,2.6201235648584884,True,0.11880136984552511,False,0.6795491793709383,False
89.83294838518952,22.310048174143816,0.6084199544155413,1.5964520944679133,True,0.2225184689979527,False,0.7385928486448734,True
89.88294838518952,22.310048174143816,0.4437817203506301,0.5818391640057989,False,0.2565576825699904,False,0.7257757467044326,True
89.93294838518952,22.310048174143816,0.26615207399492335,0.05879176451526413,False,-0.027905809309213492,False,0.6353340420836169,False
89.98294838518952,22.310048174143816,0.27420768707195586,-0.060371948036773704,False,-0.4339622745989672,False,0.49777238937207835,False
90.03294838518953,22.310048174143816,0.28685255409193827,0.035344676562099955,False,-0.3158363567224902,False,0.41248539692904024,False
90.08294838518952,22.310048174143816,0.2683846880037078,0.4749664262906337,False,-0.12840926356980314,False,0.3219732714158191,False
90.13294838518952,22.310048174143816,0.3282967193361542,0.935262314180266,False,-0.12771173624028345,False,0.1887436814295871,False
90.18294838518952,22.310048174143816,0.39610198864897583,1.5308001590366414,False,-0.05792022131115358,False,0.02243142957815614,False
90.23294838518952,22.310048174143816,0.47673799508088094,1.7795466328833203,False,-0.2284837076481735,False,0.009559865104123157,False
90.28294838518951,22.310048174143816,0.5725002604642129,2.0054726162487815,False,-0.5417601614665385,False,0.05632017673170522,False
90.33294838518952,22.310048174143816,0.6325263313513755,2.295982815949936,False,-0.8046602199273934,False,0.0746693843760177,False
90.38294838518952,22.310048174143816,0.6416708678830653,1.8159093307342382,False,-0.8904218109431252,False,0.1009047924433859,False
90.43294838518952,22.310048174143816,0.7324250721117722,0.7505792786707632,False,-0.901224051288394,True,0.11919227947932898,False
90.48294838518952,22.310048174143816,0.8266096932739788,-0.28602098268006115,False,-1.0549381330688221,True,0.16572322634901118,False
90.53294838518951,22.310048174143816,0.8540017237789278,-0.7717623419480755,False,-1.0537610338655443,True,0.015050494774523748,False
90.58294838518952,22.310048174143816,0.8268534090499965,-0.40895665017241334,False,-0.9724388364813501,True,0.02193921518663658,False
90.68294838518952,22.310048174143816,0.6114940770560175,0.07310407312378508,False,-0.6368672897536605,True,0.33029955593036747,False
90.73294838518952,22.310048174143816,0.533742222422672,-0.07769362916908551,False,-0.5767909879483866,True,0.35069220101491205,False
90.78294838518951,22.310048174143816,0.5576744963977834,-0.3006379942035049,False,-0.6973802254542991,True,0.38412377053523994,False
91.08294838518952,22.310048174143816,0.80092882673789,0.39515760017071244,False,-0.8176327011074898,True,0.2911433908806772,False
91.13294838518952,22.310048174143816,0.8080044697602841,0.41396699566096506,False,-0.8214700088271986,True,0.3600847653191962,False
91.78294838518951,22.310048174143816,0.8215864953541444,3.8727201802494253,True,0.6912989812212662,True,-0.5088961919878703,False
91.83294838518952,22.310048174143816,0.8338750377549137,3.593191626220138,True,0.8369330660133084,True,-0.32935924490333296,False
91.88294838518952,22.310048174143816,0.8525042734566406,3.242368551773007,True,1.0289760039950595,True,-0.1503072581880009,False
91.93294838518952,22.310048174143816,0.8685632052702082,2.8611670715570257,True,0.8827739204405971,True,0.03652715821744135,False
91.98294838518952,22.310048174143816,0.8438199202721252,2.3194065109965694,True,0.585814728223784,False,0.20649136178577931,False
92.03294838518951,22.310048174143816,0.7454212751965951,1.5414647001894697,False,0.4206019867767289,False,0.25812341633162134,False
92.08294838518952,22.310048174143816,0.6341691218316254,0.8075895487463961,False,0.3728498242126451,False,0.2636644515830425,False
92.13294838518952,22.310048174143816,0.499107336491771,-0.38054408260733674,False,0.3877757369584008,False,0.259262451246173,False
92.18294838518952,22.310048174143816,0.3578527384860209,-1.980078963951977,False,0.44651008089039745,False,0.2125915093965079,False
92.23294838518952,22.310048174143816,0.34100458400450945,-3.2865196475728653,False,0.4583163510092168,False,0.15204470980134385,False
92.28294838518951,22.310048174143816,0.36723822274241547,-3.5618822767035265,False,0.25995313556415595,False,0.09142457522435067,False
92.33294838518952,22.310048174143816,0.37835780353290593,-2.2582765018324453,False,-0.053385078910891795,False,0.07927131466374426,False
92.38294838518952,22.310048174143816,0.35541000182606697,-1.1717711332204466,False,-0.13105653367962783,False,0.08765893115939571,False
92.43294838518952,22.310048174143816,0.29887779778702533,-0.25608482990119874,False,-0.11362739959473057,False,0.013166625199064863,False
92.48294838518952,22.310048174143816,0.26332725199733714,0.3300670681826443,False,-0.08509477343452684,False,-0.06796826372116055,False
92.53294838518951,22.310048174143816,0.2525483872707,0.6235390538623369,False,-0.06434031897884003,False,-0.14224518321321772,False
92.58294838518952,22.310048174143816,0.2555630194667308,0.6952678774296599,False,-0.0464640270758275,False,-0.18094032630701024,False
89.03294838518953,22.26004817414381,0.6990191707796416,-1.1482919144900214,True,0.7365381791166224,True,0.2939542511675334,False
89.08294838518952,22.26004817414381,0.6904320664517782,-1.1831305124142504,True,0.7717023606480622,True,0.15038203721046636,False
89.13294838518952,22.26004817414381,0.6753355364749906,-1.1436423975640917,True,0.7941548367471069,True,0.06906636608214975,False
89.18294838518952,22.26004817414381,0.6782713242839902,-1.1311590800511733,True,0.8142119283540505,True,-0.002800309750801866,False
89.23294838518952,22.26004817414381,0.705981341499317,-1.1722330757337573,True,0.8704179186598733,True,-0.13832497677916275,False
89.33294838518952,22.26004817414381,0.6843920034301688,-1.7623890308724355,True,0.9192637916902215,True,-0.31257627120071213,False
89.38294838518952,22.26004817414381,0.6094760789598961,-1.9270891321686876,True,0.9646893574454616,True,-0.4696328372071495,False
89.43294838518952,22.26004817414381,0.5207240354957675,-1.0693760103751222,False,0.7569983679684075,True,-0.6505901377476228,False
89.48294838518952,22.26004817414381,0.46646897999364695,0.8142616352022006,False,-0.36163555435392825,False,-0.3969598164385909,False
89.53294838518953,22.26004817414381,0.5269103350492533,1.2075255092601223,False,-1.516635976316994,True,-0.24604537897755618,False
89.58294838518952,22.26004817414381,0.5813890736580576,2.1500887235215043,True,-0.8173042291088441,True,-0.6087779793554902,False
89.63294838518952,22.26004817414381,0.5722102500853183,3.474386600870444,True,-0.39407569369163375,True,-0.44878767986083185,False
89.68294838518952,22.26004817414381,0.518590036705604,3.9068521806181042,True,-0.11682389592815326,False,0.20642343012056513,False
89.73294838518952,22.26004817414381,0.49790485516584104,3.030650877636802,True,0.061190775717046626,False,0.5802290591716844,False
89.78294838518953,22.26004817414381,0.5158527848094709,1.5368266230372174,False,0.2246805942691078,False,0.6225324065774956,False
89.83294838518952,22.26004817414381,0.5064051689344743,0.3519987468364716,False,0.3304792593280085,False,0.6428106078880562,False
89.88294838518952,22.26004817414381,0.4083946332580769,-0.8604082783941527,False,0.46323696251815105,False,0.6626809599271043,False
89.93294838518952,22.26004817414381,0.281964279824867,-1.2207059521296044,False,0.3792030610543534,False,0.6589274206081652,False
89.98294838518952,22.26004817414381,0.24617889024029252,-0.47219560981798814,False,-0.2115465204262103,False,0.4199058411761071,False
90.03294838518953,22.26004817414381,0.2349823512041787,-0.1454868971952864,False,-0.7852807106867079,False,0.15481360092473137,False
90.08294838518952,22.26004817414381,0.22339454925156252,-0.18683288822195374,False,-0.7408216320929919,False,0.2336407430205927,False
90.13294838518952,22.26004817414381,0.3066736515090404,-0.09729234242395256,False,-0.6724510610670426,False,0.25731391294826617,False
90.18294838518952,22.26004817414381,0.3864852997806058,0.27383078564134655,False,-0.47614481682143095,False,0.09511135557921292,False
90.23294838518952,22.26004817414381,0.46270386389374907,0.607673358419236,False,-0.5146589814584317,False,0.07670184475645364,False
90.28294838518951,22.26004817414381,0.5303445325710407,1.1110678010109525,False,-0.7180728699153969,False,0.10100348496078866,False
90.33294838518952,22.26004817414381,0.5784018097961076,1.536564533644833,False,-0.9523987538224924,True,0.12191812273444458,False
90.38294838518952,22.26004817414381,0.6349877645837482,1.2174627492041452,False,-0.9318256873409616,True,0.12308065150287667,False
90.43294838518952,22.26004817414381,0.797715941186237,0.8192077675090208,False,-1.0213802611025369,True,0.13997650423099472,False
90.48294838518952,22.26004817414381,0.8547869023302075,-0.017933210083513673,False,-1.1656606958445763,True,0.16436771241409065,False
90.53294838518951,22.26004817414381,0.849444770578234,-0.45159110699357496,False,-1.1100114293837533,True,-0.11865309758012987,False
90.58294838518952,22.26004817414381,0.8045586666776794,-0.16129173318307188,False,-1.0181906440461865,True,-0.15459665070972092,False
90.68294838518952,22.26004817414381,0.5845317686192605,-0.2613152130812253,False,-0.6618909074701894,True,0.19809327329916562,False
90.73294838518952,22.26004817414381,0.5786716238751404,-0.692623398961705,False,-0.6320661730693216,True,0.2712274757707889,False
90.78294838518951,22.26004817414381,0.6462090746636715,-1.6265071831947762,False,-0.8130536966408546,True,0.3551370854546355,False
90.83294838518952,22.26004817414381,0.7365859258734054,-0.7053735352450159,False,-1.0528704263957545,True,0.28666178229398287,False
90.98294838518952,22.26004817414381,0.7951070205917955,0.7912116452908577,False,-1.038093373270219,True,-0.2547047758299199,False
91.08294838518952,22.26004817414381,0.8053211032820805,0.4874481472664264,False,-0.8061668029705035,True,0.2081205637585199,False
91.13294838518952,22.26004817414381,0.812520315662259,0.41486185682082044,False,-0.7574014668968991,True,0.34799974027550185,False
91.18294838518952,22.26004817414381,0.8164260196913976,0.5025282630215481,False,-0.7580169899950877,True,0.40511700861978756,False
91.78294838518951,22.26004817414381,0.7868108848505364,3.987066867798677,True,0.49082409397506765,False,-0.5141862804828741,False
91.83294838518952,22.26004817414381,0.796202144698232,3.9775841245937187,True,0.39555600009908104,False,-0.32559323435894477,False
91.88294838518952,22.26004817414381,0.8091574449934134,4.062015984302146,True,0.11971136866006427,False,0.04073536612944567,False
91.93294838518952,22.26004817414381,0.8063306971893104,3.9428518806773587,True,0.10269572304672364,False,0.250258304035878,False
91.98294838518952,22.26004817414381,0.7378167308435278,2.9108284247597185,True,0.3616681813448159,False,0.21299786415176433,False
92.03294838518951,22.26004817414381,0.7285473061997405,1.9282059986447906,False,0.25507433380796374,False,0.27912483942631133,False
92.08294838518952,22.26004817414381,0.7325774602094803,1.026785108962211,False,0.22345035323011964,False,0.3345636748557119,False
92.13294838518952,22.26004817414381,0.6667857200906552,-0.4625261343982865,False,0.3183191414772676,False,0.3794952258683346,False
92.18294838518952,22.26004817414381,0.5787079523699771,-2.0669573873175464,False,0.44712617967472157,False,0.3576969378879645,False
92.23294838518952,22.26004817414381,0.5288447208745213,-2.9545790513897585,False,0.5036888440351495,False,0.3269534521323447,False
92.28294838518951,22.26004817414381,0.4972997738246836,-1.8705137807574155,False,0.27635105314760905,False,0.32042947165738994,False
92.33294838518952,22.26004817414381,0.4613436981740657,-0.6122725283105417,False,-0.07912893572982113,False,0.18189831377182292,False
92.38294838518952,22.26004817414381,0.4162859037022873,-0.17322058878372726,False,-0.15185488748970605,False,0.05345125437651249,False
92.43294838518952,22.26004817414381,0.36315098055800704,0.38737734387928896,False,-0.143996165546118,False,-0.018792968127491483,False
92.48294838518952,22.26004817414381,0.31673714240908285,0.8838662377654992,False,-0.12441823800753643,False,-0.09418068530956714,False
92.53294838518951,22.26004817414381,0.28258817273750925,1.1127729460741844,False,-0.11029480784893747,False,-0.15797055933296567,False
92.58294838518952,22.26004817414381,0.25783588496283916,1.1512737448313708,False,-0.10068872616235376,False,-0.19993043688013032,False
89.08294838518952,22.21004817414381,0.7565917193960012,-0.8468430649178591,False,0.6975300309893137,True,0.03346633240353544,False
89.13294838518952,22.21004817414381,0.7505876215630465,-0.9131928935871845,False,0.7024670411056874,True,0.06771859620098387,False
89.18294838518952,22.21004817414381,0.7302408371853922,-0.949899806875054,True,0.7056030253995779,True,0.08723219882473704,False
89.23294838518952,22.21004817414381,0.7102862435237957,-1.0477954020812714,True,0.709775008902056,True,0.1015330881688593,False
89.28294838518953,22.21004817414381,0.6858298687837389,-1.2360447678015913,True,0.7251020041715728,True,0.07239852973623577,False
89.33294838518952,22.21004817414381,0.6342637469430009,-1.533460210377743,True,0.758746996743173,True,0.023398605771007643,False
89.38294838518952,22.21004817414381,0.5485049069708183,-1.5475044082735667,True,0.8261540908026169,True,-0.07918467894536602,False
89.43294838518952,22.21004817414381,0.39873945691548096,-0.8915178243352473,False,0.7157986425834215,True,-0.16268719680343458,False
89.48294838518952,22.21004817414381,0.3869535211602235,0.88115630165919,False,-0.5065410062612996,False,0.020561531869699334,False
89.53294838518953,22.21004817414381,0.5557081481966284,0.912235954271375,False,-2.3976359213045733,True,0.29712760223538104,False
89.58294838518952,22.21004817414381,0.6693977742183382,1.703633837057849,False,-1.660452995107847,True,-0.06675736195647686,False
89.63294838518952,22.21004817414381,0.6572549328739095,3.2257858570616103,True,-0.6866553439479488,True,-0.10297918442510434,False
89.68294838518952,22.21004817414381,0.5263985926915168,4.03429235437886,True,-0.1575787837999028,False,0.0019773293425094096,False
89.73294838518952,22.21004817414381,0.37141134658676406,2.829188987154888,True,0.1037603723743246,False,0.12968468719133117,False
89.78294838518953,22.21004817414381,0.4150750096680186,1.0366243502631032,False,0.2619918246959182,False,0.19588801328766553,False
89.83294838518952,22.21004817414381,0.4633064241489559,0.03638839710817344,False,0.3104047939468795,False,0.30363843111043565,False
89.88294838518952,22.21004817414381,0.4338579897152959,-0.6629579735669605,False,0.3489829692492851,False,0.3741343210043381,False
89.93294838518952,22.21004817414381,0.35473243989213504,-0.9184442218423976,False,0.3079078908352985,False,0.34142850860776314,False
89.98294838518952,22.21004817414381,0.24593516403560892,-0.39858981739698485,False,-0.09134569148748838,False,0.1151257557950522,False
90.03294838518953,22.21004817414381,0.2514216849648435,-0.1526934102013584,False,-0.7812076463176367,False,-0.1646603602569257,False
90.08294838518952,22.21004817414381,0.2965977556428432,-0.5180781804568703,False,-1.2609262635670113,False,-0.05591433093774896,False
90.13294838518952,22.21004817414381,0.3395507500354973,-0.6199350642422635,False,-0.8219577356321877,False,0.05677514308262595,False
90.18294838518952,22.21004817414381,0.41387725329115016,-0.7883184675350838,False,-0.7224238554796107,False,0.09279390401346937,False
90.23294838518952,22.21004817414381,0.491944863223736,-0.8176371000550424,False,-0.6751560375049268,False,0.08727006342600654,False
90.28294838518951,22.21004817414381,0.5625306435717816,-0.4596850471628908,False,-0.7816920003821384,False,0.0825914842527561,False
90.33294838518952,22.21004817414381,0.6727751090134468,0.3895305458740675,False,-1.1174808662626372,True,0.12700173626722647,False
90.38294838518952,22.21004817414381,0.7484031982149003,0.5822483676384835,False,-1.1729471394935398,True,0.12685264305573574,False
90.43294838518952,22.21004817414381,0.8288246540198468,1.1437678106490063,False,-1.178247568889263,True,0.04139487101317586,False
90.48294838518952,22.21004817414381,0.845703542654412,0.9909153515264331,False,-1.1755995894786153,True,-0.09229858854373285,False
90.53294838518951,22.21004817414381,0.8160016012906602,0.49933069851783163,False,-1.126123013358165,True,-0.2561963402247933,False
90.58294838518952,22.21004817414381,0.7456486319387597,0.5056223007465315,False,-0.9951176165768547,True,-0.2379902863544837,False
90.63294838518952,22.21004817414381,0.6322156592612396,0.563997529228661,False,-0.713083072861577,True,-0.10723891563756272,False
90.68294838518952,22.21004817414381,0.5834595185014841,-0.004870415447041143,False,-0.5391710133386476,True,0.014918020753328695,False
90.73294838518952,22.21004817414381,0.6022732091181875,-0.681986520131959,False,-0.5745683964367337,False,0.10354604766325518,False
90.78294838518951,22.21004817414381,0.703848231580517,-1.5363571876705588,False,-0.7878104405445792,True,0.16861456939354721,False
90.98294838518952,22.21004817414381,0.8030873698469213,0.7205154226569596,False,-0.99964776027121,True,-0.21638071168353953,False
91.08294838518952,22.21004817414381,0.8116320909407139,0.6488357717477645,False,-0.8662720612393751,True,0.03227544590484971,False
91.13294838518952,22.21004817414381,0.8148416704006173,0.5105097494935652,False,-0.7517788904899123,True,0.2776142485444136,False
91.83294838518952,22.21004817414381,0.7495908966100814,4.394229830976842,True,-0.2811909206890626,False,0.1795958153102294,False
91.88294838518952,22.21004817414381,0.7218017019320981,4.658145745639837,True,-0.4885808205058576,False,0.37798373249152617,False
91.93294838518952,22.21004817414381,0.6530852131908892,4.239948223059318,True,-0.1108439643057578,False,0.2022050389770841,False
91.98294838518952,22.21004817414381,0.5786680975173845,3.294903680033487,True,0.1537734527994607,False,0.12220946186695124,False
92.03294838518951,22.21004817414381,0.6291316380375503,1.8291969414957387,False,0.15163454839670265,False,0.18415019492758672,False
92.08294838518952,22.21004817414381,0.7242307098344805,0.8061310715172313,False,0.16920404165045894,False,0.2579022380150295,False
92.13294838518952,22.21004817414381,0.6774347465076259,-0.3805496820523362,False,0.29580554500835665,False,0.31510295079593775,False
92.18294838518952,22.21004817414381,0.623378641939518,-1.4508872361814684,False,0.4030204030091441,False,0.3411966168357847,False
92.23294838518952,22.21004817414381,0.5999377106203236,-2.0960640621616813,False,0.528912343305922,False,0.25652255233833515,False
92.28294838518951,22.21004817414381,0.5899243939490801,-1.0077160000176562,False,0.5603971515613466,False,0.20587920819378888,False
92.33294838518952,22.21004817414381,0.5586026952708886,0.44965034596857145,False,0.04944800568868007,False,0.2027048664524847,False
92.38294838518952,22.21004817414381,0.47850539258707075,0.5783258422513033,False,-0.1802607829605138,False,-0.028929856126848175,False
92.43294838518952,22.21004817414381,0.4425665860810567,1.0499585561848885,False,-0.16152989593090633,False,-0.04465752944065199,False
92.48294838518952,22.21004817414381,0.3790247683202645,1.3428950863889932,False,-0.13197828665238245,False,-0.07539929083778157,False
92.53294838518951,22.21004817414381,0.3196224873539652,1.3977137811068427,False,-0.11693787371992312,False,-0.1117339519116721,False
92.58294838518952,22.21004817414381,0.27663198291250646,1.367485106620302,False,-0.11393918116680249,False,-0.1582538318654645,False
89.08294838518952,22.16004817414381,0.771189008041048,-0.6661180195311385,False,0.639000378409433,True,-0.0013213616163725572,False
89.13294838518952,22.16004817414381,0.7448750215350692,-0.7955904774028423,False,0.6425672984924363,True,0.05920655702858289,False
89.18294838518952,22.16004817414381,0.6740583788112143,-0.9014029533190688,False,0.621599441783801,True,0.0927483962855882,False
89.23294838518952,22.16004817414381,0.6310920700362199,-1.0370225610544401,True,0.613182094083752,True,0.1532755451099097,False
89.28294838518953,22.16004817414381,0.5851318183391148,-1.132585086167942,True,0.6128084793908488,True,0.217833236269096,False
89.33294838518952,22.16004817414381,0.5211608222521724,-1.2203837479519106,True,0.6659452658971933,True,0.24972385781181936,False
89.38294838518952,22.16004817414381,0.41857580108475045,-1.0164714265364505,False,0.7554509982977136,True,0.23281985871770752,False
89.43294838518952,22.16004817414381,0.2707644410557851,-0.3006232729937166,False,0.5733304563026888,False,0.1495807383881908,False
89.53294838518953,22.16004817414381,0.5284326303500742,0.7366321405935173,False,-2.516008238915715,True,0.490121873553771,False
89.58294838518952,22.16004817414381,0.6581258003708985,1.379061975384408,False,-2.1061056759352472,True,0.3000135755408242,False
89.63294838518952,22.16004817414381,0.6802106753546495,3.1065611871541963,True,-1.0395171935208816,True,0.13136198256213616,False
89.68294838518952,22.16004817414381,0.5771014923420108,4.1589718904449375,True,-0.1971306390394794,False,-0.05548245414198158,False
89.73294838518952,22.16004817414381,0.3611626306396848,3.2247164236544115,True,0.14563800229656437,False,-0.11742028556847403,False
89.78294838518953,22.16004817414381,0.3510136489934954,1.4542225904392971,False,0.19210814553027092,False,-0.0013071770507702314,False
89.83294838518952,22.16004817414381,0.4198127852371826,0.7279433281248684,False,0.16486211239835497,False,0.22652399082918664,False
89.88294838518952,22.16004817414381,0.4561296496349251,0.47627830668120297,False,0.15381880798224837,False,0.215484437335885,False
89.93294838518952,22.16004817414381,0.43520963937608165,0.3867056402843482,False,0.07963314112695767,False,0.04804180406218546,False
89.98294838518952,22.16004817414381,0.4098048161309073,0.27234323174258196,False,-0.11971683510277649,False,-0.21999611003359645,False
90.03294838518953,22.16004817414381,0.4124160417501513,-0.14076226277200118,False,-0.7402031756444538,False,-0.4573987909390459,False
90.08294838518952,22.16004817414381,0.38872489467341953,-0.4993983881514294,False,-1.1769546259869537,False,-0.40312084026501827,False
90.13294838518952,22.16004817414381,0.40719426210577536,-0.5175729526755238,False,-0.7546401361088129,False,-0.3056387799374373,False
90.18294838518952,22.16004817414381,0.4910542642166248,-0.6602972474316815,False,-0.6612752450994154,False,-0.1917438807657339,False
90.23294838518952,22.16004817414381,0.61428656901243,-1.116750240687981,False,-0.6846629601223084,False,-0.12861536117791,False
90.28294838518951,22.16004817414381,0.7400732763099442,-0.28429205663008555,False,-1.1568815894542006,True,-0.0644507348469105,False
90.33294838518952,22.16004817414381,0.7876641585565421,0.8890932013174534,False,-1.5470038766110419,True,0.015390133580697789,False
90.38294838518952,22.16004817414381,0.8045146696629158,1.3120247197260608,False,-1.5326263231840285,True,-0.01177640904002511,False
90.43294838518952,22.16004817414381,0.8162105229270956,1.7102842457663288,False,-1.398919594306163,True,-0.1399476619119585,False
90.48294838518952,22.16004817414381,0.7970166600140647,1.6298936732957245,False,-1.300852268179247,True,-0.22810841570071633,False
90.58294838518952,22.16004817414381,0.5971003948810344,1.1872357605265713,False,-0.8458226309316026,True,-0.15197350440875762,False
90.63294838518952,22.16004817414381,0.5010276750424748,0.8520687229975801,False,-0.5391759641192103,False,-0.08262406986676413,False
90.68294838518952,22.16004817414381,0.5386736741685326,0.29783914444507165,False,-0.46768673921549636,False,-0.03460344203992492,False
90.73294838518952,22.16004817414381,0.6158623611038041,-0.2566236115550451,False,-0.545044134870035,True,0.004793422527831173,False
90.78294838518951,22.16004817414381,0.7179452382998891,-0.9292107241730099,False,-0.7181004229431749,True,0.03324642438956424,False
90.93294838518952,22.16004817414381,0.8069347111294187,0.23022510660047601,False,-1.0067824645024626,True,-0.1316243079524787,False
91.08294838518952,22.16004817414381,0.8162447691613148,0.7502745070113044,False,-0.8793708858908791,True,-0.042600438054218204,False
91.13294838518952,22.16004817414381,0.8199299009513524,0.6323917884866472,False,-0.8092677906719615,True,0.11745493420124503,False
91.83294838518952,22.16004817414381,0.6677351176991456,4.610358813947707,True,-0.582673339753359,False,0.5223397838476609,False
91.88294838518952,22.16004817414381,0.6258014929237887,4.526933965046627,True,-0.3412266893162258,False,0.3455759521645868,False
91.93294838518952,22.16004817414381,0.47299689913976894,4.164951678491008,True,-0.16586676012689006,False,0.1798652656087206,False
91.98294838518952,22.16004817414381,0.4648439316590095,3.3123767934482657,True,-0.039108337006609886,False,0.1082743853538363,False
92.03294838518951,22.16004817414381,0.49161865316698855,1.810959929856341,False,0.022434292460107905,False,0.07868844380423051,False
92.08294838518952,22.16004817414381,0.5848936760855857,1.126862757698849,False,0.021523024556815817,False,0.09642815150756079,False
92.13294838518952,22.16004817414381,0.5334003749524903,0.4306008428678445,False,0.18091871608718108,False,0.06863609627087575,False
92.18294838518952,22.16004817414381,0.49529158719470606,-0.28609142243012853,False,0.3199537800274928,False,0.13659808211988572,False
92.23294838518952,22.16004817414381,0.5195903373891336,-0.7750558989542042,False,0.4473400920260604,False,0.1533719752705946,False
92.28294838518951,22.16004817414381,0.5717859415611182,-0.23338388852448683,False,0.6613089082438448,True,0.029285805859366715,False
92.33294838518952,22.16004817414381,0.6091607974571823,1.3626022237643116,False,0.3981859236096804,False,0.24214489080223864,False
92.38294838518952,22.16004817414381,0.6058114101334924,1.8072915352477101,False,-0.03769947025766303,False,0.11976605641828628,False
92.43294838518952,22.16004817414381,0.5373543647809274,2.248359165952392,False,-0.0992632148643316,False,0.07220826822667153,False
92.48294838518952,22.16004817414381,0.4348938274385435,2.2686087840781637,False,-0.0750872786840969,False,0.04956308212265792,False
92.58294838518952,22.16004817414381,0.3204077503710017,2.080114157803578,False,-0.03883052029723871,False,-0.026464386937218032,False
89.08294838518952,22.110048174143813,0.7095118614543681,-0.5203000485384116,False,0.5845348359216422,True,-0.0651214617634217,False
89.13294838518952,22.110048174143813,0.6353880305653115,-0.6849719054490931,False,0.5698842659131661,True,0.012942542852294625,False
89.18294838518952,22.110048174143813,0.48538165228134716,-0.8036761447445695,False,0.511589491481895,True,0.06264547522172331,False
89.23294838518952,22.110048174143813,0.4076579832782447,-0.8951370828159456,False,0.4779181051048415,True,0.16712314755055735,False
89.28294838518953,22.110048174143813,0.32609095014174644,-0.8295224887097825,False,0.45004865133753325,True,0.2586243931172834,False
89.33294838518952,22.110048174143813,0.31847469726544925,-0.8710320106518914,False,0.5966939986630773,True,0.3432922276586227,False
89.38294838518952,22.110048174143813,0.2460105362793014,-0.8170467942430758,False,0.6449181866082864,True,0.30888026606331875,False
89.43294838518952,22.110048174143813,0.1393873130780465,-0.20395252302990605,False,0.2013574758766294,False,0.22308812250280774,False
89.48294838518952,22.110048174143813,0.26136434540876224,0.746161059279235,False,-1.1835105735704505,True,0.47811033253616486,False
89.53294838518953,22.110048174143813,0.4918259817045108,0.8091020593516413,False,-2.1531431764920645,True,0.5207868291643314,False
89.58294838518952,22.110048174143813,0.6120117120900769,1.2292587640627917,False,-2.188341413370426,True,0.35956448582813955,False
89.63294838518952,22.110048174143813,0.6505001563398044,2.44725222857405,True,-1.3807246648833025,True,0.19962440320642422,False
89.68294838518952,22.110048174143813,0.5752859686522362,2.9772996352374315,True,-0.5621870080351777,False,0.012199801874135982,False
89.73294838518952,22.110048174143813,0.40569002474368204,2.704331436444013,True,-0.050621377193444284,False,-0.10460028189766027,False
89.78294838518953,22.110048174143813,0.3376733167432388,1.8283252494843913,False,0.08121667560140272,False,-0.058332722600172,False
89.83294838518952,22.110048174143813,0.43114828665804866,1.6579488151242705,False,0.04678502801488715,False,0.12619428605479166,False
89.93294838518952,22.110048174143813,0.5001143705922226,1.3540245189188886,False,-0.03267076611455921,False,-0.022294809158616757,False
89.98294838518952,22.110048174143813,0.49849490308095556,0.9410840932074853,False,-0.16262289160523302,False,-0.2908319444655718,False
90.03294838518953,22.110048174143813,0.5457319960818349,0.20160487853370604,False,-0.5229433732685662,False,-0.5026249233894271,False
90.08294838518952,22.110048174143813,0.49738292631977,-0.21804068797507434,False,-0.7713085366356751,False,-0.5341478862452758,False
90.13294838518952,22.110048174143813,0.48797197561416117,-0.15575789319966582,False,-0.6000686806528688,False,-0.517708222325733,False
90.18294838518952,22.110048174143813,0.6030837764534924,-0.07728341184219767,False,-0.6744880530036046,False,-0.5104131447444394,False
90.23294838518952,22.110048174143813,0.7486845765632383,0.3259747498712552,False,-1.1200133222615485,True,-0.47481377836116767,False
90.28294838518951,22.110048174143813,0.8119988132567199,1.3146664597877167,False,-1.750832955515429,True,-0.36175082135336367,False
90.33294838518952,22.110048174143813,0.8183737540561077,1.5815374575482553,False,-1.9027058133741463,True,-0.2350094464187289,False
90.38294838518952,22.110048174143813,0.8043020883709678,1.6760682452673938,False,-1.8212167563104817,True,-0.17291228300005335,False
90.43294838518952,22.110048174143813,0.7791131385268837,1.8376855354351271,False,-1.6520396561207418,True,-0.15481678645630437,False
90.53294838518951,22.110048174143813,0.5699631751016848,1.4532884004646118,False,-1.0234816320891564,True,-0.03567480500448304,False
90.58294838518952,22.110048174143813,0.3653554593188318,1.3484879289563945,False,-0.5938430398721641,False,0.020014268879320313,False
90.63294838518952,22.110048174143813,0.373072213465601,1.0788354575837875,False,-0.4678213584218547,False,0.00994829297472724,False
90.68294838518952,22.110048174143813,0.4693579277396411,0.7605770583181721,False,-0.45836987146012714,False,0.001120648780074271,False
90.73294838518952,22.110048174143813,0.6099153529926443,0.3327232670605538,False,-0.5542097294795005,True,-0.008015161365086496,False
90.78294838518951,22.110048174143813,0.7226160950786401,-0.24211788336976436,False,-0.6911574062809864,True,-0.023416574286342112,False
90.93294838518952,22.110048174143813,0.8207311168434553,0.0443852311232682,False,-0.9882577025118604,True,-0.07456742484826387,False
91.03294838518951,22.110048174143813,0.8210649247120579,0.6882863434640171,False,-0.924410619478819,True,-0.12396435298700392,False
91.08294838518952,22.110048174143813,0.8228874275884801,0.7542236946587477,False,-0.8995348812250092,True,-0.09086533113783557,False
91.88294838518952,22.110048174143813,0.5530272192467112,4.8390414798820665,True,-0.3579155059441257,False,0.35395849883203684,False
91.93294838518952,22.110048174143813,0.4726389485033999,4.440754543827081,True,-0.11340487837646937,False,0.22588010363600064,False
91.98294838518952,22.110048174143813,0.48670664009631065,3.5609914749022256,True,-0.16617783579103335,False,0.17478561515465743,False
92.03294838518951,22.110048174143813,0.46378468278994567,2.1919922186966354,False,-0.15310614578217147,False,0.14596874645723915,False
92.08294838518952,22.110048174143813,0.43743751461741975,1.7131233225170073,False,-0.2600171210733922,False,0.12031273486786154,False
92.13294838518952,22.110048174143813,0.3649443204585303,1.4552758106195325,False,-0.21672291787463974,False,0.12670011575112736,False
92.18294838518952,22.110048174143813,0.31929466325947187,0.7169874426292226,False,0.006161581441228664,False,0.20986449959506032,False
92.23294838518952,22.110048174143813,0.38402203332434803,0.12200943717515694,False,0.23361433436931475,False,0.17531109499819664,False
92.28294838518951,22.110048174143813,0.4850412381917883,0.09574280114608344,False,0.49672413898832846,False,-0.05222545740588552,False
92.33294838518952,22.110048174143813,0.6133390154902238,1.5565667136535275,False,0.4933049418028722,False,0.11284927347184323,False
92.38294838518952,22.110048174143813,0.6708895934612404,3.0230597473633005,False,0.22536394118805092,False,0.24023854252060428,False
92.43294838518952,22.110048174143813,0.6133559071157284,3.3764372701110847,False,0.010020512771076906,False,0.2157578325795093,False
92.48294838518952,22.110048174143813,0.5052010116559055,3.217901254580578,False,0.004216154526463942,False,0.20208022720623225,False
92.58294838518952,22.110048174143813,0.4648514157457272,3.45872762172149,False,0.17526848724010502,False,0.21393517501080273,False
89.08294838518952,22.060048174143816,0.5048241906102849,-0.3158054160508852,False,0.4944439273497377,True,-0.10919537225365217,False
89.13294838518952,22.060048174143816,0.3741988167814338,-0.5344521507592218,False,0.46096205477764995,True,-0.00019917001333741302,False
89.18294838518952,22.060048174143816,0.2034037997151228,-0.5926796356768191,False,0.3099033164845475,False,0.0800933008283371,False
89.23294838518952,22.060048174143816,0.13452441736154455,-0.5343262156309959,False,0.1649003060249427,False,0.1777193504574374,False
89.28294838518953,22.060048174143816,0.13716622264277026,-0.2335358541416933,False,0.09976199375537433,False,0.28114049620481074,False
89.33294838518952,22.060048174143816,0.13473326048238166,-0.3088929367264086,False,0.25733347633535053,False,0.3398249533236654,False
89.38294838518952,22.060048174143816,0.12793533340473678,-0.8155204545554591,False,0.19186889024916026,False,0.35147273628885867,False
89.43294838518952,22.060048174143816,0.14181825547868715,-0.40786099407456533,False,-0.2949111262678911,False,0.33137098161719913,False
89.48294838518952,22.060048174143816,0.2897487969503365,0.9091404456118981,False,-0.9163068472228952,False,0.6139476131139827,False
89.53294838518953,22.060048174143816,0.45898141911671925,1.4440683856916179,False,-1.203043815294573,True,0.47141046891104976,False
89.58294838518952,22.060048174143816,0.559368966499295,1.3257946730517574,False,-1.7358475161464784,True,0.28633336601951265,False
89.63294838518952,22.060048174143816,0.5963323969699873,1.7041983977129083,False,-1.748452045629626,True,0.1801600347267502,False
89.68294838518952,22.060048174143816,0.5405015700072227,2.086518169060676,True,-1.0798584670829734,True,0.03735218471297968,False
89.73294838518952,22.060048174143816,0.4316925388024514,2.336739688998582,True,-0.35733946133233896,False,-0.09756379640163428,False
89.78294838518953,22.060048174143816,0.3922131453239415,2.4262077289129818,True,-0.04714789647692753,False,-0.0699468805459813,False
89.83294838518952,22.060048174143816,0.46158807878929314,2.6420239159062273,True,-0.08177482310000224,False,0.16024918084663967,False
89.93294838518952,22.060048174143816,0.5234613592742133,1.9821025855452477,False,-0.06719782923949236,False,0.042742474764810384,False
89.98294838518952,22.060048174143816,0.4835919711346928,1.4741217545022518,False,-0.13981243750766903,False,-0.2012405771145575,False
90.03294838518953,22.060048174143816,0.5580813616053972,0.5282144734048133,False,-0.4772154551588152,False,-0.44165708234469003,False
90.08294838518952,22.060048174143816,0.5415203420711322,0.2490389816645769,False,-0.5299652875908841,False,-0.4742584793730472,False
90.13294838518952,22.060048174143816,0.5709453361594691,0.2601205300764896,False,-0.38623320705056374,False,-0.5180661201600396,False
90.18294838518952,22.060048174143816,0.6863531437718591,0.38429236047579407,False,-0.6221917179083793,False,-0.5884996060863334,False
90.23294838518952,22.060048174143816,0.7963717292187515,1.0608136965703756,False,-1.4229098083623166,True,-0.6148026558225285,False
90.28294838518951,22.060048174143816,0.8301449445479322,1.4589395385829451,False,-1.7472008325382635,True,-0.4764275617566849,False
90.33294838518952,22.060048174143816,0.8206315672798286,1.46683807558557,False,-1.8246285232023554,True,-0.2988408349937091,False
90.38294838518952,22.060048174143816,0.7874060818529489,1.5963184005528142,False,-1.7410632906665255,True,-0.14301381789387013,False
90.48294838518952,22.060048174143816,0.6146099385757071,1.5680378458932955,False,-1.2425593384152953,True,0.008748364785934576,False
90.53294838518951,22.060048174143816,0.4649216118854546,1.2658672743625219,False,-0.8245069091976158,False,0.07216984783680447,False
90.58294838518952,22.060048174143816,0.39104526618628116,1.3100357468187909,False,-0.5654081507160076,False,0.062244205768769253,False
90.63294838518952,22.060048174143816,0.41601634250714165,1.2942327039440256,False,-0.49808546765368444,False,0.021696134159704783,False
90.68294838518952,22.060048174143816,0.48877118987686674,1.1982548401704016,False,-0.500091434500845,False,0.0072241706204713985,False
90.73294838518952,22.060048174143816,0.6260618998130063,0.8998351653925558,False,-0.5719839007443099,True,-0.037341740832317366,False
91.88294838518952,22.060048174143816,0.6426999083129323,5.865587170861614,True,-0.6222641439437986,False,0.3635601320427511,False
91.93294838518952,22.060048174143816,0.618142486485665,5.624668509340487,True,-0.34172735266077703,False,0.22232144332790232,False
91.98294838518952,22.060048174143816,0.5765386902307198,4.465048808216225,True,-0.25091263560268345,False,0.1943912178432316,False
92.03294838518951,22.060048174143816,0.49779374512822283,2.765695312017813,True,-0.2276509522332932,False,0.23568497694569454,False
92.08294838518952,22.060048174143816,0.3781590928091962,1.6578190826016441,False,-0.19439945612876042,False,0.25874402574807276,False
92.13294838518952,22.060048174143816,0.4363889226822517,1.9153790796605976,False,-0.48401553253444074,False,0.2823854725846173,False
92.18294838518952,22.060048174143816,0.37728822961503194,1.2132785982381205,False,-0.2386995630261886,False,0.3119779166713315,False
92.23294838518952,22.060048174143816,0.3587397169336127,0.4293629106590914,False,0.10554893760289988,False,0.1758556370925883,False
92.28294838518951,22.060048174143816,0.4119025514746441,-0.03624071367018797,False,0.3482062270091966,False,-0.07625933347700009,False
92.33294838518952,22.060048174143816,0.5769968004033151,1.1006383200345968,False,0.4563067838673515,False,-0.079194215964001,False
92.38294838518952,22.060048174143816,0.6775410422114752,3.366855307980958,False,0.45131009355556057,False,0.13927709525484663,False
92.43294838518952,22.060048174143816,0.6692296977060316,3.9738811150951463,False,0.2217654925091901,False,0.2639433440472614,False
92.48294838518952,22.060048174143816,0.634052652097652,3.879249571088676,True,0.25055387154068537,False,0.3379648347367511,False
92.58294838518952,22.060048174143816,0.5860602060189547,3.9488511979307668,True,0.3120372225023977,False,0.33793098547229183,False
89.13294838518952,22.01004817414381,0.16181862323844495,-0.2690516749115601,False,0.18464580526064908,False,0.03606219538612476,False
89.18294838518952,22.01004817414381,0.1004251210923535,-0.1487986058217834,False,-0.3925358689975036,False,0.11690965352012023,False
89.23294838518952,22.01004817414381,0.08861269533040955,0.020662004853627902,False,-0.5125897987184054,False,0.20115376630027554,False
89.28294838518953,22.01004817414381,0.07871516606753566,0.38222095260116995,False,-0.583659462283801,False,0.25896272638388207,False
89.33294838518952,22.01004817414381,0.08502986146542385,0.40816422316879164,False,-0.4639349145784371,False,0.3185828940820057,False
89.38294838518952,22.01004817414381,0.11959461217345022,-0.38999338129055916,False,-0.19805878753341896,False,0.3910381544299465,False
89.43294838518952,22.01004817414381,0.18792142301865467,-0.26367504363944133,False,-0.3505877712921608,False,0.47449656874201473,False
89.58294838518952,22.01004817414381,0.48953250647166274,1.2599816243540738,False,-1.1726997152339287,True,0.16698306599097973,False
89.63294838518952,22.01004817414381,0.5273102505878998,1.6382342065335966,False,-1.4415497993996471,True,0.03752037786317283,False
89.68294838518952,22.01004817414381,0.49465177721981507,1.8989594165183235,True,-1.2353272811338352,True,-0.029704809570937483,False
89.73294838518952,22.01004817414381,0.44750706118052425,2.206348994193193,True,-0.6787182471022226,True,-0.06895524899324262,False
89.78294838518953,22.01004817414381,0.4518124184300255,2.9910871317333125,True,-0.19097173192658823,False,-0.0269440917928917,False
89.83294838518952,22.01004817414381,0.48319504672543706,3.528932664193869,True,-0.220015126467185,False,0.2070951918121865,False
89.93294838518952,22.01004817414381,0.5208806647391927,2.23253403520705,False,-0.05887170714714428,False,0.05999497235830209,False
89.98294838518952,22.01004817414381,0.44419708234188165,1.6669134238916268,False,-0.06884772529706715,False,-0.10890156761572886,False
90.03294838518953,22.01004817414381,0.490221153910668,0.9550655522144792,False,-0.2342624519252893,False,-0.32828743294650164,False
90.08294838518952,22.01004817414381,0.5018630235618624,0.3818451096913574,False,-0.4664548299882487,False,-0.4318929475524133,False
90.13294838518952,22.01004817414381,0.5669180650071813,0.3612240000951863,False,-0.39814468248952994,False,-0.5038362470899075,False
90.18294838518952,22.01004817414381,0.700989977516116,0.5210037467542745,False,-0.6042841109697025,False,-0.5788030548629646,False
90.23294838518952,22.01004817414381,0.8023158094051136,1.0341580918976974,False,-1.0691023842919365,True,-0.5450287930932012,False
90.28294838518951,22.01004817414381,0.8262755119630429,1.4912342163316255,False,-1.229050799837398,True,-0.3698955087407084,False
90.38294838518952,22.01004817414381,0.7585029794810899,1.906467485219639,False,-1.297482453031087,True,0.04754790445913848,False
90.43294838518952,22.01004817414381,0.6777197426375939,1.752234578379935,False,-1.2778400107325885,True,0.11333680771842458,False
90.48294838518952,22.01004817414381,0.5957875216642203,1.2510990504767037,False,-1.0304776912273417,True,0.0814583758009054,False
90.53294838518951,22.01004817414381,0.544379932237683,1.0215972721075053,False,-0.7879221279135609,True,0.05394843171897876,False
90.58294838518952,22.01004817414381,0.4971910943287168,1.1553327083946787,False,-0.6116989103276418,False,0.028306002609185477,False
90.63294838518952,22.01004817414381,0.4937256707321883,1.2714167030846781,False,-0.536791405366129,False,-0.0017254817907902953,False
90.68294838518952,22.01004817414381,0.5311126542703858,1.2330015448434122,False,-0.5265317202125137,False,-0.02538245719471019,False
91.88294838518952,22.01004817414381,0.7366590616534765,6.665943001731196,True,-1.0207109023252159,True,0.396939870260318,False
91.93294838518952,22.01004817414381,0.7350155399588181,6.536311708295642,True,-0.8800727506852489,True,0.21951749578182905,False
91.98294838518952,22.01004817414381,0.6828658364486426,5.8154653775341725,True,-0.7433744052926116,False,0.10899836623512649,False
92.03294838518951,22.01004817414381,0.5408418940123788,3.8512573939425305,True,-0.46457588652018483,False,0.2118728598083371,False
92.08294838518952,22.01004817414381,0.2669870860579725,1.4996380342662494,False,0.11028426266131222,False,0.2770364499574489,False
92.13294838518952,22.01004817414381,0.35489887968144157,1.1545283874781052,False,-0.10575885513861458,False,0.33251026377906095,False
92.18294838518952,22.01004817414381,0.45021081317987915,0.9713031035428416,False,-0.16164828739259451,False,0.32855896208189755,False
92.23294838518952,22.01004817414381,0.386909979187464,0.07679656084174857,False,0.14206633085425163,False,0.19350282867846896,False
92.28294838518951,22.01004817414381,0.3757639967436805,-0.9440694057731356,False,0.325642903170156,False,0.024831245344902136,False
92.33294838518952,22.01004817414381,0.505232646494533,-0.19496020904790878,False,0.42218104691402963,False,-0.07064113441273465,False
92.38294838518952,22.01004817414381,0.6576798789255779,2.770976930261047,False,0.6357780265946376,True,0.03736504806841035,False
92.43294838518952,22.01004817414381,0.7177938809986666,4.07377084279411,False,0.6485496735190661,True,0.17944428416385372,False
92.48294838518952,22.01004817414381,0.6956681333574928,3.656095728283133,False,0.5212910166786299,False,0.34933739031977323,False
89.13294838518952,21.96004817414381,0.14927093725695728,-0.08373605247049554,False,-0.5410549391389307,False,0.11830335682108467,False
89.18294838518952,21.96004817414381,0.11963673540831887,-0.1269239365187267,False,-0.3940647284166482,False,0.22020211793007677,False
89.23294838518952,21.96004817414381,0.10230843832280775,-0.024416963318464546,False,-0.11758298233447395,False,0.34151834054761476,False
89.28294838518953,21.96004817414381,0.12156335682889916,0.32725261661434435,False,-0.11360355703749242,False,0.3957288741882338,False
89.33294838518952,21.96004817414381,0.15765296876408166,0.7498684657786668,False,-0.2615812823383188,False,0.4371271872984057,False
89.38294838518952,21.96004817414381,0.20035270589305879,0.6826370508852784,False,-0.28462366413959667,False,0.5081143163732157,False
89.43294838518952,21.96004817414381,0.27502974599090363,0.893518909550465,False,-0.48965982480394926,False,0.663071858995427,True
89.48294838518952,21.96004817414381,0.37656953425589307,0.87782311731277,False,-0.6164905751169288,False,0.6325232489423167,True
89.58294838518952,21.96004817414381,0.3932927944895431,0.8826771698514909,False,-0.8564753840098379,False,0.03510827921163184,False
89.63294838518952,21.96004817414381,0.42471224031787724,1.3762784982734864,False,-1.010757613737547,True,-0.1194743351333045,False
89.68294838518952,21.96004817414381,0.46120932929608166,1.7265841608555919,True,-1.0156568418664724,True,-0.07107332978874126,False
89.73294838518952,21.96004817414381,0.47095777075144024,2.083064724165222,True,-0.5057536509769337,False,-0.08830513906211251,False
89.78294838518953,21.96004817414381,0.4884921462921269,2.8020599284994936,True,-0.20443381822268325,False,-0.03982667356942432,False
89.83294838518952,21.96004817414381,0.5099830572720198,3.6692984972259124,True,-0.22864509163846664,False,0.13340904406261794,False
90.08294838518952,21.96004817414381,0.4645232782179395,0.22651962630019884,False,-0.4658178975824585,False,-0.4682453107218752,False
90.13294838518952,21.96004817414381,0.5592120564512203,0.26802194728770157,False,-0.4833361958642195,False,-0.5395423392368401,False
90.18294838518952,21.96004817414381,0.6639180458239119,0.5337387384351531,False,-0.5771172029333984,False,-0.560652453475671,False
90.23294838518952,21.96004817414381,0.7662837611718871,1.0259814584536953,False,-0.7809633818476804,True,-0.49161156671075373,False
90.28294838518951,21.96004817414381,0.7981788598912394,1.4643499753220648,False,-0.9264084535780668,True,-0.29298562320409716,False
90.38294838518952,21.96004817414381,0.7358155054897151,1.9530641305007463,False,-1.0548961818153963,True,0.10020806588542303,False
90.43294838518952,21.96004817414381,0.6631913541995063,1.5861174347057228,False,-0.9975461001511886,True,0.14410948225897674,False
90.48294838518952,21.96004817414381,0.6085404442902138,1.0360847096146555,False,-0.8764586891666066,True,0.08600628268448471,False
90.53294838518951,21.96004817414381,0.5702971539898956,0.8235333203693362,False,-0.7608960591875117,True,0.04655161971776314,False
90.58294838518952,21.96004817414381,0.5427937767342604,0.9399641840082136,False,-0.6415094393170686,True,0.01001621471367023,False
91.93294838518952,21.96004817414381,0.7873099606435404,6.517340715628881,True,-1.6207087166780865,True,0.3718868433075673,False
91.98294838518952,21.96004817414381,0.756360860947578,6.565790566191851,True,-1.4896331945314296,True,0.17750124577783855,False
92.03294838518951,21.96004817414381,0.6632329171989904,5.235109842680221,True,-1.0334301018052074,True,0.21216190173124422,False
92.08294838518952,21.96004817414381,0.2958550059148843,2.262017626168986,True,0.05664892845581599,False,0.15369842058811464,False
92.13294838518952,21.96004817414381,0.11830819243456862,0.08865208281466679,False,0.7279561039842986,False,0.08140654757978646,False
92.18294838518952,21.96004817414381,0.3223020052021899,0.2034824000857821,False,0.3051604960226812,False,0.16716027174971038,False
92.23294838518952,21.96004817414381,0.34440554904417087,-0.5150262116734525,False,0.29353212802968864,False,0.1361579400855465,False
92.28294838518951,21.96004817414381,0.3225911935755777,-1.995903423501971,False,0.3627239208823817,False,0.09051710340992583,False
92.33294838518952,21.96004817414381,0.39855061884096415,-2.408235962351686,False,0.45361454522116484,False,0.10074917860411012,False
92.38294838518952,21.96004817414381,0.6286228753190707,0.6902126412746286,False,0.7561439024947182,True,0.1955304970422759,False
92.43294838518952,21.96004817414381,0.7279638536096732,2.760663698306711,False,0.863934748525677,True,0.20562059520910844,False
92.48294838518952,21.96004817414381,0.7257656719124037,2.629759574870338,False,0.7254489928336002,True,0.3695481055504482,False
89.13294838518952,21.91004817414381,0.17771712397327571,-0.16935038178722117,False,-0.5456994186529673,False,0.21617808810856542,False
89.18294838518952,21.91004817414381,0.15126587553605053,-0.10264783920890475,False,-0.3996377438265438,False,0.3397929269287523,False
89.23294838518952,21.91004817414381,0.13529912516254503,0.03466600973078704,False,-0.0498168160907565,False,0.497422709135256,False
89.28294838518953,21.91004817414381,0.18748310424886327,0.34414053430136887,False,0.09252564373226263,False,0.5805005594857303,True
89.33294838518952,21.91004817414381,0.258420878356621,0.8907319465430571,False,-0.15338099758149215,False,0.6212611149599178,True
89.38294838518952,21.91004817414381,0.3149763591679631,1.474939954465327,False,-0.48150942601353686,False,0.6678315377564957,True
89.43294838518952,21.91004817414381,0.3689591458591294,1.4317138338498592,False,-0.6245963215589495,False,0.6700222045973776,True
89.48294838518952,21.91004817414381,0.3940810439843845,0.46209187325401146,False,-0.5547427005395266,False,0.5406310173257431,False
89.58294838518952,21.91004817414381,0.286806586567231,0.4022986444251089,False,-0.6354381309753038,False,0.03364348267282358,False
89.63294838518952,21.91004817414381,0.3893057744598035,1.158207981290672,False,-0.7330844448764753,False,-0.08443125928319686,False
89.68294838518952,21.91004817414381,0.43809672541031497,1.5186508233423526,False,-0.8112658816762793,False,-0.04936146009635216,False
89.73294838518952,21.91004817414381,0.44608788313864395,1.8658541527710217,True,-0.5188568165004102,False,-0.02834587190279267,False
89.78294838518953,21.91004817414381,0.47310287477635954,2.586704794038159,True,-0.20693093014665961,False,0.02769371089128489,False
89.83294838518952,21.91004817414381,0.49933816051018654,3.528503638054677,True,-0.1898984440344953,False,0.11655008414307147,False
90.03294838518953,21.91004817414381,0.3050277158436911,0.6510099488736107,False,-0.009225231792262267,False,-0.1876557957385223,False
90.08294838518952,21.91004817414381,0.4151123023912358,0.38087243145894667,False,-0.18613745080035615,False,-0.42713238726601616,False
90.13294838518952,21.91004817414381,0.5336782717341932,0.20849966492459437,False,-0.4873589642283881,False,-0.5324447409493592,False
90.18294838518952,21.91004817414381,0.6224496951274642,0.4960718769823904,False,-0.544681945637289,False,-0.5379513465288895,False
90.23294838518952,21.91004817414381,0.7095279836253463,0.9640008399897133,False,-0.6790602229859599,True,-0.44456985208093414,False
90.28294838518951,21.91004817414381,0.7470184805479806,1.3610914622261774,False,-0.8089288414884411,True,-0.24436483139658224,False
90.33294838518952,21.91004817414381,0.7365274150812001,1.6826927753106786,False,-0.8913668680111486,True,-0.01189293041673728,False
90.38294838518952,21.91004817414381,0.6924624938847961,1.8284969657098695,False,-0.9196067267887988,True,0.15518099850273182,False
90.43294838518952,21.91004817414381,0.6468315844840056,1.393111375225644,False,-0.8619300680878815,True,0.1454428933218882,False
90.53294838518951,21.91004817414381,0.5809130364394685,0.6681470585038864,False,-0.7413563086894015,True,0.04199313979524427,False
90.58294838518952,21.91004817414381,0.5677298203464807,0.7756185526028889,False,-0.6602432374690392,True,-0.005330716749386094,False
90.63294838518952,21.91004817414381,0.5633991036684772,0.9938990800082794,False,-0.590404594574801,True,-0.03963048312347661,False
91.88294838518952,21.91004817414381,0.8028989775163152,6.099691968086238,True,-2.38113907296903,True,0.6711140629972506,True
91.93294838518952,21.91004817414381,0.8077744606830406,6.282781081402209,True,-2.3952780001187857,True,0.5763840556389457,False
91.98294838518952,21.91004817414381,0.802675735410097,6.363176713285352,True,-2.2476544249611576,True,0.48649801464496234,False
92.03294838518951,21.91004817414381,0.7608768384686441,5.959999002692937,True,-1.760410624615804,True,0.37124991141579816,False
92.08294838518952,21.91004817414381,0.5288904348119126,3.560444353310258,True,-0.39286796802459256,False,0.1430253764098151,False
92.13294838518952,21.91004817414381,0.18370978533771953,0.8034614490679449,False,0.6216769266209173,False,0.036908790593892134,False
92.18294838518952,21.91004817414381,0.23171708305518265,-0.10005189219468755,False,0.5791238817157808,False,0.06170356725626744,False
92.23294838518952,21.91004817414381,0.26905831580076883,-0.8502613571030698,False,0.3321408948218938,False,0.058353842449662,False
92.28294838518951,21.91004817414381,0.26219170861277924,-2.374220075578024,False,0.25714237136273627,False,-0.016572142326078267,False
92.33294838518952,21.91004817414381,0.31762127601148205,-3.105254608975213,False,0.2773391211276063,False,-0.006231048419264012,False
92.38294838518952,21.91004817414381,0.5887349371143782,-1.209996335503469,False,0.6869899924051694,True,0.3174310986017448,False
92.43294838518952,21.91004817414381,0.7202100337988964,0.04754766567756863,False,0.8163080609035247,True,0.45385897670116826,False
92.48294838518952,21.91004817414381,0.742244264963551,0.9028584595880909,False,0.727400566793797,True,0.4771819390360747,False
92.53294838518951,21.91004817414381,0.7361393827271917,1.4959748141491267,False,0.6623039018790258,True,0.4910918324349667,False
89.13294838518952,21.860048174143813,0.22973093738822023,-0.19713477848286215,False,-0.5750931981964663,False,0.31816890342205917,False
89.18294838518952,21.860048174143813,0.22006865749675705,-0.10842509506125131,False,-0.5241980501647776,False,0.41027741788476413,False
89.23294838518952,21.860048174143813,0.2393146951167589,0.13895540020358976,False,-0.45405424947190615,False,0.48221602633618715,False
89.28294838518953,21.860048174143813,0.25477760477766664,0.44404017547717034,False,-0.3196698083882078,False,0.5509077671288385,False
89.33294838518952,21.860048174143813,0.3136696294280752,0.8085255428775889,False,-0.3904287137586977,False,0.5887241894014608,True
89.38294838518952,21.860048174143813,0.36533155729126215,1.2130140506965288,False,-0.5054601937489646,False,0.6373485681592324,True
89.43294838518952,21.860048174143813,0.40309591207809564,0.8939229997748411,False,-0.5664918248143346,False,0.5986982226826596,True
89.58294838518952,21.860048174143813,0.23790039379238,-0.18374023642942372,False,-0.5239949316715732,False,0.20825857199015707,False
89.63294838518952,21.860048174143813,0.2978890722583637,0.6236699669758102,False,-0.5809134158590805,False,0.011446286894664842,False
89.68294838518952,21.860048174143813,0.3969001907084658,1.2616561078845718,False,-0.6639406174174428,False,-0.01836656002884169,False
89.73294838518952,21.860048174143813,0.42479806111791724,1.7081731509651084,True,-0.49101430516560146,False,0.016026639141882265,False
89.78294838518953,21.860048174143813,0.45066149433039804,2.2754891188459183,True,-0.1339798598632586,False,0.010036296161347075,False
89.83294838518952,21.860048174143813,0.4773993434191067,2.971066164020944,True,-0.07018084009518341,False,0.08904769555446337,False
90.08294838518952,21.860048174143813,0.37785152116718684,0.36219671902413764,False,-0.07321908823279322,False,-0.42909511096035197,False
90.13294838518952,21.860048174143813,0.4995393930994664,0.19298532834286242,False,-0.4259561289963065,False,-0.519519555950878,False
90.18294838518952,21.860048174143813,0.602339734943633,0.47627921444622967,False,-0.5360767892285989,False,-0.5103917585425055,False
90.23294838518952,21.860048174143813,0.6581600896089495,0.8908914643846153,False,-0.6324391915510198,False,-0.4034658930030015,False
90.33294838518952,21.860048174143813,0.6873854924091467,1.5344126793894903,False,-0.8162606788308135,True,-0.004591843588273581,False
91.88294838518952,21.860048174143813,0.8033572572695463,6.030366500376356,True,-2.905835896666868,True,0.6774394038290112,False
91.93294838518952,21.860048174143813,0.8131762015112992,6.163394286055265,True,-2.8211635133848842,True,0.631189431088767,False
91.98294838518952,21.860048174143813,0.8195610379443281,6.162568927234545,True,-2.5170805851500195,True,0.5659797142773728,False
92.03294838518951,21.860048174143813,0.8028066249610923,5.7497170539085785,True,-1.9108653526236736,True,0.38955575179724733,False
92.08294838518952,21.860048174143813,0.7265564429801213,4.240918952381243,True,-0.7133581761150878,False,0.1884314084746413,False
92.13294838518952,21.860048174143813,0.5109202294447727,1.7339759805848567,False,0.4146578004767198,False,0.10335568617103547,False
92.18294838518952,21.860048174143813,0.3950036168466809,0.07355370313466458,False,0.7470833280025811,False,0.0699409765425169,False
92.23294838518952,21.860048174143813,0.3089333203377276,-0.6129386374686633,False,0.29336522228967343,False,0.001973179724552687,False
92.28294838518951,21.860048174143813,0.258702972233265,-2.6274298657413224,False,0.07602575387349284,False,-0.1333925547783818,False
92.33294838518952,21.860048174143813,0.2625207145274767,-3.648323995487502,False,0.02303925245977284,False,-0.1692173530340057,False
92.38294838518952,21.860048174143813,0.5397673974932383,-2.1720359489446377,False,0.40438953707250247,False,0.20234836306517956,False
92.43294838518952,21.860048174143813,0.6988557334783048,-1.3437761162955755,False,0.5657024468630916,True,0.43592082070092353,False
92.48294838518952,21.860048174143813,0.7535007348331385,-0.507755736533444,False,0.55994997714178,True,0.5193828156796464,False
92.53294838518951,21.860048174143813,0.7652010570921695,0.42388414200065316,False,0.4991093885984301,True,0.5662066948184487,False
89.08294838518952,21.810048174143816,0.29349629542361283,-0.1999967208740649,False,-0.6191829697891023,True,0.3139850327774659,False
89.13294838518952,21.810048174143816,0.2972519680476754,-0.15602739840050678,False,-0.6160249850368937,True,0.39032985049822166,False
89.18294838518952,21.810048174143816,0.3160568412404038,0.002051952559064485,False,-0.6102122900282876,True,0.4473079313359598,False
89.23294838518952,21.810048174143816,0.332048184114219,0.14011970123283013,False,-0.5962270591377147,True,0.48872831420961577,False
89.38294838518952,21.810048174143816,0.4178092592054047,0.9159054252526508,False,-0.6228824587198012,False,0.5843880076900962,True
89.43294838518952,21.810048174143816,0.43246968101342154,0.673305748269802,False,-0.6373989959240037,False,0.5557051003508334,False
89.58294838518952,21.810048174143816,0.24220143112168882,-0.3512237280827518,False,-0.4595637728972877,False,0.2992072736509769,False
89.63294838518952,21.810048174143816,0.2756992662466194,0.18388733225786946,False,-0.5079947583927922,False,0.18782937229146585,False
90.18294838518952,21.810048174143816,0.5685548508067992,0.463780867536859,False,-0.5233229739763533,False,-0.4779385782336275,False
91.93294838518952,21.810048174143816,0.8090394356693551,5.975154734258559,True,-2.7680074515285717,True,0.6824582431713395,False
91.98294838518952,21.810048174143816,0.8228597341955951,5.80873369917873,True,-2.2929097845077715,True,0.5615229537423794,False
92.03294838518951,21.810048174143816,0.8210304928605424,5.122379228315824,True,-1.4265660578152894,True,0.3517814566453897,False
92.08294838518952,21.810048174143816,0.7879354222010964,3.914981448990228,True,-0.4908431588147837,False,0.21200336156052402,False
92.13294838518952,21.810048174143816,0.6643512887046712,2.060100625754548,False,0.3482364571296317,False,0.10594363083260631,False
92.18294838518952,21.810048174143816,0.5358330374636179,-0.21413725022105667,False,1.1453231009818299,False,0.01624435209728073,False
92.23294838518952,21.810048174143816,0.4018453437016267,-0.35069689013341593,False,0.36402368726244105,False,-0.10120577698564526,False
92.28294838518951,21.810048174143816,0.3132789253334706,-2.2113386789016736,False,0.09834537939329664,False,-0.22234224092248295,False
92.33294838518952,21.810048174143816,0.2712164586712092,-3.4740543262855264,False,-0.0038534802418742978,False,-0.22227554177231423,False
92.38294838518952,21.810048174143816,0.4589389525550385,-2.89031291013022,False,0.11923573664253903,False,0.026607912415237966,False
92.43294838518952,21.810048174143816,0.6743545413883,-2.1287814629970403,False,0.2545615651877497,False,0.30419746144777116,False
92.48294838518952,21.810048174143816,0.7510082370156848,-0.9119791411164235,False,0.24429386466890893,False,0.4284240291688129,False
92.53294838518951,21.810048174143816,0.7819571047581335,0.3753318532921721,False,0.20528763933490174,False,0.5148111914776531,False
89.08294838518952,21.76004817414381,0.33891639611533386,-0.1277396720372691,False,-0.6464230959236908,True,0.3755331178672352,False
89.23294838518952,21.76004817414381,0.3924732011027577,0.16395404511185518,False,-0.6634145608523058,True,0.48829436452627273,False
89.28294838518953,21.76004817414381,0.41515939594671586,0.30158783834045705,False,-0.6713108914525221,True,0.5066447555515633,False
89.38294838518952,21.76004817414381,0.46754857374652237,0.558560311249167,False,-0.7192994872616305,True,0.5360262173926722,False
89.43294838518952,21.76004817414381,0.4620041954391311,0.39960395220510886,False,-0.7100478795164888,True,0.5177219791325172,False
89.58294838518952,21.76004817414381,0.26405143358288036,-0.33162379279991555,False,-0.4357043964354042,False,0.3438560436850345,False
89.63294838518952,21.76004817414381,0.27653857216190036,-0.01495966998673659,False,-0.4688135589177375,False,0.2913639952207687,False
91.93294838518952,21.76004817414381,0.8035330417159002,5.555467031989178,True,-2.113556700146799,True,0.7600100042404678,False
91.98294838518952,21.76004817414381,0.8211291370527808,5.2103971386047885,True,-1.4830280847103932,True,0.5486553016935689,False
92.03294838518951,21.76004817414381,0.8250669177009582,4.229725721216391,True,-0.40416399314582935,False,0.30598062346862387,False
92.08294838518952,21.76004817414381,0.7981968885946134,3.323442934624656,True,-0.15684807746374968,False,0.14044671045634755,False
92.13294838518952,21.76004817414381,0.6758641739685769,1.5747183270704208,False,0.3960839153171242,False,-0.11537650058704414,False
92.18294838518952,21.76004817414381,0.530570626886157,-0.17227405461916756,False,0.8590859779057768,False,-0.25987189950100936,False
92.23294838518952,21.76004817414381,0.44316359767966124,-0.6423096892187153,False,0.4972160132956265,False,-0.3817415319942137,False
92.28294838518951,21.76004817414381,0.3816148442617096,-2.0073238991330697,False,0.2662444151395152,False,-0.4010468389068619,False
92.33294838518952,21.76004817414381,0.355871610657886,-2.9804833365080796,False,0.11956997779018529,False,-0.2791572962930361,False
92.38294838518952,21.76004817414381,0.39078459801064525,-2.6286255567839927,False,0.0034814437149207275,False,-0.08568281868473415,False
92.43294838518952,21.76004817414381,0.5972317312529214,-1.984775029008238,False,-0.029652529661756195,False,0.14728839118405068,False
92.48294838518952,21.76004817414381,0.726044393399796,-0.7373303912026479,False,0.010747274269036895,False,0.2868653019770552,False
89.23294838518952,21.71004817414381,0.431270266294009,0.17931846629749593,False,-0.7038779726088596,True,0.48405953686621145,False
89.28294838518953,21.71004817414381,0.4543773662531984,0.2614535711245361,False,-0.7188369643496176,True,0.4941912613399273,False
91.93294838518952,21.71004817414381,0.8085315061464725,4.964587526159079,True,-1.4508541876809937,True,0.36957919833156094,False
92.08294838518952,21.71004817414381,0.7714523261223525,2.587076801396882,True,0.12180385589046745,False,-0.15028196998938587,False
92.13294838518952,21.71004817414381,0.5819058972683621,0.7989786941798398,False,0.3849880190594861,False,-0.38446013724092215,False
92.18294838518952,21.71004817414381,0.4009498467165681,-0.35977858395033024,False,0.49868024535949107,False,-0.4383766867311463,False
92.23294838518952,21.71004817414381,0.3876880556491073,-1.1339140024189205,False,0.44010142574661537,False,-0.5037659248279546,False
92.28294838518951,21.71004817414381,0.42173310191536095,-2.6107181770829864,False,0.3817551739773906,False,-0.42662252494436936,False
92.33294838518952,21.71004817414381,0.44317837401414195,-2.932604671713614,False,0.17351666890667095,False,-0.24851346807341487,False
92.38294838518952,21.71004817414381,0.43877103834694725,-1.9563207977078725,False,-0.021833313197761224,False,-0.09673291127486011,False
92.43294838518952,21.71004817414381,0.4777626335190845,-1.1237546149440474,False,-0.10522126101467896,False,0.02723498547006928,False
89.23294838518952,21.66004817414381,0.4539254838546036,0.18888424109254215,False,-0.7281858412314439,True,0.4805795608126272,False
91.93294838518952,21.66004817414381,0.7982680660206914,3.871052522781664,True,-0.2795195496739389,False,-0.49035679162769363,False
92.08294838518952,21.66004817414381,0.7288686512193157,1.9289970640444416,False,0.5870133549225374,False,-0.44240765010908717,False
92.13294838518952,21.66004817414381,0.5159939671090665,0.8842747208441648,False,0.012688822255540508,False,-0.3353148319632687,False
92.18294838518952,21.66004817414381,0.27092687360622014,-0.24372770410166789,False,0.057203300431749295,False,-0.3131298855347658,False
92.23294838518952,21.66004817414381,0.2728071448695022,-1.3960604171266013,False,0.23713438354850105,False,-0.3312650426709245,False
92.28294838518951,21.66004817414381,0.4020365329018325,-3.5494463795261213,False,0.3904422756279069,False,-0.20725035660662672,False
92.33294838518952,21.66004817414381,0.4802938223453445,-2.987383137247985,False,0.12535464377010794,False,-0.0841962105979832,False
92.38294838518952,21.66004817414381,0.490727676690674,-1.6676930550680371,False,-0.06176390910269352,False,-0.05280683435160693,False
92.43294838518952,21.66004817414381,0.4238574547614959,-0.8561369941567234,False,-0.1083224413599231,False,-0.06453661880212555,False
92.48294838518952,21.66004817414381,0.39609938819754653,-0.5881546488342827,False,-0.12355823950794348,False,-0.0568627547329342,False
92.53294838518951,21.66004817414381,0.42609437505449865,-0.5136194136654222,False,-0.13630786940656225,False,0.010972777002252285,False
92.58294838518952,21.66004817414381,0.47245316765825984,-0.40557138914590707,False,-0.1390211034927978,False,0.0875022206877834,False
91.93294838518952,21.610048174143813,0.7660074127358447,3.635641407279056,True,0.18999418362859566,False,-0.908041521683966,True
91.98294838518952,21.610048174143813,0.7763696768340741,3.605001875243667,True,0.41014359199659545,False,-0.81414238314983,True
92.08294838518952,21.610048174143813,0.719783664705775,2.2703753613433473,False,0.6743845669437283,False,-0.4978863336048084,False
92.13294838518952,21.610048174143813,0.5987579362099014,1.572240612875939,False,-0.32916031119799155,False,-0.3844344329218026,False
92.18294838518952,21.610048174143813,0.328281693882543,0.32941966677749984,False,-0.3347671261287877,False,-0.2737066051711842,False
92.23294838518952,21.610048174143813,0.19739838316188252,-1.6434861785974584,False,0.0604001609891826,False,-0.19066329489804723,False
92.28294838518951,21.610048174143813,0.3739928651537722,-3.1915276052428316,False,0.3297009816611225,False,-0.09647706376376253,False
92.33294838518952,21.610048174143813,0.4597248099859296,-2.4451446295329813,False,0.02770469140180492,False,-0.0028381192736634323,False
92.38294838518952,21.610048174143813,0.47130501741251773,-1.6956702211143626,False,-0.12691330649992444,False,-0.009718962034257317,False
92.43294838518952,21.610048174143813,0.4058145710489235,-1.0832109482098475,False,-0.1341610728946952,False,-0.07509686203346323,False
92.48294838518952,21.610048174143813,0.29300359924662156,-0.5563372840482053,False,-0.1271894277429625,False,-0.09600043724709588,False
92.53294838518951,21.610048174143813,0.21015602014613027,-0.43206476992424414,False,-0.1328642203754804,False,-0.05286701555356703,False
92.58294838518952,21.610048174143813,0.20630082241388462,-0.5045074252712984,False,-0.1423786618718396,False,0.02548882185441631,False
91.93294838518952,21.560048174143816,0.7405471142709557,4.269503283842077,True,0.21910528268699125,False,-0.9579074783770272,True
91.98294838518952,21.560048174143816,0.7402206538828506,4.823707144388143,True,0.3557501624240267,False,-0.8090367653239351,True
92.03294838518951,21.560048174143816,0.737955180808143,4.6982709924819375,True,0.4284392940392099,False,-0.5689290127427123,False
92.08294838518952,21.560048174143816,0.7170757894081059,3.3636234974893533,True,0.71632330013403,False,-0.42938299624363596,False
92.13294838518952,21.560048174143816,0.6699021218994048,2.2895041479427087,False,-0.21776119586225545,False,-0.4391085838704909,False
92.18294838518952,21.560048174143816,0.4833626047765471,1.2543752530913312,False,-0.4806629870696461,False,-0.32695730238076925,False
92.23294838518952,21.560048174143816,0.1843451589890088,-1.0227607717185303,False,-0.10306526568221636,False,-0.17519398459050162,False
92.28294838518951,21.560048174143816,0.3154513506345011,-2.0038500349650725,False,0.07660504507873389,False,-0.08533980043380265,False
92.33294838518952,21.560048174143816,0.402349175393236,-1.4372940957608697,False,-0.17895599298959802,False,0.015433512522816738,False
92.38294838518952,21.560048174143816,0.41030867411142713,-1.6652916363849855,False,-0.22896370923012854,False,0.025466124379172228,False
92.43294838518952,21.560048174143816,0.3516805968150997,-1.137439454041929,False,-0.17602487244550905,False,-0.05478157646515252,False
92.48294838518952,21.560048174143816,0.2566970010871327,-0.6425607544938069,False,-0.14324345768392993,False,-0.08032564414353213,False
92.53294838518951,21.560048174143816,0.21025744486440728,-0.5980009519708597,False,-0.14640976552970414,False,-0.03579887989739085,False
92.58294838518952,21.560048174143816,0.19444370440713946,-0.6588572973670916,False,-0.15695200108354299,False,0.033722004563754945,False
91.88294838518952,21.51004817414381,0.7298686028425113,4.82135422625594,True,0.1977253466211284,False,-1.0301618480907044,True
92.03294838518951,21.51004817414381,0.7166824583316449,5.82541439152453,True,0.4387243963204719,False,-0.5045598917717213,False
92.08294838518952,21.51004817414381,0.6927291633618681,4.411910933983407,True,0.6967567270805417,False,-0.3068073252974263,False
92.13294838518952,21.51004817414381,0.6671914711073316,2.937087865921371,True,0.077438676621428,False,-0.3038053184009707,False
92.18294838518952,21.51004817414381,0.5327260121479683,1.953606849107791,False,-0.42493916734172016,False,-0.27767002393184875,False
92.23294838518952,21.51004817414381,0.2461753085958732,0.19783188340768454,False,-0.2800936593709329,False,-0.14638075840368017,False
92.28294838518951,21.51004817414381,0.22867675259094253,-0.5609567610123853,False,-0.25639637177650265,False,-0.04289508754566259,False
92.33294838518952,21.51004817414381,0.3145787928440476,-0.35245305354024836,False,-0.40863224112483343,False,0.011959905957469309,False
92.38294838518952,21.51004817414381,0.3196179404668981,-1.144430264914195,False,-0.3646590991710434,False,0.024566066554415497,False
92.43294838518952,21.51004817414381,0.293533112225186,-1.1536123576526267,False,-0.2685265732259948,False,-0.025044623819504258,False
92.48294838518952,21.51004817414381,0.2537803473649863,-0.9349302777584115,False,-0.20326694361684913,False,-0.02787590143826396,False
92.53294838518951,21.51004817414381,0.237309377147608,-0.9051966195178415,False,-0.19259539733158537,False,0.01587381613296083,False
92.58294838518952,21.51004817414381,0.22643549617246675,-0.9130291555237017,False,-0.19002542987213972,False,0.06278777176212609,False
91.98294838518952,21.46004817414381,0.714423259686709,6.627255775686587,True,0.4342527465018413,False,-0.7118144868069969,False
92.03294838518951,21.46004817414381,0.6997324056157743,5.767290883574357,True,0.5138463986073663,False,-0.5609797215650535,False
92.08294838518952,21.46004817414381,0.6662051158400925,4.100290928449079,True,0.7123376711143762,False,-0.31268546321985513,False
92.13294838518952,21.46004817414381,0.6197972724542425,2.5744531612475354,True,0.6399057595913255,False,-0.1668489621145363,False
92.18294838518952,21.46004817414381,0.49094975191500645,1.431848808434455,False,0.080545041869263,False,-0.14446456604011543,False
92.23294838518952,21.46004817414381,0.22653554578812382,0.1970682818530068,False,-0.12667706936005085,False,-0.07869681364196461,False
92.28294838518951,21.46004817414381,0.19090246341070724,-0.09135709529748026,False,-0.2850493432546786,False,-0.023840949012909084,False
92.33294838518952,21.46004817414381,0.2365689193116268,-0.31048855604441117,False,-0.3844965146954452,False,-0.030015658223313514,False
92.38294838518952,21.46004817414381,0.23271408256549062,-0.8268792609728038,False,-0.4236901393975333,False,-0.01641926311632854,False
92.43294838518952,21.46004817414381,0.2433821237655202,-1.26835396446257,False,-0.3294114433081071,False,-0.010360827623227903,False
92.48294838518952,21.46004817414381,0.23862717908844291,-1.24092895747276,False,-0.2768393895970181,False,0.017951588689495424,False
92.53294838518951,21.46004817414381,0.23693196277060752,-1.1961356697195082,False,-0.24249153650249955,False,0.055644565871826195,False
92.58294838518952,21.46004817414381,0.24077713397706793,-1.1747278847626395,False,-0.22306254522187202,False,0.08229332619192233,False
92.03294838518951,21.41004817414381,0.6747688896828334,4.7416133863458025,True,0.6351396357819147,False,-0.63126973024278,False
92.08294838518952,21.41004817414381,0.6156289958342346,2.898620514516818,True,1.1106982369823784,True,-0.31483084672952166,False
92.13294838518952,21.41004817414381,0.5686420546691802,1.3035781285781158,False,1.0879623927327842,True,-0.08220512895218504,False
92.18294838518952,21.41004817414381,0.44440699651104554,-0.033556322691915774,False,0.8641322356602877,False,0.0325019109639474,False
92.23294838518952,21.41004817414381,0.2853897402719263,-0.5845538821725044,False,0.33635514419748586,False,0.04427818279634424,False
92.28294838518951,21.41004817414381,0.24572404598986083,-0.6892608102131362,False,0.0529583778499466,False,-0.008940147751261958,False
92.43294838518952,21.41004817414381,0.20472337213713288,-1.327224837206552,False,-0.3307772479723789,False,-0.0137199273326548,False
92.48294838518952,21.41004817414381,0.22337476518398242,-1.4792802656590798,False,-0.31121029835268654,False,0.03497930619218781,False
92.53294838518951,21.41004817414381,0.23418361741049923,-1.4466564869797653,False,-0.2755855591519911,False,0.07002730659060583,False
92.58294838518952,21.41004817414381,0.23757868597809578,-1.4142811438437313,False,-0.25352000952759035,False,0.1021239886136758,False
92.63294838518952,21.41004817414381,0.2402149077599874,-1.3774684722244916,False,-0.23675549332528506,False,0.12593042116763495,False
92.03294838518951,21.360048174143813,0.6259737091990148,3.2233918932036714,True,0.7309691486072253,False,-0.6562760533013166,False
92.08294838518952,21.360048174143813,0.5628866731724662,1.6306709366866534,False,1.134248762860415,True,-0.27903442797625566,False
92.13294838518952,21.360048174143813,0.5031600132847143,0.35934263391874366,False,1.3209391911489747,True,-0.02360861243283756,False
92.18294838518952,21.360048174143813,0.4336373960406063,-0.4935162722162595,False,1.0827147490528386,True,0.14669606590603634,False
92.23294838518952,21.360048174143813,0.3483859241036706,-0.8952332342178702,False,0.6314008799002441,False,0.21100267781275675,False
92.48294838518952,21.360048174143813,0.21023778059297601,-1.5711718260335965,False,-0.3081738315809817,False,0.03301081578924167,False
92.53294838518951,21.360048174143813,0.22259559015969846,-1.6821721279975648,False,-0.30173457163483264,False,0.07888947492158421,False
92.58294838518952,21.360048174143813,0.2340281300668638,-1.5776827999606189,False,-0.2720216992967792,False,0.10059021748124848,False
92.08294838518952,21.310048174143816,0.49129282131827334,0.63810387362258,False,0.8306427411516341,False,-0.26805703825325466,False
92.13294838518952,21.310048174143816,0.4791024879753733,0.30897580203501346,False,0.7465985968572374,False,-0.09587261048863309,False
92.18294838518952,21.310048174143816,0.43159873577041236,-0.262799478067815,False,0.6949821218594469,False,0.13929876084762047,False
92.58294838518952,21.310048174143816,0.22635112997863635,-1.8464323937870868,False,-0.29301891458681295,False,0.11047099323426898,False
92.08294838518952,21.26004817414381,0.4962432416169161,0.6043513036175161,False,0.26045209345645076,False,-0.276016189758149,False
92.13294838518952,21.26004817414381,0.4796922772292861,0.2577442945402874,False,0.12432148967548255,False,-0.11045258408009129,False
92.18294838518952,21.26004817414381,0.4854756342799982,0.16057791995002257,False,-0.06973500903712773,False,0.040698594581467615,False
92.08294838518952,21.21004817414381,0.5101723503920472,0.4705427943757071,False,-0.248482389505515,False,-0.2537989667932872,False
92.13294838518952,21.21004817414381,0.5271240842676259,0.4803094150115307,False,-0.4612214701021898,False,-0.13858478643534877,False
92.18294838518952,21.21004817414381,0.5412856656904522,0.43126337873912723,False,-0.6381704028984891,False,-0.02591421691442694,False
92.08294838518952,21.16004817414381,0.5735192844717768,0.6829569417300231,False,-0.7196867202205495,True,-0.19891389428765022,False
92.13294838518952,21.16004817414381,0.5945662701312887,0.6800036849494796,False,-0.8533039261399785,True,-0.1334562719527178,False
92.18294838518952,21.16004817414381,0.6025865901148142,0.41043510832260754,False,-0.9909318668605304,True,-0.02047688710575532,False
92.13294838518952,21.110048174143813,0.6397450834160269,0.6030899536871239,False,-0.9900956331448492,True,-0.17842715440970464,False
92.18294838518952,21.110048174143813,0.6400058907469786,0.05725540277498978,False,-1.1206590429196297,True,-0.04802340464307195,False
92.18294838518952,21.060048174143816,0.662377066042924,-0.05292545156742995,False,-1.1009634652375009,True,-0.16751703882620964,False
92.23294838518952,21.060048174143816,0.6647508506742371,0.017642683037647378,False,-0.9834678372409871,True,-0.3479013542249094,False
92.23294838518952,21.01004817414381,0.6746686923811056,-0.04728160327189379,False,-0.9278763975835804,True,-0.48184941432243605,False
92.23294838518952,20.96004817414381,0.6797110084874141,-0.09853853550419289,False,-0.8897117735968209,True,-0.5721324199409398,False
92.23294838518952,20.91004817414381,0.6798561320549905,-0.2291150213641613,False,-0.8775457560937265,True,-0.6131080414068046,False
92.28294838518951,20.860048174143813,0.6775872431912608,-0.12542610126295495,False,-0.7748783426804334,True,-0.7828835139442912,True
