lon,lat,local_R2,coef_UVAI,sig_UVAI,coef_CH₄,sig_CH₄,coef_HCHO,sig_HCHO,coef_NO₂,sig_NO₂,coef_CO,sig_CO
88.38294838518952,26.560048174143816,0.5754535308727727,0.21394815935428257,False,0.6381950117478388,False,-0.2598439339072016,False,-0.3549139732423364,False,0.018653226354386376,False
88.43294838518952,26.560048174143816,0.5891084945328131,0.2231306349297265,False,0.62541281806511,False,-0.25122888874881444,False,-0.24823331962497686,False,0.020255506977953308,False
88.38294838518952,26.51004817414381,0.5712768253098875,0.22085713797393391,False,0.5986557962428334,False,-0.2549766588942357,False,-0.32495886440409305,False,0.03484226370906307,False
88.43294838518952,26.51004817414381,0.5876822674111647,0.2323880290937369,False,0.5894229969230769,False,-0.24751487262144545,False,-0.2197018703694975,False,0.03496708884258415,False
88.48294838518952,26.51004817414381,0.6047115767838557,0.25362927956862635,False,0.5607523064292492,False,-0.2298294021377486,False,-0.0654145914324677,False,0.030102725341763725,False
88.48294838518952,26.46004817414381,0.6018086276351166,0.26920257552748444,False,0.5074865302480305,False,-0.22342836615478456,False,0.005070235387291788,False,0.05312535144479813,False
88.53294838518953,26.46004817414381,0.6179818740912831,0.30934920228400536,False,0.47580005746096243,False,-0.19963372000636892,False,0.2330891740431691,False,0.025117528537033862,False
88.58294838518952,26.46004817414381,0.6117499184986211,0.3344339143462838,False,0.5259061806853698,False,-0.20042334736267303,False,0.5998558020946265,False,-0.02051136065743743,False
88.53294838518953,26.41004817414381,0.616229891953727,0.3453129624412204,False,0.37832975610282693,False,-0.1797937722784408,False,0.3604163845979569,False,0.04955242943565974,False
88.58294838518952,26.41004817414381,0.6232288308748175,0.408033106114663,False,0.37706873354049586,False,-0.15562533781239274,False,0.8932122949496035,False,-0.04339805909349176,False
88.63294838518952,26.41004817414381,0.6063102068284406,0.42089753972321897,False,0.5169243886295116,False,-0.15560209384387344,False,1.8462608196179993,False,-0.21852630332573875,False
88.93294838518952,26.41004817414381,0.28546249945899094,0.15463843679363376,False,-0.09222778571659052,False,-0.0423778888252547,False,1.56187937395323,False,0.19709927995591886,False
88.98294838518952,26.41004817414381,0.3916134435187784,0.2535860751579688,False,-0.2784590360250174,False,-0.022017015433569154,False,1.6069237396632026,False,0.21758148000822447,False
89.03294838518953,26.41004817414381,0.44836386962468405,0.2899290982480432,False,-0.3423911825603242,False,-0.0011889477611179144,False,1.6282861067912737,False,0.25384411578782445,False
88.48294838518952,26.360048174143817,0.5926585781042566,0.33502418699771364,False,0.1979718456166839,False,-0.16414877089091712,False,0.03913382128869003,False,0.18786070222043144,False
88.53294838518953,26.360048174143817,0.6008650573869083,0.3950393250882191,False,0.23296352676093846,False,-0.1480027702826205,False,0.5074683932192503,False,0.08810563408916085,False
88.58294838518952,26.360048174143817,0.6151432600323186,0.45716239336574443,False,0.2737841842058675,False,-0.11443493952668764,False,1.624258590907461,False,-0.15116234455871602,False
88.63294838518952,26.360048174143817,0.6239318883012195,0.4394969837260987,False,0.3050445833378182,False,-0.09899391050770931,False,2.259568847083269,False,-0.2558230493990018,False
88.68294838518952,26.360048174143817,0.6010350392075998,0.3212513449985186,False,0.4606060294586546,False,-0.10857786955263907,False,2.203776847140408,False,-0.23160727902195677,False
88.93294838518952,26.360048174143817,0.36511947436420666,0.23371962355312287,False,-0.31769130373725873,False,-0.027703013597299653,False,1.5556734049078125,False,0.22250257714997976,False
88.98294838518952,26.360048174143817,0.4188604108705598,0.27222483652548646,False,-0.3576596009360916,False,-0.004078489920518347,False,1.602833580194449,False,0.2584932231997509,False
89.03294838518953,26.360048174143817,0.5045543909236773,0.33448108468582693,False,-0.4517877026993984,False,0.008639947022512806,False,1.5214816044623725,False,0.25333214107291957,False
89.08294838518952,26.360048174143817,0.5686466514315083,0.3790875328554695,False,-0.5543423568971224,False,0.009195923453343996,False,1.2899287163355297,False,0.23696362273875943,False
88.38294838518952,26.310048174143816,0.5124983437154819,0.33215876297847524,False,-0.20114365363514564,False,-0.0928216250534557,False,-0.0591426698337123,False,0.24705641163479822,False
88.43294838518952,26.310048174143816,0.5574254583758903,0.3488084169564679,False,-0.15843462449659396,False,-0.09636167104660076,False,-0.1773369662050417,False,0.25466771426109114,False
88.48294838518952,26.310048174143816,0.5891307039872737,0.3620624828732226,False,-0.1206717314033463,False,-0.08748463804879568,False,-0.33832026958930506,False,0.22148453724246528,False
88.53294838518953,26.310048174143816,0.618196780170746,0.4016080972368111,False,-0.14678211995137125,False,-0.05572575274857117,False,-0.024045136049273275,False,0.13359902518591119,False
88.58294838518952,26.310048174143816,0.6376846060658831,0.4274855266066528,False,-0.15489623035363126,False,-0.028970687931394457,False,1.0106535697396293,False,-0.044648620077144874,False
88.63294838518952,26.310048174143816,0.6346984831442385,0.37118715277291847,False,-0.040057797479979285,False,-0.04652002413343448,False,2.042262957453958,False,-0.17262211684207862,False
88.68294838518952,26.310048174143816,0.6023584075444154,0.2540488286471931,False,0.11096307631605291,False,-0.09277711218366158,False,2.5404327561545084,False,-0.15787284997764883,False
88.73294838518952,26.310048174143816,0.5264608201534644,0.18627777961068814,False,-0.017528090817919395,False,-0.15630445322022923,False,2.6409874929757353,False,-0.005715616292102432,False
88.78294838518953,26.310048174143816,0.426756758320945,0.21719545143999527,False,-0.3366161309722575,False,-0.17573844595476362,False,2.586789942743411,False,0.14464692869251608,False
89.03294838518953,26.310048174143816,0.5686256379860533,0.3809342384214489,False,-0.5700979611231602,False,0.014275994877501336,False,1.323231034392216,False,0.22592908078211554,False
89.08294838518952,26.310048174143816,0.6149848740026714,0.42005031197636133,False,-0.6651743684000762,False,0.008895651761162998,False,1.0591221499328016,False,0.21998366948705478,False
89.13294838518952,26.310048174143816,0.6623066930296544,0.4726106077364681,False,-0.8093811886257825,False,-0.012835021605275193,False,0.5299546654156067,False,0.21020894120794764,False
88.38294838518952,26.26004817414381,0.48246951329327986,0.4048072005206247,False,-0.8925533260472094,False,-0.054996740057825066,False,-0.008685583643031486,False,0.16367071202609398,False
88.43294838518952,26.26004817414381,0.5772626878950731,0.43638347611735184,False,-0.9163749101696548,False,-0.03418572174374224,False,-0.36678865347110423,False,0.13906359072228028,False
88.48294838518952,26.26004817414381,0.6215608666469834,0.4440686968596923,False,-0.8929368510140626,False,-0.0077499015005643435,False,-0.7606332790894412,False,0.1510255048771525,False
88.53294838518953,26.26004817414381,0.6382707301368601,0.4342233819257511,False,-0.9266189146733286,False,0.01120491095173759,False,-0.7819304588421501,False,0.18652230850512405,False
88.58294838518952,26.26004817414381,0.6354043667940703,0.27475591239283437,False,-0.9312441137638255,False,0.006271546234028591,False,0.4319311293328276,False,0.11693788927042725,False
88.63294838518952,26.26004817414381,0.6090472373371738,0.10156067042135061,False,-0.86415777537923,False,-0.02716802995847023,False,1.6810789438630138,False,0.0644154352134228,False
88.68294838518952,26.26004817414381,0.6033128512378293,0.09198497605677014,False,-0.7471168698484376,False,-0.08421414484699241,False,2.2231087402271785,False,0.1770009445436294,False
88.73294838518952,26.26004817414381,0.5761413444068622,0.11794777573735837,False,-0.7597004435216662,False,-0.17722979929376698,False,3.0160804221304156,False,0.3042953688161126,False
88.78294838518953,26.26004817414381,0.5120294367606754,0.16309486996657174,False,-0.7086853410427043,False,-0.1571733191699163,False,2.7263160553999235,False,0.33607234417621507,False
88.83294838518952,26.26004817414381,0.4287624913934088,0.20270386124832523,False,-0.5773654959319243,False,-0.06072105036759934,False,1.7371319710631652,False,0.29156359349479344,False
88.88294838518952,26.26004817414381,0.4092494996588037,0.20154168162635988,False,-0.508631300629661,False,0.011083475753876637,False,1.292274413765608,False,0.2724454467852825,False
88.93294838518952,26.26004817414381,0.47311246504779875,0.3042128677269129,False,-0.5529344275117072,False,0.012802505790849565,False,1.1942039759733991,False,0.20493724690559464,False
89.08294838518952,26.26004817414381,0.6710845981377458,0.4781432906388873,False,-0.8294528603127584,False,0.0069435368386315255,False,0.6180737781373722,False,0.20003182091363536,False
89.13294838518952,26.26004817414381,0.7088245237113602,0.5225053578790035,False,-0.9536992127983522,False,-0.015305652063330233,False,-0.04390702203154406,False,0.19273465544724622,False
88.33294838518952,26.21004817414381,0.3182860191560198,0.26460531295248846,False,-0.49705662209966595,False,-0.11987585112604549,False,-0.1921867520394145,False,0.11343251427908135,False
88.38294838518952,26.21004817414381,0.4205335577012302,0.3800564566966959,False,-0.8950316684841231,False,-0.06182969584554099,False,-0.2759886154114557,False,0.13389384009918617,False
88.43294838518952,26.21004817414381,0.5502111822210655,0.4789013794609833,False,-1.2316334685090606,False,-0.02195629579207714,False,-0.48383630538295425,False,0.09290179430196578,False
88.48294838518952,26.21004817414381,0.6326915758123393,0.514266633635336,False,-1.296566277552912,False,0.013181511358631937,False,-0.7747660461788999,False,0.09845744339150267,False
88.53294838518953,26.21004817414381,0.6706135532450124,0.4640195696354842,False,-1.2343829043472183,False,0.03521794402632306,False,-0.884230553386683,False,0.14256227778740316,False
88.58294838518952,26.21004817414381,0.6607785203883957,0.22949130025635311,False,-1.173490218231207,False,0.042216525032654495,False,-0.4646626976304714,False,0.2032563650106771,False
88.63294838518952,26.21004817414381,0.6203888743259096,0.07927545823590659,False,-1.1641027150766452,False,0.04800591915832847,False,-0.045091933872453416,False,0.29968155995935775,False
88.68294838518952,26.21004817414381,0.6088573523137911,0.0751844154525293,False,-1.106905868805959,False,0.018475706717017926,False,0.4686864825949931,False,0.41145608136479095,False
88.73294838518952,26.21004817414381,0.6047780491299004,0.07228913952324323,False,-0.975741031459427,False,-0.04426501950428399,False,1.4183592501143187,False,0.48464797341834354,False
88.78294838518953,26.21004817414381,0.5513558915653664,0.0966590371043764,False,-0.9193709785582588,False,-0.008892582139286342,False,1.2414170331501602,False,0.5368203901973423,False
88.83294838518952,26.21004817414381,0.5005994558340873,0.15403876825055063,False,-0.661987203807471,False,0.048056187131755496,False,0.6116929280663488,False,0.3749105509205467,False
88.88294838518952,26.21004817414381,0.477881312511413,0.3339504513396724,False,-0.7106450984572295,False,0.007837978588325977,False,0.4337298501482021,False,0.16764218853125362,False
88.93294838518952,26.21004817414381,0.5490292805767837,0.4407436202868154,False,-0.8056241240144859,False,0.011648306290592419,False,0.44748520828438876,False,-0.0008044362617204287,False
88.98294838518952,26.21004817414381,0.6317619157253088,0.47813519285226225,False,-0.8084081365927815,False,0.015538234490609426,False,0.5457340885027842,False,0.06224374215888262,False
89.03294838518953,26.21004817414381,0.6842360132669676,0.49069527014331527,False,-0.8476882787350535,False,0.026023663541327402,False,0.35297500726850206,False,0.15984465068716447,False
89.08294838518952,26.21004817414381,0.71400596472203,0.5285682272186649,False,-0.9612552961223199,False,0.017696815261552534,False,-0.04493501399732569,False,0.22222421267106696,False
89.13294838518952,26.21004817414381,0.7355835118510511,0.5651660148603856,False,-1.0425394645178712,False,-0.00027084970449539614,False,-0.7225274830556412,False,0.23333475421510663,False
89.68294838518952,26.21004817414381,0.6917075118824833,-0.295313698605879,False,-0.28676047984362885,False,0.10614592065120361,False,-3.2451211463189766,False,0.38317343400587367,False
88.23294838518952,26.16004817414381,0.3609809495271231,0.12489178770725007,False,0.016012226542610364,False,-0.17787605817792973,False,-0.5672802053820989,False,0.05803962808408303,False
88.28294838518953,26.16004817414381,0.373436465964673,0.18929353635122254,False,-0.17181961037389726,False,-0.13959096331585297,False,-0.5651814226870115,False,0.036653802349355724,False
88.33294838518952,26.16004817414381,0.3668763144034462,0.25761536182345535,False,-0.41335366873190993,False,-0.10734424521116914,False,-0.5439366283169704,False,0.049836762360117914,False
88.38294838518952,26.16004817414381,0.3804682556399331,0.32064390852945485,False,-0.6980934177830632,False,-0.0616948715660256,False,-0.4417340654153348,False,0.09327496701767751,False
88.43294838518952,26.16004817414381,0.4726074504218466,0.39450035408126305,False,-1.0702713096637095,False,0.01039707354795949,False,-0.43517898394812426,False,0.10124043975853114,False
88.48294838518952,26.16004817414381,0.5929631202949309,0.4146729643799549,False,-1.2457259178874307,False,0.04845002200255111,False,-0.40765960199246837,False,0.08776762991771497,False
88.53294838518953,26.16004817414381,0.6585515345735555,0.3470457122144675,False,-1.2262499449786064,False,0.05159148999691422,False,-0.2692792337435502,False,0.06236858498827261,False
88.58294838518952,26.16004817414381,0.6595979029223531,0.16682382630501383,False,-1.1291234013288753,False,0.094267405597026,False,-0.1586578462030629,False,0.1306334884096906,False
88.63294838518952,26.16004817414381,0.626288622295616,0.06717355708407532,False,-1.068349511768039,False,0.11285249392986357,False,-0.41736852384015427,False,0.3252293912987441,False
88.68294838518952,26.16004817414381,0.599539231294701,0.06800886557776673,False,-1.0346335573284933,False,0.12170537391586775,False,-0.8937711040177675,False,0.5084126911855397,False
88.73294838518952,26.16004817414381,0.5938743286980698,0.04530206157375907,False,-0.8005219693283576,False,0.15885789214482754,False,-0.9427955217862969,False,0.5371559103190978,False
88.78294838518953,26.16004817414381,0.571906426464747,0.0606416310508916,False,-0.6780823437324783,False,0.11024690380119917,False,-0.31622846505746693,False,0.4775991695993065,False
88.83294838518952,26.16004817414381,0.5247040695747793,0.2550796178681842,False,-0.6634693493966601,False,0.026742931031652026,False,-0.273853217047753,False,0.2893098129341437,False
88.88294838518952,26.16004817414381,0.5325282582384707,0.4809029167571852,False,-0.7408460019288129,False,-0.04771751378138314,False,-0.24758431665707725,False,-0.0037478491288389926,False
88.93294838518952,26.16004817414381,0.5967638298503793,0.4978489711067223,False,-0.7819675095624956,False,-0.025000678009298782,False,-0.11943183810043512,False,-0.06643097193919101,False
88.98294838518952,26.16004817414381,0.6498415463536025,0.46929521627435355,False,-0.7039594034100735,False,0.009574259843494137,False,0.01812859203317574,False,0.1388650306891227,False
89.03294838518953,26.16004817414381,0.6856917139508427,0.46162757316647285,False,-0.7065908650723001,False,0.04978512155773451,False,-0.0854558161129364,False,0.34322664719193763,False
89.08294838518952,26.16004817414381,0.7074497666202496,0.5115684388458882,False,-0.7719809323345677,False,0.034357331500270316,False,-0.8899865614971532,False,0.3572572309542086,False
89.13294838518952,26.16004817414381,0.716227155856916,0.5554591516471101,False,-0.8063410945036049,False,0.029752746178982353,False,-1.8612663799002418,False,0.3972164671210338,False
89.63294838518952,26.16004817414381,0.7017840539541603,-0.27349404118640275,False,-0.2868769660471908,False,0.10694380967635173,False,-3.24183258711549,False,0.3675196076069759,False
89.68294838518952,26.16004817414381,0.6954813089009457,-0.3297020471777554,False,-0.24311155900501807,False,0.11971953536883605,False,-2.881495983311561,False,0.383351233142238,False
89.73294838518952,26.16004817414381,0.7003172129465361,-0.37379014499047125,False,-0.18631232931138716,False,0.1365494088278231,False,-2.4233253941219086,False,0.4031451233451546,False
88.18294838518952,26.110048174143817,0.38026533000109375,0.060291120285848376,False,0.17492409557816188,False,-0.2194045825405695,False,-0.8649129260618251,False,0.11286434573728392,False
88.23294838518952,26.110048174143817,0.3955641409167058,0.12013739186076178,False,0.05748536058964962,False,-0.21761216170759332,False,-0.90056994056836,False,0.13413803545178482,False
88.28294838518953,26.110048174143817,0.41125299197221815,0.2027239930263684,False,-0.15312740619985332,False,-0.18051655391227567,False,-0.9387060075670448,False,0.11525630757001687,False
88.33294838518952,26.110048174143817,0.4218117668733675,0.26726056779736757,False,-0.42591779131248775,False,-0.09708579782434229,False,-0.8329118898512008,False,0.03175757129905493,False
88.38294838518952,26.110048174143817,0.42869952280966234,0.31600656777080344,False,-0.740583495708276,False,-0.015776808332476078,False,-0.640654845022866,False,-0.013058905603606369,False
88.43294838518952,26.110048174143817,0.4620989987031854,0.3257653197435859,False,-1.004114912997904,False,0.06410294228591995,False,-0.4816706390761617,False,0.07991140699822102,False
88.48294838518952,26.110048174143817,0.546397885129967,0.308333493069839,False,-1.1735742282704218,False,0.1310633786426566,False,-0.3614964991926867,False,0.13560296916278808,False
88.53294838518953,26.110048174143817,0.6161651832681576,0.27880125911970643,False,-1.218183977938844,False,0.09280885131669486,False,-0.15008764699419613,False,0.022136650001961855,False
88.58294838518952,26.110048174143817,0.620015484637274,0.18959962225463578,False,-1.1624935941550176,False,0.09407104410246314,False,-0.023010694588990688,False,-0.008021187414275321,False
88.63294838518952,26.110048174143817,0.6105697563055477,0.05064676018582055,False,-0.9887518034179389,False,0.1323356244759712,False,-0.2196870495548502,False,0.22147759692268867,False
88.68294838518952,26.110048174143817,0.5861606482239983,0.00428932816458126,False,-0.7938798610839708,False,0.09182731743079439,False,-0.6560466753046592,False,0.40104782960035656,False
88.73294838518952,26.110048174143817,0.546676869522561,-0.02671750348560674,False,-0.4496784985813326,False,0.1059630150728916,False,-0.9328814796157483,False,0.40238658661971693,False
88.78294838518953,26.110048174143817,0.5305664138951576,0.09177752519944071,False,-0.445031959703509,False,0.05635842276614994,False,-0.651239689589626,False,0.3082079362154666,False
88.83294838518952,26.110048174143817,0.5080052355481406,0.3526129393675958,False,-0.5926884512107207,False,-0.05025917761657123,False,-0.27665008696595983,False,0.1071716411395524,False
88.88294838518952,26.110048174143817,0.5272399370330628,0.41273780522140296,False,-0.5495272131425194,False,-0.08886894891008151,False,0.6905960428553568,False,-0.14644314155708799,False
88.93294838518952,26.110048174143817,0.5615361549709229,0.43951734587946034,False,-0.5577050278533218,False,-0.08560823631244097,False,0.3107867976426477,False,-0.09586843074884699,False
88.98294838518952,26.110048174143817,0.5939084118219443,0.423861779358763,False,-0.3940798502315679,False,-0.04582254316356438,False,-0.0672861996225218,False,0.23207326364112502,False
89.03294838518953,26.110048174143817,0.6244314414542118,0.38846134635854046,False,-0.28164357739250406,False,0.03645473238415897,False,-0.3770843275000013,False,0.5216751530459787,False
89.08294838518952,26.110048174143817,0.6228723889243888,0.47528256454938933,False,-0.4009366889074938,False,0.045426263726896954,False,-1.766933781540589,False,0.5991417144515665,False
89.13294838518952,26.110048174143817,0.6392073834127124,0.5204315355362837,False,-0.3008787777068591,False,0.04005794337280805,False,-3.255740374871814,False,0.67177141579719,False
89.18294838518952,26.110048174143817,0.6340819021557738,0.47221578072658377,False,-0.15513531382933177,False,0.0633159336033073,False,-3.71064381048818,False,0.6468131061229165,False
89.23294838518952,26.110048174143817,0.6075378699146954,0.33693708248216525,False,-0.15019420388761268,False,0.09315327981477732,False,-3.4818555565717584,False,0.2973905734338169,False
89.63294838518952,26.110048174143817,0.6882520308217109,-0.29965482178348185,False,-0.25680405391556127,False,0.11251683645660564,False,-2.987381416326934,False,0.353227845587363,False
89.68294838518952,26.110048174143817,0.69081615752222,-0.36280184096407103,False,-0.1977864265053162,False,0.1316715317755945,False,-2.493425375355544,False,0.3769181778904963,False
89.73294838518952,26.110048174143817,0.6943724553115047,-0.39921737672756324,False,-0.1536096524594454,False,0.14466264986155858,False,-1.9969420794010824,False,0.3931210361487186,False
89.78294838518953,26.110048174143817,0.7038549504407091,-0.41305293295571593,False,-0.12229519395427317,False,0.15877726314313834,False,-1.4437985468529835,False,0.41001666935592374,False
88.18294838518952,26.060048174143816,0.3610914699189185,-0.05026898025573101,False,0.27829641975777103,False,-0.1975368363295344,False,-0.8816684093907381,False,0.05007063597042383,False
88.23294838518952,26.060048174143816,0.3892431061398082,0.020078120197304594,False,0.17500978487715,False,-0.19828792725291025,False,-0.8895232968467157,False,0.07380914802473804,False
88.28294838518953,26.060048174143816,0.4277601859837725,0.09744275548725079,False,0.02153373844194381,False,-0.15039306289035506,False,-0.7918405510901072,False,0.02054291806416486,False
88.33294838518952,26.060048174143816,0.46589621930566655,0.2011036829735094,False,-0.28175840095618143,False,-0.04672473782620976,False,-0.7453192986996814,False,-0.09342151708435142,False
88.38294838518952,26.060048174143816,0.4989139700288184,0.24693183320626794,False,-0.7083098166772456,False,0.06142706188808357,False,-0.4386358749922123,False,-0.20466701290563966,False
88.43294838518952,26.060048174143816,0.5055605972723008,0.26121956780601596,False,-1.058160684650841,False,0.09498550349024588,False,-0.36775834481706965,False,-0.025413327218008444,False
88.48294838518952,26.060048174143816,0.5355801563710815,0.23971328250120755,False,-1.1314084937793996,False,0.17991563253061257,False,-0.4200074547958038,False,0.1978761393356503,False
88.53294838518953,26.060048174143816,0.5805489324800316,0.22982327036571074,False,-1.1807498410261106,False,0.133896974609084,False,-0.20739731847926723,False,0.07725366749683296,False
88.58294838518952,26.060048174143816,0.5903479534027345,0.20750511895115586,False,-1.1759823155843436,False,0.056663911010428336,False,0.019537551312419077,False,-0.08435302969281261,False
88.63294838518952,26.060048174143816,0.5841983407950173,0.09626831001683442,False,-0.9803844217319795,False,0.037578189073192325,False,-0.0465435720537033,False,0.08831823610978637,False
88.68294838518952,26.060048174143816,0.565141253778179,-0.0030349280688370672,False,-0.6582449648908267,False,-0.019838822393822314,False,-0.42009102766829887,False,0.24183528183199393,False
88.73294838518952,26.060048174143816,0.521401833695688,-0.04992973160637185,False,-0.3522878650465375,False,0.0011991988193832959,False,-0.7649572220758619,False,0.25222790100376435,False
88.78294838518953,26.060048174143816,0.4757535808974315,0.07282390963113104,False,-0.34052407461307205,False,0.020092058440417088,False,-0.2814714807197105,False,0.1291664907552236,False
88.83294838518952,26.060048174143816,0.43678174665508795,0.19547729291593086,False,-0.34716161851345606,False,-0.0429526237153223,False,1.301202493956736,False,-0.1419048761374148,False
88.88294838518952,26.060048174143816,0.4383359204584675,0.13579596996068838,False,-0.17108914932140024,False,-0.08463720622194693,False,2.8299566975086026,False,-0.3650676246861437,False
88.93294838518952,26.060048174143816,0.41510908514372336,0.11479815717464303,False,-0.10910266058399637,False,-0.08766894551222651,False,2.1925504954401855,False,-0.2270201391363469,False
88.98294838518952,26.060048174143816,0.43799627775721234,0.2771633198368392,False,-0.008706243665761892,False,-0.10232895661408792,False,0.40815815536825273,False,0.21525578831737785,False
89.03294838518953,26.060048174143816,0.475846064502991,0.3375758337342969,False,0.042336604149999846,False,-0.048046211840250486,False,-0.8133050814094509,False,0.5062064738060624,False
89.08294838518952,26.060048174143816,0.49044940083971356,0.4133223977281292,False,0.00040322645788853917,False,-0.010099503205770688,False,-2.4942734789378314,False,0.6878264188353455,False
89.13294838518952,26.060048174143816,0.4721438297430524,0.415692703319351,False,0.12175283933379166,False,0.03794510294988711,False,-3.6177547744719982,False,0.8709845422924731,False
89.18294838518952,26.060048174143816,0.4954663581158339,0.28087724065540487,False,0.19291234087314263,False,0.009797451858500485,False,-2.816050838875167,False,0.6755440859787661,False
89.23294838518952,26.060048174143816,0.4783382544444771,0.061754927260651585,False,0.1600179956146663,False,0.023248526206228984,False,-1.8026807192024858,False,0.27163349439434187,False
89.28294838518953,26.060048174143816,0.48653671921544994,-0.09472038450809381,False,0.14605199144499517,False,0.051250225794921944,False,-1.1247242358669036,False,0.18656739163044095,False
89.63294838518952,26.060048174143816,0.6673292861183681,-0.3417741978121457,False,-0.20791922346737238,False,0.12192503523794054,False,-2.5507695743689167,False,0.3219485354942991,False
89.68294838518952,26.060048174143816,0.683758870090051,-0.40709086870876804,False,-0.13912345953983424,False,0.1490687151694955,False,-1.9280669372646808,False,0.35860184929587346,False
89.73294838518952,26.060048174143816,0.693982229764559,-0.4364436425857501,False,-0.10316033484571925,False,0.16236403254481604,False,-1.2778927781337681,False,0.37486425051710337,False
89.78294838518953,26.060048174143816,0.7091988161943381,-0.4266347555268614,False,-0.07884491731290297,False,0.1843483763446705,False,-0.6497019932465695,False,0.39971671253100993,False
88.18294838518952,26.01004817414381,0.3208547779852769,-0.19555307980920733,False,0.4127189949726502,False,-0.129239936386342,False,-0.6372154185599928,False,-0.13503759148680405,False
88.23294838518952,26.01004817414381,0.3465920931959011,-0.1894008844874857,False,0.3735532923056018,False,-0.13132117020333345,False,-0.6423456978001587,False,-0.13087686219655792,False
88.28294838518953,26.01004817414381,0.3825988520443998,-0.11807621428666026,False,0.26950749603063984,False,-0.11848094850984914,False,-0.6102854586158597,False,-0.1281295564257947,False
88.33294838518952,26.01004817414381,0.46245236096395004,0.01684675483535414,False,0.09723229015873971,False,0.009131663000300272,False,-0.3620489124117081,False,-0.2768956354584139,False
88.38294838518952,26.01004817414381,0.5155278830524106,0.10569620407127367,False,-0.4122266192744531,False,0.1062164820869137,False,-0.18645721625905276,False,-0.2981344616728403,False
88.43294838518952,26.01004817414381,0.5306822301873524,0.14298821849628335,False,-0.8791013241181692,False,0.09893721591816143,False,-0.3031807439074465,False,0.017136805921604076,False
88.48294838518952,26.01004817414381,0.5251403261144374,0.17034573309918338,False,-0.9700931997072327,False,0.17952439836976322,False,-0.5180020313473165,False,0.3162584400472146,False
88.53294838518953,26.01004817414381,0.5387367188455338,0.15117365351165998,False,-0.9613479881461127,False,0.1614294388763505,False,-0.3967543386264618,False,0.25925239688222884,False
88.58294838518952,26.01004817414381,0.5482342106063466,0.09671595877047803,False,-0.8662464936276223,False,0.0850141198955412,False,-0.2300953458996845,False,0.13212214909111672,False
88.63294838518952,26.01004817414381,0.5377156325423832,0.02185870756689598,False,-0.6759402449333274,False,0.02328259873054289,False,-0.21235033010550683,False,0.18788732425199045,False
88.68294838518952,26.01004817414381,0.5065994118453218,-0.05232956266637287,False,-0.44764422308369356,False,-0.025240296922128258,False,-0.37601752706163954,False,0.18532688678721443,False
88.73294838518952,26.01004817414381,0.4939436547712949,-0.07285877353805237,False,-0.24536706311631157,False,0.037381453607136406,False,-0.47019776413453906,False,0.11865976852232094,False
88.78294838518953,26.01004817414381,0.5024073381886449,0.033757434687922944,False,-0.1602246073617024,False,0.13182382310293173,False,0.21915969632170776,False,-0.07336750305949907,False
88.83294838518952,26.01004817414381,0.5153954087380105,0.004367620280271864,False,-0.051996664795692676,False,0.08953654063966172,False,1.7361378905945124,False,-0.3477817050321428,False
88.88294838518952,26.01004817414381,0.5054670455281336,-0.0995544224064453,False,0.1760922106574067,False,-0.01887400298680473,False,3.4811619216396155,False,-0.5720556644061644,False
88.93294838518952,26.01004817414381,0.45442907461271986,-0.14817869896247982,False,0.3264116524733913,False,-0.07765361644619805,False,2.8477144348012597,False,-0.3064138854079176,False
88.98294838518952,26.01004817414381,0.40091413105790163,0.00945857556469698,False,0.4003750536854391,False,-0.13529249315740186,False,1.3890692619835963,False,0.168158086300907,False
89.03294838518953,26.01004817414381,0.39356763340534107,0.035685194927518316,False,0.3431609312650494,False,-0.11611210726254742,False,0.6536055588992733,False,0.3025276182817238,False
89.08294838518952,26.01004817414381,0.40630747474547124,0.09453809706279842,False,0.2474452533965299,False,-0.07765137222606072,False,-0.6449943652246743,False,0.4577717662561019,False
89.13294838518952,26.01004817414381,0.4228358811001816,0.1596152472172234,False,0.2647298655346476,False,-0.030493702582339674,False,-1.8840551724500108,False,0.6731379986580049,False
89.18294838518952,26.01004817414381,0.4447465401070177,0.07324162111710189,False,0.3026124070970906,False,-0.021853450770990726,False,-1.5748574566936355,False,0.6091890521007643,False
89.23294838518952,26.01004817414381,0.46485013601916764,-0.11573484223727737,False,0.24692728261974126,False,-0.02247106403104735,False,-0.38304563241144807,False,0.3053889184919063,False
89.28294838518953,26.01004817414381,0.5153118513556282,-0.19972673675815264,False,0.16938337948338542,False,-0.012555724698154105,False,0.297069699741221,False,0.2778160639293906,False
89.33294838518952,26.01004817414381,0.596708099422744,-0.1878677763028973,False,-0.0682263775444468,False,0.0007216584309019045,False,0.9134218481229087,False,0.34809801239315985,False
89.38294838518952,26.01004817414381,0.6813573140796976,-0.15710765183363998,False,-0.3953227122644151,False,0.10879742731271946,False,1.0397632598712805,False,0.4259200147153147,False
89.43294838518952,26.01004817414381,0.7671727672044277,-0.24614925784173328,False,-0.6634389068596922,False,0.2501996174876269,False,0.547159450036437,False,0.495232273800987,False
89.58294838518952,26.01004817414381,0.7236716183109069,-0.35321186098041774,False,-0.18426215585326833,False,0.1458829117960824,False,-2.3716963937156734,False,0.25633203211700484,False
89.63294838518952,26.01004817414381,0.6386324977185379,-0.42033925250138965,False,-0.11187198576269601,False,0.14061495571704688,False,-1.777083940068169,False,0.25422234024371015,False
89.68294838518952,26.01004817414381,0.6715059042153473,-0.4717119257962784,False,-0.06141295387871831,False,0.17370101403893867,False,-1.0210886695633545,False,0.3085678751999913,False
89.73294838518952,26.01004817414381,0.6974781887610026,-0.47840218242859434,False,-0.03799285240268612,False,0.19537165280434832,False,-0.13571343931001678,False,0.33596709278089787,False
89.78294838518953,26.01004817414381,0.717044356039306,-0.45463466395347757,False,-0.04059563536887831,False,0.20516589629713688,False,0.46673017386971005,False,0.3688677206828972,False
89.83294838518952,26.01004817414381,0.7227786584750004,-0.4165922997971494,False,-0.054223604749645854,False,0.20389264010887986,False,0.8191629736111687,False,0.40306657619776787,False
88.13294838518952,25.96004817414381,0.28067157265352843,-0.2954341588791789,False,0.5403996139436998,False,-0.1028066436434284,False,-0.5025283486814827,False,-0.2531478976568069,False
88.18294838518952,25.96004817414381,0.2929903450565192,-0.3307397873150302,False,0.5576574737916283,False,-0.09195536772997037,False,-0.4406308052958714,False,-0.29409169719542483,False
88.23294838518952,25.96004817414381,0.3117894441100268,-0.381585449151834,False,0.5988716133499656,False,-0.07502621067441362,False,-0.3427626187724613,False,-0.36650066891107147,False
88.28294838518953,25.96004817414381,0.3504778806677856,-0.4130313674526995,False,0.6871488516613418,False,-0.04560195020396218,False,-0.21047344656287237,False,-0.47626262930069196,False
88.33294838518952,25.96004817414381,0.45381558259369703,-0.2540974373385193,False,0.7147296649922434,False,0.03063594190898533,False,-0.1873724366112146,False,-0.5459843654913783,False
88.38294838518952,25.96004817414381,0.5158346290730219,-0.1400382278913867,False,0.23933978309892984,False,0.10113811595259597,False,-0.16383390249117724,False,-0.4401333876365694,False
88.43294838518952,25.96004817414381,0.5386525619871662,-0.061880810245063464,False,-0.47026081768505873,False,0.0871683583917936,False,-0.3992646679456495,False,0.025994656573883834,False
88.48294838518952,25.96004817414381,0.534130102743762,0.038194798331290525,False,-0.7607004181164827,False,0.16685776756669587,False,-0.6730898945293359,False,0.38280367629581713,False
88.53294838518953,25.96004817414381,0.5311347891358558,0.06389657286379163,False,-0.7435204582505537,False,0.17711999245517612,False,-0.6077157498927671,False,0.40633544316005543,False
88.58294838518952,25.96004817414381,0.5263724528374782,0.023590015399132275,False,-0.5963948888215265,False,0.12141159526884394,False,-0.4254848879845131,False,0.4297030357189784,False
88.63294838518952,25.96004817414381,0.4947797000878181,-0.03294083300725624,False,-0.4177387135171766,False,0.06297619532864454,False,-0.3758484930843373,False,0.47208424992587167,False
88.68294838518952,25.96004817414381,0.4568985010440856,-0.07052854575692585,False,-0.2609376306779255,False,0.07326817039695518,False,-0.40993738997306095,False,0.31322836618789385,False
88.73294838518952,25.96004817414381,0.5041224593443481,-0.018808973800210294,False,-0.07644149844094761,False,0.19301269623049638,False,-0.04662586938506891,False,-0.012542098042994873,False
88.78294838518953,25.96004817414381,0.6028706607150118,0.10830969383386835,False,-0.09408994671164295,False,0.24437808251783663,False,1.0704771256709962,False,-0.28409053587680644,False
88.83294838518952,25.96004817414381,0.6564218320652618,-0.19121843478974193,False,0.2114086542720459,False,0.171758680534425,False,2.201965422490767,False,-0.5438534997592172,False
88.88294838518952,25.96004817414381,0.6484491724740968,-0.5142881635975106,False,0.6853187924490394,False,0.03351529159137864,False,3.3952131705093453,False,-0.7522307372256803,False
88.93294838518952,25.96004817414381,0.5898098379428977,-0.4225466214319868,False,0.6848618579005189,False,-0.04119408356241949,False,2.718612885985697,False,-0.41318784143021126,False
88.98294838518952,25.96004817414381,0.5123157180416656,-0.18866633192782647,False,0.5810208082375661,False,-0.12106065354917445,False,1.5683628262765266,False,0.15335359114405508,False
89.03294838518953,25.96004817414381,0.4655336861357274,-0.0930820493398726,False,0.45162745623758926,False,-0.1267594386590825,False,1.1920038675636704,False,0.29581252149826903,False
89.08294838518952,25.96004817414381,0.45000392943221923,-0.06263853766918943,False,0.27852876015502803,False,-0.1015032595958493,False,0.3887753948168026,False,0.348383707168127,False
89.13294838518952,25.96004817414381,0.4615346075741966,-0.034914923841318425,False,0.2068666246298834,False,-0.07151160684541301,False,-0.23089454710402346,False,0.44777564533979936,False
89.18294838518952,25.96004817414381,0.48738784109963645,-0.06250860560740264,False,0.21344814715730243,False,-0.042397692923093394,False,-0.3600405168484513,False,0.48004661034465557,False
89.23294838518952,25.96004817414381,0.4959339556098718,-0.16160768022673977,False,0.18777966953797928,False,-0.03950397041943643,False,0.2398163215126797,False,0.333129133904429,False
89.28294838518953,25.96004817414381,0.5051276658730275,-0.21706927818172056,False,0.04840181529232457,False,-0.04127887505299671,False,0.9884367838540927,False,0.2690641851842764,False
89.33294838518952,25.96004817414381,0.5759204919464364,-0.14664813105550745,False,-0.1626393902472595,False,-0.0009076027978568435,False,1.2700910501577956,False,0.32598990846514864,False
89.38294838518952,25.96004817414381,0.6332810009659321,-0.10148427288495274,False,-0.36937209065568677,False,0.07130793059156147,False,1.3649426778710154,False,0.40109455738047006,False
89.43294838518952,25.96004817414381,0.7044800924405216,-0.1554782934184488,False,-0.3888189201050521,False,0.20441072677425445,False,0.6429547138107874,False,0.4985442698379022,False
89.48294838518952,25.96004817414381,0.7624451552187184,-0.25113478760294905,False,-0.28775497973750874,False,0.3402725112701779,False,-0.5951209328056174,False,0.5597968512379627,False
89.53294838518953,25.96004817414381,0.7680234164204159,-0.320769521604942,False,-0.228277144287848,False,0.3048087471453893,False,-1.4969945142698176,False,0.472538589981502,False
89.58294838518952,25.96004817414381,0.7008774853681755,-0.359976973702799,False,-0.03678307396600973,False,0.18534464917264598,False,-1.9999783135070996,False,0.23056283958937604,False
89.63294838518952,25.96004817414381,0.6036452178795951,-0.508436835511168,False,0.03827360859583902,False,0.15637293774199262,False,-0.9088022190188343,False,0.12173279220764904,False
89.68294838518952,25.96004817414381,0.6564202585007683,-0.5746847507521587,False,0.051745312087220184,False,0.215532605539124,False,0.6419452890358835,False,0.1778806619730041,False
89.73294838518952,25.96004817414381,0.7023788043050313,-0.5435124819642326,False,0.03298031652666796,False,0.23684469678541836,False,1.5668845818865549,False,0.24327118330277053,False
89.78294838518953,25.96004817414381,0.7236017962981083,-0.4885132416985658,False,-0.0044556567420890696,False,0.2319979601195599,False,2.1425052936104265,False,0.29654588465371423,False
89.83294838518952,25.96004817414381,0.7202159624774657,-0.4100611811737848,False,-0.04143318572201453,False,0.21611531354575542,False,1.9614124896619014,False,0.36964578940186277,False
88.13294838518952,25.91004817414381,0.3276959043053165,-0.3632188974418915,False,0.6967782346393305,False,-0.10214091788070057,False,-0.42261505524245724,False,-0.3617763435534343,False
88.18294838518952,25.91004817414381,0.3479195540399063,-0.4224618323355356,False,0.7367553446196565,False,-0.0850839089304577,False,-0.313972816712357,False,-0.42324468254812064,False
88.23294838518952,25.91004817414381,0.404181147647129,-0.4905534324871659,False,0.8422861069789198,False,-0.06113296385579936,False,-0.19200054619778406,False,-0.5381462992018016,False
88.28294838518953,25.91004817414381,0.46369549479532396,-0.52138160123462,False,1.0787549583573002,False,-0.03081791230475872,False,-0.19241577135273458,False,-0.6942538836773484,False
88.33294838518952,25.91004817414381,0.5200586147602595,-0.3984529950814209,False,1.5049591167991256,False,0.033118702401170874,False,-0.5505907625573341,False,-0.84486290533355,False
88.38294838518952,25.91004817414381,0.5640166272770781,-0.31764902259976263,False,1.0817728368229191,False,0.09332563227901092,False,-0.47079239919958105,False,-0.7314384972553337,False
88.43294838518952,25.91004817414381,0.5859075068425428,-0.23895897045355058,False,0.2278239366910024,False,0.072080971502613,False,-0.5698465417737576,False,-0.19021212949990474,False
88.48294838518952,25.91004817414381,0.5914771303879407,-0.07698892858475759,False,-0.31128322648003615,False,0.108885702751708,False,-0.8120564371493522,False,0.3509154664192761,False
88.53294838518953,25.91004817414381,0.5953098315331128,0.0353137782740994,False,-0.4468382419751946,False,0.17261901248130296,False,-0.7444149880896268,False,0.49573009204235036,False
88.58294838518952,25.91004817414381,0.5783283188218729,0.013283911061363451,False,-0.2804947953674426,False,0.15997827727223146,False,-0.4670031583102783,False,0.6249656061202683,False
88.63294838518952,25.91004817414381,0.5135004198700981,-0.007930689586127443,False,-0.10543056489138428,False,0.1301762096632566,False,-0.3739886488832155,False,0.6110116496179747,False
88.68294838518952,25.91004817414381,0.4715280175600582,-0.007574464815930743,False,-0.04686900533937835,False,0.19716903804764466,False,-0.2809313182332034,False,0.3342401211892084,False
88.73294838518952,25.91004817414381,0.5751415477403217,0.0907032159956567,False,0.013192177962696991,False,0.31132498654047913,False,0.49465778606661076,False,-0.15369224228186376,False
88.78294838518953,25.91004817414381,0.6850851486823297,0.056571933085341364,False,-0.05740568823805722,False,0.27193768466986856,False,1.951096208912059,False,-0.49721183992081736,False
88.83294838518952,25.91004817414381,0.7208809986103235,-0.5101309010656412,False,0.5108969824796847,False,0.14749426231985963,False,2.900376445390134,False,-0.78180346093882,False
88.88294838518952,25.91004817414381,0.7064563515241669,-0.6541986064932925,False,0.9164750759803488,False,-0.007251325755051323,False,3.7442776727142046,False,-0.8895158210681414,False
88.93294838518952,25.91004817414381,0.6483396904889225,-0.38411218587665846,False,0.8089564854752955,False,-0.052370779676761306,False,2.6860697652546497,False,-0.4489634256136562,False
88.98294838518952,25.91004817414381,0.5625283632041912,-0.19773749156141468,False,0.5747668889113031,False,-0.0894876097463756,False,1.138228529831348,False,0.22070724732248684,False
89.03294838518953,25.91004817414381,0.5240400110920704,-0.07556332462183926,False,0.45328072745395376,False,-0.12178577294685641,False,1.2455314743983796,False,0.38410437412670956,False
89.08294838518952,25.91004817414381,0.5262830303839048,-0.07894911442477079,False,0.23397032956208708,False,-0.0981085048006484,False,0.8574302166587092,False,0.3465577441329322,False
89.13294838518952,25.91004817414381,0.5537851242436692,-0.06628653828157742,False,0.044781439805800245,False,-0.09922230563059535,False,0.9414343329201513,False,0.3122508967303064,False
89.18294838518952,25.91004817414381,0.5693749371364598,-0.027298244621352535,False,-0.15706002965839125,False,-0.09777145204013712,False,1.1343761633658034,False,0.32919476310070245,False
89.23294838518952,25.91004817414381,0.5676258498823115,-0.01192939813217228,False,-0.2641486350933519,False,-0.08771796140303925,False,1.316284628003089,False,0.3243895629942815,False
89.28294838518953,25.91004817414381,0.544601177482062,-0.04612724769357032,False,-0.24655229669834755,False,-0.04839050309789544,False,1.3135679437417918,False,0.2934827969612026,False
89.33294838518952,25.91004817414381,0.5281382428984897,-0.057231211566662915,False,-0.22216465424726717,False,-0.002121940518782256,False,1.2078760182346313,False,0.3018146247829683,False
89.38294838518952,25.91004817414381,0.5577486761688839,-0.083978937776261,False,-0.16251089308373168,False,0.07114409559164815,False,0.9515990589550978,False,0.3721761885685595,False
89.43294838518952,25.91004817414381,0.6209755850279389,-0.11760921255320649,False,-0.13766712525529162,False,0.19581936824502566,False,0.6019010085090589,False,0.5071593472915675,False
89.48294838518952,25.91004817414381,0.6660248180025363,-0.15063516745075975,False,-0.12155729859204832,False,0.3301078043591671,False,-0.2995058100293628,False,0.5929092101276987,False
89.53294838518953,25.91004817414381,0.6795348544460533,-0.21444424246274962,False,0.02130390956271297,False,0.3257279926560436,False,-1.4518071608818022,False,0.42732528629649796,False
89.58294838518952,25.91004817414381,0.6372088054456615,-0.30452557390117285,False,0.18525469097041675,False,0.22414709640801134,False,-1.7146981736905784,False,0.1278522631006723,False
89.63294838518952,25.91004817414381,0.5685884205127493,-0.4352275678006028,False,0.1867543236894566,False,0.17600437886741963,False,-0.8407709770509184,False,0.10709114914399853,False
89.68294838518952,25.91004817414381,0.6375178804133941,-0.4587711433646776,False,0.09116343497135027,False,0.24282845667336544,False,0.3657530472490974,False,0.28279064145342436,False
89.73294838518952,25.91004817414381,0.6916344767653355,-0.44608207067154915,False,0.031905133717153485,False,0.26761607568189727,False,1.6772769503126512,False,0.3046747009221174,False
89.78294838518953,25.91004817414381,0.701178378023918,-0.3955470734262601,False,-0.01205327900266447,False,0.24763769511524314,False,2.106240743652737,False,0.34500981692834254,False
89.83294838518952,25.91004817414381,0.700066529239803,-0.33109462856518485,False,-0.06969180090879995,False,0.21174937458618798,False,2.1357261976880393,False,0.41090380253394065,False
88.13294838518952,25.860048174143817,0.42563405820827,-0.3860617951850853,False,0.8956942289421297,False,-0.1187494854424882,False,-0.43222593068567505,False,-0.45943287930983834,False
88.18294838518952,25.860048174143817,0.4564751140359988,-0.437143746623345,False,0.9597767027971295,False,-0.10134902200800477,False,-0.30466535476723333,False,-0.5218021651414401,False
88.23294838518952,25.860048174143817,0.529529277820339,-0.4778236901429862,False,1.1212691296305215,False,-0.08364684457911609,False,-0.3294885350951664,False,-0.6343522289455681,False
88.28294838518953,25.860048174143817,0.5748239850367142,-0.46747604518650915,False,1.3767386199862497,False,-0.04539997928574491,False,-0.4513843880209514,False,-0.7471153332516116,False
88.33294838518952,25.860048174143817,0.6145474009176993,-0.3859181949903634,False,1.7258649688021919,False,0.030632984357257365,False,-0.8328442929714838,False,-0.843230203992869,False
88.38294838518952,25.860048174143817,0.6512457628930485,-0.32164334269549166,False,1.5806497013250969,False,0.04360909064998597,False,-0.9362884899165932,False,-0.7684915709830273,False
88.43294838518952,25.860048174143817,0.6659252519260614,-0.1981370300674352,False,1.2479429898345331,False,0.010804417294350943,False,-0.9611196145229083,False,-0.31551749371842164,False
88.48294838518952,25.860048174143817,0.6721154564355181,-0.06937597459594691,False,0.6307187247480788,False,-0.015308395634922478,False,-1.0460898735725626,False,0.21864387912706307,False
88.53294838518953,25.860048174143817,0.6464907710699742,0.06689108550939366,False,0.26337470211748526,False,0.07028346190556481,False,-0.9860111965634264,False,0.311508291232104,False
88.58294838518952,25.860048174143817,0.5860592778843748,0.10399389452769842,False,0.2616176079312743,False,0.16380071966249743,False,-0.6046654175188215,False,0.47672058451636456,False
88.63294838518952,25.860048174143817,0.5184498580529364,0.14789138713550437,False,0.2717411753658085,False,0.21546488193819874,False,-0.34510515023444627,False,0.5028429842217672,False
88.68294838518952,25.860048174143817,0.5106724169259403,0.1267247687502701,False,0.13191187728590947,False,0.29642650118486796,False,-0.13751179156620313,False,0.2243564321815632,False
88.73294838518952,25.860048174143817,0.6255918034362943,0.1187023217140451,False,-0.022337102652769086,False,0.3303412535656333,False,1.1701467103800935,False,-0.3646391977723733,False
88.78294838518953,25.860048174143817,0.7122974298599103,-0.16355443144442355,False,-0.028228731198331775,False,0.18614603705697305,False,2.7248617975314544,False,-0.8025788248999971,False
88.83294838518952,25.860048174143817,0.7352354970649704,-0.549438799308307,False,0.41642156219996607,False,0.03813804185611572,False,3.3947017427207467,False,-0.9754278091310271,False
88.88294838518952,25.860048174143817,0.7159778944222132,-0.47902983493816964,False,0.7827797949999293,False,-0.05235278413431925,False,3.5737239878953835,False,-0.873553138870585,False
88.93294838518952,25.860048174143817,0.6529935411793468,-0.2929328441396055,False,0.7353899839896515,False,-0.07467129786149751,False,3.060258940918282,False,-0.4851197595393879,False
88.98294838518952,25.860048174143817,0.5861022864917289,-0.22177812867146895,False,0.441836432971603,False,-0.07563745949520627,False,1.7357714033060196,False,0.18875746986219838,False
89.03294838518953,25.860048174143817,0.590935679461097,-0.056086152893727016,False,0.38887360229488954,False,-0.14253312212357905,False,2.0676430207434393,False,0.40852240142388674,False
89.08294838518952,25.860048174143817,0.6363712462581234,0.029088556506812455,False,0.26487198820416813,False,-0.1379343582756099,False,2.1020869072581516,False,0.3686335816444228,False
89.13294838518952,25.860048174143817,0.6570154867278609,0.06368121645968221,False,-0.06520799388745047,False,-0.11383724766856254,False,1.9150551619982548,False,0.27783449416413075,False
89.18294838518952,25.860048174143817,0.6397357123002448,0.19618795251817303,False,-0.5401005172420659,False,-0.0914160453402095,False,1.64616398433159,False,0.31312427179563684,False
89.23294838518952,25.860048174143817,0.6093581319346135,0.35207293378058513,False,-0.8832375212976742,False,-0.06790517113853425,False,1.4425314100047584,False,0.3662522606200523,False
89.28294838518953,25.860048174143817,0.5731210953370376,0.2933166073143674,False,-0.7074450382895758,False,-0.008172118872468492,False,1.0418586197401896,False,0.367962204420365,False
89.33294838518952,25.860048174143817,0.5114034374617811,0.04332917914823921,False,-0.13932824075335654,False,0.06942861100809206,False,0.44250175717910356,False,0.35246304736592815,False
89.38294838518952,25.860048174143817,0.509786844099864,-0.10460339771643036,False,0.17580259705170334,False,0.11928512162505131,False,0.013362841551390142,False,0.3794632096551753,False
89.43294838518952,25.860048174143817,0.5511888862464688,-0.14130570236232654,False,0.18123060886759634,False,0.21295464713251758,False,-0.1519116468616718,False,0.45874178212073635,False
89.48294838518952,25.860048174143817,0.5941734010160118,-0.16448510031522237,False,0.11772015559048263,False,0.3222240094049995,False,-0.4191187063589433,False,0.5290868714667628,False
89.53294838518953,25.860048174143817,0.6208118024154161,-0.22642856129863198,False,0.2515694362817175,False,0.3201579434969894,False,-1.3729447368598944,False,0.29524382997670623,False
89.58294838518952,25.860048174143817,0.6106534228762202,-0.280639785679628,False,0.31164554081319584,False,0.26315045486911415,False,-1.5124290654722117,False,0.07284947116137847,False
89.63294838518952,25.860048174143817,0.556640473018743,-0.3504318111759416,False,0.27246999206093103,False,0.2217359310154813,False,-0.7924501401723837,False,0.15861706482172094,False
89.68294838518952,25.860048174143817,0.5800664132426699,-0.3630314816659945,False,0.16725054121863822,False,0.24305588155063085,False,0.3304669474158092,False,0.34211150783641125,False
89.73294838518952,25.860048174143817,0.6407227982695681,-0.3060361934691607,False,0.04982738830189954,False,0.2532199285668536,False,0.8540826676001451,False,0.4702384283783174,False
89.78294838518953,25.860048174143817,0.6556767697398375,-0.23362417158475568,False,-0.03190221796460928,False,0.2181163136321987,False,0.7013432987044487,False,0.5624569400498087,False
88.13294838518952,25.810048174143816,0.5418983251942681,-0.35140844850063935,False,1.1319926580192243,False,-0.15546434767057427,False,-0.6308310530507049,False,-0.5326261663302887,False
88.18294838518952,25.810048174143816,0.5741341767239236,-0.3578800571344045,False,1.2390703492356212,False,-0.14645973567735193,False,-0.6168025689501113,False,-0.5857698744977595,False
88.23294838518952,25.810048174143816,0.6123231144613812,-0.33434442724841434,False,1.4053566115456317,False,-0.1253193658312055,False,-0.7518089272816262,False,-0.654731710761529,False
88.28294838518953,25.810048174143816,0.660970458053385,-0.2934078117569548,False,1.6039140569508399,False,-0.07976401976100367,False,-1.0779487422242935,False,-0.724437896952443,False
88.33294838518952,25.810048174143816,0.6882950124535755,-0.22412166290393215,False,1.730800467080324,False,-0.017598030843852475,False,-1.501673338123351,False,-0.7364972020790352,False
88.38294838518952,25.810048174143816,0.6936964859875441,-0.12603226931915876,False,1.5946038924507342,False,0.00846716002070147,False,-1.8960960568255696,False,-0.624061994258515,False
88.43294838518952,25.810048174143816,0.6687673129175014,-0.039087511251652385,False,1.392078699958199,False,-0.03793725456465269,False,-1.822585615832489,False,-0.24014730813744722,False
88.48294838518952,25.810048174143816,0.6588798559980461,0.057787291340604896,False,1.0119666620757006,False,-0.09299407121707076,False,-1.6371864156035059,False,0.10067934398897327,False
88.53294838518953,25.810048174143816,0.6340708847234887,0.1469282446167891,False,0.8768109220509093,False,-0.04377739010347437,False,-1.4233412232816383,False,0.10923609027310821,False
88.58294838518952,25.810048174143816,0.576649272981561,0.2270304761491621,False,0.7087358216860841,False,0.11420173422181706,False,-0.9844465645025543,False,0.18845766424584687,False
88.63294838518952,25.810048174143816,0.5233045669013751,0.301663351817994,False,0.3794432926884992,False,0.284856011749711,False,-0.2676589230629429,False,0.24373613773103175,False
88.68294838518952,25.810048174143816,0.51757934486381,0.21600569770724737,False,0.021387128144984863,False,0.3093386222141129,False,0.589994877405811,False,-0.06889819705498448,False
88.73294838518952,25.810048174143816,0.6169580492899215,-0.014303015879904485,False,-0.05440485700666012,False,0.2134979730202838,False,1.7959478846624157,False,-0.8020788624903143,False
88.78294838518953,25.810048174143816,0.6989388937843694,-0.2491760857977858,False,-0.07947166549295809,False,-0.009148145776379762,False,2.66545324973382,False,-1.1587414184459857,False
88.83294838518952,25.810048174143816,0.7241141341503481,-0.26228150913124426,False,-0.3476442915812497,False,-0.1487087115023256,False,3.2619810006266885,False,-1.1652549926714557,False
88.88294838518952,25.810048174143816,0.6990728847032048,-0.24172059304528695,False,-0.17013225929777903,False,-0.15255976102222718,False,3.625409083058713,False,-0.9942796856046849,False
88.93294838518952,25.810048174143816,0.6220540017200552,-0.1638114015487588,False,0.038858345837178065,False,-0.13330731064031628,False,3.7087260546860517,False,-0.6486048747618135,False
88.98294838518952,25.810048174143816,0.5528715234201262,-0.18314189617664411,False,-0.017343095692618382,False,-0.0842894236978944,False,2.908510396863341,False,0.002090655169171271,False
89.03294838518953,25.810048174143816,0.5929290182956933,-0.07850450756792107,False,-0.014255658257463333,False,-0.1405996633397249,False,2.5236267772630034,False,0.3976332065905872,False
89.08294838518952,25.810048174143816,0.6554516155633409,0.037134039162263065,False,0.03272429373518937,False,-0.09969628162195973,False,2.0970359779634373,False,0.3916867415697062,False
89.13294838518952,25.810048174143816,0.6640920266401396,0.17501553571560963,False,-0.10398191294009562,False,-0.022830240533103258,False,1.49385337405263,False,0.40658151881622306,False
89.18294838518952,25.810048174143816,0.6265274250537557,0.4280774429464287,False,-0.7168111958198251,False,-0.01555130695082799,False,1.3007394937081636,False,0.4083888119302199,False
89.23294838518952,25.810048174143816,0.5813640297693585,0.626548847837898,False,-1.3288060651555513,False,-0.03838782563820364,False,1.3972114439581196,False,0.36721416898500403,False
89.28294838518953,25.810048174143816,0.5357995114374868,0.5303896485083718,False,-1.1556735464082377,False,-0.02717863295142567,False,1.0568667543327988,False,0.414263110940809,False
89.33294838518952,25.810048174143816,0.47039666804375074,0.15958714088337392,False,-0.29032875402859415,False,0.060263737074170105,False,0.2949543949854882,False,0.4160179048993981,False
89.38294838518952,25.810048174143816,0.47228975475013724,-0.12072156002420241,False,0.28502298076646704,False,0.0995437852690559,False,-0.30951299398832677,False,0.34311125147261756,False
89.43294838518952,25.810048174143816,0.5210243949767829,-0.26810973744196276,False,0.4510475966118116,False,0.15551050899670393,False,-0.7616672532760778,False,0.2629405795863734,False
89.48294838518952,25.810048174143816,0.5832590380291902,-0.3317126400876715,False,0.41286552785573083,False,0.2683728866606908,False,-1.0900128352101937,False,0.2384490267083207,False
89.53294838518953,25.810048174143816,0.6201336913061116,-0.35637471817168576,False,0.36582619812163353,False,0.32330431869911025,False,-1.4475395129186868,False,0.12476630228475308,False
89.58294838518952,25.810048174143816,0.6088379097695644,-0.30745538872801204,False,0.3316949330462043,False,0.3276859404696217,False,-1.5573912224404465,False,0.06536337420497315,False
89.63294838518952,25.810048174143816,0.5371849450755171,-0.33068549809377523,False,0.3147231140108344,False,0.28193309051933546,False,-0.8091830908072976,False,0.18745674547618552,False
89.68294838518952,25.810048174143816,0.5031572742336814,-0.32261893869788005,False,0.22335831416038426,False,0.2685655226120024,False,0.48470808331579296,False,0.34484736121963133,False
89.73294838518952,25.810048174143816,0.5607170731583149,-0.2399119667605188,False,0.09376086430957478,False,0.21527155952538637,False,0.8038087886697862,False,0.49844161627075156,False
88.33294838518952,25.76004817414381,0.7045071942284737,0.037817339704515784,False,1.4006653859370441,False,-0.0065085806515016165,False,-2.7313105870751166,False,-0.585292404551222,False
88.38294838518952,25.76004817414381,0.675617586066347,0.1271024589107828,False,1.1537954412590317,False,0.00035282076675635654,False,-3.0633662824305636,False,-0.44981714556636654,False
88.43294838518952,25.76004817414381,0.6453146934956412,0.2302713206159403,False,1.15874228696556,False,-0.08881163474616505,False,-2.4123676946363655,False,-0.09599702817652744,False
88.48294838518952,25.76004817414381,0.5791803990274081,0.2135050551073343,False,0.9156179453669009,False,-0.16295250015825513,False,-1.7292442034242415,False,0.1484240486298234,False
88.53294838518953,25.76004817414381,0.6082811672220452,0.21580361542072518,False,1.294055471515127,False,-0.15944197962891643,False,-0.8796257794424542,False,0.13625092555393237,False
88.58294838518952,25.76004817414381,0.5990386173493142,0.30184063946657025,False,0.8024459156141545,False,-0.04136238959651878,False,-0.23438025130921414,False,0.00282211047118458,False
88.63294838518952,25.76004817414381,0.5721076291628301,0.2936361115369074,False,0.1673337700594381,False,0.15877750424602982,False,1.2245149021860189,False,-0.0938065370970379,False
88.68294838518952,25.76004817414381,0.5536496639934612,0.14884164790638918,False,-0.2499640169357786,False,0.18275853150971458,False,2.38815179848739,False,-0.45854146432681536,False
88.73294838518952,25.76004817414381,0.5876209797844091,-0.11118773245024215,False,-0.1623648407624052,False,0.06564009759398028,False,2.7685113280017584,False,-1.0952630642216645,False
88.78294838518953,25.76004817414381,0.6583043509775943,-0.1332111039832976,False,-0.11659123285064596,False,-0.06440169511509511,False,2.4291632071641653,False,-1.282031306536007,False
88.83294838518952,25.76004817414381,0.6905528167691996,-0.06608712545453196,False,-0.5664736946469295,False,-0.10339212554074438,False,3.5077485067817227,False,-1.3088140288793042,False
88.88294838518952,25.76004817414381,0.6543788076000097,-0.007532009948372859,False,-0.8364435541584927,False,-0.11858297673240295,False,4.29946067190324,False,-1.2189408363250611,False
88.93294838518952,25.76004817414381,0.5345663912457226,0.042154743668460726,False,-0.8692933249522692,False,-0.10406977240080487,False,4.0718088323602935,False,-0.9431532151382496,False
88.98294838518952,25.76004817414381,0.4045628609191771,-0.017241480886580306,False,-0.6876278659244175,False,-0.025219725031677,False,2.9277136853555588,False,-0.3923672307664894,False
89.03294838518953,25.76004817414381,0.4889164771808672,-0.06789168192664405,False,-0.41601448613937464,False,-0.020545659043129237,False,1.9319964358912063,False,0.19565655737574505,False
89.08294838518952,25.76004817414381,0.5886474072604909,0.03285401236057206,False,-0.21408471532018014,False,0.006534638936551547,False,1.310659966373514,False,0.43400042579489606,False
89.13294838518952,25.76004817414381,0.6004135675077753,0.27933467001173423,False,-0.2655829926656724,False,0.032101935435319244,False,0.8739753880156222,False,0.6094118661120724,False
89.18294838518952,25.76004817414381,0.5649093334091765,0.4900836956780306,False,-0.5855253193315202,False,0.04022988990359016,False,0.9493061115683248,False,0.5084571053816063,False
89.23294838518952,25.76004817414381,0.5198638596167559,0.5776203777229625,False,-1.0848454530374636,False,0.02460996385732045,False,1.1686186368069207,False,0.3200989718438232,False
89.28294838518953,25.76004817414381,0.49629794461827165,0.423072358282104,False,-0.8893170050720436,False,0.009178364705991718,False,0.7651461866254551,False,0.36946057674264476,False
89.33294838518952,25.76004817414381,0.48446612475109196,0.14300957357236987,False,-0.24402743215901432,False,0.009475828916159154,False,0.06974771440988857,False,0.39271857585359815,False
89.38294838518952,25.76004817414381,0.5202262823034984,-0.10978798283371544,False,0.21186064241100547,False,0.0073078968732957494,False,-0.5710772895483416,False,0.2389589660832037,False
89.43294838518952,25.76004817414381,0.5736056932317499,-0.33622035524275395,False,0.41564295131436624,False,0.08959813030277475,False,-1.2472740856715347,False,0.04635340038390519,False
89.48294838518952,25.76004817414381,0.6083440214497395,-0.37353949028512,False,0.24736580722643192,False,0.2606850303871211,False,-1.6760523718472353,False,-0.010810826655334935,False
89.53294838518953,25.76004817414381,0.6346344241776761,-0.3597064050749899,False,0.1251217288126667,False,0.38192860762128544,False,-1.6394434465535854,False,0.04844663240470995,False
89.58294838518952,25.76004817414381,0.6188239390454405,-0.268510739235947,False,0.06895124260785548,False,0.43874646359500996,False,-1.8543429922289276,False,0.06430187501495208,False
89.63294838518952,25.76004817414381,0.5163106357193091,-0.26810249102629863,False,0.11444837808243985,False,0.3984304678823346,False,-1.201276025769792,False,0.20577712290268793,False
89.68294838518952,25.76004817414381,0.4121640270450171,-0.23524047224841035,False,0.047095231001652915,False,0.3110886393017302,False,0.4141375778482327,False,0.2831873715472157,False
89.73294838518952,25.76004817414381,0.4826290317073051,-0.10314732727430258,False,-0.08188987614929501,False,0.10700424364189556,False,1.2631236463674067,False,0.3672415449534535,False
89.83294838518952,25.76004817414381,0.5243899321833194,0.13429041292344868,False,-0.4452386599704897,False,-0.1588702456088465,False,1.7246753421596008,False,0.4267786618871546,False
88.38294838518952,25.71004817414381,0.6519214521510747,0.46458266766116724,False,0.7919521255518291,False,-0.09993066227610392,False,-3.2287009269917473,False,-0.24635705668982744,False
88.43294838518952,25.71004817414381,0.6127807572958243,0.5175686301161815,False,0.6556180439157131,False,-0.22572517163901817,False,-2.118893466985415,False,0.10455385091901137,False
88.48294838518952,25.71004817414381,0.6072889333313619,0.3562998574461639,False,0.8620196330360699,False,-0.3042257108876073,False,-0.8651310732838624,False,0.2791143939532087,False
88.53294838518953,25.71004817414381,0.6034429962789457,0.22351379157969237,False,0.9928460560059387,False,-0.34458800842112414,False,0.26757025436768056,False,0.25945690795063214,False
88.58294838518952,25.71004817414381,0.6073004907439625,0.220981318896073,False,0.4513159208911958,False,-0.29590506258018756,False,1.0823560424951786,False,-0.038714462719111054,False
88.63294838518952,25.71004817414381,0.6036961732388249,0.12586522936992425,False,-0.01169064861369061,False,-0.2246905850553481,False,2.156201518604745,False,-0.3121674024526325,False
88.68294838518952,25.71004817414381,0.5863494518571273,-0.05191171517839554,False,-0.20774742895468046,False,-0.2004460309124986,False,2.902576754666198,False,-0.5992089600040083,False
88.73294838518952,25.71004817414381,0.573874983539558,-0.2933565423643887,False,-0.10506171090116656,False,-0.16250820481713588,False,3.0853506023491244,False,-0.8897470850412719,False
88.78294838518953,25.71004817414381,0.6033756084417425,-0.26363801490164973,False,-0.041278796801687945,False,-0.13238480762742183,False,2.6183554620476945,False,-1.0095079448382622,False
88.83294838518952,25.71004817414381,0.6285057331258088,-0.08622767763113098,False,-0.021114387594775796,False,-0.03546653778000031,False,1.490187934372529,False,-0.969075404711975,False
88.88294838518952,25.71004817414381,0.5907953339244425,0.018885764420477846,False,-0.019180998707768383,False,0.11023571803684266,False,0.7804353484068813,False,-0.8996778226543176,False
88.93294838518952,25.71004817414381,0.46175762277573784,0.052853798480393455,False,-0.09494674530719248,False,0.24273662539510796,False,0.4342395685931974,False,-0.7858766793686703,False
88.98294838518952,25.71004817414381,0.29274121325185287,0.10446778178964418,False,-0.007533919118867027,False,0.23967119505276063,False,0.2610869483133772,False,-0.5866195389416607,False
89.03294838518953,25.71004817414381,0.3914402709483,0.030510118202071085,False,0.044457491470012434,False,0.15410173442057007,False,-0.013858419963946933,False,-0.0296204335021778,False
89.08294838518952,25.71004817414381,0.5270018329471338,0.16580828228252092,False,0.07798022071032185,False,0.06472273183372777,False,-0.11617942371056816,False,0.48236285404242474,False
89.13294838518952,25.71004817414381,0.5492605440872748,0.3440562846974323,False,-0.12905272019173425,False,0.060650494816741965,False,0.08426332440371426,False,0.5997588225972769,False
89.18294838518952,25.71004817414381,0.5273328012341622,0.41002923681569015,False,-0.3265451628144852,False,0.10705533652115852,False,0.3497695710170471,False,0.40418506445309305,False
89.23294838518952,25.71004817414381,0.4932720825766901,0.4407208812957813,False,-0.7595393785245422,False,0.06936006618740764,False,0.5366682132643045,False,0.17401869188427427,False
89.28294838518953,25.71004817414381,0.5110616293569117,0.3518035322004401,False,-0.6540750856281495,False,-0.03017208616208271,False,0.036302890371286534,False,0.1335103881338236,False
89.33294838518952,25.71004817414381,0.5600862764386995,0.19233233976791642,False,-0.31368194554899265,False,-0.09715832318737173,False,-0.48228671554263136,False,0.13175030339052002,False
89.38294838518952,25.71004817414381,0.6082012004019731,0.002338464551567776,False,-0.1816437402922992,False,-0.1351886376056128,False,-0.749068939432159,False,0.15703764584235094,False
89.43294838518952,25.71004817414381,0.638113835514904,-0.13519818411553708,False,-0.2445599446206364,False,-0.07583260285720798,False,-1.136706743573856,False,0.12609130281031622,False
89.48294838518952,25.71004817414381,0.6470668536407141,-0.1400437499460012,False,-0.4913090865328652,False,0.16974523643392864,False,-1.8916127125858315,False,-0.03952155031080517,False
89.53294838518953,25.71004817414381,0.6573505707922859,-0.16621678444249366,False,-0.514953951848922,False,0.39023858432575087,False,-2.1644466568346776,False,-0.07041783589260601,False
89.58294838518952,25.71004817414381,0.6442474707027315,-0.09460688935010944,False,-0.4845193184606862,False,0.5048877569171238,False,-2.423524033293419,False,-0.015547002713699853,False
89.63294838518952,25.71004817414381,0.5591784053327117,-0.07577557472670644,False,-0.42631722213340645,False,0.47572286199207375,False,-1.7457344623551374,False,0.18692320018041284,False
89.68294838518952,25.71004817414381,0.45525337654798215,0.031007377194258917,False,-0.6082311138917821,False,0.3552781261740597,False,-0.1303273737032256,False,0.2571401762343594,False
89.78294838518953,25.71004817414381,0.4794761902644567,0.2958053730999392,False,-0.9305631300413403,False,-0.07777801795645843,False,2.1906449972016753,False,0.09086604185136463,False
89.83294838518952,25.71004817414381,0.4724272818359584,0.38226423078276084,False,-1.0020297588451785,False,-0.24580784835992664,False,2.7092532363390234,False,0.09215524472105141,False
88.48294838518952,25.66004817414381,0.6079008849035946,0.43555980509815856,False,0.10344217437465764,False,-0.38372687475327283,False,-0.6041107858174368,False,0.4616149166528716,False
88.53294838518953,25.66004817414381,0.6095273014676017,0.2679387717588374,False,0.16356058260684586,False,-0.4060639639852915,False,0.3333425359651858,False,0.4334889841394025,False
88.58294838518952,25.66004817414381,0.5920439766796816,0.17919187922829097,False,0.005036150787812697,False,-0.3833573698821858,False,1.031623892163456,False,0.23396228565405766,False
88.63294838518952,25.66004817414381,0.5739733333894789,0.11064387558985012,False,-0.10348880108337874,False,-0.3513030394723214,False,1.5322382018995637,False,0.024301131099412482,False
88.68294838518952,25.66004817414381,0.5516340200798324,-0.03202472914541965,False,-0.06082450729348393,False,-0.3110949988143878,False,1.714264213364809,False,-0.10842694438693057,False
88.73294838518952,25.66004817414381,0.5166287446244341,-0.26445003612499335,False,0.22494964400441458,False,-0.22499299656149951,False,1.503249385675092,False,-0.29796215865328657,False
88.78294838518953,25.66004817414381,0.5056418219416149,-0.2758546580968674,False,0.47810995564339076,False,-0.19990803453548986,False,0.6675140767709042,False,-0.4814736441632858,False
88.83294838518952,25.66004817414381,0.5281976865320189,-0.2603384659431162,False,0.32396709048856165,False,-0.08920446505416502,False,0.07864988280363848,False,-0.5052797005474482,False
88.88294838518952,25.66004817414381,0.5393714546812128,-0.13983443426659836,False,0.0343196203929101,False,0.16732516432786684,False,-0.11760895499022869,False,-0.5830867182816827,False
88.93294838518952,25.66004817414381,0.5017261961690791,-0.035506450245852667,False,-0.19008441357200256,False,0.40181782109428005,False,-0.19200242651709554,False,-0.6982352234703967,False
88.98294838518952,25.66004817414381,0.42883055017266014,0.05263998864240914,False,-0.16262149431523548,False,0.43452663038934974,False,-0.23237880783310377,False,-0.6764579062814035,False
89.03294838518953,25.66004817414381,0.44851207225897843,0.062216331271007286,False,-0.24259594242481441,False,0.2992744402134988,False,-0.4269621479337376,False,-0.1766556792758792,False
89.08294838518952,25.66004817414381,0.5095366265119867,0.29536320426938095,False,-0.1907969142569984,False,0.1347267747936153,False,-0.6961709677450572,False,0.3460969345158901,False
89.13294838518952,25.66004817414381,0.5285484636425847,0.36002058575233825,False,-0.07279755246137273,False,0.1123995467621875,False,-0.802965004156785,False,0.3903155556494291,False
89.18294838518952,25.66004817414381,0.5218509686936805,0.38877071644205324,False,0.1088856874966278,False,0.07419988963883525,False,-0.9981300836080127,False,0.2916156024199049,False
89.23294838518952,25.66004817414381,0.49804229064661715,0.43246190638255444,False,0.023139502264589717,False,-0.028157179463778048,False,-1.0958689508641855,False,0.14648365630141735,False
89.28294838518953,25.66004817414381,0.5587764112004803,0.395138236571711,False,-0.04589214078744486,False,-0.10987096209522026,False,-1.2042225406910498,False,0.11941005904712612,False
89.33294838518952,25.66004817414381,0.6544751758170864,0.26511396478567795,False,-0.36771595178574606,False,-0.1500069131751341,False,-0.9319147114838406,False,0.07082791973204491,False
89.38294838518952,25.66004817414381,0.693799906610646,0.03937902275784809,False,-0.4829721404223381,False,-0.16581343398526915,False,-0.8438479068770017,False,0.13824374231850475,False
89.43294838518952,25.66004817414381,0.6882791739347818,-0.058078586943326585,False,-0.7513662232516566,False,-0.12948092963865057,False,-1.0758971801008892,False,0.2412006327008946,False
89.48294838518952,25.66004817414381,0.676496932544997,-0.028159614408853353,False,-0.9787062957193124,False,0.03750751877159514,False,-1.725244014638958,False,0.1582932156631674,False
89.53294838518953,25.66004817414381,0.6703475689825488,-0.07692787356483013,False,-0.7933991584067841,False,0.3589256347027463,False,-2.038082000218031,False,0.061245612033555365,False
89.58294838518952,25.66004817414381,0.6555352647630891,-0.04926302470454649,False,-0.7036492719930205,False,0.5411132282903668,False,-1.9344683615445613,False,0.12862082730677019,False
89.63294838518952,25.66004817414381,0.6117938530807336,0.0036498745762499757,False,-0.7249672300977528,False,0.4570622247806693,False,-0.7741720875279904,False,0.4279481731503219,False
89.68294838518952,25.66004817414381,0.542011048021064,0.18320346263158577,False,-1.045766376839583,False,0.38023890039510505,False,0.520340348151548,False,0.3627725905985012,False
89.78294838518953,25.66004817414381,0.4812472354535171,0.4461427327191796,False,-1.3880670845934913,False,0.0615308305664791,False,2.8673488555300226,False,-0.1419118729686032,False
89.83294838518952,25.66004817414381,0.44953789446935644,0.4481107075309118,False,-1.2281277538987538,False,-0.08472494360276359,False,3.183036216570277,False,-0.17903220551294766,False
88.48294838518952,25.610048174143817,0.5965880229187699,0.4412838073420835,False,-0.24414335341127202,False,-0.3837084861950419,False,-0.5322260180763521,False,0.5876231232597595,False
88.53294838518953,25.610048174143817,0.5752721965098592,0.3028117981990235,False,-0.14731192831708526,False,-0.39200478606165035,False,0.15030443733347065,False,0.5564269663000725,False
88.58294838518952,25.610048174143817,0.5445306685102036,0.24739116104104508,False,-0.0748947833096042,False,-0.36784390872638667,False,0.332053930682755,False,0.4330073545071513,False
88.63294838518952,25.610048174143817,0.5088055646993653,0.19463440083728206,False,0.008123193726389394,False,-0.32682456736599036,False,0.3702916676742518,False,0.37032908215428445,False
88.68294838518952,25.610048174143817,0.42667403345264454,0.21293013456355459,False,0.3173123693075263,False,-0.25118272741556114,False,-0.28552171512761426,False,0.34502935570886584,False
88.73294838518952,25.610048174143817,0.3761692786602469,0.006658664161451763,False,0.5391875184716569,False,-0.14661847967916405,False,-0.1918891011335222,False,0.15547693583982913,False
88.78294838518953,25.610048174143817,0.36608466429974956,-0.11813449403900184,False,0.5732549623206679,False,-0.13099665805026114,False,-0.03699238928849491,False,-0.15542581411582243,False
88.83294838518952,25.610048174143817,0.41377049905874824,-0.25454809984410676,False,0.2108780277114402,False,-0.10221406759410834,False,-0.09120767112436086,False,-0.287750520049483,False
88.88294838518952,25.610048174143817,0.49397211827341814,-0.24852678287389554,False,-0.020922599699436828,False,0.06287909240401851,False,-0.2411299039042017,False,-0.3704567155919,False
88.93294838518952,25.610048174143817,0.530820971910954,-0.06479727085314774,False,-0.04618081577396102,False,0.26211998970159933,False,-0.21680092237948353,False,-0.5308959909951241,False
88.98294838518952,25.610048174143817,0.5072480146238976,0.1162997378810726,False,-0.11692227335777075,False,0.3612499561720508,False,-0.13655982307345582,False,-0.5744437588196323,False
89.03294838518953,25.610048174143817,0.47575462222760745,0.2493785127023597,False,-0.45609583938388265,False,0.25458425404775237,False,-0.3834202296530114,False,-0.15504952941646824,False
89.08294838518952,25.610048174143817,0.46610489855843684,0.39663607635401654,False,-0.43323920601154986,False,0.13164693272525943,False,-0.8373880559373296,False,0.2902986637579503,False
89.13294838518952,25.610048174143817,0.48209953098913494,0.2809724806442857,False,-0.22419941104210844,False,0.1352590088629674,False,-0.9979142695031874,False,0.2894864350651655,False
89.18294838518952,25.610048174143817,0.5205712933771507,0.2700883369842409,False,-0.10925692071497445,False,0.06161107929915749,False,-1.2918053376239857,False,0.2439793470059803,False
89.23294838518952,25.610048174143817,0.5404207157739367,0.31435438986814046,False,0.015125519817468902,False,-0.025550753401279325,False,-1.4658817038604974,False,0.20223391963575088,False
89.28294838518953,25.610048174143817,0.639373182927669,0.2963678396084981,False,0.1904823798216827,False,-0.09504243770531814,False,-1.7077915660076706,False,0.27338793055291777,False
89.33294838518952,25.610048174143817,0.7364764202051305,0.15258104956057858,False,-0.24091231853315637,False,-0.0931375875595074,False,-1.2696532661122906,False,0.21017161636157766,False
89.38294838518952,25.610048174143817,0.7478448808549084,-0.07220091595195777,False,-0.6355514465746895,False,-0.09227113329516753,False,-0.903571456005036,False,0.20362873898864164,False
89.43294838518952,25.610048174143817,0.7161428735242185,-0.10279382435705885,False,-0.981344536250994,False,-0.06063354906592667,False,-1.0793166318134992,False,0.33535995604793445,False
89.48294838518952,25.610048174143817,0.6885510079337486,-0.04942039074486837,False,-1.1486670197693738,False,0.053775037476947556,False,-1.6018951451256902,False,0.3574898502560399,False
89.53294838518953,25.610048174143817,0.6586809015455717,0.03586871813350062,False,-1.0097416789300833,False,0.40223861473014116,False,-1.925885310271156,False,0.2542686369145598,False
89.58294838518952,25.610048174143817,0.6322132538929903,0.0001000106374780263,False,-0.9445856625474232,False,0.5275705623208552,False,-0.7370810139680778,False,0.4646662630545877,False
89.63294838518952,25.610048174143817,0.6149499789618924,0.02799222012765539,False,-1.1105305260108393,False,0.46522850763265045,False,1.4171293132610505,False,0.8763915599148441,False
89.68294838518952,25.610048174143817,0.5799498392060695,0.23317941574080203,False,-1.4098916249159001,False,0.41638731871200874,False,2.2025976158296614,False,0.5561751791182432,False
89.78294838518953,25.610048174143817,0.49142647040192067,0.3509533794950357,False,-1.0765293598450265,False,0.08594020172927062,False,3.0730620409306186,False,-0.2518816610339634,False
89.83294838518952,25.610048174143817,0.45816813877965756,0.26629978523246906,False,-0.7704214157729881,False,0.04244538400433269,False,2.677281420063501,False,-0.2549738776403997,False
89.88294838518952,25.610048174143817,0.4244894060777473,0.19566773641995636,False,-0.5618711074858527,False,0.03217527497073515,False,2.2601165930506113,False,-0.23139903891618116,False
88.53294838518953,25.560048174143816,0.5330030218429818,0.34689014232980575,False,-0.16761258491733508,False,-0.3470566207010217,False,-0.17261988280071996,False,0.568056467574744,False
88.58294838518952,25.560048174143816,0.4830589553416515,0.3088730965505149,False,-0.042416644029771716,False,-0.3128717154479268,False,-0.15935710099359043,False,0.47534558428245843,False
88.63294838518952,25.560048174143816,0.4174236191860543,0.3064944633466717,False,0.13600215213720046,False,-0.2596320577155628,False,-0.4323448296792424,False,0.41623305540999583,False
88.68294838518952,25.560048174143816,0.336469043564585,0.26401630817320176,False,0.3853867803732911,False,-0.17802034181531884,False,-0.7479392145357479,False,0.3432376634142108,False
88.73294838518952,25.560048174143816,0.2787324586784578,0.09740172060262475,False,0.5482463767320033,False,-0.11818770444629416,False,-0.38904465549768913,False,0.14980699126731126,False
88.78294838518953,25.560048174143816,0.2691642424124932,-0.011358062877653743,False,0.3379124199561941,False,-0.12759623919053206,False,-0.047001363649382566,False,0.04499706472608911,False
88.83294838518952,25.560048174143816,0.35039489046583894,-0.22790411785412437,False,-0.15019062998338154,False,-0.11580226253325299,False,-0.018390846661038296,False,-0.10709813491820122,False
88.88294838518952,25.560048174143816,0.42407494071848106,-0.23482780858689192,False,-0.11066042062102632,False,-0.020809079806045294,False,-0.1577345900885633,False,-0.20455439923770974,False
88.93294838518952,25.560048174143816,0.4645280978518699,-0.14040482990041847,False,0.2001875806798674,False,0.06302404801990721,False,-0.11050049078689926,False,-0.2488884632094844,False
88.98294838518952,25.560048174143816,0.44851561490299446,-0.06599707028206919,False,0.29108242884019253,False,0.14201329732407397,False,0.027531326484284552,False,-0.22898178993048932,False
89.03294838518953,25.560048174143816,0.3962145000467387,0.02712730541219005,False,0.08429167851077377,False,0.12499784565862111,False,-0.058258000211515934,False,-0.057483917156945515,False
89.08294838518952,25.560048174143816,0.374920096452629,0.10301470300839963,False,0.007470794960614868,False,0.03783350134290965,False,-0.49619882138387505,False,0.2309880893673223,False
89.13294838518952,25.560048174143816,0.4400092775944108,0.035538700402442724,False,-0.031813488705875,False,0.028006499576585013,False,-0.8941025389543322,False,0.26774246944540825,False
89.18294838518952,25.560048174143816,0.5381513969327572,-0.004396966809961711,False,-0.06343759680492703,False,0.005783838176970341,False,-1.2580389633505606,False,0.19685383451161625,False
89.23294838518952,25.560048174143816,0.6091140803264642,0.005812254228670821,False,-0.02820447750052052,False,0.013362571525888434,False,-1.3051263038830614,False,0.20049882053411613,False
89.28294838518953,25.560048174143816,0.6953989022217351,0.04198461558769641,False,-0.14553593227660755,False,0.005504851956652346,False,-1.378714795706288,False,0.35939874309640774,False
89.33294838518952,25.560048174143816,0.7640082347035896,0.1203094225670831,False,-0.37012946874292163,False,0.0182661430817265,False,-1.3887384125692435,False,0.47268913986076766,False
89.38294838518952,25.560048174143816,0.7671078660478082,-0.050009827723821454,False,-0.8473172819137724,False,0.010745945392712009,False,-0.9541907540090819,False,0.345451437820938,False
89.43294838518952,25.560048174143816,0.7295501118204911,-0.10085007722061856,False,-1.1095956008212846,False,-0.0254341931388197,False,-1.0458466250243597,False,0.40838856874443,False
89.48294838518952,25.560048174143816,0.6797598598994503,0.025672801393335484,False,-1.3382715002970111,False,0.02282284671600266,False,-1.3764023133833305,False,0.5798509176541964,False
89.53294838518953,25.560048174143816,0.630765616572993,0.13814882236924214,False,-1.3573266656358869,False,0.20481155724258177,False,-0.8407074968014965,False,0.7488363753992594,False
89.58294838518952,25.560048174143816,0.605577035910531,0.08647806091993329,False,-1.4083752048848104,False,0.22888932238829263,False,1.6174483123917645,False,1.1661593854016337,False
89.63294838518952,25.560048174143816,0.599582716628351,0.10744962713209025,False,-1.5877140253324733,False,0.23612497707194424,False,3.4592260571632973,False,1.4288696862424997,True
89.68294838518952,25.560048174143816,0.587460491143121,0.16172969416887678,False,-1.3283609445819415,False,0.16297520734003457,False,3.4899078596243407,False,0.8674667751579914,False
89.73294838518952,25.560048174143816,0.549282856211167,0.14426547342198112,False,-0.6707319045530995,False,0.03391504932984414,False,2.594359285993715,False,0.007000707210095963,False
89.78294838518953,25.560048174143816,0.5003887151796813,0.09709094792160361,False,-0.35400854524787795,False,0.016786323183138885,False,2.6208098032691978,False,-0.275813633883185,False
89.83294838518952,25.560048174143816,0.4585292475790825,0.0630143462376247,False,-0.21629735157826135,False,0.03195010568622611,False,2.28688377220218,False,-0.3116993627219624,False
88.58294838518952,25.51004817414381,0.4242008436500677,0.357665120868371,False,-0.024263991072511065,False,-0.25040433343155305,False,-0.5176296580061832,False,0.4149198348613452,False
88.63294838518952,25.51004817414381,0.3252300505509377,0.4032905448758671,False,0.23770917720040857,False,-0.17790405548141466,False,-1.08311279499006,False,0.29375683271163955,False
88.68294838518952,25.51004817414381,0.2410320945285479,0.3042353372837489,False,0.43002460234195616,False,-0.1154028562798136,False,-0.9871875570737847,False,0.1970023206481587,False
88.73294838518952,25.51004817414381,0.22168644359414014,0.1325852319680721,False,0.514890996643568,False,-0.10183562085007442,False,-0.4836126622039999,False,0.11731645420020426,False
88.78294838518953,25.51004817414381,0.29421431495564787,-0.04893601276795994,False,0.2346242374152753,False,-0.1422383347249301,False,-0.04518956804313834,False,0.06103122570313968,False
88.83294838518952,25.51004817414381,0.37818869091220725,-0.26435387448261494,False,-0.21841368306799908,False,-0.14594258195242296,False,-0.005244427494416615,False,0.05174436833139673,False
88.88294838518952,25.51004817414381,0.41322844182605895,-0.36048536385124796,False,-0.011668872303190747,False,-0.11462387641613647,False,0.002899029245598317,False,0.08625336484064594,False
88.93294838518952,25.51004817414381,0.42977153634258436,-0.4382205523803475,False,0.43129778193082813,False,-0.08608830146309823,False,0.06262981557466593,False,0.1361730420379779,False
88.98294838518952,25.51004817414381,0.3986204144430921,-0.4005536828302846,False,0.5251580576015892,False,-0.038247842577799986,False,0.05173245588211685,False,0.1265452156859168,False
89.03294838518953,25.51004817414381,0.34556869823759506,-0.23137782359136796,False,0.3123738336197541,False,0.014699809716766168,False,-0.06783552610825495,False,0.11368207934844915,False
89.08294838518952,25.51004817414381,0.3575025169636524,-0.13295423377569743,False,0.26069176752157447,False,0.014049797381134897,False,-0.32752689206813584,False,0.16147955995984645,False
89.13294838518952,25.51004817414381,0.41960656349978426,-0.08889170697662996,False,0.17353806517518755,False,0.011917352442313019,False,-0.8081364896970074,False,0.22465530905589295,False
89.18294838518952,25.51004817414381,0.5078762891656177,-0.08565923716726792,False,-0.013857444864069535,False,0.03471372051557413,False,-1.346714880355067,False,0.139749609773198,False
89.23294838518952,25.51004817414381,0.5946588908344884,-0.06354332267420731,False,-0.12043554652018547,False,0.06865004796427088,False,-1.4151733169882763,False,0.18933627741159179,False
89.28294838518953,25.51004817414381,0.6883075852744439,0.03796224381448762,False,-0.42662247840341544,False,0.08884762509688648,False,-1.353063031759067,False,0.4928783165286526,False
89.33294838518952,25.51004817414381,0.7606146702290241,0.21454004308210523,False,-0.6057848932054053,False,0.07956382613237821,False,-1.4088736905381327,False,0.6733969766450449,False
89.38294838518952,25.51004817414381,0.772566700617988,0.08663291187864741,False,-0.875963412092269,False,0.06196783534561297,False,-1.1951642545264718,False,0.45022871848688806,False
89.43294838518952,25.51004817414381,0.7334321627230413,-0.06396769476272912,False,-1.0341214950735467,False,0.003901889349973736,False,-1.2407579694786646,False,0.3630527155311979,False
89.48294838518952,25.51004817414381,0.6639619531717975,0.023115365775394265,False,-1.2367540693019694,False,0.008276744471964852,False,-0.3372735742748397,False,0.7554006294308016,False
89.53294838518953,25.51004817414381,0.6066493925892605,0.09096888725212535,False,-1.5584742220461953,False,-0.0014948332102543774,False,1.8099444167351821,False,1.3244660901775864,False
89.58294838518952,25.51004817414381,0.5929594816164929,0.12361996716768636,False,-1.7863286882954412,False,-0.03159795095836449,False,2.8774914720413864,False,1.5986476311221036,False
89.63294838518952,25.51004817414381,0.5918509059688406,0.11323805215304338,False,-1.5559534774682966,False,-0.10425442787862939,False,2.8773998259537943,False,1.3815001691467854,True
89.68294838518952,25.51004817414381,0.5807618062679056,-0.02996179773051849,False,-0.551428256424159,False,-0.1428878133559764,False,2.505094492039753,False,0.6244220574719146,False
89.78294838518953,25.51004817414381,0.5122217828816894,-0.08985463118645143,False,0.12656594040429037,False,-0.06353169571571127,False,1.8167832048922379,False,-0.16971002149998812,False
89.83294838518952,25.51004817414381,0.45116096721603105,-0.07080562711565852,False,0.14154646947784322,False,0.000665809538148418,False,1.8702899183125523,False,-0.3135880330642073,False
88.83294838518952,25.46004817414381,0.454145905918158,-0.37021851993261945,False,-0.03551176864252173,False,-0.15412770243415017,False,-0.06290249948043025,False,0.13468408981076074,False
88.88294838518952,25.46004817414381,0.49051133340119635,-0.47378195935370965,False,0.19160452068034117,False,-0.12892412912273493,False,-0.03379000087118106,False,0.18555140592541375,False
88.93294838518952,25.46004817414381,0.5028691518492845,-0.560989623517798,False,0.38861192105436904,False,-0.1222345377140217,False,0.02986967429656985,False,0.227194221499942,False
88.98294838518952,25.46004817414381,0.47838015151934915,-0.42642570989973266,False,0.2671624561060506,False,-0.07397684041827904,False,-0.12694340701463613,False,0.21337440474770383,False
89.03294838518953,25.46004817414381,0.4431790448819139,-0.2548845759714067,False,0.12216550127177425,False,-0.01911730545969058,False,-0.29133037910441,False,0.2015325044209798,False
89.08294838518952,25.46004817414381,0.4217107553999388,-0.16651204435937467,False,0.18510560526098357,False,0.020234741056338316,False,-0.462542029533889,False,0.168085875868425,False
89.13294838518952,25.46004817414381,0.4109183772366458,-0.028708624066778016,False,0.16567946525562066,False,0.03148792109429875,False,-0.9781029824233489,False,0.24705707760752238,False
89.18294838518952,25.46004817414381,0.4214102921886748,-0.01491884504599024,False,0.009283425781149372,False,0.08149314964794624,False,-1.6584377137174822,False,0.22042947359651338,False
89.23294838518952,25.46004817414381,0.4843040051326879,-0.02972940205901599,False,-0.17715344663155674,False,0.11046146108836069,False,-1.71640145217168,False,0.21992562208695765,False
89.28294838518953,25.46004817414381,0.6289414590501521,-0.02627286152401856,False,-0.41250758391400233,False,0.14070022952126465,False,-1.475082073173033,False,0.4313107128906191,False
89.33294838518952,25.46004817414381,0.7424711464365154,0.052525931307178086,False,-0.6192207421177426,False,0.10613873930263262,False,-1.076881046366144,False,0.5504159413612901,False
89.38294838518952,25.46004817414381,0.7838518653347794,0.01892542905477748,False,-0.7319325680892415,False,0.05235058555096643,False,-0.5785885468671135,False,0.5602401690528815,False
89.43294838518952,25.46004817414381,0.7526837778217568,-0.1226630711261881,False,-0.7859541019560965,False,-0.0217481913051384,False,0.11722438539432378,False,0.5716619264118881,False
89.48294838518952,25.46004817414381,0.6579850890642258,-0.10703181137598637,False,-0.9449180541057586,False,-0.09175526154448253,False,2.0382910014446285,False,0.9770658941260306,False
89.53294838518953,25.46004817414381,0.592636241770559,-0.05858495668041479,False,-1.132318616959283,False,-0.14851129679720204,False,2.5349415360751824,False,1.1459069063879443,False
89.58294838518952,25.46004817414381,0.5859042969866483,0.004124252484158223,False,-1.3336552419589416,False,-0.16333397369589392,False,2.3868989620356666,False,1.2545968605225921,False
89.63294838518952,25.46004817414381,0.5828546955311982,-0.055919038498011525,False,-0.6788644598795237,False,-0.2346323019325055,False,1.627823382270267,False,0.6795395441872136,False
89.68294838518952,25.46004817414381,0.5676249426334196,-0.17524589978751054,False,0.1576937266931963,False,-0.2635076821422712,False,1.2830152547612264,False,0.11268784763943862,False
89.78294838518953,25.46004817414381,0.490226574502697,-0.11053455089148528,False,0.21343897859594663,False,-0.09343748003827557,False,1.0455266937715937,False,-0.07226750451055985,False
89.83294838518952,25.46004817414381,0.4378898921873657,-0.052454182274922545,False,0.07022720805150229,False,0.0005264768080375098,False,1.0147941807273664,False,-0.12428231026679898,False
88.83294838518952,25.41004817414381,0.52805952838065,-0.47103846796607585,False,-0.021150637728100427,False,-0.13709505283264065,False,-0.16726450313015478,False,0.13348942568453812,False
88.88294838518952,25.41004817414381,0.5671253596506022,-0.5455010916154509,False,0.009897361433304983,False,-0.11716613601660433,False,-0.15055307932956183,False,0.1907049531188139,False
88.93294838518952,25.41004817414381,0.5724198831205156,-0.4842716754883351,False,-0.08493915390144874,False,-0.07738426066932108,False,-0.24142833692598864,False,0.25044696650200926,False
88.98294838518952,25.41004817414381,0.5396944025724459,-0.3535699201547291,False,-0.24384490650329518,False,-0.03581980945583105,False,-0.41470986755478345,False,0.3038197924388053,False
89.03294838518953,25.41004817414381,0.5014588874633054,-0.2537354996928292,False,-0.27835771624115635,False,-0.005647848012420603,False,-0.5808505573320238,False,0.29118773229957495,False
89.08294838518952,25.41004817414381,0.46068681374488635,-0.23265819947270178,False,-0.10039673473178459,False,0.039496140820480086,False,-0.7645723391859801,False,0.2269845185244171,False
89.13294838518952,25.41004817414381,0.4254530265015836,-0.2030861853741651,False,0.004077637960920338,False,0.08079654852061342,False,-1.1757315466730125,False,0.24377375562782966,False
89.18294838518952,25.41004817414381,0.41446735806231577,-0.17433130414518833,False,0.044781816990548125,False,0.11550045946333445,False,-1.3188798713441796,False,0.31101448535784415,False
89.23294838518952,25.41004817414381,0.44168339425724973,-0.20727467583924442,False,-0.1515714085482195,False,0.13988267868607301,False,-0.9316450210368338,False,0.2630696938106463,False
89.28294838518953,25.41004817414381,0.6117262902401474,-0.2690073154025454,False,-0.4024597736304196,False,0.1708179479425208,False,-0.48359446641653725,False,0.3000119032291928,False
89.33294838518952,25.41004817414381,0.7476353327858819,-0.2312388297392049,False,-0.750362368169647,False,0.14046883681349948,False,0.33303005091136473,False,0.3512116320725892,False
89.38294838518952,25.41004817414381,0.8014023807213925,-0.14390836750289665,False,-0.8121782379440925,False,0.06843992232954293,False,0.8422506650028612,False,0.6579342050720531,False
89.43294838518952,25.41004817414381,0.7746377967947458,-0.10119900970923029,False,-0.7664960644095661,False,0.0027892987870462294,False,1.313474414028124,False,0.8341869167577697,False
89.48294838518952,25.41004817414381,0.6671503547616006,-0.15463922589189155,False,-0.6872432756968773,False,-0.10347550071793452,False,1.3736644717697186,False,0.7797247573573827,False
89.53294838518953,25.41004817414381,0.567609868567572,-0.14343050660264556,False,-0.6132305093751045,False,-0.2098183325341676,False,1.379990278380101,False,0.7090319686132801,False
89.58294838518952,25.41004817414381,0.5484896338676467,-0.12078212531702642,False,-0.4141414471693086,False,-0.2940375859909097,False,1.0296906693961518,False,0.4815885112931849,False
89.63294838518952,25.41004817414381,0.5503292860317527,-0.16477354226180457,False,0.16932182615651664,False,-0.31579212219295855,False,-0.016612003338950354,False,-0.061787517253256694,False
89.73294838518952,25.41004817414381,0.49466415496547894,-0.10448836252855659,False,0.31257371935656986,False,-0.16805784787797517,False,0.15641363615571674,False,-0.30751813891725877,False
89.78294838518953,25.41004817414381,0.4276280995105078,-0.042218333637259686,False,0.10798407323533327,False,-0.06597351428799629,False,0.3707686331091884,False,-0.10420948713447559,False
89.83294838518952,25.41004817414381,0.34785132773083816,0.0022796571390361065,False,-0.12292004454959782,False,0.08385151325278978,False,0.6516213057555126,False,0.027044128691330993,False
88.88294838518952,25.360048174143817,0.6536364758424492,-0.47512449228215736,False,-0.5392686050944293,False,-0.08785975889602798,False,-0.5530789612146043,False,0.20363680099939352,False
88.93294838518952,25.360048174143817,0.6463241509635524,-0.3703089388331551,False,-0.7025672108128724,False,-0.029491754911399798,False,-0.6888383776740585,False,0.34923551075823334,False
88.98294838518952,25.360048174143817,0.6179467474472016,-0.35148812011015496,False,-0.7704186794430626,False,0.0017522767114451707,False,-0.8705565607803472,False,0.4215216925529808,False
89.03294838518953,25.360048174143817,0.5752152344195056,-0.40320082893872866,False,-0.7147294251955226,False,0.01961903605276018,False,-1.1234921684431798,False,0.44175726732848863,False
89.08294838518952,25.360048174143817,0.5232889627285255,-0.4615483339018531,False,-0.4640490654396766,False,0.07296033998778388,False,-1.2163819476628102,False,0.349656757081394,False
89.13294838518952,25.360048174143817,0.4707992809432702,-0.4082137577604747,False,-0.23918327327451328,False,0.12404202126076304,False,-0.6594261189921022,False,0.22385330240482051,False
89.18294838518952,25.360048174143817,0.45525407360440595,-0.33546002830584287,False,-0.20970536872961631,False,0.13110878210124494,False,-0.08735698037200221,False,0.25143085105213653,False
89.23294838518952,25.360048174143817,0.4566393030700337,-0.38406564269450255,False,-0.264430139539077,False,0.1641112598004531,False,0.1598784852963769,False,0.23958044468273246,False
89.28294838518953,25.360048174143817,0.603595592828694,-0.49104192233307753,False,-0.4638592631235712,False,0.17668733220689767,False,0.46137263477829615,False,0.1781016662338557,False
89.33294838518952,25.360048174143817,0.7553746451721077,-0.48120383233923447,False,-0.7849411040363442,False,0.14704286141750883,False,0.9937846113516945,False,0.11394386307462931,False
89.38294838518952,25.360048174143817,0.8092423587663914,-0.45599834032855646,False,-0.6720405624340283,False,0.11067805253294077,False,1.2001116139850407,False,0.424792851588906,False
89.43294838518952,25.360048174143817,0.7699482459925354,-0.2705525432418532,False,-0.5953593881602549,False,0.06934134054164477,False,1.4261104156968756,False,0.7431375068060981,False
89.48294838518952,25.360048174143817,0.6480551154972195,-0.21975055082867095,False,-0.4918974888537826,False,-0.015345519417941864,False,1.168346847733548,False,0.6752447848619435,False
89.53294838518953,25.360048174143817,0.5109367495546964,-0.15003832836491904,False,-0.33797362825342264,False,-0.14800415022547603,False,0.43725386778675285,False,0.4481283641278502,False
89.58294838518952,25.360048174143817,0.49236395780908637,-0.127578022934035,False,-0.07131094063804201,False,-0.26246131292945285,False,-0.22729121593991786,False,0.09846208031700543,False
89.63294838518952,25.360048174143817,0.5014737064822505,-0.14019550788397306,False,0.3202885551824507,False,-0.2584533899372548,False,-1.291473986538127,False,-0.34322529060261964,False
89.68294838518952,25.360048174143817,0.4761758206810386,-0.10413148453806814,False,0.4560514750962619,False,-0.22815286727243006,False,-1.5539629926099061,False,-0.6044814198185584,False
89.73294838518952,25.360048174143817,0.4171956002182418,-0.051737737233632064,False,0.3063295930878158,False,-0.14297970934527054,False,-0.8420569888894587,False,-0.4865816439607744,False
89.78294838518953,25.360048174143817,0.33660056374197744,-0.004947635840380521,False,-0.0024087706481087795,False,0.025374224623349498,False,0.021388595580735734,False,-0.12873022852449906,False
88.93294838518952,25.310048174143816,0.7299771420200857,-0.36090444646590836,False,-1.0806009005832855,False,-3.834614071539927e-05,False,-1.4643196171910893,False,0.352291318982502,False
88.98294838518952,25.310048174143816,0.7156431533804558,-0.46357904711265596,False,-1.0643443448355747,False,0.022119391199299843,False,-1.6493789972237338,False,0.4550505635140871,False
89.03294838518953,25.310048174143816,0.6860543080332974,-0.5256053832259425,False,-1.034230396782887,False,0.03617658737731225,False,-1.410987055244736,False,0.49819732849905707,False
89.08294838518952,25.310048174143816,0.6247131342567336,-0.3961986914057356,False,-0.9594816721460776,False,0.0549554474327582,False,-0.3678615134519132,False,0.368784563914611,False
89.13294838518952,25.310048174143816,0.5382768230896883,-0.31511815477659433,False,-0.616449709386029,False,0.15400352063459272,False,0.16400045845865494,False,0.11885075762689391,False
89.18294838518952,25.310048174143816,0.46035709015562293,-0.29657766397023,False,-0.4778700393881078,False,0.17028934869566076,False,0.35224709478010485,False,0.11062754244971587,False
89.23294838518952,25.310048174143816,0.4369640283930325,-0.36278504781442356,False,-0.3932830222995299,False,0.15444255371724536,False,0.40620493071493147,False,0.10985430703440834,False
89.28294838518953,25.310048174143816,0.5697733182220629,-0.5466678963839827,False,-0.4595810957748985,False,0.140018723674536,False,0.5485167944198606,False,-0.00943973671138948,False
89.33294838518952,25.310048174143816,0.7395744627157239,-0.6018983573677895,False,-0.7104464801870323,False,0.14613390048602728,False,0.9363219109965959,False,-0.045918125757810985,False
89.38294838518952,25.310048174143816,0.8008792669834816,-0.6112420761185484,False,-0.3562079551991869,False,0.14066832372706062,False,0.8555851158955897,False,0.2882901942496495,False
89.43294838518952,25.310048174143816,0.7440251692921929,-0.36059150833926484,False,-0.3424083554564519,False,0.09165210441249176,False,1.0321661774094402,False,0.5732960012805026,False
89.48294838518952,25.310048174143816,0.5941427300328388,-0.25445383647316644,False,-0.32548547506659864,False,0.036668292257971816,False,1.0158993374333125,False,0.5352003149400288,False
89.53294838518953,25.310048174143816,0.48670626005176487,-0.14960312912697546,False,-0.2686887752007245,False,-0.05137566165234851,False,0.2153958520608027,False,0.32324506107273476,False
89.58294838518952,25.310048174143816,0.49188434638080536,-0.10171816511088351,False,-0.12996678270984297,False,-0.12459149971104622,False,-0.693579319339979,False,0.027141191904468426,False
89.63294838518952,25.310048174143816,0.49955274820332585,-0.11289133423234969,False,0.1940180233930181,False,-0.059170364517426244,False,-1.9447098374050613,False,-0.39606168471091807,False
89.68294838518952,25.310048174143816,0.44514686655484476,-0.06546114597072583,False,0.2535522224232557,False,-0.02992286630936851,False,-2.152726757500622,False,-0.5919337450236938,False
89.73294838518952,25.310048174143816,0.3782538480817648,-0.03428713943025906,False,0.0726650335251231,False,0.077363666275857,False,-1.0093303756387055,False,-0.3282486596585607,False
89.78294838518953,25.310048174143816,0.3124247799433898,-0.0100561315787377,False,-0.14492251511991744,False,0.21419895111219484,False,-0.18174112012010962,False,-0.04648185778074426,False
89.83294838518952,25.310048174143816,0.29050102319227056,0.0026458892973135056,False,-0.32498618528951784,False,0.3355952935601489,False,0.18565180401989906,False,0.16083032599259317,False
88.98294838518952,25.26004817414381,0.7519790130539912,-0.20909203999148923,False,-1.5799584306721215,False,0.027081811019375374,False,-0.3080954063142366,False,0.3407045539026091,False
89.03294838518953,25.26004817414381,0.7395230413532013,-0.23628299983154746,False,-1.604170499211636,False,0.049887950616425064,False,-0.0909347580450966,False,0.38645950381305344,False
89.08294838518952,25.26004817414381,0.6834913454710034,-0.23484308113696717,False,-1.2507669096738407,False,0.09554651253074639,False,0.1256842297448788,False,0.2051531089419803,False
89.13294838518952,25.26004817414381,0.5896789662509594,-0.29350844014928934,False,-0.7166108740382153,False,0.19132287445013205,False,0.12251904454681296,False,-0.05639199807086476,False
89.18294838518952,25.26004817414381,0.46730195721953655,-0.35600804781630435,False,-0.48361189420448336,False,0.1646762420409693,False,0.10609439849931601,False,-0.06523733584821888,False
89.23294838518952,25.26004817414381,0.4321630393981311,-0.48730107950098234,False,-0.2721045891886114,False,0.10506005926707718,False,0.061781335601876236,False,-0.091425110785953,False
89.28294838518953,25.26004817414381,0.555401054683171,-0.5977120555331487,False,-0.22899506304694386,False,0.09170237569247097,False,0.06232079821429907,False,-0.1635901513483053,False
89.33294838518952,25.26004817414381,0.7206204408584558,-0.6715125608088093,False,-0.10190953714261133,False,0.13409559360481307,False,-0.06316567392325809,False,-0.03760187791253938,False
89.38294838518952,25.26004817414381,0.7783820278809601,-0.5666370775199446,False,0.18393358359766865,False,0.14141839236129794,False,-0.3912390837758467,False,0.1746097195020383,False
89.43294838518952,25.26004817414381,0.7058914804950552,-0.3542237269092016,False,-0.017013974601935072,False,0.09817474489653821,False,-0.13117043863803252,False,0.29128686358369116,False
89.48294838518952,25.26004817414381,0.5470162843439368,-0.2615841188768003,False,-0.2069384847071409,False,0.057262882892425745,False,0.5377651666475676,False,0.3782539367264558,False
89.53294838518953,25.26004817414381,0.5063585069995401,-0.19206318867690952,False,-0.268611203030785,False,0.036780818018497814,False,0.5176599517848374,False,0.3011438902786971,False
89.58294838518952,25.26004817414381,0.5395841306481588,-0.1514876716278853,False,-0.1673978512419036,False,0.04794762899403639,False,-0.44369250483530237,False,0.027728638919184298,False
89.63294838518952,25.26004817414381,0.5243838638341166,-0.16176845733662465,False,0.021342348254696053,False,0.22638395992004387,False,-1.5358796448413399,False,-0.2802926483134225,False
89.73294838518952,25.26004817414381,0.3605802330373386,-0.04223858485813845,False,-0.1428106324303621,False,0.33425968995211763,False,-0.7819399890570751,False,-0.06165429198829463,False
89.78294838518953,25.26004817414381,0.37862434228544656,0.006133590823664872,False,-0.2788643807384436,False,0.3456801597023432,False,-0.4537225128355976,False,0.03416886895400309,False
89.83294838518952,25.26004817414381,0.41062571789816393,0.027069434787509294,False,-0.38789261633387084,False,0.3677833057160947,False,-0.2937958433279926,False,0.1881512804398391,False
89.88294838518952,25.26004817414381,0.45882548749845087,0.0482517829714974,False,-0.5043613723673485,False,0.4304345148654964,False,-0.1831029815485456,False,0.21190668442549376,False
89.93294838518952,25.26004817414381,0.5227906129710477,0.25040747739454106,False,-0.8079543861225027,False,0.4978326601413591,False,-0.19711174549505894,False,-0.022238041443452927,False
89.98294838518952,25.26004817414381,0.5861227815627923,0.774318104347427,False,-0.877220492421062,False,0.425761408427063,False,-1.8621507743860994,False,-0.48350653968646173,False
90.03294838518953,25.26004817414381,0.6773168140722323,1.0956715147338252,True,-0.2969934437463113,False,0.16241840712156203,False,-2.6421712709721006,False,-0.8324392200751893,False
88.48294838518952,25.21004817414381,0.7754183174661858,-0.00013911199136495966,False,1.678573889453487,True,0.2565302318173415,False,0.2426864952375638,False,1.2664285238863924,False
88.68294838518952,25.21004817414381,0.8662593735503903,-0.5719770589440406,False,1.9240392006915659,True,0.0517014448864718,False,0.5935799968035202,False,0.3967361387033067,False
88.98294838518952,25.21004817414381,0.6945366966064919,0.019337280578313014,False,-1.9205953398282007,False,-0.01475179275263594,False,0.44773836264594064,False,0.21512863500508994,False
89.03294838518953,25.21004817414381,0.7115448935664581,-0.04298061626592217,False,-1.6860737861982749,False,0.05573971076339829,False,0.2761943801557323,False,0.16932216553984436,False
89.08294838518952,25.21004817414381,0.6811876368097382,-0.1478974120026852,False,-1.1940620738400896,False,0.09985631983554075,False,0.1358664118848836,False,0.007899177589911321,False
89.13294838518952,25.21004817414381,0.5936100202887021,-0.28479837308459605,False,-0.6443137984535517,False,0.13824458744749824,False,0.005800232126913957,False,-0.14219434764031819,False
89.18294838518952,25.21004817414381,0.5004309054890187,-0.41594865337675213,False,-0.375776705038282,False,0.09829139430921353,False,-0.08623478312050437,False,-0.1332701304054792,False
89.23294838518952,25.21004817414381,0.5119104338545267,-0.5427770275128962,False,-0.2324649903989302,False,0.042438295794289316,False,-0.1596836598299318,False,-0.16331439322472102,False
89.28294838518953,25.21004817414381,0.6074718162443297,-0.5817072331862038,False,-0.18047144752238292,False,0.030866707525944,False,-0.2692767018738146,False,-0.2074326999428991,False
89.33294838518952,25.21004817414381,0.7234853205192864,-0.5939218087787587,False,0.1645348935780246,False,0.05592496480087522,False,-0.6679380803596731,False,0.0777770863179649,False
89.38294838518952,25.21004817414381,0.7639077985316843,-0.45148675306324315,False,0.3768255740267408,False,0.08062724479485656,False,-0.992696081270608,False,0.15411733257854557,False
89.43294838518952,25.21004817414381,0.6854874766815516,-0.4753409923692434,False,0.3200554184349945,False,0.11138323655753127,False,-0.8351268935505474,False,0.07861352045430059,False
89.48294838518952,25.21004817414381,0.5405722725321395,-0.36141442142954694,False,0.059424493340056894,False,0.08584476683844094,False,-0.2593566249306651,False,0.165987407878243,False
89.53294838518953,25.21004817414381,0.524421424946556,-0.2764099746333204,False,-0.15197295457883128,False,0.075081098328041,False,0.38115834142267524,False,0.21979056515519813,False
89.58294838518952,25.21004817414381,0.5606877429810314,-0.2258472181015314,False,-0.1840305790711235,False,0.16561003220394083,False,0.11947839561562287,False,0.06810507814100443,False
89.63294838518952,25.21004817414381,0.5480514570507865,-0.20109709166673242,False,-0.18522765902290791,False,0.4294576384946296,False,-0.6350951480130459,False,-0.13867365813979068,False
89.73294838518952,25.21004817414381,0.4992420049481054,-0.04067654441693731,False,-0.277135092097486,False,0.35821122074672584,False,-0.5212616554221217,False,0.08344173113875963,False
89.78294838518953,25.21004817414381,0.5614406916867898,0.019816873126337432,False,-0.37726927910283964,False,0.257320053906293,False,-0.37198719409150516,False,0.12661241660419317,False
89.83294838518952,25.21004817414381,0.5453267220195877,-0.07286932156687646,False,-0.3032114643957533,False,0.27378971457618184,False,0.10444359533199529,False,0.15462981093130174,False
89.88294838518952,25.21004817414381,0.5524022775369691,-0.005580067797792507,False,-0.48463894174447164,False,0.3527702954705798,False,0.25140482080687554,False,0.12579167727240434,False
89.93294838518952,25.21004817414381,0.5930162617497166,0.3778014921120011,False,-0.8920149101047662,False,0.39962726413347954,False,-0.2884431249054067,False,-0.2688701931766453,False
89.98294838518952,25.21004817414381,0.6518231169261863,0.8345980103263084,False,-0.83923133506974,False,0.2871177753449456,False,-1.4190641547719942,False,-0.7353875602327422,False
90.03294838518953,25.21004817414381,0.7144523491229896,1.1409739538738304,True,-0.11045604091306482,False,0.09071833246711675,False,-2.501901381959114,False,-0.9436023750419201,True
90.08294838518952,25.21004817414381,0.7647626735533067,1.2589174270640227,True,-0.00028939977193281896,False,0.01570357089054037,False,-2.349297914343532,False,-0.908128123168773,True
90.13294838518952,25.21004817414381,0.8085938252597744,1.122044561935271,True,-0.2586678726746636,False,-0.09621327606603079,False,-1.160405182993235,False,-0.6770302993339287,False
90.18294838518952,25.21004817414381,0.8485284118945828,0.9114788683882953,True,-0.5866756162483866,False,-0.24851277457296514,False,0.05804251546121869,False,-0.39456814540721263,False
90.23294838518952,25.21004817414381,0.882198707302991,0.6709402304737636,False,-0.8271614828787036,False,-0.3851660807306957,False,1.6449939705193044,False,-0.0049730254172756505,False
88.48294838518952,25.16004817414381,0.7766614365166093,0.003313939885133732,False,1.519554082022422,False,0.2854407794544457,False,-0.4341681494967222,False,1.5101729011019998,False
88.53294838518953,25.16004817414381,0.7885144647660446,-0.06457151529090188,False,1.8006875622475298,True,0.27007916111356906,False,0.379609080412715,False,1.0823747633695924,False
88.58294838518952,25.16004817414381,0.8058956207475215,-0.11238613151721599,False,2.091301187656881,True,0.21158153850155198,False,1.4044935030993617,False,0.6081306440974137,False
88.63294838518952,25.16004817414381,0.8346671004727625,-0.19726209848754794,False,2.299639647610328,True,0.14207311660845748,False,2.024350378732357,False,0.1920478331868578,False
88.68294838518952,25.16004817414381,0.8733509973057796,-0.4080232765767783,False,2.29043654380651,True,0.08537030517503037,False,1.8432161412608719,False,0.0792363006365221,False
88.73294838518952,25.16004817414381,0.9028883143372628,-0.775337149466414,False,2.0025029561454506,True,-0.016235193159734575,False,0.06391909419595265,False,-0.06100142186685786,False
88.78294838518953,25.16004817414381,0.8979675307820923,-1.1376754966835345,False,1.4827439913766842,True,-0.1985254434046178,False,-1.9765739974019356,False,-0.04199699287704476,False
88.83294838518952,25.16004817414381,0.837520660661407,-0.9218122861568652,False,0.9811501063573866,False,-0.22353993963744606,False,-1.2753735477276973,False,0.1864333171261103,False
88.88294838518952,25.16004817414381,0.7452981526098107,-0.4986007459311032,False,0.011494863602120597,False,-0.15801553663710605,False,0.28757705976314896,False,0.3850981160405004,False
88.93294838518952,25.16004817414381,0.640484572520946,-0.25443247653300655,False,-0.439771805887388,False,-0.11197608985581595,False,0.6334660326468459,False,0.37007117811010626,False
88.98294838518952,25.16004817414381,0.5504018767337145,-0.12284745473481509,False,-0.657086151995698,False,-0.06965940828989126,False,0.5825748516725586,False,0.14548521516829432,False
89.03294838518953,25.16004817414381,0.593134149033459,-0.14229464811230025,False,-0.5979841166066607,False,0.000489265072333045,False,0.34332369642552607,False,-0.041425545720080476,False
89.08294838518952,25.16004817414381,0.6012135819232817,-0.25626807456232814,False,-0.400015882310843,False,0.055685232561752174,False,0.17795071485595695,False,-0.12549353000981406,False
89.13294838518952,25.16004817414381,0.554092486620404,-0.29463532937943493,False,-0.4241067863493989,False,0.0533102969446696,False,0.031201197124092014,False,-0.07544473038693739,False
89.18294838518952,25.16004817414381,0.5334194961048926,-0.2916742941538381,False,-0.45152349607570413,False,0.029605363669936408,False,-0.13352492098219473,False,-0.02170553130064154,False
89.23294838518952,25.16004817414381,0.577277235762952,-0.3450292872481434,False,-0.4249771849888759,False,0.018738992019668846,False,-0.2657765842961423,False,-0.04387096082963923,False
89.28294838518953,25.16004817414381,0.6376208119150706,-0.39597362558667354,False,-0.38256185292072714,False,0.027333640049784846,False,-0.42862855923637844,False,-0.10586396807077003,False
89.33294838518952,25.16004817414381,0.7274598563872,-0.34053750852653253,False,-0.07116147251330487,False,-0.02238504068618105,False,-0.932078444912741,False,0.22513185171303662,False
89.38294838518952,25.16004817414381,0.7708739476986408,-0.23492894310103946,False,0.1769655091366758,False,-0.011031268304920488,False,-1.2177816602849125,False,0.2578387379298008,False
89.43294838518952,25.16004817414381,0.7018907797666517,-0.4441298866436399,False,0.2789381477731271,False,0.09158458176691756,False,-1.0144386340812264,False,0.09928816767720293,False
89.48294838518952,25.16004817414381,0.5605072734995619,-0.4489698325927473,False,0.2168017965154315,False,0.12261959634215071,False,-0.6786914798994906,False,0.08752410082001637,False
89.53294838518953,25.16004817414381,0.5306916061770612,-0.35966482422723767,False,0.017694005387312584,False,0.10146510503421215,False,-0.1148130951164737,False,0.10702267955170452,False
89.58294838518952,25.16004817414381,0.5786626965326921,-0.22864402074205237,False,-0.24126301577902023,False,0.14050556819517424,False,0.10477010979929738,False,0.010114496428662884,False
89.63294838518952,25.16004817414381,0.5823984836549336,-0.07486071327873733,False,-0.5734769238584558,False,0.30524808042390217,False,-0.21590717326173497,False,-0.1667897583729941,False
89.68294838518952,25.16004817414381,0.5654858804290367,-0.009097219662045908,False,-0.6733812483625158,False,0.31746849730611804,False,0.047024106753378925,False,-0.26573354135556976,False
89.73294838518952,25.16004817414381,0.6239530216098967,-0.008551477029829196,False,-0.4755021136072014,False,0.17949098294963148,False,0.017716468596617407,False,0.1398274854673035,False
89.78294838518953,25.16004817414381,0.7049813373189758,-0.10881890161427096,False,-0.35080216927968144,False,0.1295875728250015,False,-0.02899417404994467,False,0.35397543120495933,False
89.83294838518952,25.16004817414381,0.6636744277227982,-0.3047016621057731,False,-0.1541853874575571,False,0.17936565412025032,False,0.5374126442219772,False,0.3237070669020001,False
89.88294838518952,25.16004817414381,0.5921025370887395,-0.13889824917442262,False,-0.2831133071623524,False,0.22110240120729066,False,0.538122410462623,False,0.051002872005289725,False
89.93294838518952,25.16004817414381,0.6236187126489221,0.2678851012944228,False,-0.6949757724686212,False,0.2812509613769789,False,0.12224317783564674,False,-0.3799703471256892,False
89.98294838518952,25.16004817414381,0.6853946463678904,0.7467626908191534,False,-0.8179233322928534,False,0.23990058102391484,False,-0.6490586821901321,False,-0.8808976347833635,False
90.03294838518953,25.16004817414381,0.750180920476422,1.0156041961548308,True,-0.00897314343504893,False,0.04730481958372956,False,-1.5854685304165352,False,-1.0477926441467749,True
90.08294838518952,25.16004817414381,0.7978451657445461,1.1592671907345555,True,-0.028667572205044484,False,-0.034052389061183005,False,-1.8044559053371172,False,-0.9655706750025507,True
90.13294838518952,25.16004817414381,0.8406443501096502,1.0870078114427346,True,-0.524006028451675,False,-0.17399104298188223,False,-1.341313958566098,False,-0.6696796085437484,False
90.18294838518952,25.16004817414381,0.8786751914890341,0.884424495911655,True,-1.0230813831667926,False,-0.3392251711158246,False,-0.29187135040255774,False,-0.2813468720342024,False
90.23294838518952,25.16004817414381,0.9090602741712757,0.6922576977945536,False,-1.2035069144486104,False,-0.3997006692873612,False,1.035221830842371,False,0.024073531076382715,False
90.28294838518951,25.16004817414381,0.9283832366346503,0.5883457624943118,False,-1.2186195513588127,False,-0.33636489731370334,False,2.0211248797450487,False,0.3038042321203736,False
90.33294838518952,25.16004817414381,0.9337957776240635,0.5791379710411276,False,-1.2716322570621852,False,-0.25773669820238687,False,2.445997172368612,False,0.4031018006027651,False
90.38294838518952,25.16004817414381,0.9279748644762703,0.6781571386718674,True,-1.5378598735347864,False,-0.22027122987268294,False,2.021281639839702,False,0.22317649084899116,False
90.48294838518952,25.16004817414381,0.8943231013737337,0.7022405834370988,True,-1.8888941877883205,False,-0.10393659426339866,False,1.490690698921529,False,0.15131622162280747,False
90.53294838518951,25.16004817414381,0.8639399621523808,0.7518037317397757,True,-1.4191320056934824,False,-0.06817520881747804,False,0.661228470102917,False,0.2913930992015175,False
90.58294838518952,25.16004817414381,0.8351261202124206,0.7775957207929359,True,-1.1874359804304406,False,0.018926179328413256,False,-0.3927566909813416,False,0.34285455941058807,False
90.63294838518952,25.16004817414381,0.8186585110983361,0.7760771888274887,True,-1.2294308411199077,False,0.09922779700587737,False,-1.1095525477223473,False,0.30637397278257333,False
90.68294838518952,25.16004817414381,0.8253372747551267,0.7480642926286737,False,-1.3232921838798215,True,0.089079062464753,False,-0.7919325112961737,False,0.2524437239881364,False
90.73294838518952,25.16004817414381,0.8412786276921164,0.7586256685743646,False,-1.194343996686281,True,0.0006696221282377762,False,0.3198307111866272,False,0.059971336738613046,False
90.78294838518951,25.16004817414381,0.8495781851017327,0.7913028982295645,False,-1.148323408989329,True,-0.06612291252256708,False,1.041081443754743,False,-0.18710991861972712,False
90.83294838518952,25.16004817414381,0.8580807033328733,0.7170466697793043,False,-1.200248211928988,True,-0.054902712545335394,False,1.8710199615754592,False,-0.30834450069141317,False
90.88294838518952,25.16004817414381,0.8694166473965064,0.5031865718259547,False,-1.1033491541834113,True,-0.0054538473072368865,False,3.428327422187762,False,-0.034140863639866875,False
90.93294838518952,25.16004817414381,0.8738123010675569,0.3276180132840961,False,-0.7452155900330679,True,0.12214200880763446,False,3.733995623125857,False,0.6065345212465494,False
90.98294838518952,25.16004817414381,0.8732226757189837,0.29113088654422,False,-0.5983768352365121,False,0.11730367279841114,False,2.9241953698050542,False,0.8648276832079073,False
91.03294838518951,25.16004817414381,0.8729455080531142,0.23118872010976285,False,-0.7191154021036874,True,0.03274842583153653,False,3.1734468021702185,False,0.6833289091141981,False
91.13294838518952,25.16004817414381,0.9037981092034812,0.024330211220894044,False,-1.0074650392504645,True,0.22887834415025582,False,5.559089080345477,False,0.07539173558677528,False
91.18294838518952,25.16004817414381,0.9234217737941905,0.03123395092425338,False,-1.0858403706235633,True,0.38423200742065267,False,5.663277514131618,True,-0.03833779101857965,False
91.23294838518952,25.16004817414381,0.9308306963718845,0.15676649008693552,False,-1.1656034076051092,True,0.4969266281278741,False,5.201320263723005,True,-0.062314160320669554,False
91.28294838518951,25.16004817414381,0.9249040795897537,0.35023285824979256,False,-1.2729844259213787,True,0.5362060045004493,False,3.983806962499525,False,0.00974978335868626,False
91.33294838518952,25.16004817414381,0.9110900656094232,0.47075955644201894,False,-1.409516057547968,True,0.5750541644527569,False,2.753291924862191,False,0.2125781502464237,False
91.38294838518952,25.16004817414381,0.8940038185369218,0.5132602042053217,False,-1.6341890249429598,True,0.5994280760317164,False,2.3069371340303704,False,0.4086112795955699,False
91.43294838518952,25.16004817414381,0.8807830005523837,0.6180937560898883,False,-2.0105931974897775,True,0.47852028582045025,False,1.7220015906908022,False,0.30704124990554443,False
91.58294838518952,25.16004817414381,0.8430627885097393,0.8729902175424273,True,-2.2498710920874263,True,0.028339986412609167,False,1.1480819091490155,False,0.07806265290615516,False
91.73294838518952,25.16004817414381,0.7388195664721456,0.4588201631108153,False,-1.8639360184077458,True,-0.3884959719711292,False,1.922805862746527,False,0.702738168285408,False
91.78294838518951,25.16004817414381,0.6930771666778516,0.2657793774259532,False,-1.443605498514173,True,-0.2868824104092639,False,2.0689581938835055,True,0.29911061738160966,False
91.83294838518952,25.16004817414381,0.6471213487805768,0.15237088668786675,False,-1.179019579670032,True,-0.16674666344980055,False,1.9889886107608288,False,0.1367413758459583,False
91.88294838518952,25.16004817414381,0.6162648197066544,0.19764404055006526,False,-0.9937725395118862,True,-0.008384582032642418,False,1.4758056100065906,False,0.19875009630578983,False
91.93294838518952,25.16004817414381,0.6283287480399492,0.467397092670669,False,-0.9087524601922914,True,0.16849544208185635,False,0.1625622871824698,False,0.3006962996237442,False
91.98294838518952,25.16004817414381,0.6780970589632833,0.5869916594408395,False,-1.0227252805181295,True,0.23598242501431774,False,-1.2553565755478895,False,0.2789099787144041,False
92.03294838518951,25.16004817414381,0.731369256886167,0.2702882923293292,False,-1.263992922094153,True,0.2314618678026417,False,-2.0065311877746463,False,0.3795132026547239,False
92.08294838518952,25.16004817414381,0.7585966180160015,-0.11571965618557145,False,-1.4368551055101284,True,0.2514757048407911,False,-2.5410701711153743,False,0.5866333645659263,False
92.13294838518952,25.16004817414381,0.7404834297983066,-0.2982906549585743,False,-1.5365902212122553,True,0.3077426228918515,False,-2.774082551850584,False,0.5903668129756339,False
88.48294838518952,25.110048174143817,0.7728932165571023,0.020846834488241317,False,1.3338036177230783,False,0.3270666341697486,False,-0.8950169317714236,False,1.6827620399005334,False
88.53294838518953,25.110048174143817,0.7805322589861152,-0.05705497253142866,False,1.6639779324546515,True,0.30054504186992054,False,-0.3541225238756063,False,1.3318678336719265,False
88.58294838518952,25.110048174143817,0.8012010791587011,-0.1173469622311264,False,2.015364652363689,True,0.24857159150731112,False,0.8457814684967735,False,0.7635136110843532,False
88.63294838518952,25.110048174143817,0.8383844904078899,-0.25177133030628207,False,2.289932304154884,True,0.16646326519608856,False,1.7549476089303102,False,0.22116727795929347,False
88.68294838518952,25.110048174143817,0.8833854915809567,-0.5131697175514855,False,2.294788588029493,True,0.10215951203064566,False,1.5016085255270184,False,0.07084103230002792,False
88.73294838518952,25.110048174143817,0.9109548191812123,-0.7177006642451231,False,2.080383145317521,True,0.013181124939422736,False,0.6946219561626547,False,-0.03581697329630856,False
88.78294838518953,25.110048174143817,0.9098863115479032,-1.047895641190471,False,1.4166218225133629,True,-0.15309236751701588,False,-0.9435622200596276,False,-0.002671988716105078,False
88.83294838518952,25.110048174143817,0.869368433180063,-1.0558639213086543,False,0.7157003431807956,False,-0.24282833224654984,False,-1.1168891256381988,False,0.04114824921373633,False
88.88294838518952,25.110048174143817,0.8002543287876493,-0.7792926724321011,False,-0.16091617117763715,False,-0.21909237311064514,False,0.17500248044942357,False,0.172366706414188,False
88.93294838518952,25.110048174143817,0.6907953574261515,-0.4685611514145882,False,0.010111265597618983,False,-0.05716058817901759,False,0.5866678225499463,False,0.501065727805601,False
88.98294838518952,25.110048174143817,0.5288989807647017,-0.2687783112882185,False,-0.00330529208864426,False,0.017914008309670826,False,0.679505737225273,False,0.3656242447929515,False
89.03294838518953,25.110048174143817,0.47955129860652873,-0.24875402104288144,False,0.05433038014205288,False,0.03946245212190741,False,0.555979902997949,False,0.03837566450674515,False
89.08294838518952,25.110048174143817,0.522292276278955,-0.40710152695081875,False,0.19593035183404628,False,0.09164484750846508,False,0.4478665001210831,False,-0.06837366153880231,False
89.13294838518952,25.110048174143817,0.5454371455480109,-0.44351581621031755,False,-0.1138204126165363,False,0.06950047274098331,False,0.2946238908776961,False,0.0689710725480574,False
89.18294838518952,25.110048174143817,0.5993554303477988,-0.3781068889931299,False,-0.40200902346961226,False,0.0267211163085308,False,0.05087581089540058,False,0.16235423254940543,False
89.23294838518952,25.110048174143817,0.6276547702188,-0.31827058742780423,False,-0.5116873514689203,False,0.03449337328583455,False,-0.22816256729734924,False,0.1369129168928389,False
89.28294838518953,25.110048174143817,0.6398596289256153,-0.2952350045813596,False,-0.673772209192942,False,0.09137091482732176,False,-0.5543889476673665,False,0.055089074288811546,False
89.33294838518952,25.110048174143817,0.7194580720146977,-0.21854175884326626,False,-0.5413628044621606,False,0.00595775903616802,False,-1.0936642502298195,False,0.3411587278899526,False
89.38294838518952,25.110048174143817,0.7735991455039506,-0.13702947467289386,False,-0.242131862186455,False,-0.0520371177797036,False,-1.3400370975126474,True,0.38653221313376374,False
89.43294838518952,25.110048174143817,0.7261324796864255,-0.2770523041671486,False,-0.05026173407008311,False,0.0028150489753444308,False,-1.253905539874517,True,0.21772073547169915,False
89.48294838518952,25.110048174143817,0.5943952436751945,-0.34257260740903006,False,0.005900575357361382,False,0.06522751639193942,False,-1.0648670036688497,False,0.12264212300532082,False
89.53294838518953,25.110048174143817,0.571591526500511,-0.2794266542279905,False,-0.19357078640020456,False,0.11087536402606492,False,-0.7860907095763734,False,0.09949550357154645,False
89.58294838518952,25.110048174143817,0.609270411219194,-0.109653768475408,False,-0.5813958018400859,False,0.17162262987250687,False,-0.5698308803149328,False,0.012160560366445194,False
89.63294838518952,25.110048174143817,0.6175609400057736,0.09183560453285998,False,-1.0620471507729674,False,0.21352192285349175,False,-0.18921488021828875,False,-0.1642942561356462,False
89.73294838518952,25.110048174143817,0.687789181718641,-0.04924468534808371,False,-0.5831853544648707,False,0.11460465631139027,False,0.5634664822574922,False,0.19202448534195282,False
89.78294838518953,25.110048174143817,0.7483018178992573,-0.16951294491895227,False,-0.41195269631630493,False,0.07360123206891736,False,0.18258241170229506,False,0.5167434321008066,False
89.83294838518952,25.110048174143817,0.7198341816075686,-0.344801133726644,False,-0.2496350328640497,False,0.10306334646990592,False,0.1296721935605584,False,0.5379067489014514,False
89.88294838518952,25.110048174143817,0.639730208479657,-0.2262943235583066,False,-0.07298864082368565,False,0.047178231622824626,False,0.4053005833172697,False,-0.11156359580016964,False
89.93294838518952,25.110048174143817,0.6918395771636918,0.09504303358594351,False,-0.16712684673696238,False,0.041119699723926095,False,0.34977635391828005,False,-0.5961409046233985,False
89.98294838518952,25.110048174143817,0.7488890653152068,0.45692148021940293,False,-0.7519962763361863,False,0.08470699645429589,False,0.4862524073668839,False,-0.9606819723460158,True
90.03294838518953,25.110048174143817,0.7819307530902578,0.7002148807718337,True,-0.49405782773711615,False,-0.0025610125605111875,False,-0.035627771772035154,False,-1.0879824082988063,True
90.08294838518952,25.110048174143817,0.8154167402121378,0.8607714837293388,True,-0.3985187622928629,False,-0.12461819753095368,False,-0.5832295347438796,False,-0.9582461601395782,True
90.13294838518952,25.110048174143817,0.8563526334457394,0.8951391206257575,True,-0.7806470636512529,False,-0.25632436579440565,False,-0.6840538411934609,False,-0.6636168704935905,False
90.18294838518952,25.110048174143817,0.8935017207112307,0.8431719597434617,True,-1.1433203185293095,False,-0.32261279703428625,False,-0.3378683575069361,False,-0.2859413662384151,False
90.23294838518952,25.110048174143817,0.9141286289538616,0.7972167517711313,True,-1.3070153520633372,False,-0.2926135038893166,False,0.17930965530958906,False,-0.049688412378431523,False
90.28294838518951,25.110048174143817,0.929065264330115,0.6723333117570989,False,-1.3955209433926905,False,-0.23880236201121507,False,1.216126028568183,False,0.24701798939575545,False
90.33294838518952,25.110048174143817,0.9342083141925022,0.5743446644748759,False,-1.496564911016516,False,-0.16469854223523445,False,2.0626301199086043,False,0.40855732624944663,False
90.38294838518952,25.110048174143817,0.9311366365967387,0.6140825110740022,False,-1.7664559578074521,False,-0.12373707804300126,False,2.1403828976251176,False,0.2879797288967842,False
90.43294838518952,25.110048174143817,0.9152024619317218,0.6943590066933898,False,-1.9615000429607359,False,-0.1253959352335362,False,1.888394463496685,False,0.09877771281975997,False
90.48294838518952,25.110048174143817,0.8857989264346794,0.6832729356541747,True,-2.0191675147891806,False,-0.10560946518278377,False,1.672825827129878,False,0.08549974486753863,False
90.53294838518951,25.110048174143817,0.8526771879507186,0.7154599880934323,True,-1.4723682508237967,False,-0.08395633504692943,False,0.8766114712447384,False,0.22611161722887962,False
90.58294838518952,25.110048174143817,0.8297112837037163,0.7706833821819965,True,-1.082997156803249,False,0.008380463109907157,False,-0.2614621357897476,False,0.3320168786843498,False
90.63294838518952,25.110048174143817,0.8172161694283571,0.7775729037871688,False,-1.1905728557815884,False,0.09314195449536838,False,-1.0895451335904962,False,0.3576796848044078,False
90.68294838518952,25.110048174143817,0.822999384650352,0.7431828773369791,False,-1.4438420741076943,False,0.08486341711264722,False,-1.052361930664421,False,0.3835992632503218,False
90.73294838518952,25.110048174143817,0.8458025047008343,0.7572928130260931,False,-1.3497200158738463,True,-0.011765485079552718,False,0.0014154250940571211,False,0.14500945638078877,False
90.78294838518951,25.110048174143817,0.857733960124338,0.8442691592831477,False,-1.177111543228552,True,-0.19471616413040416,False,1.3374834516310292,False,-0.23129037737300023,False
90.83294838518952,25.110048174143817,0.8571571194480503,0.7991757833452405,False,-1.2204770661862911,True,-0.15679880578708352,False,2.015922185764217,False,-0.4458393257267887,False
90.88294838518952,25.110048174143817,0.8580217625400498,0.5478464588555222,False,-1.046597773565681,True,-0.0017366333979355886,False,3.8095918666761945,False,-0.06899350891598269,False
90.93294838518952,25.110048174143817,0.8585503179498533,0.3169274894913795,False,-0.564753578390226,False,0.17185488088145978,False,4.5422917712753215,False,0.7836649620274743,False
90.98294838518952,25.110048174143817,0.8546283228077322,0.2629720291796358,False,-0.46226132625468974,False,0.20028484073089797,False,4.273201316805725,False,0.9055929551070758,False
91.03294838518951,25.110048174143817,0.8490474972877416,0.2368366812159155,False,-0.6133136506575689,True,0.09757765979813426,False,4.057582808211721,False,0.6997584279500614,False
91.08294838518952,25.110048174143817,0.8556088522977336,0.15805232936566826,False,-0.7681196612453455,True,0.006077471044567351,False,4.543930210574169,False,0.4727841907897271,False
91.18294838518952,25.110048174143817,0.9217242189805444,0.1053379474745281,False,-1.07287957912735,True,0.2129883315227333,False,5.722709808593574,True,-0.09060160819429372,False
91.23294838518952,25.110048174143817,0.9358442356202837,0.28042566976433136,False,-1.197693474304033,True,0.380982966106487,False,5.150504640698634,True,-0.1858547702064704,False
91.28294838518951,25.110048174143817,0.9292338836852021,0.47137723145776805,False,-1.2895349925731072,True,0.5179617026094833,False,3.9908065068074148,False,-0.015336026914313738,False
91.33294838518952,25.110048174143817,0.915358914922599,0.529192631237775,False,-1.4157057487429046,True,0.562613030260245,False,2.725662558987969,False,0.2351199975064999,False
91.38294838518952,25.110048174143817,0.8973994160091049,0.5379445185199531,False,-1.709728857714992,True,0.5420092000654265,False,2.1152688521316083,False,0.3732860732805874,False
91.43294838518952,25.110048174143817,0.8826078001451998,0.6408529096159616,False,-2.1358516118498416,True,0.3833139597524946,False,1.5885999208004056,False,0.2229853454108937,False
91.48294838518952,25.110048174143817,0.8754525585318983,0.8629671255185405,False,-2.5149837863620563,True,0.1520969424488362,False,0.9011462880398602,False,-0.08108602188149326,False
91.53294838518951,25.110048174143817,0.8680075152104614,1.0493290816152552,True,-2.684713645849408,True,-0.02029214296586184,False,0.23100455622589872,False,-0.3168869697977187,False
91.58294838518952,25.110048174143817,0.8542719006817124,0.9717851730541367,True,-2.412798333795111,True,-0.03922059840707842,False,0.5698555388853312,False,-0.017772281336126614,False
91.63294838518952,25.110048174143817,0.8292267592650393,0.6876380899277386,True,-2.1269512713140735,True,-0.1552617684134651,False,1.7052703156551101,False,0.7230917444613834,True
91.68294838518952,25.110048174143817,0.7894876709143158,0.5559981597092406,False,-2.2642033215346937,True,-0.38956815899179137,False,1.8767555780979543,False,1.0594744300769336,True
91.73294838518952,25.110048174143817,0.7391779262283255,0.4366942255252756,False,-1.884798818674223,True,-0.4040115420968379,False,1.8253821181628755,False,0.8162183965510104,False
91.78294838518951,25.110048174143817,0.6900278146812081,0.2697277150096473,False,-1.4439116633958253,True,-0.2657615740547447,False,1.9227848387478665,False,0.5437136172129285,False
91.83294838518952,25.110048174143817,0.6361802609633488,0.13935248039087458,False,-1.1804268913294234,True,-0.10205771461553233,False,1.9639374834636434,False,0.48199135001674787,False
91.88294838518952,25.110048174143817,0.6089277432041111,0.09713722214907314,False,-1.1339501197274664,True,-0.01950389690949343,False,1.8392144183821495,False,0.43063212723285227,False
91.93294838518952,25.110048174143817,0.6370947066987844,0.4521951573238818,False,-1.045399152052355,True,0.18376690557041303,False,0.440560097683895,False,0.4772763553128904,False
91.98294838518952,25.110048174143817,0.6990813484542752,0.6540654308719647,False,-1.0865034597799412,True,0.27767588352054134,False,-1.0941668605455357,False,0.39338446515070297,False
92.03294838518951,25.110048174143817,0.7570765448055125,0.2884132930943631,False,-1.345690928776058,True,0.2508015528255536,False,-1.4450748130725328,False,0.43542458879262763,False
92.08294838518952,25.110048174143817,0.7920554465838165,-0.011739824819357453,False,-1.540845122276005,True,0.26689852371587774,False,-1.7305817914317445,False,0.5740124450938311,False
92.13294838518952,25.110048174143817,0.7769952472760825,-0.2635829189206319,False,-1.689414717810547,True,0.2947464201549397,False,-2.3658633945346743,False,0.6386605721094957,False
92.18294838518952,25.110048174143817,0.7249495796710164,-0.3620525630436685,False,-1.7711771352939558,True,0.3585079731598565,False,-2.845677048088443,False,0.5132613341426729,False
92.23294838518952,25.110048174143817,0.6604748702143851,-0.367944082856945,False,-1.7793667152025283,True,0.33282788636312394,False,-3.2116011316739925,True,0.2837289860527104,False
88.48294838518952,25.060048174143816,0.7661403469637379,-0.011613340607258937,False,1.036032956302982,False,0.41690937614214474,False,-0.9108119322410335,False,1.6325828373454154,False
88.53294838518953,25.060048174143816,0.7706543805923863,-0.09914705783765188,False,1.4487420230981893,False,0.3614737620706523,False,-0.8376221929852665,False,1.4909324899029543,False
88.58294838518952,25.060048174143816,0.7991628333460452,-0.21471230512867046,False,1.8861555764407953,True,0.30685794077318296,False,0.1710100358831914,False,0.9400381683484591,False
88.63294838518952,25.060048174143816,0.8344005515217042,-0.389995358081201,False,2.237647709659387,True,0.21017792621257697,False,1.1836804432464714,False,0.2776956710020586,False
88.68294838518952,25.060048174143816,0.8837726265218415,-0.540289595034106,False,2.3369068910368305,True,0.1623569773130738,False,1.7823940183731075,False,0.18312886413923757,False
88.73294838518952,25.060048174143816,0.909287405474178,-0.44738813599217947,False,2.1240469342788764,True,0.04551892041188228,False,2.67358951442289,False,0.13084742599301688,False
88.78294838518953,25.060048174143816,0.9038514374733464,-0.7715008323525968,False,0.828402751234604,False,-0.10588548600836106,False,0.9597440247279838,False,0.11833450018039415,False
88.83294838518952,25.060048174143816,0.8843971418145488,-0.893283098131189,False,-0.4151167358406235,False,-0.216299454178382,False,0.4729650707618218,False,-0.021471284839998855,False
88.88294838518952,25.060048174143816,0.8451545190271056,-0.919744325324616,False,-0.5427426632216408,False,-0.2428297590378068,False,0.2910941711760812,False,-0.03424417777463293,False
88.93294838518952,25.060048174143816,0.7503563802586712,-0.7595189087721592,False,-0.13971325626957776,False,-0.1259387113864303,False,0.23579602051776605,False,0.23556233566520746,False
88.98294838518952,25.060048174143816,0.5722208641580131,-0.3451449149788657,False,0.08184204204742015,False,0.0767031085112058,False,0.606278437871917,False,0.45044675145783386,False
89.03294838518953,25.060048174143816,0.47060909934124867,-0.15211712838394004,False,0.13457997914222464,False,0.11442915569976492,False,0.7065927801955033,False,0.205838315301554,False
89.08294838518952,25.060048174143816,0.5405520261329408,-0.2713503287062705,False,0.20000199198108604,False,0.12441268700346553,False,0.6430633387329379,False,0.1076231957199828,False
89.13294838518952,25.060048174143816,0.6621777038957066,-0.42704682501934116,False,-0.03848023787018057,False,0.10525776935061698,False,0.5104808979361192,False,0.22637943961425744,False
89.18294838518952,25.060048174143816,0.7465193515095415,-0.5149140157212504,False,-0.34898996782864533,False,0.08496679858651887,False,0.3783586145816449,False,0.30835800710677275,False
89.23294838518952,25.060048174143816,0.7467332965214573,-0.5339002757830306,False,-0.46122499647943593,False,0.12099063236092504,False,0.1507978554442182,False,0.2508924656466437,False
89.28294838518953,25.060048174143816,0.6870878735529284,-0.4470493328241427,False,-0.8318294234122426,False,0.18408455920225011,False,-0.43194389574475545,False,0.21057207457606486,False
89.33294838518952,25.060048174143816,0.7072990049912655,-0.3693344444755835,False,-0.943644377595179,False,0.10959129176072352,False,-0.9774390298306609,False,0.34654435778585885,False
89.38294838518952,25.060048174143816,0.7637181891363033,-0.21325747371169668,False,-0.6602128357936022,False,0.006489726184475492,False,-1.2753334438329074,False,0.437180918429067,False
89.43294838518952,25.060048174143816,0.7412943078165481,-0.10314023346185161,False,-0.47391500110728335,False,-0.042750852908035264,False,-1.4589274813622843,True,0.3537821788292395,False
89.48294838518952,25.060048174143816,0.643762770818402,-0.1393362736744215,False,-0.4243424368845943,False,-0.012351316561441665,False,-1.553138038346041,False,0.2248345213193952,False
89.53294838518953,25.060048174143816,0.6155423374976295,-0.09431564835472106,False,-0.6873589860376454,False,0.1413558403053392,False,-1.6548455469039771,False,0.1791330251438161,False
89.58294838518952,25.060048174143816,0.633546235259918,0.03056937831482212,False,-0.9927969651473296,False,0.2513629527125284,False,-1.5292071730135783,False,0.05491509670545563,False
89.63294838518952,25.060048174143816,0.6420489794787644,0.18953802925768376,False,-1.3625644072304477,False,0.21832003541512265,False,-0.7109206754498724,False,-0.0935568091459667,False
89.68294838518952,25.060048174143816,0.6657842388697041,0.11561170667463383,False,-1.1118236073584895,False,0.10797473961700957,False,0.2667836275485048,False,-0.13488309827312114,False
89.73294838518952,25.060048174143816,0.7206449212278198,-0.022271558004636052,False,-0.6812621390628664,False,0.09320249340888301,False,0.6125464346454158,False,0.29476586205396166,False
89.78294838518953,25.060048174143816,0.7579633516420548,-0.15932984695572572,False,-0.4715283710227969,False,0.06356859805516135,False,0.25325613210508346,False,0.557599736233634,False
89.83294838518952,25.060048174143816,0.7337859670854433,-0.33063874479486605,False,-0.3426891355220746,False,0.05912901767765524,False,0.11051884972269921,False,0.5620732877828623,False
89.88294838518952,25.060048174143816,0.6605614853731332,-0.32397081140204,False,-0.05705065684418953,False,-0.02639140063232087,False,0.2812910323031545,False,-0.06785665505587614,False
89.93294838518952,25.060048174143816,0.7258122884903643,-0.14144890983296535,False,0.29170253439964383,False,-0.07983243369871718,False,0.19753514835473385,False,-0.5897339827137257,False
89.98294838518952,25.060048174143816,0.7861513238275277,0.15165381724020188,False,-0.5935547577421943,False,-0.06826130149326995,False,0.5773598017234054,False,-0.796616543828172,False
90.03294838518953,25.060048174143816,0.8049722658235721,0.3707927303788926,False,-1.1765375079590883,False,-0.08586488963904408,False,0.785952526992661,False,-0.9390254516761225,True
90.08294838518952,25.060048174143816,0.8069481150436977,0.512713717877998,False,-1.044232824015467,False,-0.17292652952387266,False,0.5101153501233673,False,-0.941153048318683,True
90.13294838518952,25.060048174143816,0.8183755402759675,0.6457678567588003,True,-0.9205455397958526,False,-0.22318319197600686,False,0.09511669081872014,False,-0.8054256891841545,False
90.18294838518952,25.060048174143816,0.8492255865682584,0.7658926579766512,True,-1.0529822228700194,False,-0.1853509814840248,False,-0.37202128773603843,False,-0.4635107647713277,False
90.23294838518952,25.060048174143816,0.8791319229952468,0.8085961264496377,True,-1.460685096045176,True,-0.11339427451587082,False,-0.4201500481593634,False,-0.03311486717423484,False
90.28294838518951,25.060048174143816,0.8991364572064788,0.6410413876919501,False,-1.9594908643962001,True,-0.022486073076020588,False,0.4466084770508049,False,0.23738944514615815,False
90.33294838518952,25.060048174143816,0.9153197448704282,0.4876791811396391,False,-2.1469906203780784,False,0.0028463400354810237,False,1.6390191675283008,False,0.4125835386953096,False
90.38294838518952,25.060048174143816,0.9234742746234867,0.5879747564663229,False,-1.7703883804567937,False,-0.08080796619806631,False,2.26768106404911,False,0.36502086031383324,False
90.43294838518952,25.060048174143816,0.9052244949957017,0.6866590528218921,False,-1.7277580496332279,False,-0.12342968237506756,False,2.2205494560726855,False,0.15255803124194686,False
90.48294838518952,25.060048174143816,0.8559413865851373,0.6624612131268501,False,-1.4863260468282364,False,-0.13571687458529363,False,1.9299794592962507,False,0.052330196072612356,False
90.53294838518951,25.060048174143816,0.8140708930884842,0.6393866758514788,False,-1.202470709354671,False,-0.1353037553840905,False,1.335518743708361,False,0.14855177049451432,False
90.58294838518952,25.060048174143816,0.8068055203342459,0.7382882052746718,False,-0.9407841069311309,False,-0.06509181815798727,False,0.1668195694227585,False,0.30708963213157736,False
90.63294838518952,25.060048174143816,0.8056956032131777,0.777745045355366,False,-1.075993655465395,False,0.019684432501211324,False,-0.6540960003323399,False,0.40918472957685825,False
90.68294838518952,25.060048174143816,0.8116483666497036,0.7750899160599557,False,-1.5054441084749608,False,0.028101915779166847,False,-1.1033430746285493,False,0.49015113728823984,False
90.73294838518952,25.060048174143816,0.835935953687666,0.8043752678165381,False,-1.5209382646186032,True,-0.0854118265846524,False,-0.2133822094322726,False,0.2091661902506085,False
90.78294838518951,25.060048174143816,0.8574085259678805,0.8579057762327201,False,-1.30191033261353,True,-0.24069737241373723,False,1.127920168032395,False,-0.19922144050421492,False
90.83294838518952,25.060048174143816,0.8489746221775349,0.8321242036049414,False,-1.1536256861294403,True,-0.28971997405015437,False,2.2694266804127032,False,-0.3416129353522148,False
90.88294838518952,25.060048174143816,0.8291455870821217,0.5991029399927482,False,-0.8493084074415906,True,-0.012920798368982522,False,3.4160716675409386,False,0.16347383274796062,False
90.93294838518952,25.060048174143816,0.8176541967814144,0.31119888403526835,False,-0.4007700964961296,False,0.21188992705093634,False,5.421095747453628,False,0.8816446623031087,False
90.98294838518952,25.060048174143816,0.8099916146567689,0.2218348557286403,False,-0.40977343834665036,False,0.26278737785722633,False,6.510520953115515,False,0.7398280084582705,False
91.03294838518951,25.060048174143816,0.794349217087352,0.19110337943702183,False,-0.4836222565870844,False,0.2048942260726917,False,6.0032846802226345,False,0.5589560361860836,False
91.08294838518952,25.060048174143816,0.7905299162176239,0.1913104789325517,False,-0.6251793608456879,True,0.0035381315090025067,False,5.0672164198624845,False,0.4249924309683456,False
91.13294838518952,25.060048174143816,0.8430121022846361,0.17738857663061933,False,-0.7791675001042745,True,-0.12842203164017696,False,4.985665243390237,False,0.24356959880558549,False
91.18294838518952,25.060048174143816,0.9075293248454659,0.221260356244573,False,-0.9701059949410555,True,0.002710477859228566,False,5.135743692164946,False,-0.007417177363792854,False
91.23294838518952,25.060048174143816,0.931455746407074,0.4210414685621999,False,-1.1265658995516055,True,0.3017925631465259,False,4.632211309409766,False,-0.09277692005839228,False
91.28294838518951,25.060048174143816,0.9294648846677949,0.6217270331179818,False,-1.2206045621121278,True,0.5342800915934389,False,3.671187168923339,False,0.09939184832491202,False
91.33294838518952,25.060048174143816,0.9166648952462696,0.6520061101783854,False,-1.3995774428424639,True,0.5476130849582431,False,2.070098534852013,False,0.2933224895586404,False
91.38294838518952,25.060048174143816,0.8929708152472204,0.594013497513801,False,-1.7947965873742295,True,0.4746355524433227,False,1.3638603573038912,False,0.32353806511919336,False
91.43294838518952,25.060048174143816,0.8785598482152921,0.6795540286185365,False,-2.173634732084908,True,0.27657704602185307,False,1.3469441041445351,False,0.16218174923393253,False
91.48294838518952,25.060048174143816,0.8712357598898258,0.9577535963485171,True,-2.4538742320636615,True,0.048252985091510464,False,0.6301972641001594,False,-0.07393227111803069,False
91.53294838518951,25.060048174143816,0.8707831900335565,1.0227427729468672,True,-2.4021569458324725,True,-0.028116632052476595,False,0.3120599815220607,False,-0.046241887797003375,False
91.58294838518952,25.060048174143816,0.8585081896997566,0.9177299090141264,True,-2.2980252547708426,True,-0.09294811263071417,False,0.6415131350739907,False,0.2549933954423104,False
91.63294838518952,25.060048174143816,0.8288389504376356,0.6662689003460971,False,-2.3569139569043767,True,-0.23758704516783322,False,1.5048120014295867,False,0.8797988958492517,False
91.68294838518952,25.060048174143816,0.7800270311588504,0.5061227452413297,False,-2.328313174706912,True,-0.36418363106877927,False,1.8521761222675803,False,1.2069688014919393,True
91.73294838518952,25.060048174143816,0.7230315373520514,0.39185013253474066,False,-1.9123139982295705,True,-0.3691987449601447,False,1.762002658305015,False,1.0710365884991127,True
91.78294838518951,25.060048174143816,0.664079479971986,0.24753352599602588,False,-1.444618249346464,True,-0.2275271182554358,False,1.805089684669118,False,0.9574807796836495,False
91.83294838518952,25.060048174143816,0.5958591808070409,0.13182494561209054,False,-1.150687315744672,True,-0.016092792450261295,False,1.9083155685299653,False,0.999342592464979,False
91.88294838518952,25.060048174143816,0.5713363301322425,0.11785700098541366,False,-1.1813469830081336,True,0.08214908730180231,False,1.9348339808652728,False,0.9849693748839619,False
91.93294838518952,25.060048174143816,0.6131626253274273,0.3861515585611076,False,-1.1995778955254486,True,0.2170906465869076,False,1.0949972804299184,False,0.9136166981753628,False
91.98294838518952,25.060048174143816,0.6862504756666057,0.5199646293254022,False,-1.2287009543111524,True,0.2830816826253109,False,0.002652175891012354,False,0.6906502161349525,False
92.03294838518951,25.060048174143816,0.7697170237847951,0.25114918065189124,False,-1.4848223860204106,True,0.26684359672407165,False,-0.7676043661271594,False,0.5871806062978187,False
92.08294838518952,25.060048174143816,0.8145107498712649,0.07017505809749094,False,-1.6780597956822791,True,0.24823783102866878,False,-0.8285964010213696,False,0.6147901674891625,False
92.13294838518952,25.060048174143816,0.8044789524302584,-0.1276647480721342,False,-1.8554169385843833,True,0.27792766976904504,False,-1.5001098242152495,False,0.5854527273505615,False
92.18294838518952,25.060048174143816,0.749910977991966,-0.33880460147475744,False,-2.0061668867720863,True,0.3412838506441991,False,-2.552132514619794,False,0.5043878575733245,False
92.23294838518952,25.060048174143816,0.6716684314880523,-0.34901844509275415,False,-1.9654601999802377,True,0.2549197617696125,False,-3.143023651492821,False,0.23433302369330553,False
92.28294838518951,25.060048174143816,0.5987948042251153,-0.30488079648624633,False,-1.8057927268123746,True,0.12691489653897042,False,-3.4435970903828617,True,-0.006941249204580835,False
92.33294838518952,25.060048174143816,0.5523788090060899,-0.2715875415748745,False,-1.5588318887206447,True,0.06609026741110535,False,-3.2773969075546456,True,-0.07315563216559343,False
88.43294838518952,25.01004817414381,0.7395292380972117,-0.12837442083576664,False,-0.17128206815337024,False,0.4177975176954377,False,-2.371689106663186,False,1.4330972558139063,True
88.48294838518952,25.01004817414381,0.7388549399432447,-0.1586607947405047,False,0.27534733830090413,False,0.56883826796344,False,-1.311741026628209,False,1.4748236715643948,False
88.53294838518953,25.01004817414381,0.7478012425001367,-0.2181408169987819,False,0.9746269378193705,False,0.5332450746695945,False,-0.500715526078416,False,1.2418001140311739,False
88.58294838518952,25.01004817414381,0.7742403862311489,-0.3626183487714136,False,1.6338788580281791,False,0.44442869827492976,False,0.12749765540362734,False,0.8261309078409049,False
88.63294838518952,25.01004817414381,0.8126714660798338,-0.5191475544838849,False,2.144513024066016,True,0.33560250270208103,False,1.4239728480159948,False,0.27702971571997737,False
88.68294838518952,25.01004817414381,0.8408237197382514,-0.4209851127167369,False,2.2918802826560274,True,0.21090110616527458,False,3.3246534401407106,False,0.3012472832009875,False
88.73294838518952,25.01004817414381,0.8542358048727569,-0.3367288916762725,False,1.4036616995600582,False,-0.003522137326348998,False,4.116655934147884,False,0.31935115025773464,False
88.78294838518953,25.01004817414381,0.8653563686527036,-0.5806559891087217,False,-0.6311394303528506,False,-0.1872334676458271,False,3.0878399404033043,False,0.26895432854188334,False
88.83294838518952,25.01004817414381,0.8793929846310343,-0.638606668546081,False,-1.4725897451100654,False,-0.2176508565862027,False,2.6643796836814504,False,0.11315261612539988,False
88.88294838518952,25.01004817414381,0.8656481231367842,-0.8089155265263338,False,-0.950895529452662,False,-0.18589434662986712,False,1.085977189048612,False,0.1125250711521904,False
88.93294838518952,25.01004817414381,0.7857652808958258,-0.7493535312521353,False,-0.20245691197732374,False,-0.139676945090716,False,0.19942108353006982,False,0.3382254142492931,False
88.98294838518952,25.01004817414381,0.5963734059240716,-0.39422089120708637,False,-8.916580190090895e-05,False,0.032821287952496045,False,0.39117450656308306,False,0.4856983781586246,False
89.03294838518953,25.01004817414381,0.4531610859833114,0.008062593677110472,False,0.08293150780907271,False,0.1576823268367168,False,0.753461532461169,False,0.3542744264032519,False
89.08294838518952,25.01004817414381,0.5585515639447174,0.06601838091122142,False,0.1090856993167933,False,0.16645744881560812,False,0.8388412861921921,False,0.30398078036439785,False
89.13294838518952,25.01004817414381,0.722526878946085,-0.17520154556517542,False,-0.12592885659471054,False,0.12249152363685535,False,0.6171839263601082,False,0.38697796352756386,False
89.18294838518952,25.01004817414381,0.8288464333317803,-0.38547675644776624,False,-0.40760630577468465,False,0.0931221063571339,False,0.5115360680768507,False,0.43864710966938836,False
89.23294838518952,25.01004817414381,0.8327809804919705,-0.4749994818040757,False,-0.5311588789495891,False,0.11955418641461871,False,0.37738955039907607,False,0.39571275360716485,False
89.28294838518953,25.01004817414381,0.7614618200106618,-0.4191217182598452,False,-0.8744283192974673,False,0.18503575852524257,False,-0.1983013992346907,False,0.45100668662624893,False
89.33294838518952,25.01004817414381,0.6905678353472507,-0.3589499880881495,False,-0.9692194643644545,False,0.16200440595045065,False,-0.6005062548431862,False,0.5238648982383916,False
89.38294838518952,25.01004817414381,0.7093887259621725,-0.19528383675986288,False,-0.7933251399586387,False,0.10801306510913188,False,-0.8796657148765175,False,0.5807333007436581,False
89.43294838518952,25.01004817414381,0.7195080052790003,-0.049405387956341265,False,-0.7301154586834193,False,0.054534101081371175,False,-1.1904012771299834,False,0.5436031264305545,False
89.48294838518952,25.01004817414381,0.6730856336595988,-0.029671805984682394,False,-0.7241071684045348,False,0.021224111167709114,False,-1.5063234574975617,False,0.4196382720698251,False
89.53294838518953,25.01004817414381,0.6488230488473377,0.03690680251471272,False,-1.020969549668415,False,0.1805978859599183,False,-2.1986296863760204,False,0.2500480407547585,False
89.58294838518952,25.01004817414381,0.6512225461645651,0.14100365851572572,False,-1.274926676775987,False,0.32321638431006683,False,-2.698965534741331,False,-0.004373144606096377,False
89.68294838518952,25.01004817414381,0.7008062401989219,0.16779309709185408,False,-1.2392032773973014,False,0.15677413957738157,False,-0.4033174670668699,False,-0.0008871101721154573,False
89.73294838518952,25.01004817414381,0.7498848972332075,-0.01895838777308663,False,-0.7366080724922207,False,0.11315608682148018,False,0.20557670218562968,False,0.3094422978521606,False
89.78294838518953,25.01004817414381,0.7668708525554999,-0.1564396464686656,False,-0.4825776005587634,False,0.027013871987029786,False,0.31351307458764643,False,0.47405833682456194,False
89.83294838518952,25.01004817414381,0.7256543509085025,-0.24249207356515706,False,-0.4151020047935977,False,-0.03615841730728325,False,0.34580944923751933,False,0.46029173702414605,False
89.88294838518952,25.01004817414381,0.5929035953698295,-0.23557636275504584,False,-0.23932190367287487,False,-0.08522747521620949,False,0.32357369689859516,False,0.021911476839075378,False
89.93294838518952,25.01004817414381,0.6651668105179198,-0.19104785032383106,False,-0.048087330779808535,False,-0.09566520673256255,False,0.22282220807676256,False,-0.32744043864696853,False
89.98294838518952,25.01004817414381,0.748259889804596,-0.04421426550797358,False,-0.661716499843786,False,-0.13532506750321563,False,0.49546482887226995,False,-0.47516070481291484,False
90.03294838518953,25.01004817414381,0.7809224931656994,0.12624919103985713,False,-0.9235171050159681,False,-0.1869689580318406,False,0.6068985864477485,False,-0.6597358203334782,False
90.08294838518952,25.01004817414381,0.7832309368964059,0.25005867814109817,False,-0.970018986837444,False,-0.21511994384359956,False,0.5641213183511955,False,-0.7594522112272393,False
90.13294838518952,25.01004817414381,0.7658236224941273,0.3429535983499904,False,-1.016359361342827,False,-0.18989827751967447,False,0.427270205275754,False,-0.7426979204141853,False
90.18294838518952,25.01004817414381,0.7525494487639375,0.4498568775075767,False,-1.190250509259068,False,-0.09399964160090252,False,0.11299293380467543,False,-0.557299609923292,False
90.23294838518952,25.01004817414381,0.7575468879721312,0.6262558767692703,False,-1.5955882768573724,True,0.07617591805057124,False,-0.5218037838167496,False,-0.1460390812370278,False
90.28294838518951,25.01004817414381,0.7821638904621779,0.6344553505013568,False,-2.118689838288682,True,0.09338466392083275,False,-0.019950360195570893,False,0.05084702687898306,False
90.33294838518952,25.01004817414381,0.8081262493608437,0.5533029893268508,False,-2.3360515903896664,True,0.0064014065025279066,False,1.3948097422993895,False,0.3220527069579653,False
90.38294838518952,25.01004817414381,0.8235625606696441,0.5562226909702251,False,-1.6074453360716094,False,-0.09018572878242892,False,2.385121592723198,False,0.40135327311431646,False
90.43294838518952,25.01004817414381,0.8209340059240866,0.5905316715268767,False,-0.8479371790484578,False,-0.14298040864587208,False,2.4690861082839213,False,0.16104577760050254,False
90.48294838518952,25.01004817414381,0.7839417428338715,0.5022987494453544,False,-0.6237513237034243,False,-0.1525184895475876,False,2.1656235950118647,False,-0.025534870466933743,False
90.53294838518951,25.01004817414381,0.7366676958465032,0.45926058998168995,False,-0.7179203085710959,False,-0.17290109274105275,False,1.6677899304612607,False,0.0938160040393476,False
90.58294838518952,25.01004817414381,0.7292746013780856,0.579009742277961,False,-0.8141201839875215,False,-0.16054897067940618,False,0.8191240367977626,False,0.30021097682467357,False
90.63294838518952,25.01004817414381,0.7410472849171494,0.7145206793623137,False,-0.9534682043172071,False,-0.1008492250820232,False,0.13725724766492203,False,0.37651194815352806,False
90.68294838518952,25.01004817414381,0.7688862419340472,0.8258282521486449,False,-1.3504875228912994,False,-0.1496407550831944,False,-0.06217864366849213,False,0.349209819426617,False
90.73294838518952,25.01004817414381,0.8042214187343913,0.8831003721554165,False,-1.6016259842739102,True,-0.27792137488865065,False,0.47663990214908014,False,0.16606088379072326,False
90.78294838518951,25.01004817414381,0.8278110473005716,0.7913085260158388,False,-1.39988096264887,True,-0.27610058448916097,False,1.5755362887149222,False,-0.17906627010417173,False
90.83294838518952,25.01004817414381,0.8109840117559346,0.785109871954681,False,-1.0626392001232208,True,-0.3140810507471964,False,1.6713233623069423,False,-0.17617781538769473,False
90.88294838518952,25.01004817414381,0.7627242849692045,0.6160804011067245,False,-0.7088864670564559,False,-0.10653480987323391,False,2.4483763415530797,False,0.25608648287521163,False
90.93294838518952,25.01004817414381,0.7316940008272359,0.308556668268506,False,-0.4929854751466271,False,0.17105830282282705,False,6.120538986944364,False,0.4985143172281106,False
90.98294838518952,25.01004817414381,0.7250490407645501,0.20921789652013345,False,-0.477987837230027,False,0.2622883992601291,False,7.552498322248153,False,0.40887004392797255,False
91.03294838518951,25.01004817414381,0.7046821561091517,0.16922504857404233,False,-0.4689596002051327,False,0.23523109835830042,False,6.767826953912092,False,0.3114382968516897,False
91.08294838518952,25.01004817414381,0.676368537940173,0.18909249716576604,False,-0.507718705826847,False,0.07208852622430337,False,5.341976198335486,False,0.27290505114948665,False
91.13294838518952,25.01004817414381,0.7392820864231786,0.2807901904100991,False,-0.603974278556146,True,-0.061729596270149595,False,4.3328610813715365,False,0.2982509933577661,False
91.18294838518952,25.01004817414381,0.8462902299889002,0.40716908539670627,False,-0.6913517007381033,True,0.02586762801246456,False,3.790414165939463,False,0.3534121752425038,False
91.23294838518952,25.01004817414381,0.8923543791567975,0.606608312552084,True,-0.8061388374370637,True,0.30937171560153515,False,3.097518749568187,False,0.3878098124425222,False
91.28294838518951,25.01004817414381,0.8987996734042737,0.8496118112979809,True,-0.9724851836874668,True,0.5362435723992109,False,1.7890501416429787,False,0.31486629694357493,False
91.33294838518952,25.01004817414381,0.8871457430560656,0.8529069981988262,False,-1.2043482709428397,True,0.5036085072112122,False,-0.4545790312886877,False,0.31966448259564256,False
91.38294838518952,25.01004817414381,0.8712095211315991,0.712187861160916,False,-1.5181645479321848,True,0.4054062178956325,False,-1.0068873084680081,False,0.2655502371344655,False
91.43294838518952,25.01004817414381,0.8512184833859164,0.7712323600107532,False,-1.8061915243584146,True,0.15956696640538465,False,-0.23332557727116887,False,0.12901771230070416,False
91.48294838518952,25.01004817414381,0.8473253018168903,0.9036017994739565,True,-1.8605176058505548,True,-0.02909871860982821,False,-0.23844303942539152,False,0.11220709241601931,False
91.53294838518951,25.01004817414381,0.859894321229672,0.8987333656877419,True,-1.8720940882260693,True,-0.08332285079119549,False,0.02989688180932426,False,0.25936475581705076,False
91.58294838518952,25.01004817414381,0.8426675314455888,0.8444752173259735,True,-2.0357581831958345,True,-0.1515920276854913,False,0.49928301332162095,False,0.46523834347599174,False
91.63294838518952,25.01004817414381,0.7965045350851264,0.7569221753210993,True,-2.3402768831749468,True,-0.24367470425436225,False,0.7198567186582505,False,0.7226545048277616,False
91.68294838518952,25.01004817414381,0.7285766537838564,0.5836721330649165,False,-2.3481693373224823,True,-0.3260211120224534,False,1.208876376908141,False,1.117008027477039,True
91.73294838518952,25.01004817414381,0.6509991456313532,0.37761987931788493,False,-1.9141790361834479,True,-0.3441415587777325,False,1.5482775387747347,False,1.265691989634969,True
91.78294838518951,25.01004817414381,0.565716194250663,0.19320282736877664,False,-1.349931405463714,True,-0.15574341668285047,False,1.7572333476373685,False,1.1978370988241391,False
91.83294838518952,25.01004817414381,0.4974686375474659,0.11916975868777607,False,-1.1460735134002782,True,-0.007642985555667264,False,1.8861704371174461,False,1.1529740557874602,False
91.88294838518952,25.01004817414381,0.48573587250738964,0.2875068546608316,False,-1.1562274712749734,True,0.1363828540387958,False,1.5386892565808183,False,1.2772289827110548,True
91.93294838518952,25.01004817414381,0.530222283372612,0.5250017710133073,False,-1.1277410581663836,True,0.2673381127441351,False,1.0604995400991193,False,1.2734017063010246,True
91.98294838518952,25.01004817414381,0.6032479078577715,0.4055565888001482,False,-1.2845781002285723,True,0.24701347450318267,False,1.4695669572436443,False,1.095455991858104,True
92.03294838518951,25.01004817414381,0.701367297509656,0.32909591705207275,False,-1.4905305647078038,True,0.25375007216148837,False,1.0686927707706864,False,0.775053130575701,False
92.08294838518952,25.01004817414381,0.796720507199531,0.19792113546748588,False,-1.7783021473506566,True,0.24507565718291613,False,0.4469652209940423,False,0.57528770610966,False
92.13294838518952,25.01004817414381,0.8335664688638421,0.06518378668376891,False,-1.9841027251021985,True,0.1949137402785451,False,-0.10243286168699273,False,0.5339473519585786,False
92.18294838518952,25.01004817414381,0.7691261020091664,-0.18303202127771567,False,-2.132112705683011,True,0.23121650498746174,False,-1.5060840078175197,False,0.4176349193561072,False
92.23294838518952,25.01004817414381,0.6770433658305326,-0.2595162519128541,False,-1.9661534454873117,True,0.15379544284271673,False,-2.429682390540859,False,0.20109957290845404,False
92.28294838518951,25.01004817414381,0.5810066366928621,-0.21375639404564098,False,-1.6174634954563585,True,0.053287209364831,False,-2.8469086618860935,False,-0.043838623901377896,False
92.33294838518952,25.01004817414381,0.5206953994833466,-0.1725164358202278,False,-1.2674344478004722,True,0.020264344485254715,False,-2.6798761079127744,False,-0.10310438576637818,False
92.38294838518952,25.01004817414381,0.47867510532108853,-0.1529746218321783,False,-1.0220776222515988,False,0.016477950808706843,False,-2.497303466930958,False,-0.11002091069461374,False
92.43294838518952,25.01004817414381,0.4541639022948511,-0.1407504953689263,False,-0.8436750841573041,False,0.01912481110455766,False,-2.322110455810488,False,-0.09434887438099468,False
88.43294838518952,24.96004817414381,0.7233646972019883,-0.38553679687964026,False,-2.014920840372744,False,0.5909860000289312,False,-2.1912777713893195,False,0.327212344811058,False
88.48294838518952,24.96004817414381,0.7106348999500676,-0.5530711953927605,False,-1.5634183862230757,False,0.7934661623491606,True,-2.3503450758183533,False,0.5945303190881059,False
88.53294838518953,24.96004817414381,0.7062395376997336,-0.5062442785943839,False,-0.5671702763443112,False,0.7721715180499545,False,-1.1292338923664462,False,0.4015501465898764,False
88.58294838518952,24.96004817414381,0.7270767389908973,-0.2663702784268768,False,0.835062761378435,False,0.6007737094410817,False,1.0316346694557657,False,-0.059647697849792514,False
88.63294838518952,24.96004817414381,0.731603077687485,-0.06584215163378423,False,1.6464810424637788,False,0.39675657611821574,False,2.7843747187704553,False,-0.23393718726425317,False
88.68294838518952,24.96004817414381,0.6972940065066503,-0.08816455947527489,False,1.6411361483587117,False,0.21823619662931712,False,3.759829558256071,False,0.144218682177514,False
88.73294838518952,24.96004817414381,0.6482997643096698,-0.3184838575711738,False,0.2730939402915207,False,-0.01884084677234775,False,3.5233695342222795,False,0.3125568121153388,False
88.78294838518953,24.96004817414381,0.746730113150741,-0.49828845432266666,False,-1.1453499577977906,False,-0.26721691506991896,False,3.6593189489605233,False,0.4066744970181441,False
88.83294838518952,24.96004817414381,0.8401693141362561,-0.5273045068822606,False,-1.7215376217463838,False,-0.30603275351938597,False,3.456233044363793,False,0.3859508960201051,False
88.88294838518952,24.96004817414381,0.8576898783397789,-0.3920827481652872,False,-1.6204279545312024,False,-0.191111805102264,False,1.0473822988492636,False,0.3040950179236283,False
88.93294838518952,24.96004817414381,0.8226755378029927,-0.2789124246573926,False,-1.1043032979309924,False,-0.2659329319476203,False,-0.3230999309498408,False,0.5575073306869612,False
88.98294838518952,24.96004817414381,0.7355002088265815,-0.15119676003217505,False,-0.7956573489130259,False,-0.19703884104514058,False,-0.2669070048086633,False,0.7538602679153719,False
89.03294838518953,24.96004817414381,0.6184658816162396,0.12143427458608017,False,-0.5862768511803178,False,0.0018245014947042282,False,0.26604274210639833,False,0.6006615978667279,False
89.08294838518952,24.96004817414381,0.5963331309254649,0.1704712248446676,False,-0.37677390669060323,False,0.1014103985996189,False,0.6009317099495677,False,0.5143478942864084,False
89.13294838518952,24.96004817414381,0.6958455415360151,-0.11545340774587955,False,-0.39196942089089715,False,0.0780312572879814,False,0.49519819307912816,False,0.4919953744341481,False
89.18294838518952,24.96004817414381,0.8179652538491404,-0.34235160495849015,False,-0.415483593348287,False,0.030554482448075834,False,0.6327649462668807,False,0.47407109342232423,False
89.23294838518952,24.96004817414381,0.8341440059473307,-0.3942764642367648,False,-0.46695613893803795,False,0.08334831177617452,False,0.7893912078845605,False,0.43009458454490396,False
89.28294838518953,24.96004817414381,0.769420282064794,-0.29962717775857517,False,-0.8471544180889093,False,0.18353433425701288,False,0.27076221314861293,False,0.5233512171722906,False
89.33294838518952,24.96004817414381,0.6730767070368482,-0.2053847110244327,False,-0.8808737697794607,False,0.18710390982924807,False,-0.1564253514332996,False,0.7289731372919417,False
89.38294838518952,24.96004817414381,0.6173414264505385,-0.10546077035001478,False,-0.8067521077905621,False,0.16859113475959014,False,-0.4025661177677098,False,0.8847597148204547,False
89.43294838518952,24.96004817414381,0.6357120021266892,-0.059206533302102085,False,-0.817936865169214,False,0.12321021161379003,False,-0.5443857723382891,False,0.9034074456273097,False
89.48294838518952,24.96004817414381,0.6341425877548182,-0.043858274421902904,False,-0.8375839337714522,False,0.08785001702064243,False,-0.6619551632134165,False,0.8799210886191382,False
89.53294838518953,24.96004817414381,0.6378652048682085,-0.009270325604219198,False,-0.9486221611292585,False,0.17279648539927595,False,-1.3240096434749526,False,0.5087430111817197,False
89.58294838518952,24.96004817414381,0.6586786087312997,0.11827598506005499,False,-1.2902304520262347,False,0.3469339268849273,False,-2.834232174393165,False,0.014839353852481904,False
89.68294838518952,24.96004817414381,0.7446926120188386,0.12237720070119684,False,-1.2290247244270125,False,0.3329508004192365,False,-0.9356342307226347,False,0.3015882549774265,False
89.73294838518952,24.96004817414381,0.7891089159388397,-0.034665475364308945,False,-0.7688356587521351,False,0.1837336842607555,False,-0.04394622957145757,False,0.4534815294226216,False
89.78294838518953,24.96004817414381,0.7864986930391368,-0.1693864231274514,False,-0.4803173580863654,False,-0.0047711343430151265,False,0.34844521691403785,False,0.4777969343054979,False
89.83294838518952,24.96004817414381,0.7077934393200168,-0.18698245699466232,False,-0.4148646953760716,False,-0.06144543626344201,False,0.4087458979779852,False,0.42682477664515306,False
89.88294838518952,24.96004817414381,0.494343225248499,-0.11727309096999108,False,-0.2899617252280343,False,-0.1057058646305424,False,0.35016607461198573,False,0.19414879855136968,False
89.93294838518952,24.96004817414381,0.5112500598900243,-0.11757970332358067,False,-0.27836778767527687,False,-0.14722382173800197,False,0.28176724884053933,False,-0.09829691828847217,False
89.98294838518952,24.96004817414381,0.6050565379138951,-0.13157238494493756,False,-0.5384322850754035,False,-0.21288911882058703,False,0.331117048133448,False,-0.2031706301744915,False
90.03294838518953,24.96004817414381,0.6739754467863743,-0.05542289039270776,False,-0.5468486074569846,False,-0.2989694525816814,False,0.30219213729519734,False,-0.3648972742770272,False
90.08294838518952,24.96004817414381,0.7057491137422924,-0.016044993695089105,False,-0.5239947540665096,False,-0.33399248541077786,False,0.2594054442923035,False,-0.4525491977902846,False
90.13294838518952,24.96004817414381,0.70204916558,0.001514277774059325,False,-0.5104102161915036,False,-0.2874772695722302,False,0.1644588686943468,False,-0.4449835593974474,False
90.18294838518952,24.96004817414381,0.6928960311468,0.10888538057346756,False,-0.6312792660388308,False,-0.15987216581397445,False,-0.029735736371956492,False,-0.3584360076215785,False
90.23294838518952,24.96004817414381,0.6795578806598519,0.25380430478990884,False,-1.0214981359016224,False,0.06653267819660026,False,-0.3405793362865061,False,-0.20658021489133607,False
90.28294838518951,24.96004817414381,0.6648645594598006,0.4895342880132308,False,-1.55024994365455,False,0.0549049576845998,False,-0.16773464881479527,False,-0.0614393360582225,False
90.33294838518952,24.96004817414381,0.6582523268834519,0.48683067558526893,False,-2.436520797848522,False,-0.06385728432903079,False,1.6265674784320996,False,0.35480174659825076,False
90.38294838518952,24.96004817414381,0.6537908219807738,0.3118083614694147,False,-2.2900140540958285,False,-0.10850513120848473,False,2.815310323164285,False,0.625424027328576,False
90.43294838518952,24.96004817414381,0.6674355331112892,0.2392914665119672,False,-1.104283570662427,False,-0.15003510739800047,False,2.566344298023015,False,0.3577666107530393,False
90.48294838518952,24.96004817414381,0.6891567180921992,0.07211128552529596,False,-0.2524685268311937,False,-0.18558314354140243,False,2.1039190310766367,False,-0.10162872732110437,False
90.53294838518951,24.96004817414381,0.6753845141306588,-0.21021233358341385,False,-0.67391062998154,False,-0.223796487640066,False,2.0235081633357876,False,-0.10665929267709179,False
90.58294838518952,24.96004817414381,0.5985388516394926,-0.020939248517839515,False,-0.8079877886111391,False,-0.2521765482024587,False,1.3386863106329967,False,0.21171452035476032,False
90.63294838518952,24.96004817414381,0.5665623402524667,0.28705012541505603,False,-0.8874210003553902,False,-0.20937453555309846,False,1.0001563407870258,False,0.28809862171000633,False
90.68294838518952,24.96004817414381,0.6544521694989693,0.5119957256202121,False,-1.2403675302294335,False,-0.26171397587246215,False,1.468159902013239,False,0.14237458383121823,False
90.73294838518952,24.96004817414381,0.7383958063301644,0.6271939660877669,False,-1.5982905544912813,True,-0.3637245446581901,False,2.1512246826099544,False,-0.03647391349248022,False
90.78294838518951,24.96004817414381,0.7674201970866328,0.34562235892054527,False,-1.38135594886719,True,-0.26487651895391534,False,3.2253473192713935,False,-0.36220973826005437,False
90.83294838518952,24.96004817414381,0.7313067074925242,0.13393424990372782,False,-0.8009404357228185,False,-0.2125700252391562,False,2.0133137478012033,False,-0.21756632534148446,False
90.88294838518952,24.96004817414381,0.6528166061345015,0.05206667689640869,False,-0.38206119745224704,False,-0.06565400405055961,False,1.4255128503460905,False,0.22332202816707797,False
90.93294838518952,24.96004817414381,0.6438831853010818,0.10738380319383395,False,-0.44068511058425297,False,0.15921889619839588,False,4.76583044412685,False,0.25170428701257425,False
90.98294838518952,24.96004817414381,0.6783557814751395,0.20532073507433352,False,-0.5630565062860163,False,0.30200469874103697,False,6.838266873195916,False,0.15102356468862493,False
91.03294838518951,24.96004817414381,0.682362843582375,0.2176638207608783,False,-0.5622081232991378,False,0.3087104135939698,False,6.528163244593012,False,0.14838336761109583,False
91.08294838518952,24.96004817414381,0.640005163939815,0.25736573783921857,False,-0.5207831882641916,False,0.1777066556203872,False,5.219990375154213,False,0.24905655113143524,False
91.13294838518952,24.96004817414381,0.6337768381973271,0.3699890815363173,False,-0.5087462989122258,False,0.04659860801596566,False,3.7989294356523318,False,0.3888319093267125,False
91.18294838518952,24.96004817414381,0.7202906035664672,0.46556761994765683,True,-0.4856558896708454,False,0.07402773300363671,False,2.799893363045976,False,0.4965477782181109,False
91.23294838518952,24.96004817414381,0.7854267388273921,0.5611779225934835,True,-0.5190124658904024,False,0.21071936679419173,False,1.4496150629083506,False,0.5545309560763864,False
91.28294838518951,24.96004817414381,0.7925394731571512,0.6899911585286456,True,-0.6299833118451363,False,0.3858238312147087,False,-1.0361983605831115,False,0.4541772574189036,False
91.33294838518952,24.96004817414381,0.771744430140344,0.6692594851402174,False,-0.7617155847257385,False,0.3902884894984707,False,-2.9953381634432446,False,0.35610928435300393,False
91.38294838518952,24.96004817414381,0.7715216638524778,0.5637461236186827,False,-0.8390734415700299,False,0.29012545658782574,False,-3.1064227813828325,False,0.2994707142795323,False
91.43294838518952,24.96004817414381,0.7999156484380411,0.5360715317205744,False,-0.8855505101953983,False,0.10244570094004157,False,-2.1917939457323943,False,0.2751560417791199,False
91.48294838518952,24.96004817414381,0.8273672254904001,0.5391651701898272,False,-1.0099596298064633,False,-0.02782574533701232,False,-1.293153000798178,False,0.30882202522746205,False
91.53294838518951,24.96004817414381,0.8349501048998715,0.6711169894247218,False,-1.257471648541405,False,-0.10003254553286758,False,-0.8475604271486117,False,0.3145333165263324,False
91.58294838518952,24.96004817414381,0.7943363770727334,0.7950906027999112,True,-1.606203033879257,True,-0.16722869031033863,False,-0.4096259229767552,False,0.36307794208798316,False
91.63294838518952,24.96004817414381,0.7179221105702617,0.7678446922724655,True,-2.023475577551695,True,-0.23788494855021095,False,-0.20004345395244094,False,0.5170211336495647,False
91.68294838518952,24.96004817414381,0.6115126347491975,0.6646156046790979,True,-2.1084221243059873,True,-0.24156495928132563,False,0.26213408159015944,False,0.8328961848268153,False
91.73294838518952,24.96004817414381,0.4927009865942788,0.4399515174130513,False,-1.5491497157280703,True,-0.2859436187345353,False,0.7085659190766307,False,1.0063619976037033,False
91.78294838518951,24.96004817414381,0.4153470721140957,0.223020302682925,False,-0.9784695800667473,False,-0.17493151210328423,False,1.1462571752632382,False,0.960987660949975,False
91.83294838518952,24.96004817414381,0.36925738820949505,0.2007604697218578,False,-0.7843133704744516,False,-0.06324581539897924,False,1.2632880616843656,False,0.7474947142014278,False
91.88294838518952,24.96004817414381,0.35935813027822006,0.5000345837830237,False,-0.8576908915046497,False,0.11150938092711302,False,0.7088433626345418,False,0.9164852996490851,False
91.93294838518952,24.96004817414381,0.3829513847524276,0.6375803010085176,False,-0.7743077554825453,False,0.21445730521209344,False,0.42003844756377184,False,0.9230453665815923,True
91.98294838518952,24.96004817414381,0.44696204848568,0.40762547345733213,False,-1.002746811642137,False,0.1899537572502897,False,1.3418142996861744,False,0.8850649778995158,True
92.03294838518951,24.96004817414381,0.5618011190158038,0.3798352418905555,False,-1.2917639950183264,True,0.22422797218852922,False,1.6914434286481042,False,0.7557006810321294,False
92.08294838518952,24.96004817414381,0.7069356883502402,0.3713355520641823,False,-1.6350091441356704,True,0.1735735967346085,False,1.4720616244480633,False,0.48152771655093435,False
92.13294838518952,24.96004817414381,0.7895307086441449,0.38434225955791823,False,-1.759976132864065,True,0.012608206049346177,False,1.710719764144812,False,0.3852860256792273,False
92.18294838518952,24.96004817414381,0.7654641548932687,0.21687471166709027,False,-1.8307602643632217,True,0.004516851264323163,False,1.07097359787593,False,0.3542082880938786,False
92.23294838518952,24.96004817414381,0.6542283264640887,0.014565270563812252,False,-1.6122248945741733,True,0.0421275878188066,False,-0.37584715073010044,False,0.25333735995620105,False
92.28294838518951,24.96004817414381,0.5563333443709056,0.004265568327128322,False,-1.0621324973017574,True,-0.004581782893036734,False,-1.1981203642445388,False,0.024962413793931333,False
92.33294838518952,24.96004817414381,0.4870411105704992,-0.019737167703048675,False,-0.7847774089465853,False,-0.017077542422721415,False,-1.549736067073133,False,-0.03877723971733232,False
92.38294838518952,24.96004817414381,0.44905348545288554,-0.03937777007551402,False,-0.6252838691070735,False,-0.012955598030650939,False,-1.6340775049762666,False,-0.04073875075284794,False
92.43294838518952,24.96004817414381,0.4241303825984933,-0.05615189645458696,False,-0.5292362403085584,False,-0.0064772686461553874,False,-1.6780294324965093,False,-0.03385770561686257,False
88.18294838518952,24.91004817414381,0.722440113330179,0.8716736865950185,True,-1.2321264537420311,True,-0.009960988149378097,False,-1.0433599729768568,True,0.48784520427147154,False
88.23294838518952,24.91004817414381,0.7098026155165664,0.7564942900338291,False,-1.8720762362639793,True,-0.06559481606395351,False,-1.2418735764843376,True,0.435619205980545,False
88.33294838518952,24.91004817414381,0.7276900318766897,0.6928977890237009,False,-1.9740486467632015,True,0.04305655153843442,False,-1.2329033478195142,True,0.2109088619432351,False
88.38294838518952,24.91004817414381,0.7441378453690308,0.3069892010941867,False,-2.399121029382588,True,0.19346035871207345,False,-1.3512937537574918,False,-0.0997350920620424,False
88.43294838518952,24.91004817414381,0.7287886333300364,-0.33053933863029417,False,-3.7819003675098433,True,0.6206708328977484,False,-1.5712110860578563,False,-0.7723524723678663,False
88.48294838518952,24.91004817414381,0.7021049249567548,-0.5491108759425722,False,-3.8609367435798263,True,0.813742331946262,False,-1.6897526892142731,False,-0.8577244779280273,False
88.53294838518953,24.91004817414381,0.6900044912918807,-0.5382062385037819,False,-2.8998521198571736,True,0.7444432978797009,False,-1.7940806438734767,False,-0.7979852018920737,False
88.58294838518952,24.91004817414381,0.6714048503891373,-0.16974209435055668,False,-1.4221104032972223,False,0.5227510639959387,False,-0.4264618908811343,False,-0.888904969827425,False
88.63294838518952,24.91004817414381,0.5944831505399689,0.3911398025603299,False,-0.36976211638372364,False,0.27687343777976997,False,1.7090992991423133,False,-0.6404489860027591,False
88.68294838518952,24.91004817414381,0.3862492261241045,0.2913972383435446,False,0.10018871284055428,False,0.05131288845209474,False,1.1255091333199212,False,0.07003551978703298,False
88.73294838518952,24.91004817414381,0.2523239052533443,-0.13973369777406403,False,-0.17788973494493823,False,0.0013189100260579817,False,0.9104056763716247,False,0.467348335606275,False
88.78294838518953,24.91004817414381,0.5962257393514515,-0.24925985756973845,False,-0.962279490881597,False,-0.2414556387806656,False,2.184685733175153,False,0.661063469212513,False
88.83294838518952,24.91004817414381,0.7933799673202144,-0.1878100631796304,False,-1.5712530177226658,True,-0.36867940539102695,False,1.8235873549709223,False,0.6084960283547773,False
88.88294838518952,24.91004817414381,0.8447264948030503,0.26792115445785564,False,-1.9556697495410469,True,-0.3631053710884016,False,-0.9081834551465284,False,0.30722255246841823,False
88.93294838518952,24.91004817414381,0.8450367529180405,0.3546015076775206,False,-2.147613002734756,True,-0.3351002402142351,False,-1.238060375877171,False,0.17364483163349229,False
88.98294838518952,24.91004817414381,0.8142595439931594,0.2889320211222482,False,-2.032302931788112,True,-0.2387888228109858,False,-0.9115437528506822,False,0.24303540829466855,False
89.03294838518953,24.91004817414381,0.7569444730459682,0.2527682889173092,False,-1.5524595403217265,False,-0.13275166981215616,False,-0.45322103685070003,False,0.4875631401176714,False
89.08294838518952,24.91004817414381,0.6919858060782306,0.10097848210926241,False,-1.1799448292433945,False,-0.05547843827644438,False,-0.14101332143877035,False,0.6140716802191405,False
89.13294838518952,24.91004817414381,0.6661549943583377,-0.19368902770952293,False,-0.868415759728162,False,-0.02252802568673075,False,-0.05275287928205008,False,0.49295545900110704,False
89.18294838518952,24.91004817414381,0.7514439537386446,-0.42667164666433854,False,-0.5927610321958248,False,-0.019270287624614815,False,0.24844778608978163,False,0.37267914062200536,False
89.23294838518952,24.91004817414381,0.7818079697401571,-0.4527334909195775,False,-0.6435285155119965,False,0.10996157671395733,False,0.7106223453038161,False,0.39303969125975124,False
89.28294838518953,24.91004817414381,0.7402889638089482,-0.30378107513210084,False,-0.8843683250366994,False,0.17427250509995995,False,0.5879997371377873,False,0.5020419283759076,False
89.33294838518952,24.91004817414381,0.657481760900033,-0.15868948412352485,False,-0.8553645778435841,False,0.15602885524484805,False,0.16558306662945355,False,0.6980691388530236,False
89.38294838518952,24.91004817414381,0.5547212770999042,-0.07689847092411756,False,-0.5092372197843416,False,0.11963550187542593,False,0.00795800394993007,False,0.7996766186593336,False
89.43294838518952,24.91004817414381,0.5119339341433672,-0.07467850600699531,False,-0.41302263320501487,False,0.08647242863867538,False,-0.06276372419253196,False,0.7062120315594306,False
89.48294838518952,24.91004817414381,0.507355807092118,-0.09446268117906723,False,-0.43770899223659754,False,0.07860523877791531,False,-0.14725406760846216,False,0.6698130853066765,False
89.53294838518953,24.91004817414381,0.5695176441088989,-0.11520456242428878,False,-0.5739916742221446,False,0.1673605623905809,False,-0.47050405846325183,False,0.5152290093352685,False
89.58294838518952,24.91004817414381,0.664051093789099,-0.12746419112721963,False,-0.7649289711094038,False,0.33413399337215843,False,-1.039992224471985,False,0.3499696191622641,False
89.68294838518952,24.91004817414381,0.7710375493535861,-0.2004493476343509,False,-0.688247260759237,False,0.48850162499806415,False,-0.6845338991899952,False,0.6124378584218739,False
89.73294838518952,24.91004817414381,0.8172408873736093,-0.21089751862764256,False,-0.5140230589234142,False,0.2722934898559227,False,-0.09067456646625094,False,0.6574861275585282,False
89.78294838518953,24.91004817414381,0.8176781098989235,-0.2555601846898389,False,-0.3536003734522026,False,0.01820561389902725,False,0.30775798467271787,False,0.6277037694321794,False
89.83294838518952,24.91004817414381,0.7296521186440659,-0.18007744841828932,False,-0.3043853048875992,False,-0.024721273506574354,False,0.3811177555748666,False,0.566251457254582,False
89.88294838518952,24.91004817414381,0.4816398106785905,-0.09728033494190981,False,0.004911913560077752,False,-0.055000856302326845,False,0.2701629599826236,False,0.395870808666134,False
89.93294838518952,24.91004817414381,0.396020972769088,-0.06847491694614426,False,-0.026035507405540337,False,-0.14733547193874058,False,0.17579771169175146,False,0.0779154713157468,False
89.98294838518952,24.91004817414381,0.45585225297017884,-0.15423860862470315,False,-0.3789027728998586,False,-0.21787962262838106,False,0.20275676635117199,False,-0.005540757621638345,False
90.03294838518953,24.91004817414381,0.518540294027733,-0.15600140670051024,False,-0.4737895914351496,False,-0.26837816868736813,False,0.19712316533253135,False,-0.1571531202835127,False
90.08294838518952,24.91004817414381,0.5711359830545265,-0.17007254430119412,False,-0.40140074515193896,False,-0.29903555714474883,False,0.16890228704608995,False,-0.30392299148091495,False
90.13294838518952,24.91004817414381,0.5952098485963596,-0.3522457954615351,False,-0.2415788468874665,False,-0.20949850633410988,False,0.07009001538679509,False,-0.3005965257873861,False
90.18294838518952,24.91004817414381,0.6283727178934526,-0.7435723459476664,False,0.062131430352057364,False,-0.02938285180688419,False,-0.08440178244832358,False,-0.2956145714455,False
90.23294838518952,24.91004817414381,0.6366892250063927,-1.1020753565871995,False,0.41440706835626295,False,0.17936048266955756,False,-0.446032392101815,False,-0.3326796186699754,False
90.28294838518951,24.91004817414381,0.6334673382036109,-0.6233641068036857,False,0.3710335850105141,False,-0.05504168156137543,False,-0.71113406633886,False,-0.1267725966798937,False
90.33294838518952,24.91004817414381,0.622800300322204,-0.240601071523418,False,-0.6377479646760027,False,-0.24402176325551772,False,0.9869103862585283,False,0.3093317836776313,False
90.38294838518952,24.91004817414381,0.5956294779536603,-0.3084737890625221,False,-0.9080407450574427,False,-0.26038502548790343,False,2.0780717032739537,False,0.5943264282994969,False
90.43294838518952,24.91004817414381,0.5706914151016633,-0.4039149632645754,False,-0.44500316889195557,False,-0.29310420979146484,False,1.8310672343038055,False,0.36911960795508747,False
90.48294838518952,24.91004817414381,0.6041928984699618,-0.4844623765990489,False,-0.47404768707480405,False,-0.3041636502697936,False,1.7559920654482921,False,0.05898636321070384,False
90.53294838518951,24.91004817414381,0.6557809337296078,-0.6376498196863598,False,-0.7400097637933297,False,-0.31484411970981596,False,1.7084221181986274,False,-0.05043551148261875,False
90.58294838518952,24.91004817414381,0.623723882568042,-0.4707637685457375,False,-0.6891942302717473,False,-0.33419660697213716,False,1.1708902266698027,False,0.1253755517886075,False
90.63294838518952,24.91004817414381,0.4432856813528932,-0.16409006979180335,False,-0.5638383292435761,False,-0.2638120718047681,False,0.7711276440771704,False,0.1675235196053147,False
90.68294838518952,24.91004817414381,0.5535893101771138,0.06628862247567865,False,-0.78742818735188,False,-0.2823347134148406,False,1.202685936206558,False,-0.007583248945937884,False
90.73294838518952,24.91004817414381,0.6971041402685498,0.0877079327487282,False,-0.8373928737695326,False,-0.28560688922709654,False,1.4887687794900129,False,-0.2408391607024878,False
90.78294838518951,24.91004817414381,0.7353462668472495,-0.3044351636997341,False,-0.4715810806234509,False,-0.17224715725716017,False,0.6033736174912421,False,-0.2200833554104422,False
90.83294838518952,24.91004817414381,0.6999370674233988,-0.6792887566948997,False,-0.27696435461136937,False,0.017872745897390185,False,-0.4779893999065683,False,0.06942038677588408,False
90.88294838518952,24.91004817414381,0.6842721530811285,-0.781840913622744,False,-0.37338256032500805,False,0.2670621692881785,False,0.3345438873710441,False,0.17447150777767784,False
90.93294838518952,24.91004817414381,0.7434353906197855,-0.3644080753226062,False,-0.4716442462008237,False,0.38852221223446726,False,4.026646002039015,False,0.2723937118691898,False
90.98294838518952,24.91004817414381,0.7702765857318905,0.16547652632111587,False,-0.6523013684238053,False,0.38851884807682524,False,6.837742466080542,False,0.1442098633889743,False
91.03294838518951,24.91004817414381,0.7621675375773639,0.37905926259390943,False,-0.7389198213926291,False,0.32018915692116917,False,6.8372940134105935,False,0.12006102289035867,False
91.08294838518952,24.91004817414381,0.7235772335068547,0.4599312225033971,False,-0.6796825756760683,False,0.1305097343138435,False,5.759689787391509,False,0.33078629068089094,False
91.13294838518952,24.91004817414381,0.6848604632384462,0.47849033910648986,True,-0.5653002757710499,False,0.05580887369365914,False,3.8700018079823226,False,0.4627451812278919,False
91.18294838518952,24.91004817414381,0.6936231139230022,0.46439560502335664,True,-0.4832570877955379,False,0.07271397580951774,False,1.8674343257128578,False,0.5006291282700354,False
91.23294838518952,24.91004817414381,0.745207666816156,0.38516450261316004,False,-0.5725222496445997,False,0.14201107225433474,False,-0.028863057985835994,False,0.4987765903701963,False
91.28294838518951,24.91004817414381,0.7531205316013208,0.19099699653076463,False,-0.7173135333585691,False,0.23383800186607784,False,-1.6311952453242133,False,0.5222146055908394,False
91.33294838518952,24.91004817414381,0.6995484462768745,0.1543640183849232,False,-0.7568321258052706,False,0.251930266227617,False,-1.6364010008553085,False,0.41552829029055416,False
91.38294838518952,24.91004817414381,0.6266779481145001,0.24212890979397894,False,-0.5877813073105679,False,0.15931466394495028,False,-1.9302488820721608,False,0.3106209106900508,False
91.43294838518952,24.91004817414381,0.7352215807153181,0.28970823080039654,False,-0.48204091773484514,False,0.0626599320190615,False,-2.2930510029531166,False,0.31053520747635543,False
91.48294838518952,24.91004817414381,0.8252039002025251,0.39218706079745436,False,-0.6950557098508714,False,-5.820849817039786e-06,False,-2.187321830703462,False,0.26044872491535864,False
91.53294838518951,24.91004817414381,0.8280212464405304,0.513440034587973,False,-0.9163514662535175,False,-0.06548190801179093,False,-1.6824113095395559,False,0.24452056659602114,False
91.58294838518952,24.91004817414381,0.7714439482957279,0.5636013300636291,False,-1.115917369776846,False,-0.13614584138542596,False,-1.012707038754262,False,0.3643081163751707,False
91.63294838518952,24.91004817414381,0.6702727894587722,0.4655112079118839,False,-1.4908850374898777,True,-0.21645782027561208,False,-0.3143227641458359,False,0.6266404363321674,False
91.68294838518952,24.91004817414381,0.5468712443963948,0.5612736094994796,False,-1.9416761347714728,True,-0.09122881944301789,False,0.2181374857641635,False,0.885000516084369,True
91.73294838518952,24.91004817414381,0.4482519716360758,0.5048495601449642,False,-1.6508854573547904,True,-0.10452227521583485,False,0.5353447250386925,False,1.0719910248417037,True
91.78294838518951,24.91004817414381,0.3937614982045434,0.4279935852419978,False,-1.1287647335390454,False,-0.11830313051870882,False,0.701021845197444,False,0.9772714201846494,False
91.83294838518952,24.91004817414381,0.35853441748599346,0.5309120899992239,False,-0.88832612559227,False,-0.018224619581374477,False,0.6055333717219519,False,0.6785612909842336,False
91.88294838518952,24.91004817414381,0.3463738969732713,0.8255934131617144,False,-0.9135828664948269,True,0.14872937639372552,False,0.183798367083578,False,0.6198258229867308,False
91.93294838518952,24.91004817414381,0.3467337350434316,0.6967980900113474,False,-0.7721611524547796,False,0.15500169110391682,False,0.34180919333247506,False,0.5133287929295424,False
91.98294838518952,24.91004817414381,0.363060414672804,0.39279617334023986,False,-0.7288105331566493,False,0.11352270366014987,False,1.042105186488925,False,0.5267977737573181,False
92.03294838518951,24.91004817414381,0.4303929563175354,0.39861571846114835,False,-1.0250546479978673,False,0.14890537254274816,False,1.534481609664351,False,0.44251305319331335,False
92.08294838518952,24.91004817414381,0.5632385601587298,0.4793120922995029,False,-1.3799417178348885,True,0.0686198725439491,False,1.8221811998467987,False,0.2739008132481627,False
92.13294838518952,24.91004817414381,0.6807067484427591,0.5431440602894709,False,-1.432218531294366,True,-0.12091379895104629,False,2.7840633621253588,True,0.23860489279494793,False
92.18294838518952,24.91004817414381,0.6992377875786471,0.638532585608099,False,-1.2644330603392975,True,-0.1697878855656135,False,3.241657343488987,False,0.2765252244130949,False
92.23294838518952,24.91004817414381,0.6094095295194596,0.48894164704041304,False,-0.9157958137943096,False,-0.08968743969013723,False,2.0819041104702327,False,0.33218582939379415,False
92.28294838518951,24.91004817414381,0.5128689194110836,0.2542144026040908,False,-0.5096262462870838,False,-0.08007809978107358,False,0.29384732570286265,False,0.1445886643814278,False
92.33294838518952,24.91004817414381,0.4592495406622067,0.13065988057096198,False,-0.3568577722031867,False,-0.06902375708819197,False,-0.5529546673845436,False,0.07893125207639004,False
92.38294838518952,24.91004817414381,0.41623935574556287,0.05747189353219739,False,-0.2868617649146688,False,-0.053333365402138455,False,-0.9907226811757699,False,0.05892172435866709,False
92.43294838518952,24.91004817414381,0.3866627357297204,0.006074851386091151,False,-0.2573006948731279,False,-0.03620260910983919,False,-1.227749715632935,False,0.05384048117238273,False
92.48294838518952,24.91004817414381,0.36764669031317937,-0.0299225837903892,False,-0.24636479807113304,False,-0.02169239752693991,False,-1.3569280563842174,False,0.05354230836559088,False
88.18294838518952,24.860048174143817,0.7129010516020903,0.7270918024652894,False,-0.9381263125020435,True,0.003157036442696437,False,-0.9015102412864229,True,0.5557845993854285,False
88.23294838518952,24.860048174143817,0.7092242883547418,0.7651417296491748,False,-1.5164194705995824,True,-0.06591700636223419,False,-1.0746619177670826,True,0.5871082523297071,False
88.28294838518953,24.860048174143817,0.705752389008891,0.5344081219551836,False,-2.0505751675967727,True,-0.09469699766240099,False,-1.2618019813617263,True,0.4682405211395635,False
88.33294838518952,24.860048174143817,0.7351891283003199,0.5983568310398354,False,-2.031254141366289,True,0.027116527588160882,False,-1.31330002364063,True,0.21416112057529718,False
88.38294838518952,24.860048174143817,0.7621935274520006,0.4427893062661917,False,-2.370568732081401,True,0.18515775017372765,False,-1.2828206224678906,False,-0.22576486885039632,False
88.43294838518952,24.860048174143817,0.7494989206744583,-0.005114515869862557,False,-3.4808977670547367,True,0.4460075430442035,False,-1.0624514846261741,False,-0.9689156499307026,False
88.48294838518952,24.860048174143817,0.7304082219919367,-0.1432879010671662,False,-3.6000269619793848,True,0.49772256981501434,False,-0.7332314028521265,False,-1.2371545245449083,False
88.53294838518953,24.860048174143817,0.7183372366856674,-0.1661165150803936,False,-2.790832712009392,True,0.4818168651891591,False,-0.9041019865706561,False,-1.1362899069633956,False
88.58294838518952,24.860048174143817,0.6651044531751594,-0.020975728833279556,False,-1.7590263300379618,False,0.4621229433144254,False,-0.6048271059726792,False,-1.018203589330836,False
88.63294838518952,24.860048174143817,0.5067443889480647,0.32896757458103315,False,-1.1266824585686095,False,0.38496108863249634,False,0.42255190773004475,False,-0.5831069247618549,False
88.68294838518952,24.860048174143817,0.25367112227267646,0.20357593072545926,False,-0.5787891953195532,False,0.14102255976216543,False,-0.48833173494732396,False,0.18042829018719528,False
88.73294838518952,24.860048174143817,0.2970216312807908,-0.13899273184207556,False,-0.5116317502748065,False,0.05440129858283191,False,-0.5071757158566295,False,0.6685696740348498,False
88.78294838518953,24.860048174143817,0.5866321558207563,-0.05055274140766619,False,-1.054058513449803,False,-0.22449784559955427,False,1.0429609364790962,False,0.8719259926866871,False
88.83294838518952,24.860048174143817,0.7587319960631818,0.1142756834142962,False,-1.474549209713937,True,-0.3693217017150521,False,0.6478533365017017,False,0.514393366224692,False
88.88294838518952,24.860048174143817,0.8268089029237845,0.511980723409342,False,-1.801723942351106,True,-0.494514704027602,False,-1.3178873315618336,False,-0.0961744627342481,False
88.93294838518952,24.860048174143817,0.8449545783971311,0.5478292929788053,False,-2.00493261817153,True,-0.44096592611100427,False,-1.38685472379642,False,-0.2670840731246019,False
88.98294838518952,24.860048174143817,0.8305287524807686,0.4320603441749101,False,-2.050560954405032,True,-0.3053680560172155,False,-1.0261350560794409,False,-0.21440903886002055,False
89.03294838518953,24.860048174143817,0.7878130907835197,0.33487556588896816,False,-1.8171457348304338,True,-0.20087728431663232,False,-0.7259247014894235,False,0.09111738185097262,False
89.08294838518952,24.860048174143817,0.7256865508348709,0.05920918309552341,False,-1.28707388037783,False,-0.18537387153741205,False,-0.43865185412301905,False,0.43335216244753294,False
89.13294838518952,24.860048174143817,0.6506673712685281,-0.20759957409698918,False,-0.946847863124876,False,-0.13242218941817127,False,-0.3954785569161746,False,0.32138519654520536,False
89.18294838518952,24.860048174143817,0.6623658784181952,-0.36943857127615554,False,-0.7048955779713115,False,-0.07230424917823751,False,-0.20147505573738705,False,0.24947299409176749,False
89.23294838518952,24.860048174143817,0.7096665346899812,-0.37324873203932496,False,-0.9994712208251921,False,0.12278511350860653,False,0.19350662822600168,False,0.38784527790954965,False
89.28294838518953,24.860048174143817,0.7100761342546985,-0.22831980600154198,False,-1.3639304528164413,False,0.2023714630797212,False,0.3044045144401587,False,0.5740544634496685,False
89.33294838518952,24.860048174143817,0.6581368028525844,-0.06445219469794505,False,-1.3024172050072556,False,0.1335175904000968,False,0.03383303580731506,False,0.6709533061756856,False
89.38294838518952,24.860048174143817,0.5567633477628074,0.030709471355828827,False,-0.6358115753488844,False,0.07344090135887726,False,-0.07666586489950811,False,0.6790821898093936,False
89.43294838518952,24.860048174143817,0.4465355346486772,0.012271628255905005,False,-0.13301258988565723,False,0.05819861475769067,False,0.014151562325595113,False,0.382378075408198,False
89.48294838518952,24.860048174143817,0.4030944197072122,-0.0837221567852067,False,-0.014451048692516344,False,0.08905533405998611,False,0.019804572999597536,False,0.1266285573141389,False
89.53294838518953,24.860048174143817,0.5048576919733108,-0.2395895717419694,False,0.0010965528065707275,False,0.22517210596577453,False,-0.07194666311082004,False,-0.0006920320708080352,False
89.58294838518952,24.860048174143817,0.617522584367461,-0.4058753705869649,False,-0.1697909034121634,False,0.4333033922117516,False,-0.4253510535250445,False,0.28353723347850773,False
89.68294838518952,24.860048174143817,0.7409543569711685,-0.47646476867215876,False,-0.2815302843863339,False,0.49747322572978175,False,0.1728332186480402,False,0.6285522758686144,False
89.73294838518952,24.860048174143817,0.8086978058821795,-0.4027953254061635,False,-0.28596877824973155,False,0.3289419727059587,False,-0.01640437639497408,False,0.6924676418917908,False
89.78294838518953,24.860048174143817,0.8423033075684353,-0.3400587122068397,False,-0.1986338017396646,False,0.05296392766889482,False,0.22756170738270282,False,0.7949010540445838,False
89.83294838518952,24.860048174143817,0.8049313792165856,-0.3133774033108264,False,-0.1759089992657782,False,0.00789960368525136,False,0.3249103774141752,False,0.7307230205388268,False
89.88294838518952,24.860048174143817,0.6145160718483609,-0.23058334008023845,False,0.24430719170265663,False,0.040617884394031106,False,0.25399625625187516,False,0.6306755016478875,False
89.93294838518952,24.860048174143817,0.4812833127014705,-0.22189785124272446,False,0.025868395402217526,False,-0.007453930258209701,False,0.24488971692809508,False,0.3682617418993965,False
89.98294838518952,24.860048174143817,0.570169090401868,-0.3480982904478564,False,-0.3874327806495669,False,-0.08223052893388426,False,0.26827646126361193,False,0.23219671152278537,False
90.03294838518953,24.860048174143817,0.6298226205656334,-0.43245753384587854,False,-0.4341407829361812,False,-0.10744357432667881,False,0.28176805189230725,False,-0.0134787132581176,False
90.08294838518952,24.860048174143817,0.6638480073615161,-0.6109927768304295,False,-0.14689969203621375,False,-0.08229938122362931,False,0.34440757395842037,False,-0.3540502925680238,False
90.13294838518952,24.860048174143817,0.6667182570591219,-1.047496691564188,False,0.3234025311099411,False,0.03935148051727997,False,0.4337627145342019,False,-0.6770817084559344,False
90.18294838518952,24.860048174143817,0.6549170124230758,-1.4395285754038545,True,0.7561060665839623,False,0.16324328437506117,False,0.30839881354630405,False,-0.841189184198802,False
90.23294838518952,24.860048174143817,0.6157575061089537,-1.3277543706034813,True,0.898246531998839,False,0.1875076554459183,False,-0.13665074095639018,False,-0.8777910439349452,False
90.28294838518951,24.860048174143817,0.6024108250287754,-0.7365388996047266,False,0.9060769678237667,False,-0.1562196467743035,False,-0.5109494804509185,False,-0.5846019557722126,False
90.33294838518952,24.860048174143817,0.5863298438295544,-0.38389894061963975,False,-0.12258669205314005,False,-0.37140264649104326,False,1.234150295321749,False,0.12737353916435581,False
90.38294838518952,24.860048174143817,0.5397559135205997,-0.4569940139616381,False,-0.192375991007739,False,-0.37203549878752595,False,1.6956180310995874,False,0.39397204892459975,False
90.43294838518952,24.860048174143817,0.4923600386955487,-0.4777618701170356,False,-0.044757153662862814,False,-0.3712177630340382,False,1.4984946601208988,False,0.2475203064726759,False
90.48294838518952,24.860048174143817,0.5215059055377295,-0.4455970634841537,False,-0.3992370284662212,False,-0.33212154449417386,False,1.7434557659082774,False,0.13022642285768687,False
90.53294838518951,24.860048174143817,0.6098202743863838,-0.37756707109832305,False,-0.8382341735277128,False,-0.3086390927637461,False,1.9613668282881318,False,0.19539847730841187,False
90.58294838518952,24.860048174143817,0.640422464744712,-0.20386542926753182,False,-0.9938933305119069,False,-0.3173936719179612,False,1.8052129672066703,False,0.2741742152766982,False
90.63294838518952,24.860048174143817,0.46333525169222817,-0.1006762328343955,False,-0.7921704466451513,False,-0.23970661465879012,False,1.4021589529069052,False,0.07913391989907277,False
90.68294838518952,24.860048174143817,0.5369039993682956,-0.16454722048902934,False,-0.4213058781989196,False,-0.1740685579919552,False,0.7397692417458306,False,-0.22851682617105662,False
90.73294838518952,24.860048174143817,0.7088349095284184,-0.38029237174217606,False,0.11302371876245629,False,-0.11566618928369252,False,-0.6176411318961136,False,-0.30926603168365796,False
90.78294838518951,24.860048174143817,0.7484916518437688,-0.6008383326676178,False,0.22049343204547167,False,-0.06372151041754426,False,-1.949981895952448,False,-0.06387919501582201,False
90.83294838518952,24.860048174143817,0.7261212751672037,-0.8188224277567244,False,-0.16224495275550382,False,0.11082682587558362,False,-1.9540661425424068,False,0.2509324233057518,False
90.88294838518952,24.860048174143817,0.7568801001724548,-0.8811043206750788,False,-0.6806427294911901,False,0.38352252210319815,False,-0.5161116842337834,False,0.4369424927376039,False
90.93294838518952,24.860048174143817,0.818187053578161,-0.4609160459176235,False,-0.7250397488290256,False,0.4711668087529497,False,2.19625566778221,False,0.5831731677358398,False
90.98294838518952,24.860048174143817,0.8248649875342103,0.18015784630236165,False,-0.7447195284878285,False,0.39597990157404445,False,5.5080007352317,False,0.28648701392084563,False
91.03294838518951,24.860048174143817,0.8027314794763404,0.47427230673039883,False,-0.8435709104560336,True,0.3134720937422032,False,5.621960085251342,False,0.11274450980588119,False
91.08294838518952,24.860048174143817,0.7628218193357252,0.5428478290875067,False,-0.798890306485277,True,0.127487369886441,False,4.251945670663623,False,0.2840223019504791,False
91.13294838518952,24.860048174143817,0.7188502395123343,0.5384954312476132,False,-0.7543600677636928,False,0.04035860276389775,False,2.280767114545336,False,0.3629803423473612,False
91.18294838518952,24.860048174143817,0.7246560470826218,0.465153799692989,False,-0.7436362712893803,False,0.02990270452349364,False,-0.0036373740931203713,False,0.3580329894895309,False
91.23294838518952,24.860048174143817,0.7691477355009977,0.29837025095881375,False,-0.8526553980161853,False,0.06060183339668862,False,-1.0664318681825957,False,0.399074280748536,False
91.28294838518951,24.860048174143817,0.7780041665736664,0.13002929298124508,False,-0.8119347103249593,False,0.11033481691143261,False,-2.2178839734219027,False,0.5487745808551362,False
91.33294838518952,24.860048174143817,0.7378593304047724,0.17180440270645048,False,-0.6460805741147134,False,0.14013936924654224,False,-2.632701230534261,False,0.421163287771436,False
91.38294838518952,24.860048174143817,0.6128528005090653,0.22299577919356367,False,-0.3632577379535392,False,0.08668813610943932,False,-2.4465993350588304,False,0.25641501205937617,False
91.43294838518952,24.860048174143817,0.5957870149059288,0.16753807977105697,False,-0.16663674605397327,False,0.0483903180042749,False,-2.189787437923615,False,0.29907537046761834,False
91.48294838518952,24.860048174143817,0.7575384319833672,0.25286906892566213,False,-0.467117953919145,False,0.029895468574525463,False,-2.4337388711777423,False,0.2182297692842954,False
91.53294838518951,24.860048174143817,0.7992634713396032,0.32604074925701243,False,-0.6908197046015412,False,-0.02814450060985091,False,-1.926957951618625,False,0.23440166927616105,False
91.58294838518952,24.860048174143817,0.7934758715884345,0.20639973826245084,False,-0.7601488880556353,False,-0.11192734581131666,False,-1.022769952468438,False,0.4884963997478209,False
91.63294838518952,24.860048174143817,0.7395294712862649,0.0030302047298094714,False,-1.081201377517913,False,-0.15457514403883266,False,0.016299544002008587,False,0.8526490357072618,True
91.68294838518952,24.860048174143817,0.6565337860810958,0.4529437290706048,False,-1.6447745858537777,True,0.10299105232782377,False,0.3549108195834754,False,1.2020000859918798,True
91.73294838518952,24.860048174143817,0.5612448860418936,1.0557144265666158,False,-1.7507220351794983,True,0.1876966780674351,False,-0.07122589914622501,False,1.3682204766118313,True
91.78294838518951,24.860048174143817,0.5062144902625526,1.4471058559739192,True,-1.4594493616931512,True,0.11158323104590143,False,-0.6604149257092539,False,1.15840909430526,True
91.83294838518952,24.860048174143817,0.47830465227192603,1.63067279420097,True,-1.359492845047851,True,0.1788002516349514,False,-0.9007469216216895,False,0.8763485330835433,True
91.88294838518952,24.860048174143817,0.46317496170305966,1.2634313957667165,False,-1.3103012889965013,True,0.2198791344122713,False,-0.2522028136257478,False,0.6014566686153588,False
91.93294838518952,24.860048174143817,0.4402054936791131,0.6457039064248544,False,-1.209077423216839,True,0.17735601177237736,False,0.8155751358420462,False,0.30574756642972184,False
91.98294838518952,24.860048174143817,0.41494208590150944,0.35547383676045397,False,-1.0388438259913764,False,0.1748380827011055,False,1.3084707259509822,False,0.25862192887196445,False
92.03294838518951,24.860048174143817,0.40790880848390154,0.18854764596451667,False,-0.9915416873298548,False,0.16557720282909322,False,1.788012312244505,False,0.27748643897707925,False
92.08294838518952,24.860048174143817,0.4652579759481407,0.12137828555700053,False,-1.1204100944978155,False,0.07382725099800877,False,2.2446597205261467,True,0.2288155381576922,False
92.13294838518952,24.860048174143817,0.5587867513019281,0.21080798846581308,False,-1.0673737604141333,False,-0.07736139868103747,False,3.341607288135844,True,0.23584186389957817,False
92.18294838518952,24.860048174143817,0.5925268615313674,0.4480774243624608,False,-0.8974296584536949,False,-0.1273425855015766,False,3.719333388828258,True,0.2935152034596169,False
92.23294838518952,24.860048174143817,0.5353802972527243,0.6343331453977176,False,-0.638410909148025,False,-0.14783448559122775,False,3.1802548294744217,False,0.3976608784650724,False
92.38294838518952,24.860048174143817,0.40293375288886657,0.096715557577601,False,-0.1480257513648111,False,-0.07465058754190967,False,-0.21408175229163423,False,0.20803890474550996,False
92.43294838518952,24.860048174143817,0.37560197960314473,0.030881109074954838,False,-0.13007700960225094,False,-0.05542275324914531,False,-0.6348970528320922,False,0.1873637754096825,False
88.13294838518952,24.810048174143816,0.689000469379583,0.18560330465962657,False,-0.2872699123317915,False,0.12439483202153878,False,-0.5405111021495365,True,0.5005973666640758,False
88.18294838518952,24.810048174143816,0.6950114481338455,0.5211187806283077,False,-0.7177987284898306,False,0.06913477707606347,False,-0.7373948583434518,True,0.615968185005071,False
88.23294838518952,24.810048174143816,0.6944102995355332,0.796670548383029,False,-1.2206265806287586,True,-0.008722556355585331,False,-0.9629828045232931,True,0.7222745237139617,False
88.28294838518953,24.810048174143816,0.6983073251843656,0.5357509020158514,False,-1.7515052398702327,True,-0.1040445431544014,False,-1.0682166551862275,True,0.6935607718017655,False
88.33294838518952,24.810048174143816,0.7281008759484234,0.13836322414821656,False,-2.2194748948343954,True,-0.13550638194926104,False,-1.195226352305439,True,0.48346443371328396,False
88.38294838518952,24.810048174143816,0.7587264900002795,0.3674150337451184,False,-2.248992589418513,True,0.121882997724344,False,-1.231407627494694,True,-0.12102858548775602,False
88.43294838518952,24.810048174143816,0.7575514511517333,0.512571659698315,False,-2.4598006102446885,True,0.2537506838404182,False,-0.6034281806453945,False,-0.8546449409200412,False
88.48294838518952,24.810048174143816,0.7714279005892166,0.32167497963992164,False,-2.150148032932522,True,0.15554358983723904,False,-0.08467020348431586,False,-1.127086957608748,False
88.53294838518953,24.810048174143816,0.7909895916877921,0.13468502089939285,False,-1.5231782312484636,False,0.1587161161696626,False,0.05089506984365652,False,-1.263627262638057,False
88.58294838518952,24.810048174143816,0.7484400583688952,0.06976961640533713,False,-1.7128788052322705,False,0.3988452815783634,False,0.05834624719831666,False,-1.1214614203751214,False
88.63294838518952,24.810048174143816,0.6380106306127802,0.19461839648300913,False,-1.791719631434284,False,0.5771830689732564,False,0.14160590757151492,False,-0.5866730117628811,False
88.68294838518952,24.810048174143816,0.5511442687883273,0.3426195035210454,False,-1.6536216505676065,False,0.30311606240856864,False,-0.2980364126256702,False,0.4751543286995946,False
88.73294838518952,24.810048174143816,0.5779530987163829,0.19213101332691115,False,-1.426169789660939,False,-0.054845980099476915,False,-0.2670534116443619,False,1.2163283037407415,False
88.78294838518953,24.810048174143816,0.6532898812539778,0.11102463053542463,False,-1.3534900526490339,False,-0.27683957573749285,False,0.6986214789303699,False,1.0844189275034282,False
88.83294838518952,24.810048174143816,0.7286903614677133,0.2202555281500036,False,-1.4595097486307962,True,-0.42990205572275436,False,0.762372652509598,False,0.3221866051805719,False
88.88294838518952,24.810048174143816,0.7841893346901003,0.4849806645578149,False,-1.6765097566206624,True,-0.6100762683405401,False,-0.876671024036806,False,-0.34195892674512174,False
88.93294838518952,24.810048174143816,0.8101253061220289,0.5009172025152643,False,-1.779726439124139,True,-0.57422198012857,False,-1.4227052013382102,False,-0.43026721288788594,False
88.98294838518952,24.810048174143816,0.8085239523541432,0.2809924451493112,False,-1.6996403550055659,True,-0.4335181707246302,False,-1.1986498153769665,False,-0.37829697918412714,False
89.03294838518953,24.810048174143816,0.7801904363162291,0.1346859400137852,False,-1.5130214962737156,False,-0.3077755014315243,False,-1.055123137855213,False,-0.2148286803956165,False
89.08294838518952,24.810048174143816,0.7223958568433755,-0.05243948610524538,False,-1.040775664370555,False,-0.24398368897084602,False,-0.7895504470713537,False,0.12356565849201978,False
89.13294838518952,24.810048174143816,0.6323311509877392,-0.19247566823534074,False,-0.811271974017342,False,-0.1757647267119157,False,-0.6807362290110499,False,0.11420246536716347,False
89.18294838518952,24.810048174143816,0.6105315184042975,-0.27136761053532976,False,-0.7907001006815775,False,-0.09294106705220802,False,-0.5131364690020587,False,0.1640784376809043,False
89.23294838518952,24.810048174143816,0.6782200680902029,-0.2807202790586093,False,-1.2217233718184584,False,0.09379900046920632,False,-0.2946920402370241,False,0.2908600865492358,False
89.28294838518953,24.810048174143816,0.723888698912261,-0.13671872638007654,False,-1.6279303080775165,False,0.14485250924271018,False,-0.2243478596294563,False,0.5111139320218161,False
89.33294838518952,24.810048174143816,0.6969344069208601,0.030178112217630275,False,-1.6881530500286368,False,0.11276903773639675,False,-0.24627785127989918,False,0.6711874865206835,False
89.38294838518952,24.810048174143816,0.6107231712711833,0.09999529968445132,False,-1.0150246277283426,False,0.038220791413193345,False,-0.23787843106784995,False,0.47015734531548503,False
89.43294838518952,24.810048174143816,0.48499472958908885,0.12582127469223076,False,0.004273646148586274,False,0.028871671829452827,False,-0.06888674644991527,False,0.05664315588646618,False
89.48294838518952,24.810048174143816,0.39568348805869696,-0.038430479765268255,False,0.4158969098028748,False,0.0821273682426582,False,0.1440309401342146,False,-0.45320656216564087,False
89.53294838518953,24.810048174143816,0.44495128361549496,-0.33618420289270956,False,0.6476903474207565,False,0.25246420943853704,False,0.2809707772472671,False,-0.7171602059310374,False
89.58294838518952,24.810048174143816,0.5291606238611429,-0.5266227183280191,False,0.4085328577029612,False,0.4407347158284525,False,-0.1710391899096535,False,-0.14233748901877474,False
89.68294838518952,24.810048174143816,0.6659665380793112,-0.45217245540848194,False,-0.3295037028704926,False,0.44861574859834913,False,1.2939646763204522,False,0.6245013296991854,False
89.73294838518952,24.810048174143816,0.7614034228607676,-0.4087583359096409,False,-0.6608161683203347,False,0.2882276773399053,False,0.47937522399503274,False,0.4839063633050925,False
89.78294838518953,24.810048174143816,0.8308404951583317,-0.3048774451785512,False,-0.7052133958938206,False,0.01623993396906037,False,0.2710172312116489,False,0.6781930027181917,False
89.83294838518952,24.810048174143816,0.8372950299394905,-0.3431454921621939,False,-0.6308347669502888,False,-0.010290835167454798,False,0.3875162780169067,False,0.6900154867706739,False
89.88294838518952,24.810048174143816,0.7341442355460253,-0.34098956403809294,False,-0.2322806165561761,False,0.05139695818779613,False,0.3801289261070434,False,0.6641644061988493,False
89.93294838518952,24.810048174143816,0.6623477859426004,-0.37043235013824843,False,0.07345904700417283,False,0.09048978850493124,False,0.3516735283675348,False,0.7009703944611725,False
89.98294838518952,24.810048174143816,0.7355477666937826,-0.7169060348367833,False,0.32612082741902537,False,0.15327616325942284,False,0.39333356445892453,False,0.6956025280427809,False
90.03294838518953,24.810048174143816,0.7729703940195499,-1.2225339612808364,True,0.8253133302658875,False,0.3398168216826502,False,0.5410709030526006,False,0.20585348307301699,False
90.08294838518952,24.810048174143816,0.7883422303022573,-1.5619453090857736,True,1.4804231241577495,False,0.3469185534160741,False,0.6332220092760036,False,-0.4564916798981804,False
90.13294838518952,24.810048174143816,0.7902943065586753,-1.5401566755233462,True,1.5817396519616806,True,0.20339523642958823,False,0.6825374732496123,False,-1.1187332392727087,True
90.18294838518952,24.810048174143816,0.7596596761621734,-1.4196072219359768,True,1.4126405085060632,False,0.18227176257958316,False,0.6072283151901152,False,-1.3176141659279499,True
90.23294838518952,24.810048174143816,0.6530859688770051,-1.0404371664637238,True,1.029421792375338,False,0.17966317987573616,False,0.49617814538876204,False,-1.3340632166961641,True
90.28294838518951,24.810048174143816,0.5590986537088342,-0.4199727651472252,False,-0.029949850714820814,False,-0.08453944844127784,False,1.2629613735649006,False,-0.8305095143432073,False
90.33294838518952,24.810048174143816,0.5206703807436366,-0.20968113015104078,False,-0.9621599231267737,False,-0.3404691698176108,False,2.6959064189077235,False,0.001261141442812086,False
90.38294838518952,24.810048174143816,0.4766015227981287,-0.2671263382497513,False,-0.6616311314919787,False,-0.3570701372002702,False,2.1918640372253013,False,0.20429288544886773,False
90.43294838518952,24.810048174143816,0.44982476431866875,-0.203831729161447,False,-0.7406503765269101,False,-0.3326147718644381,False,2.005776206001067,False,0.1027523991474713,False
90.48294838518952,24.810048174143816,0.48611995638610295,-0.149208945325013,False,-0.9986302419432238,False,-0.32739825522445726,False,2.2308049198096653,False,0.07792105860689864,False
90.53294838518951,24.810048174143816,0.5650951014015142,-0.0814114729851991,False,-1.2141353105357713,False,-0.30431022676482333,False,2.3125778219181665,False,0.31323603377001974,False
90.58294838518952,24.810048174143816,0.607113950311585,0.0076199486093153634,False,-1.240412994259844,False,-0.28659426867483706,False,2.0922448199133785,False,0.4561474398943501,False
90.63294838518952,24.810048174143816,0.4653796764152452,0.04730143532393122,False,-0.949714907849734,False,-0.21577013754585878,False,1.7497199522559552,False,0.15887333132758927,False
90.68294838518952,24.810048174143816,0.5222656346999585,-0.10780212636534912,False,-0.5647799662930308,False,-0.08737905930149985,False,1.016842570461903,False,-0.35291103743527547,False
90.73294838518952,24.810048174143816,0.7063537785600661,-0.33427616749309896,False,-0.18761190819985243,False,-0.030707413830602208,False,-0.3420888885804504,False,-0.36993486257715996,False
90.78294838518951,24.810048174143816,0.7684114520798813,-0.5657367910724626,False,0.05784995355293282,False,-0.012748968335600117,False,-2.2471185873697257,False,-0.02375841854300134,False
90.83294838518952,24.810048174143816,0.777688855349912,-0.7009020813717677,False,-0.2559331537572485,False,0.09515652446231487,False,-3.1856897137739426,False,0.40168785065198065,False
90.88294838518952,24.810048174143816,0.8099942382471447,-0.6215695296145513,False,-0.9456341408494762,False,0.3006215589824392,False,-2.9007467758699033,False,0.8147253778065358,False
90.93294838518952,24.810048174143816,0.8444460606691337,-0.230069730202773,False,-0.922293743489962,False,0.3144314681507908,False,-1.7371880190587234,False,0.8274756009915184,False
90.98294838518952,24.810048174143816,0.8370755131925968,0.43696665878995933,False,-0.7303445697395372,False,0.37794187272172197,False,0.9899877574691789,False,0.32874306764290484,False
91.03294838518951,24.810048174143816,0.8077418911032382,0.6563121470901854,False,-0.797805941587969,False,0.33557794057421947,False,1.5607193912704327,False,0.12482761127111254,False
91.08294838518952,24.810048174143816,0.7653432695650046,0.6399860625033263,False,-0.8424853554585355,False,0.17404923562688662,False,0.3107727089193526,False,0.1841656926644751,False
91.13294838518952,24.810048174143816,0.7201400234021698,0.6092022908695508,False,-0.9485579913052983,False,0.016805245193051196,False,-1.3017362750865473,False,0.18126140145425185,False
91.18294838518952,24.810048174143816,0.7237110470038723,0.5109872233872803,False,-0.9862384016801313,False,-0.09199648777866429,False,-2.3172025738172053,False,0.2038102752181019,False
91.23294838518952,24.810048174143816,0.7669833803402961,0.3766886213952065,False,-0.7762063842790686,False,-0.11937066409767047,False,-4.0961299973561776,False,0.39793415707396407,False
91.28294838518951,24.810048174143816,0.7716303660433296,0.27231703159840825,False,-0.4828765125736808,False,-0.055348431793972114,False,-6.051856778898603,False,0.5270930764949423,False
91.33294838518952,24.810048174143816,0.7229268339252818,0.26147809168636016,False,-0.2730818767745196,False,-0.0013428708006290035,False,-6.1925511008585055,False,0.33854537557601083,False
91.38294838518952,24.810048174143816,0.5812846394511578,0.18251695297245035,False,0.005535410617471613,False,-0.013483235575373995,False,-4.8549903792955025,False,0.24371371262160746,False
91.43294838518952,24.810048174143816,0.5115619770520946,0.04157704608300622,False,0.20041180914129958,False,0.010601064056825565,False,-3.4576197616528583,False,0.351034437431825,False
91.48294838518952,24.810048174143816,0.6668177670578135,-0.02028878769897391,False,-0.10311514770791613,False,0.03635933176287448,False,-2.3324352362198653,False,0.31962907807720115,False
91.53294838518951,24.810048174143816,0.7494683805360891,-0.19860497153769235,False,-0.46947580755889595,False,-0.01789015001873459,False,-0.8521594438661133,False,0.30256855897370405,False
91.58294838518952,24.810048174143816,0.7893885057821559,-0.6506919134660052,False,-0.6866074299935047,False,-0.10953312259921295,False,0.43414790382764756,False,0.5145701359766173,False
91.63294838518952,24.810048174143816,0.7945925461919848,-0.6646205537522948,False,-0.9154114040746986,False,-0.0997924938016046,False,0.9596022170221403,False,0.9839198764778627,True
91.68294838518952,24.810048174143816,0.7625919579378019,0.16738416476371082,False,-1.2844451582995073,True,0.10895797393252814,False,0.4979078513767208,False,1.5093210778658535,True
91.73294838518952,24.810048174143816,0.7171279860403342,1.0392145694175543,False,-1.4561641772867975,True,0.2687236615414281,False,-0.2814684052587456,False,1.6972102421683468,True
91.78294838518951,24.810048174143816,0.6851702997410629,1.6680367677184589,False,-1.4854261937164739,True,0.2824032052786949,False,-1.0689050865101208,False,1.2609702928378748,True
91.83294838518952,24.810048174143816,0.6648457604485843,1.9840603351053483,True,-1.5432392956774634,True,0.21079482850637726,False,-1.407380348719994,False,0.7476073316713533,False
91.88294838518952,24.810048174143816,0.6387037343255089,1.260841291533809,False,-1.5713538140525563,True,0.13112316963501605,False,-0.07593902127355673,False,0.4777253141000841,False
91.93294838518952,24.810048174143816,0.60105923555268,0.4863030246049709,False,-1.5570137499777423,True,0.04182872062610199,False,1.4223394396928053,False,0.20702047814603292,False
91.98294838518952,24.810048174143816,0.5645158854447841,0.10119291360769447,False,-1.3747888897989737,True,0.0039034460462320925,False,2.029293229448624,False,0.17934422938659866,False
92.03294838518951,24.810048174143816,0.5448371773794654,-0.20052154424805652,False,-1.1422807243425286,True,-0.030702356537679762,False,2.431283517321521,True,0.3001084349074456,False
92.08294838518952,24.810048174143816,0.5601478250972874,-0.3296182307778068,False,-1.08321405648684,False,-0.044038624573939096,False,2.798965433431695,True,0.34949160522409095,False
92.13294838518952,24.810048174143816,0.6096997234688378,-0.19613610414454863,False,-0.8794749711532247,False,0.0012418705362435938,False,3.380981353563392,True,0.44000920010477595,False
92.18294838518952,24.810048174143816,0.6183141920536305,0.06167781076333476,False,-0.5295223352783708,False,0.026171239816186076,False,3.0716713454011546,False,0.48222021750488747,False
92.23294838518952,24.810048174143816,0.5910270331387486,0.20994766618058722,False,-0.5702092918079065,False,-0.012252133258149528,False,3.4177237064234873,False,0.5527144922692722,False
92.28294838518951,24.810048174143816,0.5306211353552119,0.2845892569260725,False,-0.6408888391739942,False,-0.04793559772593978,False,3.836017321945115,False,0.582562047994481,False
88.08294838518952,24.76004817414381,0.6381903036032315,-0.21196860244409596,False,0.18617142137471226,False,0.23763024523925397,False,-0.2857952133260562,False,0.4082765931646224,False
88.13294838518952,24.76004817414381,0.649133535808853,-0.1008690820704328,False,0.016482272604343817,False,0.2195257562120848,False,-0.33162673029427814,False,0.521916282757896,False
88.18294838518952,24.76004817414381,0.6586726066435913,0.22551794419838395,False,-0.4425073403427243,False,0.18383295748187692,False,-0.5012497805147761,False,0.6872528809692818,False
88.23294838518952,24.76004817414381,0.6623941599410448,0.6517611882028547,False,-1.0251384222359081,True,0.10607578000217358,False,-0.8045858504044159,True,0.857873039002244,False
88.28294838518953,24.76004817414381,0.6741698406405037,0.7795158925897454,False,-1.4732948904689254,True,0.0799537445712382,False,-1.0595517615093586,True,0.8256470759566132,False
88.33294838518952,24.76004817414381,0.7062377213218495,0.4735123108246764,False,-1.8436988593942192,True,0.09677663019160637,False,-1.2470610032112799,True,0.5453601449544492,False
88.38294838518952,24.76004817414381,0.7254068678662814,0.48386930100019904,False,-2.0458570153702835,True,0.15977763692108615,False,-1.272294430923766,False,0.021610245719673196,False
88.43294838518952,24.76004817414381,0.7371542119321884,0.7971690244170293,False,-2.222023884146377,True,0.23630252869542018,False,-0.48213770731192274,False,-0.9037219367527158,False
88.48294838518952,24.76004817414381,0.8149696194135257,0.5227002693968473,False,-1.6302214620433717,True,0.14726769524258912,False,-0.045891480229436676,False,-1.1327817292089577,False
88.53294838518953,24.76004817414381,0.8721165779630673,0.3254316186761146,False,-1.5683009491029614,False,0.025266635596730452,False,0.6542725363477035,False,-1.3972897587800888,False
88.58294838518952,24.76004817414381,0.8612081970023021,0.14057659504114045,False,-2.649090967072308,True,0.05055094140339312,False,1.1378873367854416,False,-1.2315346833691754,False
88.63294838518952,24.76004817414381,0.8173615730926288,0.12111843335646244,False,-2.9146192205549255,True,0.3829075048148163,False,0.6343036344870707,False,-0.6907229415585285,False
88.68294838518952,24.76004817414381,0.7728743211926759,0.3421052261168027,False,-2.88265974654969,True,0.2309408142130363,False,-0.4537618242636836,False,0.48362677176125374,False
88.73294838518952,24.76004817414381,0.7400355759083466,0.36565676118152607,False,-2.3107294622226373,True,-0.14844949028283883,False,-0.78046293423422,False,1.5776876005592357,False
88.78294838518953,24.76004817414381,0.7110652846693821,0.18954770263008963,False,-1.610859388739314,False,-0.2877189997052059,False,0.4410720740801646,False,1.2554541165171775,False
88.83294838518952,24.76004817414381,0.6918310326093478,0.24308577609249793,False,-1.4471881510757356,False,-0.39134423920571404,False,1.3914392405981344,False,0.31547197941041827,False
88.88294838518952,24.76004817414381,0.6861523092660312,0.3041070235535129,False,-1.5364186143648908,False,-0.4620319043848363,False,0.19065636255632099,False,-0.16639314901772362,False
88.93294838518952,24.76004817414381,0.7047780895186315,0.3800658495486977,False,-1.5701441263433997,False,-0.5084372009692162,False,-1.3717868766358048,False,-0.33246465947716614,False
88.98294838518952,24.76004817414381,0.7274859950333642,0.22383719337947688,False,-1.402267866090565,False,-0.38222918053662003,False,-1.526814521286376,False,-0.32901719739580787,False
89.03294838518953,24.76004817414381,0.7404941529934878,0.07123591965599659,False,-1.1941068879424472,False,-0.2699535218549386,False,-1.4444953985800235,True,-0.27385273971559143,False
89.08294838518952,24.76004817414381,0.7284213486503686,-0.04222552906380851,False,-0.9253349976596881,False,-0.2174538706976926,False,-1.1088650508515248,False,0.0028631709525426263,False
89.13294838518952,24.76004817414381,0.6834013211300847,-0.13115563453887166,False,-0.9555062131917207,False,-0.15339596214302872,False,-0.8315568383598537,False,0.1216867669133686,False
89.18294838518952,24.76004817414381,0.6675805845082532,-0.23586010928959672,False,-1.1366103911354046,False,-0.04243855666515334,False,-0.653561391221271,False,0.21527379416254327,False
89.23294838518952,24.76004817414381,0.7493798341219171,-0.25033124922506317,False,-1.571210120027605,False,0.12553993552324205,False,-0.5689567812029087,False,0.25424382909987087,False
89.28294838518953,24.76004817414381,0.7901525543705432,-0.09043508381302598,False,-1.9031618830169803,False,0.16332059149736308,False,-0.546274761001557,False,0.4204722187926671,False
89.33294838518952,24.76004817414381,0.7596461097407631,0.11844983818002945,False,-1.9462111609241648,False,0.1349705709314178,False,-0.42021152768274866,False,0.7041712637459396,False
89.38294838518952,24.76004817414381,0.6733752696124794,0.1829333616861159,False,-1.3888977012119945,False,0.031133553903985964,False,-0.3406538541591556,False,0.35383859254646266,False
89.43294838518952,24.76004817414381,0.5342479683290937,0.22323917394329384,False,-0.10348448468116755,False,0.01717747212494164,False,-0.21513507864753986,False,-0.38016489151163996,False
89.48294838518952,24.76004817414381,0.37612184185145203,0.09389576705022659,False,0.573639991452046,False,0.059650478121566736,False,0.011993297895273286,False,-0.9067193427396736,False
89.53294838518953,24.76004817414381,0.3678426653897,-0.2964803602377043,False,0.8848023374143045,False,0.22646010010945344,False,0.30584912725467556,False,-0.9718235611652667,False
89.58294838518952,24.76004817414381,0.4307050819303579,-0.535887613283728,False,0.8470249397851346,False,0.3868756290884855,False,0.1082759804930229,False,-0.4088166338269381,False
89.68294838518952,24.76004817414381,0.5874615749748825,-0.37537431791462494,False,-0.3859717217396813,False,0.3600015573479072,False,1.8414617312286379,False,0.6439185416422695,False
89.73294838518952,24.76004817414381,0.7022938899104505,-0.3045612337726671,False,-1.131200267255765,False,0.1392207365331526,False,1.3848113044913215,False,0.36503016736319827,False
89.78294838518953,24.76004817414381,0.7902206411295076,-0.25455366991817496,False,-1.3109620992227546,False,-0.06389729487175952,False,0.3650102824866687,False,0.43553081622898565,False
89.83294838518952,24.76004817414381,0.8208928781841321,-0.25590513007023113,False,-0.9486404798269503,False,-0.02957265909970637,False,0.3893197547204371,False,0.7169838437688959,False
89.88294838518952,24.76004817414381,0.7663326854433148,-0.2707061185164862,False,-0.5187119564161415,False,0.07596157406878735,False,0.5196320113098055,False,0.8313959675392475,False
89.93294838518952,24.76004817414381,0.7442400202780387,-0.3106940115842237,False,0.33161494331094676,False,0.15744014577304777,False,0.4997207740472883,False,1.1313840192836504,False
89.98294838518952,24.76004817414381,0.786086023770374,-0.7893062871755594,False,1.059147176364874,False,0.25852840949301764,False,0.49722575285077597,False,1.0141695753682565,True
90.03294838518953,24.76004817414381,0.8051550493433619,-1.7008660004606737,True,1.9838526552615996,False,0.5310343611814891,False,0.5933009529737844,False,0.31128681223224003,False
90.08294838518952,24.76004817414381,0.8206601116490493,-2.0366260100263025,True,2.788004555148523,True,0.5992285626117831,False,0.5893865060596736,False,-0.2728187935668937,False
90.13294838518952,24.76004817414381,0.8345465098454332,-1.5774362386257983,True,2.5345760180074897,True,0.4003491796789697,False,0.7057690607778033,False,-0.9981616210542247,True
90.18294838518952,24.76004817414381,0.8212291495397652,-1.1254860585261008,False,1.948676303267317,True,0.2628285524914611,False,1.032496902791479,False,-1.5289677208045374,True
90.23294838518952,24.76004817414381,0.7279808072613098,-0.7934871013510097,False,1.3889590701312475,False,0.24479772280917617,False,1.1051722544912257,False,-1.5964760849576685,True
90.28294838518951,24.76004817414381,0.5317295424545594,-0.3148358291151935,False,-0.14758776178482075,False,-0.047712125070938916,False,2.2219520207340473,False,-1.1376217131021948,False
90.33294838518952,24.76004817414381,0.4194502383537751,-0.03274348847332892,False,-1.4292405415017506,False,-0.24517848813188134,False,3.1966917332540765,False,-0.27947190635785363,False
90.38294838518952,24.76004817414381,0.4251000929110366,-0.03191128715995238,False,-1.5605053939317886,False,-0.2052042651469868,False,2.8931734289689546,False,0.005204914062324852,False
90.43294838518952,24.76004817414381,0.45937914353755427,-0.015180197978080068,False,-1.646780903753874,False,-0.14726851774102365,False,2.6847802394492177,False,0.05349627075458338,False
90.48294838518952,24.76004817414381,0.5094885384952509,0.12291914875474917,False,-1.8107730396826929,False,-0.11297465150246729,False,2.5405637779622396,False,0.2136911524129429,False
90.53294838518951,24.76004817414381,0.559276720958025,0.24235634639676204,False,-1.9329411488572696,False,-0.10226885759174978,False,2.4273417235358385,False,0.4825971859808096,False
90.58294838518952,24.76004817414381,0.5667714937524345,0.13384198952234322,False,-1.6631431656897515,False,-0.11321859967113634,False,2.0999439166166476,False,0.5359621807808941,False
90.63294838518952,24.76004817414381,0.44076944467237883,0.08490866447168889,False,-1.1367181568163602,False,-0.09911770260689476,False,1.6121951366763674,False,0.3019259261201273,False
90.68294838518952,24.76004817414381,0.468550662762367,0.02383070412712726,False,-0.8074952528222787,False,-0.015290667878089238,False,1.153575845897827,False,-0.28057408490878594,False
90.73294838518952,24.76004817414381,0.6720404043020292,-0.05663026271437138,False,-0.9124407910267378,False,0.011928192678272349,False,0.38041419995699316,False,-0.4065175400036728,False
90.78294838518951,24.76004817414381,0.7747539710023886,-0.2802471890021636,False,-0.5351664778821642,False,0.028840758138703876,False,-1.5963764016149429,False,-0.1417077400791191,False
90.83294838518952,24.76004817414381,0.8137849318245501,-0.3630412116287659,False,-0.38044394388886826,False,0.0562659118156458,False,-3.9120384696262556,False,0.3479623073517592,False
90.88294838518952,24.76004817414381,0.8432582229065918,-0.21439420486982214,False,-0.9204358058065915,False,0.1714458036013246,False,-4.478103230859375,False,0.7650773723080913,False
90.93294838518952,24.76004817414381,0.8519829340786975,0.06040202509570913,False,-0.8283515195757807,False,0.160084338396199,False,-4.123740334200761,False,0.731367102138905,False
90.98294838518952,24.76004817414381,0.8355404598874284,0.5638453325526254,False,-0.5840407129163617,False,0.24786507216636033,False,-2.5708485807323163,False,0.3801618061234687,False
91.03294838518951,24.76004817414381,0.7953439311322513,0.735078332216298,False,-0.6014911995572065,False,0.24241012927676422,False,-2.354976636642482,False,0.21738437913838826,False
91.08294838518952,24.76004817414381,0.740151460488059,0.7310429446519237,False,-0.6718102229862768,False,0.11139674484156806,False,-3.9749146114236895,False,0.20303591718773864,False
91.13294838518952,24.76004817414381,0.6965314436382569,0.6246638354515672,False,-0.7653280153689006,False,-0.027553998815992242,False,-5.071732685638251,False,0.15853871698076827,False
91.18294838518952,24.76004817414381,0.7224965081129009,0.5047313834595055,False,-0.7371421043133113,False,-0.13859671810160318,False,-6.108671053359174,False,0.20657112114086584,False
91.23294838518952,24.76004817414381,0.7617662968442287,0.33590693399612387,False,-0.45348213354809674,False,-0.18687460484207646,False,-8.208576614544715,False,0.38999277076452166,False
91.28294838518951,24.76004817414381,0.7514894190012991,0.17101166838258222,False,-0.2217899418640492,False,-0.09357820270883471,False,-8.592233714587493,False,0.39829986767491965,False
91.33294838518952,24.76004817414381,0.6733540105439435,0.06812554978269528,False,-0.0851749618334871,False,-0.01663269781257809,False,-6.898918615838497,False,0.23453486968164883,False
91.38294838518952,24.76004817414381,0.530792072956209,-0.0488111299277612,False,0.13852786811085577,False,-0.029973726815084284,False,-4.671120426008862,False,0.1944779824665394,False
91.43294838518952,24.76004817414381,0.5422372038860982,-0.1569878424969658,False,0.23996524274829661,False,-0.00621242382808309,False,-3.5450441873991423,False,0.27093304514332744,False
91.48294838518952,24.76004817414381,0.6916021217887555,-0.27084540468507895,False,-0.05968552316758169,False,-0.006049549097940171,False,-1.9692839721953657,False,0.28218983058205876,False
91.53294838518951,24.76004817414381,0.7625524814828578,-0.7463180613397604,False,-0.5302191359164056,False,-0.05940943494112591,False,0.40160793532368544,False,0.2930642156588526,False
91.58294838518952,24.76004817414381,0.7818993432324236,-1.0736463095622728,False,-0.8233433634177145,False,-0.08708641182345582,False,1.7110645924092558,False,0.5101267301519122,False
91.63294838518952,24.76004817414381,0.7967276502910227,-1.059608658452947,False,-0.9910443542051177,False,-0.040863514657489455,False,1.9082028658756693,False,0.9093030344942622,True
91.68294838518952,24.76004817414381,0.8080256463688841,-0.6119448582439141,False,-1.220266035883237,True,0.09731691634530507,False,1.3679612471853648,False,1.3679507824515897,True
91.73294838518952,24.76004817414381,0.8115399078539969,-0.1943397421157444,False,-1.2503384466595406,True,0.21114345236655943,False,0.9141654947712067,False,1.5798736558220972,True
91.78294838518951,24.76004817414381,0.8062970863163452,0.0921808605522969,False,-1.2710168653728322,True,0.25028115029322245,False,0.7266561591183754,False,1.3472039675369651,True
91.83294838518952,24.76004817414381,0.7913305563786949,0.6992151127127484,False,-1.3445132734483454,True,0.0787373407640708,False,0.1743407710559646,False,0.8352444446176208,False
91.88294838518952,24.76004817414381,0.7665017895679507,0.9418834829122193,False,-1.4557047874384406,True,-0.10054059264932905,False,0.2612466729308602,False,0.5090015299506245,False
91.93294838518952,24.76004817414381,0.7339470384087622,0.5209628249257928,False,-1.475354658277921,True,-0.25982731971750456,False,1.3010906245645466,False,0.3503496974275673,False
91.98294838518952,24.76004817414381,0.7145576275722418,-0.0441358158327973,False,-1.3077500485989926,True,-0.36026111452291704,False,2.0257805113251734,False,0.33362027670023253,False
92.03294838518951,24.76004817414381,0.7140875086165925,-0.5691761567781246,False,-0.9647993483454811,False,-0.3560971882014078,False,2.1343435450887744,False,0.43693297172932893,False
92.08294838518952,24.76004817414381,0.7324123351710718,-0.7415606006882351,False,-0.7481047712372977,False,-0.24514137603048633,False,1.8355713432809355,False,0.5175740276252415,False
92.13294838518952,24.76004817414381,0.7484358795167603,-0.5296011732965574,False,-0.5872988036460103,False,-0.06182365068605655,False,2.0995051442584876,False,0.6289809202677428,False
92.18294838518952,24.76004817414381,0.7358748873134427,-0.24272835282111443,False,-0.49280650307417967,False,0.02240839515005104,False,3.030451796997161,False,0.6377081800095672,False
92.23294838518952,24.76004817414381,0.6973227051212656,-0.08415388675962884,False,-0.3502307309472209,False,0.009791145664236903,False,3.522260635444843,False,0.5869436762126207,False
92.28294838518951,24.76004817414381,0.6273059162006122,0.031195268871707704,False,-0.3622298533328657,False,-0.05522003125060598,False,3.902996222978718,False,0.5910490161121535,False
88.08294838518952,24.71004817414381,0.58223634682288,-0.24068503364293,False,0.1956684269953921,False,0.30641888335138057,False,-0.2086573638493554,False,0.3889232821001938,False
88.13294838518952,24.71004817414381,0.5924253426092143,-0.13911697762108133,False,0.02940386661413641,False,0.3089526594385798,False,-0.22008308022929707,False,0.518830865445961,False
88.18294838518952,24.71004817414381,0.6048033052636871,0.051253857472609174,False,-0.28022651925743164,False,0.30064723224922063,False,-0.26058769031324813,False,0.7472346551818556,False
88.23294838518952,24.71004817414381,0.6181820242542948,0.4197211454094091,False,-0.8484500818584653,False,0.2671880198031112,False,-0.4591557761579243,False,1.0605072681400072,True
88.28294838518953,24.71004817414381,0.6549301235546102,0.7595017954593624,False,-1.321974447292053,True,0.3336009411650423,False,-0.9624983084724485,False,0.8455900697591725,False
88.33294838518952,24.71004817414381,0.6893521298574894,0.886290371939814,False,-1.7242993648677383,True,0.4491141451590872,False,-1.4935668271018612,True,0.42223564415314446,False
88.38294838518952,24.71004817414381,0.6968372557014443,0.9836631672379589,False,-2.1548245099650725,True,0.48310274554700816,False,-1.7359039371331955,True,-0.07028288949762385,False
88.43294838518952,24.71004817414381,0.7089483348406788,0.9621504574321913,False,-2.2148058739703096,True,0.3270892997353472,False,-0.4975710871802005,False,-0.9283668079064198,False
88.48294838518952,24.71004817414381,0.843342981945425,0.8046800881934532,False,-1.8871472527165634,True,0.199303504926106,False,-0.5077343180034046,False,-0.9511829829809033,False
88.53294838518953,24.71004817414381,0.9142504956249695,0.6201509308354827,False,-2.0937582535902344,True,0.014196559795106173,False,0.5840902410363911,False,-1.2892902377890876,False
88.58294838518952,24.71004817414381,0.9216006593146513,0.2219021250331638,False,-3.0573730034266524,True,0.03553933344908855,False,1.6722739277512133,False,-1.3082964561138442,False
88.63294838518952,24.71004817414381,0.9005315088121038,0.10383554267247438,False,-3.607430403529757,True,0.17727600163198093,False,1.3955581841880447,False,-0.8938793590514439,False
88.68294838518952,24.71004817414381,0.8575728545706155,0.302665142982707,False,-3.634327966152882,True,0.07168155841850038,False,0.5235609642946631,False,-0.12108940106893842,False
88.73294838518952,24.71004817414381,0.7937899169160485,0.31728784778913,False,-2.6504741833213483,True,-0.15066993569129467,False,-0.7045662275739973,False,1.3511255685287697,False
88.78294838518953,24.71004817414381,0.7211708016414298,0.139135881672446,False,-1.742966944474048,False,-0.19474351759843822,False,-0.18216745037636967,False,1.4777039875987514,False
88.83294838518952,24.71004817414381,0.634786113669236,0.27623163475912693,False,-1.3185402391414192,False,-0.3187758499133195,False,1.4178664540163273,False,0.29617961178672075,False
88.88294838518952,24.71004817414381,0.5181948741218879,0.20446359238279044,False,-1.2147621257588845,False,-0.2582276722726154,False,1.238671540813617,False,-0.0547195520004585,False
88.93294838518952,24.71004817414381,0.478591645889709,0.19140364897216106,False,-1.2440291815404638,False,-0.2627876224237722,False,-0.5931652968467145,False,-0.20593816338516593,False
88.98294838518952,24.71004817414381,0.5690816476547045,0.24410407521515803,False,-1.1924605120072,False,-0.2807502930096553,False,-1.8769748149680976,False,-0.24875096202223906,False
89.03294838518953,24.71004817414381,0.6818072644978447,0.1326719921434586,False,-1.1043639854343934,False,-0.21721910837793224,False,-1.7609594596488005,True,-0.14203740148915261,False
89.08294838518952,24.71004817414381,0.7518608804037371,-0.013944185076175772,False,-1.239670526238286,False,-0.1538167127001676,False,-1.3833776795519346,False,-0.011333199247726772,False
89.13294838518952,24.71004817414381,0.7821756051331983,-0.18397468563057867,False,-1.6555417896786113,False,-0.03555400910070944,False,-1.1379913369773778,False,0.09552801218768726,False
89.18294838518952,24.71004817414381,0.7962404138341349,-0.4082473064462422,False,-1.8975661641837136,False,0.07326067502114535,False,-0.9770080907181458,False,0.225984716005113,False
89.23294838518952,24.71004817414381,0.8408141304164771,-0.3532971760752659,False,-1.828056664090463,False,0.129648363007982,False,-0.7089289757785942,False,0.3273843573206844,False
89.28294838518953,24.71004817414381,0.8613789874192972,-0.11924820209412706,False,-1.9199439544293497,False,0.17927056791563886,False,-0.5238920105194296,False,0.5265385672612459,False
89.33294838518952,24.71004817414381,0.8207715926559745,0.21570387146256256,False,-2.0442775148171144,False,0.19414172187438866,False,-0.38403185682784574,False,0.8455869637660882,False
89.38294838518952,24.71004817414381,0.733569434755615,0.33464012910333996,False,-1.6426059818933434,False,0.06532952426502608,False,-0.4478955351373471,False,0.5395142763058141,False
89.43294838518952,24.71004817414381,0.5788271350390637,0.3791851067641155,False,-0.5678603668655086,False,0.0074232863752750206,False,-0.5510524273477351,False,-0.29067256906829725,False
89.48294838518952,24.71004817414381,0.34929900171740336,0.31857094518024304,False,0.17735137474802473,False,0.03946698640867395,False,-0.48797365418790084,False,-0.6828511542933832,False
89.53294838518953,24.71004817414381,0.27508595562392085,-0.040007240515632835,False,0.4256179506432429,False,0.14355236560604323,False,-0.16523755829529846,False,-0.6903231348231754,False
89.58294838518952,24.71004817414381,0.323911636510461,-0.31326944761480063,False,0.6239263196232445,False,0.23599267988029385,False,0.11867506539656003,False,-0.6458168847846484,False
89.63294838518952,24.71004817414381,0.3951697555556156,-0.33406157209741855,False,0.26069260753266615,False,0.2501259321521264,False,0.17312407082606313,False,-0.12415325551286671,False
89.73294838518952,24.71004817414381,0.6415502806930868,-0.162654549945481,False,-1.13204000145612,False,-0.053675116987012494,False,2.1190751026069994,False,0.48474926237766414,False
89.78294838518953,24.71004817414381,0.7510523646037494,-0.2129131864965748,False,-1.499390263845081,False,-0.12298565992970328,False,1.2636122337912086,False,0.2994247834481344,False
89.83294838518952,24.71004817414381,0.8014823221075695,-0.1745979649534785,False,-1.0564075229894536,False,-0.028168025652017897,False,0.48553457329784855,False,0.7137527509092625,False
89.88294838518952,24.71004817414381,0.7608307707298892,-0.16747595969548396,False,-0.5404218628924197,False,0.12406412212550806,False,0.7138421749065107,False,0.9902933528083515,False
89.93294838518952,24.71004817414381,0.7423825612798948,-0.2873184757113827,False,0.27843931882572653,False,0.28195321136702517,False,0.9208102913583305,False,1.3183089152156846,True
89.98294838518952,24.71004817414381,0.7694671679739421,-0.8192288608719978,False,1.115556989712079,False,0.3549221200839415,False,0.8451262047481771,False,1.1062992724729974,True
90.03294838518953,24.71004817414381,0.7823843067841658,-1.85566379397058,True,2.044639548814166,True,0.448240802232044,False,0.5311869616146361,False,0.2417111411193395,False
90.08294838518952,24.71004817414381,0.8067231701340917,-2.1594266996890763,True,2.4784189764195497,True,0.46684296506321815,False,0.4924712956030133,False,-0.3065741453851702,False
90.13294838518952,24.71004817414381,0.8348165142909655,-1.6555098491379845,True,2.384064436185061,True,0.37551279283341177,False,0.7618029700565794,False,-0.9221609688985046,True
90.18294838518952,24.71004817414381,0.8413829012497502,-1.0170304955989118,False,2.0332462078006355,False,0.2998602173142282,False,1.332117901554618,False,-1.5647928719343867,True
90.23294838518952,24.71004817414381,0.7895987271702744,-0.6662348814867612,False,1.9929488204403252,True,0.41726734021850453,False,1.4973758695802513,False,-1.607918578404806,True
90.28294838518951,24.71004817414381,0.6020593360899458,-0.2930266870053651,False,0.6365060446916446,False,0.14323980098193928,False,2.0871558192410014,False,-1.3447604582520283,True
90.33294838518952,24.71004817414381,0.3907542469840227,0.1593311228508278,False,-1.295602630002099,False,-0.03934074706451132,False,2.5177604824332285,False,-0.47773645881153615,False
90.38294838518952,24.71004817414381,0.43433485877600136,0.27940796602218554,False,-2.063122205787559,False,0.07792680387316744,False,2.331913609932253,True,-0.04132199578282425,False
90.43294838518952,24.71004817414381,0.49508325660884517,0.28140816796354917,False,-2.2747584259157136,False,0.14424212210051174,False,2.312179918880409,False,0.09245843153503469,False
90.48294838518952,24.71004817414381,0.5491950664615254,0.3444791280493076,False,-2.4766075173239943,False,0.17424983086609414,False,2.463614408851979,False,0.285839864328393,False
90.53294838518951,24.71004817414381,0.5797209103315779,0.29052053869128214,False,-2.484485896658697,False,0.19778524546232457,False,2.440533300177254,False,0.41668287670611837,False
90.58294838518952,24.71004817414381,0.5526501735436431,0.08890957526732408,False,-1.9436540731391347,False,0.11638523273617615,False,1.9422075257790308,False,0.4361217205525293,False
90.63294838518952,24.71004817414381,0.4597096975693189,0.12680210285235824,False,-1.4098531453859589,False,0.046800535148448584,False,1.347072212332925,False,0.38385744065511485,False
90.68294838518952,24.71004817414381,0.43813292885655164,0.17804368110044977,False,-0.8476668530098829,False,0.0329381797983514,False,0.9917630089552107,False,-0.047346187770859485,False
90.73294838518952,24.71004817414381,0.5832518083904624,0.06829919131119219,False,-0.9960610078570294,False,0.032194526286279376,False,0.7706971225391144,False,-0.36873995205905596,False
90.78294838518951,24.71004817414381,0.7298175083104664,-0.11206330676236945,False,-0.8854546233191287,False,0.07639107709288749,False,-0.6669465104734613,False,-0.26920313877093555,False
90.83294838518952,24.71004817414381,0.8089586443336652,-0.21015738218329738,False,-0.6658729304703745,False,0.11283869587555884,False,-3.222513928225442,False,0.26755875356151776,False
90.88294838518952,24.71004817414381,0.8494704907960995,-0.1112943177045196,False,-0.8541195302725102,False,0.058998679868533646,False,-4.604221630629251,True,0.6881900504826368,False
90.93294838518952,24.71004817414381,0.8526241442821815,0.11683379479596298,False,-0.6296174325196094,False,-0.02404433165565012,False,-4.95693511655776,False,0.7260972051397272,False
90.98294838518952,24.71004817414381,0.8300373580822704,0.5254099185991363,False,-0.38730923965175706,False,0.04149026811935608,False,-3.652966799338511,False,0.47751107882639243,False
91.03294838518951,24.71004817414381,0.771894079949222,0.5970733097759953,False,-0.5008937631285815,False,0.08925959310717002,False,-2.6203186048196048,False,0.2231771357575126,False
91.08294838518952,24.71004817414381,0.6877444805688464,0.4590313079741951,False,-0.6651872589494874,False,0.04532965923450871,False,-2.8447108867836244,False,0.04746495128744896,False
91.13294838518952,24.71004817414381,0.6733461617498055,0.3510582312505272,False,-0.7305835681981658,False,-0.02684692485590022,False,-3.7770553017538684,False,-0.013701973430909953,False
91.18294838518952,24.71004817414381,0.7386593317491239,0.3084890241214848,False,-0.6812380524571399,False,-0.08493600997067745,False,-5.3303928620178525,False,0.06833480128651204,False
91.23294838518952,24.71004817414381,0.7740518379535117,0.1087554779890009,False,-0.4436411363735902,False,-0.11022644089524661,False,-6.908909629512034,False,0.21614317375094405,False
91.28294838518951,24.71004817414381,0.74686271902977,-0.14030527667718984,False,-0.2156964166314318,False,-0.035607039527783324,False,-6.028408307739866,False,0.2832804462142928,False
91.33294838518952,24.71004817414381,0.6379892451678236,-0.24288276446837787,False,-0.08288696084501412,False,0.005284908203196492,False,-3.5438605881523007,False,0.18103647293602543,False
91.38294838518952,24.71004817414381,0.530084019032635,-0.29928852619781793,False,0.04021739865527421,False,-0.008429622701015105,False,-2.589942505762682,False,0.1353119485418009,False
91.43294838518952,24.71004817414381,0.6401918361911683,-0.4012884541463506,False,-0.034877165982290015,False,0.035010523940389254,False,-2.691153795525497,False,0.09816093862899489,False
91.48294838518952,24.71004817414381,0.7692029776378361,-0.4907270322492184,False,-0.4190367876980293,False,0.07043518560768405,False,-1.7678863509581189,False,0.009160597818485716,False
91.53294838518951,24.71004817414381,0.8097388381869454,-0.7997703521009418,False,-0.8265195090775626,False,0.08465660722673779,False,0.11559652789508963,False,0.12315760207963762,False
91.58294838518952,24.71004817414381,0.7996093939748037,-1.055676551004753,False,-1.1130647178235789,False,0.14655590078470904,False,1.4298732494430444,False,0.4527380992850887,False
91.63294838518952,24.71004817414381,0.7856946869601037,-1.1327900774724835,False,-1.2791814518552211,True,0.16590278392554186,False,1.9832542578903831,False,0.828575020741177,True
91.68294838518952,24.71004817414381,0.7928450428875723,-1.1236149254678471,False,-1.209965116965808,True,0.15266531384251308,False,2.16553579513955,False,1.010789771584085,True
91.73294838518952,24.71004817414381,0.8073985512979649,-0.9455669173734894,False,-1.208335133242508,True,0.20051848950042683,False,2.1849770825522716,False,1.0412521212521701,True
91.78294838518951,24.71004817414381,0.8116799909470944,-0.7903515972069014,False,-1.0956258084230548,True,0.12668122974470317,False,1.6284206313663794,False,1.235557123213084,True
91.83294838518952,24.71004817414381,0.7978330413686777,-0.5484751437186681,False,-0.931223921446637,True,-0.12904789686021456,False,0.9459890489254891,False,1.1689521137295915,True
91.88294838518952,24.71004817414381,0.7676933355912369,-0.057755522207807,False,-0.9736871032694554,True,-0.3738626672135388,False,0.8645595459563122,False,0.7932769416422794,False
91.93294838518952,24.71004817414381,0.7349596922786348,0.17020652029496972,False,-1.0597120793034172,True,-0.5021057565254216,False,1.0584860015358715,False,0.6664976702044317,False
91.98294838518952,24.71004817414381,0.7087810898371838,-0.06761443101859246,False,-0.9893110345572244,False,-0.5363070850280438,False,1.4060518613400554,False,0.6631276031943067,False
92.03294838518951,24.71004817414381,0.7096065719257206,-0.7511273675351792,False,-0.6454014454712715,False,-0.5143104257608713,False,1.6497168878797763,False,0.706000719522972,False
92.08294838518952,24.71004817414381,0.7415305640610569,-1.1538365873443,True,-0.4296727266870215,False,-0.4406033935159181,False,1.1923267557884216,False,0.6707250427986736,False
92.13294838518952,24.71004817414381,0.7792664054487642,-0.9257794228801076,False,-0.3600499299224875,False,-0.33671191312340265,False,1.5984090264700996,False,0.7218872617423248,False
92.18294838518952,24.71004817414381,0.7712666821118777,-0.5908845459201629,False,-0.3361479596936005,False,-0.27123319662635936,False,2.5745326409153053,False,0.7057342536548346,False
92.23294838518952,24.71004817414381,0.7616521397478182,-0.37224596529198056,False,-0.22804457234773712,False,-0.16964344998975683,False,3.137774022178577,False,0.6478076236699324,False
92.28294838518951,24.71004817414381,0.7212923413851925,-0.259936515485472,False,-0.07238112000808847,False,-0.13635403680561636,False,2.979999906007582,False,0.58860869422215,False
88.03294838518953,24.66004817414381,0.5080185078746297,-0.2913830083802177,False,0.27559864068392,False,0.3427072258865801,False,-0.15134297579013178,False,0.27656885353794836,False
88.08294838518952,24.66004817414381,0.5147694466453784,-0.2415684970577944,False,0.1925917878603372,False,0.35054655264189793,False,-0.13095243414330615,False,0.3695558192373739,False
88.13294838518952,24.66004817414381,0.526140914786353,-0.15612858977278496,False,0.05314133023160898,False,0.3640584255828214,False,-0.0963760113763591,False,0.5216099348755232,False
88.18294838518952,24.66004817414381,0.5411618671212283,-0.04358810989387528,False,-0.1359175970765898,False,0.3766168888908295,False,-0.015351066417549353,False,0.788943283809293,False
88.23294838518952,24.66004817414381,0.5721140830754111,0.13468147190844554,False,-0.44687869329366625,False,0.3918775680822612,False,0.07841578014796814,False,1.1768149312055942,False
88.28294838518953,24.66004817414381,0.6365471437044485,0.3524390847289524,False,-0.7759740012763496,False,0.4612914996912089,False,-0.2769726522626923,False,0.9261773526395223,False
88.33294838518952,24.66004817414381,0.6849942754685034,0.8389139127072118,False,-1.3577891900577723,True,0.5389435133702722,True,-0.9958518497636929,False,0.3516789487253655,False
88.38294838518952,24.66004817414381,0.689382235982968,0.9094041783248045,False,-1.6276131895188735,True,0.5287332990941813,False,-0.8080091122099116,False,-0.36594591285292666,False
88.43294838518952,24.66004817414381,0.69680772326472,0.8249205248579612,False,-1.7128648017779717,True,0.37262205881478605,False,0.7304305544499473,False,-1.438925532360869,False
88.48294838518952,24.66004817414381,0.8499452182956244,0.8530608934307209,False,-1.7656522496449527,True,0.25095727771770765,False,0.3351968070798179,False,-1.3511453984190023,False
88.53294838518953,24.66004817414381,0.9228029756836027,0.7711970374211274,False,-2.1644090994740823,True,0.11710499989464723,False,0.8085574123166617,False,-1.4314189810253637,False
88.58294838518952,24.66004817414381,0.9307251831958041,0.4422665954713065,False,-3.169330178343557,True,0.1129805173933881,False,1.3155757064782212,False,-1.1927563153726188,False
88.63294838518952,24.66004817414381,0.9114126602063228,0.48926906349299143,False,-3.706628893358917,True,0.1611266273122549,False,0.899519731508448,False,-0.8437485243369595,False
88.68294838518952,24.66004817414381,0.864366501394148,0.7366312665608074,False,-3.620230203473181,True,0.06269827483512,False,0.0847882985388471,False,-0.3537503383778184,False
88.73294838518952,24.66004817414381,0.7704998999652012,0.530895601292235,False,-2.381143945240102,True,-0.11440925183383459,False,-0.8829116002088249,False,0.854770899342002,False
88.78294838518953,24.66004817414381,0.6515025656574428,0.1630136500111965,False,-1.6609835548341159,False,-0.058399578395830015,False,-0.7704447223039224,False,1.4927842565833376,False
88.83294838518952,24.66004817414381,0.5307805809172401,0.21654463583980305,False,-1.2085077150892962,False,-0.1676431796187995,False,0.5352491421201301,False,0.28763501609261904,False
88.88294838518952,24.66004817414381,0.3874631273544319,0.10384599140383521,False,-0.8130620522998446,False,-0.10498297431199377,False,1.0187618187589862,False,-0.006650227720895047,False
88.93294838518952,24.66004817414381,0.34933404333580703,-0.017517524484712183,False,-0.8120779427177207,False,-0.036836827451401155,False,0.41431504512388057,False,-0.04325880521579471,False
88.98294838518952,24.66004817414381,0.47747139805345085,0.02187025569414615,False,-1.094024000222856,False,-0.14692688282590358,False,-1.4102669073789837,False,-0.15723039811396042,False
89.03294838518953,24.66004817414381,0.6474754195014301,-0.0859298703509564,False,-1.2173658346280614,False,-0.19578068056853432,False,-1.9467797574057024,False,-0.1139970418798161,False
89.08294838518952,24.66004817414381,0.7615917938941843,-0.2231843065305971,False,-1.4397050076316469,True,-0.13208133074829057,False,-1.6864726377917543,False,-0.06092831211895021,False
89.13294838518952,24.66004817414381,0.8270008160670768,-0.4326660948708463,False,-1.6319798867749218,True,0.004129203786518099,False,-1.3028215402386503,False,0.2085595970404838,False
89.18294838518952,24.66004817414381,0.8605492011013757,-0.555389784578603,False,-1.787823281440268,True,0.11461774130110794,False,-0.9641760027550903,False,0.4136756390225387,False
89.23294838518952,24.66004817414381,0.8840948244196922,-0.4202286590035698,False,-1.8310580128250553,True,0.1401191224141623,False,-0.6338344014416806,False,0.5170285903714178,False
89.28294838518953,24.66004817414381,0.8906436179932342,-0.18779107671194967,False,-1.8462065759155297,False,0.18390742825731882,False,-0.47497988685893155,False,0.6518249868840127,False
89.33294838518952,24.66004817414381,0.8636588148059424,0.2699273410476394,False,-1.9140840132260617,False,0.2738045631826876,False,-0.43927271225908304,False,0.8835587474123487,False
89.38294838518952,24.66004817414381,0.8083272076260022,0.4306153813045128,False,-1.5321608842416747,False,0.20958698251428948,False,-0.7180270956372492,False,0.5964854627447006,False
89.43294838518952,24.66004817414381,0.7171618783682475,0.4788498618559286,False,-0.827044992001339,False,0.10363570003754907,False,-1.0379727040310738,False,0.0458155086027055,False
89.48294838518952,24.66004817414381,0.5172064939926697,0.5262366582149895,False,-0.41179104170162956,False,0.0729973669022495,False,-1.2124722450388428,False,-0.255108912167824,False
89.53294838518953,24.66004817414381,0.29800425496269217,0.45047006852466753,False,-0.4712129905300596,False,0.01785243243897479,False,-1.125657227465342,False,-0.4469003782559934,False
89.58294838518952,24.66004817414381,0.25440530755387014,0.19654847476334306,False,-0.14139470114360936,False,-0.07209268906668359,False,-0.1348662169019305,False,-0.9044245179044952,False
89.63294838518952,24.66004817414381,0.3257074447632892,0.001115064694129253,False,0.03407854282879996,False,-0.06863894229534107,False,0.7057033761408005,False,-0.42979903619580784,False
89.73294838518952,24.66004817414381,0.5905204656994437,-0.013338773514609562,False,-1.318497904409948,False,-0.05754015201841686,False,0.991082127945534,False,0.3183313865126678,False
89.78294838518953,24.66004817414381,0.7199122486412718,-0.06292979621048009,False,-1.7805610548778745,False,-0.1440751554323653,False,1.2026035360571816,False,0.15153987104695388,False
89.83294838518952,24.66004817414381,0.7902079015108332,-0.07829950760684715,False,-1.1446001710597817,False,0.015102605280634118,False,-0.21915751802991926,False,0.626583138544786,False
89.88294838518952,24.66004817414381,0.7630425138359976,-0.16536160468816438,False,-0.6737831567622166,False,0.1773787869051596,False,-0.33852147630633334,False,0.8451250850127658,False
89.93294838518952,24.66004817414381,0.7179064146366734,-0.3504276020227648,False,0.0038638252464556627,False,0.34872440316784575,False,1.0163211275729778,False,1.0796401364429138,False
89.98294838518952,24.66004817414381,0.731945203245702,-0.8980684555148615,False,0.7837455581790047,False,0.37343064809995585,False,1.8484387951075196,False,0.9394450670681586,False
90.03294838518953,24.66004817414381,0.7418952371183672,-1.9614129435953174,True,1.7129012513018,True,0.3094131382291132,False,1.0827787128177713,False,0.03007426502803273,False
90.08294838518952,24.66004817414381,0.7693530874172438,-2.2334157349882693,True,1.8613778703605441,True,0.22470498781316567,False,0.32186806605755147,False,-0.4938412919987916,False
90.13294838518952,24.66004817414381,0.8112174359370482,-1.6323699835715306,True,1.8265771885457132,True,0.1865233664397094,False,-0.1562621073458987,False,-1.008503346598835,True
90.18294838518952,24.66004817414381,0.8373067816556733,-0.9443417816020611,False,1.7719416290741623,False,0.20591359146356814,False,0.943231175373261,False,-1.6295840318887664,True
90.23294838518952,24.66004817414381,0.8241192451068563,-0.549020974137797,False,1.9186376475280917,False,0.39474310959226167,False,1.9445505085895165,False,-1.7655161187804425,True
90.28294838518951,24.66004817414381,0.7182008810192855,-0.3240382963808957,False,1.434759589959833,False,0.4149182632820172,False,1.8466339036660293,True,-1.4761525000651128,True
90.33294838518952,24.66004817414381,0.5165042243175381,0.18170067203876838,False,-0.6611238725903659,False,0.3210014961164032,False,1.4252397377308572,True,-0.7672701007495171,False
90.38294838518952,24.66004817414381,0.5129780600385317,0.45638789505856003,False,-2.1903073153113755,False,0.4363090827692823,False,1.1065551085615837,False,-0.14523380926121715,False
90.43294838518952,24.66004817414381,0.5571938267474185,0.4354854821649936,False,-2.4383632857043382,True,0.49793671046765753,False,1.0344143555773928,False,0.06092545625536905,False
90.48294838518952,24.66004817414381,0.5902830932335764,0.40501970921811364,False,-2.412931062509064,False,0.5014294194230114,False,1.1756985164068976,False,0.1808670951441551,False
90.53294838518951,24.66004817414381,0.5976980405385367,0.1753546684568336,False,-2.142894576375393,False,0.46335566329625744,False,1.3187722011018945,False,0.16094518535285812,False
90.58294838518952,24.66004817414381,0.5486223303532747,-0.1630099603705877,False,-1.605956114993945,False,0.35247052648791577,False,1.2875248181949905,False,0.06924311128784111,False
90.63294838518952,24.66004817414381,0.5267379875508283,0.08000888464358316,False,-1.312890556535643,False,0.22401328419126967,False,0.613174998566208,False,0.28973716680504363,False
90.68294838518952,24.66004817414381,0.4599965922852661,0.21737332616441918,False,-0.7794552270822392,False,0.1381715229077713,False,0.194838040201538,False,0.1747823182969997,False
90.73294838518952,24.66004817414381,0.3407898197047785,0.1677515686927502,False,-0.5475152656842187,False,0.05384214094778371,False,0.18702224072427548,False,-0.09204220172015257,False
90.78294838518951,24.66004817414381,0.467298448419163,0.002468367571945001,False,-0.6639602831668734,False,0.048069782150939294,False,-0.28801991921533054,False,-0.20864950079285652,False
90.83294838518952,24.66004817414381,0.6910489003559568,-0.11740424041870623,False,-0.9700678493919574,False,0.1336029656243825,False,-1.859038231574408,False,0.2524157750995778,False
90.88294838518952,24.66004817414381,0.7994485797409802,-0.0686046674868994,False,-1.117705757310828,False,0.10136048477436126,False,-3.063895499548761,False,0.6271447430433279,False
90.93294838518952,24.66004817414381,0.8186949019065287,0.20915277922786352,False,-0.4513604643469553,False,0.009815677937955847,False,-3.922045789373945,True,0.7360040719906203,False
90.98294838518952,24.66004817414381,0.7942196148405246,0.6090046764373394,False,-0.08308458485074365,False,0.03990429716070476,False,-3.0995796256223587,False,0.5587159397150758,False
91.03294838518951,24.66004817414381,0.7218774173935726,0.5961812408731151,False,-0.2373919130803934,False,0.08159822299503955,False,-2.0146507386883,False,0.3221263554582373,False
91.08294838518952,24.66004817414381,0.6338345770980441,0.3732407645776663,False,-0.5159686524169897,False,0.01419325711963143,False,-1.3932494336759067,False,0.14499929811148382,False
91.13294838518952,24.66004817414381,0.6757445099452415,0.1935704396122015,False,-0.7248604493475345,False,-0.009425839331531828,False,-1.4086861972677835,False,0.03845128445328436,False
91.18294838518952,24.66004817414381,0.7620944000348948,0.04170121115344847,False,-0.759753693337755,False,-0.004448329238467025,False,-2.5591970437345943,False,9.318388289270008e-06,False
91.23294838518952,24.66004817414381,0.8058192077115073,-0.11783579974256517,False,-0.6257395387078459,False,-0.01639790346140496,False,-3.6972135822158223,False,0.06701783989566668,False
91.28294838518951,24.66004817414381,0.7933407056614183,-0.2936920715868229,False,-0.3999293079960361,False,-0.000580248348847956,False,-3.478949004269967,False,0.21891462591161714,False
91.33294838518952,24.66004817414381,0.7181800300491679,-0.3822598249694253,False,-0.24519044126367362,False,0.07092571712554907,False,-2.6777459835017323,False,0.2742994227216276,False
91.38294838518952,24.66004817414381,0.6698865700291882,-0.380709707442352,False,-0.25124239745075516,False,0.09287676585235838,False,-2.3099078261528367,False,0.20227278137444532,False
91.43294838518952,24.66004817414381,0.7526703873286509,-0.37668690629349266,False,-0.4300795794727952,False,0.08989628061590804,False,-2.4361324398714386,False,0.07572915773508274,False
91.48294838518952,24.66004817414381,0.8290642670799374,-0.3689090055309866,False,-0.8320054026526454,False,0.13548558956420353,False,-1.8903666063910027,False,-0.11260802259747482,False
91.53294838518951,24.66004817414381,0.8418354103226701,-0.5876232990223867,False,-1.343749091306098,True,0.2557256322431388,False,-0.31349539686810923,False,-0.09063723300275174,False
91.58294838518952,24.66004817414381,0.8152558412731971,-0.9884938293623121,False,-1.6114582239324178,True,0.3891202665753555,False,1.440094700802176,False,0.5066724761440493,False
91.63294838518952,24.66004817414381,0.7859230868896839,-1.11779991482105,False,-1.5318580105216806,True,0.3278408461371848,False,2.0900112303502056,False,0.9757150479756059,True
91.68294838518952,24.66004817414381,0.7732617425957282,-1.1504865360806134,True,-1.2944029298529225,True,0.26734899243124166,False,2.487178922423131,True,0.8170059229917349,False
91.73294838518952,24.66004817414381,0.7630643712197512,-1.1124412876751752,True,-1.2012969972573697,True,0.1694457143075812,False,2.8965601701965724,True,0.6300378539393913,False
91.78294838518951,24.66004817414381,0.7483584347242672,-1.14200383491894,False,-0.985110417998237,True,-0.05780124232710071,False,2.8054206428668964,True,0.7749911304428312,False
91.83294838518952,24.66004817414381,0.725524421494764,-0.9875189171486158,False,-0.6575875459546267,False,-0.33185019234000457,False,2.653141131813652,False,0.7430822451360398,False
91.88294838518952,24.66004817414381,0.691550809186341,-0.7285773841442547,False,-0.4867954180660994,False,-0.513098046474213,False,2.2853641389177928,False,0.7329963504485287,False
91.93294838518952,24.66004817414381,0.6389377757366423,-0.4191240572348579,False,-0.5124811628528823,False,-0.6325748571390146,True,1.7153642236603115,False,0.7746143087474645,False
91.98294838518952,24.66004817414381,0.6010099428280429,-0.17898409946847788,False,-0.6905617820334214,False,-0.6568177848791512,True,1.3781266020157261,False,0.7639138206328412,False
92.03294838518951,24.66004817414381,0.6080961523377194,-0.746671948553451,False,-0.3996401805741918,False,-0.6297252681113652,False,1.667136983174277,False,0.8329546449866464,False
92.13294838518952,24.66004817414381,0.7188365257755991,-1.1936350863600578,False,-0.07488193820831468,False,-0.5173716104897566,False,1.7242256852048607,False,0.7916982633698653,True
92.18294838518952,24.66004817414381,0.7453095053947508,-0.9263734218180911,False,-0.11035556408275216,False,-0.4819278044453057,False,2.128852315007969,False,0.7774088809618627,False
92.23294838518952,24.66004817414381,0.7498882555003038,-0.7175049639651238,False,-0.10160213035938923,False,-0.44690351808380496,False,2.337899792584636,False,0.7439348160181969,False
88.08294838518952,24.610048174143817,0.4574393056569872,-0.20758713453308236,False,0.14918459697343966,False,0.3843665975564765,False,-0.057946283497588125,False,0.3678431841208732,False
88.13294838518952,24.610048174143817,0.4614473962310604,-0.17868697624309163,False,0.0991570264986481,False,0.397101611374215,False,0.030658048155664974,False,0.5225169124584714,False
88.18294838518952,24.610048174143817,0.48350912073796054,-0.12713793912219756,False,0.009689506074339466,False,0.43047475600581075,False,0.13147357378582786,False,0.6942829170942093,False
88.23294838518952,24.610048174143817,0.5329798986490083,-0.08946641855452733,False,-0.08196836927802964,False,0.4747443987212683,False,0.31053569060810016,False,0.8947912419505812,False
88.28294838518953,24.610048174143817,0.6135541900587679,-0.13718802547782158,False,-0.11390260909876596,False,0.5114769675908307,True,0.49463891872008403,False,0.7937604952806978,False
88.33294838518952,24.610048174143817,0.6783843889976767,0.14504196685763826,False,-0.5118433483743823,False,0.5175161443235783,True,0.21013982684984497,False,0.16545142496459941,False
88.38294838518952,24.610048174143817,0.6856352314050096,0.6149384425952269,False,-1.1525908988596745,False,0.3738235619589551,False,0.49979882095646655,False,-0.6862679516439404,False
88.43294838518952,24.610048174143817,0.7171679791102887,0.7020846681805354,False,-1.5787247260412653,True,0.13428489990245673,False,2.242180456328852,False,-1.8657835517316783,True
88.48294838518952,24.610048174143817,0.8482730927026213,0.6497135154308754,False,-1.6407594808245283,True,0.004626071861242975,False,2.1135003838495114,False,-1.8243225921093567,True
88.53294838518953,24.610048174143817,0.898823896377262,0.41629936688672575,False,-2.322978135078878,True,0.06266049002888846,False,1.7189059864472052,False,-1.449151674196089,False
88.58294838518952,24.610048174143817,0.8975345395436848,0.30791508840039283,False,-3.2107591595706393,True,0.20784980849367368,False,1.194748298847895,False,-1.0185256434113583,False
88.63294838518952,24.610048174143817,0.8691538205776602,0.8882506076959251,False,-3.523423511279267,True,0.2578779143178568,False,-0.3510775581838361,False,-0.6337016155255173,False
88.68294838518952,24.610048174143817,0.798330444427183,1.3639133525639975,True,-3.4726633828970095,True,0.15787535663992908,False,-1.5515449992359813,False,-0.40219343705874144,False
88.73294838518952,24.610048174143817,0.6570276009346958,1.002046435160672,False,-2.544255857766105,True,-0.002483716942575445,False,-1.811387004221773,False,0.1968637351902148,False
88.78294838518953,24.610048174143817,0.5220450273493484,0.21470777633882557,False,-1.5480751900710819,False,0.10313045860843285,False,-1.234611649777979,False,1.084687848112602,False
88.83294838518952,24.610048174143817,0.4253047933754899,-0.07328180074738849,False,-0.9064755245706722,False,0.13630849610985277,False,-0.12995484962177561,False,0.17058767794923707,False
88.88294838518952,24.610048174143817,0.4082671590410032,-0.3639455232823999,False,-0.5187659299177908,False,0.2763890866451998,False,0.3904285649979458,False,0.08143335306678373,False
88.93294838518952,24.610048174143817,0.46960854987914014,-0.5858514000492633,False,-0.45749299977029134,False,0.3563581736603233,False,0.46066691664236054,False,0.1231426158445093,False
88.98294838518952,24.610048174143817,0.5646245525948278,-0.4896403000613093,False,-0.8250853645511917,False,0.1882487061378711,False,-0.8699324907085219,False,-0.033511917410570774,False
89.03294838518953,24.610048174143817,0.6449149755908773,-0.3771758478669237,False,-1.1293140132263435,False,-0.07159736724859303,False,-2.546489917354881,False,-0.05365799084751531,False
89.08294838518952,24.610048174143817,0.7303636215747265,-0.3854678383139246,False,-1.161173489342937,False,-0.07834164389563886,False,-2.2335812358425198,False,0.14305728487645286,False
89.13294838518952,24.610048174143817,0.8149678652468182,-0.28879964576286105,False,-1.4724607394681493,True,-0.04739804081198437,False,-1.2576054885515267,False,0.24694207790135092,False
89.18294838518952,24.610048174143817,0.8680074065159252,-0.3347994570175337,False,-1.651674297684468,False,0.03303429202898028,False,-0.7214444765195425,False,0.4941988237773197,False
89.23294838518952,24.610048174143817,0.8926463102289522,-0.26853768501283237,False,-1.8340242571810652,False,0.07946721124330453,False,-0.3841713568728524,False,0.6672776774593674,False
89.28294838518953,24.610048174143817,0.8994076057044991,-0.20323985449689666,False,-1.7683838702443335,False,0.15456899603439378,False,-0.46782242585488126,False,0.6541901800117883,False
89.33294838518952,24.610048174143817,0.886878109722889,-0.037847522403337414,False,-1.358734257410383,False,0.23160435371550733,False,-0.9165360623187389,False,0.56347910128181,False
89.38294838518952,24.610048174143817,0.8626179013719668,0.2905219025297059,False,-0.8454200431364945,False,0.34181831978144894,False,-1.4571303847360986,True,0.4714059568706437,False
89.43294838518952,24.610048174143817,0.8324674336149883,0.4534699525150258,False,-0.43495328862206484,False,0.33355905218729476,False,-1.9245144378384804,True,0.2542220084920017,False
89.48294838518952,24.610048174143817,0.7513373765211561,0.5717304603435112,False,-0.6956611999102522,False,0.2151943431059452,False,-2.059163999267895,True,0.14037639994739554,False
89.53294838518953,24.610048174143817,0.5641228655243088,0.6998211840495427,False,-1.1116369301790652,False,0.06874247005483976,False,-2.179445466137335,True,0.17485012771413622,False
89.58294838518952,24.610048174143817,0.382042974656193,0.5513200891756294,False,-0.9083632832377417,False,-0.1443026315252256,False,-0.5868396362863622,False,-0.3971001126107849,False
89.63294838518952,24.610048174143817,0.35190504868527084,0.33603264558508994,False,-0.2733291079714478,False,-0.2562341633252986,False,1.26795437179343,False,-0.7765786261345446,False
89.73294838518952,24.610048174143817,0.5624101280504972,0.1680513639194341,False,-1.6654973654675451,False,-0.004764478514306947,False,-0.18649747199219951,False,0.13092683734007518,False
89.78294838518953,24.610048174143817,0.7020366863671951,0.12663094048865184,False,-1.9241226151651758,False,-0.08519246123353352,False,-0.25489564322582237,False,0.05682947017305684,False
89.83294838518952,24.610048174143817,0.7815818325935843,0.03858829660061379,False,-1.450952792340323,False,0.03625583022916175,False,-0.4797764219144267,False,0.39117493103207956,False
89.88294838518952,24.610048174143817,0.7723145145252318,-0.20225713023050926,False,-0.8458495168806457,False,0.22088459108422037,False,-0.528634233459219,False,0.541692028642343,False
89.93294838518952,24.610048174143817,0.6913331249216321,-0.5209055861150735,False,-0.2553233160343834,False,0.35590437951169385,False,-0.26167105349456365,False,0.5023210421988493,False
89.98294838518952,24.610048174143817,0.6896347172871964,-1.1523953804572267,False,0.6071614312333815,False,0.32193405863055696,False,0.2259097739193947,False,0.21651518549453402,False
90.03294838518953,24.610048174143817,0.6995056280544691,-1.883433665863413,True,1.238831025032949,False,0.17245748190476295,False,-0.5914300442840212,False,-0.36531835762118514,False
90.08294838518952,24.610048174143817,0.7190171051312785,-2.1197239801483327,True,1.3093157639703816,False,0.03020571258002433,False,-2.7169934066344164,False,-0.8614251476962633,False
90.13294838518952,24.610048174143817,0.7696185062723507,-1.711817338105023,True,1.323737272177252,False,0.02535142920766248,False,-2.8965454922301994,False,-1.2029896461816687,True
90.18294838518952,24.610048174143817,0.8161273574506162,-0.9057066155378669,False,1.30608647341197,False,0.07004829747432129,False,-0.3085375362758229,False,-1.902862680061614,True
90.23294838518952,24.610048174143817,0.8276036551874016,-0.4547871409939039,False,1.424888030094898,False,0.26841649687536784,False,0.7608953399990633,False,-2.1895351973336616,True
90.28294838518951,24.610048174143817,0.783164343464762,-0.25136980291482497,False,0.9448606836796889,False,0.34720197190697805,False,0.7139535500304389,False,-2.1237647832910467,True
90.33294838518952,24.610048174143817,0.6403618576233482,0.1960328064374479,False,-0.5624540894397642,False,0.29834940138819444,False,0.6420620889006552,False,-1.4755864582452674,True
90.38294838518952,24.610048174143817,0.5656238539840782,0.4821897590531909,False,-2.033188522020757,False,0.38585217749604517,False,0.5583409288765492,False,-0.5767208722478396,False
90.43294838518952,24.610048174143817,0.6037785263391247,0.31290216043627994,False,-2.13876555141715,False,0.5068472631965243,False,0.507886238828181,False,-0.20963624920652457,False
90.48294838518952,24.610048174143817,0.6407391881553783,0.005081654771670108,False,-1.7000194353628952,False,0.5757039881792371,False,0.42655744929884454,False,-0.13706574324483012,False
90.53294838518951,24.610048174143817,0.6377507782785332,-0.22144289148959523,False,-1.3764166625611263,False,0.5400270859314913,False,0.3645808025968581,False,-0.08302313246053045,False
90.58294838518952,24.610048174143817,0.5956407856038913,-0.18047235388737867,False,-1.2488714965549916,False,0.4183160466234226,False,0.3205615248336131,False,0.07706725280543564,False
90.63294838518952,24.610048174143817,0.5809614220500415,0.12668274315701034,False,-1.0649489692542216,False,0.31306660597503444,False,-0.07692975483685141,False,0.18161300443532633,False
90.68294838518952,24.610048174143817,0.4335511283901837,0.2924073366287386,False,-0.6196596440069555,False,0.21660118024231584,False,-0.3364513680776624,False,0.06514108962798165,False
90.73294838518952,24.610048174143817,-0.014546511607979366,0.26470867563376177,False,-0.15505950963828105,False,0.009633764876901619,False,-0.05682403653872428,False,-0.006835465614188831,False
90.78294838518951,24.610048174143817,0.001851172467181897,0.13276546079136134,False,-0.15470706189213534,False,-0.05363190941265929,False,-0.14168276639631902,False,-0.021749739448914108,False
90.83294838518952,24.610048174143817,0.5101331330471818,0.022910175420194606,False,-0.8776383585703288,False,0.05470402524344389,False,-0.8966335345250489,False,0.3198473060679753,False
90.88294838518952,24.610048174143817,0.7193366686708249,-0.002782231131256044,False,-1.307873270766007,False,0.16319354822232984,False,-1.782862883140798,False,0.5796000995336196,False
90.93294838518952,24.610048174143817,0.7593653376281588,0.1880895427478408,False,-0.5939932273768502,False,0.16160271861311443,False,-2.5794067685502666,False,0.6376719493641639,False
90.98294838518952,24.610048174143817,0.7276171077439477,0.6023586914551772,False,0.04497393764601311,False,0.17802078745525132,False,-2.2245887990486537,False,0.4998756471416884,False
91.03294838518951,24.610048174143817,0.642741382693393,0.6387489694264583,False,0.05614015565438238,False,0.20736180404372562,False,-1.1113075826506336,False,0.41424455782924247,False
91.08294838518952,24.610048174143817,0.6259555204441735,0.4726516884942448,False,-0.26294367281605874,False,0.111554421218131,False,0.08457655107223383,False,0.4076626562276101,False
91.13294838518952,24.610048174143817,0.7239526749295556,0.28927075241198574,False,-0.5100527925063006,False,0.11275730519425026,False,-0.15096662926287263,False,0.31088198087891195,False
91.18294838518952,24.610048174143817,0.7847674270996321,0.05000524228995572,False,-0.7528577413615686,False,0.15617740520443132,False,-2.0044216378524498,False,0.12853665516744178,False
91.23294838518952,24.610048174143817,0.8167332438300255,-0.17774983007306616,False,-0.8271847610480106,False,0.11784456061962595,False,-3.7424762234784463,False,0.08393738426985675,False
91.28294838518951,24.610048174143817,0.8271180206180564,-0.3730966032828952,False,-0.6656312005370519,False,0.10946510555364902,False,-3.4179245789934853,False,0.24211877009427607,False
91.33294838518952,24.610048174143817,0.7951172516583054,-0.4744932510298525,False,-0.5474731989642497,False,0.19043493965170177,False,-2.612273207437315,False,0.38576499777192075,False
91.38294838518952,24.610048174143817,0.7650598478068152,-0.4431456768451839,False,-0.6321841934026342,False,0.1953152068385009,False,-2.1434863014136996,False,0.3789422991402781,False
91.43294838518952,24.610048174143817,0.8054443849436059,-0.3382914686427217,False,-0.8607553434770441,False,0.15602837415043383,False,-2.1781033426852745,False,0.25773625772986064,False
91.48294838518952,24.610048174143817,0.8457756873204471,-0.2911471284985298,False,-1.2208573466540362,True,0.15823110743263577,False,-1.5686005296300896,False,0.14593437536918905,False
91.53294838518951,24.610048174143817,0.8405157675664241,-0.5520822084004753,False,-1.691233147934489,True,0.2829690419727343,False,0.20592413420646385,False,0.3334286559304914,False
91.58294838518952,24.610048174143817,0.8109398236060208,-0.925849189380635,False,-1.787892939238866,True,0.3895599508113153,False,1.6436503192858056,False,0.9283594043572523,False
91.63294838518952,24.610048174143817,0.7856499607791886,-1.0468429932229224,False,-1.53633983026121,True,0.3813807122198204,False,2.16816772659776,False,1.0406497136672026,False
91.68294838518952,24.610048174143817,0.7760988789652915,-1.002891064624249,False,-1.3231158703390613,True,0.3348783748529316,False,2.5380541291651717,False,0.6684671836756295,False
91.73294838518952,24.610048174143817,0.7684340567782825,-1.0800571903905611,True,-1.1607452992717409,True,0.15156591783196924,False,3.0526224103223054,True,0.477594590929331,False
91.78294838518951,24.610048174143817,0.7502907289712684,-1.3292214329660959,True,-0.9127457370843844,True,-0.11211084200591603,False,3.433189624583922,True,0.5988522082078408,False
91.83294838518952,24.610048174143817,0.7171768019276288,-1.3181701632585612,True,-0.5649203988914606,False,-0.33770640828912973,False,3.764411354263128,True,0.5309585013931373,False
91.88294838518952,24.610048174143817,0.6607847991713176,-1.1573596438880633,True,-0.24617390641919656,False,-0.49960655981112434,False,3.3378829796790352,False,0.6972788096431648,False
91.93294838518952,24.610048174143817,0.6073029302159764,-0.9862959801767757,False,-0.060383671867682065,False,-0.6560553118578893,True,2.4879811973059294,False,0.9417967633474991,False
91.98294838518952,24.610048174143817,0.58356573002246,-0.6601687568406287,False,-0.1658043718459885,False,-0.7029329436199215,True,1.822364512694207,False,1.0654608093702336,True
92.03294838518951,24.610048174143817,0.6002554712527162,-0.9687882756470918,False,0.039562240121125636,False,-0.6836880385641045,False,1.8707356418646328,False,1.137249605342398,True
92.08294838518952,24.610048174143817,0.642951301274106,-1.5250524292172347,True,0.3361351886767823,False,-0.6550246307624946,False,2.087598133090938,False,1.0548178930479617,True
92.13294838518952,24.610048174143817,0.6921674971839386,-1.4388783932776605,True,0.2704311371105117,False,-0.6183911413009728,False,2.1049645035861992,False,0.9739587098394699,True
92.18294838518952,24.610048174143817,0.7183373446704425,-1.2130713742798958,False,0.15548252720068678,False,-0.5895658200941071,False,1.9580398285213758,False,0.9071315073901003,True
92.23294838518952,24.610048174143817,0.7261593633572477,-0.9985587397857918,False,0.08298883192930523,False,-0.5889781270901016,False,1.6941112143147152,False,0.8747306939767294,True
88.13294838518952,24.560048174143816,0.42202908331093303,-0.15709789998337592,False,0.08406814265904813,False,0.42818512971913364,False,-0.017294250629032004,False,0.3133609640589121,False
88.18294838518952,24.560048174143816,0.43797170004876856,-0.12387856155400252,False,0.02549815908803757,False,0.45672250438439155,False,-0.006644611161800873,False,0.3176475004628249,False
88.23294838518952,24.560048174143816,0.5052361512936743,-0.10288282066939512,False,-0.043588413665174186,False,0.5006762427856964,True,0.14438862348799225,False,0.38955646002058736,False
88.28294838518953,24.560048174143816,0.5894015834484528,-0.1745153825351924,False,-0.061369303444340745,False,0.48643977729637145,True,0.5255771464034061,False,0.3821172878582121,False
88.33294838518952,24.560048174143816,0.6616097133319349,0.00631483748523165,False,-0.4811281529237996,False,0.35039973763404375,False,0.8073172510727771,False,-0.1049757029148049,False
88.38294838518952,24.560048174143816,0.6936967404192173,0.379084576059636,False,-1.3637172040889647,True,0.013875360764532996,False,1.7540159307853038,False,-1.0592001747761524,False
88.43294838518952,24.560048174143816,0.7567124341536587,0.23258076019736718,False,-1.6321114512026982,True,-0.1935236429423095,False,3.4651945444583356,True,-2.095470493923243,True
88.48294838518952,24.560048174143816,0.8331996805414308,0.26411017095380473,False,-1.6086904639837467,True,-0.26957345301408764,False,2.866800274946819,False,-1.7172543346861993,True
88.53294838518953,24.560048174143816,0.8473336421438292,-0.15023147196512082,False,-2.175029025004311,True,-0.16025255548931533,False,2.930575352536246,False,-1.477306595361148,False
88.58294838518952,24.560048174143816,0.8215133840976938,-0.1568650477490295,False,-2.7094792595344828,True,0.018185107923366195,False,2.260892932983266,False,-1.169850486658892,False
88.63294838518952,24.560048174143816,0.7676372369155259,0.5163898807493668,False,-3.1848859886449783,True,0.2132117760519977,False,0.19111657876305377,False,-0.6838339839290342,False
88.68294838518952,24.560048174143816,0.6576437291259833,0.945272764271048,False,-3.241622435146832,True,0.23454949792476842,False,-1.2307824913830756,False,-0.5333838809370368,False
88.73294838518952,24.560048174143816,0.5094157433707678,0.5947607677845492,False,-2.539001713916827,True,0.1625942680047639,False,-1.4061113939425007,False,-0.2474938654653887,False
88.78294838518953,24.560048174143816,0.4480022337005377,-0.004203598153387195,False,-1.5067878767784249,False,0.37120012360742827,False,-1.1868343012799145,False,0.70619223650028,False
88.83294838518952,24.560048174143816,0.4826654934709064,-0.09431757840586297,False,-0.8938688093504091,False,0.5364616364884269,False,-0.8755320744495002,False,-0.12613442561964774,False
88.88294838518952,24.560048174143816,0.5368621794626616,-0.16406370873205267,False,-0.6116190301880002,False,0.6624337628023149,True,-0.9415730955617201,False,-0.19913556973128518,False
88.93294838518952,24.560048174143816,0.5892195521678826,-0.10247323295726823,False,-0.5430762587048912,False,0.6465033813349161,True,-1.3426891419250426,False,-0.10677901585611593,False
88.98294838518952,24.560048174143816,0.650444535508688,0.24378122559147297,False,-0.8563792204591228,False,0.45427754429142114,False,-2.8508208214022313,True,-0.20820265101009855,False
89.03294838518953,24.560048174143816,0.6989919546192062,0.1994436471618305,False,-1.2345783519812863,False,0.150442868915839,False,-3.964221822414351,True,-0.22131416420950048,False
89.08294838518952,24.560048174143816,0.7263439976943021,0.09673762141329213,False,-1.1657286730789842,True,0.032488782684628126,False,-4.187733310835666,True,0.006143457332657323,False
89.13294838518952,24.560048174143816,0.7728075871648254,0.1285281478358851,False,-1.2388607852000866,False,-0.00740145472221726,False,-3.177861191271531,False,0.13011270122470472,False
89.18294838518952,24.560048174143816,0.8185052028389986,0.05682102094021907,False,-1.5081086094894607,False,-0.026658237955691277,False,-1.585194434559198,False,0.3200522862145647,False
89.23294838518952,24.560048174143816,0.8461845042754786,0.028607648968467736,False,-1.7589316654517164,False,-0.017037812429062604,False,-0.7393147317682307,False,0.5149653459447748,False
89.28294838518953,24.560048174143816,0.857109395078906,-0.12627308491998523,False,-1.567285593026094,False,0.029134852266820443,False,-0.7748526767259842,False,0.3737526798230666,False
89.33294838518952,24.560048174143816,0.8608970952665174,-0.21640841350108966,False,-0.9553670615753452,False,0.16121924871938736,False,-1.6620889029075274,False,0.11126721492154268,False
89.38294838518952,24.560048174143816,0.8594704306451005,0.06280196987767997,False,-0.5523315092448776,False,0.40301946858849813,False,-2.365335550869492,True,0.25124500731200283,False
89.43294838518952,24.560048174143816,0.8593934602053216,0.14996708359394362,False,-0.376569195803682,False,0.4812736552379402,False,-2.4636415263553166,True,0.6260505246990955,False
89.48294838518952,24.560048174143816,0.8460582815192087,0.23019923106311696,False,-0.691338814354586,False,0.4116183665890527,False,-2.1322229288554118,True,1.0317422378029184,False
89.53294838518953,24.560048174143816,0.762588873765882,0.38586834585483776,False,-1.1092439359096753,False,0.2942139648518035,False,-1.9420052867061668,True,1.112902964406681,False
89.58294838518952,24.560048174143816,0.6147716604885831,0.42181697674814467,False,-1.2178938602344354,False,0.09179173422849053,False,-0.6525598087585855,False,0.41435358628997865,False
89.63294838518952,24.560048174143816,0.5145156799173195,0.4527345984973487,False,-1.037191126276038,False,-0.12584052771639787,False,0.40159656929742776,False,-0.4717938202850234,False
89.68294838518952,24.560048174143816,0.5146781627840318,0.30260506601146747,False,-1.3540244800853,False,-0.023986127493189208,False,-0.008343284152741548,False,-0.11191781848115881,False
89.73294838518952,24.560048174143816,0.593700652470757,0.25280052004030623,False,-1.9114412691799942,False,0.06139331389255081,False,-0.25844014635340473,False,0.07826788835344739,False
89.78294838518953,24.560048174143816,0.7089171465213497,0.1671884396737762,False,-2.0053076187501517,False,-0.039574147160344623,False,-0.17406777152489208,False,-0.005296205453600308,False
89.83294838518952,24.560048174143816,0.7809983383275676,-0.11431860452655546,False,-1.4841017526663007,False,-0.003337208897426752,False,0.09591708256681455,False,-0.00995347420052986,False
89.88294838518952,24.560048174143816,0.7830732880864394,-0.5778383236127642,False,-0.5674084277316114,False,0.26943379851164456,False,0.44621645490402895,False,0.10041704651572284,False
89.93294838518952,24.560048174143816,0.6827336819469855,-0.7915982649285195,False,-0.16488638534671177,False,0.3806880943287703,False,0.4769771387386336,False,-0.008325929944983643,False
89.98294838518952,24.560048174143816,0.6429182651966011,-1.0894407813706983,False,0.17726431623854033,False,0.2982280908508858,False,-0.011307474026201914,False,-0.19279154275913726,False
90.03294838518953,24.560048174143816,0.658985028067252,-1.494335510438666,True,0.045420306378765096,False,0.06311398712856979,False,-1.575403485939082,False,-0.4244339115840932,False
90.08294838518952,24.560048174143816,0.6508666835262685,-1.8565888833294375,True,0.23192147908794708,False,-0.03539370086012139,False,-2.885374515609245,True,-0.726937003717013,False
90.13294838518952,24.560048174143816,0.6936834671180085,-1.696600917492602,True,0.4056992709577955,False,-0.004365134093475276,False,-2.9219479796444396,True,-1.186244573301221,True
90.18294838518952,24.560048174143816,0.7672937643316297,-0.8970168073721634,True,0.5581331677118768,False,-0.0011107555939336433,False,-1.198541303906596,False,-2.2322306209213965,True
90.23294838518952,24.560048174143816,0.8014144518581752,-0.29338685998899827,False,1.0645320055094005,False,0.057634942919469856,False,-0.19183796215516968,False,-2.7420195331520842,True
90.28294838518951,24.560048174143816,0.7807741130909154,-0.0009016165846447294,False,1.130925900742536,False,0.024244778600623684,False,0.34963973914545554,False,-2.6509156755178935,True
90.33294838518952,24.560048174143816,0.6702147093369856,0.3759183903807699,False,0.09058737156841132,False,-0.022022304599366604,False,0.567871576842764,False,-2.0342125907292963,True
90.38294838518952,24.560048174143816,0.55038271398556,0.698901507128534,False,-1.6201547295641232,False,0.19598927824345447,False,0.45070017136439355,False,-1.0666488272881112,False
90.43294838518952,24.560048174143816,0.5764023262206126,0.45251939301538724,False,-2.174507980232959,True,0.3188309366654599,False,0.3292407555557696,False,-0.5301531344341864,False
90.48294838518952,24.560048174143816,0.6452720387117711,-0.44704706241833553,False,-1.3500144356857784,False,0.3740446736547413,False,0.21154118068616853,False,-0.3070454539034958,False
90.53294838518951,24.560048174143816,0.6658438682314709,-0.7560773530086189,False,-0.97957065364836,False,0.39675358798526406,False,0.13790424281417765,False,-0.12741135808077889,False
90.58294838518952,24.560048174143816,0.6269221069200427,-0.3606290980255613,False,-0.9680453167184178,False,0.27640054852767193,False,0.1279237418908664,False,0.054445013091955236,False
90.63294838518952,24.560048174143816,0.6131716310569822,0.10334724584119312,False,-0.8393339441708786,False,0.20482038970986155,False,-0.12689781608226072,False,0.04580258258929426,False
90.68294838518952,24.560048174143816,0.4783908606074354,0.41608572836681823,False,-0.3950738149318644,False,0.17546139535434963,False,-0.5965227232194816,False,-0.1280630994660235,False
90.73294838518952,24.560048174143816,0.07613986341178701,0.38907653275266196,False,-0.0900855403510496,False,0.0014141726696812393,False,-0.21529348275640192,False,-0.15620966712396447,False
90.78294838518951,24.560048174143816,0.003638612828808827,0.15052957493870492,False,-0.22499633946610537,False,-0.13362684723689372,False,0.4957161449992427,False,0.0389801025748478,False
90.83294838518952,24.560048174143816,0.4545522855539164,0.032292578073919255,False,-1.2584039500256905,False,0.023610585214822538,False,0.23286371702383615,False,0.38079370170823235,False
90.88294838518952,24.560048174143816,0.6560218195537436,-0.10960495440900739,False,-1.73450839652704,True,0.25210962938099357,False,-0.6445958754400551,False,0.5880705019950948,False
90.93294838518952,24.560048174143816,0.7022598708794763,-0.2082479900239392,False,-1.0747378870473692,False,0.4033321124184275,False,-1.668442379169514,False,0.6783018132707008,False
90.98294838518952,24.560048174143816,0.6672431096311441,0.25858105081451493,False,-0.17241709929909835,False,0.37755990590112154,False,-1.9537594650137842,False,0.4898535569065774,False
91.03294838518951,24.560048174143816,0.6019535241762944,0.6525557676253175,False,0.08776228916063669,False,0.2900825923601007,False,-0.4479751485351139,False,0.45497599936728406,False
91.08294838518952,24.560048174143816,0.6311581965867882,0.6795627647674073,False,-0.17523000405609085,False,0.16214969485988537,False,0.7817775886158543,False,0.5210957073562884,False
91.13294838518952,24.560048174143816,0.7068814095441011,0.5135531662605295,False,-0.31149369621553175,False,0.16584332947469813,False,-0.10273381093987188,False,0.48534987515167305,False
91.18294838518952,24.560048174143816,0.7426496891039295,0.15608320581843577,False,-0.6530812467781107,False,0.13542234629445413,False,-2.2537939579904878,False,0.30581790053950736,False
91.23294838518952,24.560048174143816,0.7591567839792843,-0.2069967750463798,False,-0.9238947390779394,False,0.06348779656921891,False,-4.543969326741596,False,0.1907911149272618,False
91.28294838518951,24.560048174143816,0.7843182559491577,-0.44323157376233036,False,-0.7608127133963798,False,0.16833019940742466,False,-3.8108368547136546,False,0.372352508474852,False
91.33294838518952,24.560048174143816,0.7955253613986419,-0.544130473292914,False,-0.686660629207506,False,0.301214067777191,False,-2.491019391199362,False,0.5760180130209723,False
91.38294838518952,24.560048174143816,0.7694924173451432,-0.5032346685756839,False,-0.8403786379995517,False,0.23931316446834744,False,-1.7361220054148907,False,0.6129328878851801,False
91.43294838518952,24.560048174143816,0.7839669580449163,-0.4465126391137681,False,-1.0537065495676274,False,0.14150231309157146,False,-1.4652967707447613,False,0.5310612965087681,False
91.48294838518952,24.560048174143816,0.8130228998332486,-0.4351461045000486,False,-1.3876273346090204,True,0.10467086992096018,False,-0.6455878912505402,False,0.46038364104129126,False
91.53294838518951,24.560048174143816,0.8113222402043363,-0.4370767174451542,False,-1.8049594739504617,True,0.16828780386211759,False,0.4557879623065693,False,0.5284160323269517,False
91.58294838518952,24.560048174143816,0.7782084758774889,-0.3065999401304028,False,-1.9222317326395293,True,0.21608516127243255,False,0.7730071227378009,False,0.7379204910682486,False
91.63294838518952,24.560048174143816,0.7480743330974656,-0.22781190578509902,False,-1.749731375220839,True,0.23258172091385668,False,1.0720535894012257,False,0.7496499295953425,False
91.68294838518952,24.560048174143816,0.7498986955526554,-0.48698570489597065,False,-1.405765913243302,True,0.2668865780867593,False,1.9846384737076184,False,0.4640771267882717,False
91.73294838518952,24.560048174143816,0.7708189149875478,-0.8661832499425002,False,-1.1203192903302912,True,0.25013393940585504,False,3.0001109149140186,True,0.2721646935765566,False
91.78294838518951,24.560048174143816,0.770267476073589,-1.1702929163470885,True,-0.9523916868465273,True,0.1506319546976308,False,3.8556698527183197,True,0.41710595670454265,False
91.83294838518952,24.560048174143816,0.7336523137501658,-1.3200147734158656,True,-0.6907925725209446,True,-0.051365943871647335,False,5.011531988697939,True,0.3023473121231221,False
91.88294838518952,24.560048174143816,0.6544820025465682,-1.314431331968894,True,-0.4134243252727038,False,-0.2878347257970525,False,4.668622915610698,True,0.4593877575022487,False
91.93294838518952,24.560048174143816,0.5908095249599001,-1.166966313843521,True,-0.17175789840543246,False,-0.5134080733938706,False,3.186665858131301,False,0.8475142573357335,False
91.98294838518952,24.560048174143816,0.5750853918927648,-0.9124245694399946,False,0.01105584347658406,False,-0.623809556380313,False,2.0486549898495627,False,1.2296262598879937,True
92.03294838518951,24.560048174143816,0.610424762296118,-1.11593097767769,False,0.2813169432062496,False,-0.6413016184100406,False,2.0378336000370783,False,1.3798900662182092,True
92.08294838518952,24.560048174143816,0.6521281135663672,-1.5209231847563804,True,0.5631095549841545,False,-0.6572730612039546,False,2.689450384233888,False,1.355786845419027,True
92.13294838518952,24.560048174143816,0.6774573190716037,-1.5424381194274115,True,0.5217934089693227,False,-0.6351464916194945,False,2.655778301274571,False,1.2309979347708437,True
92.18294838518952,24.560048174143816,0.6918717855720472,-1.3173675342990758,True,0.3466870996016202,False,-0.6069045098008623,False,2.10192860529897,False,1.104107162376934,True
92.23294838518952,24.560048174143816,0.6989956446267159,-1.1128246821145553,False,0.2265098789082487,False,-0.5972679089925206,False,1.5893083731215012,False,1.023490864859701,True
88.18294838518952,24.51004817414381,0.41354828296130186,-0.04777711575410268,False,-0.08143231551327848,False,0.44882375949120895,False,-0.2011175793568221,False,-0.007517086556566299,False
88.23294838518952,24.51004817414381,0.48009550620854097,-0.026915709789581327,False,-0.15428591727743174,False,0.4496125231656104,False,-0.058704091046864026,False,0.018834464147811314,False
88.28294838518953,24.51004817414381,0.5633372172089625,-0.02537819418572046,False,-0.2941675327697814,False,0.34572927969647416,False,0.33550397078972505,False,-0.022475504981108063,False
88.33294838518952,24.51004817414381,0.6392846339816486,0.25833141779785646,False,-0.9778257288957755,False,0.059493000984566335,False,0.850010233955836,False,-0.4793811471760244,False
88.38294838518952,24.51004817414381,0.7017263620223104,0.38991517604373765,False,-1.7815481443737253,True,-0.3073873367623187,False,2.3677622345373166,True,-1.2671872652167098,True
88.43294838518952,24.51004817414381,0.770582810885023,0.3096949169681984,False,-1.485779861629626,False,-0.3704209832493052,False,2.614701455646253,True,-1.5475587003720266,True
88.48294838518952,24.51004817414381,0.8045635234687268,0.6507242320020468,False,-1.2979504281529914,False,-0.48138488104793986,False,1.2425725939959547,False,-0.8660168162434922,False
88.53294838518953,24.51004817414381,0.7891185509596649,0.6979532681582518,False,-1.2775339407272532,False,-0.4186007901233909,False,0.872659805859169,False,-0.7744716976658882,False
88.58294838518952,24.51004817414381,0.7213565936545415,0.5872649827134584,False,-1.3916162611297067,False,-0.24991944418478323,False,0.9416553408680531,False,-0.843422172454595,False
88.63294838518952,24.51004817414381,0.6147500155459136,0.706841785238801,False,-1.9402789226462835,False,-0.0463302325368557,False,0.33091504558473994,False,-0.6350258179243226,False
88.68294838518952,24.51004817414381,0.5023938191395511,1.0727931638146408,False,-2.815986071812195,True,0.14775548051600518,False,-0.8161663514297577,False,-0.3471056636435693,False
88.73294838518952,24.51004817414381,0.45255986720874614,0.8785834703753437,False,-2.581777766748808,True,0.28444492354261863,False,-1.0738296262703841,False,-0.5078970221193798,False
88.78294838518953,24.51004817414381,0.5217526156179696,0.6779446094504741,False,-1.8031523948194348,True,0.5603353626360423,False,-1.1555372320611426,False,-0.42424713263499675,False
88.83294838518952,24.51004817414381,0.6034898623628747,0.7991109654088258,False,-1.0691383517519133,False,0.735076762730742,True,-1.4529954346688494,False,-0.4531190962278945,False
88.88294838518952,24.51004817414381,0.6505748283560907,1.1643423131441055,True,-0.8128570395874936,False,0.8568380299176077,True,-2.546849055932731,True,-0.3125932816962145,False
88.93294838518952,24.51004817414381,0.6890070727566674,1.4451014438980347,True,-0.9097251559256864,False,0.8160479475590471,True,-3.8018591332302174,True,-0.2622467511816605,False
88.98294838518952,24.51004817414381,0.7274646032754842,1.163876662423964,True,-1.24737272752256,False,0.637049516661909,True,-4.546215687752129,True,-0.4724421311811989,False
89.03294838518953,24.51004817414381,0.7508290003707034,0.7450967231715858,False,-1.4657168486997212,False,0.38118321342984307,False,-4.712374301571964,True,-0.4778757682831132,False
89.08294838518952,24.51004817414381,0.7413058541362088,0.5836247184467058,False,-1.5028232038850573,True,0.22506399374155567,False,-4.684752623412189,True,-0.25345534950040954,False
89.13294838518952,24.51004817414381,0.7380317899649624,0.5497093884166683,False,-1.7031304432413004,True,0.08577817836106583,False,-4.39537595366944,True,-0.05362777855848902,False
89.18294838518952,24.51004817414381,0.7506439383808291,0.45915079067521025,False,-1.8553758830579996,True,-0.04237024778358711,False,-3.678542730600005,True,0.1636264556401011,False
89.23294838518952,24.51004817414381,0.7589845939652718,0.40561433889879367,False,-2.0977039070565597,True,-0.12132899994526991,False,-2.212341638283504,False,0.19014284445112875,False
89.28294838518953,24.51004817414381,0.7630346113276139,0.2876251458710945,False,-2.1008503303343815,True,0.0011140677170076718,False,-1.0124424283756295,False,-0.030044281269111295,False
89.33294838518952,24.51004817414381,0.7646293196263922,0.09966778679415009,False,-1.4878623608937669,False,0.20206383714143275,False,-2.0685358057326,False,-0.36346539169118797,False
89.38294838518952,24.51004817414381,0.7809637290495427,0.11335360824632269,False,-0.940198076168913,False,0.4070564370461703,False,-2.81696826281997,False,-0.20437083199072986,False
89.43294838518952,24.51004817414381,0.8066990037411533,-0.03256933572482412,False,-0.3663211688584571,False,0.4687490706991976,False,-2.096023447071353,False,0.8472422965122128,False
89.48294838518952,24.51004817414381,0.831705626481358,0.008985691662567193,False,-0.5608682175915521,False,0.48980713483820565,False,-1.5898517730496011,False,1.51190159811412,True
89.53294838518953,24.51004817414381,0.808096423572344,0.15982609741340092,False,-1.04119219141572,False,0.43263787689564126,False,-1.3464470572144864,False,1.4595871112472376,True
89.58294838518952,24.51004817414381,0.7218032158576477,0.2234334538669887,False,-1.282891548772664,False,0.32839497523810013,False,-0.5700528848766309,False,0.8230377653900112,False
89.63294838518952,24.51004817414381,0.6445212310587495,0.2982821196849586,False,-1.4394373775222782,False,0.14274787105638184,False,-0.10436850264322461,False,0.030971093167677738,False
89.68294838518952,24.51004817414381,0.6187297968210465,0.278268760323605,False,-1.5750502044746693,False,0.0838840072604698,False,-0.0815648575406846,False,-0.08678766850197056,False
89.78294838518953,24.51004817414381,0.7444339529268746,-0.005270128854326012,False,-1.6540593689394896,False,0.08487930670074527,False,0.12446032590806524,False,0.06195247869587048,False
89.83294838518952,24.51004817414381,0.7971717727283323,-0.3435890599185062,False,-1.212429616322447,False,-0.011126420379727078,False,0.3972485178934002,False,-0.33543588265122526,False
89.88294838518952,24.51004817414381,0.7966677083950668,-0.6561427744067703,False,-0.6035908262108876,False,0.13298452716336182,False,0.569191464170773,False,-0.32642272897515656,False
89.93294838518952,24.51004817414381,0.691335317864391,-0.6808796517489764,False,-0.40929423916267627,False,0.18915499660106488,False,0.44682881034784805,False,-0.28121786895118545,False
89.98294838518952,24.51004817414381,0.6017030545138516,-0.49277835065017067,False,-0.5640010949720474,False,0.11791084140088356,False,0.3042376883299145,False,-0.012687353483618907,False
90.03294838518953,24.51004817414381,0.6232331716519516,-0.8441661606776609,False,-1.0553049512679742,False,-0.04623555545411038,False,-0.6782318774994627,False,-0.1706027009617651,False
90.08294838518952,24.51004817414381,0.5777986028090992,-1.3047438141319625,True,-1.1133343263527733,False,-0.06556785700581638,False,-1.6888408216810378,False,-0.547786507389134,False
90.13294838518952,24.51004817414381,0.5745683476704839,-1.3993476483178258,True,-0.8807500279122253,False,-0.029017298216652027,False,-1.8112745848075895,False,-0.9617786239562136,False
90.18294838518952,24.51004817414381,0.6781391941582855,-1.0116949822466061,True,0.0416408221087784,False,-0.11419086005635637,False,-0.6626007175969699,False,-1.5847266143124072,True
90.23294838518952,24.51004817414381,0.7433642520652896,-0.4384480333040923,False,1.496158713798812,False,-0.14635340039,False,0.32089689563972423,False,-2.020013362463868,True
90.28294838518951,24.51004817414381,0.7371798389320471,-0.016012308645333845,False,1.7723670908099654,False,-0.21799629793343167,False,0.6923166044240805,True,-2.3550725282576908,True
90.33294838518952,24.51004817414381,0.6567940039031034,0.4492694997708017,False,0.7204444762512868,False,-0.25360245684630783,False,0.7130534517853486,True,-2.3057704077617727,True
90.38294838518952,24.51004817414381,0.5390813347270571,0.979223012003653,False,-1.2274495149963462,False,0.013672905358349308,False,0.44737431436565295,False,-1.5137183150419853,True
90.43294838518952,24.51004817414381,0.5282709685419115,0.9079079881642529,False,-2.5079307781507594,True,0.27729501545183505,False,0.1657623260508152,False,-0.7047382711659713,False
90.48294838518952,24.51004817414381,0.6174618586145598,-0.6323499577657309,False,-1.5675908145208701,False,0.36071476294176236,False,-0.07134327540993494,False,-0.04235706643004791,False
90.53294838518951,24.51004817414381,0.673464159608132,-0.9943615501322556,False,-1.2031458021796975,False,0.3601112664792395,False,-0.052925706509442644,False,0.024060111450149232,False
90.58294838518952,24.51004817414381,0.6891765129665354,-0.6314685497582814,False,-1.0959304959509746,False,0.2388793053771039,False,0.09737121542438298,False,0.027563177003565337,False
90.63294838518952,24.51004817414381,0.6918464243066643,-0.1429387600152908,False,-0.9366715370985267,False,0.15156555515634518,False,0.05863660534137965,False,-0.04538733770400416,False
90.68294838518952,24.51004817414381,0.6137915751434688,0.29632741830567194,False,-0.7287920726085928,False,0.1152582467611553,False,-0.19691127218729693,False,-0.18759286817923862,False
90.73294838518952,24.51004817414381,0.42588288685431175,0.4134610641378713,False,-0.8705132329009728,False,0.06336131974971393,False,-0.018182624556590574,False,-0.270532769347558,False
90.78294838518951,24.51004817414381,0.3892650333560449,0.10269132975836973,False,-1.3633486164172683,False,-0.045131941894049586,False,1.0779949921665484,False,-0.04710573698170806,False
90.83294838518952,24.51004817414381,0.5525009035234543,-0.15013879670862598,False,-1.9540246223962467,False,0.07165612429542167,False,1.267778041399751,False,0.4642531427416998,False
90.88294838518952,24.51004817414381,0.6444887955348225,-0.31596104967124483,False,-2.21693748387086,True,0.3248188516035398,False,0.45545685109262213,False,0.7675220884398128,False
90.93294838518952,24.51004817414381,0.6573653447379544,-0.5327926510495317,False,-1.5883128160340054,True,0.46909781137752227,False,-0.46201634689877447,False,0.9655461096994831,False
90.98294838518952,24.51004817414381,0.6113160618961269,-0.2212417014549588,False,-0.7944272941302403,False,0.42782143581693366,False,-1.1117049283298517,False,0.8034077665124317,False
91.03294838518951,24.51004817414381,0.561889348772635,0.6597766773961983,False,0.020895448183246956,False,0.23327717083207317,False,-0.2046882178181064,False,0.5523873941175201,False
91.08294838518952,24.51004817414381,0.5804113564623837,0.8539026447042342,True,-0.06423152613556765,False,0.11621099732451644,False,0.42709924530326954,False,0.5550892392689926,False
91.13294838518952,24.51004817414381,0.6133002130529231,0.5790101912615068,False,-0.32176609714081067,False,0.1071503421362653,False,-0.5394806834806471,False,0.6120293942820122,False
91.18294838518952,24.51004817414381,0.6216394114407264,0.15517437461888567,False,-0.6238083353681995,False,0.009507785840689372,False,-2.404785116460487,False,0.5540323782774333,False
91.23294838518952,24.51004817414381,0.6340021092193712,-0.2577978895292557,False,-0.7418863504545543,False,0.034766103196485404,False,-3.9806873222977743,True,0.4418408845418324,False
91.28294838518951,24.51004817414381,0.6763651397960952,-0.5030212515437797,False,-0.4648799889811192,False,0.26230882885837076,False,-3.0130529200950043,False,0.575249893519844,False
91.33294838518952,24.51004817414381,0.723020589173654,-0.6147172557881007,False,-0.42303648784728365,False,0.37116256352720556,False,-2.0239092583586578,False,0.7091503566258439,False
91.38294838518952,24.51004817414381,0.7118989840956746,-0.5675107773747058,False,-0.6790430150359846,False,0.32974220569914925,False,-1.4617676200270482,False,0.55768517021358,False
91.43294838518952,24.51004817414381,0.7076694619515217,-0.5489362269383964,False,-1.0285120321342527,False,0.15156993614787248,False,-0.3472313512154872,False,0.44972585666323267,False
91.48294838518952,24.51004817414381,0.7521450807969647,-0.41918093099162446,False,-1.5296485088707028,True,0.04424842681161123,False,0.6927318755559773,False,0.17648307049894368,False
91.53294838518951,24.51004817414381,0.763051613848267,-0.14396826341218727,False,-1.7925338009780578,True,0.08926634258714508,False,0.5508770217254222,False,-0.0996275947472034,False
91.58294838518952,24.51004817414381,0.7194090589520071,0.12376681731188127,False,-1.7573442290932293,True,0.12541412704242832,False,-0.13119284614339177,False,0.20949353891398403,False
91.63294838518952,24.51004817414381,0.6549626562249581,0.3193808536569091,False,-1.7219194810324687,True,0.06824121085591284,False,-0.41460036567908487,False,0.6616765416798746,False
91.68294838518952,24.51004817414381,0.6437747120388104,0.09641008003146595,False,-1.4405212744717335,True,0.037090347909627064,False,0.5791658078022501,False,0.5829565521349593,False
91.73294838518952,24.51004817414381,0.6986931137216432,-0.29678396969010806,False,-1.0897979313378927,True,0.23906074391271614,False,2.403950629234826,False,0.1115191652294579,False
91.78294838518951,24.51004817414381,0.7378379780437286,-0.5611271029438278,False,-0.9587457955051865,True,0.5462026678589923,False,4.92594768543327,True,-0.2606948850124231,False
91.83294838518952,24.51004817414381,0.7098151957294933,-0.7612659295972661,False,-0.9457001465505115,True,0.32523734256317843,False,7.61253982886326,True,-0.3645249154949006,False
91.88294838518952,24.51004817414381,0.6000973313527257,-0.9080794740201037,False,-0.812478315448857,True,0.0024230878051518523,False,6.60816988308402,True,-0.048957214674225626,False
91.93294838518952,24.51004817414381,0.5023405356640673,-0.8040914901709713,False,-0.5362832240313307,False,-0.3030946494318466,False,4.151900237052962,False,0.5191544974749356,False
91.98294838518952,24.51004817414381,0.5032501521364778,-0.5759728985836052,False,-0.2913102479735352,False,-0.47444153198125427,False,2.5735454421905555,False,1.0591464281062084,False
92.03294838518951,24.51004817414381,0.5733897456360418,-0.7234780514066952,False,-0.11343894281079721,False,-0.5258436458599001,False,2.7512337821098467,False,1.2570079660987983,True
92.08294838518952,24.51004817414381,0.6210643795814763,-1.0376491778938008,False,0.13425403967176547,False,-0.5502123490867705,False,3.122187842255699,False,1.3233898203906826,True
92.13294838518952,24.51004817414381,0.6468655805738092,-1.2582491027488858,False,0.313437032019444,False,-0.5536161408274629,False,3.06581214049685,False,1.3037792824464067,True
88.23294838518952,24.46004817414381,0.46976762748172135,0.10992388782167992,False,-0.3566550024169323,False,0.3358187239056412,False,-0.2781933924981422,False,-0.25215212941774,False
88.28294838518953,24.46004817414381,0.5547640269488417,0.26140340615634,False,-0.7166928194693662,False,0.16323287482520832,False,0.01723254954335232,False,-0.40720604562708906,False
88.33294838518952,24.46004817414381,0.6365185579130801,0.5030506553689466,False,-1.4319729047614707,True,-0.1676162090626679,False,0.931065520985268,False,-0.7616642832399118,False
88.38294838518952,24.46004817414381,0.721606928416998,0.6399376390173672,False,-1.6445082418545414,True,-0.34847152602935605,False,1.3477437658225395,False,-0.9565638315051155,False
88.43294838518952,24.46004817414381,0.776638015286172,0.7685489858490842,True,-1.3840703316293048,True,-0.4840759542559133,False,0.8243348905574124,False,-0.6321941052724749,False
88.48294838518952,24.46004817414381,0.7887613961610189,0.924348258246083,False,-1.3043338655953989,False,-0.6096190114711054,False,0.12342316569406402,False,-0.3100037513215862,False
88.53294838518953,24.46004817414381,0.7409913471618574,0.8496341906185327,False,-1.2878603320233664,False,-0.5365864856110056,False,0.2760819645006631,False,-0.4277612550107167,False
88.58294838518952,24.46004817414381,0.6480568999775277,0.7007191898800554,False,-1.4560407204865178,False,-0.21132118114489337,False,0.9862318495203679,False,-0.6519340781775853,False
88.63294838518952,24.46004817414381,0.5325839976247775,0.6351510488837838,False,-1.5653628662131194,False,0.04341474779052709,False,1.056193972256232,False,-0.7190861519458289,False
88.68294838518952,24.46004817414381,0.4871824624811177,1.1336659266831106,True,-2.228933479734648,True,0.011976124881440953,False,0.12992316217242483,False,-0.6136061361193615,False
88.73294838518952,24.46004817414381,0.5536798715172456,1.6279315832633348,True,-2.805338237666997,True,0.026626089968314476,False,-0.11887961858008006,False,-1.3150738189296676,False
88.78294838518953,24.46004817414381,0.6616774399810657,1.5863401483298234,True,-2.4863642794310543,True,0.27790476807674785,False,0.2931838841442157,False,-2.4130837970376686,True
88.83294838518952,24.46004817414381,0.7256421984894574,1.7761638820525614,True,-2.0478901066328143,True,0.42226426881746537,False,0.09779079477170441,False,-2.308061337667947,True
88.88294838518952,24.46004817414381,0.7456997885423824,1.9820628782445002,True,-1.828130580157978,True,0.5911387421378121,True,-1.8403600934854163,True,-1.2637152814265304,False
88.93294838518952,24.46004817414381,0.7581272496987168,1.9436421016552399,True,-1.588701870334108,False,0.6386037601381247,True,-3.973251176151122,True,-0.5946758149200218,False
88.98294838518952,24.46004817414381,0.7714088310756377,1.3937043112729706,True,-1.7108476615445767,False,0.5238388376625016,False,-4.867361932756754,True,-0.7331682994006636,False
89.03294838518953,24.46004817414381,0.7771273107476802,0.9974228427239987,True,-1.9762328255541468,True,0.41392761510132725,False,-4.914048208854304,True,-0.7446307793563012,False
89.08294838518952,24.46004817414381,0.7655900682328908,0.9450549741054171,True,-2.3587773322122585,True,0.38230563444064103,False,-4.784972602350065,True,-0.639778942583664,False
89.13294838518952,24.46004817414381,0.7580052270021855,0.8722040839725392,False,-2.947838275436683,True,0.18720084046566332,False,-4.425174091953318,True,-0.4634010744311419,False
89.18294838518952,24.46004817414381,0.7618934205625023,0.7035039862157544,False,-3.190875602141625,True,-0.04544771240598111,False,-4.366326574522778,True,-0.12282785413804614,False
89.23294838518952,24.46004817414381,0.7648310106956653,0.6706539282969919,False,-3.1915249779760835,True,-0.08682097089837565,False,-3.312834815678314,False,-0.16814628027187978,False
89.28294838518953,24.46004817414381,0.7601108909499392,0.4962335322236251,False,-3.032880155122079,True,0.17105896303757287,False,0.2117338497614044,False,-0.8235217753304325,False
89.33294838518952,24.46004817414381,0.7236275337217303,0.4618182902661941,False,-2.7283318657701936,True,0.36732292208358597,False,-0.6618831608982667,False,-0.9265462987604967,False
89.38294838518952,24.46004817414381,0.6909172613737304,0.5588128332422945,False,-2.0463120518555886,True,0.5125519515168521,False,-1.7289886021808503,False,-0.6007638367078545,False
89.43294838518952,24.46004817414381,0.7121044272088508,0.5871295088818758,False,-0.8054658720719032,False,0.4662457877086581,False,-1.2812111500067183,False,0.6327512674493343,False
89.48294838518952,24.46004817414381,0.7621232381579854,0.565051114404576,False,-0.13916326725890005,False,0.49237418287388063,False,-1.2055472875753417,False,1.5185109939240982,True
89.53294838518953,24.46004817414381,0.7761020345365913,0.31977507940112,False,-0.716843024937512,False,0.488688484747567,False,-0.9209977016378976,False,1.2799054218951875,False
89.58294838518952,24.46004817414381,0.7093950806162195,0.13676116139550318,False,-0.8531098800904788,False,0.4590538581240874,False,-0.46948336430774096,False,0.6982424608615291,False
89.63294838518952,24.46004817414381,0.6422911284027073,0.15446035424970578,False,-1.15751488385062,False,0.279110634057533,False,-0.14402345295876606,False,0.014376769503878936,False
89.68294838518952,24.46004817414381,0.6440088594771507,0.16984015153028564,False,-1.392437945283307,False,0.16956356570019532,False,-0.024549977788486027,False,-0.02179779969719764,False
89.78294838518953,24.46004817414381,0.7666260902217267,-0.028036162541426997,False,-1.5714345652194948,False,0.16865082884951804,False,0.20658077526925653,False,0.36615685606308634,False
89.83294838518952,24.46004817414381,0.8046776331615355,-0.23135358454347502,False,-1.2864743558990517,False,-0.005867247275540652,False,0.38698270572605686,False,-0.05581099684867907,False
89.88294838518952,24.46004817414381,0.7919758068442162,-0.333850448302878,False,-1.0754044611694424,False,-0.05625220767989225,False,0.48531485118492296,False,-0.17865599051089293,False
89.93294838518952,24.46004817414381,0.6948019751272089,-0.3273770782660762,False,-0.9302453770597393,False,-0.05355637246111495,False,0.4770366675777603,False,-0.13306339185187846,False
89.98294838518952,24.46004817414381,0.5701408727341555,-0.14630508979440549,False,-1.0063100125667588,False,-0.11375717786956621,False,0.5180612055604311,False,0.0677248331474043,False
90.03294838518953,24.46004817414381,0.590918821017645,-0.3682649514157085,False,-1.400769280045087,False,-0.18393644394411268,False,0.11397722424103629,False,-0.047713239038203376,False
90.08294838518952,24.46004817414381,0.533266889634513,-0.8020049473983151,False,-1.661164537931067,False,-0.14825114500944434,False,-0.6900258054405899,False,-0.42218248081529236,False
90.13294838518952,24.46004817414381,0.40718812117386766,-0.9926914605490009,True,-1.506269286708835,False,-0.1341649878032923,False,-0.8408632705625909,False,-0.7338301131727704,False
90.18294838518952,24.46004817414381,0.4965869908988183,-1.0651955090329301,True,-0.3497844490077069,False,-0.2949072345808278,False,0.030664176129551635,False,-0.8382323857576487,False
90.23294838518952,24.46004817414381,0.6377598849226871,-0.8538333526289509,False,1.283646428442516,False,-0.2608497336202392,False,0.6533202777843845,True,-1.090989697325023,True
90.28294838518951,24.46004817414381,0.6795516490432937,-0.17721698324689025,False,1.233529876908804,False,-0.18483682620076589,False,0.6426766285919195,True,-1.9202916739541565,True
90.33294838518952,24.46004817414381,0.6466883946149291,0.7296397642869846,False,-0.09727536490545968,False,-0.29971358826093375,False,0.43657972638170967,True,-2.3695749576325476,True
90.38294838518952,24.46004817414381,0.5680761720250137,1.2396594266242116,True,-1.4736791942498388,False,-0.12210398946455164,False,0.2517235970403817,False,-1.7020590101026323,True
90.43294838518952,24.46004817414381,0.5239147153288346,1.003631548863561,False,-2.5386041802628423,True,0.29490332083256676,False,0.023943688466023058,False,-0.5300844096292958,False
90.48294838518952,24.46004817414381,0.5949020755195557,-0.4931528874229265,False,-2.2102926498440763,True,0.46680061045602705,False,-0.3945934308420085,False,0.3757950878824661,False
90.53294838518951,24.46004817414381,0.691720950828532,-0.9824798613343548,False,-1.8287785271852162,True,0.4514612041260465,False,-0.4188939198836351,False,0.33482907421273383,False
90.58294838518952,24.46004817414381,0.762267541475218,-0.8950470164502411,False,-1.4165269772539388,False,0.3712120496235263,False,-0.19990744172675148,False,0.07406210142644347,False
90.63294838518952,24.46004817414381,0.797801170743778,-0.5801567344024534,False,-1.1902126979459977,False,0.30501002638038854,False,-0.040093351474821584,False,-0.08858846812872487,False
90.68294838518952,24.46004817414381,0.7454662171554616,-0.057482339500924406,False,-1.3131983484609475,False,0.24496139786484883,False,0.010222888472674215,False,-0.1686245806088399,False
90.73294838518952,24.46004817414381,0.6722592835766844,0.24066880679995306,False,-1.7195715917551366,False,0.19097348998597327,False,0.12916385633031066,False,-0.2651071414639563,False
90.78294838518951,24.46004817414381,0.6491283695047007,0.11003409614129205,False,-2.2639057482676437,False,0.13917683762776534,False,0.7615056196980852,False,-0.18217355731927276,False
90.83294838518952,24.46004817414381,0.661250438486116,-0.20041957537316077,False,-2.380075940479513,True,0.15587160198064626,False,1.242257304413506,False,0.33954055962659213,False
90.88294838518952,24.46004817414381,0.6626199868943904,-0.3377539381964611,False,-2.2012764945153633,True,0.26801480965672175,False,0.7904724581135085,False,0.7681315330841851,False
90.93294838518952,24.46004817414381,0.6296872981464972,-0.47880858432098794,False,-1.652643833019531,True,0.2859961994869217,False,0.15406738184174926,False,0.9825504935530033,False
90.98294838518952,24.46004817414381,0.5696069521658049,-0.29012696496332174,False,-0.9926007064414196,False,0.2443126230881543,False,-0.35270392403925266,False,1.001639302293913,True
91.03294838518951,24.46004817414381,0.511635193204593,0.6366873724535477,False,0.09883604157212528,False,0.1302111669710351,False,-0.13290684917412662,False,0.675477248521559,False
91.08294838518952,24.46004817414381,0.4807693477940409,0.7497275554018845,False,-0.055793054046661364,False,0.12608495266718228,False,-0.1500763944385872,False,0.6186388646408107,False
91.13294838518952,24.46004817414381,0.45105251781053757,0.5079308489613965,False,-0.3670341001329692,False,0.15584316944270402,False,-0.7514726114509229,False,0.6731237054636556,False
91.18294838518952,24.46004817414381,0.4309955269366555,0.09571452716690682,False,-0.4123523908347564,False,0.16588487122308623,False,-1.3681446771945431,False,0.46541221834311874,False
91.23294838518952,24.46004817414381,0.4806523233095485,-0.349435759414223,False,-0.21817169385904484,False,0.255438086653626,False,-1.7210571186383516,False,0.22705113520660933,False
91.28294838518951,24.46004817414381,0.5679617427642185,-0.6501129674502129,True,-0.04874505323450351,False,0.31564118388937823,False,-1.5552581389421682,False,0.24828188774674037,False
91.33294838518952,24.46004817414381,0.640418024858049,-0.8028904112113433,True,-0.042141234557837165,False,0.33411696561320514,False,-1.297530992069396,False,0.38935960076174975,False
91.38294838518952,24.46004817414381,0.643750678624891,-0.6949134500543306,False,-0.34462969520624886,False,0.3415511328168882,False,-1.2336281745085191,False,0.2739594543283779,False
91.43294838518952,24.46004817414381,0.6666233142066332,-0.6368627730953931,False,-0.7834894968951336,False,0.21111757105292225,False,-0.5504542946400984,False,0.032056434056855654,False
91.48294838518952,24.46004817414381,0.7188727130535267,-0.3401165779611413,False,-1.1405079440460124,False,0.10455561028171417,False,0.17997896099202637,False,-0.5020815770534108,False
91.53294838518951,24.46004817414381,0.7176718955623306,0.05924174332488255,False,-1.1489728685474134,False,0.10830884138783706,False,0.5073197822639097,False,-1.1340882655642717,False
91.58294838518952,24.46004817414381,0.6549411617029387,-0.06042295569676276,False,-0.8746486259052961,False,0.178951864194466,False,-0.39562198866400844,False,-0.45923942045364036,False
91.63294838518952,24.46004817414381,0.5569746049059505,0.049982277398860964,False,-1.0038987167685645,False,0.0649612665125372,False,-1.9271022154771558,False,0.9142093002009599,False
91.68294838518952,24.46004817414381,0.5033778584485383,0.26080953122319117,False,-1.245064922946154,True,-0.06600019957759706,False,-2.0010380342129386,False,1.2388322750249217,False
91.73294838518952,24.46004817414381,0.5575497057970047,0.022950528341942583,False,-0.9534366552711262,False,-0.04370228203950133,False,1.2086232559018586,False,0.5479720684469388,False
91.78294838518951,24.46004817414381,0.6402855042914433,-0.1685909301116245,False,-0.8204324360806178,False,0.12570881706559933,False,6.431919508826605,True,-0.3387644215111501,False
91.83294838518952,24.46004817414381,0.6269919557009412,-0.18227911391072088,False,-1.0221607643142887,False,0.06970374229746336,False,9.356189056696053,True,-0.5336829467184468,False
91.88294838518952,24.46004817414381,0.49369781692362896,-0.1783653712334006,False,-1.0453404620775542,False,-0.04046305536694553,False,8.293545638319149,True,-0.3059911348530505,False
91.93294838518952,24.46004817414381,0.33267905401537984,-0.15702520424235772,False,-0.8070047121232022,False,-0.17861977516858646,False,5.472435194259351,False,0.1630314228254427,False
91.98294838518952,24.46004817414381,0.39375014627171945,-0.16334154324821287,False,-0.6342094396608866,False,-0.3118054621863082,False,3.8511823221234596,False,0.6618387533535497,False
92.03294838518951,24.46004817414381,0.48864336905492434,-0.3354365214292081,False,-0.5159566127477504,False,-0.3893992027002299,False,3.7872292151941154,False,0.96623396912781,False
92.08294838518952,24.46004817414381,0.5499347297778644,-0.5919903404213037,False,-0.34062219160410573,False,-0.4386995402347682,False,4.089401780630879,False,1.131631903744191,True
92.13294838518952,24.46004817414381,0.5903874475866564,-0.8724239189437469,False,-0.08644344564088485,False,-0.4633851772155629,False,3.9466621728323403,False,1.2255628169450234,True
88.33294838518952,24.41004817414381,0.6642332237314015,0.6838916394059154,False,-1.4934344872660672,True,-0.23169489480691519,False,0.5428898462942031,False,-0.8153840688556712,False
88.38294838518952,24.41004817414381,0.7431801194916214,0.7570509733636447,True,-1.4230153342443985,True,-0.39754507208855006,False,0.6565738536483016,False,-0.7087587944460999,False
88.43294838518952,24.41004817414381,0.7730334722573823,0.8465029162508753,True,-1.306616479556051,False,-0.5950397540679054,False,0.36213995362392915,False,-0.3924386252719217,False
88.48294838518952,24.41004817414381,0.7625994961510659,0.8730881463028997,False,-1.383428329562144,False,-0.6327905266905496,False,0.403007512181338,False,-0.35251387046024657,False
88.53294838518953,24.41004817414381,0.7121365847665393,0.7599578929567827,False,-1.3481313750978676,False,-0.5246706971607116,False,0.8340541960837863,False,-0.5978950619591943,False
88.58294838518952,24.41004817414381,0.6381246828880152,0.6715409326341928,False,-1.4605339244804956,False,-0.27848189247645705,False,1.3873615796456686,False,-0.7511032283873573,False
88.63294838518952,24.41004817414381,0.5766557580875918,0.5791325968204484,False,-1.4112437591331597,False,-0.1284783129695443,False,1.7827609549551293,False,-0.9642908831167881,False
88.68294838518952,24.41004817414381,0.5846666936961608,0.9745816402555934,False,-1.7392953044985533,False,-0.23901707085737253,False,1.3169701376541818,False,-1.213002857752714,False
88.73294838518952,24.41004817414381,0.6685707732618902,1.6147637950445473,True,-2.4880260454717913,True,-0.26787971282088285,False,0.9417675752616028,False,-1.7426153501919424,True
88.78294838518953,24.41004817414381,0.7587311259253763,1.748953394530429,True,-2.6581570532406475,True,-0.016543845258989835,False,1.5815367076996596,False,-2.673466913442592,True
88.83294838518952,24.41004817414381,0.8010038853109829,1.9798926174439089,True,-2.5597962789655875,True,0.12689241517570174,False,2.104860546428953,True,-3.075182593887984,True
88.88294838518952,24.41004817414381,0.7993280275098162,2.0038504036863456,True,-2.4711519895046017,True,0.18919226848944642,False,0.6610402131790915,False,-2.4763426099453545,True
88.93294838518952,24.41004817414381,0.7884928789137646,1.598137749341691,True,-1.983676317263095,True,0.18079452916583508,False,-3.10244295938401,True,-1.4944794107252841,False
88.98294838518952,24.41004817414381,0.7846199499944849,1.1341764997553878,True,-1.8985268194168259,True,0.0983241492113387,False,-4.674982517845088,True,-1.0257155444706456,False
89.03294838518953,24.41004817414381,0.784932695079014,0.9052969963064599,False,-2.4034623932593275,True,0.0952473278667988,False,-4.615729601136943,True,-0.79692137783379,False
89.08294838518952,24.41004817414381,0.7851995555322938,1.0126237350699303,False,-3.133779698959313,True,0.2653685509443382,False,-4.533289298858843,True,-0.8745906599208957,False
89.13294838518952,24.41004817414381,0.7868682227048227,0.9696337039768392,False,-3.6820186127881036,True,0.38400529063339517,False,-4.377460549669025,True,-0.7165810844516598,False
89.18294838518952,24.41004817414381,0.7918328655985889,0.6684256410007617,False,-3.8698774864500622,True,0.25053942289073977,False,-3.8667113074688886,True,-0.5724953018771759,False
89.23294838518952,24.41004817414381,0.8006597789592951,0.49331562282131625,False,-3.781906855115476,True,0.16718340809518537,False,-1.927550522827468,False,-0.9983969364843439,False
89.28294838518953,24.41004817414381,0.8050296004075997,0.2422103304453238,False,-3.6467180343865118,True,0.30546824972313913,False,1.9774381981184428,False,-1.8722552928053586,True
89.33294838518952,24.41004817414381,0.7804090659481518,0.5039488533547424,False,-3.527450672118224,True,0.4625064137678828,False,0.9456126588479349,False,-1.5335388946591841,True
89.38294838518952,24.41004817414381,0.7123145354061138,0.8267240408163552,True,-2.982492513558328,True,0.5861549789445648,False,-0.6718154624159084,False,-1.0339643790061117,False
89.43294838518952,24.41004817414381,0.6742246002624783,1.0337466995343512,True,-1.65537356718829,False,0.47338351335100554,False,-1.0851949790472275,False,0.03269534310111086,False
89.48294838518952,24.41004817414381,0.7096035901740978,0.9492889872448615,True,-0.21891797885030173,False,0.42384583334427905,False,-1.0882928264907383,False,1.4167266336958786,True
89.53294838518953,24.41004817414381,0.7359851353542731,0.6088006852307096,False,-0.23292847699929142,False,0.4651702253281004,False,-0.943652066234629,False,1.3874482105145898,True
89.58294838518952,24.41004817414381,0.6713200562782201,0.14998660379086165,False,-0.1810979824544921,False,0.46521412737851736,False,-0.6227350523304467,False,0.6197657786401641,False
89.63294838518952,24.41004817414381,0.5715345022508359,0.03988214104544584,False,-0.5474167327430943,False,0.3038866785438855,False,-0.18514774096883538,False,-0.0583895492747763,False
89.68294838518952,24.41004817414381,0.594459262956206,0.00759841560324764,False,-0.9510898004788985,False,0.2318816643007903,False,0.055523021385849525,False,0.23713692298278616,False
89.73294838518952,24.41004817414381,0.6920447795122765,0.020839077480431314,False,-1.4451542232395034,False,0.25751586997917375,False,0.1532445206119528,False,0.8522701842607295,False
89.83294838518952,24.41004817414381,0.7910915651782843,-0.06477725243744359,False,-1.4635006779667483,False,0.012803008836583585,False,0.4290858207818006,False,0.38638188098843906,False
89.88294838518952,24.41004817414381,0.7630854461880465,-0.08394712085024296,False,-1.4847143688378241,False,-0.11203655015718939,False,0.48073558978476916,False,0.12383635321589603,False
89.93294838518952,24.41004817414381,0.6530277351567368,-0.0957550313929747,False,-1.2496544313322455,False,-0.13657222079412817,False,0.5155407723122438,False,0.09069150859209832,False
89.98294838518952,24.41004817414381,0.5205231621103799,-0.05863825078220958,False,-0.8680045666375324,False,-0.2234931020338894,False,0.5652961276260853,False,0.13777899339095484,False
90.03294838518953,24.41004817414381,0.5856360485383453,-0.2863657850536385,False,-0.8540855568713343,False,-0.3037942633361366,False,0.4027169431200578,False,0.0809528088725879,False
90.08294838518952,24.41004817414381,0.5435483149840514,-0.5284549092361661,False,-1.2408740256728557,False,-0.2170805637883452,False,-0.22532662132888967,False,-0.06790009704027185,False
90.13294838518952,24.41004817414381,0.26131294026095914,-0.6344169635428869,False,-1.2783799893503467,False,-0.1840392182612852,False,-0.3508927406503335,False,-0.3945761562019686,False
90.18294838518952,24.41004817414381,0.16551983501142886,-0.8067842687086774,False,-0.4373386878589866,False,-0.27323621081733657,False,0.15146657015111603,False,-0.5595797312998593,False
90.23294838518952,24.41004817414381,0.4760749561965127,-0.6877857247471549,False,-0.059513551533693226,False,-0.3006478333643811,False,0.3986724881706224,True,-0.8809640884457617,False
90.28294838518951,24.41004817414381,0.6226920660733647,0.04523840144489733,False,-0.6046778189619446,False,-0.34003105742495265,False,0.30475433540105945,True,-1.5109895367822386,True
90.33294838518952,24.41004817414381,0.6454403002728845,0.7527990076560077,False,-1.1712340244014845,False,-0.4119495068281214,False,0.17363549816741025,False,-1.9430638251697174,True
90.38294838518952,24.41004817414381,0.6136921329970665,0.7604030134580503,False,-1.4129893165921774,False,-0.3118331993787291,False,0.045973453682200065,False,-1.504583947362121,True
90.43294838518952,24.41004817414381,0.5764332564559815,0.381469901380999,False,-1.9439662508633342,True,0.13029905041600032,False,-0.13503494150999426,False,-0.3404189547944838,False
90.48294838518952,24.41004817414381,0.6158629555351497,-0.21773493028317067,False,-2.3992246527311174,True,0.43225821343271686,False,-0.3470812699602097,True,0.42031482412241084,False
90.53294838518951,24.41004817414381,0.7201654500033416,-0.7999084198243246,False,-2.3353382779565623,True,0.39435061073167216,False,-0.5384068220111382,True,0.5822020830857776,False
90.58294838518952,24.41004817414381,0.8095343474255172,-1.0278771477239999,False,-1.8918938725652472,False,0.3599896291842521,False,-0.529118759541578,False,0.2958278960070173,False
90.63294838518952,24.41004817414381,0.8536688902314753,-0.9115410844364942,False,-1.1763328579671262,False,0.2801085882816685,False,-0.2782253030381117,False,-0.0038841118667335764,False
90.68294838518952,24.41004817414381,0.8262587059363806,-0.4108163300799904,False,-1.461279348383607,False,0.2727990105857137,False,-0.12983378179692148,False,-0.03650182399174315,False
90.73294838518952,24.41004817414381,0.7934627512683592,0.005811287552912381,False,-2.054559310640654,True,0.25155468581771145,False,-0.06095392743796719,False,-0.10292304729142025,False
90.78294838518951,24.41004817414381,0.7762798205968386,-0.03295285049773786,False,-2.4171210015753934,True,0.26477372073719485,False,0.15377397280291893,False,0.001855267612925121,False
90.83294838518952,24.41004817414381,0.7441120506922335,-0.23501452168940362,False,-2.400932393504495,True,0.23164770534843146,False,0.6195303520393229,False,0.37757278386264964,False
90.88294838518952,24.41004817414381,0.6923016537934604,-0.2942514670502557,False,-2.1508025748575674,True,0.1501535195391125,False,0.780173653404814,False,0.6800939212326044,False
90.93294838518952,24.41004817414381,0.6148823963908535,-0.464103975060598,False,-1.582886903163817,False,0.12100081782001837,False,0.4259064984277648,False,0.8383791757338809,False
90.98294838518952,24.41004817414381,0.5334303055907839,-0.36467229836483855,False,-0.7044160228477719,False,0.08141438165566808,False,-0.021949329741769108,False,0.9817757893820425,False
91.03294838518951,24.41004817414381,0.45327612111578724,0.3614947621638781,False,0.12262686997006844,False,0.016489154394556803,False,0.07388375803269637,False,0.7018663074246192,False
91.08294838518952,24.41004817414381,0.3648616736324756,0.4573488451535261,False,-0.09200913026091384,False,0.12686946705362429,False,0.05209971967471619,False,0.45286743392051776,False
91.13294838518952,24.41004817414381,0.2682510071174243,0.16266118443369237,False,-0.22844698528019414,False,0.21712610931749726,False,0.06825673419092415,False,0.06209708202688019,False
91.18294838518952,24.41004817414381,0.28234164810240486,-0.29509480422058765,False,-0.21841382890614114,False,0.15332135257267482,False,-0.006537975450281119,False,-0.1612150575101445,False
91.23294838518952,24.41004817414381,0.42530759761822806,-0.6832699335472374,True,-0.18574781313525274,False,0.1115048126514038,False,-0.5945132267345643,False,-0.33621340665318655,False
91.28294838518951,24.41004817414381,0.5828879518183928,-0.9562681366243195,True,-0.0969767616272485,False,0.17175277194442232,False,-0.9392378637882776,False,-0.30796553610759314,False
91.33294838518952,24.41004817414381,0.6802477825666725,-1.0419500583205124,True,-0.03149461336990049,False,0.2367277813808083,False,-0.9031768568158343,False,-0.06460125466070274,False
91.38294838518952,24.41004817414381,0.7118357644902829,-0.8190094653990082,False,-0.22535929981849923,False,0.2857059340341542,False,-1.0627380805554614,False,-0.1314717096971334,False
91.43294838518952,24.41004817414381,0.724795951159757,-0.8088153882582501,False,-0.328531040447811,False,0.2601220015305806,False,-1.0985006440310139,False,-0.4532964297513953,False
91.48294838518952,24.41004817414381,0.7375593638892122,-0.6874623994212677,False,0.21642441217692504,False,0.26672551613560047,False,-1.7767568720416886,True,-0.8695269852803047,False
91.53294838518951,24.41004817414381,0.6951394811678074,-0.5098525950876526,False,0.2781443007451065,False,0.308785550489622,False,-1.714441049015167,False,-1.1422613476968075,True
91.58294838518952,24.41004817414381,0.6084114481593376,-0.589400276240091,False,0.202650352798314,False,0.2960850304833785,False,-1.5407368998512427,False,-0.6556864158114573,False
91.63294838518952,24.41004817414381,0.5050308876229214,-0.5890160692843827,False,0.028127449543612043,False,0.17968394876001686,False,-2.6034077690566013,False,0.974877576411243,False
91.68294838518952,24.41004817414381,0.44058423981731193,-0.07124018908942303,False,-0.6278073692510304,False,0.016122018490382972,False,-3.1624847718115596,False,1.7592942083187073,True
91.73294838518952,24.41004817414381,0.48708054887286684,-0.11030590408902134,False,-0.49000958023952357,False,-0.11222755405854848,False,0.4290856792530825,False,0.9147461959242603,False
91.78294838518951,24.41004817414381,0.5761141474852502,-0.24852005462257332,False,-0.2754598584547567,False,-0.08315169611653475,False,6.016757902301073,True,-0.3125256428283798,False
91.83294838518952,24.41004817414381,0.5720081263046395,-0.1547718926477194,False,-0.43007945123810704,False,-0.02017440025598973,False,8.599243996552273,True,-0.7972898004069583,False
91.88294838518952,24.41004817414381,0.4191840031030463,0.05065866948679293,False,-0.28725282783993883,False,-0.11686263256539965,False,5.859092631865476,False,-0.5753603436002945,False
91.93294838518952,24.41004817414381,0.19945949786854725,0.09200550519188679,False,-0.17316929530009012,False,-0.17898511877346235,False,3.3913583208247804,False,-0.31492500812546953,False
91.98294838518952,24.41004817414381,0.26631053555246587,0.0572083467961865,False,-0.41530033293950885,False,-0.20243154517640843,False,3.5063018149975798,False,0.0071659915556089165,False
92.03294838518951,24.41004817414381,0.35065810437885464,-0.05777605589209392,False,-0.5867449912942636,False,-0.2753894200573356,False,4.018215177211676,False,0.4436720596660432,False
92.08294838518952,24.41004817414381,0.45159000550898265,-0.22929777625112702,False,-0.5841255141429029,False,-0.34998587791112845,False,4.295549206176423,False,0.8156548485949243,False
92.13294838518952,24.41004817414381,0.5256495776720689,-0.44988698959671136,False,-0.44698844701568885,False,-0.4058388814681171,False,4.241397986469545,False,1.030456884078022,True
88.48294838518952,24.360048174143817,0.7323397951850585,0.8085885719079373,False,-1.3959565212084357,False,-0.6512060164175075,True,0.7963913053671542,False,-0.4811754698108228,False
88.53294838518953,24.360048174143817,0.6813535397138957,0.7435954097899752,False,-1.3987057127612148,False,-0.5714031156336349,False,1.210094989168149,False,-0.657994620397064,False
88.58294838518952,24.360048174143817,0.6255340180842559,0.6751008138665167,False,-1.4701052027696215,False,-0.40164279731518765,False,1.801087579320906,False,-0.8150459326715472,False
88.63294838518952,24.360048174143817,0.6163591061034049,0.566559053215296,False,-1.2804086871993223,False,-0.34673646183854284,False,2.264206406022396,True,-1.1563732088301655,False
88.68294838518952,24.360048174143817,0.6574949164307089,0.7228051727149983,False,-1.2066283208184199,False,-0.3722441265336876,False,2.074428981517147,False,-1.6019507853248318,True
88.73294838518952,24.360048174143817,0.7249292238461228,1.0084075568729405,False,-1.4035457410374947,False,-0.3527847297514666,False,1.8224608030440839,False,-2.037516238964751,True
88.78294838518953,24.360048174143817,0.7844039314298212,1.1435372255627017,False,-1.6468962063639356,False,-0.19482572128846046,False,2.273148130279486,True,-2.4871515365798755,True
88.83294838518952,24.360048174143817,0.8031270574727666,1.1582953793398547,True,-1.2698431754707777,False,-0.016574981934453434,False,2.655572136635284,True,-2.799749265013994,True
88.88294838518952,24.360048174143817,0.7799892477267205,1.1169434145994634,True,-1.021291571968093,False,0.006229632487260689,False,1.9442923349848815,False,-2.4711866254980253,True
88.93294838518952,24.360048174143817,0.7481025082928241,0.9138482635714831,True,-1.088761155928669,False,-0.13591695572007087,False,-1.1425300812013428,False,-1.5902177974906495,False
88.98294838518952,24.360048174143817,0.7599563431858486,0.6456647819448507,False,-1.2290917023744234,True,-0.31872145537625396,False,-3.76603202309089,True,-0.7332039327343359,False
89.03294838518953,24.360048174143817,0.7835467282911964,0.6651882315822708,False,-1.8581639565979629,True,-0.2748331948366811,False,-4.132726721939296,True,-0.2988846191298978,False
89.08294838518952,24.360048174143817,0.7909775723154636,0.8636698015030622,False,-2.7867503034210612,True,-0.015941210208271484,False,-4.244439615879567,True,-0.27304025382689956,False
89.13294838518952,24.360048174143817,0.7952008146083734,0.8462855725235067,False,-3.495965317366257,True,0.2626784498232119,False,-3.9814037140926652,True,-0.4401880750717413,False
89.18294838518952,24.360048174143817,0.7968029168788417,0.44666104016491726,False,-3.682883122781266,True,0.18302413529993758,False,-2.6441816546052554,False,-0.6426339823640693,False
89.23294838518952,24.360048174143817,0.8097153289956497,0.4321904934050374,False,-3.7000395142041382,True,0.10599859747300705,False,-0.8562574906560521,False,-1.1038892721741496,False
89.28294838518953,24.360048174143817,0.8265598278144833,0.4342937350917565,False,-3.708421626992299,True,0.17788847633273264,False,1.7751189395146434,False,-1.7380525852094801,True
89.33294838518952,24.360048174143817,0.8197718285281459,0.7327095919935033,False,-3.6280357320948755,True,0.22782950474075106,False,0.9728064752841935,False,-1.4759163494649936,True
89.38294838518952,24.360048174143817,0.7659116619038205,1.0929529456698632,True,-3.147106716767813,True,0.2913586038782871,False,-0.712965029709982,False,-1.0221538733995217,False
89.43294838518952,24.360048174143817,0.7048151808516816,1.304512348043347,True,-1.9243452369756793,False,0.2529170741374188,False,-1.4501212299427961,False,-0.18237539275169418,False
89.48294838518952,24.360048174143817,0.6964930471054569,1.0181527527295073,True,-0.2611897984736068,False,0.2582799080875472,False,-1.1551515070329224,False,1.3063255730182233,True
89.53294838518953,24.360048174143817,0.6999868138753136,0.5394659906135558,False,0.29849390197673475,False,0.3752291846610798,False,-1.0220432636367094,False,1.7800986432268555,True
89.58294838518952,24.360048174143817,0.6176519455741727,0.18813579473479458,False,-0.003376398963889707,False,0.3330523058112486,False,-0.7189904295292575,False,0.8435998046794613,False
89.63294838518952,24.360048174143817,0.4368331042596316,0.10437027552895664,False,-0.3201437136614978,False,0.1979328097710511,False,-0.2863846185654164,False,0.1436753362052271,False
89.68294838518952,24.360048174143817,0.4828122303826228,-0.013043808782787547,False,-0.7839076628669485,False,0.26726806049227736,False,0.014370788188889039,False,0.6394893641417858,False
89.73294838518952,24.360048174143817,0.6568096873781116,-0.005316712832960563,False,-1.2059259619670675,False,0.32682566170934413,False,0.11927180844284915,False,1.0438517574269361,False
89.83294838518952,24.360048174143817,0.7720635810284819,-0.027638413669379608,False,-1.3170558016762532,False,0.1212111807765425,False,0.3377316203199692,False,0.46073357974415885,False
89.88294838518952,24.360048174143817,0.7388551823303224,-0.013219450062190032,False,-1.4948474118536401,False,-0.0404837901490324,False,0.35865745973780727,False,0.1444585389961846,False
89.93294838518952,24.360048174143817,0.5918260683119346,-0.018853455408314287,False,-1.2101099005544071,False,-0.10625107383436776,False,0.4079093274462928,False,0.15557462988866416,False
89.98294838518952,24.360048174143817,0.5149191982191532,-0.0292873878028736,False,-0.804678319182998,False,-0.1992129240541583,False,0.38515326816193624,False,0.16037820645037443,False
90.03294838518953,24.360048174143817,0.607266986756665,-0.34101612145280613,False,-0.6242692999999002,False,-0.33903965669045616,False,0.32369902599150324,False,0.091033929607033,False
90.08294838518952,24.360048174143817,0.6126590072403287,-0.2329295839046468,False,-1.2081071530394778,False,-0.2576095244386913,False,-0.15688780771939279,False,0.0586093866972279,False
90.13294838518952,24.360048174143817,0.3163094717286875,-0.06851449744824878,False,-1.5330977352376718,False,-0.19024897576853342,False,-0.30301187217408887,False,-0.23980756807229625,False
90.18294838518952,24.360048174143817,-0.23726475616131634,-0.046913477745752455,False,-0.8068112434899759,False,-0.23662512823852014,False,0.02669313895974515,False,-0.4074116854137419,False
90.23294838518952,24.360048174143817,0.19247005875109327,0.11434278273058561,False,-0.5265762747743585,False,-0.30443789040733066,False,0.15800958073044685,False,-0.6702216286687942,False
90.28294838518951,24.360048174143817,0.5421818149547619,0.39468453328055675,False,-1.1292074208287926,False,-0.4220568506876311,False,0.1709688573371679,False,-1.0757243478632526,True
90.33294838518952,24.360048174143817,0.6409252592367031,0.32636221300586654,False,-1.2341183249220133,False,-0.4749307808587249,False,0.11274872901661423,False,-1.441530260569199,True
90.38294838518952,24.360048174143817,0.66284993671187,0.15856629538517764,False,-1.0976473285611752,False,-0.38764771700369804,False,-0.02463705043561455,False,-1.619908293935507,True
90.43294838518952,24.360048174143817,0.6635555026079119,0.11835617734594694,False,-1.546111726096936,False,0.01778620306265615,False,-0.18917370734028627,False,-1.2842190484746479,False
90.48294838518952,24.360048174143817,0.6949027724889517,0.01099238065450922,False,-2.4009509587341222,True,0.3399055794540044,False,-0.25845820506093203,True,0.10206231167505495,False
90.53294838518951,24.360048174143817,0.7685655528222859,-0.3006288167009019,False,-2.58887946229238,True,0.25164591748787335,False,-0.30882892653493865,True,0.9857883878650051,False
90.58294838518952,24.360048174143817,0.8373416648352258,-0.8151872561364935,False,-2.323532942739645,True,0.24361793333193876,False,-0.5309355709562442,True,0.6079163995579312,False
90.63294838518952,24.360048174143817,0.87153549413946,-0.938292046949434,False,-1.9324378976168184,False,0.24134170788386367,False,-0.525065682565861,True,0.4563813767019924,False
90.68294838518952,24.360048174143817,0.8620015174519454,-0.5077031239742275,False,-2.0187206866414384,False,0.23545564497197422,False,-0.3336355149111311,False,0.32284644783127586,False
90.73294838518952,24.360048174143817,0.8532945490007093,-0.15400713402621835,False,-2.2749577391575753,True,0.25228879553320854,False,-0.2844603065128835,False,0.13831441056097107,False
90.78294838518951,24.360048174143817,0.8471061813111732,-0.15647463131425798,False,-2.2175204108777593,True,0.28997709040870717,False,-0.34168967694471725,False,0.2421127519632929,False
90.83294838518952,24.360048174143817,0.8247694282566695,-0.23505289014941785,False,-2.0981202662915877,True,0.25474871274055133,False,-0.10668220146733501,False,0.49006638179563716,False
90.88294838518952,24.360048174143817,0.761342978558855,-0.35824609132762325,False,-2.0292058931885153,True,0.10855937760109954,False,0.5491788327793883,False,0.5868355669658794,False
90.93294838518952,24.360048174143817,0.64158840376959,-0.6058694878714954,False,-1.7720878382775667,True,0.061905614028993056,False,0.7695684723125609,False,0.5744332663923641,False
90.98294838518952,24.360048174143817,0.5117196888628753,-0.5620091285254155,False,-0.9571414849049628,False,0.016964363146002817,False,0.5331894281259012,False,0.6144288863945802,False
91.03294838518951,24.360048174143817,0.40969957867923584,-0.03319125861296107,False,-0.09414031140179635,False,-0.047972257399796145,False,0.7210197619359933,False,0.3859659619304192,False
91.08294838518952,24.360048174143817,0.2850425303657531,-0.061905368023802025,False,-0.16836754253847852,False,0.032296551807278584,False,1.1343025357909122,False,0.05822137738026814,False
91.13294838518952,24.360048174143817,0.18481964781500007,-0.20815708517970388,False,-0.3980893893273656,False,0.08057695433999396,False,1.3245191461843413,False,-0.20874676533581843,False
91.18294838518952,24.360048174143817,0.2742182498529795,-0.38731801146237854,False,-0.42475660005118315,False,0.13553102658693456,False,0.6757263991112562,False,-0.2615304674905567,False
91.23294838518952,24.360048174143817,0.4654115330323563,-0.5942539801233305,False,-0.3008184573485397,False,0.1828073127702728,False,-0.45944594972949465,False,-0.3300056879882386,False
91.28294838518951,24.360048174143817,0.648592850100774,-0.8440302999678739,True,-0.2509671334675186,False,0.18582867014861326,False,-0.87792419381277,False,-0.4274544957392513,False
91.33294838518952,24.360048174143817,0.7671783146064969,-0.8936745359268525,True,-0.15117897039891315,False,0.24676771750496423,False,-1.0411325164103458,False,-0.21626178329216023,False
91.38294838518952,24.360048174143817,0.8013933456815825,-0.8001438296650022,False,-0.18739448206771003,False,0.2557119580714103,False,-1.1967763806364888,True,-0.2842464793132761,False
91.43294838518952,24.360048174143817,0.7884756152117428,-0.8125964183112883,False,0.004101324234044634,False,0.31476486054567127,False,-1.5275120082577665,True,-0.7286029033799258,False
91.48294838518952,24.360048174143817,0.7505304539338973,-0.6516231132353973,False,0.7980838884908219,False,0.39189539970531106,False,-2.2220602764122432,True,-1.1459973197711155,True
91.53294838518951,24.360048174143817,0.6722084175672574,-0.5961310033105074,False,0.9790433902790132,False,0.46954817264511517,False,-2.300363452499858,True,-1.1749545765954417,True
91.58294838518952,24.360048174143817,0.5671098547463815,-0.7015631387225452,False,0.784153680257385,False,0.4422747741912886,False,-1.882981916460306,True,-0.7147335402605111,False
91.63294838518952,24.360048174143817,0.47277970372121125,-0.7303645740687448,False,0.4962728247142135,False,0.28160479133207994,False,-1.9452867361355264,False,0.5258684393452218,False
91.68294838518952,24.360048174143817,0.45052491926277066,-0.5226722854684296,False,0.09905911978881095,False,0.12270845198592634,False,-2.9708462534350177,False,1.7889827467062127,True
91.73294838518952,24.360048174143817,0.5111851516800539,-0.39811450627302236,False,0.06702554526606394,False,0.1271132369895249,False,-1.8399413352311451,False,1.404517137212769,False
91.78294838518951,24.360048174143817,0.5800885735827116,-0.3492271466176953,False,0.1720520614296101,False,0.14804478567312435,False,2.485746511842447,False,0.26798969945868156,False
91.83294838518952,24.360048174143817,0.5818723718113336,-0.2570522105253037,False,-0.00623224970774075,False,0.12879633298746934,False,6.216878952057477,True,-0.7281444918149937,False
91.88294838518952,24.360048174143817,0.48682010510945106,-0.11197971728403172,False,-0.036507397875216036,False,-0.00039638895772405036,False,5.62034103993502,False,-0.9072499620002403,False
91.93294838518952,24.360048174143817,0.32388693564883053,-0.03883828368766311,False,0.23215421606052497,False,-0.15077795079899528,False,2.5540748636561466,False,-0.7862792790764686,False
91.98294838518952,24.360048174143817,0.2111957603405773,-0.04500687614635057,False,0.13531587297567893,False,-0.13491645456992524,False,2.4147670853304546,False,-0.741552711372611,False
88.58294838518952,24.310048174143816,0.6376404207336006,0.666043296439772,False,-1.3459194372639751,False,-0.5429261259232927,False,2.042004264634854,True,-0.9249087053501206,False
88.63294838518952,24.310048174143816,0.6477787858608888,0.5452972810666595,False,-1.0278866025141338,False,-0.43398882156354374,False,2.2973813513100727,True,-1.3286151079421598,False
88.68294838518952,24.310048174143816,0.6846630071989738,0.44935826400172074,False,-0.6328463420445664,False,-0.35101486445484703,False,2.2460841114179018,True,-1.7736382177705023,True
88.73294838518952,24.310048174143816,0.7119056176102995,0.27442893474921465,False,-0.2813427828440469,False,-0.267623352936576,False,2.3669121827386386,True,-1.9926166114063109,True
88.78294838518953,24.310048174143816,0.7150078816112234,-0.013173560395886963,False,0.17697967587482927,False,-0.19687941899640649,False,2.5779145444705582,True,-1.9111698442863514,True
88.83294838518952,24.310048174143816,0.6897189486882819,-0.0062937745021858504,False,0.26499303697652965,False,-0.2617476109438687,False,2.6038662373350556,True,-1.2890852710421377,False
88.88294838518952,24.310048174143816,0.6268326816155164,0.11766054145043556,False,0.09837950530550874,False,-0.33558367845860837,False,2.5429579091527934,False,-0.6614511185697258,False
88.93294838518952,24.310048174143816,0.5993999041926417,0.13214231994148623,False,-0.05923800046846067,False,-0.45661761525409156,False,1.522308640397449,False,-0.10591281696739435,False
88.98294838518952,24.310048174143816,0.6935782868470215,0.427813933693058,False,-0.35737947284637706,False,-0.6058834625777747,True,-2.1171285189833164,False,0.42625499710848214,False
89.03294838518953,24.310048174143816,0.7655137049775289,0.75330133140575,False,-0.892228530937198,False,-0.5770552178734825,False,-3.3174146154232242,False,0.4062427997755654,False
89.08294838518952,24.310048174143816,0.7853213003723036,0.9169803395531269,False,-1.8828081229867206,True,-0.3638434065563073,False,-3.3133392463797193,False,0.6210619443561026,False
89.13294838518952,24.310048174143816,0.7843470864317191,0.8001274007511952,False,-2.8169585821471568,True,-0.003126608170565995,False,-2.919510229054502,False,0.2565179288670092,False
89.18294838518952,24.310048174143816,0.7749494978446865,0.47709560337201906,False,-3.1966562168413484,True,0.06266616004645387,False,-1.4628264690862383,False,-0.33161421579256195,False
89.23294838518952,24.310048174143816,0.7847501873322373,0.4121154979202629,False,-3.459648994525695,True,0.0014705857642509645,False,0.08178074724568951,False,-0.8799096926363059,False
89.28294838518953,24.310048174143816,0.8186372256019683,0.5047207479700015,False,-3.713357995560891,True,-0.02230807633702013,False,1.2699852344217961,False,-1.2441652151636327,False
89.33294838518952,24.310048174143816,0.8277666026977114,0.7382648311711894,False,-3.689528731743771,True,-0.014168573372572726,False,0.5373284723806735,False,-1.06699995738691,True
89.38294838518952,24.310048174143816,0.7826023242231918,0.9320722749373576,False,-3.348569006332764,True,-0.04389606870045499,False,-0.2792261524466896,False,-0.5832271772467823,False
89.43294838518952,24.310048174143816,0.7159237543669591,1.1123945014669019,True,-2.2188996074154383,True,0.039494424786717525,False,-1.192291509898692,False,0.047517265000625974,False
89.48294838518952,24.310048174143816,0.6747090898204392,0.9028720758306876,True,-0.7063591378846733,False,0.14280734868256728,False,-0.9572896390420539,False,0.9497731980568086,False
89.53294838518953,24.310048174143816,0.6253488080284825,0.38321501153681353,False,-0.35592376491931016,False,0.3244158515970285,False,-0.5147098020708847,False,1.14218359401634,False
89.58294838518952,24.310048174143816,0.482103604179829,0.0947792536554931,False,-0.3300447304834922,False,0.281077150323506,False,-0.3860889088657016,False,0.5900099309524149,False
89.63294838518952,24.310048174143816,0.25990451609615633,0.09741731132606919,False,-0.5435638011979675,False,0.18721677555402205,False,-0.15484970147304225,False,0.2711732712023261,False
89.68294838518952,24.310048174143816,0.39908089686686615,0.05968387468168104,False,-0.78396757276399,False,0.21865030397168364,False,-0.005179096255331028,False,0.5997841511255185,False
89.73294838518952,24.310048174143816,0.630756049677438,0.04581440590874968,False,-0.9478749250155754,False,0.24847285977954106,False,0.053756012113910234,False,0.9061922812723486,False
89.83294838518952,24.310048174143816,0.782873415450922,-0.04256067096268219,False,-0.9135914177000976,False,0.14273801081601764,False,0.3041835422006784,False,0.4718540399134464,False
89.88294838518952,24.310048174143816,0.7700673655818306,-0.036190825555767324,False,-1.0638189846556196,False,0.03715382455341605,False,0.3070688900003992,False,0.2140309087450114,False
89.93294838518952,24.310048174143816,0.6808457262213065,-0.06798506034823618,False,-1.0086798106443204,False,-0.03821519206155456,False,0.3265430123485088,False,0.13321108853185315,False
89.98294838518952,24.310048174143816,0.6027847347012395,-0.11325659009050915,False,-0.9200501039542739,False,-0.17603054695411396,False,0.30913662172082695,False,0.10546595893994135,False
90.03294838518953,24.310048174143816,0.6398603656055964,-0.07698817648129722,False,-1.0037558667501525,False,-0.3226063648713885,False,0.1527619781297319,False,0.11883745508313835,False
90.08294838518952,24.310048174143816,0.6669600092890365,0.3229229084901331,False,-1.5320120628408547,False,-0.33891274671907484,False,-0.16857015347696572,False,0.07823961381741894,False
90.13294838518952,24.310048174143816,0.4924244600693757,0.467296288102388,False,-1.7527900049077507,False,-0.29249839864192173,False,-0.12759961516107277,False,-0.27861349922348944,False
90.18294838518952,24.310048174143816,-0.16507439735457244,0.5136556239454247,False,-1.252325685160358,False,-0.23648748347870507,False,0.04701523665162557,False,-0.3495107934346441,False
90.23294838518952,24.310048174143816,-0.18846992242646146,0.392459970304396,False,-0.456519297702225,False,-0.2554812091447973,False,0.09531146744060108,False,-0.4203733729448045,False
90.28294838518951,24.310048174143816,0.39645233337842484,0.3638832353568895,False,-0.641881839850457,False,-0.3624527988531759,False,0.09019721252760712,False,-0.7706296443807366,False
90.33294838518952,24.310048174143816,0.6118602092134222,0.08839078669482756,False,-0.6537730951907379,False,-0.37336934742971695,False,0.030620707129446645,False,-1.3724705540414783,True
90.38294838518952,24.310048174143816,0.6970854121006915,-0.03813729902540686,False,-0.7693105454664002,False,-0.22219618451588555,False,-0.0984584944321502,False,-2.295645985209277,True
90.43294838518952,24.310048174143816,0.7432849713645964,0.15199066625180302,False,-1.312802232412417,False,0.09220366067281402,False,-0.2517765381374846,False,-2.817995370187279,True
90.48294838518952,24.310048174143816,0.7812159464220948,0.16996824285686774,False,-2.296562910259517,True,0.07784611322463608,False,-0.1779173058574473,False,-0.28217479182061644,False
90.53294838518951,24.310048174143816,0.8198172839017116,0.0934659564637002,False,-2.8516408184910125,True,0.10795677156838895,False,-0.16529075002178725,False,1.2420346596777903,False
90.58294838518952,24.310048174143816,0.850257943745214,-0.4299482260694721,False,-2.46614437549636,True,0.1310427294166507,False,-0.3358986689311614,True,0.8305682543481157,False
90.63294838518952,24.310048174143816,0.8585133675824211,-0.7740714584136807,False,-2.403231493318504,True,0.1867942903702964,False,-0.5222645786796003,True,0.7036047687993243,False
90.68294838518952,24.310048174143816,0.853352120403494,-0.510544763105817,False,-2.3787259346040726,True,0.18130021125212,False,-0.4069055435189777,False,0.5287167489945301,False
90.73294838518952,24.310048174143816,0.8661346641517569,-0.31180435530101097,False,-2.1130310929038894,True,0.19016028551103092,False,-0.31791655694511045,False,0.16357944556539247,False
90.78294838518951,24.310048174143816,0.8781805721255288,-0.2899089944276644,False,-1.9035685090532202,True,0.21288776567692447,False,-0.37412615815885947,False,0.06460643912590969,False
90.83294838518952,24.310048174143816,0.8758627365069291,-0.33193934177017126,False,-1.8217734535534582,True,0.23003596469904308,False,-0.3453346197909133,False,0.1727337313274917,False
90.88294838518952,24.310048174143816,0.8312633918996761,-0.4604510392506116,False,-1.7891210220313327,True,0.1761116844654929,False,0.01299851592212925,False,0.23774213937869637,False
90.93294838518952,24.310048174143816,0.7109950927133242,-0.6300334773853533,False,-1.612078066382084,True,0.10413271932233381,False,0.31962265143389895,False,0.2988971409797327,False
90.98294838518952,24.310048174143816,0.535913187899712,-0.5800509150007793,False,-1.0044503408369874,False,0.010269122873746546,False,0.3503073690257807,False,0.34064092786505207,False
91.03294838518951,24.310048174143816,0.3831359072019115,-0.10144470954290127,False,-0.2483240382929998,False,-0.06575116687423635,False,0.6722382456595846,False,0.20936590239315073,False
91.08294838518952,24.310048174143816,0.2479479979507466,0.038128731428123785,False,-0.25600685385660243,False,0.04081561871952504,False,1.0331232392478644,False,-0.07619712511910484,False
91.13294838518952,24.310048174143816,0.2036088657738507,-0.04226983176541361,False,-0.5546091677780177,False,0.1481402933538921,False,1.1955182740335661,False,-0.37100643388756527,False
91.18294838518952,24.310048174143816,0.3316951313715523,-0.17801399880601926,False,-0.4878608869677247,False,0.27109709227545453,False,0.22765950768264576,False,-0.352769270946135,False
91.23294838518952,24.310048174143816,0.5170215647145443,-0.31931239706961906,False,-0.29659917467088537,False,0.28217239177615233,False,-0.8143354048533391,False,-0.29072014639703503,False
91.28294838518951,24.310048174143816,0.6873482313805627,-0.4777296064511798,False,-0.26394362643531427,False,0.2020653122350754,False,-1.1033485543153414,True,-0.342352258310486,False
91.33294838518952,24.310048174143816,0.7909733537006318,-0.5002895573708387,False,-0.17172889312385092,False,0.18532759588551115,False,-1.251195675491324,True,-0.1499163474811494,False
91.38294838518952,24.310048174143816,0.8171806553799813,-0.5465243826922703,False,-0.063100851525344,False,0.16565790382505555,False,-1.371294992041923,True,-0.23479070701974045,False
91.43294838518952,24.310048174143816,0.7978292086356216,-0.6707579559904463,False,0.42915273846707835,False,0.3935579871672991,False,-1.6919724152034732,True,-0.7536199092893359,False
91.48294838518952,24.310048174143816,0.7369483035308504,-0.6150922795330755,False,1.2100472325263452,True,0.607477593602113,False,-2.008001159207139,True,-1.054886887514541,True
91.53294838518951,24.310048174143816,0.6353483743436972,-0.5679363962424071,False,1.304292918182054,True,0.6741846759765997,False,-2.007629421541673,True,-1.0045105312038107,False
91.58294838518952,24.310048174143816,0.5358707422659672,-0.5944476002666661,False,1.043831891641438,True,0.5900612415835096,False,-1.7375765780000396,True,-0.744199061149315,False
91.63294838518952,24.310048174143816,0.46366263000561797,-0.5958699960800653,False,0.6698609910359767,False,0.435781600510881,False,-1.3854815294854195,False,-0.09434020183557534,False
91.68294838518952,24.310048174143816,0.46791180678115424,-0.6927331280183665,False,0.5217501210547943,False,0.31288190667912774,False,-2.472189881996492,False,1.0024952192695824,False
91.73294838518952,24.310048174143816,0.5295607557536741,-0.6082900855564026,False,0.5014791553203661,False,0.38847633764010864,False,-3.3423786901879904,False,1.4901108429099441,False
91.78294838518951,24.310048174143816,0.5801242198757429,-0.4846634666002888,False,0.559500161885204,False,0.3849005865265087,False,-0.8282275080693533,False,0.8300209481416683,False
91.83294838518952,24.310048174143816,0.5883498747836758,-0.3241779902572083,False,0.3622396470713179,False,0.20957167798577017,False,2.271618939160103,False,-0.2647067591530605,False
91.88294838518952,24.310048174143816,0.5444363960534518,-0.27438911949962297,False,0.1584082815670459,False,0.09422183481012951,False,4.245600053322205,False,-0.9434006241991849,False
91.93294838518952,24.310048174143816,0.40830763424598693,-0.19364142680442134,False,0.2727415027975678,False,-0.07735967491218924,False,2.898165855045559,False,-1.0392206432401958,False
88.78294838518953,24.26004817414381,0.583707892075855,-0.5142519399769164,False,0.6676292257430749,False,-0.03309973904522784,False,2.8697173464390313,True,-1.212945783651541,False
88.83294838518952,24.26004817414381,0.4525993751949065,-0.5110627709428249,False,0.5333752637221393,False,-0.07633716759665674,False,3.1757410694304262,True,-0.2703214279439382,False
88.88294838518952,24.26004817414381,0.3947387319090974,-0.40388788195892106,False,0.2859238343954015,False,-0.23748450586265657,False,3.3957900244139227,False,0.4442530138179241,False
88.93294838518952,24.26004817414381,0.42626241588535974,-0.31721688076133225,False,0.12954211390351206,False,-0.46494481559848394,False,3.005199974474823,False,0.8172472767931933,False
88.98294838518952,24.26004817414381,0.582643324590896,0.08310082681575684,False,-0.14106833189363407,False,-0.7373749840364707,True,0.09500178991089941,False,0.9376850748238685,False
89.03294838518953,24.26004817414381,0.7174035033004191,0.564019726483988,False,-0.5773269606800139,False,-0.7899836189054597,True,-2.0296918906430297,False,0.8660117471595312,False
89.08294838518952,24.26004817414381,0.7710997792529358,0.9725696915765778,True,-1.5947875555272515,True,-0.4755117343201565,False,-2.68652954964801,False,1.0264443754318928,False
89.13294838518952,24.26004817414381,0.7656466664163415,1.3042844973368712,True,-2.6007147830185513,True,-0.10714047240612638,False,-2.7409193240879155,False,0.7326118433230773,False
89.18294838518952,24.26004817414381,0.7441668731521726,0.6590488279115104,False,-2.910278785888053,True,-0.03756149269935613,False,-0.5060046703188184,False,-0.038893768905935655,False
89.23294838518952,24.26004817414381,0.7393524402144634,-0.242326074793638,False,-3.1430377889608865,True,-0.10249345502762658,False,2.5059982580729594,False,-0.9066481026623936,False
89.28294838518953,24.26004817414381,0.7724486113081334,-0.089644792150083,False,-3.5235965626267314,True,-0.22019565548353626,False,2.551502711654855,False,-0.8993148662530768,False
89.33294838518952,24.26004817414381,0.7932312270379479,0.1877175906569068,False,-3.4955749117230637,True,-0.27621059230927303,False,1.543290973016652,False,-0.6014330333105632,False
89.38294838518952,24.26004817414381,0.7527095027584393,0.43270482226390994,False,-3.256105224349544,True,-0.28042774629897876,False,0.4140549005300461,False,-0.18583094987429383,False
89.43294838518952,24.26004817414381,0.6613725402091211,0.6499162017799254,False,-2.7762312508641482,True,-0.08782500936975507,False,-0.9769848729793926,False,0.1487096294149147,False
89.48294838518952,24.26004817414381,0.5602931730902705,0.5297320055323959,False,-1.936532882802833,False,0.07780888454128015,False,-0.7960561491785442,False,0.3228305839762822,False
89.53294838518953,24.26004817414381,0.4558414102981681,0.22716024437725196,False,-0.860711415205265,False,0.17114238041586252,False,-0.3351673379797817,False,0.22527604889010805,False
89.58294838518952,24.26004817414381,0.28443041847151496,0.12152016188496262,False,-0.6014696326616242,False,0.18621576024710046,False,-0.19958214750640033,False,0.0985299495499941,False
89.63294838518952,24.26004817414381,0.3309130405059708,0.12530230564147574,False,-0.7564675232107085,False,0.1851578007655058,False,-0.10594511681499347,False,0.24849723250589698,False
89.68294838518952,24.26004817414381,0.45263707326736485,0.10802529499412346,False,-0.8252092523161974,False,0.19163421859109517,False,-0.05816443729496666,False,0.4830608146600651,False
89.73294838518952,24.26004817414381,0.5821958812002286,0.07776062558952537,False,-0.8100547364997842,False,0.1636243374230288,False,0.04910696294243605,False,0.5444031970083327,False
89.83294838518952,24.26004817414381,0.7914134004466914,-0.013266088383926282,False,-0.7608496274840546,False,0.09062630759620192,False,0.31714451889049555,False,0.3343369091485836,False
89.88294838518952,24.26004817414381,0.8132786428233731,-0.06200755711134784,False,-0.788953856103086,False,0.0680738699634483,False,0.4305785683399253,False,0.1673475241130003,False
89.93294838518952,24.26004817414381,0.7802356933642577,-0.14445285994878718,False,-0.7701899591142547,False,0.03356637455123925,False,0.4200359135455187,False,0.09558990074851795,False
89.98294838518952,24.26004817414381,0.6859909858675611,-0.13314803974797926,False,-0.9252836022596742,False,-0.1187238217126706,False,0.3369668241977972,False,0.10449605626574836,False
90.03294838518953,24.26004817414381,0.6635579726112415,0.22667328667301245,False,-1.5057460747917224,False,-0.2591662761108137,False,0.28096190080009237,False,0.1805465820133755,False
90.08294838518952,24.26004817414381,0.6738679702303635,0.8352601012885477,False,-2.0621380485654788,False,-0.20296450316983353,False,0.34254605166981145,False,0.05732099477654033,False
90.13294838518952,24.26004817414381,0.6008586232702429,1.0991319881638235,True,-2.1441245191914327,False,-0.16122101995756144,False,0.46379832532024584,False,-0.043160969041838165,False
90.18294838518952,24.26004817414381,0.41888001555958504,0.8566778106032875,False,-1.8851605700324545,False,-0.0015168411635641532,False,0.44095636584797837,True,0.25447981863572383,False
90.23294838518952,24.26004817414381,0.35171366740621807,0.3472758752610674,False,-0.9430806064854471,False,0.011419222568306256,False,0.30688240777271947,True,0.0875635644626807,False
90.28294838518951,24.26004817414381,0.4482269427010104,-0.08829333674675231,False,-0.27329917049154256,False,-0.08140241476085652,False,0.18538088155863108,False,-0.32665153276342235,False
90.33294838518952,24.26004817414381,0.5577850975104409,-0.29255682822064566,False,-0.16946437796102257,False,-0.19449090127408158,False,0.10168829290741953,False,-0.8335179982817147,False
90.38294838518952,24.26004817414381,0.6626156586234752,-0.24420329808418786,False,-0.49409804188004525,False,-0.19865117868319315,False,-0.011678926055498102,False,-1.6708398649561318,True
90.43294838518952,24.26004817414381,0.7506798363670949,0.15683971374854244,False,-1.2282927028214785,False,-0.15335061513274512,False,-0.12138229089827733,False,-2.175289137388483,True
90.48294838518952,24.26004817414381,0.8035311929866932,0.2760723263078729,False,-2.0984753889717735,True,-0.20299621593243702,False,-0.08641011490885062,False,-0.406264013835953,False
90.53294838518951,24.26004817414381,0.8166399249772179,0.2941961048778444,False,-2.872788402118958,True,-0.026033709169465583,False,-0.08314727884241473,False,0.9106630245347398,False
90.58294838518952,24.26004817414381,0.8098385787494495,-0.23070084470245855,False,-2.344277808835211,True,0.0802553957910096,False,-0.21477682602508405,False,0.7485751180284956,False
90.63294838518952,24.26004817414381,0.8024822603964377,-0.844560966281233,True,-2.0661156227850945,True,0.1953104404754746,False,-0.46893769525821044,True,0.7032257903203267,False
90.68294838518952,24.26004817414381,0.8039656847094074,-0.705200890383674,False,-2.0569648182635865,True,0.1906090868322493,False,-0.42023398874081525,False,0.5849426650057497,False
90.73294838518952,24.26004817414381,0.8325144571159457,-0.47197157219963326,False,-1.8374289766996958,True,0.16886052793078468,False,-0.29113918941903466,False,0.16753248371392357,False
90.78294838518951,24.26004817414381,0.8762828985656959,-0.41725072339645486,False,-1.7355127943885855,True,0.18565576027144828,False,-0.303080453576451,False,-0.06712688038908898,False
90.83294838518952,24.26004817414381,0.8873769828284275,-0.39785142806615226,False,-1.6858542968615038,True,0.206307704036537,False,-0.38597274692266875,False,-0.13030480254292698,False
90.88294838518952,24.26004817414381,0.8549560708517953,-0.4022124413825232,False,-1.4311988387487609,False,0.17666289749420025,False,-0.5225636646176979,False,-0.2707073209764189,False
90.93294838518952,24.26004817414381,0.7694372575967521,-0.5582853475621685,False,-1.22089576482785,False,0.15649131267631344,False,-0.47426722830173657,False,-0.1289070130274773,False
90.98294838518952,24.26004817414381,0.6008776805862667,-0.7072888145572873,False,-0.8608939542060641,False,0.11308954395426206,False,-0.4264601879121114,False,0.08142966124602613,False
91.03294838518951,24.26004817414381,0.34343732632631074,-0.3294185877480097,False,-0.2787143791485984,False,0.02767292454484436,False,-0.046143915568755994,False,0.1088502020249093,False
91.08294838518952,24.26004817414381,0.20102887246748438,0.06766621368943193,False,-0.18359498825104761,False,0.023173452962234553,False,0.4979335463463272,False,-0.10366236882433608,False
91.13294838518952,24.26004817414381,0.2694261193607494,0.005165779391294348,False,-0.501720968526041,False,0.12756972568284033,False,0.6297940807690541,False,-0.37786453711117357,False
91.18294838518952,24.26004817414381,0.4258570382985641,-0.2609010374650109,False,-0.5436576221445479,False,0.25432406933377183,False,0.06500345600899454,False,-0.30417714492014647,False
91.23294838518952,24.26004817414381,0.5696776183935491,-0.3286768170442396,False,-0.33607753783901273,False,0.28617894543038563,False,-0.7974560485019078,False,-0.19995956847836263,False
91.28294838518951,24.26004817414381,0.6679723384031626,-0.2046696739659036,False,-0.20788938231808848,False,0.17465558545932705,False,-1.1782227931775129,True,-0.205695377736824,False
91.33294838518952,24.26004817414381,0.7288412865700852,-0.05191955011681161,False,-0.0518459874234317,False,0.10556728057568093,False,-1.309532929086409,True,-0.009188520302451098,False
91.38294838518952,24.26004817414381,0.7586287094434714,-0.15963768956511382,False,0.29604641320800956,False,0.19403124963248813,False,-1.2579727677345978,True,-0.006878934734343511,False
91.43294838518952,24.26004817414381,0.7592578816958253,-0.5723227878255318,False,1.0441403348536613,True,0.4563086721605735,False,-1.140332531993335,True,-0.3691057893573886,False
91.48294838518952,24.26004817414381,0.7078174551278348,-0.7287068212105243,False,1.5957598503205,True,0.46190767049617404,False,-1.026386213834582,False,-0.4575063171758612,False
91.53294838518951,24.26004817414381,0.6102899717255701,-0.5559877194487166,False,1.4431801990029567,True,0.45242951429867256,False,-0.9835333453485229,False,-0.4398262993194307,False
91.58294838518952,24.26004817414381,0.5157051616527344,-0.4109818823403572,False,1.015865217914889,True,0.46167227709599,False,-0.9122470649896057,False,-0.4646712721715698,False
91.63294838518952,24.26004817414381,0.46283139284532576,-0.4037882111567407,False,0.6679880677050307,False,0.400974836894132,False,-0.739023042049413,False,-0.3929545093235192,False
91.68294838518952,24.26004817414381,0.4634586444276154,-0.5670626158993025,False,0.6313006291644687,False,0.3949461809981486,False,-1.5301140446273926,False,0.0031669252278159477,False
91.73294838518952,24.26004817414381,0.5131867942393091,-0.5758962162408416,False,0.6916267466089271,False,0.38229333837460067,False,-2.3917145982830514,False,0.6755135532153875,False
91.78294838518951,24.26004817414381,0.5426090381626832,-0.48249807238610387,False,0.6802508752203537,False,0.3526171226751186,False,-1.7434441450599851,False,0.6568992603728245,False
91.83294838518952,24.26004817414381,0.5537728017598206,-0.3862698877245322,False,0.5194683896721045,False,0.2566374801079333,False,0.5924498705219284,False,-0.08221604971930531,False
91.88294838518952,24.26004817414381,0.5431751899856294,-0.3132512548316103,False,0.3441908644511406,False,0.12995885308045346,False,2.35734469937864,False,-0.7074723541746135,False
91.93294838518952,24.26004817414381,0.4679382574067208,-0.2807874406373957,False,0.2836544137738038,False,0.012722731293693924,False,2.8999329971561605,False,-1.0652192058064396,False
88.78294838518953,24.21004817414381,0.5058816499780788,-0.3193848390934252,False,0.42220590046998097,False,0.19909992805793902,False,2.2448446868733654,True,-0.8481261903158874,False
88.83294838518952,24.21004817414381,0.40455561778869653,-0.285624757624839,False,0.236744481821278,False,0.31589821762012954,False,2.4542179504723376,False,-0.018736248964737134,False
88.88294838518952,24.21004817414381,0.36971399766534957,-0.2513985348583584,False,0.03507196718419861,False,0.2613759268518049,False,2.732694746961055,False,0.6472124294514343,False
88.93294838518952,24.21004817414381,0.38115624938264775,-0.27488125667328744,False,-0.03709940179488522,False,-0.006183261243612306,False,3.233082986612585,False,0.9336663393535435,False
88.98294838518952,24.21004817414381,0.45598710573293966,-0.13783600950922892,False,-0.22273412121021338,False,-0.368057925970258,False,2.2965786539032984,False,1.0394090180792077,False
89.03294838518953,24.21004817414381,0.6167229642534309,0.30628070277274216,False,-0.6984026778567796,False,-0.542923244758574,False,-0.3506020976023911,False,1.0584449552045885,False
89.08294838518952,24.21004817414381,0.7178912220984304,0.8471403561235575,True,-1.7576713535193853,True,-0.3631023766803453,False,-1.8299206815369011,False,1.0786292084487288,False
89.13294838518952,24.21004817414381,0.7302144405993907,1.1126020982672975,True,-2.7180020517462586,True,-0.13828991096802692,False,-1.699093940934802,False,0.7274066465514194,False
89.18294838518952,24.21004817414381,0.7141032900488342,0.2881204682628793,False,-2.6550382113038853,True,-0.14232130236433424,False,1.118381917910326,False,-0.1290614605242188,False
89.23294838518952,24.21004817414381,0.699092680111432,-0.9999656650322929,False,-2.4224575224411105,True,-0.12620369299043183,False,4.914717634111925,True,-1.1277542758574608,False
89.28294838518953,24.21004817414381,0.7059870481373601,-0.8590995022860604,False,-2.501213198281731,True,-0.24800004138342824,False,4.712978661460243,False,-1.0145069312926456,False
89.33294838518952,24.21004817414381,0.7098572666729585,-0.4208762062992353,False,-2.291134459223868,True,-0.3559024120535099,False,3.407918942078589,False,-0.6319944829604075,False
89.38294838518952,24.21004817414381,0.6642294727345857,-0.06115829528720931,False,-1.9434663970270214,False,-0.35195986197338336,False,1.3370257086720316,False,-0.24016415103722427,False
89.43294838518952,24.21004817414381,0.5482807582335794,0.18552230850424006,False,-1.852968115359291,False,-0.18379102123354693,False,-0.4669987795053448,False,0.02510696150136721,False
89.48294838518952,24.21004817414381,0.4122454437217617,0.24117217980256356,False,-1.6349439927321763,False,-0.010548802729209716,False,-0.7651804513292231,False,0.09350886461559058,False
89.53294838518953,24.21004817414381,0.30494883069347806,0.12467557623269132,False,-0.7063758152757484,False,0.0963407875282977,False,-0.3996419800983322,False,-0.05511621754255346,False
89.58294838518952,24.21004817414381,0.29780569800212764,0.16626814425472716,False,-0.7503840447669077,False,0.15588107498296383,False,-0.11190358227119285,False,-0.021556061936005004,False
89.63294838518952,24.21004817414381,0.4429312100951282,0.18844774493321748,False,-0.8864054167917863,False,0.15620031796640588,False,-0.0663733602132165,False,0.14545276208377758,False
89.68294838518952,24.21004817414381,0.5034415793272835,0.13743091331711055,False,-0.8508031903022601,False,0.17232234293569806,False,-0.1358627785376879,False,0.40704943085247886,False
89.78294838518953,24.21004817414381,0.6400276676785205,0.11660097172358014,False,-0.776697615712952,False,0.008597302794268895,False,0.1937719914300329,False,0.31628375044813073,False
89.83294838518952,24.21004817414381,0.7528927465662325,0.1069407725232816,False,-0.7893039231983493,False,-0.040460498998284904,False,0.3740722175925216,False,0.22650286309880802,False
89.88294838518952,24.21004817414381,0.812492190164493,0.045709122087254014,False,-0.7368313937380593,False,-0.029417996740743007,False,0.483674506151052,False,0.13900285290222292,False
89.93294838518952,24.21004817414381,0.8114796612440615,-0.08690946083069126,False,-0.6460753117975757,False,-0.030158406857890088,False,0.3895529350017125,False,0.1315304062052173,False
89.98294838518952,24.21004817414381,0.7252409767515324,-0.08689234390074363,False,-0.7874282567933795,False,-0.0981088902458222,False,0.41006108758592463,False,0.09618863264665152,False
90.03294838518953,24.21004817414381,0.6658026453540615,0.532625074563478,False,-1.8065305572111372,False,-0.1083479302495647,False,0.7289312436127295,False,0.23498723846048333,False
90.08294838518952,24.21004817414381,0.6732760836639763,1.3221304681593256,True,-2.7627628606222023,False,-0.0017084291010570213,False,0.9864234128031111,True,0.27945052241621443,False
90.13294838518952,24.21004817414381,0.6935394408100551,1.5869151483839583,True,-2.7814513806978116,True,0.08407063765455725,False,1.0067893376379717,True,0.4505649583953152,False
90.18294838518952,24.21004817414381,0.7121355739751791,1.0591499066858168,True,-2.4100488484533154,False,0.2791350074665452,False,0.8620715194013933,True,1.362720214671809,True
90.23294838518952,24.21004817414381,0.7094393555108899,0.38498305945692257,False,-1.6278282841019498,False,0.38225016172190324,False,0.613813452419557,True,1.3085501259560546,True
90.28294838518951,24.21004817414381,0.6860367831505979,-0.43808560440045613,False,-0.17889469354973886,False,0.4112785896632941,False,0.36643134117862153,True,0.7083173117796788,False
90.33294838518952,24.21004817414381,0.6369564759507081,-0.6535394688428797,False,0.12220082554702594,False,0.1759333004649163,False,0.2801068461849333,False,0.44404500404462843,False
90.38294838518952,24.21004817414381,0.6034510792306319,-0.6182795343620587,False,-0.0009247490625047816,False,-0.16916360799884644,False,0.2122345926371801,False,0.33117766596864157,False
90.43294838518952,24.21004817414381,0.634371306387135,-0.36973285980336973,False,-0.49930018572934104,False,-0.2392589234244027,False,0.045065585149785634,False,0.012095786280677423,False
90.48294838518952,24.21004817414381,0.6961676938535623,0.046459140543356675,False,-1.395074881263306,False,-0.05060682462099928,False,-0.11851334518640369,False,0.21392645867736088,False
90.53294838518951,24.21004817414381,0.7259285045566167,0.13522159217857543,False,-2.105668291991088,True,0.11195628412914639,False,-0.15892686556681135,False,0.888388200165633,False
90.58294838518952,24.21004817414381,0.7160322500362191,-0.27314356429874265,False,-1.7099492587036664,True,0.1868821261266805,False,-0.26048094556971374,True,0.9566197349467298,False
90.63294838518952,24.21004817414381,0.6934393699385635,-0.8975551433638025,True,-1.6474077190555292,True,0.3065208794312414,False,-0.48635426470513465,True,0.9706018564144554,False
90.68294838518952,24.21004817414381,0.6668483071635228,-0.8245435060641351,True,-1.6120275389757155,True,0.33559101906630595,False,-0.4724117836248274,True,0.879251993086775,False
90.73294838518952,24.21004817414381,0.6808863966860167,-0.5754559577778978,False,-1.3103947957276523,True,0.3087401063156263,False,-0.3344898670749586,False,0.39950327002032004,False
90.78294838518951,24.21004817414381,0.8008608423456707,-0.48044453420054445,False,-1.2490326508519287,False,0.2866382304335666,False,-0.3505437487137695,False,0.19320699377341885,False
90.83294838518952,24.21004817414381,0.8542679798130745,-0.4168083465387996,False,-1.3190008921789902,False,0.26776197879338537,False,-0.49349245602787895,False,0.1816444633889287,False
90.88294838518952,24.21004817414381,0.8389358539371333,-0.4139585015115105,False,-1.25113370396675,False,0.2323794184117946,False,-0.6684850893052596,False,-0.15049262875058805,False
90.93294838518952,24.21004817414381,0.7739852870440975,-0.5066904773890522,False,-1.3271716191229828,False,0.2638056855740336,False,-0.5446839422587253,False,-0.25637619788611765,False
90.98294838518952,24.21004817414381,0.6289348378408772,-0.5170927116000346,False,-1.1927904453364724,False,0.2793475208156706,False,-0.33491409119099935,False,-0.21837372468473504,False
91.03294838518951,24.21004817414381,0.34788433162830107,-0.3979420826426465,False,-0.6907292792086966,False,0.18014880752001078,False,-0.2098235206306411,False,-0.20465814993562909,False
91.08294838518952,24.21004817414381,0.18952169293842352,-0.28889789870657967,False,-0.47505073741309517,False,0.0792167338877787,False,-0.04071232568779355,False,-0.14945607157926866,False
91.13294838518952,24.21004817414381,0.32643510608369897,-0.44024534544569516,False,-0.635825014562542,False,0.11302919735013225,False,-0.005935967761201741,False,-0.154789642817839,False
91.18294838518952,24.21004817414381,0.4758424321703971,-0.6109006052200536,False,-0.7333878408269359,True,0.23378278281504494,False,-0.1134985862330028,False,-0.12511284159802316,False
91.23294838518952,24.21004817414381,0.5836612278143208,-0.6040549211629942,False,-0.4909984677581101,False,0.2785475441422093,False,-0.5793778783631376,False,0.0475140816566392,False
91.28294838518951,24.21004817414381,0.6281929283663178,-0.19738928755945406,False,-0.02188261163184413,False,0.21779158087597017,False,-1.0863991520901888,True,-0.14772930109982862,False
91.33294838518952,24.21004817414381,0.6458335252991037,0.03734973457037241,False,0.36663999834984534,False,0.21832439741990484,False,-1.023297955074956,True,-0.2570495424184665,False
91.38294838518952,24.21004817414381,0.6550951954624277,-0.08194667357011393,False,0.7969575977864163,True,0.2432733267919942,False,-0.5687987181158891,False,0.3772609877348697,False
91.43294838518952,24.21004817414381,0.6885904729620597,-0.4654494003093628,False,1.204889869773059,True,0.30565120922818245,False,-0.24851392004772566,False,0.2779906227076364,False
91.48294838518952,24.21004817414381,0.6829103224239182,-0.7635623705865113,False,1.5410442686540136,True,0.27705650797661235,False,-0.2116613893809362,False,0.024842835462284968,False
91.53294838518951,24.21004817414381,0.6155452706440365,-0.6022321569256619,False,1.438702330440637,True,0.16783919517468449,False,-0.21796952190337676,False,-0.0060848925824473574,False
91.58294838518952,24.21004817414381,0.5482325222340969,-0.3913858298744453,False,1.0768937353400414,True,0.19918926036864534,False,-0.41299708194713053,False,-0.13993797789618032,False
91.63294838518952,24.21004817414381,0.4943201652083794,-0.3650521765085044,False,0.7837052388236732,False,0.1989769856286624,False,-0.29781587008274135,False,-0.2290085943961401,False
91.68294838518952,24.21004817414381,0.4705307267608824,-0.4491539075470773,False,0.658308413659316,False,0.22523882866379624,False,-0.4121706574805706,False,-0.29369076949324324,False
91.73294838518952,24.21004817414381,0.48598607567693164,-0.5135973010252076,False,0.7092793647398077,False,0.22375538208093543,False,-0.8470506130215555,False,-0.06962253415817683,False
91.83294838518952,24.21004817414381,0.5041811642918744,-0.3935469821134497,False,0.6041855897189377,False,0.21179459780540602,False,-0.1473360875897397,False,-0.11716273553341787,False
91.88294838518952,24.21004817414381,0.5130531519045415,-0.32835370088122556,False,0.45745985868967876,False,0.13367289241052266,False,1.2395315125869357,False,-0.563325197647696,False
88.73294838518952,24.16004817414381,0.5485578607870405,-0.16393673273040682,False,0.27333685516318545,False,0.3981413459842188,False,1.4968559463976252,False,-0.7691637436384527,False
88.78294838518953,24.16004817414381,0.538096650054585,-0.10315611947159475,False,0.17963390037754434,False,0.4649560469028573,False,1.016028473237491,False,-0.5306590166132431,False
88.83294838518952,24.16004817414381,0.5124897294128639,-0.04050730890347358,False,0.04982778643843626,False,0.5299313168959252,False,0.6441599847287286,False,-0.18094888283744015,False
88.88294838518952,24.16004817414381,0.4654228722715027,-0.05107487567154749,False,-0.07536580576783623,False,0.4676618488924214,False,1.518473137111739,False,0.2985023120399455,False
88.93294838518952,24.16004817414381,0.4393028176487206,-0.10715605023528287,False,-0.23733335558824797,False,0.21597284884353113,False,3.169778080075219,False,0.8103193868312464,False
88.98294838518952,24.16004817414381,0.4408330698744123,-0.013131838148014774,False,-0.6180470165218075,False,-0.006971493257958927,False,3.118286609895355,False,1.217270101799855,False
89.03294838518953,24.16004817414381,0.5457581191885681,0.37302696053657936,False,-1.2697180087943827,True,-0.14792322300134236,False,0.8330025115423745,False,1.1737015529120869,False
89.08294838518952,24.16004817414381,0.6356190930502692,0.8320235603530929,False,-2.0132602104139425,True,-0.15490621126046586,False,-1.1909448527786695,False,0.7050572076388479,False
89.13294838518952,24.16004817414381,0.6482848647101006,0.8363741609436145,False,-2.416962368631627,True,-0.07598067228594327,False,-0.8436386069177944,False,0.18549109932460367,False
89.18294838518952,24.16004817414381,0.6340227634825949,-0.062364865647107304,False,-1.9033559593756137,True,-0.06561158899895322,False,2.028325144678902,False,-0.5828343513796568,False
89.23294838518952,24.16004817414381,0.6211601399515033,-1.1565090802703737,False,-1.4194268266587469,True,0.0200568877097698,False,5.299298965672512,True,-1.2558508215939557,False
89.28294838518953,24.16004817414381,0.619507740482817,-1.027486155565602,False,-1.256443230197971,False,-0.05867134560922481,False,5.3491870688049215,True,-1.224097565360559,False
89.33294838518952,24.16004817414381,0.6156923921589302,-0.6314846290614518,False,-1.2913495733054994,False,-0.17119663446544617,False,4.339880006830791,True,-0.8905451707582673,False
89.38294838518952,24.16004817414381,0.5756374907075196,-0.4238067320749016,False,-1.2169708738697649,False,-0.1503870807778449,False,2.7558113242319244,False,-0.5444099788000738,False
89.43294838518952,24.16004817414381,0.495843292104098,-0.20216266184935758,False,-1.1924558179889035,False,-0.03504000294379965,False,0.9936284407605214,False,-0.24443367941581015,False
89.48294838518952,24.16004817414381,0.39019648535313817,-0.05710570761974928,False,-1.0357753694347407,False,0.11283216335306291,False,0.36224664732294654,False,-0.13929987593949208,False
89.53294838518953,24.16004817414381,0.2893463691358608,0.06262393019295479,False,-0.597952579542007,False,0.1744962959568791,False,-0.007874658985809274,False,-0.13233255229083146,False
89.58294838518952,24.16004817414381,0.3723799324044875,0.11370390765013347,False,-0.7561643244057535,False,0.1698694160870332,False,0.14526038640881653,False,-0.055144718079985985,False
89.63294838518952,24.16004817414381,0.4679772041537501,0.15462533065458067,False,-0.8818354868360277,False,0.13173001220595962,False,0.10903793549012966,False,0.05273583367035972,False
89.68294838518952,24.16004817414381,0.4846439175037088,0.1861192923528145,False,-0.9500851646637589,False,0.11671085813056092,False,-0.025896390441876638,False,0.25097355775665003,False
89.73294838518952,24.16004817414381,0.4828746839861469,0.14646379967357107,False,-0.8479902572419211,False,0.05474318801040225,False,-0.09057664533237543,False,0.21560852861534424,False
89.78294838518953,24.16004817414381,0.5463225681694072,0.16610304000532972,False,-0.7309130385329834,False,-0.07176176041726527,False,0.13294655842244962,False,0.26000124658202556,False
89.83294838518952,24.16004817414381,0.6649367102711881,0.16212229371379167,False,-0.5491677522155167,False,-0.13579536605046158,False,0.2237697775309032,False,0.4679061828930069,False
89.88294838518952,24.16004817414381,0.767350933601724,0.04561435956212109,False,-0.38520826264919844,False,-0.09209098653190052,False,0.14087968227035363,False,0.5165716206851214,False
89.93294838518952,24.16004817414381,0.8023558070340604,-0.07196192231720283,False,-0.31108116584136686,False,-0.07880776404337383,False,0.25510337733649474,False,0.3390129091551839,False
89.98294838518952,24.16004817414381,0.7480563202315187,-0.19223584605222838,False,-0.3147339359150667,False,-0.08424073161673329,False,0.3817168075870445,False,0.10991437142208091,False
90.03294838518953,24.16004817414381,0.6770070038385742,0.5587899075788598,False,-1.2531326353735623,False,-0.09675540144644151,False,0.8259782027006958,True,0.3640474814182678,False
90.08294838518952,24.16004817414381,0.6751012179934233,1.250757859499604,True,-2.4391418478660674,False,-0.050753321247481484,False,1.1356172672168068,True,0.46889117748742154,False
90.13294838518952,24.16004817414381,0.7310758674381359,1.5673366258149324,True,-2.986693279921243,True,0.0952499241144876,False,1.097643960138347,True,0.26940160937256313,False
90.18294838518952,24.16004817414381,0.7519213717459958,1.0366140232726129,True,-2.7986849242582115,True,0.3014957097947649,False,0.912274123118201,True,1.3233886235268146,True
90.23294838518952,24.16004817414381,0.7475359676059633,0.5010724238249936,False,-2.566896710696711,True,0.5298156635180824,False,0.7582433295547755,True,2.0160546123565863,True
90.28294838518951,24.16004817414381,0.728260367083742,-0.10391786031834882,False,-1.5064515770264566,False,0.6775561080999439,False,0.5667504967393964,True,1.7730451221235013,True
90.33294838518952,24.16004817414381,0.6890700135168701,-0.43736935670679944,False,-0.7978317739161571,False,0.5434878087255401,False,0.45140649029891333,True,1.5028392726866024,True
90.38294838518952,24.16004817414381,0.6322516690493017,-0.6127590274350863,False,-0.20466087714146583,False,0.2016981038187484,False,0.31740145878945286,True,1.3693104140999484,True
90.43294838518952,24.16004817414381,0.5646580681756697,-0.4887693313663124,False,0.20095172117037638,False,0.007212801934385282,False,0.010684484168241637,False,1.5256031885625791,True
90.48294838518952,24.16004817414381,0.5386118516500041,-0.10115425271275774,False,-0.28479075894649386,False,0.1677554966593095,False,-0.2560666999744152,False,1.669207532222714,False
90.53294838518951,24.16004817414381,0.5800085081792364,-0.06145676940380514,False,-0.8910017780693318,False,0.2475995190620996,False,-0.30579237679479465,True,1.6299247739886489,False
90.58294838518952,24.16004817414381,0.5845851604682736,-0.3040646283375399,False,-0.9164631694346461,False,0.2786003773978361,False,-0.35500074030999074,True,1.4576570136583524,False
90.63294838518952,24.16004817414381,0.5345707654140726,-0.8217610277240369,False,-1.1108638468408865,True,0.38350073263911066,False,-0.5039316910892035,True,1.2660255720114089,False
90.68294838518952,24.16004817414381,0.4616525459759894,-0.7253166191716505,False,-0.9033823898021931,False,0.4114669491854131,False,-0.4543079892490238,False,1.0959947930779301,False
90.73294838518952,24.16004817414381,0.44884737855952495,-0.5775591549852246,False,-0.650150258893235,False,0.35975929201258655,False,-0.33085979273392224,False,0.7833768633759001,False
90.78294838518951,24.16004817414381,0.6050151828287171,-0.5558594927888729,False,-0.5191429591977266,False,0.3735053023433696,False,-0.4176521534694646,False,0.7776118656399518,False
90.83294838518952,24.16004817414381,0.7421814647533119,-0.6548633629018006,False,-0.4880066964508278,False,0.40615667101599073,False,-0.5644612226594486,False,0.6230389564190186,False
90.88294838518952,24.16004817414381,0.7822690602499155,-0.7278228324027232,False,-0.7135647515768758,False,0.39612764031782,False,-0.5969706498048016,True,0.07182508555363315,False
90.93294838518952,24.16004817414381,0.755309986200477,-0.6301833673204913,False,-1.0567000108787163,False,0.39932227143628146,False,-0.43696622552716735,False,-0.294255114067612,False
90.98294838518952,24.16004817414381,0.6570805184752871,-0.4277802413528482,False,-0.9754194247960989,False,0.4342666080167996,False,-0.27134966237878666,False,-0.4340549617760435,False
91.03294838518951,24.16004817414381,0.44242787551788076,-0.24046706441885107,False,-0.6661695825134865,False,0.3423147084502104,False,-0.1691034112438394,False,-0.46353224007258986,False
91.08294838518952,24.16004817414381,0.24015370191264931,-0.21175965921731527,False,-0.6335063939905162,False,0.12401181084237056,False,-0.060913931991567395,False,-0.44571872000956053,False
91.13294838518952,24.16004817414381,0.32921570638876485,-0.4744698563339766,False,-0.7999306362733393,False,0.08294242632435211,False,-0.056362166792136244,False,-0.32332494918765153,False
91.18294838518952,24.16004817414381,0.46522314558687156,-0.7234976670451121,True,-0.9118822462786014,True,0.18042721699800354,False,-0.12811755567075306,False,-0.15423030052803519,False
91.23294838518952,24.16004817414381,0.5789959715153883,-0.7708749920565633,True,-0.5043502701286576,False,0.2300680224159741,False,-0.3349559753585237,False,0.19929408307323243,False
91.28294838518951,24.16004817414381,0.6394091703039012,-0.47338131579529397,False,0.38050995443721725,False,0.35050544996674765,False,-0.3909360917279666,False,-0.5210608678648405,False
91.33294838518952,24.16004817414381,0.6390340800599628,-0.29803699916282805,False,0.7065163306353014,True,0.38823792202783736,False,-0.1828354982798072,False,-0.8073355592697876,False
91.38294838518952,24.16004817414381,0.6204062455870931,-0.1719401047105435,False,0.9234484946291572,True,0.3041335502770766,False,-0.08472533967419155,False,0.45833177812460113,False
91.43294838518952,24.16004817414381,0.642050126140236,-0.2508804420214778,False,1.1002519069978693,True,0.22194220768034364,False,-0.0074312288031109786,False,0.6067039781065943,False
91.48294838518952,24.16004817414381,0.6580943203923187,-0.4676856196654834,False,1.305910182168054,True,0.22188427561458735,False,-0.10767699484446051,False,0.2482278047314343,False
91.53294838518951,24.16004817414381,0.6172016789168543,-0.5079889348931372,False,1.3268273964429982,True,0.08050164188144684,False,-0.12191149754226582,False,0.13659474682962383,False
91.58294838518952,24.16004817414381,0.5558325802640908,-0.4208996086496161,False,1.147101107804861,True,0.021614713435660786,False,-0.18388094276100173,False,0.0563240278771146,False
91.63294838518952,24.16004817414381,0.4972800839953069,-0.3751617682295294,False,0.9247855745322582,False,0.01490854400951535,False,-0.1321480420240981,False,-0.04695605790146312,False
91.73294838518952,24.16004817414381,0.4581396343052662,-0.4667897075727913,False,0.713088430246348,False,0.12696616198205962,False,-0.38707128875772245,False,-0.25807027141906064,False
91.88294838518952,24.16004817414381,0.44877896672854534,-0.3452768162056916,False,0.5170440817776654,False,0.12713961819721187,False,0.670715160692256,False,-0.5084554533120211,False
88.73294838518952,24.110048174143813,0.6083798291589338,0.03906286523455421,False,0.020597436076563447,False,0.5954597622104427,False,-0.2720404700490633,False,-0.5152238042619771,False
88.78294838518953,24.110048174143813,0.6083307671322566,0.03183786426693663,False,0.03788686814347497,False,0.5673290615283575,False,-0.6228786699940452,False,-0.585998146791877,False
88.83294838518952,24.110048174143813,0.6014985449616346,0.020370878324032907,False,0.05460379976417165,False,0.5197597572569306,False,-0.48198933320324233,False,-0.6492021873548067,False
88.88294838518952,24.110048174143813,0.5785042842560797,-0.005461353955187165,False,0.05010992062841102,False,0.3992547124506951,False,0.6158809898888233,False,-0.5805676738148202,False
88.93294838518952,24.110048174143813,0.5068767539833056,0.027468029497648244,False,-0.3000550285969436,False,0.22982638005233003,False,2.4581458008975843,False,0.25621097448568786,False
88.98294838518952,24.110048174143813,0.4206105402018968,0.13565041785502818,False,-0.895969711418611,False,0.09673874552396713,False,3.253733992215727,False,1.1484545907764239,False
89.03294838518953,24.110048174143813,0.4799197528982231,0.35710470328872435,False,-1.413579937233649,True,0.017457058737642833,False,1.7281671751754,False,1.0396906261671812,False
89.08294838518952,24.110048174143813,0.5474362744285034,0.603655956190756,False,-1.568861014363659,True,-0.06552962537817986,False,-0.8749415240770978,False,0.07313950075675779,False
89.13294838518952,24.110048174143813,0.5512097361916966,0.47422586056081045,False,-1.5423036013217466,True,0.06812390664365454,False,-0.6087322444397183,False,-0.4019601277065752,False
89.18294838518952,24.110048174143813,0.5316580643103221,-0.1226124378678201,False,-1.023862543419927,False,0.22069373622496222,False,1.359752372892763,False,-0.7719748994694773,False
89.23294838518952,24.110048174143813,0.5168398308001078,-0.5552242964992853,False,-0.6814749686077326,False,0.28882929794536283,False,3.0265232785485865,False,-0.937012016667544,False
89.28294838518953,24.110048174143813,0.518728200754715,-0.4511093913020198,False,-0.6855282608480868,False,0.1964524096749457,False,3.5226049052966086,False,-1.0101174642094144,False
89.33294838518952,24.110048174143813,0.5227261260428797,-0.3198269874749077,False,-0.8859304613785511,False,0.1150069966293696,False,3.364976119369403,False,-0.7471822869426626,False
89.38294838518952,24.110048174143813,0.509347517012584,-0.3348481906675855,False,-0.8559615313945419,False,0.23913036669758095,False,2.463547623141837,False,-0.5131650212024957,False
89.43294838518952,24.110048174143813,0.4729100375338893,-0.24157825578656944,False,-0.8603624648833263,False,0.2883749950072607,False,1.227257665565293,False,-0.30272543290440557,False
89.48294838518952,24.110048174143813,0.39004267524318137,-0.048650031114839204,False,-0.8204884658997056,False,0.2713957468926277,False,0.7083774303194944,False,-0.19006658500711962,False
89.53294838518953,24.110048174143813,0.30552556841523976,0.017544820247268857,False,-0.6495009556349591,False,0.2728711508134685,False,0.6316920365503945,False,-0.16352519699640522,False
89.58294838518952,24.110048174143813,0.3873541505994049,0.001133836026881524,False,-0.7075149832743284,False,0.20149367127918763,False,0.701639477815032,False,-0.14008248804238188,False
89.63294838518952,24.110048174143813,0.4251370676593453,0.06046888537454058,False,-0.7803588470823659,False,0.12562645844890083,False,0.38654443296096286,False,-0.08868123775132872,False
89.68294838518952,24.110048174143813,0.41746727261561584,0.1575324135296991,False,-0.9202724649114956,False,0.08084859748961715,False,0.048269368928001266,False,0.02612303138122135,False
89.73294838518952,24.110048174143813,0.40716571569564924,0.15602028333994977,False,-0.7764789493051896,False,0.04810928914154277,False,-0.46674580636109847,False,0.17604323563189225,False
89.78294838518953,24.110048174143813,0.42523616266952735,0.12051009867159397,False,-0.47975076110963877,False,-0.028571682446607828,False,-0.4911091524780363,False,0.45713698353296406,False
89.83294838518952,24.110048174143813,0.5066466268500726,0.10747369121101312,False,-0.28533217396271965,False,-0.09519226954707749,False,-0.23978433675515448,False,0.6985608641625821,False
89.88294838518952,24.110048174143813,0.639291196735312,0.0060383918938901465,False,-0.1323488777808827,False,-0.057820848093319735,False,-0.19118768554348958,False,0.7347003810063072,False
89.93294838518952,24.110048174143813,0.7517078181337314,-0.15390680822588046,False,0.06143907281853325,False,-0.01334390899978562,False,0.024422454145912306,False,0.4826832649633451,False
89.98294838518952,24.110048174143813,0.7782357230634542,-0.43260468027545884,False,0.18115670383483323,False,0.023338496099297033,False,0.1827696577332127,False,0.1414773314674333,False
90.03294838518953,24.110048174143813,0.7141587639264757,0.20754524157071996,False,-0.8604865961440368,False,0.000556347783959573,False,0.6959711349840878,False,0.2883728748946426,False
90.08294838518952,24.110048174143813,0.6800538273903182,0.7919650066661911,False,-2.0696390906644258,False,0.030543222437164497,False,1.0176187982562894,True,0.40028204637452025,False
90.13294838518952,24.110048174143813,0.7150927511821717,1.1138195508090318,True,-2.6236969230965164,True,0.13415115803407762,False,0.955592516079316,True,0.050452610197429554,False
90.18294838518952,24.110048174143813,0.7229535314354683,0.8872387654357846,False,-2.610034440880382,True,0.35712954802160646,False,0.7767133490573237,True,0.8413029037980551,False
90.23294838518952,24.110048174143813,0.7082692900310977,0.4537280735773796,False,-2.4443185587452585,True,0.5678432976743567,False,0.6858591238466024,True,1.9910788403892705,True
90.28294838518951,24.110048174143813,0.6883283705563992,0.042107396086844606,False,-1.9304028355040204,True,0.6851165641781116,False,0.6135559674877928,True,2.265658631062978,True
90.33294838518952,24.110048174143813,0.6704507921336093,-0.4247884349675173,False,-1.0748388989109197,False,0.505191543182937,False,0.5381261571125182,True,2.0226908838273516,True
90.38294838518952,24.110048174143813,0.6529605439221912,-0.5943510560609837,False,-0.29997442156791093,False,0.3047744895508885,False,0.3379691038334778,False,1.7455878241517984,True
90.43294838518952,24.110048174143813,0.6198921216356572,-0.2726121590982197,False,0.40859043924725846,False,0.17735393681601938,False,-0.08787583351465364,False,2.0203969786972396,True
90.48294838518952,24.110048174143813,0.5785053189764452,0.07067718753328069,False,0.6123187412812804,False,0.25214414409804337,False,-0.3271078519644035,True,2.136808260785296,True
90.53294838518951,24.110048174143813,0.5687383707820819,-0.12591289491088964,False,0.6384244160305032,False,0.32595164122814424,False,-0.3170986156481485,True,1.3849578899519999,False
90.58294838518952,24.110048174143813,0.5458639257406479,-0.2405189171882224,False,0.2705955883907867,False,0.356381893256384,False,-0.3468890794398035,True,1.3952650528860986,False
90.63294838518952,24.110048174143813,0.4693178149335173,-0.47084657535684243,False,0.06551475568269159,False,0.4142353873186554,False,-0.36965287748195375,False,1.103607306742751,False
90.68294838518952,24.110048174143813,0.38835925913058644,-0.49419608571221596,False,0.023655098354375875,False,0.37747404585099803,False,-0.24759586762681746,False,0.6684180374997613,False
90.73294838518952,24.110048174143813,0.39190716839720974,-0.5482485838367372,False,-0.20292091489879638,False,0.28429811004825384,False,-0.1755657213533545,False,0.7898116822459688,False
90.78294838518951,24.110048174143813,0.44567989463858226,-0.614903836379483,False,-0.10735388356098985,False,0.32917822631566096,False,-0.32688990274159346,False,0.9185122707732125,False
90.83294838518952,24.110048174143813,0.5940179149378374,-0.956995039775648,True,0.25432797153714026,False,0.4298239287423181,False,-0.4943252522619489,False,0.5630936763914806,False
90.88294838518952,24.110048174143813,0.6902633150014614,-1.2888783860982036,True,0.3612582798855728,False,0.4823469579817211,False,-0.46288505362777915,False,0.07246786573523668,False
90.93294838518952,24.110048174143813,0.7003810863656227,-1.0799538821713313,True,-0.05837196093441821,False,0.4668169714922845,False,-0.3901879361625089,False,-0.11234221391120502,False
90.98294838518952,24.110048174143813,0.6435337997795092,-0.605918050796083,False,-0.21085877246061135,False,0.4922376478697519,False,-0.32841265585421164,False,-0.32174837795637273,False
91.03294838518951,24.110048174143813,0.5075493430796376,-0.17885126989867034,False,-0.2126688349709277,False,0.45517028887163485,False,-0.2513766656516546,False,-0.4359909261054468,False
91.08294838518952,24.110048174143813,0.34236442211370194,-0.15172856991454345,False,-0.4014147597507495,False,0.20954896393544992,False,-0.10651494758029684,False,-0.44128897691188984,False
91.13294838518952,24.110048174143813,0.311340316404644,-0.39367526343893156,False,-0.5430943602486142,False,0.04697938474432728,False,-0.052234179704944005,False,-0.22224344642544036,False
91.18294838518952,24.110048174143813,0.43044996235594946,-0.623886237590503,True,-0.5626939834908928,False,0.04123880697978766,False,-0.044644522577709185,False,0.08891262074673456,False
91.23294838518952,24.110048174143813,0.5951622542956236,-0.7447047888720231,True,-0.102654012441201,False,0.18968304774856865,False,0.048098891340511395,False,0.2816855616839845,False
91.28294838518951,24.110048174143813,0.6713554636900724,-0.6009912581611458,True,0.594695817623724,False,0.4056654491482957,False,0.41385420948010726,False,-0.7559138551504416,False
91.33294838518952,24.110048174143813,0.6943061211387735,-0.46446902969011095,False,0.7938241769923371,True,0.451040664181159,False,0.22818542994276317,False,-0.9045176927532803,False
91.38294838518952,24.110048174143813,0.6760010286976978,-0.3316610616811019,False,0.9481823064120338,True,0.44761911715154556,False,-0.16443410936977343,False,-0.1360803373376271,False
91.43294838518952,24.110048174143813,0.6623214261246908,-0.22321526933852082,False,1.1141064750782286,True,0.3589136922279211,False,-0.3511311495856366,False,0.21361513405201907,False
91.48294838518952,24.110048174143813,0.6520892387279302,-0.2431693636030955,False,1.247031172033823,True,0.25742610657937576,False,-0.36469044034042486,False,0.23649439920297408,False
91.53294838518951,24.110048174143813,0.6122981725612008,-0.2585487327546706,False,1.2096703677292249,True,0.08265650422687204,False,-0.2518546127414758,False,0.2027640853273227,False
91.58294838518952,24.110048174143813,0.5563089352235558,-0.3231101948694675,False,1.1402516487065526,True,-0.04039030333761673,False,-0.12278197157764076,False,0.17207749977125208,False
91.63294838518952,24.110048174143813,0.5072598898249282,-0.4089560130267619,False,1.0161685597692893,False,-0.0692368362233687,False,-0.1713104355455092,False,0.020733005516916897,False
88.73294838518952,24.060048174143816,0.6485715388298684,0.277077760436867,False,-0.368061611434483,False,0.6282728759048027,False,-2.835926787545001,False,-0.4681437132824665,False
88.78294838518953,24.060048174143816,0.6501167066458813,0.1065373314446329,False,-0.07761862454252633,False,0.535637235684886,False,-1.4772200256367678,False,-0.7104989470099952,False
88.83294838518952,24.060048174143816,0.6723970025995378,-0.0031861853726568024,False,0.1547048026030918,False,0.4424185425319237,False,-0.25290703737304887,False,-0.9936640174722967,False
88.88294838518952,24.060048174143816,0.6765628119484577,-0.04869349889435897,False,0.27905108578923654,False,0.33604819493871896,False,0.5277235619389927,False,-1.2085512691348697,False
88.93294838518952,24.060048174143816,0.5789035972800166,-0.018806513691588186,False,0.12283328488307493,False,0.24351544647541792,False,1.194802839304939,False,-0.7237290932710767,False
88.98294838518952,24.060048174143816,0.407783775245139,0.0989602905426616,False,-0.39851300244097576,False,0.13786935964652752,False,2.0804921688520936,False,0.19520051876818978,False
89.03294838518953,24.060048174143816,0.38951502103201874,0.20820031786008908,False,-0.9456756998289726,False,0.12987494752334056,False,1.8117053139982822,False,0.5173047097913043,False
89.08294838518952,24.060048174143816,0.44220444829530037,0.18086096650607525,False,-0.5952139304503632,False,0.18925973112368447,False,-0.9144816023638649,False,-0.5308099562020829,False
89.13294838518952,24.060048174143816,0.44450621701802745,0.06613709022439052,False,-0.41737606155183593,False,0.4150591745621643,False,-0.9392369871699346,False,-0.5401600718312688,False
89.18294838518952,24.060048174143816,0.4335016424158338,-0.06319008909447157,False,-0.36148378637678125,False,0.7053098011608913,False,-0.1892267731993691,False,-0.4766535762174109,False
89.23294838518952,24.060048174143816,0.4362598606401519,-0.24763293785568857,False,-0.2970001093778102,False,0.8321668707622614,True,0.8736607175489742,False,-0.4950087294759372,False
89.28294838518953,24.060048174143816,0.43752483568028067,-0.1543220167884508,False,-0.43309406035858833,False,0.6741299958052558,False,1.8130748443042957,False,-0.7923257472479877,False
89.33294838518952,24.060048174143816,0.4358219414791602,-0.027117322170128487,False,-0.6073053099457282,False,0.49113620740496283,False,2.060059434306634,False,-0.6178635978617064,False
89.38294838518952,24.060048174143816,0.44183099068196363,0.04671050438261244,False,-0.6047587204957244,False,0.5573319999927677,False,1.3611866932583463,False,-0.21776809637228367,False
89.43294838518952,24.060048174143816,0.4634905261367714,0.005955226432319799,False,-0.45665932043832497,False,0.5445320343513937,False,0.5675004535528246,False,-0.16781475462505802,False
89.48294838518952,24.060048174143816,0.4031070244061878,0.01634492367750027,False,-0.5319582776751438,False,0.4358924039833015,False,0.6223481007660041,False,-0.16687505817222698,False
89.53294838518953,24.060048174143816,0.3586066147120426,-0.03293038431957891,False,-0.62349190329815,False,0.3394958401649155,False,1.040759192570254,False,-0.18367730496483253,False
89.58294838518952,24.060048174143816,0.4094859253164075,-0.04346318977714064,False,-0.7456169749327068,False,0.2721597613899632,False,1.4583313168051686,False,-0.15842303058233484,False
89.63294838518952,24.060048174143816,0.4183444753977289,0.01821969455978957,False,-0.8732886581973658,False,0.2377270626669948,False,1.3260152800183174,False,-0.11705790864237925,False
89.73294838518952,24.060048174143816,0.38187978464706474,0.271488295718516,False,-0.9626074325867544,False,0.19842462369956404,False,-0.9651869358770364,False,0.17912526195104456,False
89.78294838518953,24.060048174143816,0.35411580994391656,0.23372765216677047,False,-0.7432818818857996,False,0.11215786309164874,False,-0.9187798543130372,False,0.31095577649207,False
89.83294838518952,24.060048174143816,0.32726322932695956,0.05556563097430228,False,-0.2160610185536846,False,0.004373479638786593,False,-0.38944555616622045,False,0.4783842587571435,False
89.88294838518952,24.060048174143816,0.39585644106993034,-0.12074907057205879,False,0.18917880938506162,False,-0.002645354451096038,False,-0.2750677232225851,False,0.565451021869898,False
89.93294838518952,24.060048174143816,0.6569823803599605,-0.30579097945130185,False,0.4086374700372019,False,0.08539992913297993,False,-0.213725769788828,False,0.45932482637246763,False
89.98294838518952,24.060048174143816,0.7869499409734025,-0.5365793020151288,False,0.1994172339332102,False,0.12758036933174477,False,0.04273848204405711,False,0.231044334132167,False
90.03294838518953,24.060048174143816,0.7520781931221374,-0.17414744298619095,False,-0.713472690424806,False,0.10099832414389312,False,0.5639318345602479,False,0.1969587366413793,False
90.08294838518952,24.060048174143816,0.6960352414280563,0.10182709260546813,False,-1.1491962181334132,False,0.07716589484231405,False,0.7200107028142751,True,0.27011266868896366,False
90.13294838518952,24.060048174143816,0.6769461420131703,0.16238126284134968,False,-1.1376855287246392,False,0.14626167871276746,False,0.5987561343179193,True,0.14006596291258605,False
90.18294838518952,24.060048174143816,0.6689313651290997,0.2587242802895769,False,-1.3357943042023923,False,0.33832641403399055,False,0.5200951912822395,True,0.28934040273476425,False
90.23294838518952,24.060048174143816,0.6337693276429661,-0.07284696412179259,False,-1.1096502036801774,False,0.3402568837865225,False,0.4953623081557211,True,1.1897309755742946,False
90.28294838518951,24.060048174143816,0.6009017186696095,-0.5404640924935484,False,-0.5623362940556336,False,0.21045671024175044,False,0.49729418963326694,True,1.6572041614628812,True
90.33294838518952,24.060048174143816,0.608894374439268,-0.8178230739189069,True,-0.07665325507455095,False,-0.004583950736392978,False,0.47211011307268824,True,1.7296877613787502,True
90.38294838518952,24.060048174143816,0.6409223741053081,-0.783140515055015,True,0.30176490178271376,False,-0.05481590620290008,False,0.3051943339468429,False,1.6203363790335983,True
90.43294838518952,24.060048174143816,0.6554869601298482,-0.3372229623054933,False,0.5575407024244702,False,0.1438091872307853,False,-0.04263772046497333,False,1.7212409814672114,True
90.48294838518952,24.060048174143816,0.6484790271993635,0.06665762209801537,False,0.663329502740718,True,0.4013943541626344,False,-0.27064673699691166,True,1.7734664328571972,True
90.53294838518951,24.060048174143816,0.6274641935053539,-0.25141170173686544,False,0.8531483494691536,True,0.4120739725374206,False,-0.2391751942549136,False,0.9486884436278035,False
90.58294838518952,24.060048174143816,0.586646291398642,-0.37630720982022603,False,0.6873127514255584,False,0.36018484241973164,False,-0.2480605242787993,False,0.940843843219286,False
90.63294838518952,24.060048174143816,0.5226742004965224,-0.3182570955802726,False,0.40384470729566796,False,0.3191404309712319,False,-0.18544639886247666,False,0.8443018132025587,False
90.68294838518952,24.060048174143816,0.47591090872108577,-0.3121140985547727,False,0.1728506103930837,False,0.25050169110920784,False,-0.02302554814697537,False,0.44069662963585904,False
90.73294838518952,24.060048174143816,0.465219402660469,-0.4056820385879635,False,-0.10076174855306191,False,0.18278222833146393,False,0.050911025272008234,False,0.516243927819736,False
90.78294838518951,24.060048174143816,0.4284528140903082,-0.5441965663707562,False,-0.08728155013689355,False,0.20937338309347708,False,-0.04784165796695483,False,0.6604298731063993,False
90.83294838518952,24.060048174143816,0.47147590614904555,-1.0087382512794183,False,0.3448456331362484,False,0.30504156046327013,False,-0.17648543425722021,False,0.37009287330491847,False
90.88294838518952,24.060048174143816,0.5780112036840563,-1.3662747237566184,True,0.5020037076026203,False,0.36835683433871724,False,-0.1677137728884439,False,0.13704805633701794,False
90.93294838518952,24.060048174143816,0.6108616486348777,-1.3193287024107323,True,0.3083207180172763,False,0.377552688694089,False,-0.16864138730443237,False,0.10375105797403031,False
90.98294838518952,24.060048174143816,0.5871465759187272,-0.9417548269108393,True,0.22997666650931756,False,0.4156499929082335,False,-0.22541265601467347,False,-0.10191236887640878,False
91.03294838518951,24.060048174143816,0.5066993622502587,-0.31956284499355103,False,0.17785216122694256,False,0.4335357447209333,False,-0.2782478097295057,False,-0.295895981483171,False
91.08294838518952,24.060048174143816,0.40904268598857285,-0.18802148484108036,False,-0.03226872265331615,False,0.2458050862415639,False,-0.19611638019881478,False,-0.21660269027042484,False
91.13294838518952,24.060048174143816,0.33899734827069955,-0.40942116542708024,False,-0.1277056897628368,False,0.04745587632547679,False,-0.13594867121044915,False,0.13237738590691828,False
91.18294838518952,24.060048174143816,0.44838672707521715,-0.5752208579245115,True,-0.1002170162754536,False,0.006816428939436556,False,-0.08927555527679788,False,0.3953671566410699,False
91.23294838518952,24.060048174143816,0.6050238530894739,-0.6552452898295714,True,0.19439551466418473,False,0.10401034078232582,False,0.18980381781547412,False,0.04227179827206484,False
91.28294838518951,24.060048174143816,0.6977968269964941,-0.5567349792096166,True,0.6911639588436269,True,0.321497978185699,False,0.5945522910448343,False,-0.7368046382497287,False
91.33294838518952,24.060048174143816,0.7251880017454414,-0.47353738455626554,False,0.8630136597002819,True,0.3906222418041926,False,0.4326502499443091,False,-0.8836416730148617,False
91.38294838518952,24.060048174143816,0.7080350711802612,-0.3726457962581571,False,1.0593860013605303,True,0.4523813684896198,False,-0.2328208259332913,False,-0.36017689654482254,False
88.78294838518953,24.01004817414381,0.6662117910914009,0.19550745787757423,False,-0.2715406750690033,False,0.39992876970983005,False,-2.0759684916442294,False,-0.7070576839562288,False
88.83294838518952,24.01004817414381,0.6727790523932786,-0.0170121433093941,False,0.15846925199711165,False,0.3367506904103996,False,-0.2578094542211815,False,-0.9882498134464355,False
88.88294838518952,24.01004817414381,0.6906426325448775,-0.0809096876522141,False,0.3747268422084379,False,0.22710306409144704,False,0.41645981151208455,False,-1.2709154732080334,True
88.93294838518952,24.01004817414381,0.6094260721337721,-0.024904355142537637,False,0.3152906672693783,False,0.1301176047321401,False,0.16530169647431525,False,-1.1438926247144312,False
88.98294838518952,24.01004817414381,0.4132106858121676,0.09357036051977932,False,-0.056911738235506465,False,0.0662154099090253,False,0.7536965485690026,False,-0.4577807589033286,False
89.03294838518953,24.01004817414381,0.3289169241386995,0.2280997943915105,False,-0.533617967723207,False,0.06867257319054912,False,0.8721044567081706,False,0.12461684243949211,False
89.08294838518952,24.01004817414381,0.3546781643257113,0.09363573138679482,False,-0.0746559776591957,False,0.35009428334286075,False,-1.406648187324533,False,-0.515786837505141,False
89.13294838518952,24.01004817414381,0.36519210231553306,-0.041939142233379086,False,0.010388568226163852,False,0.653609515675559,False,-1.2119045274467453,False,-0.2156755518002647,False
89.18294838518952,24.01004817414381,0.35688191774375044,-0.10098052446550104,False,-0.14298116735525745,False,0.8283815042519012,True,-0.6368559219009547,False,-0.03407596037067834,False
89.23294838518952,24.01004817414381,0.34842037280818694,-0.16219816382560617,False,-0.2457476242558098,False,0.9489179242856318,True,0.04712546161696407,False,-0.09950063899754683,False
89.28294838518953,24.01004817414381,0.34410217381011665,-0.06301939929626801,False,-0.4028150195368912,False,0.8240022034105969,True,1.0708603000637535,False,-0.5433567838574032,False
89.33294838518952,24.01004817414381,0.3535010429196586,0.06089247119468569,False,-0.5405693790789804,False,0.5486572310647172,False,1.6771482968988716,False,-0.5715127476324137,False
89.38294838518952,24.01004817414381,0.3941872458440596,0.16282088787686333,False,-0.5974675855376315,False,0.4496122357131988,False,1.32449968994674,False,-0.20008946348431444,False
89.43294838518952,24.01004817414381,0.46227581446760097,0.18784482861559895,False,-0.5517686302910924,False,0.46248592369408503,False,0.8885264671302542,False,-0.06140390384357308,False
89.48294838518952,24.01004817414381,0.422331025276151,0.11173618427677082,False,-0.47642076750799695,False,0.4401419212857808,False,0.8570263972572609,False,-0.0809408663800974,False
89.53294838518953,24.01004817414381,0.4436013338066987,-0.0810991796459861,False,-0.46651634437458317,False,0.4074951878850503,False,1.3847372047161037,False,-0.13189476982854237,False
89.58294838518952,24.01004817414381,0.47284159060038866,-0.07932600361660147,False,-0.7384296203132457,False,0.39744276826282,False,2.4883268029199037,False,-0.16338938714545043,False
89.63294838518952,24.01004817414381,0.4778899688004234,0.0125866372728142,False,-0.8944880229944426,False,0.43322052693164914,False,1.8714797401023622,False,-0.10450737435497695,False
89.68294838518952,24.01004817414381,0.46612752015063613,0.18369074746546502,False,-0.95040668101222,False,0.5803203355628598,False,-0.3398531871843049,False,0.03716834257748347,False
89.73294838518952,24.01004817414381,0.44112495231777016,0.2773900395711924,False,-1.089370247848032,False,0.5926292922031247,False,-0.8899670497589075,False,0.10878149453141184,False
89.78294838518953,24.01004817414381,0.39499653788245304,0.26000943062339,False,-0.8681830142824019,False,0.3730410871252716,False,-0.44620931041534834,False,-0.006871059067383278,False
89.83294838518952,24.01004817414381,0.29577605100906035,0.09062045372570335,False,-0.28813645225721407,False,0.172408278212575,False,-0.22579622956271278,False,0.10701837434035177,False
89.88294838518952,24.01004817414381,0.18020650889389644,-0.14303636597974348,False,0.42140235699138306,False,0.004676546759046274,False,-0.27991022756555645,False,0.4000881820361625,False
89.93294838518952,24.01004817414381,0.47485747071430934,-0.3256797975408145,False,0.6305635163939806,False,0.027457914676634304,False,-0.31986718534170056,False,0.4801550063226148,False
89.98294838518952,24.01004817414381,0.7128946850138258,-0.5438438939864374,False,0.32747497824737204,False,0.0870576817641,False,-0.0317082248473215,False,0.30185066678640743,False
90.03294838518953,24.01004817414381,0.7417566743056017,-0.4391778894380456,False,-0.3774650881409862,False,0.05990710385346875,False,0.4368005329665135,False,0.1615096387555029,False
90.08294838518952,24.01004817414381,0.7219478361699655,-0.3043554467345515,False,-0.7042065903877,False,0.027464207441999497,False,0.6027654390507822,True,0.21125182474387605,False
90.13294838518952,24.01004817414381,0.6706072901323851,-0.3605356408254463,False,-0.5132515625796575,False,0.07066200067022128,False,0.4939835073136402,True,0.20883761808546847,False
90.18294838518952,24.01004817414381,0.6510032796230161,-0.3285792789904503,False,-0.4144446823546566,False,0.10192843559827967,False,0.42679646838416513,True,0.12239459014279874,False
90.23294838518952,24.01004817414381,0.5984771149668673,-0.44851016332295796,False,-0.2639577339351328,False,-0.04111817486590824,False,0.415828723095006,True,0.5661321825517676,False
90.28294838518951,24.01004817414381,0.5398605117242137,-0.5663675631300537,False,0.00011672632836842722,False,-0.20168513080048195,False,0.39435276571114347,True,0.8481806743308629,False
90.33294838518952,24.01004817414381,0.5453356663381981,-0.578826364462437,False,0.28892675898613146,False,-0.0803498193163791,False,0.2893814350794388,False,0.8917415998957257,False
90.38294838518952,24.01004817414381,0.6074201105607431,-0.4701113825449358,False,0.4328072002844682,False,0.1606413920738656,False,0.1710119096288679,False,0.9915822442731205,True
90.43294838518952,24.01004817414381,0.6569498914744404,-0.3061148816711363,False,0.5357094917917884,False,0.17991547336643796,False,0.026805125266611687,False,1.1955169256289342,True
90.48294838518952,24.01004817414381,0.6586238429086007,-0.0988489872745257,False,0.471274391297169,False,0.11690875480255218,False,-0.08669966878742791,False,1.4549435392096166,True
90.53294838518951,24.01004817414381,0.6026268011922624,-0.3362427745523911,False,0.5235236630242961,False,0.0735631881965986,False,-0.06682538285874487,False,0.8706885530896705,False
90.58294838518952,24.01004817414381,0.5397521538361696,-0.5630531157880638,False,0.5091554391906586,False,0.1474073600369146,False,-0.08892264347711085,False,0.6228292473559559,False
90.63294838518952,24.01004817414381,0.509578894925788,-0.2900919177324747,False,0.15739201049610235,False,0.1605941306336298,False,0.024953821958690177,False,0.5494938628105204,False
90.68294838518952,24.01004817414381,0.5251193860634542,-0.14646589539207452,False,-0.06626346100404193,False,0.15046032467778775,False,0.1660532174960611,False,0.3224868884127551,False
90.73294838518952,24.01004817414381,0.5472680935275926,-0.21204871641208897,False,-0.22343629283407557,False,0.1421949372926941,False,0.18313838912149155,False,0.46573242183945796,False
90.78294838518951,24.01004817414381,0.4879638254028409,-0.4347435823073007,False,-0.20535079646626409,False,0.1689931111282884,False,0.10771709867415385,False,0.6075949091081414,False
90.83294838518952,24.01004817414381,0.45673822397377306,-0.8827630169238109,False,0.028844935708895486,False,0.19856609153292593,False,0.1070905284081538,False,0.43736199799632,False
90.88294838518952,24.01004817414381,0.5136333534603862,-1.2289946999307313,True,0.17450106250617925,False,0.2332346500530711,False,0.16655112264464364,False,0.25476742541747843,False
90.93294838518952,24.01004817414381,0.5594450134194621,-1.3414352327126502,True,0.31316412670809757,False,0.2948356637270158,False,0.06360874803153892,False,0.11486579428447605,False
90.98294838518952,24.01004817414381,0.5497844345281739,-1.097795658324025,True,0.4126507365815116,False,0.34834423987828034,False,-0.04214805037952812,False,-0.06227361741228854,False
91.03294838518951,24.01004817414381,0.4899943125250224,-0.5539206413398958,False,0.37139564018319127,False,0.3561116880481585,False,-0.17260753590161873,False,-0.2161190818081981,False
91.08294838518952,24.01004817414381,0.42109055290954384,-0.2883404930340327,False,0.17883658021941407,False,0.1843998885584456,False,-0.23819920805340122,False,-0.034959021112473676,False
91.13294838518952,24.01004817414381,0.42327088708542043,-0.4386571343715417,False,0.14979179456010908,False,0.026239088222244508,False,-0.2574837330958736,False,0.40134488982396244,False
91.18294838518952,24.01004817414381,0.49585418116586355,-0.5462044868297884,False,0.27120684239864323,False,0.08426507134111394,False,-0.3286711425488674,False,0.9413132022259598,False
91.23294838518952,24.01004817414381,0.6287207838634586,-0.6382753954965347,True,0.41659013068546813,False,0.14625793013142643,False,-0.11071065854417607,False,0.6839246744258949,False
91.28294838518951,24.01004817414381,0.705926999425641,-0.5852856702775924,True,0.7352660217084583,False,0.2791590025365778,False,0.299431984197996,False,-0.024263981659676415,False
91.33294838518952,24.01004817414381,0.7397474227056229,-0.4741587635741251,False,0.9569093000555403,True,0.3131259546670742,False,0.4628916593516091,False,-0.6717520360216511,False
91.38294838518952,24.01004817414381,0.7421041377410798,-0.41080139426826606,False,1.1668152343234197,True,0.3928726893283229,False,-0.1541967540431862,False,-0.37447344820775064,False
88.73294838518952,23.96004817414381,0.6299186753363207,0.6066186137249582,False,-1.0067450687007355,False,0.374560399372448,False,-5.275431319334563,False,-0.36435664091440373,False
88.78294838518953,23.96004817414381,0.6128422936440855,0.24366164599072015,False,-0.47576448330123233,False,0.14554424850872758,False,-3.30956328304039,False,-0.46152331187796447,False
88.83294838518952,23.96004817414381,0.5878569591147365,-0.017814702606758076,False,-0.04030784745820798,False,-0.048361917392347575,False,-1.9248823993778081,False,-0.5538407991938259,False
88.88294838518952,23.96004817414381,0.6173242111779914,0.029940613264444443,False,0.08804751624932705,False,-0.07147121993159711,False,-0.7029530642847388,False,-0.9115748993692412,False
88.93294838518952,23.96004817414381,0.6244699043519284,0.12439711785095744,False,0.0735751372834908,False,-0.10419420372563551,False,-0.7948473814284666,False,-1.0217686681638136,False
88.98294838518952,23.96004817414381,0.4702799329755534,0.24932448242594035,False,-0.1625863486277107,False,-0.13901858204773157,False,-0.6813982563557079,False,-0.6567828997071148,False
89.03294838518953,23.96004817414381,0.3481727344658696,0.3608507498761955,False,-0.3003375207845391,False,-0.09971494386381541,False,-0.8302247824663465,False,-0.18045625178523209,False
89.08294838518952,23.96004817414381,0.33011637949234357,0.27291231855261394,False,-0.048873130649500995,False,0.1603488615730576,False,-1.7362103156332118,False,-0.1515170639896783,False
89.13294838518952,23.96004817414381,0.33672864769422317,0.06867085393333644,False,0.023064816414903582,False,0.47165830500532485,False,-1.41163629626289,False,0.060429988439363924,False
89.18294838518952,23.96004817414381,0.32525044417574733,-0.04109604762558339,False,-0.06755786007128792,False,0.6349978363787336,False,-0.9116797438524976,False,0.17646170059185678,False
89.23294838518952,23.96004817414381,0.2888557823705541,-0.08588732654615802,False,-0.2067534720392276,False,0.7248021101691307,False,-0.15870685253454597,False,0.06942815443583716,False
89.28294838518953,23.96004817414381,0.275951519490242,-0.08265868773547627,False,-0.29888096245599716,False,0.6634790588936497,False,1.3435257942593966,False,-0.2626208467296866,False
89.33294838518952,23.96004817414381,0.3105843273747618,0.05040139221114395,False,-0.44056477467633104,False,0.45368271188890413,False,1.9129443301163516,False,-0.3241382277126617,False
89.38294838518952,23.96004817414381,0.36609968703469065,0.19571725812081958,False,-0.6039744619718299,False,0.32252228758650486,False,1.72609168595402,False,-0.22053419021366805,False
89.43294838518952,23.96004817414381,0.44094887560327034,0.24110753462672174,False,-0.6215133124332385,False,0.32427149680801604,False,1.2844317741705955,False,-0.16103018942786207,False
89.48294838518952,23.96004817414381,0.4200405644393136,0.175964663523048,False,-0.5061485094455231,False,0.3783048999689736,False,0.77092743579673,False,-0.10740749938035028,False
89.53294838518953,23.96004817414381,0.4878897570788479,-0.15626685151908407,False,-0.1444530258989945,False,0.3951738945963678,False,0.8156395022646562,False,-0.0435604818006485,False
89.58294838518952,23.96004817414381,0.5177231140276933,-0.1325805059829312,False,-0.544121151766809,False,0.5257199911141561,False,2.620497447682483,False,-0.2555751695086161,False
89.63294838518952,23.96004817414381,0.5208833864103933,-0.018631587931880633,False,-0.7566049974410556,False,0.6342549154256837,False,1.8888815261590806,False,-0.20458086013944476,False
89.68294838518952,23.96004817414381,0.51150752467718,0.11379570156889428,False,-0.7614453184127469,False,0.800176813342089,True,-0.029564632517510514,False,-0.04589538134652499,False
89.73294838518952,23.96004817414381,0.4928604700506355,0.18550488728399528,False,-0.8730818360271247,False,0.8291920068364547,True,-0.052190590810023196,False,0.06711956782141981,False
89.78294838518953,23.96004817414381,0.46654032703442655,0.21467962802422458,False,-0.7408952513865639,False,0.6500817281591234,False,0.3032176465814822,False,-0.13015476708860124,False
89.83294838518952,23.96004817414381,0.3835819758291698,0.18266760897469414,False,-0.3956865491140453,False,0.343527659974165,False,0.14267777785797642,False,-0.27227430125629826,False
89.88294838518952,23.96004817414381,0.1688017072512423,-0.04234007827055215,False,0.4741730950813361,False,0.004200210755863354,False,-0.22660872475804475,False,0.1765526452969337,False
89.93294838518952,23.96004817414381,0.2406757461386144,-0.25831281019887087,False,0.663844249504018,False,-0.04681250041840335,False,-0.31188915153072805,False,0.4348903642630964,False
89.98294838518952,23.96004817414381,0.542018308210761,-0.483389335478368,False,0.16328937952184164,False,0.01569357615443922,False,0.08404852203720081,False,0.2722530848770165,False
90.03294838518953,23.96004817414381,0.6616257966416724,-0.5365151398507643,False,-0.2307426531322569,False,0.044671338573134864,False,0.37904239234447673,False,0.10409303215656754,False
90.08294838518952,23.96004817414381,0.7126066547432722,-0.37231431420904965,False,-0.5854613724426787,False,0.03961151376791071,False,0.5726431754397246,True,0.09655449455711576,False
90.13294838518952,23.96004817414381,0.6954482905356864,-0.36823005606009623,False,-0.5580493522133428,False,0.09773391653231468,False,0.5181066870802333,True,0.1726179854396242,False
90.18294838518952,23.96004817414381,0.6918382319793382,-0.31972931280558975,False,-0.4257686629214864,False,0.11467243012627829,False,0.4414445309116372,True,0.1250302110734185,False
90.23294838518952,23.96004817414381,0.6792633078722325,-0.12454527616945822,False,-0.1963236283076045,False,0.09963331913700446,False,0.29406563047639556,True,-0.18440977578854678,False
90.28294838518951,23.96004817414381,0.6579132786060041,0.2265288053018209,False,-0.051589764294868085,False,0.18803640456456847,False,0.10704518680738762,False,-0.46479434597828884,False
90.33294838518952,23.96004817414381,0.6413364184837222,0.2804698240986652,False,0.07694118890723414,False,0.4034935929720835,False,0.030172422604062527,False,-0.30142999092868283,False
90.38294838518952,23.96004817414381,0.6517323078546232,0.12278352615208168,False,0.14976630319351716,False,0.5970338111344167,False,0.06093928175225141,False,0.19028081592308033,False
90.43294838518952,23.96004817414381,0.6785039458583297,0.08307884623376038,False,0.13707811910112397,False,0.4363324827979295,False,0.03505572275167988,False,0.5825311636834536,False
90.48294838518952,23.96004817414381,0.6643851973756645,0.1492292037446388,False,-0.016098767989224952,False,0.11516320115292022,False,0.017280356147438516,False,1.125522184721248,False
90.53294838518951,23.96004817414381,0.5720186470030142,-0.006063080433488237,False,-0.068476794568649,False,-0.11194348891053235,False,0.0988822393317993,False,0.855825689526261,False
90.58294838518952,23.96004817414381,0.49999864192722654,-0.33947568795699257,False,0.03393351452855911,False,-0.12829131643087976,False,0.1361309106420806,False,0.43925116446159324,False
90.63294838518952,23.96004817414381,0.5215110115529084,-0.18216015165881538,False,-0.26882456774385355,False,-0.0393901593475203,False,0.20891810196519028,False,0.5057360504745065,False
90.68294838518952,23.96004817414381,0.5617045718615977,-0.017457016251286678,False,-0.5613657878436613,False,0.04966321378787239,False,0.29827683782575937,False,0.5559263746799591,False
90.73294838518952,23.96004817414381,0.5786298987271455,-0.08609198048635608,False,-0.6450697099699315,False,0.12792177741208616,False,0.30423883367575644,False,0.6711067136662947,False
90.78294838518951,23.96004817414381,0.5403463110788975,-0.25682833828565255,False,-0.5821773483379635,False,0.19588245488214848,False,0.22054311119812936,False,0.7683286373127485,False
90.83294838518952,23.96004817414381,0.5143305846548454,-0.8056405844915504,False,-0.3765373169705048,False,0.22083531059038153,False,0.26410160961937523,False,0.5607971157216852,False
90.88294838518952,23.96004817414381,0.5473975381911016,-1.3112874789239197,True,-0.021063344123129588,False,0.3079776745871268,False,0.22907648742011277,False,0.21302828236878554,False
90.93294838518952,23.96004817414381,0.5802779527856557,-1.3455559303610705,True,0.18113379323797021,False,0.32423101631718454,False,0.09643395696878376,False,0.022356271578131526,False
90.98294838518952,23.96004817414381,0.5623159269959794,-0.98611489414856,False,0.3033537252577257,False,0.30157667013412015,False,-0.013877027822445445,False,-0.18132823123300512,False
91.03294838518951,23.96004817414381,0.5029265167715496,-0.43849159641615626,False,0.058258478876682625,False,0.1727880283734101,False,-0.17541016571049498,False,-0.25149687745692284,False
91.08294838518952,23.96004817414381,0.44135098985907045,-0.23158450356418397,False,-0.17822690551474002,False,-0.06930549611805913,False,-0.24025392350066777,False,-0.01880664352645972,False
91.13294838518952,23.96004817414381,0.46494168484647524,-0.34275706738728673,False,0.05754893840896491,False,-0.15951047593901263,False,-0.3298254062018725,False,0.3641320637182148,False
91.18294838518952,23.96004817414381,0.5260888751234333,-0.4020476877137782,False,0.5149518699112898,False,-0.031988676716160624,False,-0.5600158445641616,False,0.9785582053806421,False
91.23294838518952,23.96004817414381,0.635899227118686,-0.5355086069020656,True,0.6747199660579294,False,0.09221876843323634,False,-0.5049666562163626,False,1.1508792562330379,False
91.28294838518951,23.96004817414381,0.6964883263093918,-0.5659115401108423,True,0.863966457894048,False,0.15810136299261096,False,-0.36259028424369316,False,0.9760621929764874,False
88.73294838518952,23.91004817414381,0.5885672619028121,0.5424461407788195,False,-1.1042845115589293,False,0.3083680536650408,False,-4.30406064577874,False,-0.2502688222258428,False
88.78294838518953,23.91004817414381,0.5547352081344337,0.2765934349690172,False,-0.6717114863144744,False,0.12969686617774642,False,-3.190094704157075,False,-0.3016821948233503,False
88.83294838518952,23.91004817414381,0.5414593848223057,-0.03485341956480515,False,-0.18086341646106083,False,-0.08066127208983953,False,-1.7829492397977595,False,-0.3160824254995422,False
88.88294838518952,23.91004817414381,0.5760633948595038,0.043115708266269634,False,-0.044189143982733825,False,-0.16069027650422776,False,-1.0569710343014334,False,-0.42524393478185585,False
88.93294838518952,23.91004817414381,0.6208912059616424,0.27863406344801783,False,-0.15625792997038496,False,-0.1586539314301828,False,-1.1012447488768775,False,-0.4931843939196676,False
88.98294838518952,23.91004817414381,0.5309569126700944,0.41279620813369355,False,-0.32606217031346657,False,-0.17009112541100602,False,-1.1709822712196105,False,-0.3290637819417228,False
89.03294838518953,23.91004817414381,0.3991325065685733,0.43112993770557634,False,-0.23595871679065877,False,-0.12124553122430665,False,-1.5249236342820691,False,-0.15626992206507845,False
89.08294838518952,23.91004817414381,0.3666103698739943,0.297776616905473,False,0.09456484625434053,False,0.04544673299824997,False,-1.9330159193068859,False,-0.13339163225681316,False
89.13294838518952,23.91004817414381,0.37194250948067903,0.14029004236559023,False,0.19533161596506357,False,0.29581363396440274,False,-1.477821206868322,False,0.08901352513203442,False
89.18294838518952,23.91004817414381,0.36001662447890054,0.038805667595106244,False,0.20824044431971134,False,0.49618556890821924,False,-0.906219504014441,False,0.19642415758193726,False
89.23294838518952,23.91004817414381,0.3145542167988338,-0.0452398036233769,False,0.17797210085078033,False,0.5740628059408468,False,-0.12358162148183166,False,0.14922008530691572,False
89.28294838518953,23.91004817414381,0.28694987611478634,-0.0901075617116242,False,-0.013946044328062623,False,0.5870029600963564,False,1.564356808065921,False,-0.18457284193658174,False
89.33294838518952,23.91004817414381,0.3038288904620627,0.02578339786885451,False,-0.2715760065238398,False,0.36165579573649803,False,2.3165490867071306,False,-0.29819743897529494,False
89.38294838518952,23.91004817414381,0.3497994754605344,0.15679041032401622,False,-0.4722113621654911,False,0.1975294877510381,False,1.829896123185902,False,-0.2585928921149221,False
89.43294838518952,23.91004817414381,0.39652070494491637,0.17545849744308545,False,-0.4964117956348956,False,0.17626246993945904,False,1.2497404167583455,False,-0.3225895918692441,False
89.48294838518952,23.91004817414381,0.3468835382863479,0.10326063205961525,False,-0.3547486781382133,False,0.18472921565365633,False,0.28165817108770785,False,-0.06053899099035276,False
89.53294838518953,23.91004817414381,0.43787784049386086,-0.21501951396475127,False,0.08810206083210331,False,0.24960830855491092,False,-0.06402783768415188,False,0.1576278528226619,False
89.58294838518952,23.91004817414381,0.5215947063641808,-0.23104960020782364,False,-0.3842671472558381,False,0.510256596593642,False,3.4881989296345854,False,-0.3152342676438827,False
89.63294838518952,23.91004817414381,0.5419616513400586,-0.07255702872228253,False,-0.7410508253023529,False,0.6193251378714226,False,3.321504516888496,False,-0.2250253063022079,False
89.68294838518952,23.91004817414381,0.5400301426199008,0.09655503395975282,False,-0.6995380290225577,False,0.8038075353282065,True,1.336591024694026,False,0.018204485040002882,False
89.73294838518952,23.91004817414381,0.5299162724979588,0.1979520281741643,False,-0.7007630187362205,False,0.8889535342458189,True,1.0977854218252012,False,0.2337523748577367,False
89.78294838518953,23.91004817414381,0.5142648892279886,0.2818240357017435,False,-0.7103516742353551,False,0.8207375086959035,True,0.9900952134208407,False,0.13188680016877596,False
89.83294838518952,23.91004817414381,0.45984633250412815,0.23497072704783142,False,-0.3727333359772092,False,0.48386353118111364,False,0.46060603249953735,False,-0.23892217481253275,False
89.88294838518952,23.91004817414381,0.2934124435372905,0.0870860693138105,False,0.3845140978756186,False,0.07161358520728255,False,-0.1906502291885418,False,0.010364771134732276,False
89.93294838518952,23.91004817414381,0.17536343517948721,-0.12427564594918378,False,0.5006212224582873,False,0.024560815876045333,False,-0.19773996029011787,False,0.16032354191008463,False
89.98294838518952,23.91004817414381,0.3866653324574951,-0.4463907539658272,False,-0.0654886706089608,False,0.036511703062379844,False,0.28668554564363535,False,0.04036103306224115,False
90.03294838518953,23.91004817414381,0.5247349591702438,-0.5052816926934605,False,-0.2635168019499952,False,0.07736025326183073,False,0.3971848874697129,False,-0.01251081971328502,False
90.08294838518952,23.91004817414381,0.6426232946494608,-0.3204575151108353,False,-0.44245704411456266,False,0.14245721726693716,False,0.4835964916915335,False,-0.09347828078234534,False
90.13294838518952,23.91004817414381,0.696726567520042,-0.1674104394146824,False,-0.5450713281983496,False,0.18944584364467343,False,0.46675742528620556,True,-0.009946900988739243,False
90.18294838518952,23.91004817414381,0.7370668749435758,0.028627873321856456,False,-0.4028992361565514,False,0.2561974019499702,False,0.34816777764860607,True,-0.15236412199558086,False
90.23294838518952,23.91004817414381,0.7753837616846386,0.7303391660390653,False,-0.1531960111932802,False,0.30883294737233996,False,0.02069197954635732,False,-1.0159447239924746,False
90.28294838518951,23.91004817414381,0.7799009856963791,1.1425797645369837,True,-0.14808073132001104,False,0.41570918157207637,False,-0.13534202925208186,False,-1.1268056273155034,False
90.33294838518952,23.91004817414381,0.757435984991566,0.8676376681895556,True,-0.14683071589767155,False,0.6845322495880686,True,-0.030504679402991536,False,-0.5108707929698206,False
90.38294838518952,23.91004817414381,0.7396843312929658,0.6642978690067365,True,-0.3278152970433569,False,0.9437996340051025,True,0.04950695922945639,False,0.030346214542876337,False
90.43294838518952,23.91004817414381,0.738122334125138,1.111718638437331,True,-0.9498743414907005,True,0.775570546197379,True,-0.10027943597573782,False,0.03346147627564788,False
90.48294838518952,23.91004817414381,0.7271377599587459,1.2387181696880836,True,-1.297727307761962,True,0.4954859371388322,False,-0.050647851368914296,False,0.37294889116115126,False
90.53294838518951,23.91004817414381,0.6655566035519191,0.9094821136759009,True,-1.2384785116027355,True,0.20119654881097127,False,0.1660656502869357,False,0.5495373810129812,False
90.58294838518952,23.91004817414381,0.571614138433603,0.5045667653204664,False,-1.0535181834219842,True,0.013249157897343905,False,0.3193338231738435,True,0.47407845806162785,False
90.63294838518952,23.91004817414381,0.5898725453912567,0.2569323986512771,False,-0.9955930856501922,True,0.015942591527703026,False,0.37000056925848385,True,0.6297244069288346,False
90.68294838518952,23.91004817414381,0.6233967842684176,0.24402461401364556,False,-1.1589598462771145,True,0.05072396366868516,False,0.4284548511579158,True,0.8192730359654476,False
90.73294838518952,23.91004817414381,0.6461552915435426,0.08112504693223438,False,-1.144644991455963,True,0.10123010473494104,False,0.4291288701993178,False,0.8948105441294946,False
90.78294838518951,23.91004817414381,0.6389195552124618,-0.09296230907554237,False,-0.89500846659949,False,0.23770288407097684,False,0.2669135603511337,False,0.8735394139771013,False
90.83294838518952,23.91004817414381,0.6240932283619998,-0.7888199985648048,False,-0.7148098951265118,False,0.2513038603635444,False,0.3869805267325961,False,0.5391947331451894,False
90.88294838518952,23.91004817414381,0.6466704964249801,-1.312563845248329,True,-0.5111430924675818,False,0.3285431249576089,False,0.3471306362478145,False,0.24857452645279443,False
90.93294838518952,23.91004817414381,0.6734719310335274,-1.1875552061415044,True,-0.47216347279272874,False,0.2978559620593299,False,0.17134124059417757,False,0.016300997724467137,False
90.98294838518952,23.91004817414381,0.6618992273404847,-0.6399515048848754,False,-0.5578825192886226,False,0.1703187350716552,False,0.014486697046173197,False,-0.3010964948344109,False
91.03294838518951,23.91004817414381,0.5915518199020823,-0.1300418312692161,False,-0.7909854596874033,False,-0.03904901053010526,False,-0.1158100278955539,False,-0.3930175772415477,False
91.08294838518952,23.91004817414381,0.4741698907368342,-0.17623876142123712,False,-0.6321581095166705,False,-0.2576547518180697,False,-0.1336219466414492,False,-0.1849139112136298,False
91.13294838518952,23.91004817414381,0.4445517535553858,-0.2638141027488933,False,-0.1011352454923726,False,-0.3768820041703258,False,-0.3065618892485364,False,0.05433821471625472,False
91.18294838518952,23.91004817414381,0.5050982975416457,-0.3016053433406256,False,0.40773723679905666,False,-0.32807636536169815,False,-0.5143352153246729,False,0.3619824087729656,False
91.23294838518952,23.91004817414381,0.607753232809837,-0.38022045092135714,False,0.9037516516065511,False,-0.0892699927064208,False,-0.6663956537239395,False,0.8059825912339975,False
88.63294838518952,23.860048174143813,0.5690361046458017,0.19338959935744868,False,-1.7312179596516244,True,0.12876101966379516,False,0.7126472921343938,False,-0.16726005869209254,False
88.68294838518952,23.860048174143813,0.5361180852616805,0.2815946231135456,False,-1.6238789430688696,True,0.23147761083867752,False,-0.46573714902151553,False,-0.2435988350221876,False
88.73294838518952,23.860048174143813,0.5144076629506968,0.31608327075129905,False,-1.3556550069018796,False,0.29487949483189113,False,-2.0550926253539705,False,-0.252239744239121,False
88.78294838518953,23.860048174143813,0.4908577693320177,0.2343519623962228,False,-1.1370825225590706,False,0.2686583682839031,False,-2.5366915275873425,False,-0.31440905328476243,False
88.83294838518952,23.860048174143813,0.5122642872126003,-0.06769848623082297,False,-0.4136825502143972,False,0.022992283438639405,False,-1.7705754104897227,False,-0.1799053029543796,False
88.88294838518952,23.860048174143813,0.5484652935308166,-0.17522767492706437,False,-0.06518233407569526,False,-0.15443599097794525,False,-1.341637766847938,False,-0.044654958246617305,False
88.93294838518952,23.860048174143813,0.5706367466676461,0.07579492269042698,False,-0.07177003431313228,False,-0.16330185658640586,False,-1.1416768517220979,False,-0.041286198777775285,False
88.98294838518952,23.860048174143813,0.5183002709279366,0.2477814609764543,False,-0.08404804132295499,False,-0.13314350591256524,False,-1.1411593338145032,False,-0.11519453862596957,False
89.03294838518953,23.860048174143813,0.4355856338899198,0.2788753601357632,False,0.05541356938823647,False,-0.08830107293294495,False,-1.302644724267866,False,-0.14662447076769852,False
89.08294838518952,23.860048174143813,0.4342169117704631,0.21123937299875933,False,0.4026023963489195,False,0.012412436669661353,False,-1.6767626976857164,False,-0.28777371287962067,False
89.13294838518952,23.860048174143813,0.4555767166561622,0.1469492348152942,False,0.5301696274581266,False,0.16128232511351182,False,-1.4077946660689722,False,-0.17945731514199909,False
89.18294838518952,23.860048174143813,0.4528768866934941,0.08887732816248549,False,0.49676638393314554,False,0.3857899431679641,False,-0.728690577307207,False,0.0909360891607025,False
89.23294838518952,23.860048174143813,0.4265062744565658,-0.06663249641817312,False,0.5570791147415389,False,0.4867339084172513,False,0.06715927469135097,False,0.12509145424931814,False
89.28294838518953,23.860048174143813,0.3926258974639005,-0.16896775984781676,False,0.3549354902769683,False,0.43693607198972806,False,1.638819256500224,False,-0.22640922342700381,False
89.33294838518952,23.860048174143813,0.35627703450163184,-0.10828762947781209,False,0.0745319509130448,False,0.19910412042060652,False,2.6557965753596053,False,-0.4162319557931585,False
89.38294838518952,23.860048174143813,0.32971590976635545,0.00046759146615871217,False,-0.13800549612549232,False,0.03447283875013657,False,1.8227117046615833,False,-0.31541984682211954,False
89.43294838518952,23.860048174143813,0.3302162818875212,0.04332903101005225,False,-0.2616741141232054,False,-0.003835539395455799,False,0.9176652872763347,False,-0.37526778990413445,False
89.48294838518952,23.860048174143813,0.2445124094346156,0.030014056641389633,False,-0.25383913800737135,False,-0.030728977803510985,False,0.030976532917896038,False,-0.04195710785249526,False
89.53294838518953,23.860048174143813,0.37002558284626524,-0.13562507913139815,False,-0.2401822200602495,False,0.13324667707478932,False,1.125533380730305,False,0.09949419551753179,False
89.58294838518952,23.860048174143813,0.49610411485146,-0.3827143274649512,False,-0.3289704100320001,False,0.40137609745296865,False,5.4833243951730655,False,-0.4067287629133962,False
89.63294838518952,23.860048174143813,0.5391652515472448,-0.15559643149752211,False,-0.695663967165114,False,0.5281483739465368,False,4.594380074411783,True,-0.22205102548564834,False
89.68294838518952,23.860048174143813,0.5468674127658715,0.20497876880183008,False,-0.9813994941712236,False,0.6816603753739364,True,2.308932978553547,False,0.13187086577274032,False
89.73294838518952,23.860048174143813,0.5399707559869718,0.3828950366648129,False,-0.960034717988675,False,0.7612074654331671,True,1.5351749428297286,False,0.41511425260862633,False
89.78294838518953,23.860048174143813,0.5251740300476371,0.43685887738589246,False,-0.8651570978348336,False,0.7406084638209238,True,1.0885771418619594,False,0.472052027981018,False
89.83294838518952,23.860048174143813,0.4883701332591972,0.42085355962250204,False,-0.6686167022730594,False,0.5247950447041553,False,0.41883579456047815,False,0.3817990928858902,False
89.88294838518952,23.860048174143813,0.38438117385119414,0.29684962335579523,False,-0.020100581376337856,False,0.1741095292042362,False,-0.30856232613464885,False,0.392916033347615,False
89.93294838518952,23.860048174143813,0.2165514479582381,0.05768195548204583,False,0.28853970827226416,False,0.12080873623030013,False,-0.2468852706629352,False,0.15206976918322368,False
89.98294838518952,23.860048174143813,0.2724946275068874,-0.20000206286693428,False,0.03538156545448584,False,0.12494198218606596,False,0.1569656745497361,False,-0.09607564175823641,False
90.03294838518953,23.860048174143813,0.37396769381933753,-0.2936467466751545,False,-0.24000915502630565,False,0.15213345245513946,False,0.310757226655128,False,-0.09110784442122885,False
90.08294838518952,23.860048174143813,0.517253919013762,-0.20882541098468055,False,-0.3455432576828123,False,0.2065901002212437,False,0.35996029231998883,False,-0.13069082631079595,False
90.13294838518952,23.860048174143813,0.6535820026414629,-0.03838273679185432,False,-0.38647207083716334,False,0.24606792029680793,False,0.3441251368315835,False,-0.11562244000521793,False
90.18294838518952,23.860048174143813,0.7711373649013595,0.3514193886651701,False,-0.18364741269654516,False,0.30164804818241897,False,0.17761296207647087,False,-0.3033409242252728,False
90.23294838518952,23.860048174143813,0.8345527754629036,1.2360692594585414,True,0.0659136026090368,False,0.29346908704653085,False,-0.19143284804537916,False,-1.1003613045451204,False
90.28294838518951,23.860048174143813,0.8365525937192391,1.6040638342354985,True,-0.08782920580269071,False,0.37565882032374365,False,-0.254352382785028,False,-0.9517269969999275,False
90.33294838518952,23.860048174143813,0.8094104061504049,1.2869382882828335,True,-0.3935437592605101,False,0.740829090141316,True,-0.015562848571703619,False,-0.18351517471396706,False
90.38294838518952,23.860048174143813,0.7780235193241263,1.2722143972931748,True,-1.0662288885293658,True,1.1630504617868749,True,0.06748016067609813,False,0.12441477576708426,False
90.43294838518952,23.860048174143813,0.7740307163505653,1.9052712921776385,True,-2.0658915863531613,True,1.0490758437901704,True,-0.1256210502499529,False,-0.008647518190996073,False
90.48294838518952,23.860048174143813,0.780269258245437,1.864925439954931,True,-2.217853735731966,True,0.6438293042321745,True,-0.011817303193057148,False,0.3693571499906697,False
90.53294838518951,23.860048174143813,0.752154687989093,1.4458233221130699,True,-1.9889024881976336,True,0.26131102497214315,False,0.24579901204631166,True,0.45547497656467084,False
90.58294838518952,23.860048174143813,0.6059872691052403,0.8747949984204191,True,-1.5443105682356189,True,0.020385174083075087,False,0.3959659967123922,True,0.22731075842118326,False
90.63294838518952,23.860048174143813,0.5334977008234502,0.31703408326709687,False,-1.1862683376836682,True,0.06725897290459262,False,0.40087505523437705,True,0.510385667653425,False
90.68294838518952,23.860048174143813,0.6466607009799689,0.1465165231897633,False,-1.151839624539848,True,0.11945916657224401,False,0.4065903901744044,False,0.779196439828919,False
90.73294838518952,23.860048174143813,0.7128926792861583,0.19056364016202693,False,-1.0549487797221384,True,0.1844979617123047,False,0.30264243560380233,False,0.8393819094063542,False
90.78294838518951,23.860048174143813,0.7339450586747732,0.2600575744492001,False,-0.7956315464570001,False,0.3768486301115172,False,0.06887051467412729,False,0.6537959780661767,False
90.83294838518952,23.860048174143813,0.7169911560598292,-0.28204082813073417,False,-0.8182990893532813,False,0.3821338495657843,False,0.2940215419096118,False,0.04283353131033484,False
90.88294838518952,23.860048174143813,0.7359181294585246,-0.6990835385313329,False,-0.9827946561788323,False,0.3007394610228849,False,0.5477969457193556,False,-0.4046049620346224,False
90.93294838518952,23.860048174143813,0.7717216284395909,-0.5767930821126569,False,-1.2899674348607835,True,0.17918294660737238,False,0.3971810724577918,False,-0.31393150094247735,False
90.98294838518952,23.860048174143813,0.7708935953764785,-0.240523067870555,False,-1.5848492469143496,True,0.0869594343090402,False,0.18510173529741997,False,-0.3994037375046845,False
91.03294838518951,23.860048174143813,0.701502667186258,-0.117173257363199,False,-1.5454662329416093,True,-0.02714996885888,False,0.09960875365030841,False,-0.4398932473008179,False
91.08294838518952,23.860048174143813,0.5355225904423382,-0.26413366073313194,False,-0.9130851035622358,False,-0.28688445119135986,False,-0.018489015383986118,False,-0.30293540688246123,False
91.13294838518952,23.860048174143813,0.3711841759451567,-0.2717204716621616,False,-0.174625451605051,False,-0.434314497838184,False,-0.2643717876022078,False,-0.15231062466182305,False
91.18294838518952,23.860048174143813,0.44067168795409084,-0.27212863104029317,False,0.25643622477697753,False,-0.45132961037437924,False,-0.3844737961680278,False,0.020333250727334995,False
91.23294838518952,23.860048174143813,0.5393317545471739,-0.2934807552404747,False,0.666087435810748,False,-0.37461876177872194,False,-0.446844952526113,False,0.24232915837649605,False
88.58294838518952,23.810048174143816,0.5616441243677072,0.09451430710205456,False,-1.8743564045918526,False,-0.09147171044081039,False,1.0038452346912758,False,-0.012567685059648837,False
88.63294838518952,23.810048174143816,0.5252190581702242,0.11980343193046049,False,-1.8241113249149508,False,-0.024537053586465164,False,1.050611993271064,False,-0.08675047806247846,False
88.68294838518952,23.810048174143816,0.49233368863370924,0.12801010330218493,False,-1.664484241204923,False,0.08395187212609095,False,0.3070405344293226,False,-0.14681361394587203,False
88.73294838518952,23.810048174143816,0.443193599572718,0.17652636256184195,False,-1.576186463219664,False,0.21967853422051853,False,-0.6113184840348437,False,-0.2567718972482586,False
88.78294838518953,23.810048174143816,0.4356959160925997,0.07348369242281974,False,-1.3816258442220906,False,0.292121644574807,False,-2.028987949071559,False,-0.2658484894347981,False
88.83294838518952,23.810048174143816,0.48810945989076676,-0.21721140468754555,False,-0.7149435628882708,False,0.13099251252170185,False,-2.352756121507715,False,-0.01995355086934167,False
88.88294838518952,23.810048174143816,0.5533492919311694,-0.4672647181731159,False,-0.2133388226733671,False,-0.10449506847495033,False,-1.8826261896793497,False,0.338996701037855,False
88.93294838518952,23.810048174143816,0.5967168084820172,-0.6021120514752085,False,0.0823276575535549,False,-0.19461696471381001,False,-1.1054527408434842,False,0.28264535800946683,False
88.98294838518952,23.810048174143816,0.5755717416327084,-0.4386784042370142,False,0.3533298560766699,False,-0.1639915674000329,False,-0.9582468625817187,False,-0.10963359815016999,False
89.03294838518953,23.810048174143816,0.5037309660977058,-0.13342439938943887,False,0.47239332363733266,False,-0.1156223768273032,False,-1.0262406861578994,False,-0.3306308839061089,False
89.08294838518952,23.810048174143816,0.4828592742001568,0.04119411142952052,False,0.7891293064524705,False,-0.08961739773321398,False,-1.3537475252294016,False,-0.5306781860267983,False
89.13294838518952,23.810048174143816,0.5126646035618956,0.0797097831551542,False,1.0706261041935567,False,-0.01437720960116129,False,-1.4384196973275163,False,-0.6717819467098878,False
89.18294838518952,23.810048174143816,0.5405407450972584,0.0743572661724555,False,0.9416869749139135,False,0.17483935331276756,False,-0.8199184077678424,False,-0.4215695921463636,False
89.23294838518952,23.810048174143816,0.5423600609029905,-0.13469164325061028,False,0.8594131395557477,False,0.2569777867266128,False,0.1343738207664217,False,-0.23688469418879002,False
89.28294838518953,23.810048174143816,0.5142552801032862,-0.3884936444901124,False,0.7844419614165208,False,0.23232869350364516,False,1.9077981045465298,False,-0.3823557430645211,False
89.33294838518952,23.810048174143816,0.4527713893387614,-0.42252158049644034,False,0.645161176189642,False,0.11008415763495598,False,3.5806652365015497,False,-0.5650730625397492,False
89.38294838518952,23.810048174143816,0.3667396673515742,-0.2994936554350592,False,0.425251380763435,False,0.011355322800397874,False,2.810828966034803,False,-0.5030889517224173,False
89.43294838518952,23.810048174143816,0.3176345542107492,-0.023565322523142557,False,-0.07804687662425971,False,-0.0399097429947977,False,0.3145267877629012,False,-0.42763655025306246,False
89.48294838518952,23.810048174143816,0.25001427637055024,0.10593877955179737,False,-0.33935678317418067,False,-0.08028870494735818,False,-0.9959334131808775,False,-0.08648707238223238,False
89.53294838518953,23.810048174143816,0.30423162435805107,-0.09028836792048714,False,-0.3413076912662532,False,0.08301038288419899,False,1.163812046160879,False,-0.017035924439892394,False
89.58294838518952,23.810048174143816,0.4205646307387816,-0.5222161948865709,False,-0.09497659897884797,False,0.3524819621189454,False,6.17805182237068,False,-0.46497155488052183,False
89.63294838518952,23.810048174143816,0.48002644135627587,-0.16560595629146346,False,-0.5267342959752013,False,0.4295016535351489,False,4.539905892348239,True,-0.13328432498545661,False
89.68294838518952,23.810048174143816,0.4982954530969037,0.2670322129880235,False,-1.0360328263849508,False,0.5303479352152909,False,2.4334362241059697,False,0.1472856867070445,False
89.83294838518952,23.810048174143816,0.46877896800246066,0.4904398459938808,False,-0.9541711491646518,False,0.4390065122821303,False,0.13768803164602922,False,0.4496868299275659,False
89.88294838518952,23.810048174143816,0.3877735751106632,0.34576605484683853,False,-0.5820194342103893,False,0.32169251954879596,False,-0.07266124981328848,False,0.3516420804210656,False
89.93294838518952,23.810048174143816,0.23380562525892604,0.04995375271141314,False,-0.1623438753696424,False,0.22824908496510193,False,-0.06187902793733907,False,0.15950844128813252,False
89.98294838518952,23.810048174143816,0.17958373672761566,0.008442775000338937,False,0.15021065540649436,False,0.17876804989105574,False,-0.08558269749245068,False,0.01919325429972296,False
90.03294838518953,23.810048174143816,0.22740964928696622,0.12447973460869279,False,0.3449398596638742,False,0.21945699019516351,False,-0.14606986089536955,False,-0.09426331353518036,False
90.08294838518952,23.810048174143816,0.3472028712312922,0.0743409308994866,False,0.12287015474253066,False,0.26653689699350686,False,-0.00447925166815067,False,-0.09566426010837129,False
90.13294838518952,23.810048174143816,0.5918807365256733,0.11784295379433242,False,-0.04257241406708506,False,0.31661384932480696,False,0.0890165919677547,False,-0.09938775527612873,False
90.18294838518952,23.810048174143816,0.7855942180552432,0.4458750683916453,False,0.025511214981481768,False,0.32729937336918213,False,0.026236915227986653,False,-0.3657604892126609,False
90.23294838518952,23.810048174143816,0.8607569523140362,1.2603150328997232,True,0.023164045817317992,False,0.19236005909205725,False,-0.184941188567027,False,-1.264316193338027,False
90.28294838518951,23.810048174143816,0.8679708713265142,1.5034184544384372,True,-0.42795830137501467,False,0.4350468882008353,False,-0.12049448964669976,False,-0.813001501227407,False
90.33294838518952,23.810048174143816,0.8392096451424335,1.4330429301908805,True,-1.2173810588121516,True,0.942220348055207,True,0.13087248011819452,False,0.08471757749070213,False
90.38294838518952,23.810048174143816,0.7993124418867081,1.601688341851192,True,-2.1107383730417357,True,1.3269600601757154,True,0.2260174392963024,False,0.2825185188091649,False
90.43294838518952,23.810048174143816,0.7861221484582935,1.6469457930610818,True,-2.3533243043896475,True,1.0575193548531034,True,0.32011909577404607,False,0.3208274201373409,False
90.48294838518952,23.810048174143816,0.8014829923583396,1.5579981486714432,True,-2.3318887914483386,True,0.47885765316266293,False,0.3612373945692583,True,0.5736557909473337,False
90.53294838518951,23.810048174143816,0.7976783765914195,1.3387523870694917,True,-2.126938246900245,True,0.1245232467420987,False,0.4259443083276486,True,0.5485889864362115,False
90.58294838518952,23.810048174143816,0.6816264983625646,0.9877163689758803,True,-1.620167902260163,True,-0.08583421044060013,False,0.38447634221447635,True,0.2509336180701458,False
90.63294838518952,23.810048174143816,0.43301168502644044,0.47015883015855486,False,-1.2132579287333383,True,-0.002347356968483705,False,0.3501707659006222,False,0.5587237016992426,False
90.68294838518952,23.810048174143816,0.5858149140022433,0.30433063083100736,False,-1.0196913339834481,True,0.1573252762868294,False,0.23970260339642555,False,0.8460444026238234,False
90.73294838518952,23.810048174143816,0.6958195767450739,0.45314560252089087,False,-0.7907780286608885,False,0.3046399288939228,False,-0.01050786323891339,False,1.0262945392844989,False
90.78294838518951,23.810048174143816,0.7336166284105556,0.4501610590139935,False,-0.6106864402014063,False,0.5018517201392503,False,-0.11518405215937047,False,0.5752157624696815,False
90.83294838518952,23.810048174143816,0.7271747108938411,0.22491286224698703,False,-0.8103886607936379,False,0.5886948152770362,False,0.17965929357065547,False,-0.5531491910262657,False
90.88294838518952,23.810048174143816,0.7659832163678134,-0.009006454253336349,False,-1.1636612503050217,False,0.5267004002837802,False,0.6632222289037275,False,-1.6054878548577207,False
90.93294838518952,23.810048174143816,0.8159038069466942,-0.08550313704563539,False,-1.3870954290376198,True,0.3869336578999521,False,0.5844498206572435,False,-1.3019644203056973,False
90.98294838518952,23.810048174143816,0.8216022674729552,-0.11030405975136623,False,-1.7094865976604896,True,0.1665678737795687,False,0.34838101351196815,False,-0.6719345091802442,False
91.03294838518951,23.810048174143816,0.7601002387222,-0.21621570605424126,False,-1.7186853763412167,False,-0.0017383663495414703,False,0.18795090980427187,False,-0.3980924144295776,False
91.08294838518952,23.810048174143816,0.5885675974139547,-0.34767843944532106,False,-1.2186377699477688,False,-0.17576450408012642,False,-0.011036369616291841,False,-0.27272754096021234,False
91.13294838518952,23.810048174143816,0.4077960488577523,-0.27255976250757086,False,-0.7527835484847363,False,-0.3007565539381368,False,-0.03242516442166016,False,-0.16065209611885814,False
91.18294838518952,23.810048174143816,0.39670227455808266,-0.21188444233902248,False,-0.26793821761016035,False,-0.3988131283928462,False,-0.0018802117393861284,False,-0.05316687172392333,False
91.23294838518952,23.810048174143816,0.47019597441549205,-0.22047399736114875,False,0.16081680896255662,False,-0.45316618502602296,False,-0.0004600256785670942,False,0.011866577097454978,False
88.58294838518952,23.76004817414381,0.5489427842772734,0.06092761147068733,False,-1.6522185666068783,False,-0.15532598104508746,False,0.4627099882911907,False,0.07472920763014859,False
88.63294838518952,23.76004817414381,0.5237605752605851,0.04432762947702576,False,-1.5233374005339837,False,-0.11720191095346896,False,0.5470114681575342,False,0.045929086722808043,False
88.68294838518952,23.76004817414381,0.48656123859097616,0.02113435361942978,False,-1.3888263841881576,False,-0.04092035200161971,False,0.3864901933079544,False,0.006526160665319497,False
88.73294838518952,23.76004817414381,0.4099959912011598,-0.009845422026605433,False,-1.2772321170692609,False,0.09182752471722447,False,0.08893842780166117,False,-0.07192906406928912,False
88.78294838518953,23.76004817414381,0.42067061918336185,-0.15684911659583503,False,-1.311253005875502,False,0.23196080647694922,False,-1.8588451719664087,False,-0.090561366423688,False
88.83294838518952,23.76004817414381,0.5258583816396775,-0.4662583466834398,False,-1.0453570520289177,False,0.1642110073367518,False,-2.8857746910342654,False,0.1504734178621589,False
88.88294838518952,23.76004817414381,0.615631431739203,-0.8041850901211144,False,-0.6537399626215004,False,-0.053383017592851634,False,-2.635699806450244,False,0.5841056142194466,False
88.93294838518952,23.76004817414381,0.6423161069346894,-1.0089242342138303,False,-0.24475509134330964,False,-0.1526396504475388,False,-1.688807814682392,False,0.6107265482193134,False
88.98294838518952,23.76004817414381,0.6333054063534874,-1.0250359578802457,False,0.2568745194744211,False,-0.12387185510516824,False,-1.122495756922505,False,0.17896890119025413,False
89.03294838518953,23.76004817414381,0.6004073083533616,-0.7761031818504467,False,0.6004470027857685,False,-0.11141358623996511,False,-0.9326033682343895,False,-0.3609037999813665,False
89.08294838518952,23.76004817414381,0.5419848040033854,-0.3457673411274166,False,0.9186663036528047,False,-0.15071536844058742,False,-0.9815873359295857,False,-0.6559070247050391,False
89.13294838518952,23.76004817414381,0.49064368770745304,0.051761613095690745,False,1.0918695275863861,False,0.031314283243514374,False,-1.022375093244921,False,-0.7654360815989377,False
89.18294838518952,23.76004817414381,0.5276123782045009,0.16255113009860886,False,1.1681772428899628,False,0.23008180036515874,False,-0.794173494375704,False,-0.9175407489347008,False
89.23294838518952,23.76004817414381,0.5716430360614868,-0.06161982908778562,False,1.0292223308567807,False,0.20166772077545866,False,0.09407803208047867,False,-0.7099025658999606,False
89.28294838518953,23.76004817414381,0.5633142222238549,-0.347687952409993,False,0.7992255515223445,False,0.1734860393843484,False,1.8574973943128825,False,-0.6306335733213205,False
89.33294838518952,23.76004817414381,0.5142478246237504,-0.42556912865852486,False,0.7207225156874395,False,0.08944721182050377,False,3.0475753784829545,False,-0.6097253592426253,False
89.38294838518952,23.76004817414381,0.44415775851860756,-0.34064180063810723,False,0.5641212458900318,False,0.018454713602372164,False,2.412693164258383,False,-0.5462644229582896,False
89.43294838518952,23.76004817414381,0.3746503777166585,-0.07179225970550099,False,0.07675428428065209,False,0.0006152038066624954,False,0.0720974284495941,False,-0.4450459524944509,False
89.48294838518952,23.76004817414381,0.3249928831939987,0.07031150071061942,False,-0.24503213519571942,False,0.0242168636080331,False,-1.2167575532589834,False,-0.17329867980791813,False
89.53294838518953,23.76004817414381,0.30945914594333296,-0.1217303362234543,False,-0.2319092533648791,False,0.18608956393771156,False,1.1574971648873813,False,-0.1275371030229575,False
89.58294838518952,23.76004817414381,0.35446015595800445,-0.33650302921612224,False,-0.1041763235186535,False,0.28932883081146266,False,4.918696518173152,False,-0.16915527261803817,False
89.63294838518952,23.76004817414381,0.40468405829052334,0.13433485680668253,False,-0.5925286062114797,False,0.2133019550560785,False,4.035382956583555,True,0.21922809139702218,False
89.68294838518952,23.76004817414381,0.42858660674514154,0.434934824197897,False,-0.9778521961580127,False,0.28302455035438656,False,2.317009242004346,False,0.34426218869492353,False
89.73294838518952,23.76004817414381,0.4366751065101502,0.46965666406921314,False,-1.0199758581598437,False,0.36645472161109394,False,0.9136598602673127,False,0.31338401978128283,False
89.78294838518953,23.76004817414381,0.4384705518073515,0.38310875531099714,False,-0.9481861345590957,False,0.4588538999833849,False,0.04146581922076928,False,0.2323122266027841,False
89.88294838518952,23.76004817414381,0.3558330415280203,0.1424299336830956,False,-0.749756651283698,False,0.3894347803103433,False,0.07971250067447641,False,0.26708525068900835,False
89.93294838518952,23.76004817414381,0.23762306149258908,-0.0689005239560046,False,-0.5606109947375733,False,0.26966650433897527,False,0.10414514651933676,False,0.42663544745613247,False
89.98294838518952,23.76004817414381,0.2049379417099518,-0.0707343001000878,False,-0.2374818234279731,False,0.2146780283856863,False,-0.05717187191277259,False,0.40733498530731926,False
90.03294838518953,23.76004817414381,0.2628697158160528,0.17072397420523897,False,0.11408083700256863,False,0.28409228813762083,False,-0.27932465442037435,False,0.34994543860144334,False
90.08294838518952,23.76004817414381,0.35381110722424236,0.2870339741499379,False,0.2804161619400693,False,0.40010511689079514,False,-0.2950224933326041,False,0.17879665926859953,False
90.13294838518952,23.76004817414381,0.5361512981720056,0.20942569523544047,False,0.0704237572547869,False,0.5146140192118489,False,-0.1358800620683394,False,0.11995292644807717,False
90.18294838518952,23.76004817414381,0.7735773890453281,0.37019401451934153,False,-0.1685393456828015,False,0.5482824097177897,False,-0.0015066545981070809,False,-0.1724869910398637,False
90.23294838518952,23.76004817414381,0.8673731507913515,1.1404437665982037,True,-0.7569017313215463,True,0.3494618438848883,False,0.054076647932762414,False,-1.2489202079592778,False
90.28294838518951,23.76004817414381,0.8827671736389332,1.5530065303101201,True,-1.6502610517670573,True,0.520120422167795,False,0.2026414689690697,False,-1.3054155026178278,False
90.33294838518952,23.76004817414381,0.8600276773289767,1.6841850471875726,True,-2.3831097579236387,True,0.8043044783961579,True,0.3740665336729357,True,-0.3563115807083272,False
90.38294838518952,23.76004817414381,0.8204958377975907,1.680599703053884,True,-2.619379292502797,True,0.7348112282660184,True,0.49837771698024697,True,0.08419512799969509,False
90.43294838518952,23.76004817414381,0.7950028934951856,1.3412508434807318,True,-2.38428416531332,True,0.5108947106145962,True,0.7058203507158721,True,0.5335784317189436,False
90.48294838518952,23.76004817414381,0.8021391070360004,1.1592923633146355,True,-2.346595427946147,True,0.24173986795565822,False,0.7286621463610632,True,0.7993708121860467,False
90.53294838518951,23.76004817414381,0.8034500357251145,1.176255869088848,True,-2.1367011826854796,True,-0.00728418347224357,False,0.5118885113270997,True,0.7564065782843568,False
90.58294838518952,23.76004817414381,0.7266832350424436,1.082017047670005,True,-1.4073597579000365,True,-0.14282322855993984,False,0.1959343956672914,False,0.6072285427237754,False
90.63294838518952,23.76004817414381,0.498052540599587,0.7413601775639536,True,-0.9930344655261236,True,-0.04124217077644525,False,0.10308084605580745,False,0.9720949147543254,False
90.68294838518952,23.76004817414381,0.5220759930072106,0.6338457999812981,False,-0.7493764074494209,False,0.14168523305229233,False,-0.057372078982671784,False,1.3266036431448445,False
90.73294838518952,23.76004817414381,0.6263257648061609,0.5041688507987028,False,-0.41359850293918876,False,0.36422041395060684,False,-0.2561705968762026,False,1.2687254317181318,False
90.78294838518951,23.76004817414381,0.6786989976705389,0.2031836954828493,False,-0.27377545334293385,False,0.5972282861622343,False,-0.18419994758355107,False,0.3972245000548496,False
90.83294838518952,23.76004817414381,0.6974168231672523,-0.1335649532030299,False,-0.4515645248140706,False,0.6561380933522077,False,0.2005842939440728,False,-0.7111772155726932,False
90.88294838518952,23.76004817414381,0.7604862331846965,-0.27529513018505924,False,-0.9147765483847419,False,0.5729203885178803,False,0.8459541177679701,False,-1.977410855074691,True
90.93294838518952,23.76004817414381,0.814122620642618,-0.2271299390825598,False,-0.9498247546703675,False,0.5050388955102286,False,0.7612761673847799,False,-2.1090973430994815,True
90.98294838518952,23.76004817414381,0.8173406514248951,-0.17147022639390586,False,-0.7399921251310564,False,0.30562078924313013,False,0.14690289386063363,False,-1.3038477726912885,False
91.03294838518951,23.76004817414381,0.7591915925182815,-0.14801131856835828,False,-0.9709140185178877,False,0.07166720793992645,False,-0.308396359005094,False,-0.45398581808330557,False
91.08294838518952,23.76004817414381,0.5960717007447656,-0.18354058264569498,False,-1.3687995761567053,False,-0.07129141053729597,False,-0.270814948627504,False,-0.015593635894219818,False
91.13294838518952,23.76004817414381,0.48085693806781526,-0.14457449557054533,False,-1.3671501642551336,False,-0.17302473182031952,False,0.04003421473719121,False,-0.013865897488209739,False
91.18294838518952,23.76004817414381,0.4026887349041763,-0.05687201368180479,False,-1.1165497388887051,False,-0.291426818407238,False,0.320304763616159,False,0.020499122886013646,False
91.23294838518952,23.76004817414381,0.4345535320714187,-0.01361894079803673,False,-0.855661874354568,False,-0.4126257178382797,False,0.6564118073604428,False,0.021718757726907123,False
88.58294838518952,23.71004817414381,0.5395339194950762,0.056513803254950284,False,-1.530734997892254,False,-0.17587548041516068,False,-0.4261377880979842,False,0.14573373201417353,False
88.63294838518952,23.71004817414381,0.5240700170841667,0.039139436752066714,False,-1.4281605778301434,False,-0.16528160242511525,False,-0.36420753696692265,False,0.1454663827927746,False
88.68294838518952,23.71004817414381,0.5086985584745847,0.002494985466688582,False,-1.3335837596948812,False,-0.13417576259062616,False,-0.48536889378288695,False,0.14783067021684887,False
88.73294838518952,23.71004817414381,0.4800768772890963,-0.08723654727357566,False,-1.2013386800330212,False,-0.06835331894159485,False,-0.7831138311895316,False,0.14809293659965792,False
88.78294838518953,23.71004817414381,0.49568346109832406,-0.2768581366598696,False,-1.333954634403303,False,0.08692608399939783,False,-2.2149728732714618,False,0.09932798637332346,False
88.83294838518952,23.71004817414381,0.5981043292565132,-0.5435853484217462,False,-1.1273337732047106,False,0.10258180968059,False,-2.990968425872707,False,0.24981747918161548,False
88.88294838518952,23.71004817414381,0.6691235775995111,-0.7872555368512179,False,-0.9439708298999531,False,-0.03771403625524983,False,-3.0860717994636,False,0.5623287962816325,False
88.93294838518952,23.71004817414381,0.6813253253130628,-1.0783267768521478,False,-0.6089636408545772,False,-0.14036997240845744,False,-2.379948856418396,False,0.7171545496138939,False
88.98294838518952,23.71004817414381,0.6702629550065559,-1.2777284840218093,True,0.07233478015109646,False,-0.1309409968994329,False,-1.5475234348125624,False,0.5895213760985791,False
89.03294838518953,23.71004817414381,0.6656472685751557,-1.193245964352489,False,0.3864046181686157,False,-0.1758162534158324,False,-1.005561808350104,False,0.25306931741415184,False
89.08294838518952,23.71004817414381,0.6378213169892686,-0.7812372204503041,False,0.04827911921899353,False,-0.24096729478432943,False,-0.44525542661353945,False,0.18866674035874945,False
89.13294838518952,23.71004817414381,0.5276710060456001,-0.0968507230826132,False,0.32466687952120965,False,-0.12972049093353977,False,-0.9761917786641001,False,0.008931224411688587,False
89.18294838518952,23.71004817414381,0.4295513489667712,0.24515948717087407,False,0.8944361341001568,False,0.05632786728456296,False,-1.5412552930563326,False,-0.4848825521759245,False
89.23294838518952,23.71004817414381,0.44838521035193024,0.16318356483929555,False,1.0604756607406327,False,0.07580929829587953,False,-1.1180885009672137,False,-0.6238673941241684,False
89.28294838518953,23.71004817414381,0.45802724652542776,-0.10838350652723794,False,0.7766969170512896,False,0.06201279488137046,False,0.3242559953977382,False,-0.5792349181592573,False
89.33294838518952,23.71004817414381,0.4500132308258289,-0.28199789207271103,False,0.5517313521746011,False,0.04786187665697983,False,1.3870029585624706,False,-0.5262330513331563,False
89.38294838518952,23.71004817414381,0.42689835555769917,-0.2844737040607899,False,0.527011475170916,False,0.029771810515579977,False,1.560824786137223,False,-0.5109285754423765,False
89.43294838518952,23.71004817414381,0.39375858565439037,-0.1954827841952395,False,0.32528584023268714,False,0.10837727610915865,False,1.390810849143446,False,-0.37750053001716827,False
89.48294838518952,23.71004817414381,0.38077186636950344,-0.06798431258429405,False,0.011900507207740801,False,0.21864418897416957,False,1.1455272828281247,False,-0.09261245589113737,False
89.53294838518953,23.71004817414381,0.3948280770155765,-0.14500588243418766,False,-0.07365016887872514,False,0.3021494482578512,False,2.3367998151706293,False,0.024053574586351052,False
89.58294838518952,23.71004817414381,0.4034284691239952,-0.16140341996874372,False,-0.14298902150615334,False,0.281544261771142,False,4.764057384717975,False,0.18124426884880715,False
89.63294838518952,23.71004817414381,0.41583304257179327,0.25762898301587,False,-0.607280397627253,False,0.18073374141352988,False,3.8787822125356586,False,0.469889490309585,False
89.68294838518952,23.71004817414381,0.4126176620923991,0.4053686889314814,False,-0.7506952119735952,False,0.2078647860890122,False,2.216769901221148,False,0.5238275613289379,False
89.73294838518952,23.71004817414381,0.40912569679855654,0.36781337635715416,False,-0.6676584963297897,False,0.2671381545171305,False,0.7464348228921108,False,0.4613714656345947,False
89.78294838518953,23.71004817414381,0.4075436052904777,0.2853884028717483,False,-0.6785586522213282,False,0.3755517532116534,False,0.027449839617765315,False,0.24170537822312374,False
89.83294838518952,23.71004817414381,0.3891878749252864,0.15489299944275184,False,-0.7040124014826554,False,0.44239350830342605,False,-0.2060128894520869,False,0.08628256251133937,False
90.03294838518953,23.71004817414381,0.4414385864667058,0.027205953853846526,False,-0.6102689539981582,False,0.3840754909026385,False,-0.10877162520786444,False,1.0009458245177085,False
90.08294838518952,23.71004817414381,0.5074661819675153,0.2048466886819043,False,-0.36135603213802947,False,0.5720377476592808,False,-0.15398996694395295,False,0.7648764892984173,False
90.13294838518952,23.71004817414381,0.6040352524340469,0.1854216692191635,False,-0.3439063921628207,False,0.7817979060167057,True,-0.08946948475783435,False,0.567203178494304,False
90.18294838518952,23.71004817414381,0.7358954651594055,0.4102955106017139,False,-0.662709073230664,False,0.7365262949005695,True,0.06429844579717434,False,0.264789687396391,False
90.23294838518952,23.71004817414381,0.8539491371442418,1.3172785473475255,True,-1.6836003902159284,True,0.3402883048108569,False,0.33694905594577584,False,-0.5468042378944861,False
90.28294838518951,23.71004817414381,0.8831715860958826,1.9418842281932684,True,-2.4415164731232273,True,-0.028776980123191284,False,0.4587468146220607,True,-1.7121324850469368,False
90.33294838518952,23.71004817414381,0.8734212417937443,1.8111385095613448,True,-2.480059057495267,True,-0.0455853238302797,False,0.576942652201152,True,-1.0251602034703993,False
90.38294838518952,23.71004817414381,0.8426734607213568,1.4600132819624188,True,-2.33612050762212,True,0.015224959226629031,False,0.7305272192845215,True,0.004989601046598902,False
90.43294838518952,23.71004817414381,0.811178708116628,1.0835411887019484,True,-2.121263497115587,True,0.14422478972778804,False,0.8214259717752139,True,0.6595401610905613,False
90.48294838518952,23.71004817414381,0.7961009083911721,0.9173998088349009,True,-1.895593410336326,True,0.1746672713513575,False,0.7294832544651078,True,0.7231635900792572,False
90.53294838518951,23.71004817414381,0.7820046858259911,1.086811292873784,True,-1.5938397615858635,True,-0.11198662014207897,False,0.348712143673721,False,0.35914393311514037,False
90.58294838518952,23.71004817414381,0.7214705327249322,1.069487229091804,True,-0.8050644315389064,False,-0.21350420893813266,False,-0.06115120296776849,False,0.5318081902337173,False
90.63294838518952,23.71004817414381,0.5890395988504038,0.8709469348909633,True,-0.31804788764547964,False,-0.020756850176263053,False,-0.27368624217897575,False,1.23645436137556,False
90.68294838518952,23.71004817414381,0.5403834414539919,0.6490511858610157,False,-0.30416737997012594,False,0.18815929717139526,False,-0.2037563511905999,False,1.025828138639697,False
90.73294838518952,23.71004817414381,0.5991619454600057,0.15590388126528673,False,-0.3401620212723548,False,0.4098352126980874,False,0.023672891675500837,False,0.14683189987431702,False
90.78294838518951,23.71004817414381,0.7076842717038615,-0.267801349935072,False,-0.49363948382400247,False,0.5194217883094254,False,0.34210684505810474,False,-0.7883436736172758,False
90.83294838518952,23.71004817414381,0.7586829485854673,-0.477021794951447,False,-0.844453827599161,False,0.4103875945320196,False,0.965896471618678,False,-1.8874950660627179,False
90.88294838518952,23.71004817414381,0.7872349812407711,-0.9298133298403719,False,-1.0089379747149543,False,0.2911893189435722,False,1.6980964553976674,True,-2.7481106558137216,True
90.93294838518952,23.71004817414381,0.8006414321677252,-1.2009647966436483,False,-0.6896978164063452,False,0.33799479295598245,False,1.684957996551303,True,-2.5951963629649186,True
90.98294838518952,23.71004817414381,0.7760828970808606,-0.8745569898107638,False,-0.415110541666115,False,0.3003402957083763,False,0.9515026303689234,False,-1.6941495835662175,True
91.03294838518951,23.71004817414381,0.6959581214550029,-0.10143898634310838,False,-0.7762550426368647,False,0.12648829719309,False,-0.03679265380638933,False,-0.5923549061775105,False
91.08294838518952,23.71004817414381,0.5501899502375978,0.12115293083461542,False,-1.2558389640047076,False,-0.03538447333240692,False,-0.3237296368960952,False,0.1676546771965921,False
91.13294838518952,23.71004817414381,0.46940289387794504,0.15106723045661336,False,-1.450118498167916,False,-0.10815822344260044,False,-0.029854633715919676,False,0.19690517404659558,False
91.98294838518952,23.71004817414381,0.4236853045521743,-0.09305594366022063,False,-0.3672716212076643,False,0.06850229734506881,False,0.23377801160702827,False,-0.24640178809128924,False
92.13294838518952,23.71004817414381,0.45694840995395847,0.02235660313953125,False,-0.3726511053198271,False,-0.005562291270829106,False,0.7298232787792067,False,-0.34225591006770334,False
92.18294838518952,23.71004817414381,0.4566150212297622,0.01255291408898293,False,-0.35046175414720315,False,-0.01511267544599728,False,0.9098525987699323,False,-0.3908922779249211,False
92.28294838518951,23.71004817414381,0.4604963652662296,-0.048647997099111565,False,-0.2964686786124302,False,-0.03047301401988947,False,1.2457573675932827,False,-0.4718183483451329,False
88.58294838518952,23.66004817414381,0.5175978649336465,0.08664656799674911,False,-1.4619960244685124,False,-0.20805426725682266,False,-1.1809749638045202,False,0.19785186228689894,False
88.63294838518952,23.66004817414381,0.516238157963522,0.09953751829575061,False,-1.470230315433656,False,-0.20701619546388522,False,-1.3064681741312185,False,0.21968739811124777,False
88.68294838518952,23.66004817414381,0.5200659381966268,0.11986637142778239,False,-1.5046558711337554,False,-0.2158009318472952,False,-1.4383673887980442,False,0.2409007128317954,False
88.73294838518952,23.66004817414381,0.5454186114695392,0.015939642853657843,False,-1.56679670666275,False,-0.1705572318508185,False,-1.9923302802080782,False,0.22129960468764145,False
88.78294838518953,23.66004817414381,0.589396904964819,-0.20204592855768116,False,-1.5764030253415775,False,-0.05468907314599841,False,-2.583296166504706,False,0.19297221759276814,False
88.83294838518952,23.66004817414381,0.6660365246570029,-0.35051830344392837,False,-1.4570209623632937,False,0.0059760160767295956,False,-3.3840889717495033,False,0.3549737314559643,False
88.88294838518952,23.66004817414381,0.7104040013068891,-0.5715166245377898,False,-1.201469623314245,False,-0.07939534601488452,False,-3.51739590311484,False,0.580217429275426,False
88.93294838518952,23.66004817414381,0.7059078818435301,-1.0055833411417974,False,-0.5652179825363398,False,-0.14638946630613975,False,-2.67373223969361,False,0.691991647488617,False
88.98294838518952,23.66004817414381,0.6925675044242946,-1.3400893604709054,True,0.245347763961125,False,-0.14558363492135123,False,-1.749302574439427,False,0.6933128204391426,False
89.03294838518953,23.66004817414381,0.7063876074881366,-1.3479026619778849,True,0.5494942038613556,False,-0.18143262193278598,False,-1.1205498772373506,False,0.5993939739712125,False
89.08294838518952,23.66004817414381,0.7126564660690426,-0.8649840903237912,False,-0.35246267261690456,False,-0.22219076205780885,False,-0.7056169532466104,False,0.8732389349574168,False
89.13294838518952,23.66004817414381,0.6746053338382746,-0.11378369068086613,False,-0.4348933851950857,False,-0.2279857616562363,False,-1.8788291335777305,False,0.9759060948445851,False
89.18294838518952,23.66004817414381,0.5780349172629561,0.13303684475526242,False,0.1118427125378463,False,-0.19840928683125666,False,-2.7001850083214616,False,0.6012599483197799,False
89.23294838518952,23.66004817414381,0.4339430724019932,0.006635495290340132,False,0.34054197046864326,False,-0.18087792324812518,False,-2.0317881496985755,False,0.16770877595028819,False
89.28294838518953,23.66004817414381,0.2641471053885074,-0.10220001339634857,False,0.40532311186491166,False,-0.11750931062018116,False,-0.9821321340661384,False,-0.1106733806477703,False
89.33294838518952,23.66004817414381,0.21498356003438948,-0.1550847817008454,False,0.44097714302583446,False,-0.007841155263413335,False,-0.005954523658352473,False,-0.30641059479037863,False
89.38294838518952,23.66004817414381,0.29609231312731044,-0.16488394011346702,False,0.5734603662610416,False,0.09444578144996946,False,0.5880869531071333,False,-0.3989949046883796,False
89.43294838518952,23.66004817414381,0.35110283455328184,-0.06785728146425313,False,0.40833869215442503,False,0.22231915020762605,False,1.5309972978347566,False,-0.24910265744616505,False
89.48294838518952,23.66004817414381,0.3858981365234312,0.05478297401774214,False,0.16515766802082704,False,0.32536139823981514,False,1.910949933122899,False,0.1534638643348742,False
89.53294838518953,23.66004817414381,0.44401967120606384,0.047174609282297934,False,-0.047280029693001525,False,0.31385259450063613,False,1.684637834285176,False,0.3056269162069018,False
89.58294838518952,23.66004817414381,0.484945248993939,0.0608821244649984,False,-0.19051021990466893,False,0.29807761955661105,False,2.897738329824559,False,0.35674919972276486,False
89.63294838518952,23.66004817414381,0.4809930419082735,0.2530399671966781,False,-0.48111558155390055,False,0.21018908918545726,False,3.367582196372269,False,0.48012083385121407,False
89.68294838518952,23.66004817414381,0.4373342768805528,0.19869641804309926,False,-0.3745582599246948,False,0.19573141980696612,False,2.05815676103722,False,0.6421119991032382,False
89.73294838518952,23.66004817414381,0.40435973581575463,0.1029916413161947,False,-0.3236837867302949,False,0.19025566160752092,False,0.9303546111164714,False,0.6930195606032035,False
89.78294838518953,23.66004817414381,0.3806733265176314,0.05715397732716909,False,-0.49913339396673845,False,0.23955211326829884,False,0.5732325277843779,False,0.5042103548170982,False
89.83294838518952,23.66004817414381,0.34252187149568003,0.05360076498136468,False,-0.68591573030848,False,0.27279569386335056,False,0.3511637649272755,False,0.2652709645796611,False
89.88294838518952,23.66004817414381,0.30400368007772477,-0.05995609338568353,False,-0.6054885684298537,False,0.32789132765048484,False,0.17611139511927193,False,0.5536495879351528,False
90.03294838518953,23.66004817414381,0.5466765919302954,0.03099501143604927,False,-0.8995756577401879,False,0.46601941039734307,False,-0.006490800415736686,False,1.360680861673291,False
90.08294838518952,23.66004817414381,0.6060653416936985,0.1795961993180608,False,-0.911301529165798,False,0.5942417148087361,False,0.04245863183370849,False,1.2318136075913901,False
90.13294838518952,23.66004817414381,0.6298801614933813,0.26608198619804535,False,-0.6661163735557765,False,0.6811149637151328,True,0.0017057319040173768,False,0.8606028162167401,False
90.18294838518952,23.66004817414381,0.7082057390584626,0.45700136402010205,False,-0.6887928487660322,False,0.5454241748729771,False,0.07048917374039272,False,0.1615795766217934,False
90.23294838518952,23.66004817414381,0.8021114864239388,1.0970395309543521,True,-1.5308141919905216,True,0.11370819966641837,False,0.3632306161606955,False,-0.8005169142852235,False
90.28294838518951,23.66004817414381,0.8629236642827113,1.8772500438033597,True,-2.3917363014755852,True,-0.21434510035090476,False,0.5081817721788178,True,-1.196664776985557,False
90.33294838518952,23.66004817414381,0.8724874008985313,1.7450591709773735,True,-2.2899051874185212,True,-0.19128681940656414,False,0.5232899199430765,True,-1.126480167478206,False
90.38294838518952,23.66004817414381,0.8562363021672487,1.2164404428888544,True,-1.8893192992073935,True,-0.12792756793936108,False,0.6674767055475825,True,-0.49083383274489767,False
90.43294838518952,23.66004817414381,0.8298843135752477,0.9521118898423413,True,-1.5569323181412784,True,0.02559265138355238,False,0.6389106536067028,True,-0.1359538810361532,False
90.48294838518952,23.66004817414381,0.7983252948484827,0.8342611258279367,True,-1.0317787619527357,True,0.1709881323169592,False,0.4300950117234792,True,-0.41999226394357286,False
90.53294838518951,23.66004817414381,0.7567809860283217,0.822432225397076,True,-0.5420727813775607,False,0.17402218242971382,False,0.14328848907352143,False,-0.8829525967605679,False
90.58294838518952,23.66004817414381,0.6917368900899402,0.7646426600887269,True,-0.22050302621860005,False,0.15088007911081217,False,-0.061583849185904635,False,-0.5765437832264131,False
90.63294838518952,23.66004817414381,0.6256572759480558,0.6724793413396906,True,-0.02490503881611672,False,0.31945237422197975,False,-0.22202794616623991,False,0.23922931681743742,False
90.68294838518952,23.66004817414381,0.5776205632446891,0.4471776793434581,False,-0.3684038378196085,False,0.4189096846047031,False,0.05511264568051314,False,-0.17365435246542793,False
90.73294838518952,23.66004817414381,0.6586285402554576,-0.3538733520977078,False,-1.4624893811031674,True,0.24413638218352443,False,0.9398322021001263,True,-1.1944968056599667,False
90.78294838518951,23.66004817414381,0.7648016769102919,-0.6427677733267879,False,-1.6936464297219045,True,0.2117280543367838,False,1.2970213120300644,True,-1.7796102536299325,True
90.83294838518952,23.66004817414381,0.802694800126543,-0.7379950931576723,False,-1.759800336513475,True,-0.08340599408873427,False,1.9223014278144697,True,-2.655599404110607,True
90.88294838518952,23.66004817414381,0.8014674985236134,-1.2942910172676618,True,-1.5523576407473003,False,-0.19877026652769286,False,2.461854164846046,True,-2.9051746608221958,True
90.93294838518952,23.66004817414381,0.7765058160749934,-1.6885740685735096,True,-1.3917393863040437,False,0.027294859196883972,False,2.7295346298696783,True,-2.3049666386571555,True
90.98294838518952,23.66004817414381,0.7130638162920806,-1.4748806341019658,True,-1.2116174952570875,False,0.15361473383974078,False,2.4799086059435886,True,-1.5228679224500037,True
91.03294838518951,23.66004817414381,0.5906281740950434,-0.7093880456048596,False,-1.0558459101564623,False,0.014798985553775814,False,1.4239819274112693,False,-0.682018166748817,False
91.08294838518952,23.66004817414381,0.43070272495272927,-0.0013686130758787107,False,-0.9205529715706281,False,-0.09679758137911093,False,0.20543876508310788,False,0.10823863930047657,False
91.13294838518952,23.66004817414381,0.4368093537133046,0.28499528614764535,False,-1.0857504124830333,False,-0.12318783027775441,False,0.24268391307392767,False,0.14269433701290576,False
91.18294838518952,23.66004817414381,0.4650470060669947,0.40925807603345254,False,-1.2612324729832876,False,-0.17272392795898564,False,0.6486928952371627,False,0.08603301576858441,False
91.98294838518952,23.66004817414381,0.42969373442614184,-0.08083200591350131,False,-0.3603829044570963,False,0.038562120012076644,False,0.13085335506564932,False,-0.24680752414673116,False
92.03294838518951,23.66004817414381,0.4548891007543233,0.021285977707970347,False,-0.4019065913308849,False,-0.005940086445452353,False,0.33960955175007745,False,-0.27046994434362825,False
92.08294838518952,23.66004817414381,0.4691420503534921,0.06293932463729926,False,-0.4206676100444181,False,-0.022219295499186435,False,0.5629918219203704,False,-0.31736838633266834,False
92.13294838518952,23.66004817414381,0.47476780099596044,0.07029983498075035,False,-0.40104230129536267,False,-0.03564447475297784,False,0.7595431429851787,False,-0.36649698155977006,False
92.18294838518952,23.66004817414381,0.4726168170770777,0.0494000084130469,False,-0.37071958607253097,False,-0.044746440594785455,False,1.002919364702696,False,-0.4314298472797385,False
92.23294838518952,23.66004817414381,0.47045435850312906,0.003134140570794197,False,-0.33190420803394344,False,-0.049328291039236596,False,1.2238934974631548,False,-0.4822909598609727,False
92.28294838518951,23.66004817414381,0.47225527817840424,-0.04727915270061531,False,-0.2950201036324998,False,-0.053383261238891325,False,1.4138308386361855,False,-0.5234154826942762,False
88.63294838518952,23.610048174143813,0.4583732503435008,0.2836990670200562,False,-1.561144353875943,False,-0.29550251975268704,False,-1.638308901275328,False,0.2672960085030963,False
88.68294838518952,23.610048174143813,0.474574700682265,0.2623709968653648,False,-1.6329121431765041,False,-0.28999771073270797,False,-1.85221768958793,False,0.2622500786739332,False
88.73294838518952,23.610048174143813,0.5145009978671831,0.08070196425981757,False,-1.6750215164267717,False,-0.2450170622332571,False,-2.271969459937866,False,0.20806603700735193,False
88.78294838518953,23.610048174143813,0.5722248736860929,-0.1570476345636851,False,-1.6903056443921802,False,-0.1691680773881587,False,-2.248166070729725,False,0.16689582305325512,False
88.83294838518952,23.610048174143813,0.6524992897978268,-0.2837969508150766,False,-1.6358030205475544,False,-0.12468056782155851,False,-2.9748288342290587,False,0.3311225426884904,False
88.88294838518952,23.610048174143813,0.6972567609518804,-0.3596371450966893,False,-1.494214700911415,False,-0.15223185327855376,False,-3.5646995530355436,False,0.5452907374033049,False
88.93294838518952,23.610048174143813,0.6803281920341675,-0.8101852404318202,False,-0.7900821512626006,False,-0.22427887228783275,False,-2.5294277779877694,False,0.5217053481127374,False
88.98294838518952,23.610048174143813,0.6690198367306693,-1.1382953459194591,False,-0.024630055922190502,False,-0.24607312838273243,False,-1.3308411205983846,False,0.44108428177168213,False
89.03294838518953,23.610048174143813,0.7128824396271782,-1.1396489050476521,False,0.21382421049091727,False,-0.20325757368161285,False,-0.6385114150795579,False,0.5142153669961629,False
89.08294838518952,23.610048174143813,0.7467554072116797,-0.7162290453019602,False,-0.5123922563244262,False,-0.17852130056687782,False,-0.1670902151728999,False,0.9104909959438443,False
89.13294838518952,23.610048174143813,0.7567081502305703,-0.11727421256926851,False,-0.6795699338765899,False,-0.1741284701594935,False,-1.3106934163580166,False,1.2540164264096352,True
89.18294838518952,23.610048174143813,0.7297342717226298,0.07796971947178677,False,-0.19671682919794448,False,-0.19676517252123188,False,-2.1698205470963785,False,1.1569235904706534,True
89.23294838518952,23.610048174143813,0.6421271944697988,-0.06985184159436458,False,-0.1165173893371407,False,-0.26080391214513865,False,-1.7873242665811444,False,0.6914205717877371,False
89.28294838518953,23.610048174143813,0.45775123211689905,-0.05504274804207196,False,-0.13466668581671354,False,-0.2585170914012949,False,-1.666528682170696,False,0.15627654591290407,False
89.33294838518952,23.610048174143813,0.2989806967446864,0.09566209832369355,False,0.050577857407279825,False,-0.16538050344696825,False,-1.6920683165755943,False,-0.2556157290675999,False
89.38294838518952,23.610048174143813,0.34140593357103116,0.24133698950712643,False,0.5950092395524574,False,-0.04886222203386609,False,-2.065377447663357,False,-0.41526627327139437,False
89.43294838518952,23.610048174143813,0.4056358700532121,0.523125560942309,False,0.5763710134246764,False,0.0003062022839727674,False,-1.49958022803539,False,-0.22414392569560318,False
89.48294838518952,23.610048174143813,0.3948705646919321,0.6399026907706227,False,0.2471420792802244,False,0.10482310515126894,False,-1.0666795199084282,False,0.2577429664058524,False
89.53294838518953,23.610048174143813,0.40032828853331137,0.4710940912339532,False,-0.1306465687705351,False,0.17267356259367989,False,-1.2594932396655638,False,0.5975716949717027,False
89.58294838518952,23.610048174143813,0.4414725233539222,0.2846042137092056,False,-0.23944626341562267,False,0.18746323057300032,False,-0.743688905413101,False,0.570329650174858,False
89.63294838518952,23.610048174143813,0.4753331878544007,0.2490786659426662,False,0.04509960881524622,False,0.10327739230899541,False,0.7416761545915724,False,0.4760414166701589,False
89.68294838518952,23.610048174143813,0.4071381558684777,0.18162154665375957,False,0.08620435304188279,False,0.03152643618529037,False,0.9759574813394063,False,0.6829491337450687,False
89.73294838518952,23.610048174143813,0.34403576784907003,0.09424833581333812,False,-0.24072393343500229,False,-0.010851724714890265,False,0.6434593164233994,False,0.6601252880481708,False
89.78294838518953,23.610048174143813,0.3122841285243592,0.08736996539367942,False,-0.48992486991578454,False,0.013345785230438667,False,0.4547877988017145,False,0.4754087422018677,False
89.83294838518952,23.610048174143813,0.2886254586287217,-0.023035800730445977,False,-0.6569775283210586,False,0.11078943434101443,False,0.6802367754582211,False,0.3283144270144891,False
89.88294838518952,23.610048174143813,0.2769481598841019,-0.13399552984177315,False,-0.6303459698033177,False,0.22759048134191245,False,0.5401575157610818,False,0.5110807164235507,False
90.08294838518952,23.610048174143813,0.6759729900964911,0.11196780385377397,False,-1.0182832472304586,False,0.531388412676675,False,0.2551514260626432,False,1.1595305953483386,False
90.13294838518952,23.610048174143813,0.6647977793066469,0.05556633164019297,False,-0.8539768955443522,False,0.5536263217893453,False,0.27754782758296526,False,0.5971057902669195,False
90.18294838518952,23.610048174143813,0.6463788712857395,-0.08731693960530025,False,-0.3364620371888298,False,0.5076604960883372,False,0.06801437623944925,False,-0.4353078778970779,False
90.23294838518952,23.610048174143813,0.6841768327800072,0.20858253628367304,False,-0.384249601864233,False,0.36144080871349904,False,-0.003385090407642899,False,-1.7815136253972028,False
90.28294838518951,23.610048174143813,0.7857809221102248,0.9526263898919345,True,-1.354479306319766,True,0.07949387643233596,False,0.3300497349741623,False,-1.331330917957421,False
90.33294838518952,23.610048174143813,0.8376890215226986,1.1299703850930092,True,-1.7127499075102008,True,-0.08928970294355054,False,0.5397432581974377,True,-1.0205065882284745,False
90.38294838518952,23.610048174143813,0.8456299336946803,0.8659456771089757,True,-1.5480330516264234,True,-0.025112736241033662,False,0.6308829929379389,True,-0.7272232804818816,False
90.43294838518952,23.610048174143813,0.8326704255586403,0.7266199246557506,True,-1.1994221664586342,True,0.10987509808812243,False,0.5320897965778126,True,-0.6120414531535365,False
90.48294838518952,23.610048174143813,0.8023850534524949,0.6590597724031152,True,-0.5750015686965525,False,0.2795991409388082,False,0.2743667335130975,False,-0.9034394116515105,False
90.53294838518951,23.610048174143813,0.7468541551075704,0.5604829150868336,True,-0.08133706695854637,False,0.5285133535560873,True,0.05269852128789239,False,-1.1658051255722246,True
90.58294838518952,23.610048174143813,0.6794818356556596,0.48696254952304685,True,0.11934596892333893,False,0.7658153907743408,True,-0.06015478727200049,False,-1.0935193918654933,True
90.63294838518952,23.610048174143813,0.6264865858998329,0.5436646668023007,True,-0.020996598345275064,False,0.8389411829825224,True,-0.10990681907308705,False,-0.5977126202498085,False
90.68294838518952,23.610048174143813,0.6011556967325578,0.30589872633433546,False,-1.022437953296889,False,0.252158066345912,False,0.4977862675195215,False,-0.7141697140948217,False
90.73294838518952,23.610048174143813,0.7018915708046891,-0.5718462873609899,False,-2.2700118815105803,True,-0.08806207581801652,False,1.4692309461753288,True,-1.439363914146047,False
90.78294838518951,23.610048174143813,0.7754829617466414,-0.8778053011712328,False,-2.1339487573637306,True,-0.10036801047188196,False,1.5863788540892143,True,-1.674166091937218,False
90.83294838518952,23.610048174143813,0.7913560931895804,-1.0251928800668062,True,-1.7655755536299822,True,-0.33165215505887913,False,1.8508978038192598,True,-2.0808097413738915,True
90.88294838518952,23.610048174143813,0.765292270428285,-1.3494646390285596,True,-1.6967742897488611,True,-0.5023199494866619,False,2.391898431689058,True,-2.0991461206715956,True
90.93294838518952,23.610048174143813,0.7085859059717581,-1.606802761739441,True,-1.651708844593804,True,-0.32420057127073243,False,2.7222126726218034,True,-1.5339023284374997,True
90.98294838518952,23.610048174143813,0.6184569550755981,-1.3862937307948755,True,-1.2753039896694025,False,-0.05000914836264872,False,2.4782560966351213,True,-0.9815840174009696,False
91.03294838518951,23.610048174143813,0.47117841044098613,-0.8388380990821018,False,-0.9983155813312286,False,-0.06441886250927825,False,1.8508322725516055,False,-0.4354683129241393,False
91.08294838518952,23.610048174143813,0.36862242585065946,-0.19808527446719182,False,-0.782112433635404,False,-0.12672790351794244,False,0.9685579731706498,False,-0.0553615748124508,False
91.13294838518952,23.610048174143813,0.4473559042738471,0.22749169375406073,False,-1.1213779589180484,False,-0.1166805384437348,False,1.0572967924017722,False,-0.24409958829507097,False
91.98294838518952,23.610048174143813,0.4266779668054692,-0.12088604204129025,False,-0.32631560027171724,False,0.00429410410034653,False,-0.026433702149091416,False,-0.2509403774311942,False
92.03294838518951,23.610048174143813,0.4665689937153514,0.08608424158566484,False,-0.43862503136473946,False,-0.05913407538968961,False,0.22302024726395067,False,-0.2841501419115348,False
92.08294838518952,23.610048174143813,0.4927182242890829,0.17013465538498504,False,-0.48621500384486604,False,-0.08716308026020839,False,0.4930941969049345,False,-0.3372883180852521,False
92.13294838518952,23.610048174143813,0.5000487218539333,0.15679856593509756,False,-0.45878491233926205,False,-0.0891809624159256,False,0.753436932637561,False,-0.3971228203163696,False
92.18294838518952,23.610048174143813,0.49452704168484063,0.10391294186079583,False,-0.4152658297266807,False,-0.08808000665463861,False,1.1030802956489798,False,-0.4821201091238483,False
92.23294838518952,23.610048174143813,0.48621975538911105,0.020128880889635964,False,-0.3526500558119122,False,-0.08166991681059883,False,1.4146999872832449,False,-0.5467442133603446,False
92.28294838518951,23.610048174143813,0.4844469807995211,-0.0553279964957732,False,-0.29405516953070765,False,-0.0705300659153208,False,1.6265194133312304,False,-0.5837511353324766,False
88.68294838518952,23.560048174143816,0.374773984625667,0.19994174677182625,False,-1.4177277876352627,False,-0.29640555662474044,False,-2.0589712976514556,False,0.2022457326329697,False
88.73294838518952,23.560048174143816,0.39353443846823244,0.014305354144625415,False,-1.3891921577654611,False,-0.26092188364622854,False,-1.9700664310530636,False,0.12861742311771304,False
88.78294838518953,23.560048174143816,0.42484038241700295,-0.22511702057765143,False,-1.3358386238441426,False,-0.20686685600484095,False,-1.6639968606642082,False,0.09024434267155573,False
88.83294838518952,23.560048174143816,0.5032850081912886,-0.30795441197626183,False,-1.2911871858894037,False,-0.18100293535694037,False,-2.192919150040602,False,0.1943044331462046,False
88.88294838518952,23.560048174143816,0.5833765096247383,-0.34027756115465846,False,-1.07247253635934,False,-0.1437173748972818,False,-2.9905931263718104,False,0.3773671497363533,False
88.93294838518952,23.560048174143816,0.5619198034283194,-0.586385118997623,False,-0.7879880304709589,False,-0.21179513687000617,False,-2.1493606269075896,False,0.2665451624521686,False
88.98294838518952,23.560048174143816,0.5573328632761473,-0.8763282797817977,False,-0.29085217737669966,False,-0.3096547538738128,False,-0.6985624014591817,False,0.1224275711982646,False
89.03294838518953,23.560048174143816,0.6524051007178797,-0.7779595658445652,False,-0.42930158278098274,False,-0.2862196697084045,False,0.46703952916678515,False,0.3679046881033582,False
89.08294838518952,23.560048174143816,0.7343094684569107,-0.37585417867814336,False,-1.3969471516411789,False,-0.2706057200906816,False,1.3421183600301678,False,0.8620821584311507,False
89.13294838518952,23.560048174143816,0.779670419046328,-0.10696583602263612,False,-1.3426125313117627,False,-0.2136536096612181,False,0.22127065613473962,False,1.1598422749372213,True
89.18294838518952,23.560048174143816,0.7845699742469143,-0.012652497324412482,False,-1.099019634337243,False,-0.18805088574928444,False,-0.9642553025109885,False,1.1469195473130211,True
89.23294838518952,23.560048174143816,0.7541164291627925,-0.12272654102462838,False,-1.1775221852367308,False,-0.2621322293574712,False,-1.1891414699663585,False,0.6457816560522501,False
89.28294838518953,23.560048174143816,0.6960401335045325,0.014362433163651543,False,-1.2510855334187903,False,-0.3419855116665321,False,-2.021585039909835,False,-0.04632903407406236,False
89.33294838518952,23.560048174143816,0.6418965632272552,0.2814243331159474,False,-0.6201172690612453,False,-0.26208393373714967,False,-3.1535126077025355,False,-0.38909808437511,False
89.38294838518952,23.560048174143816,0.6341772708534937,0.5105190807435758,False,0.24335703513770235,False,-0.09272996521398008,False,-3.72508937363074,False,-0.4388421397875584,False
89.43294838518952,23.560048174143816,0.6243650986001045,0.883827934707592,False,0.5392225935801834,False,-0.026820194951560697,False,-3.34024371425639,True,-0.20681871326518156,False
89.48294838518952,23.560048174143816,0.5791292860326585,0.9295567295077802,False,0.2342005427711277,False,0.07098731114536268,False,-2.8886424643330613,False,0.054568837300700834,False
89.53294838518953,23.560048174143816,0.5266776910925047,0.734732777058629,False,-0.11303071142056817,False,0.153403346768003,False,-2.70155895271994,False,0.49014749548460645,False
89.58294838518952,23.560048174143816,0.47837472958655813,0.09608076394235701,False,-0.08268838163664945,False,0.13463742495571523,False,-1.9002464831619004,False,0.5316739055126221,False
89.63294838518952,23.560048174143816,0.4608140575643446,-0.2003763127077177,False,0.34891956575356364,False,0.023058950493888217,False,-0.3742902807789716,False,0.5367273306413092,False
89.68294838518952,23.560048174143816,0.3777151161063716,0.0755068689495994,False,0.44365031841945823,False,-0.07688242950744618,False,0.507612169882617,False,0.7276066199489317,False
89.73294838518952,23.560048174143816,0.27725846301918183,0.18142078849741328,False,-0.09906479937808277,False,-0.14268580525731844,False,0.1950131087916596,False,0.7262571860891409,False
89.78294838518953,23.560048174143816,0.26902654978647156,0.15538021968149351,False,-0.3708575886471016,False,-0.12698451328548369,False,0.08843109339566346,False,0.6510920993681033,False
89.83294838518952,23.560048174143816,0.30009805257377103,-0.04994262978028162,False,-0.4315350754087477,False,0.030546173769850082,False,0.27894749585535894,False,0.6271374443749638,False
89.88294838518952,23.560048174143816,0.3365582250520008,-0.2941652285364,False,-0.45523307027357296,False,0.24283038786165567,False,0.5687623976627539,False,0.48266079636148496,False
89.93294838518952,23.560048174143816,0.4303209842838397,-0.26526589939042655,False,-0.5204531279129424,False,0.2962856028969275,False,0.38775724659019994,False,0.6457315693351211,False
89.98294838518952,23.560048174143816,0.5612871653408592,-0.15946875619983877,False,-0.6105632937402826,False,0.31744036899374856,False,0.38361469537634396,False,0.7992267317280328,False
90.18294838518952,23.560048174143816,0.6672351174050114,-0.09435515085399751,False,-0.6457932019241455,False,0.31815127347688765,False,0.39853403341834187,False,-0.07396617634664088,False
90.23294838518952,23.560048174143816,0.5879277126934975,-0.1414601647695972,False,-0.19628075885067264,False,0.3078896315791264,False,0.0013612450653123498,False,-1.245332242378372,False
90.28294838518951,23.560048174143816,0.643545400576435,0.11821172640100992,False,-0.37730532156197655,False,0.38716325734784585,False,0.03127011507355898,False,-1.5277579894518645,False
90.33294838518952,23.560048174143816,0.7415994259567943,0.3387511450873271,False,-1.012737676345603,True,0.2504544190029553,False,0.4690515136203502,False,-1.1708096716061793,False
90.38294838518952,23.560048174143816,0.7898593825390265,0.3824902032281295,False,-1.2862567130107239,True,0.22337209468859512,False,0.6663910015185942,True,-0.6231995174221348,False
90.43294838518952,23.560048174143816,0.793418546079254,0.34262219065227667,False,-1.1168621863001629,True,0.3634123949092062,False,0.5985609074580329,True,-0.39897665157143447,False
90.48294838518952,23.560048174143816,0.7724942809955359,0.3570647731256232,False,-0.5271339703581728,False,0.5423580430338983,True,0.30290114891723285,False,-0.6399377481101245,False
90.53294838518951,23.560048174143816,0.726322973593363,0.3509638923719366,False,-0.08507998050709843,False,0.7825788712647672,True,0.06834251465653421,False,-0.8904995302993212,False
90.58294838518952,23.560048174143816,0.6666738167320279,0.4055824936113184,False,-0.013064954640033627,False,0.9766752961979193,True,-0.022423939908618518,False,-0.978717725599044,True
90.63294838518952,23.560048174143816,0.6080529629295685,0.4665897633116657,False,-0.45607757955099704,False,0.7685282887967517,True,0.1584945361063198,False,-0.8943080981823477,False
90.68294838518952,23.560048174143816,0.6028500105447061,0.16672394796310727,False,-1.633239379127914,True,-0.0004240815077540122,False,0.9294850640795438,True,-1.112949190533619,False
90.73294838518952,23.560048174143816,0.704566287779937,-0.49898017392724553,False,-2.1918895244538135,True,-0.27590703282457085,False,1.4851963208228842,True,-1.5502532767228854,False
90.78294838518951,23.560048174143816,0.7619939613226184,-0.8751376639058344,False,-1.8595464600043816,True,-0.25330053312608736,False,1.3855116686458562,True,-1.4796292150141364,False
90.83294838518952,23.560048174143816,0.753047053342388,-1.0448409214301755,False,-1.478335395368899,True,-0.3048343513286612,False,1.2746902910535551,True,-1.023724976418089,False
90.88294838518952,23.560048174143816,0.6908789660569606,-1.2565521014990524,True,-1.373993526913631,True,-0.48622085122014747,False,1.661161077674612,True,-0.6424898563074772,False
90.93294838518952,23.560048174143816,0.591829645626806,-1.3511937556544067,True,-1.2941942329311007,False,-0.3722748430301633,False,1.9701280117868487,True,-0.4549539330092859,False
90.98294838518952,23.560048174143816,0.4890875687645182,-0.9546394673045921,False,-1.0349502065312766,False,-0.16363431968136014,False,1.9056147480208654,True,-0.3880987427284678,False
91.03294838518951,23.560048174143816,0.402040206107236,-0.559326022823615,False,-0.9698823824448545,False,-0.06823949102838778,False,1.9979694725485189,False,-0.5326386760557446,False
91.08294838518952,23.560048174143816,0.4438066210841751,-0.3720017107640402,False,-1.2334609093405926,False,-0.05355240538593541,False,2.39841661485114,False,-0.8355732314144725,False
91.13294838518952,23.560048174143816,0.5137219927973803,-0.0972822095998857,False,-1.5090488889424845,False,-0.06356865800618224,False,2.45834557472382,False,-0.9367981933087113,False
91.18294838518952,23.560048174143816,0.5600880097343617,0.14934589776713805,False,-1.74937399305523,False,-0.044947979980708944,False,2.4371601726838543,False,-0.9861940589376508,False
91.98294838518952,23.560048174143816,0.41200247873948725,-0.255708729570732,False,-0.22461900639539786,False,-0.0678387549501128,False,-0.2126063658430542,False,-0.2394294539577096,False
92.03294838518951,23.560048174143816,0.47174054035164986,0.11647883277010541,False,-0.43274914274232346,False,-0.16418998385017808,False,0.009980993037216924,False,-0.300257560203639,False
92.08294838518952,23.560048174143816,0.5167564212003563,0.3504704021101552,False,-0.5792556722614428,False,-0.21954802271935775,False,0.2506502084333371,False,-0.3716423951743199,False
92.13294838518952,23.560048174143816,0.5285111663007407,0.3062981296049728,False,-0.5702369588088589,False,-0.18260865686378225,False,0.5794937286686404,False,-0.4223836139985565,False
92.18294838518952,23.560048174143816,0.5169057182616069,0.16201523369011472,False,-0.4982491007380625,False,-0.13044429407346292,False,1.0899618331523593,False,-0.5036079779623706,False
92.23294838518952,23.560048174143816,0.5027406437610905,-4.7284481937193146e-05,False,-0.3783453409506931,False,-0.08295019415432756,False,1.4897590480007987,False,-0.5600132876807538,False
92.28294838518951,23.560048174143816,0.5033553395358977,-0.11700750768554405,False,-0.28677564742377887,False,-0.04116978117599025,False,1.5403488087486483,False,-0.5339964309764966,False
88.73294838518952,23.51004817414381,0.3438309827550479,-0.1101185778205141,False,-1.1315332135835368,False,-0.29239811942542093,False,-1.914417389413226,False,0.032257089666178296,False
88.78294838518953,23.51004817414381,0.37840575402292476,-0.2675772547238124,False,-0.977576722550443,False,-0.24364414212805585,False,-1.7228354716092107,False,0.0695624369988383,False
88.83294838518952,23.51004817414381,0.34710069543213273,-0.2346689386984502,False,-0.6843808686422812,False,-0.17181172050345528,False,-1.972362418692282,False,0.09191795846072948,False
88.88294838518952,23.51004817414381,0.4372026669847528,-0.2841573913873205,False,-0.49269930111652516,False,-0.09586731420782449,False,-2.5133143930317043,False,0.2085905056997896,False
88.93294838518952,23.51004817414381,0.4391228690443666,-0.4478605079881427,False,-0.45590365791943915,False,-0.11909206267942889,False,-1.6744846047752753,False,0.04307677494017198,False
88.98294838518952,23.51004817414381,0.41036515759098446,-0.6044567230420169,False,-0.5199477443341345,False,-0.21822512893727822,False,-0.6173044425219618,False,-0.06422120987455758,False
89.03294838518953,23.51004817414381,0.5015985847986845,-0.5587263620161538,False,-0.9125405773137942,False,-0.30983231192512306,False,0.766913787196784,False,0.17089958773132646,False
89.08294838518952,23.51004817414381,0.6507254798219372,-0.15118375810851978,False,-2.3372819699224987,False,-0.3260545849113302,False,1.9872935944083652,False,0.7085517172640747,False
89.13294838518952,23.51004817414381,0.7469815795353452,-0.1765313775889914,False,-2.412653062441512,False,-0.26056017511957286,False,1.3582519263435806,False,0.7714427081285196,False
89.18294838518952,23.51004817414381,0.778836573631882,-0.19028410606171242,False,-2.3142268118813734,False,-0.21942294668857293,False,0.47036594076299854,False,0.6500171009079367,False
89.23294838518952,23.51004817414381,0.7824139670466388,-0.06734804756515061,False,-2.3422768928531386,False,-0.24336413155184694,False,-0.6328258549332655,False,0.23794403626209132,False
89.28294838518953,23.51004817414381,0.7789168903661122,0.256313679682571,False,-2.2727769349232023,False,-0.2690213750725192,False,-2.3384157480694476,False,-0.32029451150433497,False
89.33294838518952,23.51004817414381,0.782152890682501,0.48780013099324493,False,-1.592367634610386,False,-0.17388497210171752,False,-3.7169992863794197,False,-0.5450736879261137,False
89.38294838518952,23.51004817414381,0.7821795558711638,0.6539331241726091,False,-0.8074594889678492,False,0.03189313067629923,False,-4.345828369319375,True,-0.566173240217853,False
89.43294838518952,23.51004817414381,0.7646388020422134,0.7636508389338902,False,-0.17432978558966983,False,0.16132064871245935,False,-4.538110452327615,True,-0.45456254809140484,False
89.48294838518952,23.51004817414381,0.7331764779541053,0.8277316939001256,False,-0.04689802341832558,False,0.20693741405273947,False,-4.243551764756055,True,-0.16145449247636573,False
89.53294838518953,23.51004817414381,0.6961362672366248,0.601065321465888,False,-0.018893762222261606,False,0.1862778557104688,False,-3.59161298845469,True,0.27540302154883955,False
89.58294838518952,23.51004817414381,0.6606539786477865,0.06863500706241848,False,0.20949183136103894,False,0.09027179866019558,False,-2.4152385496549904,False,0.42011868035281175,False
89.63294838518952,23.51004817414381,0.6299509961033523,-0.10841416018501099,False,0.5024299771130434,False,-0.03661658749703331,False,-1.108632940827495,False,0.5221046713031328,False
89.68294838518952,23.51004817414381,0.5517941988968595,0.15423626401922425,False,0.6448985446333508,False,-0.11990916102310724,False,-0.17274680806673115,False,0.6603601084146419,False
89.73294838518952,23.51004817414381,0.3676644906844383,0.3228133664645266,False,0.3350317947228015,False,-0.15519181049567557,False,-0.2691889355300972,False,0.6743482556139279,False
89.78294838518953,23.51004817414381,0.2943591817261986,0.0037719581732184315,False,0.062082058115463336,False,-0.04202597393797562,False,0.14264341391572485,False,0.6984958617459334,False
89.83294838518952,23.51004817414381,0.34727824541184626,-0.2346255117370446,False,-0.09092454628383924,False,0.1235418529371893,False,0.22707916902683364,False,0.5198366959507549,False
89.88294838518952,23.51004817414381,0.42926700509707566,-0.36047889479097583,False,-0.1106625467353006,False,0.253489012425729,False,-0.05914086524195901,False,0.2346663500111411,False
89.93294838518952,23.51004817414381,0.5148002212317052,-0.5017208846022657,False,-0.20328373580920955,False,0.2746665062194555,False,0.34174045523860647,False,0.4017871799376804,False
89.98294838518952,23.51004817414381,0.615701719802177,-0.515366216676241,False,-0.19666623049927,False,0.255289380504061,False,0.45133897011332785,False,0.47169144286814724,False
90.03294838518953,23.51004817414381,0.7278172008345665,-0.430903155441554,False,-0.19232280227609483,False,0.2595849404638979,False,0.5214568678364658,False,0.3661171330741315,False
90.23294838518952,23.51004817414381,0.7289693382664539,-0.029895294786618797,False,-0.9371858474272794,True,0.19100909689372814,False,0.607499313128888,True,-0.4212206666286665,False
90.28294838518951,23.51004817414381,0.7030603948331602,-0.04889077416925393,False,-0.650927179037793,False,0.32427486486203816,False,0.31157206674608495,False,-1.2388179990806902,False
90.33294838518952,23.51004817414381,0.7067215973227932,0.06961131643240757,False,-0.7659219520242647,False,0.37687855018961935,False,0.36464689924495497,False,-1.1894028306917237,False
90.38294838518952,23.51004817414381,0.7165817899406091,0.11711121929278352,False,-0.9838240575482915,True,0.45093390548130474,False,0.4993328539134242,False,-0.6999701541591165,False
90.43294838518952,23.51004817414381,0.7212378364717781,0.1345359752807968,False,-0.8610170345380145,True,0.6414786041114986,True,0.44085827047984893,False,-0.494291888563399,False
90.48294838518952,23.51004817414381,0.7181212191941788,0.1732151920097276,False,-0.33501484202415777,False,0.9125899634901206,True,0.15560853402627026,False,-0.5938285555084262,False
90.53294838518951,23.51004817414381,0.6988019742922507,0.25532109198831576,False,-0.05474030717245993,False,1.1166944662652707,True,-0.017142818185971354,False,-0.7754114797781064,True
90.58294838518952,23.51004817414381,0.653205208019809,0.36272750970963796,False,-0.27018366532643334,False,1.1005873699217248,True,0.060443117098800805,False,-0.9024070143257665,True
90.63294838518952,23.51004817414381,0.5797270834016709,0.2984113934029381,False,-0.9821273789206797,False,0.5994426225105752,False,0.4983624848672478,False,-0.9623956902830779,False
90.68294838518952,23.51004817414381,0.5690827384301234,0.07207902460304713,False,-1.621986926213017,True,-0.03362326511183304,False,1.0112998882707496,True,-1.2947732823227356,False
90.73294838518952,23.51004817414381,0.6652776723822807,-0.2502150019282267,False,-1.7076530583664344,True,-0.33789521612514783,False,1.197343845683096,True,-1.451763232405462,False
90.78294838518951,23.51004817414381,0.7368453626234,-0.7834086786421348,False,-1.492811938640689,True,-0.22826331919136505,False,1.0813674057603762,True,-1.3685890864026224,False
90.83294838518952,23.51004817414381,0.7166450107691147,-0.7337764937194445,False,-1.3760633605117598,False,-0.2969388029070956,False,0.9654152879592603,False,-0.6732563005332162,False
90.88294838518952,23.51004817414381,0.6331019530005517,-1.000676643446969,False,-1.0942025197887462,False,-0.32653788304561476,False,1.0227441965264905,False,0.1865660742735333,False
90.93294838518952,23.51004817414381,0.5089496677866556,-1.103491424218976,False,-0.8846594637190848,False,-0.17294669697430817,False,1.2317233864001778,True,0.3170490629092397,False
90.98294838518952,23.51004817414381,0.437898188240207,-0.5428712843105246,False,-0.7970820543148485,False,-0.11170562194650714,False,1.4604386543359191,False,-0.05380464811853264,False
91.03294838518951,23.51004817414381,0.4366773051368533,-0.2677006975618072,False,-0.902395549740324,False,-0.14120007412079238,False,1.9744115814503347,True,-0.6771017322496931,False
91.08294838518952,23.51004817414381,0.48446872580858186,-0.22866009772515827,False,-1.1767865985029275,False,-0.16874181628223373,False,2.552073451887175,True,-1.0639163249949635,False
91.13294838518952,23.51004817414381,0.5462628806734654,-0.0021965789407079606,False,-1.257912210795689,False,-0.12219806774381553,False,2.3946543312525446,True,-1.0034633915337885,False
91.18294838518952,23.51004817414381,0.5838506127893275,0.22138778176149865,False,-1.1060739799545942,False,-0.0172214056961906,False,1.873146078515365,False,-0.75892162658146,False
91.23294838518952,23.51004817414381,0.6097872339344893,0.3388018211256282,False,-1.1015139577694062,False,0.04008674470874324,False,1.7103414220306732,False,-0.7062918942972071,False
91.98294838518952,23.51004817414381,0.38557894151363636,-0.42795089232441585,False,-0.1069007186479523,False,-0.16640060877347032,False,-0.4913969908454038,False,-0.29705615648493733,False
92.03294838518951,23.51004817414381,0.45547398851276666,0.041880088387266146,False,-0.3373893997590681,False,-0.2859390313034841,False,-0.31749751749495836,False,-0.3704408551377306,False
92.08294838518952,23.51004817414381,0.5218901746614591,0.3819797953457279,False,-0.612909991836912,False,-0.39523578563827055,False,-0.1580881650979664,False,-0.37325877420358555,False
92.13294838518952,23.51004817414381,0.5441252371807621,0.3400876818421783,False,-0.6078103100327794,False,-0.2701452876592305,False,0.29232315507274087,False,-0.413881375902651,False
92.18294838518952,23.51004817414381,0.5280517831839101,0.10531719568964759,False,-0.4876358825035251,False,-0.1389421733297121,False,1.035771488485401,False,-0.4989529262593406,False
92.23294838518952,23.51004817414381,0.5185992204550699,-0.12524480676847205,False,-0.3196276190613769,False,-0.05754832831630926,False,1.260112190321398,False,-0.4836125946920918,False
92.28294838518951,23.51004817414381,0.515475534612628,-0.24530965905634788,False,-0.2351459793041779,False,0.017284235000368686,False,1.33480388994203,False,-0.4478675612516442,False
88.78294838518953,23.46004817414381,0.46169311343232167,0.09099350721262943,False,-1.043638247813378,False,-0.48220461521707797,False,-3.853694572866843,False,0.30351144423020043,False
88.83294838518952,23.46004817414381,0.46270285954217955,0.020859687123685508,False,-0.8397435749769229,False,-0.3626847957586195,False,-3.6683127407653564,False,0.3637999960033432,False
88.88294838518952,23.46004817414381,0.4479329181835439,-0.09195720033420265,False,-0.6044732381678298,False,-0.19135033179856337,False,-2.8930286687570326,False,0.24384297107692343,False
88.93294838518952,23.46004817414381,0.4188028962088415,-0.049588730461932656,False,-0.6069233556137008,False,-0.09552173265985966,False,-1.5805090166862086,False,-0.02424500322511581,False
88.98294838518952,23.46004817414381,0.34310729320464783,-0.09598220105237498,False,-0.7980640573832196,False,-0.08167842715650395,False,-1.0471671303105197,False,-0.08638155468128154,False
89.03294838518953,23.46004817414381,0.3368508981833729,-0.4565557241870169,False,-0.6828454987506298,False,-0.20413421069819815,False,0.1519859933575447,False,-0.059165476543235535,False
89.08294838518952,23.46004817414381,0.4600394768286105,-0.5327315910725122,False,-0.8626981187023763,False,-0.2708158966025224,False,0.9449301788532185,False,0.14335246003930638,False
89.13294838518952,23.46004817414381,0.6121022888890817,-0.5364443939727399,False,-1.0755710448277522,False,-0.2918785821427812,False,1.0451545172308683,False,0.23864141798314975,False
89.18294838518952,23.46004817414381,0.7021033245370061,-0.4719598344772856,False,-1.255378519139208,False,-0.29888535639502506,False,0.7093464468891592,False,0.14279461047241745,False
89.23294838518952,23.46004817414381,0.7378598497527538,-0.024514659196598676,False,-1.7187844518897606,False,-0.26333965300901774,False,-0.4923029534171368,False,-0.06288968478151336,False
89.28294838518953,23.46004817414381,0.7615388806486948,0.6403906522849726,False,-2.4874955809241617,False,-0.17170684243372517,False,-2.322009648645951,False,-0.47798567284995575,False
89.33294838518952,23.46004817414381,0.7910729933564237,0.8611042668283281,False,-2.560450944158557,False,-0.023133530985609635,False,-3.741586316339831,False,-0.7503600068631691,False
89.38294838518952,23.46004817414381,0.801032183683495,0.7068873047878831,False,-1.9261328391041168,False,0.16007113808158505,False,-4.414588714470519,False,-0.7754103384350438,False
89.43294838518952,23.46004817414381,0.7867318422776859,0.5462074018622803,False,-0.7023695756385779,False,0.27526140455544956,False,-5.101152926303756,True,-0.5540456315077597,False
89.48294838518952,23.46004817414381,0.7668261977995319,0.6834211549388106,False,-0.07887708038335012,False,0.27774245203069975,False,-5.0957508569355525,True,-0.05675516405141576,False
89.53294838518953,23.46004817414381,0.7480675117883844,0.6009593473615176,False,-0.008388136823142767,False,0.20538543372757223,False,-4.320750363458539,True,0.3540671902008208,False
89.58294838518952,23.46004817414381,0.7263808312432911,0.16607933803199382,False,0.24777561077365048,False,0.05752308676715523,False,-3.0199906394804987,False,0.33547485577037744,False
89.63294838518952,23.46004817414381,0.6826790887025787,-0.033593555946882875,False,0.4906240590753892,False,-0.0660286684478367,False,-1.7972039095738692,False,0.41860598520325976,False
89.68294838518952,23.46004817414381,0.6022226043032848,0.0834944943184584,False,0.5248916976806536,False,-0.1291500200032954,False,-0.927609501270753,False,0.5275982372659445,False
89.73294838518952,23.46004817414381,0.43412657804039434,0.24839170276223876,False,0.5889540529610896,False,-0.09572819595489199,False,-0.5091964180409577,False,0.40529006773624154,False
89.78294838518953,23.46004817414381,0.2585511978697554,0.05472843276630013,False,0.42458007138019666,False,0.01742879302793291,False,-0.17367737879898637,False,0.3487374441916954,False
89.83294838518952,23.46004817414381,0.3442311113118048,-0.2478156893106912,False,0.16862819228906012,False,0.13683357442428215,False,0.021838363128859686,False,0.263028517475133,False
89.88294838518952,23.46004817414381,0.48554436656117056,-0.39622445659261674,False,0.1318245909022086,False,0.22262439224604183,False,-0.24369280389700548,False,0.07211115634078136,False
89.93294838518952,23.46004817414381,0.587734138328562,-0.45611507696808856,False,0.21636177250430186,False,0.22024919628284684,False,-0.5956121538171745,False,0.07160708245431013,False
89.98294838518952,23.46004817414381,0.6504895224024565,-0.6738869744866903,False,0.012847625230491433,False,0.17997135868193337,False,0.3901187251551189,False,0.3719385216984087,False
90.03294838518953,23.46004817414381,0.7016719914820176,-0.6413450932874868,False,-0.04089592793553587,False,0.1857939044417039,False,0.6221797006959583,False,0.2916324411354947,False
90.08294838518952,23.46004817414381,0.7829304058388856,-0.4574989603636702,False,-0.17253758077000567,False,0.15072774905759645,False,0.7936911469823683,False,0.11366117822347765,False
90.28294838518951,23.46004817414381,0.8149634560117456,-0.01454116076242769,False,-1.2165002247871244,True,0.18910866369689258,False,0.7477676554731568,True,-0.9474593521961723,False
90.33294838518952,23.46004817414381,0.7846682332859014,-0.02189587545394138,False,-1.0436731690182781,True,0.2858052510099432,False,0.5492646671905486,True,-1.2192043649817814,False
90.38294838518952,23.46004817414381,0.7522735266490677,0.050465064333859645,False,-1.0463284570338474,True,0.40507914055605554,False,0.47470008265330754,False,-0.8237554964825623,False
90.43294838518952,23.46004817414381,0.7107961860983281,0.18385413837969647,False,-0.8330855982217107,True,0.6828032300177629,True,0.3157615277103507,False,-0.6861916925732001,False
90.48294838518952,23.46004817414381,0.6890183371009038,0.24533185693874693,False,-0.409592709049005,False,1.145653464875675,True,0.05150312403972368,False,-0.672245509739774,False
90.53294838518951,23.46004817414381,0.6679531582769787,0.30442303050207686,False,-0.2993530039547698,False,1.2403488823411575,True,-0.000259088897010977,False,-0.7690866869347267,True
90.58294838518952,23.46004817414381,0.6300978919698281,0.27712779038987245,False,-0.43588652871058464,False,0.9704006674251766,True,0.14467147472235714,False,-0.8506416920176392,False
90.63294838518952,23.46004817414381,0.5478076634023996,0.15907033039529134,False,-0.6487623918258415,False,0.5626394294733122,False,0.3537442166002354,False,-0.8452371595615208,False
90.68294838518952,23.46004817414381,0.488512944022035,0.07032033613216057,False,-0.7354028428060106,False,0.06838534223877207,False,0.5157265255588372,False,-0.8736202270503417,False
90.73294838518952,23.46004817414381,0.5743254046531643,-0.08045384714291887,False,-0.8086655164814064,False,-0.3728615580700639,False,0.6782505154642199,False,-0.8592428330169573,False
90.78294838518951,23.46004817414381,0.6912729344617035,-0.6506968561092039,False,-0.8344979172299849,False,-0.2848974172306495,False,0.7241441725227267,False,-1.055318458380506,False
90.83294838518952,23.46004817414381,0.7046464723724394,-0.5650011586380745,False,-1.0238964619291777,False,-0.24591066142690743,False,0.7347359530689317,False,-0.8263515081015276,False
90.88294838518952,23.46004817414381,0.6488494141651722,-0.9815039746912922,False,-0.7548882679091435,False,-0.11790315889468092,False,0.7691941261194737,False,-0.014534361451610911,False
90.93294838518952,23.46004817414381,0.5437595342369755,-1.1038432938813356,False,-0.6988428502004218,False,-0.013137198498651345,False,1.0301920548007546,False,0.2756819818295577,False
90.98294838518952,23.46004817414381,0.46264272291230046,-0.3760350649182984,False,-0.728622869967019,False,-0.06570520722279583,False,1.108390440544596,False,0.1862525619098606,False
91.03294838518951,23.46004817414381,0.4446564714339762,0.2628444189966961,False,-0.42435272778232225,False,-0.12678778733497814,False,0.9101836676970592,False,-0.07583609250828666,False
91.08294838518952,23.46004817414381,0.4870445629581029,0.4049828553184034,False,-0.34371760797856166,False,-0.14265948299030506,False,0.8925153327615885,False,-0.3270667948486419,False
91.13294838518952,23.46004817414381,0.5407209717968325,0.49071850888681295,False,-0.4288293548054776,False,-0.07578826131443214,False,1.0014260949730607,False,-0.47136430480931535,False
91.18294838518952,23.46004817414381,0.578746750832696,0.48711835436002715,False,-0.37485116280047037,False,0.044171913232046195,False,0.8900804281335493,False,-0.4280989930350226,False
91.23294838518952,23.46004817414381,0.5986737097498368,0.5803192501703323,False,-0.45170599017893515,False,0.11265383592385343,False,0.7377866496088956,False,-0.36172124411356116,False
91.98294838518952,23.46004817414381,0.33244961794925953,-0.4014295824535208,False,-0.011649171466669356,False,-0.20466828863158584,False,-0.40207606414704944,False,-0.39120748675528294,False
92.03294838518951,23.46004817414381,0.40800379711179585,-0.28781101473020393,False,-0.16932013816196304,False,-0.30328313723924155,False,-0.621976083975049,False,-0.45567130387804894,False
92.08294838518952,23.46004817414381,0.48069149441755427,0.19883283634824406,False,-0.342097978444828,False,-0.4155049270939147,False,-0.24545513216318193,False,-0.5983835349734964,False
92.13294838518952,23.46004817414381,0.5141103158572529,0.20794880218405806,False,-0.3003451678056801,False,-0.3247613176937358,False,0.14146521361084724,False,-0.6710230704825584,False
92.18294838518952,23.46004817414381,0.5083498178425152,-0.15085854865329262,False,-0.17343434892744303,False,-0.16313715375214982,False,0.7696283373478335,False,-0.5972563330227365,False
92.23294838518952,23.46004817414381,0.49170144006518063,-0.3068298249869193,False,-0.16453766401709372,False,-0.03577954429907232,False,0.9510009638294703,False,-0.4704011352479406,False
92.28294838518951,23.46004817414381,0.4909291947476908,-0.4011213509458395,False,-0.1494775629718269,False,0.06320947625439931,False,0.9403548283290656,False,-0.3612821974111219,False
92.33294838518952,23.46004817414381,0.4972063582151667,-0.469176840943961,False,-0.1320361010946497,False,0.11848348393591793,False,0.8710227692309944,False,-0.2861777189254586,False
88.78294838518953,23.41004817414381,0.5124184402259867,0.3905495581176721,False,-1.2523727656973223,False,-0.7876647344102121,False,-5.5736623737115005,True,0.37476225492027193,False
88.83294838518952,23.41004817414381,0.5268822382580496,0.23325932724952447,False,-1.0401531006786737,False,-0.5959817568011716,False,-5.409223893779934,False,0.6511759726114876,False
88.88294838518952,23.41004817414381,0.5127174762795267,0.17871038806273348,False,-0.9439777614731812,False,-0.4101945503362334,False,-4.414047091866608,False,0.622267455959538,False
88.93294838518952,23.41004817414381,0.5105699131469345,0.3666455689566652,False,-0.9134330161030607,False,-0.1773372870272406,False,-1.8827225099032954,False,0.21685992197802823,False
88.98294838518952,23.41004817414381,0.5110334689396072,0.2973679929253987,False,-0.17797826589726956,False,-0.09999728277672705,False,-0.9856076901165994,False,0.003407474060361083,False
89.03294838518953,23.41004817414381,0.49186192774579357,0.16472175164788494,False,0.8064364325860028,False,-0.001809556704166243,False,-1.2764712369088396,False,-0.12054034323668225,False
89.08294838518952,23.41004817414381,0.4645315698967576,-0.20770176716823235,False,0.7661267954824326,False,-0.04394188431705498,False,-0.85858477237459,False,-0.08464111096147629,False
89.13294838518952,23.41004817414381,0.4781419213240135,-0.41001450806607387,False,0.6272563189561543,False,-0.12225688651987776,False,-0.6014384403590354,False,0.02515308302410184,False
89.18294838518952,23.41004817414381,0.5308808860092099,-0.39733725440076334,False,0.5469410260589833,False,-0.2022775654275868,False,-0.8260319323720571,False,0.07735492720359242,False
89.23294838518952,23.41004817414381,0.5845208922378707,-0.11102661829118717,False,0.14355501807015963,False,-0.25519761594313173,False,-0.7286859177390363,False,-0.07759918686539577,False
89.28294838518953,23.41004817414381,0.6416243308643945,0.4530640217483711,False,-0.7189148982834385,False,-0.21627005485669137,False,-1.814514551646567,False,-0.2872029100737002,False
89.33294838518952,23.41004817414381,0.6891237083676184,0.649514448825614,False,-2.064707448960452,False,-0.007925117791610176,False,-3.5718684824278975,False,-0.6639078202250569,False
89.38294838518952,23.41004817414381,0.7054340138661825,0.45465170574673996,False,-2.10108792261082,False,0.18798243188367614,False,-4.05313131087427,False,-0.8289575714460335,False
89.43294838518952,23.41004817414381,0.6980862756859016,0.4810198989956091,False,-0.7509017254462866,False,0.2689468252739807,False,-5.155303588919369,True,-0.3554680143544404,False
89.48294838518952,23.41004817414381,0.7019745317724514,0.6027299358966554,False,-0.4096959073938915,False,0.27774425423017635,False,-5.420311096818708,True,0.06401262415667532,False
89.53294838518953,23.41004817414381,0.7147674655706542,0.5303499526527743,False,-0.5575501592862481,False,0.18682705088929166,False,-4.7991313335218635,True,0.1435117916616087,False
89.58294838518952,23.41004817414381,0.7135709763348703,0.1430937534650451,False,-0.2738086398239896,False,0.02223245557436028,False,-3.670470382118059,True,-0.0492827505080321,False
89.63294838518952,23.41004817414381,0.674223486401314,0.01254505975600563,False,0.13215076929072678,False,-0.10788213914454617,False,-2.5392783601878928,False,0.11185746422016958,False
89.68294838518952,23.41004817414381,0.5266011329025113,0.10213959393369326,False,0.44940472791133224,False,-0.1479729696803823,False,-1.4094059555991216,False,0.32097523043498055,False
89.73294838518952,23.41004817414381,0.26892214523868346,0.2501474606522045,False,0.5952256057721452,False,-0.07022589197264041,False,-0.6891946574012104,False,0.1656062883191675,False
89.78294838518953,23.41004817414381,0.15344991723916418,0.14583414344837842,False,0.5376811183683552,False,-0.0016699172412210084,False,-0.3166178552501329,False,0.16372111766354636,False
89.83294838518952,23.41004817414381,0.374468023838291,-0.2732642255723807,False,0.25880631025361267,False,0.00605169703991984,False,0.28145929981921647,False,0.42284187240386967,False
89.88294838518952,23.41004817414381,0.5568189308204359,-0.6255723184575159,False,0.04423460608774396,False,0.02704665121187231,False,0.6304779892804189,False,0.5352405548301444,False
89.93294838518952,23.41004817414381,0.659607048850729,-0.4479720711238384,False,0.1908869397973072,False,0.1374049870785058,False,-0.49909212550845006,False,0.21176213936037958,False
89.98294838518952,23.41004817414381,0.6827215723816583,-0.21349070758266922,False,0.25769449111532905,False,0.2071834915855282,False,-1.359259568812985,False,0.09070949225147601,False
90.03294838518953,23.41004817414381,0.6539838777767736,-0.3614375403804676,False,-0.04783801916697086,False,0.1596472612258694,False,-0.19972331099808904,False,0.29982437329972395,False
90.08294838518952,23.41004817414381,0.6592563755411637,-0.42418806530680186,False,-0.38188832572277476,False,-0.0008370572985667568,False,0.9272858539150046,False,-0.09107062290441426,False
90.13294838518952,23.41004817414381,0.7956868023820162,-0.22898595032426283,False,-0.6932284913171932,False,-0.13055377420638592,False,1.2154129594744887,True,-0.31122316872019995,False
90.18294838518952,23.41004817414381,0.865963585730599,-0.10114434555811258,False,-0.861871615295587,False,-0.07897506688628987,False,1.2264531272575387,True,-0.32905209587241724,False
90.23294838518952,23.41004817414381,0.8586436475315626,-0.01192311793618308,False,-1.1542704418550742,True,0.04164977333562916,False,1.0695276642290357,True,-0.2803236064655417,False
90.28294838518951,23.41004817414381,0.8410614143905867,-0.03291961460881154,False,-1.296956644648107,True,0.15767701077731966,False,0.8844324094978293,True,-0.8378850909497412,False
90.63294838518952,23.41004817414381,0.5036429674448747,0.11280048027981018,False,-0.29466706460850584,False,0.45789983994422223,False,0.16504247222651547,False,-0.61255330621863,False
90.68294838518952,23.41004817414381,0.34568663399667277,0.01980592252926011,False,-0.3106979037343831,False,0.0875477831565144,False,0.22233221729836877,False,-0.16057465964315987,False
90.73294838518952,23.41004817414381,0.4462002919005942,-0.01940572873186655,False,-0.3377194793265583,False,-0.29719361748829015,False,0.32121920773412904,False,-0.15286752623472166,False
90.78294838518951,23.41004817414381,0.6341835443322259,-0.6554510411548128,False,-0.29925659134747196,False,-0.23660886569074033,False,0.33086320558943616,False,-0.5841827194994884,False
90.83294838518952,23.41004817414381,0.6910175740780816,-0.5813028220115551,False,-0.428354649270262,False,-0.1940332141611329,False,0.3038914386779556,False,-0.6314228416877952,False
90.88294838518952,23.41004817414381,0.6720246761272547,-0.9080305602458116,False,-0.3528755066674843,False,-0.006609395804064361,False,0.4242842697600241,False,-0.20077473118495048,False
90.93294838518952,23.41004817414381,0.5658676676168721,-1.0549834202361772,False,-0.5621499812897087,False,0.06722628909704223,False,0.8283123076769134,False,0.196373268209167,False
90.98294838518952,23.41004817414381,0.4404946602664888,-0.40749923035554786,False,-0.7561497109996522,False,-0.014668975088517222,False,0.9001041174215972,False,0.3561657315860623,False
91.03294838518951,23.41004817414381,0.45062907943529346,0.6352475805761091,False,-0.6600779606930214,False,-0.12477116190172524,False,0.6297996986047991,False,0.37956503181774565,False
91.08294838518952,23.41004817414381,0.48549085274344633,0.8519962614757558,False,-0.5697664886103099,False,-0.14730749893353573,False,0.4810825585859112,False,0.12185572068231573,False
91.13294838518952,23.41004817414381,0.5177195753171493,0.7899704937277888,False,-0.27955574255990934,False,-0.04230063770645067,False,0.4006519675304825,False,-0.10953310579520048,False
91.18294838518952,23.41004817414381,0.5764133425695503,0.7871944754723481,False,-0.5117106733709254,False,0.08461245095314532,False,0.4362877913905415,False,-0.08684607933398106,False
91.23294838518952,23.41004817414381,0.6066258758163622,0.7976009898753493,False,-0.5451791246795017,False,0.163425876766698,False,0.37974946177333,False,-0.10324936112407723,False
91.28294838518951,23.41004817414381,0.6394598226328967,0.6276966060109982,False,-0.2264798014642216,False,0.21713903162489012,False,0.33415020310885307,False,-0.05020671178846986,False
91.88294838518952,23.41004817414381,0.18100703622747366,-0.4665722588939226,False,0.48110627959169316,False,-0.19267519035787084,False,0.9594234613597958,False,0.06346904078838561,False
91.93294838518952,23.41004817414381,0.2073330944093772,-0.43812292103021533,False,0.39980406963565857,False,-0.21510829235450923,False,0.8913247063392389,False,-0.12414786095001065,False
91.98294838518952,23.41004817414381,0.25674217276508826,-0.329507146042666,False,0.17774486022851577,False,-0.2294412152670775,False,0.3184225679624395,False,-0.35229473894677527,False
92.03294838518951,23.41004817414381,0.3165895598227501,-0.12355953962687752,False,-0.06107760771792531,False,-0.2945360482654514,False,-0.13719594867617002,False,-0.6214951992876983,False
92.08294838518952,23.41004817414381,0.40093829776627044,0.09658604758533237,False,-0.14558185609682942,False,-0.3824947714211954,False,0.01565786059701124,False,-0.9050542720494305,True
92.13294838518952,23.41004817414381,0.4444792636517359,0.22873522167412558,False,-0.1654139941193795,False,-0.3892918201718186,False,0.14923424375087802,False,-1.1152061919723817,True
92.18294838518952,23.41004817414381,0.4430820141242958,-0.16618221817619516,False,-0.014890495109133428,False,-0.23322425681446213,False,0.44031995872984925,False,-0.9378622885180208,True
92.23294838518952,23.41004817414381,0.40712239354918,-0.39295634576143385,False,-0.07207307434099874,False,-0.04487422510198996,False,0.5833368947435279,False,-0.6260573783423928,False
92.28294838518951,23.41004817414381,0.41925338361075976,-0.4746306454589184,False,-0.04468462001466626,False,0.08417520585738911,False,0.5919944465484696,False,-0.40987556329948155,False
92.33294838518952,23.41004817414381,0.41989279378265654,-0.5137328449422728,False,-0.05316521314465281,False,0.13132872628192532,False,0.5740114699096239,False,-0.32373112991948916,False
88.78294838518953,23.360048174143813,0.5331267289611723,0.3400074759597953,False,-1.1653835825774235,False,-0.7613894293386843,True,-6.243535198498952,True,0.4527539784213369,False
88.83294838518952,23.360048174143813,0.5423904945183995,0.1878929595333096,False,-1.0059195815031992,False,-0.5996616484465096,False,-6.386928874004322,True,0.7437503092587074,False
88.88294838518952,23.360048174143813,0.5592130032334512,0.15564695688951036,False,-0.8427898216398011,False,-0.3682506684641512,False,-5.443664326550424,False,0.9176374918568414,False
88.93294838518952,23.360048174143813,0.6001766233392223,0.22191879955193544,False,-0.5273507046326504,False,-0.15365686292799097,False,-3.1006001563865855,False,0.6743169206171921,False
88.98294838518952,23.360048174143813,0.6682629482951682,0.184662794468168,False,0.9496297015354533,False,-0.11192072986199322,False,-0.3093475723741168,False,0.20926374275196974,False
89.03294838518953,23.360048174143813,0.7074993484772858,0.41525303548727216,False,2.0148245901954343,False,0.10740201714845556,False,-1.3189883578546704,False,-0.04020462207271259,False
89.08294838518952,23.360048174143813,0.6389467469147084,0.21686613423556453,False,1.553727688517956,False,0.1307351477612344,False,-1.6614392097051938,False,-0.13535843297629263,False
89.13294838518952,23.360048174143813,0.5436985718391224,0.10198092936216191,False,1.1548065078760665,False,0.03492709712608673,False,-1.5734815860804867,False,-0.014079826166758111,False
89.18294838518952,23.360048174143813,0.44951613968055915,-0.001017242912255717,False,1.0225571493114838,False,-0.03621595696704241,False,-1.8523354150463813,False,0.13311323253879004,False
89.23294838518952,23.360048174143813,0.41325912696923467,-0.02581122362877991,False,0.8484894609806266,False,-0.05224918910365487,False,-1.6322957853910067,False,0.10936790525562452,False
89.28294838518953,23.360048174143813,0.44917377157893584,-0.05966284936446663,False,0.6849859995411207,False,-0.05328191802496492,False,-1.2154724986652423,False,-0.03691399954121566,False
89.33294838518952,23.360048174143813,0.47135493497182807,0.024961247678244924,False,-0.04195048084721742,False,0.05602858056710984,False,-1.976500300162278,False,-0.21422119345403748,False
89.38294838518952,23.360048174143813,0.4700847853997178,0.3043955413972094,False,-1.3521534512634306,False,0.1845340321973038,False,-3.5918467219266446,False,-0.45356653461831153,False
89.43294838518952,23.360048174143813,0.4960329588303057,0.5207156183978449,False,-1.3977928311103351,False,0.2161978217517828,False,-4.390537062739318,False,-0.3249992941696769,False
89.48294838518952,23.360048174143813,0.5815793255509676,0.6211262515963814,False,-1.7244303807628136,False,0.14867500585994142,False,-4.3208532772401345,False,-0.22878321989032166,False
89.53294838518953,23.360048174143813,0.6605769355337294,0.5300785746929699,False,-1.913129093406753,False,0.02411679491456742,False,-3.986030564323477,False,-0.2965178072729325,False
89.58294838518952,23.360048174143813,0.6821672546614412,0.27777291031707846,False,-1.5622207802007209,False,-0.10439954369177318,False,-3.480454216887768,False,-0.5143542703643169,False
89.63294838518952,23.360048174143813,0.6487602601540251,0.24936731473408263,False,-0.9464403081895016,False,-0.20987959684409835,False,-2.6693445302949117,False,-0.3385374702249838,False
89.68294838518952,23.360048174143813,0.521509732686541,0.25870189626860396,False,-0.001861331493022915,False,-0.22421656842084856,False,-1.607380460334216,False,0.054173508473859794,False
89.73294838518952,23.360048174143813,0.3439872576904495,0.23793261501602078,False,0.448032714458799,False,-0.1594151783642054,False,-0.9396526850305136,False,0.20263041316440455,False
89.78294838518953,23.360048174143813,0.5280344468511846,0.11822061492891305,False,0.31918261443363655,False,-0.18213842148589907,False,-0.5438093972851128,False,0.3710032137019328,False
89.83294838518952,23.360048174143813,0.7326662025540499,-0.06069686592586651,False,-0.16305261845555907,False,-0.18279843474195645,False,0.06715417083738967,False,0.7754301484958992,False
89.88294838518952,23.360048174143813,0.8189377227034358,0.34087702963397426,False,-0.4186291785717159,False,-0.1203880385432553,False,-0.6893546785849257,False,1.103478453320259,False
89.93294838518952,23.360048174143813,0.8403166881084969,0.7192939007398641,False,-0.06044883676799512,False,0.03491449658075303,False,-2.6304968038536627,False,0.11347598051227459,False
89.98294838518952,23.360048174143813,0.833845298522535,0.6977375093188457,False,0.06366577241791388,False,0.10214806650538448,False,-3.2656238977196677,False,-0.44250960017869884,False
90.03294838518953,23.360048174143813,0.7876429379509173,0.4667327994539106,False,-0.418061858044762,False,0.011465314988402864,False,-1.6476924628408942,False,0.2350616557457147,False
90.08294838518952,23.360048174143813,0.702034385685972,0.1005261665035582,False,-0.7340050503122694,False,-0.11490213855770809,False,0.01207843995616048,False,0.17549538625603778,False
90.13294838518952,23.360048174143813,0.6547405223696419,-0.14894593318150773,False,-0.8884693234200933,False,-0.11551128383545035,False,0.9461863626370971,False,-0.1398271781185918,False
90.18294838518952,23.360048174143813,0.7307811032694529,-0.14917506646448303,False,-0.9480730221652227,False,-0.03310799638238661,False,1.1158024394192139,True,-0.2931329202105881,False
90.23294838518952,23.360048174143813,0.7916857674010788,-0.15257701783291577,False,-1.0382339658879018,False,0.050007350973523906,False,1.1500527539620191,True,-0.49434866938679867,False
90.28294838518951,23.360048174143813,0.8155408037796317,-0.19535824973652322,False,-1.1723641158734273,True,0.11819546996518787,False,1.0773060734321205,True,-1.0428632664499402,False
90.33294838518952,23.360048174143813,0.8098268370670301,-0.2343837149330336,False,-1.1647374689102596,True,0.19928793162626107,False,0.7862339771935374,True,-1.8997845001675957,True
90.48294838518952,23.360048174143813,0.6991823145361739,-0.29043215931969946,False,-0.6364409503363219,False,0.35129893234105863,False,-0.013237374559626966,False,-0.3815836987329948,False
90.53294838518951,23.360048174143813,0.6396790624149945,-0.16571382975783672,False,-0.3057782033615816,False,0.3978478737681501,False,-0.11639341116560827,False,-0.1679681391349182,False
90.58294838518952,23.360048174143813,0.5652320316101472,-0.013942903033591709,False,-0.2758882469653493,False,0.40373353470731344,False,-0.038303665549661386,False,-0.11039935721605698,False
90.63294838518952,23.360048174143813,0.42994319980521817,0.06904049339329489,False,-0.32742333140260665,False,0.17694956952670504,False,0.1896044208146686,False,-0.15025347510857084,False
90.68294838518952,23.360048174143813,0.28910357120696817,0.06875154594071592,False,-0.2992634803452855,False,0.04964155301626048,False,0.1542410033660953,False,0.15440852052847817,False
90.73294838518952,23.360048174143813,0.4124839487609354,0.11246175167755848,False,-0.30078089379393014,False,-0.08795500430699438,False,0.003996993939091167,False,0.17542107300387405,False
90.78294838518951,23.360048174143813,0.6055087324572213,-0.3530835471739681,False,-0.32292333407117957,False,-0.15623975356772596,False,0.029757880301403278,False,-0.4259502635791538,False
90.83294838518952,23.360048174143813,0.6719862808268349,-0.40624124614264845,False,-0.26221919242454156,False,-0.159281706893382,False,-0.05301561778507373,False,-0.3872819298643195,False
90.88294838518952,23.360048174143813,0.6624689365982583,-0.538692334994832,False,-0.08941877233054318,False,-0.031210030827706958,False,-0.07030949887090725,False,-0.2111545755244626,False
90.93294838518952,23.360048174143813,0.5608406980467802,-0.7465413522443152,False,-0.28728099150857056,False,0.054636010816103,False,0.3426369395041929,False,0.05297254776347193,False
90.98294838518952,23.360048174143813,0.5254276657054233,-0.5762232800321792,False,-0.8111798306276331,False,0.049170645650256195,False,0.7898108645393009,False,0.40931460723773566,False
91.03294838518951,23.360048174143813,0.5839122662592473,0.23337404176587798,False,-1.4652796941333848,False,0.04585349113750725,False,0.9374173395511615,False,0.4589994307150588,False
91.08294838518952,23.360048174143813,0.5914201917048967,0.9002156812693953,False,-2.3435800159651476,True,0.06325530893350617,False,0.9601506420069678,False,0.22924920821547481,False
91.13294838518952,23.360048174143813,0.599356652987892,0.9087219190268714,False,-2.359025739491173,True,0.21801695175487806,False,1.0928054201756159,False,0.16561273670445764,False
91.18294838518952,23.360048174143813,0.6268218669973739,0.7646453855936676,False,-1.9758002077313126,False,0.29437414334086104,False,1.0949139246470834,False,0.1237104517816691,False
91.23294838518952,23.360048174143813,0.6585972316907298,0.6242992263629698,False,-1.6545374052043673,False,0.3122501343000218,False,1.1130852059335883,False,0.1680417477548106,False
91.28294838518951,23.360048174143813,0.6805257437014599,0.38369234774702105,False,-1.188511942847158,False,0.2982453577071257,False,1.1664704343452164,False,0.3154955738992289,False
91.83294838518952,23.360048174143813,0.20279915372977525,-0.3976882159381002,False,0.4925589815721879,False,-0.14376471728497775,False,0.243128409063758,False,0.3478974497049503,False
91.88294838518952,23.360048174143813,0.194404781522367,-0.3536152238194238,False,0.4497352540410485,False,-0.1471306380139321,False,0.2421019396042583,False,0.29024290953139276,False
91.93294838518952,23.360048174143813,0.189961348258136,-0.3193752547115556,False,0.42106764383929673,False,-0.1685081850104574,False,0.409949851256328,False,0.17982805882740316,False
91.98294838518952,23.360048174143813,0.18951003065499747,-0.28300935468853883,False,0.4119023149019807,False,-0.22623682255098043,False,0.762265042614878,False,-0.03184734790525634,False
92.03294838518951,23.360048174143813,0.26250396981359175,-0.22173346298660668,False,0.1456725041620984,False,-0.2793370499135906,False,0.20665955741957776,False,-0.4555635119483528,False
92.08294838518952,23.360048174143813,0.35568269338205444,-0.1942840769444383,False,0.011701766255029444,False,-0.304187715908552,False,-0.08236671195360368,False,-0.8825940823144265,False
92.13294838518952,23.360048174143813,0.4104866878665621,0.054610713655642365,False,-0.1143116458108998,False,-0.3709277801821893,False,0.09623436661675722,False,-1.285354040213134,True
92.18294838518952,23.360048174143813,0.3940315838769647,-0.11045281730898976,False,0.05408548103971675,False,-0.1500312227489304,False,0.29423651851197674,False,-0.9834971168802179,False
92.23294838518952,23.360048174143813,0.3357198395270653,-0.3073348459221598,False,0.08604280397329941,False,0.07284173356579127,False,0.31573899745690104,False,-0.5255315726845456,False
92.28294838518951,23.360048174143813,0.3479978744702426,-0.4025309214729822,False,0.0785438251733584,False,0.13347295576694101,False,0.3393187107760197,False,-0.4226534697618433,False
92.33294838518952,23.360048174143813,0.36837773761274367,-0.43771884583963705,False,0.08588355780899253,False,0.1288001954311056,False,0.3161127053389861,False,-0.4150727916917906,False
88.73294838518952,23.310048174143816,0.5294973633804589,0.2509066882885494,False,-1.132167665101747,False,-0.8103200391498371,False,-6.846864707348587,True,-0.0022510052958253923,False
88.78294838518953,23.310048174143816,0.5409860855191406,0.08870075179860448,False,-1.0137198271164334,False,-0.6389312207996206,False,-7.310339958701542,True,0.37590787450196994,False
88.83294838518952,23.310048174143816,0.5684516790625678,-0.08873070853804749,False,-0.8131739264387023,False,-0.3868611704145306,False,-7.520675821573401,True,0.7795968083420204,False
88.88294838518952,23.310048174143816,0.6064040475317947,-0.1791962612874694,False,-0.6248441348051665,False,-0.08999699110862039,False,-7.093674150907704,True,1.0002908827152945,False
88.93294838518952,23.310048174143816,0.6448930670568876,-0.4416896131514492,False,-0.4623295041820577,False,0.18674779441237632,False,-6.105876358267697,True,0.9978563659944858,False
88.98294838518952,23.310048174143816,0.7370521626926795,-0.37000164955181314,False,1.250927031295034,False,0.340282810877526,False,-2.0150972630916595,False,0.2784435524313639,False
89.03294838518953,23.310048174143816,0.7866435476895682,0.08811108439904358,False,2.6544481472221095,True,0.41266706660655395,False,-1.082529785895667,False,-0.1613099907142614,False
89.08294838518952,23.310048174143816,0.7356037452219257,0.23716247631610732,False,2.1530423954599156,False,0.3277768654210319,False,-1.3189448443706686,False,-0.30120079601187333,False
89.13294838518952,23.310048174143816,0.6575166501661883,0.5472184392894941,False,1.2241220528389813,False,0.09460339312502924,False,-1.5534156568244366,False,-0.11747394174603831,False
89.18294838518952,23.310048174143816,0.5618012226525512,0.6234582157160792,False,0.5583773408337378,False,-0.009203640409087332,False,-1.7884761196248364,False,0.11104187852210799,False
89.23294838518952,23.310048174143816,0.44224558654148904,0.5026312669944274,False,0.2039203400669214,False,0.07041465784600463,False,-1.9961964194818902,False,0.334685353859889,False
89.28294838518953,23.310048174143816,0.3216927442164881,0.24929684477467995,False,0.14521411845534604,False,0.10727914143610404,False,-1.5003981037908778,False,0.30822524603632856,False
89.33294838518952,23.310048174143816,0.2258707794584409,0.02888020620827011,False,-0.08936655181973209,False,0.10571121962952762,False,-0.6927914348459222,False,0.10082852540338315,False
89.38294838518952,23.310048174143816,0.2603730941996207,0.4361951903726543,False,-1.6539752312089968,False,0.0812522740840248,False,-2.6245987203629646,False,-0.043397461060438604,False
89.43294838518952,23.310048174143816,0.3973472742641,0.6914638801272136,False,-2.6196391590290657,False,-0.003320380324437794,False,-2.997488097862422,False,-0.19582281232997678,False
89.48294838518952,23.310048174143816,0.5178957503443411,0.8243337721713814,False,-2.9961060249708624,False,-0.0918931584873302,False,-2.021065389848988,False,-0.2745009044887285,False
89.53294838518953,23.310048174143816,0.6101312789369274,0.8852003897057621,False,-3.227768542618501,False,-0.15658548333725705,False,-1.8083863317632152,False,-0.4405656278609379,False
89.58294838518952,23.310048174143816,0.6351756342990622,0.819106640543825,False,-3.0661242030908955,True,-0.21556619900048044,False,-1.8798855784866202,False,-0.6939079925794852,False
89.63294838518952,23.310048174143816,0.6125885767629801,0.7263193594555353,False,-2.6313936443202133,False,-0.26849500186062003,False,-1.7489248649677016,False,-0.6442792336226499,False
89.68294838518952,23.310048174143816,0.5446947580955005,0.44241716729947556,False,-1.2714215094445578,False,-0.3009119909793819,False,-1.432375650788748,False,-0.06381139315078425,False
89.73294838518952,23.310048174143816,0.63070882356681,0.21616244086216432,False,-0.7008686576860025,False,-0.3788547041606941,False,-1.1467463711598438,False,0.4888026002823903,False
89.78294838518953,23.310048174143816,0.8075808636650996,0.2425935582905873,False,-1.8740904868845325,False,-0.4798804091080892,False,0.019086443307419154,False,0.9311851354290497,False
89.83294838518952,23.310048174143816,0.8866241350688888,0.49008418284719923,False,-2.3922429412993416,True,-0.4314493753992641,False,0.9004909231888907,False,1.2847700444443713,False
89.88294838518952,23.310048174143816,0.9204800168248487,1.6993263829563754,True,-1.3182173947320863,False,-0.4848240298477209,False,-1.731969098774198,False,0.3772312476144539,False
89.93294838518952,23.310048174143816,0.9292302660217993,2.2137409781029316,True,-0.715185601494642,False,-0.3833979465141917,False,-3.7486326411778355,True,-0.9382059381375243,False
89.98294838518952,23.310048174143816,0.9228188559228945,1.6879259331566203,True,-0.6542153340912203,False,-0.22574235881034427,False,-3.6918031995315683,True,-1.1671321947941171,False
90.03294838518953,23.310048174143816,0.9047517129280663,1.1775925572513646,False,-0.8317518767049049,False,-0.19775508818466483,False,-2.5318401122943692,False,-0.31673718136872253,False
90.08294838518952,23.310048174143816,0.8540295444982362,0.49383495882077255,False,-0.9820734159649833,True,-0.1414499736813473,False,-0.7533132228620804,False,0.058060196883253146,False
90.13294838518952,23.310048174143816,0.7420754991371951,0.0016708722602701287,False,-0.9845485378725922,False,0.018242834746896225,False,0.46056969434865447,False,-0.2346564915583249,False
90.18294838518952,23.310048174143816,0.6045360773937394,-0.14124239657195573,False,-1.0099913514021583,False,0.15392190382447843,False,0.9069836127744128,False,-0.515007793337886,False
90.23294838518952,23.310048174143816,0.6814450811827149,-0.3427726794266233,False,-1.1432535389367822,False,0.17236255975477924,False,1.2913452971856203,True,-0.8678706427838022,False
90.28294838518951,23.310048174143816,0.7771932745469113,-0.5840702556860851,True,-1.0228274199579581,False,0.10248522561705084,False,1.592895257986565,True,-1.3659520878519358,False
90.33294838518952,23.310048174143816,0.7973167013343364,-0.7070309599125624,True,-0.9744585688901486,True,0.11912483177538968,False,1.5401766795434118,True,-1.6505151712757242,True
90.38294838518952,23.310048174143816,0.7750124656816298,-0.7092146377006764,True,-1.041386817090258,True,0.2949695093469373,False,1.1019117359583936,True,-1.5745484288524414,True
90.43294838518952,23.310048174143816,0.7377923344288106,-0.5763304779188326,False,-0.762895983025649,False,0.44731602018213024,False,0.27639596741106254,False,-0.9638414982407063,True
90.48294838518952,23.310048174143816,0.6887563338216233,-0.37239246203346177,False,-0.521953083656981,False,0.33998022906821246,False,-0.13625770446724456,False,-0.3935154592226952,False
90.68294838518952,23.310048174143816,0.41849900178175403,0.18147991585950207,False,-0.3528848249456721,False,0.18662591109230114,False,-0.046976496490110695,False,-0.006619347176622867,False
90.73294838518952,23.310048174143816,0.47140994103428746,0.21062116322989305,False,-0.3918491021309393,False,0.07464106256872466,False,-0.19137573660071874,False,-0.0061689039341534385,False
90.78294838518951,23.310048174143816,0.568849273883633,-0.00386308419752511,False,-0.4374124614834488,False,-0.06417150280930921,False,-0.12888728581486247,False,-0.4745639095785199,False
90.83294838518952,23.310048174143816,0.6285720611394106,-0.187154489574851,False,-0.34188909403315404,False,-0.08974362364593516,False,-0.13261105935750211,False,-0.4344591736395548,False
90.88294838518952,23.310048174143816,0.6455588702586876,-0.29468341017504956,False,-0.14835846912792713,False,-0.04319389487888249,False,-0.23904282553390538,False,-0.16432685759026677,False
90.93294838518952,23.310048174143816,0.6209502062590652,-0.3385184061831813,False,-0.2275318231048727,False,0.02345590031444006,False,-0.13783530412736,False,-0.038151225707251046,False
90.98294838518952,23.310048174143816,0.667515617676739,-0.5551813307323468,False,-0.9250660222604496,False,0.15495560531209418,False,0.48316657022362197,False,0.10985921987023656,False
91.03294838518951,23.310048174143816,0.721693903289443,-0.18653719316664735,False,-1.8629382208953569,True,0.178017331882348,False,0.7625183769358155,False,0.26160008573737753,False
91.08294838518952,23.310048174143816,0.734675112367076,0.5404810821131677,False,-2.668999821116758,True,0.20215198912876248,False,0.8225444682118539,False,0.14943798826286023,False
91.13294838518952,23.310048174143816,0.7333377898714,0.5161532407488708,False,-2.974636035557972,True,0.3472200343853264,False,1.4679789504359637,False,0.3099584579038493,False
91.18294838518952,23.310048174143816,0.7266828013938811,0.38186586906123543,False,-2.976072240638631,True,0.35581939762723136,False,1.9554651278371764,False,0.45158920920495316,False
91.23294838518952,23.310048174143816,0.7302953448452769,0.16881474500427626,False,-2.484557259742324,True,0.34409671685195975,False,2.085512922043498,False,0.5296134748504313,False
91.28294838518951,23.310048174143816,0.723759323297951,0.06299132530592111,False,-1.850871020177705,False,0.3070653650923487,False,1.871417441601325,False,0.6247338157198499,False
91.83294838518952,23.310048174143816,0.23506628720461176,-0.3853383556251619,False,0.524496916937454,False,-0.1204923983849625,False,-0.09897504842980531,False,0.39865774558728784,False
91.88294838518952,23.310048174143816,0.22800093481987418,-0.3175902494612972,False,0.492731005749857,False,-0.12209120679660979,False,-0.5576199833100532,False,0.46876030243815364,False
91.93294838518952,23.310048174143816,0.23906069905553104,-0.2517814330357094,False,0.4350422821938146,False,-0.10708602565115599,False,-0.9744967282252728,False,0.5138937647031833,False
91.98294838518952,23.310048174143816,0.25656332156761263,-0.23732310450036553,False,0.36727816408995123,False,-0.0872451164921596,False,-1.5794869500026667,False,0.5026648966360348,False
92.03294838518951,23.310048174143816,0.33664780238947517,-0.3602472852706198,False,0.3118183090591488,False,0.008235406306992044,False,-1.5217350423405829,False,0.2976735265159323,False
92.08294838518952,23.310048174143816,0.42640402517208065,-0.48866936675211553,False,0.35754144179245395,False,0.030418536770787333,False,-1.1191089797140903,False,-0.05755378200842104,False
92.13294838518952,23.310048174143816,0.4666858170975651,-0.3207649116672493,False,0.2313117116554506,False,-0.03703676652770771,False,-0.6546079388320938,False,-0.39810013258815696,False
92.18294838518952,23.310048174143816,0.4209188857724087,-0.16060406369505037,False,0.1754687673179801,False,0.05115404770783283,False,-0.34669815359601197,False,-0.37665180096120854,False
92.23294838518952,23.310048174143816,0.36828318505101304,-0.14055406538202025,False,0.22507603515587637,False,0.10476701235519867,False,-0.24397616931984584,False,-0.28188761125149997,False
92.28294838518951,23.310048174143816,0.41841452795710604,-0.17067024089765181,False,0.28472095767451316,False,0.079706198433979,False,-0.11449732233002763,False,-0.3366764179681916,False
92.33294838518952,23.310048174143816,0.438072309565173,-0.1901844114271673,False,0.3170437652761356,False,0.04951659174745167,False,-0.17160066401686536,False,-0.3077447108800365,False
92.38294838518952,23.310048174143816,0.48430015557866196,-0.19254059679794883,False,0.35329500301691624,False,0.045555142340875654,False,-0.21048681223836907,False,-0.3232979172696006,False
88.73294838518952,23.26004817414381,0.5779129906594719,-0.7587357045202008,False,-0.21182024498104396,False,-0.4214097323881396,False,-6.140141044774843,False,-0.16800801830798162,False
88.78294838518953,23.26004817414381,0.5886106077671182,-0.7980890438598542,False,-0.2374027209098986,False,-0.2712125945672254,False,-6.725326042627438,True,0.1997781488125347,False
88.83294838518952,23.26004817414381,0.6200242115387303,-0.772333841936281,False,-0.23764177094611555,False,-0.027563817471150942,False,-7.0848212013482055,True,0.5912499265568237,False
88.88294838518952,23.26004817414381,0.6286475162413733,-0.7241638460200241,False,-0.4805203868279104,False,0.1906250568579238,False,-7.420690499916553,True,0.7990076740334151,False
88.93294838518952,23.26004817414381,0.672919723390184,-0.9720684429631097,False,-0.6077192231080394,False,0.4797754523707993,False,-6.745658351926988,True,0.7621516126447846,False
88.98294838518952,23.26004817414381,0.7687907473567543,-0.958795712757372,False,1.0278792704675228,False,0.7202425809463687,True,-2.693815825370944,False,0.1260567829614387,False
89.03294838518953,23.26004817414381,0.8098418584845458,-0.12685194006708878,False,2.4823237287765485,False,0.708837058421171,True,-1.3150334950681188,False,-0.16345804506623868,False
89.08294838518952,23.26004817414381,0.7727224988113218,0.4806097624933572,False,1.6842012983618646,False,0.44885146106208057,False,-1.0336796695073485,False,-0.07234157173797404,False
89.13294838518952,23.26004817414381,0.7007966399424761,0.68359492870733,False,0.09181095908585182,False,0.1820084053535316,False,-0.476097175534928,False,0.06824617627467137,False
89.18294838518952,23.26004817414381,0.6283385920320258,0.562308844958807,False,-0.9634350724960989,False,0.09257802881232285,False,0.24504360238801992,False,0.24802793316964106,False
89.23294838518952,23.26004817414381,0.5781398850941811,0.2753500805804567,False,-1.3522655446093546,False,0.12008388091285202,False,0.41506874937364235,False,0.5573801726318262,False
89.28294838518953,23.26004817414381,0.5293883227480559,-0.04498329750971568,False,-1.3328983021082306,False,0.01648871148716327,False,1.3703586384743245,False,0.4469845706842779,False
89.33294838518952,23.26004817414381,0.489294720586769,-0.059190136038276636,False,-1.5339763167740554,False,-0.12638196042625022,False,1.8732451316148397,False,0.09910446822764134,False
89.38294838518952,23.26004817414381,0.49261320564738337,0.5380864336705332,False,-2.442851501147821,False,-0.14398578986903277,False,-0.765815357812489,False,-0.013540066006728302,False
89.43294838518952,23.26004817414381,0.5500662174119328,0.7402496868465944,False,-2.8701776447683893,True,-0.11845966257110893,False,-1.513081830500353,False,-0.15357553395511586,False
89.48294838518952,23.26004817414381,0.6347960370418203,0.8423325360109866,False,-3.2638657107052023,True,-0.23677866224954452,False,0.15508734301664284,False,-0.37370961439317973,False
89.53294838518953,23.26004817414381,0.6927028461721736,1.0331927708980526,False,-3.8358397843335936,True,-0.3044785269228651,False,0.06103547287826938,False,-0.6394470394560149,False
89.58294838518952,23.26004817414381,0.7104328131906866,1.1198724685491002,False,-4.045408258959467,True,-0.29816531221836795,False,-1.1218969504717087,False,-0.9679605032746464,False
89.63294838518952,23.26004817414381,0.6951409535839281,0.954241619264131,False,-3.7597779116100454,True,-0.22791659052770222,False,-2.071766658238878,False,-1.1037465816569556,False
89.68294838518952,23.26004817414381,0.6442588036183501,0.5694923921212509,False,-2.629026004741239,True,-0.29040264790904513,False,-1.5775764505100098,False,-0.2657851867915431,False
89.73294838518952,23.26004817414381,0.7305826588057311,0.33887919042496495,False,-2.1285545365623797,False,-0.48302892699822286,False,-0.8341202048427951,False,0.5310789581452022,False
89.78294838518953,23.26004817414381,0.8670189480920533,0.6178122497458645,False,-3.4006206088179134,True,-0.6841206970044538,False,0.6279343301609794,False,0.7799068928006871,False
89.83294838518952,23.26004817414381,0.9198982062656524,1.2994448361213813,True,-3.743488666435124,True,-0.7393278214233677,False,1.461662677174145,False,0.32631794612867,False
89.88294838518952,23.26004817414381,0.9416541348469655,2.385240051478699,True,-2.3507424815810447,True,-0.7722113808146427,True,-0.9048615721310734,False,-1.225493284622482,False
89.93294838518952,23.26004817414381,0.9462305982523176,2.4754690943161375,True,-1.5823957128632857,True,-0.5234980562265774,False,-2.543867637653416,False,-1.8807393798574998,True
89.98294838518952,23.26004817414381,0.9422846246235492,1.8026436476191556,True,-1.264930283547065,False,-0.21812315252157138,False,-2.792858999670459,False,-1.6436281290611745,False
90.03294838518953,23.26004817414381,0.9355891545732861,1.0286294905787745,False,-1.0826781029348729,False,-0.10633663677964708,False,-2.0443328738270816,False,-1.1537781772827438,False
90.08294838518952,23.26004817414381,0.9196206471279881,-0.06670302676618214,False,-1.1251206046133406,True,0.035257489218530697,False,0.29985104880083724,False,-1.2427870449008822,False
90.13294838518952,23.26004817414381,0.8813907431581333,-0.505967058658177,False,-1.1540117511349723,True,0.27689797413534434,False,1.4541466367326785,False,-1.4459955040694048,False
90.18294838518952,23.26004817414381,0.7733560475838389,-0.25710031129250277,False,-1.0798140055133192,False,0.35237244577000876,False,1.0266258846687542,False,-1.1567216894646384,False
90.23294838518952,23.26004817414381,0.7231798120553965,-0.4143694293554072,False,-1.011448152360777,False,0.30353863069045933,False,1.2825366158163283,True,-1.4462284717723686,False
90.28294838518951,23.26004817414381,0.7783131130585947,-0.6697339937662492,True,-0.5411855588494489,False,0.156544911260721,False,1.4961547015467764,True,-2.1403755644458164,True
90.33294838518952,23.26004817414381,0.7832905784506228,-0.924051639191531,True,-0.24693494434960894,False,0.12848797731050757,False,1.5182331498621873,True,-2.2776336271219773,True
90.38294838518952,23.26004817414381,0.7523649211090159,-1.1860257552696658,True,-0.5408703092819026,False,0.27642590051691096,False,1.5691536519245697,True,-1.540557352848522,True
90.43294838518952,23.26004817414381,0.7146912845852756,-0.9936299594563667,True,-0.45999777846269235,False,0.41647994219465556,False,0.721285574341402,False,-0.8518961001005207,False
90.48294838518952,23.26004817414381,0.6722207176760785,-0.5003674196743891,False,-0.23618845004785932,False,0.40240842502126384,False,-0.19498509595378483,False,-0.4818077967142853,False
90.53294838518951,23.26004817414381,0.6301127558188113,-0.18972440605988145,False,-0.3396572647673518,False,0.34754816848924075,False,-0.32421012643260877,False,-0.044288533122372464,False
90.58294838518952,23.26004817414381,0.5669424086316616,-0.03617916499237574,False,-0.3099811970253932,False,0.40813073418440315,False,-0.18870855705112133,False,0.26315015842834455,False
90.68294838518952,23.26004817414381,0.4777304206783837,0.16781260894896244,False,-0.3048334982540126,False,0.27675968996845735,False,-0.124840000954101,False,-0.06227186468580066,False
90.73294838518952,23.26004817414381,0.39767000392371765,0.0868848294369297,False,-0.26764669215267595,False,0.15501636736864494,False,-0.12372841343549804,False,-0.2755275757943905,False
90.78294838518951,23.26004817414381,0.41610316972689665,-0.17344971672499243,False,-0.273286740389612,False,0.04430947226195521,False,-0.053172400818940535,False,-0.6034941162734716,False
90.83294838518952,23.26004817414381,0.49726567014977435,-0.4086966023850155,False,-0.19768845501439333,False,-0.0015049248862036013,False,-0.03920584008269602,False,-0.508200548778285,False
90.88294838518952,23.26004817414381,0.5882823297708635,-0.4206391062607427,False,-0.10507173422653598,False,-0.029871821799688898,False,-0.18292706468758113,False,-0.22432081615463584,False
90.93294838518952,23.26004817414381,0.6453925124409282,-0.20634194251928772,False,-0.23164958726874813,False,0.0404493556293135,False,-0.3856306320238495,False,-0.30565007455757476,False
90.98294838518952,23.26004817414381,0.6865463679940422,-0.25968220629575467,False,-0.99629930332097,False,0.16919718268050987,False,0.014812946610657185,False,-0.6323080773667078,False
91.03294838518951,23.26004817414381,0.7356824105868222,-0.06418468204596373,False,-1.8820578215244925,True,0.16793567797423647,False,0.24223545894691628,False,-0.5398720045188805,False
91.08294838518952,23.26004817414381,0.7586224031543856,-0.029531119702717046,False,-2.3143530270253607,True,0.20840906275514065,False,0.44891511864766614,False,0.06805637440746419,False
91.13294838518952,23.26004817414381,0.7712340758203061,-0.39494808427074235,False,-2.571019012149117,True,0.23774837913360464,False,1.196537639667591,False,0.7252458193854157,False
91.18294838518952,23.26004817414381,0.7751864142617496,-0.4870516700188517,False,-2.851885268584205,True,0.17309776611681427,False,2.0521150676195203,False,1.1245629787692821,False
91.23294838518952,23.26004817414381,0.7644889500523326,-0.4464560259610427,False,-2.4356038473121626,True,0.24951672855122556,False,2.0690966946523828,False,1.0292788630670064,False
91.28294838518951,23.26004817414381,0.7519317946763698,-0.30629588789044937,False,-1.513212623014764,False,0.26989008479756404,False,1.2165384415830935,False,0.9175357562629498,False
91.43294838518952,23.26004817414381,0.720697806840498,0.5258055384313791,False,0.3370855581655096,False,0.010860367259161613,False,-0.40246811316782094,False,1.3061379962625517,True
91.78294838518951,23.26004817414381,0.2794610703785869,-0.3663395443810594,False,0.6422738564303443,False,-0.052339459164943425,False,-0.45138281683041925,False,0.4008554350883469,False
91.83294838518952,23.26004817414381,0.27090106788503054,-0.3045353386924847,False,0.6430635951977951,False,-0.06179190442161353,False,-1.160608454145538,False,0.5645070842696449,False
91.88294838518952,23.26004817414381,0.27214191450938663,-0.300823475713178,False,0.6851525737798655,False,-0.06837638241709654,False,-1.7384122099495007,False,0.637695694954772,False
91.93294838518952,23.26004817414381,0.2932016987125482,-0.3065086801692023,False,0.7224695679421018,False,-0.0739787858301858,False,-2.551548307765131,False,0.751210711641032,False
91.98294838518952,23.26004817414381,0.3598371052761633,-0.3603073001328755,False,0.6926764777548815,False,-0.0031745750159097863,False,-3.4377665851030317,False,0.8700342567371492,False
92.03294838518951,23.26004817414381,0.45808112054327293,-0.41354645289786784,False,0.5285084354238831,False,0.1762837412356027,False,-3.7500884344404035,False,0.9171041589326957,False
92.08294838518952,23.26004817414381,0.5115148583141274,-0.38278852653962614,False,0.3472841144531772,False,0.1818912988782822,False,-3.4652796493340308,False,0.7172114554439994,False
92.13294838518952,23.26004817414381,0.4965116042286892,-0.3448703325799043,False,0.29853345619392063,False,0.14381368766772967,False,-2.9354715788206565,False,0.5313784022083234,False
92.18294838518952,23.26004817414381,0.4640309156093864,-0.16207212574991914,False,0.1834381731563976,False,0.07441987311661497,False,-2.0715470769210387,False,0.20157533228725485,False
92.23294838518952,23.26004817414381,0.47102165256016754,-0.03652212521656789,False,0.27118041521432706,False,-0.0031107692919242758,False,-1.3926488618025907,False,-0.05509241717825461,False
92.28294838518951,23.26004817414381,0.5764356842235262,0.04392111672197307,False,0.37407244002811035,False,0.06800386666700695,False,-0.7985355728490344,False,-0.2596098358124417,False
92.33294838518952,23.26004817414381,0.6065879402987996,0.08389499507231434,False,0.47950456700777494,False,0.05021283039777934,False,-0.7628291408474774,False,-0.26309744876391894,False
92.38294838518952,23.26004817414381,0.6251889492172037,0.06015181649970153,False,0.518250967303403,False,0.054200767823499724,False,-0.758727716487626,False,-0.27765179773911386,False
88.93294838518952,23.21004817414381,0.7086072199290002,-1.2585053641754433,False,-0.42756439109689315,False,0.6399544845401242,False,-4.0213163911318635,False,0.18436441106505141,False
88.98294838518952,23.21004817414381,0.7810973336531114,-0.8595010316429066,False,0.2872110858064503,False,0.7095190073137008,True,-2.27342690735726,False,0.0756701953552153,False
89.03294838518953,23.21004817414381,0.788703763902364,-0.2099068112368323,False,0.6979202992514955,False,0.6034334479391026,False,-0.5333179949906727,False,0.20821055700247015,False
89.08294838518952,23.21004817414381,0.742267605560565,0.08390925347162567,False,-0.7034167196291147,False,0.390232730639987,False,0.7506523886803357,False,0.3833337083435542,False
89.13294838518952,23.21004817414381,0.6772539138189304,0.2167539487751673,False,-1.7139831184377734,False,0.22595386152000457,False,1.6700973463225741,False,0.2315478504970409,False
89.18294838518952,23.21004817414381,0.6670691799314871,0.25917672619443544,False,-2.0313252358470586,True,0.0315408719280888,False,2.301934725778424,False,0.059470047523551506,False
89.23294838518952,23.21004817414381,0.7148654322888078,0.11552044207361938,False,-2.1872636861973405,True,0.00027171045206270117,False,2.838945649048658,False,0.043476088449828476,False
89.28294838518953,23.21004817414381,0.7510659161415825,0.050069462296954824,False,-2.3601271419788237,True,-0.01705378858062845,False,2.977714167756609,False,0.030446831236234026,False
89.33294838518952,23.21004817414381,0.7666334317574851,0.31829223465229584,False,-2.7987183413718664,True,-0.12034724158744842,False,2.0049366714248182,False,-0.08438116270753676,False
89.38294838518952,23.21004817414381,0.7514638236298556,0.6606065018382852,False,-3.194536384030248,True,-0.11926924272133207,False,0.2430684770219616,False,-0.1837291158050455,False
89.43294838518952,23.21004817414381,0.7456175069927778,0.7706179714997952,False,-3.513603426734501,True,-0.10814559401646257,False,-1.1413679305498108,False,-0.3310361141368779,False
89.48294838518952,23.21004817414381,0.7701890237780987,0.8207202741982722,False,-3.833665742396366,True,-0.2228082683729422,False,-0.5877505086720634,False,-0.6706329066282528,False
89.53294838518953,23.21004817414381,0.7779118503557639,0.7515532329959307,False,-3.9686737207359117,True,-0.25746482966294204,False,-0.8857232599889235,False,-1.0124408218239176,False
89.58294838518952,23.21004817414381,0.7765931577724522,0.6430804463673578,False,-3.859081878811967,True,-0.20353381311332436,False,-2.9837018317733115,False,-1.4983027338612196,True
89.63294838518952,23.21004817414381,0.7668607221727025,0.85309213520734,False,-3.8773275544702965,True,-0.17609601516495402,False,-5.7092462206623615,True,-2.2556643317599057,True
89.68294838518952,23.21004817414381,0.7476477469230722,0.6750178603985759,False,-3.2293455957273047,True,-0.3161249685130998,False,-4.382644774343085,False,-1.497735695720222,False
89.73294838518952,23.21004817414381,0.7681002236512854,0.4583495542007244,False,-2.3709537468332575,True,-0.608848292464292,False,-1.9753646367979587,False,-0.08648981509484277,False
89.78294838518953,23.21004817414381,0.8725185929747312,0.7337806989993914,False,-2.9912020279208926,True,-0.8494099625196916,True,-0.7567911718728665,False,0.04380932434372309,False
89.83294838518952,23.21004817414381,0.92356969587423,1.283831966356621,False,-4.05690634040419,True,-0.7474427985377528,True,1.083813697252957,False,-0.3471032423713616,False
89.88294838518952,23.21004817414381,0.9339057313474659,1.789793547835866,True,-3.5341073228532434,True,-0.4869049817433627,False,0.8320284504040804,False,-1.5329584649796428,False
89.93294838518952,23.21004817414381,0.9313415103557677,1.3982474412572268,False,-2.3701904151467756,True,-0.1068861546161303,False,-0.5473342201349298,False,-2.1240768236292427,True
89.98294838518952,23.21004817414381,0.9308785351907226,0.8275032327331149,False,-1.6911643664754223,True,0.17800355244491672,False,-1.1891261922302083,False,-1.9609528593595376,True
90.03294838518953,23.21004817414381,0.9336623055879847,0.27371377095883176,False,-1.4291237440041407,False,0.15282198758413829,False,-0.4947985731756668,False,-1.7315466800625223,False
90.08294838518952,23.21004817414381,0.9313915815705948,-0.6507330296575691,False,-1.3505968168826,True,0.2161840323830308,False,1.6579424307482573,False,-2.110963331273784,False
90.13294838518952,23.21004817414381,0.9165831104367677,-0.9356408078108327,False,-1.244733065311354,True,0.4114128592117696,False,2.4381995654815336,False,-2.428933404335381,False
90.18294838518952,23.21004817414381,0.8664192924088224,-0.2849011922454231,False,-1.4007531828342508,False,0.501368641840727,False,0.9692845290719221,False,-1.1794984120809209,False
90.23294838518952,23.21004817414381,0.7915820517850859,-0.3968919022974414,False,-1.0762274505832368,False,0.40437482706437317,False,1.0027856181319916,False,-1.486324001332827,False
90.28294838518951,23.21004817414381,0.7755599373182558,-0.6774150404936237,False,-0.1965469532332962,False,0.20892587395943102,False,1.027248600981294,False,-2.321748407528326,True
90.33294838518952,23.21004817414381,0.7582439355963897,-0.8896593804810349,True,0.26891525044321907,False,0.20626972699235524,False,0.9340697745303519,True,-2.611417909527798,True
90.38294838518952,23.21004817414381,0.7204412992721778,-1.0880435713331353,True,0.18973380909618315,False,0.4201389168255162,False,0.7620335668382838,False,-2.4849181591613054,True
90.43294838518952,23.21004817414381,0.6831934380908848,-1.0344425600164302,True,-0.0474587675663497,False,0.5307081644808657,True,0.33987476368745156,False,-1.4322798645664854,True
90.48294838518952,23.21004817414381,0.6442260748108433,-0.7314785628490045,True,0.06698539684518562,False,0.4676421668327094,False,-0.15850633273134948,False,-0.6472008100694879,False
90.53294838518951,23.21004817414381,0.6150042684700417,-0.34232582297266645,False,-0.14479188691919834,False,0.3566050400304017,False,-0.2486662592494547,False,0.03309629350187576,False
90.58294838518952,23.21004817414381,0.5686455544424924,-0.14849971634887096,False,-0.1665664056771291,False,0.3922862867510374,False,-0.13628749916999663,False,0.33298188091663844,False
90.68294838518952,23.21004817414381,0.48757209859323797,-0.08887044559003798,False,-0.0008690407035961013,False,0.3322922101905991,False,0.0016354042337585056,False,-0.041633512032768556,False
90.73294838518952,23.21004817414381,0.4883023402316529,-0.27246802323473995,False,0.11489858281486576,False,0.20204384919993662,False,0.04701119892239833,False,-0.40150095800391156,False
90.78294838518951,23.21004817414381,0.5266529335715877,-0.6500794082122127,False,0.17304291587721904,False,0.15654687227805733,False,0.08192374843683477,False,-0.5575845158557805,False
90.83294838518952,23.21004817414381,0.5906604565223721,-0.9885733772293952,False,0.2823254343723853,False,0.13666066625563933,False,0.04195593417054767,False,-0.27122346754886495,False
90.88294838518952,23.21004817414381,0.6411870124497935,-1.1160121872826299,False,0.4168118813403623,False,0.08453522471994293,False,-0.14759930851546815,False,0.186780637801517,False
90.93294838518952,23.21004817414381,0.6887292107929678,-0.9631675562920723,False,0.26351989791464275,False,0.13613107254215634,False,-0.3319393174316204,False,-0.0842303670224736,False
90.98294838518952,23.21004817414381,0.6700890125759877,-0.879649046492111,False,-0.39409975908234673,False,0.20787681770651545,False,-0.27137733968514544,False,-0.7055689869310575,False
91.03294838518951,23.21004817414381,0.6467305851412661,-0.9981354862448271,False,-1.3108422971409777,False,0.21331997514438672,False,0.10646830245972455,False,-0.8646866394184881,False
91.08294838518952,23.21004817414381,0.6658274524217888,-0.8659678882538853,False,-1.879602483840488,True,0.23339375067661744,False,0.6206692725756973,False,-0.4021234990726744,False
91.13294838518952,23.21004817414381,0.7039229560739008,-0.6592693971358046,False,-2.3300963758242084,True,0.26830292874415274,False,1.7708144513096515,False,0.20314647867975827,False
91.18294838518952,23.21004817414381,0.7301132196827333,-0.5651428476373632,False,-2.5031912595949692,True,0.3050863631249994,False,2.5865850187075727,False,0.7424210601241439,False
91.23294838518952,23.21004817414381,0.7324731967168419,-0.42813583357996665,False,-1.8718051218064453,True,0.354497089536998,False,1.7417837560953318,False,1.0227478161672616,False
91.28294838518951,23.21004817414381,0.7280802468450326,-0.34194357126078545,False,-0.7242409739681528,False,0.2834219067029019,False,-0.059248784048477776,False,1.1360423900610082,False
91.43294838518952,23.21004817414381,0.7117790895090403,0.5953994316472515,False,0.5328572801665081,False,0.005055015458290669,False,-0.37671391669928656,False,1.3023820832030195,False
91.48294838518952,23.21004817414381,0.6771640684129346,0.5779087686574842,False,0.6214662448286732,False,-0.005363997817864336,False,-0.17217176183596333,False,1.1097284557068048,False
91.83294838518952,23.21004817414381,0.3065263213364449,-0.21746654492727335,False,0.771846716751966,False,0.01139816155581741,False,-1.3228310486496733,False,0.45799022468277645,False
91.88294838518952,23.21004817414381,0.31339869610745874,-0.1307905353028107,False,0.7948514590850435,False,-0.013403902025557635,False,-2.1732215944125524,False,0.6695002717861578,False
91.93294838518952,23.21004817414381,0.3275139481171255,-0.14087550925141945,False,0.9453519762997655,False,0.00014394002116113747,False,-3.0269156103695725,False,0.7583617567022082,False
91.98294838518952,23.21004817414381,0.4065768202892175,-0.1393248817324777,False,0.5035808833147692,False,0.10395366254890631,False,-3.476290690007551,False,1.195123440997428,False
92.03294838518951,23.21004817414381,0.5012579056817908,-0.053848828009745664,False,0.11928371746291644,False,0.2833329899447709,False,-3.5045638996029265,False,1.3678011138898598,False
92.08294838518952,23.21004817414381,0.5617833387971364,0.09203076476624761,False,-0.11599658293469034,False,0.306785221199957,False,-3.8854821591795172,False,1.3018913936347212,False
92.13294838518952,23.21004817414381,0.5798844808097612,0.1283262788422207,False,-0.1106904174152184,False,0.2830298832759657,False,-4.817847591821355,True,1.134560683572031,False
92.18294838518952,23.21004817414381,0.6022921900345332,0.25672533962935284,False,-0.14163054537583336,False,0.3494762082053203,False,-3.9925609579954457,False,0.5299507135055572,False
92.23294838518952,23.21004817414381,0.6292566450486838,0.3434051653539593,False,0.0774662579155567,False,0.34624068272237457,False,-2.267743733939456,False,-0.11029541767243406,False
92.28294838518951,23.21004817414381,0.6975229942229256,0.3348472093449299,False,0.28835697143421163,False,0.33595398028295753,False,-1.4616789108737676,False,-0.3454390207609779,False
92.33294838518952,23.21004817414381,0.7033196580011951,0.3471621858770444,False,0.4762692423945039,False,0.20404102322994266,False,-1.558713592340812,False,-0.28886068128815073,False
88.93294838518952,23.16004817414381,0.7417881023508311,-1.0995677703003974,False,-0.6655513676560252,False,0.5036133508917899,False,-1.3255694089918202,False,-0.004839335866104036,False
88.98294838518952,23.16004817414381,0.7669466714612958,-0.7122509169842263,False,-2.0146560278173578,False,0.4068443314979734,False,-0.9960796963463892,False,0.15328481255751836,False
89.03294838518953,23.16004817414381,0.728071335209304,-0.3744139404323238,False,-2.4368875916184534,False,0.3558928108877569,False,0.42873611133767,False,0.2420375120233698,False
89.08294838518952,23.16004817414381,0.6907118409993382,-0.10671433790590895,False,-2.3242945682716147,True,0.324993832669649,False,1.6282938966436982,False,0.24800796678640757,False
89.13294838518952,23.16004817414381,0.6759706281082273,0.0828247182478612,False,-2.1623874591789716,True,0.2113400561923513,False,2.3908372420963055,False,0.13609792952072314,False
89.18294838518952,23.16004817414381,0.752994212520622,0.31902979751722466,False,-2.5698291119884358,True,0.07830046709345598,False,2.50941972902693,False,-0.10911518995102204,False
89.23294838518952,23.16004817414381,0.8203413310284772,0.5009168913246147,False,-2.926907337570072,True,0.051601465818712555,False,2.89775743263913,False,-0.44730495308195073,False
89.28294838518953,23.16004817414381,0.8500537579947043,0.5816229183362774,False,-3.0512322174653335,True,0.020597865877804322,False,2.736019682595204,False,-0.5147459106654451,False
89.33294838518952,23.16004817414381,0.8605938624614119,0.5982750467555928,False,-3.1156547259785308,True,-0.09416277363636788,False,1.6931871857882546,False,-0.2482384200389296,False
89.38294838518952,23.16004817414381,0.8451195560892776,0.6926643570667304,False,-3.325296584180273,True,-0.11332028460843352,False,0.6337398697743069,False,-0.26975828936221613,False
89.43294838518952,23.16004817414381,0.8192193695652503,0.4762476852589107,False,-3.814933362825315,True,-0.09575368569432774,False,-0.8140912990398983,False,-0.48539830192233757,False
89.48294838518952,23.16004817414381,0.8044362297647945,0.2990153422683798,False,-4.03733088691634,True,-0.013957815479225477,False,-2.761445615570305,False,-0.648751279164312,False
89.53294838518953,23.16004817414381,0.8026793432252057,-0.02090473821916795,False,-3.7035760612236883,True,0.08445283873015541,False,-4.376196133778222,False,-0.7891593353429088,False
89.58294838518952,23.16004817414381,0.8061128151345903,-0.4484540642516337,False,-3.234693856681041,True,0.11617912990916746,False,-4.4343200622481165,False,-1.1860634017402243,False
89.63294838518952,23.16004817414381,0.8020522211221705,-0.12134995051961939,False,-3.258172070489431,True,0.03030782681533095,False,-7.3966542000461075,True,-2.067402183277661,True
89.68294838518952,23.16004817414381,0.7852647043965542,0.24366211425527584,False,-3.124475775947725,True,-0.07521464931003885,False,-8.75733769156409,True,-2.202086625389931,True
89.73294838518952,23.16004817414381,0.7814950137590598,0.3975757456210024,False,-2.4903845600540735,True,-0.4778036794347033,False,-5.409871099053207,True,-1.100174316922705,False
89.78294838518953,23.16004817414381,0.8609167917574336,0.659732575034268,False,-2.727055231064341,True,-0.755540867417553,True,-3.3481313229518044,True,-0.9948890396102277,False
89.83294838518952,23.16004817414381,0.91245486645654,0.9482547019422045,False,-3.5459936907591096,True,-0.6296624790287586,True,-1.3214840372009078,False,-1.4690612027157048,False
89.88294838518952,23.16004817414381,0.9073452657959719,0.8628546741823946,False,-3.4424358850650476,True,-0.2896250650146137,False,0.5741698144962213,False,-1.669616518925984,True
89.93294838518952,23.16004817414381,0.8918703153234565,0.2173446009903588,False,-2.3846818079150736,True,0.10794483170990443,False,0.3568605640397826,False,-1.9638840296128794,True
89.98294838518952,23.16004817414381,0.8953331548250939,-0.08616531537903516,False,-1.873645456940203,True,0.28529606994835044,False,0.1731452164248879,False,-1.832421182038206,True
90.03294838518953,23.16004817414381,0.9101120787427937,-0.2833094186380481,False,-1.699965305871861,True,0.24774246008246242,False,0.6924756317377602,False,-1.6702740799609155,True
90.08294838518952,23.16004817414381,0.9189853485698579,-0.5062632263210557,False,-1.4598582419974502,False,0.3333448790408483,False,0.9789036497869489,False,-1.5749462721178686,False
90.13294838518952,23.16004817414381,0.9153237329986337,-0.5543732944169255,False,-1.076244433720013,False,0.46658108291511935,False,-0.11833269758315781,False,-0.9545711947622046,False
90.18294838518952,23.16004817414381,0.8852272183514805,-0.3399294328502096,False,-1.4110942697571285,False,0.5588497877086097,False,-0.44218487090553904,False,-0.08157878392656204,False
90.23294838518952,23.16004817414381,0.8167863559490934,-0.006868079047867487,False,-1.6999551355541764,True,0.34588187686358823,False,0.7054031601910723,False,-0.7561871194647205,False
90.28294838518951,23.16004817414381,0.7407392526538294,0.00036457231759973174,False,-0.845172374381157,False,0.012774556565527617,False,0.9650111974692847,False,-1.8470395852936587,True
90.33294838518952,23.16004817414381,0.7056672634253156,-0.35070458778995495,False,-0.11059554005204841,False,0.06764673796093908,False,0.7477756427348143,False,-2.084016605646657,True
90.38294838518952,23.16004817414381,0.6685599644424437,-0.7461727532122586,True,0.11807360628043595,False,0.3269457793176239,False,0.41067043319939317,False,-2.0224338838233917,True
90.43294838518952,23.16004817414381,0.6317709108928259,-0.9034490574335952,True,0.11115869242749443,False,0.4900230607112299,False,0.0824953874239715,False,-1.600829203043352,True
90.48294838518952,23.16004817414381,0.6046827973970008,-0.7730444018325102,True,0.23722312474516136,False,0.42733148469082927,False,-0.22303493063238222,False,-0.7895378022344715,False
90.53294838518951,23.16004817414381,0.5838467095623653,-0.4370614902856129,False,0.06311246516067026,False,0.31152440282697413,False,-0.24375260357867695,False,-0.04363417133856623,False
90.68294838518952,23.16004817414381,0.504145359749983,-0.4820643859335877,False,0.46601093933702753,False,0.39365065314268444,False,0.08419049465824029,False,-0.2039226263193955,False
90.73294838518952,23.16004817414381,0.5992445819973068,-0.7203539909641086,False,0.6371415609005073,False,0.3065350026344209,False,0.13761308531908165,False,-0.3411320670654117,False
90.78294838518951,23.16004817414381,0.6705448506944173,-0.9913088432042417,False,0.826303153686575,True,0.3002784091409043,False,0.11297614042323166,False,-0.15500059398256366,False
90.83294838518952,23.16004817414381,0.7200888263129019,-1.3742345306703,False,0.9983170119349889,True,0.298103564773494,False,0.028178461659683823,False,0.2528799296165435,False
90.88294838518952,23.16004817414381,0.7396004981058323,-1.6243441460966608,True,1.165853089940669,True,0.26662462317516844,False,-0.17394609029577274,False,0.7317433062983205,False
90.93294838518952,23.16004817414381,0.7527492924228729,-1.6394596554314007,True,1.1886150238546578,True,0.2886057032157728,False,-0.4330941245724927,False,0.6206221586735143,False
90.98294838518952,23.16004817414381,0.7266492681428528,-1.5383419580106932,False,1.0421547948384668,False,0.37731969890187844,False,-0.9177061212888452,False,-0.10126234795912321,False
91.03294838518951,23.16004817414381,0.6532742791235574,-1.913813382160709,False,0.09577479451147058,False,0.3493639055916049,False,-0.687683956021883,False,-0.4856240845070061,False
91.08294838518952,23.16004817414381,0.5834700633637953,-1.7696470665849364,False,-0.784923710250827,False,0.25976767742505535,False,0.09876293746603837,False,-0.45228780254130063,False
91.13294838518952,23.16004817414381,0.5788154933962505,-0.9770994193689555,False,-1.7071626531718926,True,0.30100482508278636,False,2.621213600086687,False,-0.42034168429626917,False
91.18294838518952,23.16004817414381,0.632812859934324,-0.7271335279270701,False,-1.5581952486779562,False,0.39515119121446424,False,2.8838534883765785,False,0.33683273285854376,False
91.23294838518952,23.16004817414381,0.6668494459480471,-0.42232359251928103,False,-0.6462517245635978,False,0.35107261378372534,False,0.7030477184358124,False,1.2106501806935714,True
91.28294838518951,23.16004817414381,0.6768450452153866,-0.007663170592401403,False,-0.1191826340902038,False,0.27335955927736755,False,-0.45924175078492124,False,1.297476479714667,False
91.33294838518952,23.16004817414381,0.7300861349633325,0.1527216429918141,False,0.2790374176989371,False,0.13429385971069643,False,-0.34225700255646857,False,1.2411968261283288,False
91.43294838518952,23.16004817414381,0.7000482562549629,0.21950746200630555,False,0.8033958770502163,False,0.032856176931529014,False,0.07640265640521315,False,0.8456212476046032,False
91.48294838518952,23.16004817414381,0.6443439536656117,0.25267805470259863,False,0.7536187369962226,False,0.025066051810570082,False,0.23937339756855766,False,0.7182927531557524,False
91.83294838518952,23.16004817414381,0.33461615831616703,0.039190760474887565,False,0.7060769015221275,False,-0.10222158701218387,False,-0.9519587195617527,False,0.5409904571161601,False
91.88294838518952,23.16004817414381,0.366634543719022,0.1864749586583389,False,0.6285357999262808,False,-0.09018109401830998,False,-1.063558594813368,False,0.6195061221202642,False
91.93294838518952,23.16004817414381,0.3886085622864314,0.2809931928488423,False,0.413424622261215,False,-0.022566061127812065,False,-1.4784712905006128,False,0.859325236312557,False
91.98294838518952,23.16004817414381,0.44493497475853044,0.22572360493217403,False,-0.632481365061709,False,0.2223352237912469,False,-1.4933596471190331,False,1.511857764455242,False
92.03294838518951,23.16004817414381,0.5341589671580922,0.1905312154291886,False,-0.8527345717969665,False,0.37891819283887407,False,-1.2082391380876538,False,1.6754033237122545,True
92.08294838518952,23.16004817414381,0.6740029434714971,0.3993815027448999,False,-1.0978413629667179,False,0.5262580949529325,False,-1.1897488781626964,False,1.5231127889537972,False
92.13294838518952,23.16004817414381,0.7317302864700261,0.7519561262773127,False,-1.0500347893917716,True,0.7653722750251528,True,-2.639221792964928,False,1.1386277893438117,False
92.18294838518952,23.16004817414381,0.7238995904863385,0.9973823719579525,True,-0.7647806903552967,True,0.9834185865322213,True,-2.8210754599637586,False,0.30887982097666467,False
92.23294838518952,23.16004817414381,0.7139216983269405,1.1670850964197799,True,-0.4733542433247798,False,0.9460133510272035,True,-3.434256256989266,False,-0.17562775275832238,False
92.28294838518951,23.16004817414381,0.7377149870076214,0.9518838641132058,True,-0.1391114234702921,False,0.6872646701861655,True,-4.350517534093919,False,-0.1599667936723128,False
92.33294838518952,23.16004817414381,0.7350677403610066,0.8076993076968118,False,0.15394318403956897,False,0.44126291734873035,False,-4.177775247039119,False,-0.19930437206929807,False
88.93294838518952,23.110048174143813,0.7591601131346926,-0.6755058491768123,False,-2.1676241610835643,False,0.32151137180759537,False,0.12588574042894696,False,0.05821489871802094,False
88.98294838518952,23.110048174143813,0.7438290383685235,-0.42957175760814154,False,-3.068736126714643,False,0.2862423949446777,False,0.1371818945953887,False,0.24315985343846722,False
89.03294838518953,23.110048174143813,0.708485279565565,-0.31049263733585664,False,-2.95164181028953,False,0.32143764863528146,False,0.965801647446223,False,0.17947696049523157,False
89.08294838518952,23.110048174143813,0.6837975810335875,-0.082578877701589,False,-2.4761121333864304,True,0.3328414994255957,False,1.962261459968706,False,0.17699845649953108,False
89.13294838518952,23.110048174143813,0.7432265654113145,0.123691885823074,False,-2.432295832721429,True,0.27219336409142975,False,2.7269020901996965,False,0.21108189618363687,False
89.18294838518952,23.110048174143813,0.843907718907029,0.3466747039926703,False,-2.7930951461821985,True,0.21948211160499304,False,2.8667142211215424,False,0.021155879486182833,False
89.23294838518952,23.110048174143813,0.8788662818644151,0.38351742425377516,False,-2.8263655592526433,True,0.18626286036632153,False,3.205932502637701,False,-0.30683857774111045,False
89.28294838518953,23.110048174143813,0.8870028083367044,0.47272436488955577,False,-2.8234449057828983,True,0.032266389750651325,False,3.2528703942532164,False,-0.5866846589743204,False
89.33294838518952,23.110048174143813,0.8862924843757023,0.7033220689913802,False,-2.912251425834291,True,-0.21863462429328434,False,2.1876891475593947,False,-0.6218137066542944,False
89.38294838518952,23.110048174143813,0.8721912913995133,0.8167179197610631,False,-3.0557988663825837,True,-0.273097266641726,False,0.8076281423843699,False,-0.5724547811680322,False
89.43294838518952,23.110048174143813,0.8410380547024453,0.13126934258692013,False,-3.3668579984184435,True,-0.15406083126581557,False,-1.194572402698827,False,-0.5793151304934069,False
89.48294838518952,23.110048174143813,0.7986228791558491,-0.5981535608021075,False,-3.532516332049554,True,0.10485835300583812,False,-3.9394183145356103,False,-0.3799775301348993,False
89.53294838518953,23.110048174143813,0.7863801824268888,-1.1041678426185413,False,-3.1571034248977083,True,0.259596307044038,False,-5.35043972551407,False,-0.2655948609729948,False
89.58294838518952,23.110048174143813,0.8060548497612773,-1.4446775272426513,False,-2.7925815408980537,True,0.3363992225590112,False,-4.600605086523648,False,-0.48911927335164596,False
89.63294838518952,23.110048174143813,0.8176460561692611,-1.3908189286576176,False,-2.726834510862795,True,0.3166607108685099,False,-5.369653701824137,False,-1.2000387821974976,False
89.68294838518952,23.110048174143813,0.8050287169751932,-0.8152892863557528,False,-2.761530445758496,True,0.2463698537542372,False,-9.011684095681225,True,-1.833786738122785,False
89.73294838518952,23.110048174143813,0.7891517868929041,-0.31946304487051225,False,-2.3447661162949456,True,0.1278702088734479,False,-9.821303175582011,True,-1.379458506211325,False
89.78294838518953,23.110048174143813,0.8494902475275545,0.18455283036703402,False,-2.363208184736808,True,-0.13356065282893467,False,-7.378800384626917,True,-1.4365871830098675,False
89.83294838518952,23.110048174143813,0.8963371032421774,0.8471024403259334,False,-3.126980964066867,True,-0.1988873603149036,False,-3.6630064922805605,False,-2.056047335004683,True
89.88294838518952,23.110048174143813,0.8714872747402211,0.7806290360981265,False,-3.255241370601917,True,-0.02549744259329645,False,-0.16534199154424722,False,-1.6067500806657062,True
89.93294838518952,23.110048174143813,0.8246212632971008,0.28764886502750886,False,-2.626704997207265,True,0.17784856509127778,False,1.0056873013885836,False,-1.4557466022611216,True
89.98294838518952,23.110048174143813,0.8201594521414517,0.17408467008281936,False,-2.242054700167215,True,0.2529179356359452,False,0.8570655145096737,False,-1.3176246862351222,True
90.03294838518953,23.110048174143813,0.856147915215287,0.21938162211692336,False,-2.0002038066381718,True,0.2997924042608773,False,0.49977356616102653,False,-1.1011693212839475,False
90.08294838518952,23.110048174143813,0.8840206675788285,0.30723785539539405,False,-1.6795969790387324,True,0.39774899531599184,False,-0.4787085421940134,False,-0.69826915601372,False
90.13294838518952,23.110048174143813,0.8910450473981103,0.15529064787970917,False,-1.427547201858761,False,0.40886863458029976,False,-0.7790763251675363,False,-0.3672897461241581,False
90.18294838518952,23.110048174143813,0.8701855119085522,-0.10573868012295015,False,-1.2303060416683853,False,0.38310353517884455,False,-0.9875306127004949,False,-0.004643569698851879,False
90.23294838518952,23.110048174143813,0.8122380170022528,0.0011128346066426181,False,-1.6158394875441902,False,0.23836510702877245,False,0.1319045755320166,False,-0.27483758204135683,False
90.28294838518951,23.110048174143813,0.6947025775493415,0.1406102592983603,False,-1.1539082696806717,False,-0.07697091487658206,False,0.6960794580134151,False,-1.157032326552446,False
90.33294838518952,23.110048174143813,0.6245268669883157,0.4475688586991158,False,-0.6825920738392766,False,-0.06733636134168766,False,1.2691300140877184,False,-1.5273531403333227,True
90.38294838518952,23.110048174143813,0.5932570758560124,0.2236618898039175,False,-0.38913615934091605,False,0.02169592937705575,False,1.088555399763166,False,-1.4493245120810707,False
90.43294838518952,23.110048174143813,0.5686694204145575,-0.5755983737953086,False,-0.030565840284852985,False,0.27107019364184265,False,0.12924611523327328,False,-1.272721030634234,False
90.48294838518952,23.110048174143813,0.5556013795784729,-0.752427605871052,True,0.2426408466476354,False,0.24799399119108603,False,-0.3357880190178717,False,-0.7276160245611532,False
90.53294838518951,23.110048174143813,0.5287413064756781,-0.29648739754897024,False,0.08398482941534394,False,0.13142067848134048,False,-0.2737424181238708,False,-0.018018556769115457,False
90.68294838518952,23.110048174143813,0.5125138301468697,-0.5897031970063558,False,0.7823561072311391,False,0.3478894938513518,False,0.1171018298045446,False,-0.2787542803335659,False
90.73294838518952,23.110048174143813,0.5845608905694124,-0.9447567331363549,False,1.0836073425701414,True,0.38705236691016703,False,0.17283305756279357,False,-0.35282903556926437,False
90.78294838518951,23.110048174143813,0.666361489120621,-0.7044489210615688,False,1.3934830436298051,True,0.3501594304814185,False,0.14942081956338313,False,-0.3663862419166788,False
90.83294838518952,23.110048174143813,0.7290135781124016,-0.8135703647728544,False,1.5337762980830694,True,0.3245817200670692,False,0.14886839649766231,False,-0.23553416822681744,False
90.88294838518952,23.110048174143813,0.7551280141283447,-1.173271167473811,False,1.6710060268436906,True,0.27216576185701924,False,-0.013587119001695548,False,0.24976601359374953,False
90.93294838518952,23.110048174143813,0.7698241358284155,-1.1757952921863544,False,1.9968474652361263,True,0.18944041644172152,False,-0.6543896690173836,False,0.6514583279520842,False
90.98294838518952,23.110048174143813,0.7669893028868311,-0.903200578047838,False,2.565880964482802,True,0.2366118561555089,False,-1.682218191199715,False,0.09255479158632278,False
91.03294838518951,23.110048174143813,0.7296404579821546,-1.0392013020806212,False,2.5856355827907964,True,0.24883054873027932,False,-2.5155254982594193,True,-0.23802267601817542,False
91.08294838518952,23.110048174143813,0.6682611261752142,-1.223797103081453,False,1.835631906276028,False,0.1948339288678313,False,-2.4763166718384952,False,-0.07402670265085581,False
91.13294838518952,23.110048174143813,0.5869522710007519,-0.8334250851227133,False,0.8042956680575574,False,0.2144489936237487,False,-0.2450099262347165,False,0.007285714181207936,False
91.18294838518952,23.110048174143813,0.589479086352814,-0.6457932987834373,False,0.43529973946719436,False,0.27427734433422263,False,0.931033204705144,False,0.5109401471148752,False
91.23294838518952,23.110048174143813,0.6344033797585857,-0.4367748157027017,False,0.44869216616300367,False,0.2642127023084253,False,0.5534287941574163,False,1.0434180138971432,True
91.28294838518951,23.110048174143813,0.651404986940688,-0.10841487516761034,False,0.4397435753782247,False,0.25731526885424355,False,-0.15777627013199397,False,1.060867066820112,False
91.33294838518952,23.110048174143813,0.6657155310583283,-0.11783282834168539,False,0.7860704528395803,False,0.13757345164427168,False,-0.05392898536162771,False,0.8314085715182858,False
91.43294838518952,23.110048174143813,0.6573613743355597,-0.06995524247076185,False,0.9727786379763428,False,0.052338487553625315,False,0.4112830212726307,False,0.47290957650577303,False
91.48294838518952,23.110048174143813,0.6133759945539448,-0.03651583593143537,False,0.502693940492192,False,0.041517841138363876,False,0.5905150825491621,False,0.4048793186048144,False
91.83294838518952,23.110048174143813,0.35724684967019904,0.20692685553647375,False,0.5503470234977285,False,-0.22781530746262102,False,0.031243368274744387,False,0.46699149586938504,False
91.88294838518952,23.110048174143813,0.41467337743430216,0.35009072498200233,False,0.20114131622595993,False,-0.2113216772460963,False,0.6062194031125463,False,0.5574135157145036,False
91.93294838518952,23.110048174143813,0.46556648193065003,0.5065241481079107,False,-0.6699845844379194,False,-0.028476161841557518,False,1.823627962764593,False,0.7266039973770474,False
91.98294838518952,23.110048174143813,0.5257392452447275,0.44715003122059743,False,-1.2981492676574,True,0.1978294068355403,False,1.302059623709865,False,1.1452520897317036,False
92.03294838518951,23.110048174143813,0.6310714771393261,0.25853310730207174,False,-1.4920389301481252,True,0.42426757194289755,False,0.7076335057972571,False,1.486938138985379,False
92.08294838518952,23.110048174143813,0.7671512234473152,0.4372474458239524,False,-1.7880363206752097,True,0.6483818366166388,True,0.34307221484135597,False,1.278435349626952,False
92.13294838518952,23.110048174143813,0.8016311227170291,1.0310383021302856,True,-1.8608680559378812,True,0.8093819476921447,True,-1.7486877203773359,False,0.9246967255840962,False
92.18294838518952,23.110048174143813,0.7893523801198068,1.579837295408319,True,-1.3848459746205117,True,1.1330882747716053,True,-4.514214965893085,False,0.4734430109172269,False
92.23294838518952,23.110048174143813,0.7674767410980518,2.057265170132065,True,-1.1683207204502613,True,1.149952744551622,True,-8.099865330714783,True,0.2328576204881344,False
92.28294838518951,23.110048174143813,0.765842792847067,2.036646737180923,True,-1.0870672190895427,True,0.9873612119321835,True,-10.61958116075424,True,0.37098363924132693,False
92.33294838518952,23.110048174143813,0.753753548453008,1.9546127547511638,True,-0.9396108233670191,True,0.8192320715867392,True,-11.560178938634886,True,0.25134366888388276,False
88.88294838518952,23.060048174143816,0.7198624386727539,-0.5824863261853521,False,-1.7358265697851438,False,0.32155413708063674,False,1.2335702379985192,False,-0.11387722668978476,False
88.93294838518952,23.060048174143816,0.7189661270604414,-0.39551546184601855,False,-2.8216509766317097,False,0.24941076339648477,False,0.6401117270280567,False,0.20449630060347407,False
88.98294838518952,23.060048174143816,0.7224629395553406,-0.38101273622301723,False,-2.8878876255216364,False,0.26310319512620506,False,0.833008565873371,False,0.19118561593783523,False
89.03294838518953,23.060048174143816,0.723343790222508,-0.3163609595324549,False,-2.8707630340500696,True,0.3025818202007343,False,1.2822238807964603,False,0.13921438935768912,False
89.08294838518952,23.060048174143816,0.7126571423247806,-0.20659566561740672,False,-2.3813444286257988,True,0.336993700713256,False,2.0354798595038335,False,0.059061418168072095,False
89.13294838518952,23.060048174143816,0.8173036588132819,-0.04229016900464261,False,-2.428588392456398,True,0.34934119851929873,False,2.7458652528955487,False,0.13906679830937818,False
89.18294838518952,23.060048174143816,0.8890319754273686,-0.02353003904525562,False,-2.4503293102485566,True,0.42172964185526574,False,3.1934754516386263,False,0.1346283091193273,False
89.23294838518952,23.060048174143816,0.9027150120201505,0.004661749784320879,False,-2.405219245845972,True,0.4125900434208574,False,3.5341713312979786,False,-0.03334613052125013,False
89.28294838518953,23.060048174143816,0.9001228111216977,0.22685155094892107,False,-2.444059867174993,True,0.20149415088106798,False,3.3941507073610167,False,-0.33417170792762296,False
89.33294838518952,23.060048174143816,0.891527665903543,0.5224414967703077,False,-2.517035060026724,True,-0.06741775627982971,False,2.1005679727197606,False,-0.5666123080585448,False
89.38294838518952,23.060048174143816,0.8731129773139203,0.3200993915242626,False,-2.582210561764646,True,-0.2644048359871212,False,0.7982005852636986,False,-0.680094969825923,False
89.43294838518952,23.060048174143816,0.8368625212467056,-0.2803581620405968,False,-2.651263657322435,True,-0.12946494562475494,False,-1.6119693328076536,False,-0.6874283609562946,False
89.48294838518952,23.060048174143816,0.7742073055223518,-0.7091026582272496,False,-2.7409603289145674,True,0.07512782806375673,False,-4.392672493090201,False,-0.4331308353127755,False
89.53294838518953,23.060048174143816,0.74250362553664,-1.115904618682178,False,-2.7691999876676285,True,0.19691826214701813,False,-5.466339212511658,False,-0.1761948671447199,False
89.58294838518952,23.060048174143816,0.7842327218386499,-1.4826617309236982,True,-2.620978217013106,True,0.30602677866861483,False,-4.1986644352657745,False,-0.1798603585559122,False
89.63294838518952,23.060048174143816,0.8241444484264057,-1.7592408679530043,True,-2.3575357383658297,True,0.4356048541463955,False,-2.0707254685662213,False,-0.3161076531669242,False
89.68294838518952,23.060048174143816,0.8284643006581274,-1.3506845866787436,True,-2.348084872561177,True,0.41211758199185095,False,-4.218849704355249,False,-0.7884969913715937,False
89.73294838518952,23.060048174143816,0.8124928969976595,-0.7597100340627377,False,-1.8967920163301755,True,0.42158775880600563,False,-7.150541542402097,False,-0.601878941063686,False
89.78294838518953,23.060048174143816,0.8467273405840531,-0.17734532292746147,False,-1.7977269178760475,True,0.27701965989039906,False,-7.413234132501062,True,-0.19576994995706942,False
89.83294838518952,23.060048174143816,0.8800191768904265,0.8298203417636463,False,-2.8929042072234763,True,0.08713872159730995,False,-2.6501185952544004,False,-1.2046080109178194,False
89.88294838518952,23.060048174143816,0.8457339006516412,1.3777546343153437,False,-3.5420834172666136,True,0.12819419702884136,False,-0.493618784251589,False,-1.1426388476755909,False
89.93294838518952,23.060048174143816,0.7666786834319821,0.9405135435665171,False,-3.1336750472738273,True,0.19230483011440075,False,2.30433023259938,False,-0.9597989866946735,False
89.98294838518952,23.060048174143816,0.7137328870547394,0.7144896165476136,False,-2.5890047691615807,True,0.30816328806059357,False,1.9588277260776998,False,-0.7915543402697555,False
90.03294838518953,23.060048174143816,0.7576477612774721,0.7929865024746611,False,-2.13636160049965,True,0.3610140224901419,False,0.14115175083141301,False,-0.519920222718564,False
90.08294838518952,23.060048174143816,0.8213979491828808,0.7194454957115806,False,-1.900560061694204,True,0.3297374615176687,False,-0.5708875592651821,False,-0.29096743695632965,False
90.13294838518952,23.060048174143816,0.8500541250378068,0.5017270806038707,False,-1.7103638558938168,True,0.3261267185488869,False,-0.3015665386559765,False,-0.48674349572814185,False
90.18294838518952,23.060048174143816,0.8433993405629119,0.1872065698330066,False,-1.4150466667135493,False,0.26213972627851745,False,-0.42052532814596055,False,-0.2995391895945052,False
90.23294838518952,23.060048174143816,0.7976666605362449,0.03055897366749563,False,-1.482855249602653,False,0.18249013987450052,False,0.0012866925237755567,False,-0.21553850148625675,False
90.28294838518951,23.060048174143816,0.6617856510958522,-0.24556314217763867,False,-0.9149780472817182,False,-0.0003769772287366413,False,0.021588335303326545,False,-0.5808055946977375,False
90.33294838518952,23.060048174143816,0.5330400523103436,-0.1115116080177472,False,-0.393987094988955,False,0.009840669850163603,False,0.45693491993727414,False,-0.8869537991229401,False
90.38294838518952,23.060048174143816,0.4971527811867122,0.2894511482284021,False,-0.2206565148629791,False,-0.07489542765409661,False,1.0573926152795132,False,-0.9057888692449119,False
90.43294838518952,23.060048174143816,0.5165773738820115,0.36655394755267295,False,-0.5593747600868072,False,-0.016015284136134345,False,1.0693942146691575,False,-1.2522094752170116,False
90.48294838518952,23.060048174143816,0.5327270443651473,-0.004535969523646655,False,-0.12344619266337435,False,-0.01648054153153769,False,0.13637142509541889,False,-0.7162589662493599,False
90.68294838518952,23.060048174143816,0.5072122253840412,0.19643976426536758,False,0.595195117201117,False,0.18766051560735186,False,0.16070699901290836,False,-0.18112156291250797,False
90.73294838518952,23.060048174143816,0.5244954805076089,-0.5915801848795164,False,1.2582278174468495,True,0.3595653111991658,False,0.2205039374867103,False,-0.5035284175083656,False
90.78294838518951,23.060048174143816,0.5819864976018698,-0.42572628955996394,False,1.4792315309510156,True,0.3397803695039946,False,0.3524271842582707,False,-0.8137411330674378,False
90.83294838518952,23.060048174143816,0.6485726223788771,-0.10873485064997895,False,1.8789298729676274,True,0.22625636453236425,False,0.6670169533470789,False,-1.1218354366915229,False
90.88294838518952,23.060048174143816,0.6923807412728021,-0.5194843559171428,False,2.1481537864017204,True,0.1930361005387269,False,0.538972894455056,False,-0.742644051378337,False
90.93294838518952,23.060048174143816,0.7202926900074846,-0.8474450464330876,False,2.346763121132512,True,0.13208705590418504,False,-0.41863228623038107,False,0.16893457695638064,False
90.98294838518952,23.060048174143816,0.7436267553547192,-0.6960763051929288,False,2.832612269389558,True,0.025263199785953677,False,-1.3322620603708484,False,0.09261504791449787,False
91.03294838518951,23.060048174143816,0.7458227134688514,-0.2202840200633588,False,3.553232737887973,True,-0.11914058025837496,False,-2.899930740158603,True,-0.4644856244240823,False
91.08294838518952,23.060048174143816,0.724413501177714,0.22823924441275412,False,3.39190540337958,True,-0.12643354081364772,False,-4.173590244490478,True,-0.37129516983604405,False
91.13294838518952,23.060048174143816,0.6681118095398321,0.16969633742164147,False,2.31136757858797,True,0.0265796541935443,False,-2.6229969441420087,False,-0.2110897615014541,False
91.18294838518952,23.060048174143816,0.6211114451502032,-0.13084874231950228,False,1.3702878329345058,False,0.1798720821724327,False,-0.6317256587076157,False,0.21433290534365923,False
91.23294838518952,23.060048174143816,0.6349435298923031,-0.3117561429708745,False,0.8499445874561533,False,0.21099311943000532,False,0.025311292346506642,False,0.7927375083520594,False
91.28294838518951,23.060048174143816,0.6651626629236533,-0.2355072973341763,False,0.7053686736322009,False,0.1741650297183687,False,0.05239173476733022,False,0.9763554541538502,True
91.33294838518952,23.060048174143816,0.65890248412886,-0.21428131581482251,False,0.8802628328035764,False,0.10196833918811936,False,0.11565900863417,False,0.7770376346698825,False
91.38294838518952,23.060048174143816,0.6569705168466862,-0.21871072005034337,False,0.9804386413923792,False,0.06690883450428753,False,0.3762001605783779,False,0.49658157402913755,False
91.43294838518952,23.060048174143816,0.6047363552260205,-0.2453166595987801,False,0.4914876571401345,False,0.04660055183910791,False,0.704631651105719,False,0.25162579771820454,False
91.48294838518952,23.060048174143816,0.5502731030297996,-0.2228714996221699,False,0.17672101633674575,False,0.0728163505464123,False,1.0344468319059936,False,0.0138426338258964,False
91.53294838518951,23.060048174143816,0.5639723510739268,-0.05988812916493784,False,0.15435778075796558,False,0.15188884921510476,False,1.2358692664043613,False,-0.11919927224922722,False
91.78294838518951,23.060048174143816,0.45768711030169296,0.2705874974126725,False,0.5220961508535704,False,-0.3037116795832441,False,1.1564671125930013,False,0.05827859034070593,False
91.83294838518952,23.060048174143816,0.46999687113420086,0.4192633414425229,False,-0.28127641734488695,False,-0.23920676400764262,False,1.0778131900597943,False,0.15030993644925872,False
91.88294838518952,23.060048174143816,0.4935292201580955,0.40226976115488994,False,-0.7358018957103464,False,-0.18559730853518552,False,0.9108115121271205,False,0.29273125516328247,False
91.93294838518952,23.060048174143816,0.5801323176456127,0.4761361801108918,False,-1.463316258010749,True,-0.07333375325199995,False,3.611612264235957,False,0.40260743984544956,False
91.98294838518952,23.060048174143816,0.6383975989044752,0.33147169958654815,False,-1.8308730818703958,True,0.09692399095406726,False,4.076306144634891,False,0.6392054595579989,False
92.03294838518951,23.060048174143816,0.755856638281437,0.1373351809489992,False,-2.0445955848557036,True,0.39241620660304855,False,2.5600078328701112,False,1.1417251361225453,False
92.08294838518952,23.060048174143816,0.8274175213786695,0.1386536263439196,False,-1.9310238867072236,True,0.6818681603870733,True,1.2595484210860781,False,1.1552294199170368,False
92.13294838518952,23.060048174143816,0.8446660140584703,0.7539255048815952,False,-1.8695394015978946,True,0.7845917591564849,True,-1.1560967876131676,False,0.9037206058703918,False
92.18294838518952,23.060048174143816,0.8262581840332194,1.521525420469768,True,-1.5387788889638665,True,1.0178245992108694,True,-5.110261521494146,False,0.7105887058028624,False
92.23294838518952,23.060048174143816,0.801781279526385,2.254991281803332,True,-1.2717103581328655,True,1.0547791343757895,True,-10.000298394562476,True,0.44290472507126344,False
92.28294838518951,23.060048174143816,0.7859600559554576,2.403453250200086,True,-1.1436494571526472,True,0.8948155915651006,True,-12.206439347300032,True,0.45948712704055233,False
92.33294838518952,23.060048174143816,0.7623265025577441,2.3655017233757487,True,-1.061727777664064,True,0.8057187405690314,True,-13.032103329680783,True,0.4137789906413456,False
92.38294838518952,23.060048174143816,0.7423899885541488,2.032914512024167,True,-0.8713587406765743,True,0.7086184879474595,True,-12.249871414574486,True,0.29599253500876427,False
88.88294838518952,23.01004817414381,0.6920715555590171,-0.46111278840974945,False,-2.71466142565566,False,0.20342870274535205,False,0.5585428633437256,False,0.15932677174611554,False
88.93294838518952,23.01004817414381,0.7006786727318745,-0.43884534390867713,False,-2.9043661690589637,False,0.21203075795261872,False,0.4108962635474103,False,0.22386925132284308,False
88.98294838518952,23.01004817414381,0.7269626559181893,-0.5037366314300772,False,-2.8196452302925215,True,0.2497362142607789,False,0.5666889171126717,False,0.1445505874683752,False
89.03294838518953,23.01004817414381,0.7267528845607636,-0.5351373873008992,False,-2.5522518151766937,True,0.2851705635760328,False,1.077292243161345,False,-0.04253928472296886,False
89.08294838518952,23.01004817414381,0.7431931035822545,-0.5409091703508333,False,-2.0720357842760446,True,0.41194595515925314,False,0.9989741282093831,False,-0.15868640267797146,False
89.13294838518952,23.01004817414381,0.8532216038172371,-0.38706912237082125,False,-1.9860747732602473,True,0.5555444340436821,False,0.2843736167351225,False,-0.06326619013079321,False
89.18294838518952,23.01004817414381,0.9043764127136069,-0.15839041485905725,False,-1.8709886752790807,True,0.6376837990408503,False,-0.6893009889535114,False,0.039458782914706336,False
89.23294838518952,23.01004817414381,0.9097667508094762,0.2557543880061086,False,-1.990340432794457,True,0.38704407971674987,False,0.012725552116432781,False,0.0939933980154225,False
89.28294838518953,23.01004817414381,0.8993819314301643,0.5292886844618926,False,-2.1907401733199197,True,0.04199897438353073,False,1.4884918417950455,False,-0.05508870547761524,False
89.33294838518952,23.01004817414381,0.8808595945171439,0.3012836449897185,False,-2.181712403468187,True,-0.23211996715330308,False,1.2095158926259306,False,-0.1992758825551037,False
89.38294838518952,23.01004817414381,0.8557862335802489,-0.22853372783955705,False,-2.151755625528197,True,-0.526513750808548,False,0.4788727782106531,False,-0.44966198448309297,False
89.43294838518952,23.01004817414381,0.8165301565217771,-0.5127762290812491,False,-2.0143471366462427,True,-0.3129471045511584,False,-1.1823166000620802,False,-0.5078802025778458,False
89.48294838518952,23.01004817414381,0.7443492799268294,-0.5096780408321093,False,-1.7919976099420962,True,-0.14201702939224448,False,-2.381394151068432,False,-0.37554056053604856,False
89.53294838518953,23.01004817414381,0.6989146178136891,-0.34957347429531854,False,-1.7744017314929978,True,0.042033906964674905,False,-3.2409306250715004,False,-0.12721975221603954,False
89.58294838518952,23.01004817414381,0.7612959445386354,-0.8911720078715547,False,-1.860692019340013,True,0.3046804560586006,False,-1.1771151970540359,False,0.14732343261688344,False
89.63294838518952,23.01004817414381,0.8291909356424544,-1.6539315849000593,True,-1.8060516379010314,True,0.52287514197115,False,1.899727375723209,False,0.6071076483719431,False
89.68294838518952,23.01004817414381,0.8573660108711206,-1.2767661695031265,True,-1.9108035931061176,True,0.4683905743195724,False,-0.14053347427108787,False,0.9014991224923643,False
89.73294838518952,23.01004817414381,0.8528525993582414,-0.5756469880674845,False,-1.472364539319624,True,0.4127136504356017,False,-5.1566739046141565,False,1.1244526303481188,False
89.78294838518953,23.01004817414381,0.8583085676460859,-0.05737001823704252,False,-1.591853044924091,True,0.23171062438922002,False,-5.287895669331211,False,1.0795515971244733,False
89.83294838518952,23.01004817414381,0.8658646003178376,0.6602115912510012,False,-2.5877255869163367,True,0.09445895567976856,False,-0.10592232659116574,False,-0.13151503190110342,False
89.88294838518952,23.01004817414381,0.8296073342353949,1.3784183423334413,False,-3.4026067749279747,True,0.14999558574228994,False,1.1612238474684218,False,-0.6708505865139963,False
89.93294838518952,23.01004817414381,0.7490089508098343,1.1806746355749775,False,-3.2415045630690944,True,0.217359543792296,False,3.5189629288884072,False,-0.6210403473810947,False
89.98294838518952,23.01004817414381,0.65824430553844,0.9165136444013738,False,-2.7201167474493406,True,0.39184055733724776,False,4.08330007153229,False,-0.20442291038340676,False
90.03294838518953,23.01004817414381,0.6611540173210497,0.9609015865817468,False,-2.3207519847272433,True,0.43209033825619325,False,1.2599490718758215,False,-0.0037786928827975297,False
90.08294838518952,23.01004817414381,0.7472973762250246,0.6471539366585746,False,-1.9453035758339041,True,0.3509099847807995,False,-0.051605154178152146,False,0.1120589720559606,False
90.13294838518952,23.01004817414381,0.8034898436726698,0.27940519382678974,False,-1.6379809610440952,True,0.25288854619689016,False,-0.0021656945795649474,False,0.009353918423976294,False
90.18294838518952,23.01004817414381,0.8169716122828649,0.02236942998211855,False,-1.2836008647294523,False,0.13071074055001702,False,-0.006381934247715326,False,-0.20471993813251554,False
90.23294838518952,23.01004817414381,0.7898243993788031,-0.023322850224343467,False,-1.429225560735525,False,0.07109975700920973,False,0.3680827611936548,False,-0.1589440008690774,False
90.28294838518951,23.01004817414381,0.6857454082802626,-0.16208042403507747,False,-1.248758775709494,False,0.017348010981714068,False,0.42901306858347255,False,-0.33672290925796505,False
90.33294838518952,23.01004817414381,0.5080093892942962,-0.1472467453756435,False,-0.6074468461470202,False,0.0588201128530601,False,0.39743492518575807,False,-0.7510857544288322,False
90.38294838518952,23.01004817414381,0.4656979237262562,0.347024224572975,False,-0.42814323129806126,False,-0.0650502285823227,False,0.9900917015872758,False,-0.8826476348464335,False
90.43294838518952,23.01004817414381,0.5872263861876458,0.7400647813100588,False,-0.7298294305283686,False,-0.08580507991428954,False,1.4388609158156398,True,-1.1095247825734418,False
90.48294838518952,23.01004817414381,0.6217416595031506,1.0533525806811794,True,-0.5920863296862617,False,-0.1656520507577551,False,1.3379123014904388,True,-0.8192456898727806,False
90.53294838518951,23.01004817414381,0.617049659596746,1.0811007479850767,True,-0.2888187767858562,False,-0.16378216376792076,False,0.45410623638476066,False,-0.3141118643604297,False
90.68294838518952,23.01004817414381,0.5577383860981179,1.0817646849137628,False,0.08759945333292668,False,-0.10442866305772762,False,0.2890144265071691,False,-0.16670244146760022,False
90.73294838518952,23.01004817414381,0.4511921693683163,0.5360553382462073,False,0.7403278959303705,False,0.09415495635813922,False,0.3716959252291325,False,-0.5602609381303696,False
90.78294838518951,23.01004817414381,0.4776598744418883,0.02657721885793174,False,1.4917018565815843,True,0.2858286231877467,False,0.5455128024721965,False,-1.034257651138886,False
90.83294838518952,23.01004817414381,0.5221545639353451,0.16470036643708036,False,1.9492344452735644,True,0.20223559689369713,False,1.1168620718670144,False,-1.4991527074097375,True
90.88294838518952,23.01004817414381,0.5532525608358683,-0.18439188168097376,False,2.220780783796021,True,0.21722779842610326,False,1.0389929756486576,False,-1.4091165030054387,False
90.93294838518952,23.01004817414381,0.5779236874163465,-0.670708723750198,False,1.9643754032761986,True,0.1820488545446516,False,-0.11879997553504396,False,-0.4894476164457038,False
90.98294838518952,23.01004817414381,0.6371220480869563,-0.6934697174711922,False,1.8351555650513403,True,-0.027696493938421336,False,-0.975044750509364,False,0.015424491472626436,False
91.03294838518951,23.01004817414381,0.696426153544682,-0.7894699903837807,False,2.1084868611958067,True,-0.07795191794265342,False,-2.5231081424059303,False,-0.8321561486238138,False
91.08294838518952,23.01004817414381,0.7178695350876713,-0.354055624995377,False,1.9538907796719633,True,-0.0052267770653091905,False,-3.9187248939816506,False,-0.7617630656867325,False
91.13294838518952,23.01004817414381,0.6959077370153287,-0.03591437027859852,False,1.6895593060131378,False,0.13228988939838637,False,-3.0926884810910185,False,-0.5170456242447005,False
91.18294838518952,23.01004817414381,0.6343323671932147,-0.15610918299368137,False,1.1248581783216918,False,0.22273141988426448,False,-1.322765982170542,False,-0.1061320731799894,False
91.23294838518952,23.01004817414381,0.6463391961618556,-0.4655465355331963,False,0.444285651379209,False,0.2029524173034591,False,-0.1781910566791739,False,0.5841963037768281,False
91.28294838518951,23.01004817414381,0.6994714490071547,-0.3974416955949638,False,0.24216444612114904,False,0.08316440530711865,False,0.5229981535912562,False,1.0966618250568319,True
91.33294838518952,23.01004817414381,0.6884535067658183,-0.3053131708092639,False,0.3991890933048343,False,0.03958615033333957,False,0.5240149484578823,False,0.8293786605179378,False
91.38294838518952,23.01004817414381,0.6052207453951541,-0.28650403354223153,False,0.22836385233223985,False,0.011366632778692053,False,0.6922340583395896,False,0.3665733351200032,False
91.43294838518952,23.01004817414381,0.50693820897164,-0.24059672005565438,False,-0.1612279185877999,False,0.057139262565839594,False,1.0719334592739764,False,0.006868776110236882,False
91.48294838518952,23.01004817414381,0.47168642895343516,-0.22440888518434432,False,0.07377929471261409,False,0.11916933681142927,False,1.2083091935955368,False,-0.18512163224059405,False
91.53294838518951,23.01004817414381,0.5230378902403973,-0.30001799633354853,False,0.19360106701212376,False,0.22977658960586844,False,1.5099672817483207,False,-0.4239010210573684,False
91.78294838518951,23.01004817414381,0.6183075882026434,0.4808067683485979,False,-0.10072920903212679,False,-0.30783347547463125,False,1.6401406056523187,False,-0.05918825021395646,False
91.83294838518952,23.01004817414381,0.5800869085167163,0.7163110881256772,False,-1.0743020740546434,False,-0.26928048042160035,False,1.4145447921417325,False,-0.4016554415565139,False
91.88294838518952,23.01004817414381,0.6482734837757581,0.42076490615621676,False,-1.353757134578228,False,-0.1872213544549009,False,0.2201875732058251,False,-0.3561391017357366,False
91.93294838518952,23.01004817414381,0.7099258177507658,0.1836142702614273,False,-1.5174852850487777,True,-0.16051508183250396,False,1.9942332874774116,False,-0.16447805968990536,False
91.98294838518952,23.01004817414381,0.7403120381127529,-0.01947699575848938,False,-1.6948280348107274,True,-0.046384641279575325,False,3.630813536885427,False,0.011031214027576064,False
92.03294838518951,23.01004817414381,0.8256170774331764,0.07373203549181223,False,-1.7849130677525418,True,0.226599306300734,False,1.8125937328649895,False,0.6509696259007265,False
92.08294838518952,23.01004817414381,0.8608053559049549,0.17633808911338567,False,-1.45220932488616,True,0.5980871192135181,True,-1.007811302146109,False,0.90429387645868,False
92.13294838518952,23.01004817414381,0.8650901106179624,0.5450076396381096,False,-1.2906596482217503,True,0.8261447310064634,True,-3.217807701545471,False,1.0952254405225168,False
92.18294838518952,23.01004817414381,0.8363647401127705,1.251097983762349,False,-1.2029931999628207,True,0.85522294120867,True,-6.210049043743062,True,1.006812305416427,False
92.28294838518951,23.01004817414381,0.7846034326115349,1.9818505180552233,True,-0.9065306489785927,True,0.7533226574559627,True,-11.555840101867181,True,0.8654382381260264,False
92.33294838518952,23.01004817414381,0.7597992208701663,1.8882333253653916,True,-0.8172434752338807,True,0.7356415366167858,True,-11.535477858144413,True,0.6563657259433207,False
92.38294838518952,23.01004817414381,0.7358403019300601,1.465321516999921,False,-0.7128023453491201,True,0.6808904028909956,True,-10.231313204281188,True,0.5640244639380491,False
88.88294838518952,22.96004817414381,0.7657266036194479,-0.30207348309798243,False,-4.431292605701131,True,0.010801914697569151,False,-0.2007996855182752,False,0.6551848294311704,False
88.93294838518952,22.96004817414381,0.754366981180798,-0.4597472688690845,False,-3.7325037594767867,True,0.12688743500738037,False,-0.1586084974631583,False,0.4441227546597447,False
88.98294838518952,22.96004817414381,0.774321702181254,-0.5447630997855403,False,-3.430391633823987,True,0.23926011980031858,False,0.12444527048729459,False,0.2682960593326844,False
89.03294838518953,22.96004817414381,0.7747395315802025,-0.5937339750137554,False,-2.8889554638701185,True,0.3805409285218885,False,0.4017882932601261,False,-0.05206650788749038,False
89.08294838518952,22.96004817414381,0.7932721521833382,-0.601323391292258,False,-2.2998519172497423,True,0.5179985479879712,False,0.16806064348461924,False,-0.2013126638449835,False
89.13294838518952,22.96004817414381,0.8532246981253258,-0.4001934450161291,False,-1.7983064240985753,True,0.6192639651506006,False,-1.3664172333345173,False,0.06800432489114472,False
89.18294838518952,22.96004817414381,0.8959244527859407,-0.10547252054688061,False,-1.5034278363627158,True,0.6529507487128499,False,-3.083275201862039,False,0.30166989621926993,False
89.23294838518952,22.96004817414381,0.9007363735051404,0.4049133239746121,False,-1.5187636660353654,True,0.3732713029772313,False,-3.44778545478575,False,0.279907352688329,False
89.28294838518953,22.96004817414381,0.8809969826208819,0.42009017484026645,False,-1.7290353613863985,True,-0.22503068988445069,False,-1.5882389869117515,False,0.15118389094561135,False
89.33294838518952,22.96004817414381,0.840377433743067,-0.0484019819414887,False,-1.7995551423868372,True,-0.77510610639882,False,-0.1959142606023927,False,-0.0803739166451935,False
89.38294838518952,22.96004817414381,0.8006710772539942,-0.24565925239260836,False,-1.611192984538556,True,-0.9265103501885807,True,0.4884115994681537,False,-0.3171379760288212,False
89.43294838518952,22.96004817414381,0.7686746972883334,-0.3447605622808729,False,-1.1699871853018342,True,-0.9085356174903392,True,1.8642259147895093,False,-0.3259884402655166,False
89.48294838518952,22.96004817414381,0.7095513658965741,-0.4138748078556505,False,-0.7518206293709503,False,-0.6422996490147304,False,2.5913522874884207,False,-0.20620645250072345,False
89.53294838518953,22.96004817414381,0.6711851766557234,-0.17288630597064403,False,-0.7275152747158328,False,-0.204111488528524,False,1.6634448760543665,False,0.010033517797388392,False
89.58294838518952,22.96004817414381,0.7469687708692075,-0.0956422491247661,False,-1.079678835220798,True,0.11641916421297116,False,1.2684082781797281,False,0.2823750385887441,False
89.63294838518952,22.96004817414381,0.8313447635847443,-0.7859016092991038,False,-1.4198046407610811,True,0.27062531758841996,False,3.080862852044754,False,0.9834726424414811,False
89.68294838518952,22.96004817414381,0.877442080933683,-0.9644272278835537,False,-1.651684540295413,True,0.33409125740845425,False,1.8870563049666171,False,1.7417362796523759,True
89.73294838518952,22.96004817414381,0.8918029536163187,-0.5751725211234751,False,-1.5713599702197296,True,0.3175080930658651,False,-1.893053525823059,False,1.716669048360009,True
89.78294838518953,22.96004817414381,0.8904055934728633,0.019856998083041533,False,-1.6338018405867043,True,0.23414002760811262,False,-3.841506535905632,False,1.1337119520272358,False
89.83294838518952,22.96004817414381,0.8672827356106353,0.4705530538014008,False,-2.1297360753008174,True,0.0888220402276309,False,-0.09245348230337402,False,0.23481419197280023,False
89.88294838518952,22.96004817414381,0.8140098347704119,0.873917441540647,False,-2.6827252216320776,True,0.10068810129736566,False,3.2062759449668503,False,-0.37844664697502994,False
89.93294838518952,22.96004817414381,0.7408227885422953,1.0120140906520352,False,-2.9175224010816327,True,0.3331553609480661,False,3.6286307475762856,False,-0.2312987984219903,False
89.98294838518952,22.96004817414381,0.6872761405903335,0.7682088007100515,False,-2.5242846677986712,True,0.634502321546629,True,3.7028143406320186,False,0.34156639199202077,False
90.03294838518953,22.96004817414381,0.6829180333875995,0.3527596261997492,False,-2.329882383518692,True,0.6046054981322253,False,3.4433304894887917,False,0.518528931154331,False
90.08294838518952,22.96004817414381,0.720793513489754,-0.15897645382346381,False,-1.928612475749786,True,0.47991755223199295,False,3.067153831467243,False,0.4444781652420867,False
90.13294838518952,22.96004817414381,0.7667046404820691,-0.466295687325546,False,-1.2901759907693282,False,0.22286010907768086,False,1.5718274442720312,False,0.47561057110351257,False
90.18294838518952,22.96004817414381,0.7910043165385796,-0.4701743724664202,False,-0.9535384033089198,False,0.06391054550021263,False,0.7092931915811457,False,0.10322419673666303,False
90.23294838518952,22.96004817414381,0.7722884444600502,-0.28165961874175666,False,-1.0826419118226154,False,-0.04222997082654251,False,0.7270315769575769,False,-0.15912591496997897,False
90.28294838518951,22.96004817414381,0.7041060490816557,-0.21325099289589325,False,-1.4022900896040973,True,-0.09291201772158805,False,0.9575961738676461,False,-0.1440834217634128,False
90.33294838518952,22.96004817414381,0.5540453380963233,-0.035335444139945674,False,-1.0984329919540223,False,-0.024146895407048893,False,0.9255303129884356,False,-0.690074490569613,False
90.38294838518952,22.96004817414381,0.5709695447656427,0.46460086180708454,False,-0.7934139240345462,False,-0.045141322741256165,False,1.0354218439570184,False,-1.014076981821404,False
90.43294838518952,22.96004817414381,0.6779283719551886,0.872557945063657,False,-0.6502615833929566,False,-0.08556618741825286,False,1.2158611133387973,False,-1.0085433281258995,False
90.48294838518952,22.96004817414381,0.7219658150661418,1.2236951913067797,True,-0.5310253903264881,False,-0.17185431965486936,False,1.2239385905946305,False,-0.7434553652379398,False
90.53294838518951,22.96004817414381,0.7111097941191599,1.5172980316485838,True,-0.5106775822015228,False,-0.18916596405907768,False,1.0570319039100489,False,-0.4455965471674398,False
90.68294838518952,22.96004817414381,0.6660230122807428,1.3563965287324649,True,-0.253252096862352,False,-0.2525622639900651,False,0.21675741026629172,False,-0.22465841940815218,False
90.73294838518952,22.96004817414381,0.5320081676261958,1.2232509211196616,False,-0.04802424011849567,False,-0.1904344882879348,False,0.2314797053490943,False,-0.4034732112855939,False
90.78294838518951,22.96004817414381,0.4803771861441233,0.8538733593418321,False,0.6188368519723958,False,0.08963904329720415,False,0.28945569348868094,False,-0.6885492139246217,False
90.83294838518952,22.96004817414381,0.5117922523694717,0.6167317232261486,False,0.9423987430403995,False,0.23067868243417278,False,0.03348990035410804,False,-0.812723258236645,False
90.88294838518952,22.96004817414381,0.4893276943648566,0.5335914912024481,False,0.774773348509042,False,0.3028817456244962,False,-0.5974964489395866,False,-0.6981675390670861,False
90.93294838518952,22.96004817414381,0.37511286388330906,0.2376144861269437,False,0.4733263691723491,False,0.18192975213785412,False,-1.0227190379066768,False,-0.33578005952796264,False
90.98294838518952,22.96004817414381,0.43824462910575945,-0.03592076175489731,False,-0.0030480145214027976,False,-0.09937888366485322,False,-1.060914354699805,False,0.1576891124813364,False
91.03294838518951,22.96004817414381,0.6093637139692989,-0.7912884492536997,False,0.033848728946608404,False,-0.09198533417868261,False,-2.242152610098413,False,-0.9124214433659594,False
91.08294838518952,22.96004817414381,0.6943230589143652,-0.8120357590281959,False,0.10956378810188974,False,0.015909445761020935,False,-2.2031858248405083,False,-0.9468569729770935,False
91.13294838518952,22.96004817414381,0.6984636496951674,-0.5386982627554449,False,0.5352494728920469,False,0.1818579373240975,False,-1.21986934102746,False,-0.6898636055575494,False
91.18294838518952,22.96004817414381,0.6287039770841563,-0.5425270055634519,False,0.23442651983013035,False,0.24043489737350848,False,-0.5240846182371364,False,-0.1415192109844091,False
91.23294838518952,22.96004817414381,0.6532824939950802,-0.5443582779335545,False,-0.35134881937965146,False,0.11798142588477353,False,0.12398825655681935,False,0.6316345823951639,False
91.28294838518951,22.96004817414381,0.7261902433800183,-0.18830539026934143,False,-0.5013111951676373,False,-0.07859401028985924,False,0.8108627862609332,False,1.3453257115245891,True
91.33294838518952,22.96004817414381,0.6085008574198765,0.00694772561136964,False,-0.8480350694754599,False,-0.18520989580695596,False,0.717063709298334,False,0.8001214285031262,False
91.38294838518952,22.96004817414381,0.43876390335947746,0.29678923822098185,False,-1.4307635486829375,False,-0.3162790319661769,False,0.7218598292036691,False,0.3255612689283016,False
91.43294838518952,22.96004817414381,0.3811945571076513,0.18162896958581412,False,-0.3258240964020235,False,-0.09215062779966723,False,0.7744902149591225,False,-0.005940204423284218,False
91.48294838518952,22.96004817414381,0.3892256927824888,-0.057784657799629296,False,0.28011448851254694,False,0.05542627385643897,False,1.0454498690048335,False,-0.34184864200731613,False
91.53294838518951,22.96004817414381,0.47285666289175515,-0.1734001099677099,False,0.39887218221631365,False,0.10857525674899685,False,1.3105113342551888,False,-0.3766450534991888,False
91.58294838518952,22.96004817414381,0.6034998058410256,-0.16967716165173313,False,0.47154267682893003,False,0.19726831650574608,False,1.7151396252479125,False,-0.47399169994197077,False
91.63294838518952,22.96004817414381,0.7557346787663748,-0.05023570345743356,False,0.47142451501630905,False,0.16597278595526105,False,1.807541727471047,False,-0.30424923584197466,False
91.68294838518952,22.96004817414381,0.82166080122975,0.05869727634194456,False,0.5417542433211349,False,0.04414571744979281,False,1.5417643944494386,False,-0.05288495766486734,False
91.73294838518952,22.96004817414381,0.7951676312214387,0.15429380059339315,False,0.6007545841967746,False,-0.05587205445984658,False,1.2218047407657011,False,0.11597818945941663,False
91.78294838518951,22.96004817414381,0.7036781165147524,0.5214090131761175,False,-0.3505903692023262,False,-0.2075752638201328,False,1.676910126675697,False,0.04223462026592095,False
91.83294838518952,22.96004817414381,0.6978230218007712,0.9220033308696778,True,-1.5941197641252196,False,-0.27598898024103824,False,1.6209008924414965,False,-0.5163670340978453,False
91.88294838518952,22.96004817414381,0.7634796124711843,0.5394544233108385,False,-1.4595039058215753,True,-0.31653147741665033,False,1.0423360686792529,False,-0.7054896751336982,False
91.93294838518952,22.96004817414381,0.7976160504074596,-0.11133577455025384,False,-1.184048328905086,True,-0.3194795963007616,False,0.8778262874663426,False,-0.6968649228838777,False
91.98294838518952,22.96004817414381,0.8073049846830375,-0.5102142728026747,False,-1.1083628519089563,True,-0.24122439798484296,False,1.6031545892813284,False,-0.6274128860712862,False
92.03294838518951,22.96004817414381,0.8506475195873067,0.015766702862988036,False,-1.2495573533919682,True,-0.01739129289461441,False,-0.5423565316035281,False,0.1800405315292783,False
92.08294838518952,22.96004817414381,0.8683707552429083,0.41449543300946257,False,-1.0702698559840518,True,0.2830078275899321,False,-3.8746700863546755,False,0.7784507206550071,False
92.13294838518952,22.96004817414381,0.8571366371858907,0.771340135822754,False,-0.8954132862681131,True,0.5256316454673116,False,-6.63965383708499,True,1.4068550419445092,False
92.18294838518952,22.96004817414381,0.8103397263588269,1.244970671005049,True,-0.8603317251137175,True,0.534320060426325,False,-8.653068616190879,True,1.511762501475979,True
92.28294838518951,22.96004817414381,0.7707822754127656,1.181780801356508,True,-0.6677397145896642,True,0.696140392455619,True,-9.220233434120054,True,1.4519110412382301,True
92.33294838518952,22.96004817414381,0.7624640855241639,0.9607263758088589,False,-0.6549396447248808,True,0.717321610865426,True,-8.390907545583065,True,1.2083374555800126,True
92.38294838518952,22.96004817414381,0.7391626438591995,0.4559756194943938,False,-0.6244176642070035,True,0.6181002654172436,True,-6.849615961264126,True,1.1583789583789024,False
88.93294838518952,22.91004817414381,0.8369220003543411,-0.14730659885006503,False,-5.421672032352968,True,-0.009977491389516275,False,0.5326123028932293,False,0.7377385482229274,False
88.98294838518952,22.91004817414381,0.8268486070865908,-0.4055057279048136,False,-4.727177027713619,True,0.17476524892657497,False,0.5402735479143619,False,0.4464564467958177,False
89.03294838518953,22.91004817414381,0.8113005824671253,-0.6081148361697769,False,-3.9160681585794723,True,0.397885026862289,False,0.6517326752823073,False,0.04162170290785564,False
89.08294838518952,22.91004817414381,0.8074224356382909,-0.6932075332783849,False,-2.8545431629320284,True,0.5312918692943855,False,-0.07821950822535345,False,-0.023155782939072805,False
89.13294838518952,22.91004817414381,0.8339256677308964,-0.5492039231832082,False,-1.7784005637752216,True,0.5571892716880646,False,-1.7417646092600232,False,0.4475765477433775,False
89.18294838518952,22.91004817414381,0.8609733008859046,-0.19218270725132117,False,-1.4350325810057885,True,0.37172312493558113,False,-1.5594441543503477,False,0.7876964827076081,False
89.23294838518952,22.91004817414381,0.8714924116736084,0.35639261711528275,False,-1.4053753155167086,True,0.12947088655833017,False,-2.5019603942459367,False,0.5461983877770584,False
89.28294838518953,22.91004817414381,0.8417045686951758,0.16000643071393372,False,-1.4589054599459375,True,-0.4678362011452299,False,-2.9007839584326534,False,0.0987884645317193,False
89.33294838518952,22.91004817414381,0.751586241952971,-0.1701668965479778,False,-1.3228180268774057,True,-0.788974887403369,True,-2.046257373973178,False,-0.2078894393123319,False
89.38294838518952,22.91004817414381,0.6681900787265153,-0.29293854448452794,False,-0.8995862966079393,True,-0.862410265699649,True,1.4333324252403825,False,-0.5641722479552409,False
89.43294838518952,22.91004817414381,0.6530626555390615,-0.5844760302026307,False,-0.4656815629647939,False,-0.847874908199266,True,4.638886350426102,False,-0.2235212998637489,False
89.48294838518952,22.91004817414381,0.630300944332193,-0.5408414760976341,False,-0.3145151729663539,False,-0.44676696402071925,False,3.6538960928813697,False,0.18847195570709147,False
89.53294838518953,22.91004817414381,0.6402385185351611,-0.31973503762758965,False,-0.38240906846494865,False,-0.010858299108873926,False,2.6398068361715206,False,0.3189063814696046,False
89.58294838518952,22.91004817414381,0.7186652795990971,0.09968415139916631,False,-0.8814248778003262,True,0.2180175481853185,False,1.8874357508169712,False,0.21975426372324725,False
89.63294838518952,22.91004817414381,0.8123636705637808,-0.09314976356697563,False,-1.2785666054160822,True,0.22350772480669323,False,2.6630855795946986,False,0.6962024240088661,False
89.68294838518952,22.91004817414381,0.8741095099235733,-0.6100012698944525,False,-1.471478529785021,True,0.23265711242232384,False,3.497510300574751,False,1.442880817774932,True
89.73294838518952,22.91004817414381,0.9021276762792583,-0.6503482958448137,False,-1.4615654627760017,True,0.204374371974836,False,2.121814999349958,False,1.0687140641129924,False
89.78294838518953,22.91004817414381,0.9087752319471272,0.11342151738851058,False,-1.6103019427403245,True,0.1742682931601584,False,-1.996494541145394,False,0.4559822608491849,False
89.83294838518952,22.91004817414381,0.8863515125040093,0.5859134454790952,False,-1.8788882778277793,True,0.12975409138945165,False,-1.8188691271155122,False,0.008480046947944242,False
89.88294838518952,22.91004817414381,0.818934328461811,0.5102676477087172,False,-2.001412242387822,True,0.19703919700439576,False,2.0272918931082304,False,-0.23333248051076838,False
89.93294838518952,22.91004817414381,0.7515035308233653,0.21997986914652523,False,-1.9033593976519705,True,0.5212217805589747,False,3.467552658543981,False,0.16393392325480455,False
89.98294838518952,22.91004817414381,0.7455966227280922,-0.10252490593411101,False,-1.9531246095624688,True,0.8129054972294978,True,3.3682099147920965,False,0.5375546319856215,False
90.03294838518953,22.91004817414381,0.7588009857231388,-0.6651084763708013,False,-1.7919264202965808,True,0.7722726365215894,True,4.604812839681775,False,0.36488045638107713,False
90.08294838518952,22.91004817414381,0.7617418608939452,-0.8666623897290056,False,-1.605462153002487,False,0.48930346389119694,False,5.649482498041348,False,0.5363220831610913,False
90.13294838518952,22.91004817414381,0.7601726918422735,-0.9010954317904771,False,-1.348702085842182,False,0.15248602727779886,False,5.138849148899698,False,0.608356533018364,False
90.18294838518952,22.91004817414381,0.755523033450237,-0.7805498718762547,False,-0.8551333406037194,False,-0.035051142354317416,False,3.0417208984571524,False,0.10211121393246109,False
90.23294838518952,22.91004817414381,0.7338154689802402,-0.4792903573915985,False,-0.7005502997675845,False,-0.16747795979593424,False,2.0716859143240924,False,-0.5409701450468086,False
90.28294838518951,22.91004817414381,0.6846360136592544,-0.27983090223519763,False,-1.1757660117369975,False,-0.19642256050238568,False,1.4017453934976363,False,-0.287004364733756,False
90.33294838518952,22.91004817414381,0.6132620701276937,0.13223855375904844,False,-1.3075916634952507,True,-0.13950077908601455,False,0.9476461062618029,False,-0.557409647081955,False
90.38294838518952,22.91004817414381,0.6658531623547785,0.7046888448122823,False,-0.8138449254615081,False,-0.10467575418743341,False,0.5216294238728706,False,-0.9104717918147396,False
90.43294838518952,22.91004817414381,0.7564620189271984,1.213018548679762,True,-0.4647051785249928,False,-0.14160448481322235,False,0.2995548664603778,False,-0.9612036798211592,False
90.48294838518952,22.91004817414381,0.7912273586351618,1.4181615888353236,True,-0.42718677777235803,False,-0.1607528907697421,False,0.5706832067678682,False,-0.8050614518517031,False
90.53294838518951,22.91004817414381,0.777468145064211,1.5733062830837583,True,-0.48009276781189936,False,-0.1544977320161952,False,0.8482027338685899,False,-0.5209166703411032,False
90.73294838518952,22.91004817414381,0.6905937295278277,1.0677543369033258,False,-0.32788727943572976,False,-0.026751473793702463,False,-0.5463564405307726,False,-0.12263083325273527,False
90.78294838518951,22.91004817414381,0.6542323042679509,0.9072428672987926,False,-0.20118479518462687,False,0.15368297160478223,False,-0.9302762460016637,False,-0.1588970764935217,False
90.83294838518952,22.91004817414381,0.6702725900571112,0.9098513428637425,False,-0.09765672025352928,False,0.279579781785009,False,-1.2353370420984504,False,-0.23254487462593845,False
90.88294838518952,22.91004817414381,0.6310923462694059,0.9471095000205365,False,-0.16794989127453913,False,0.3582512882588878,False,-1.5984186787902952,False,-0.23805279676603852,False
90.93294838518952,22.91004817414381,0.44077931942278586,0.8530097873327953,False,-0.35518108409497245,False,0.2287067847227202,False,-1.291522162068496,False,-0.06442871357736528,False
90.98294838518952,22.91004817414381,0.398016269861913,0.5890425690349297,False,-0.628935439321352,False,0.017959126545732618,False,-0.8626144283666906,False,0.12848734805327763,False
91.03294838518951,22.91004817414381,0.5878155512988421,-0.2392194763973828,False,-0.6395525286496175,False,-0.09288059522375285,False,-1.1304980222218446,False,-0.8636660318914955,False
91.08294838518952,22.91004817414381,0.6768963307507085,-0.5539733625772999,False,-0.8777820953074243,False,-0.1710541074154514,False,-0.886826731725907,False,-0.9212549570338233,False
91.13294838518952,22.91004817414381,0.6557154849191741,-0.4361669182027648,False,-0.4480982264651605,False,-0.0023723264259845334,False,-0.7271057042700068,False,-0.5539518183481728,False
91.18294838518952,22.91004817414381,0.60622851655797,-0.21053445046882285,False,-0.5011799291057872,False,0.027060438177836543,False,-0.505077252729425,False,0.05116048153217917,False
91.23294838518952,22.91004817414381,0.6997106490002944,0.29883014429884774,False,-0.9666357422360492,False,-0.13941491105350567,False,0.3382186254366953,False,0.6445849651100614,False
91.28294838518951,22.91004817414381,0.6827230596373909,0.7089475520194443,True,-1.60661912898557,False,-0.32833083607835034,False,0.8176077271658097,False,0.7635564225092778,False
91.33294838518952,22.91004817414381,0.512377532581474,0.9190135067276914,True,-2.566399652737316,True,-0.5281184251738342,False,0.6810738215717244,False,0.11820621046146151,False
91.38294838518952,22.91004817414381,0.3829935071276004,0.955986733674679,True,-2.326435620917815,True,-0.5981701642369955,False,0.528214386410583,False,0.11642029051442065,False
91.43294838518952,22.91004817414381,0.34422831175052504,0.6006175425080461,False,-0.3431215752320312,False,-0.22333372113502756,False,0.476167933836986,False,-0.1339145907225242,False
91.48294838518952,22.91004817414381,0.37031409377985264,0.29052646551520656,False,0.39498679481092663,False,-0.07356265852557489,False,0.814068004912744,False,-0.2548498895755912,False
91.53294838518951,22.91004817414381,0.4260280177642965,0.006301492845866147,False,0.515949462980895,False,0.03609461584583873,False,1.3942462409021845,False,-0.3027780550656765,False
91.58294838518952,22.91004817414381,0.5146607979839894,-0.20135119342971802,False,0.509313201565469,False,0.19114347301322443,False,1.7897380270027834,False,-0.3562153446019027,False
91.63294838518952,22.91004817414381,0.6756139287511173,-0.11158161838349352,False,0.6739658268184358,False,0.23047768209709715,False,1.841923842187763,False,-0.44408414443686683,False
91.68294838518952,22.91004817414381,0.7859081267163283,0.05473038300635774,False,0.7210032553856895,False,0.08513984913421774,False,1.5970022700534487,False,-0.25697150860441287,False
91.73294838518952,22.91004817414381,0.7925136447427816,0.21488360073071075,False,0.49598080263819644,False,0.004740507491756418,False,1.540152344097005,False,-0.03137660706036882,False
91.78294838518951,22.91004817414381,0.7372135755501128,0.5923262171191916,False,-0.40436707884964473,False,-0.032307153729884935,False,1.2689507089495597,False,0.14701574203114798,False
91.83294838518952,22.91004817414381,0.7644733893016358,0.9287158203327397,False,-1.7522442780957732,True,-0.24932079421176245,False,2.3292994673852565,False,-0.40398300417684274,False
91.88294838518952,22.91004817414381,0.8096025118521505,0.6208799302835071,False,-1.4849107917961453,True,-0.4260620416962411,False,2.2450765510145914,False,-0.7863337789584514,False
91.93294838518952,22.91004817414381,0.8269856319612539,-0.1784290948231234,False,-1.1341543822081386,True,-0.4099171564154002,False,1.8305902270902488,False,-0.8086564012726492,False
91.98294838518952,22.91004817414381,0.820642145755083,-0.8632259299927257,False,-0.7764628367859427,False,-0.2749401435861286,False,1.0756559223878956,False,-0.8787712018001682,False
92.03294838518951,22.91004817414381,0.8434828447111348,-0.03653025421954553,False,-0.9694514434430861,True,-0.15350984119042188,False,-1.5374123190430844,False,-0.0006143862744141249,False
92.08294838518952,22.91004817414381,0.8478713773378037,0.6159067977939201,False,-0.9999805312258478,True,-0.005254408052508902,False,-4.243476333419565,False,0.9177072651719123,False
92.13294838518952,22.91004817414381,0.820588620030932,0.949126066541268,False,-0.8499083060383554,True,0.19196346716839494,False,-6.878184538495388,True,1.907291578309885,True
92.18294838518952,22.91004817414381,0.7671470110418274,1.1961862643945356,True,-0.767717188648539,True,0.3021340537253623,False,-9.152805605808528,True,2.1996681702844816,True
92.28294838518951,22.91004817414381,0.7573949007035803,0.7828941623280183,False,-0.6886801226234173,True,0.7093284461984966,True,-5.89447813497606,True,1.6256627765497407,True
92.33294838518952,22.91004817414381,0.7635612289107954,0.5273135196199334,False,-0.7920990398359623,True,0.6535504454674018,True,-5.745490642049673,True,1.2900927300371983,True
92.38294838518952,22.91004817414381,0.7436521923572332,0.12991098818642466,False,-0.9149967265587076,True,0.45150417046648295,False,-5.002326583989818,True,0.991338232074541,False
88.98294838518952,22.860048174143813,0.8473060267898819,-0.0773921002196507,False,-5.596328070449582,True,0.15649060487349326,False,1.5618845121136193,False,0.2510389240172687,False
89.03294838518953,22.860048174143813,0.8413966870394795,-0.4898332538287473,False,-5.115879558317338,True,0.2764499934846401,False,1.6939881763992626,False,0.19785896730676808,False
89.08294838518952,22.860048174143813,0.8238773810591982,-0.8927677895910007,False,-3.964631594339842,True,0.392558142518299,False,0.6698888393802305,False,0.3113568077319764,False
89.13294838518952,22.860048174143813,0.8119900916443776,-1.034703818212886,False,-2.3833345337352405,True,0.3763064805578732,False,-0.3950527826312551,False,0.6666926947320696,False
89.18294838518952,22.860048174143813,0.8123018231545879,-0.5397610295250583,False,-1.629991732598974,True,0.18929786865218734,False,0.08885016834178439,False,0.9574574579994675,False
89.23294838518952,22.860048174143813,0.8206962336038087,0.32781488307041595,False,-1.3738271512537457,True,0.09167242906875805,False,-1.7300051463305022,False,0.5110984879022045,False
89.28294838518953,22.860048174143813,0.7945720300669433,0.2784958224603061,False,-1.349602572524882,True,-0.38682730451175007,False,-3.4478610388405757,False,-0.21944104556685984,False
89.33294838518952,22.860048174143813,0.6845982655691604,0.13681916174685324,False,-0.989189294543254,True,-0.19366574271206838,False,-3.6955544671453096,True,-0.6519429981285966,False
89.38294838518952,22.860048174143813,0.5294449144547689,-0.10239864914544927,False,-0.644536307777794,True,-0.20950484879509912,False,-1.118562320609429,False,-0.7027075489047996,False
89.43294838518952,22.860048174143813,0.5189129950367545,-0.2817272799348794,False,-0.4427428072449967,False,-0.1600250566480429,False,0.3050322547546025,False,-0.14109204465418168,False
89.48294838518952,22.860048174143813,0.5848669726199223,-0.2120614401856984,False,-0.3700399096991046,False,0.08252324597031402,False,0.4132452889670133,False,0.5192368379048495,False
89.53294838518953,22.860048174143813,0.6389313798634257,-0.006834809828233923,False,-0.4954653891604871,False,0.34146602888498256,False,0.3444746471640213,False,0.5700860143195755,False
89.58294838518952,22.860048174143813,0.6900722787029295,0.3245740266700963,False,-0.8953531192912284,True,0.5243164041516142,False,1.0347258468461984,False,0.1451066340708403,False
89.63294838518952,22.860048174143813,0.7623018370206217,0.35971179071587867,False,-1.2051944491627054,True,0.5137810677435263,False,2.5082139530598933,False,-0.009375434664975646,False
89.68294838518952,22.860048174143813,0.8361683031309669,0.07327556864862977,False,-1.3534237192995497,True,0.35674973435797663,False,4.0557841971731605,False,0.1342780992400941,False
89.73294838518952,22.860048174143813,0.8810896631285584,-0.05001957046154075,False,-1.4301082081828964,True,0.19013094365085506,False,4.033663831903166,False,-0.14248699578943635,False
89.78294838518953,22.860048174143813,0.8966156085393222,0.574064308521687,False,-1.6965553237726003,True,0.09675416107582716,False,-0.40788160862283096,False,-0.36720236608971635,False
89.83294838518952,22.860048174143813,0.8816397368980494,0.9530317468038452,False,-1.9106474920680543,True,0.17254939974012304,False,-2.7526122922580933,False,-0.4528147425961233,False
89.88294838518952,22.860048174143813,0.8437068131189558,0.5494715409054535,False,-1.779028703770683,True,0.4019148031849099,False,0.11044639305620052,False,-0.31762716564132487,False
89.93294838518952,22.860048174143813,0.8089536303709276,-0.1247490131393473,False,-1.5735139356993286,True,0.7481125902165858,True,1.1031987488073125,False,0.04904762396970519,False
89.98294838518952,22.860048174143813,0.8043986319751769,-0.6509847567207194,False,-1.600409697052871,True,0.9110230045588226,True,2.0798808567412608,False,-0.015000191581274913,False
90.03294838518953,22.860048174143813,0.8056526549400007,-1.0004316597144272,False,-1.3089910741315023,True,0.9494303476464159,True,4.004994981545053,False,0.2703433064122779,False
90.08294838518952,22.860048174143813,0.7938893917300299,-1.1286151672360143,True,-1.4745377808824032,True,0.5357537874780862,False,6.950694821457979,True,0.683848038149535,False
90.13294838518952,22.860048174143813,0.7613061139471686,-0.9617970706497099,True,-1.7973036579685888,True,0.013892267205526138,False,9.41308857374966,True,0.7220142843625126,False
90.18294838518952,22.860048174143813,0.7171200912900505,-0.6308528579999941,False,-1.0941885940028557,False,-0.14261063905864613,False,7.184682158489817,True,-0.31252111676103433,False
90.23294838518952,22.860048174143813,0.6725609616136318,-0.19734552054520016,False,-0.5089174922047105,False,-0.24153956143731425,False,4.693972852777418,True,-1.3568903091331728,False
90.28294838518951,22.860048174143813,0.6363254851651654,0.09057099147698448,False,-0.7376406164081347,False,-0.22888045196896156,False,2.6409961171046197,False,-1.1038142230821433,False
90.33294838518952,22.860048174143813,0.645182824212608,0.5291579377477209,False,-1.0604128931945245,False,-0.18026027535863998,False,0.7539345958056474,False,-0.6611299015285863,False
90.38294838518952,22.860048174143813,0.7402932241978416,1.0665631288046762,True,-0.7200527693194945,False,-0.14365271524723144,False,-0.3847560349093673,False,-0.7030096240626772,False
90.43294838518952,22.860048174143813,0.8030958041051923,1.4668855835094972,True,-0.4198537852547508,False,-0.16001383129041,False,-0.4119586553168395,False,-0.818293583606067,False
90.48294838518952,22.860048174143813,0.8159631963641694,1.5465701338681477,True,-0.37742793048568823,False,-0.14635915741871258,False,-0.09884539709152548,False,-0.6760132952787145,False
90.53294838518951,22.860048174143813,0.8120135537728799,1.560484876839115,True,-0.40338987065140447,False,-0.07746942555337166,False,0.22277958152482719,False,-0.3912200951282142,False
90.58294838518952,22.860048174143813,0.8066345324644424,1.4878404935437939,True,-0.40818078529882335,False,0.04129281003814067,False,0.489006320818902,False,-0.11411661223542194,False
90.78294838518951,22.860048174143813,0.7794763152245399,0.8527686768185203,False,-0.37499426930098245,False,0.3003324922450751,False,-1.4116912628408897,False,-0.049503156349861716,False
90.83294838518952,22.860048174143813,0.7827965295776422,1.020448355846652,False,-0.29123044983033175,False,0.305793124861196,False,-1.2757698524731669,False,-0.16078098095864155,False
90.88294838518952,22.860048174143813,0.7584183502498321,1.0710966072721246,True,-0.3546531321708862,False,0.2890620896700741,False,-1.1163224111339098,False,-0.1511882346764658,False
90.93294838518952,22.860048174143813,0.6474439555188541,0.9294830260358814,False,-0.5126321489854283,False,0.16822256609284716,False,-0.8490868096164285,False,0.025765089353227535,False
90.98294838518952,22.860048174143813,0.5569363729147458,0.6157648691562115,False,-0.7229318591932633,False,0.10125181403424952,False,-1.0497982736243647,False,-0.002838402102516263,False
91.03294838518951,22.860048174143813,0.6241103279916269,-0.2275479704727318,False,-0.5969756138889026,False,-0.008906390670242747,False,-1.1417189822919211,False,-1.0515570086230925,False
91.08294838518952,22.860048174143813,0.6632133284131146,-0.43003722563238583,False,-1.090435409399786,False,-0.2244237567199343,False,-0.8731919757922564,False,-0.9992197059396217,False
91.13294838518952,22.860048174143813,0.6210681164184042,-0.03029240661435093,False,-1.3901596738732924,False,-0.18415336262417153,False,-1.0236807381955326,False,-0.29089149415553334,False
91.18294838518952,22.860048174143813,0.6275661396561867,0.48596050506115573,False,-1.8804710555776025,False,-0.29035003490668154,False,-0.6957165416487655,False,0.4293985032884323,False
91.23294838518952,22.860048174143813,0.715191975325309,0.9396196023149743,True,-2.446027955185569,True,-0.47550249401537237,False,0.048024457129411294,False,1.0865405841855178,False
91.28294838518951,22.860048174143813,0.6534224178030171,1.0914723735722607,True,-3.14021988337162,True,-0.6141192394009227,False,0.4447251235272153,False,0.5142185600592442,False
91.33294838518952,22.860048174143813,0.5140698173456563,1.169698527065779,True,-3.6641211400010816,True,-0.746854888568464,True,0.3429746238324527,False,0.11092038560811462,False
91.38294838518952,22.860048174143813,0.40731206219473043,1.1399606462690468,True,-3.1213024441608637,True,-0.7531183424439223,True,0.2364892903563104,False,0.38628269840579266,False
91.43294838518952,22.860048174143813,0.3796950963582783,0.831410621988732,True,-0.8957771296442718,False,-0.2511870534648612,False,0.4659538322346319,False,0.14331315793921395,False
91.48294838518952,22.860048174143813,0.3886728079736337,0.6006692532070613,False,0.0069076956438735015,False,-0.1298668292666177,False,1.2495235373503102,False,0.019703984232771032,False
91.53294838518951,22.860048174143813,0.4274094709251807,0.2639772645273304,False,0.19299286109570646,False,-0.051881016619766074,False,2.1119599611465105,True,0.06422296207601064,False
91.58294838518952,22.860048174143813,0.4868420239866035,-0.1355001096992136,False,0.28567701898631626,False,0.13699526112575802,False,2.0161387492083187,False,0.057720993241580754,False
91.63294838518952,22.860048174143813,0.5816760633144511,-0.20637082587701652,False,0.5018685900661831,False,0.2912821212621375,False,1.9633393030152453,False,-0.39829196373324754,False
91.68294838518952,22.860048174143813,0.7190461439812921,0.07215099381119412,False,0.49127336360276846,False,0.11609483666708925,False,1.9615872394385532,False,-0.49904144541985807,False
91.73294838518952,22.860048174143813,0.7722109232482528,0.2589949627844752,False,0.2847599355697146,False,0.004633650319345367,False,2.092199419341975,False,-0.31858293791483616,False
91.78294838518951,22.860048174143813,0.7480367159987069,0.5996088673756157,False,-0.4929208885114277,False,0.006220682697669875,False,1.7432299568347944,False,-0.0838004876242584,False
91.83294838518952,22.860048174143813,0.7724322656676808,0.8867554442697632,False,-1.645655558007402,True,-0.13751119379092405,False,2.4289236215976953,False,-0.29417047303608634,False
91.88294838518952,22.860048174143813,0.79899725393985,0.5674914916024681,False,-1.4193942608642836,True,-0.34853016873968906,False,2.799436493757135,False,-0.6468241676002106,False
91.93294838518952,22.860048174143813,0.8183225491761911,-0.18284608067306463,False,-1.0714497969512637,True,-0.34066395866904914,False,2.3693603505384013,False,-0.6625175573582393,False
91.98294838518952,22.860048174143813,0.814662269689366,-1.1467632394975456,False,-0.6057661267587094,False,-0.16971955585792456,False,0.9966982615685385,False,-0.8095975808897624,False
92.03294838518951,22.860048174143813,0.8253660491087792,-0.5643135632570696,False,-0.6910495875800075,False,-0.06497324977231018,False,-1.556197929083641,False,-0.29702869059701137,False
92.08294838518952,22.860048174143813,0.8186433457842569,0.3607567907163318,False,-0.9583147620244481,True,-0.03026460818774862,False,-3.0048090630384774,False,0.825068573506922,False
92.13294838518952,22.860048174143813,0.7825588230615688,0.805955916618863,False,-1.1101533801113617,True,-0.0035412410811101747,False,-2.6645023757986896,False,1.9375589616237705,True
92.18294838518952,22.860048174143813,0.7326709076695153,0.9559861078755296,False,-1.1304545480275587,True,0.021782554259774545,False,-3.0726399263122977,False,1.9640119378720744,True
92.28294838518951,22.860048174143813,0.746239064226754,0.5437381904477367,False,-1.021273138735485,True,0.6433486591147294,True,1.1333600421975838,False,1.0313274909129393,False
92.33294838518952,22.860048174143813,0.7633714484839353,0.2387938358233157,False,-1.2528991008850805,True,0.3871809967476928,False,-2.2735944465104865,False,0.7849840284636251,False
92.38294838518952,22.860048174143813,0.7371521909717341,-0.08478626338832607,False,-1.4412015680915118,True,0.07181095648060787,False,-3.51903171203832,False,0.28984764927941953,False
92.43294838518952,22.860048174143813,0.7068265695696976,-0.7151789078958862,False,-1.3340648091185483,True,-0.1494211889195321,False,-3.6371217871015276,False,0.09593968027414748,False
88.98294838518952,22.810048174143816,0.8250489394439796,0.32757663801528386,False,-5.147725858932526,True,0.24193971730446173,False,2.221754653360609,False,-0.562635328396024,False
89.03294838518953,22.810048174143816,0.8216749748021497,0.01772202649010718,False,-4.813969327192129,True,0.21385195773923618,False,2.234439063417241,False,-0.20577467138744265,False
89.08294838518952,22.810048174143816,0.8166193679408541,-0.45109267501869116,False,-4.353312646269855,True,0.22513765112277298,False,1.6549792103191254,False,0.22457228696393555,False
89.13294838518952,22.810048174143816,0.8021186189092466,-1.3289452221458524,False,-3.287844158000522,True,0.12652850894285578,False,1.4171645479201165,False,0.6622612233194252,False
89.18294838518952,22.810048174143816,0.7908448960330787,-1.1810314373720887,False,-2.415663345015036,True,0.15712510451129824,False,0.9050042220348513,False,0.8290054814423815,False
89.23294838518952,22.810048174143816,0.7904484131143507,-0.07094359646936377,False,-1.553018523235798,True,0.28857979697263275,False,-1.6064684370745528,False,0.15660595435027294,False
89.28294838518953,22.810048174143816,0.762524129527993,0.48739583282742965,False,-1.1651253384491826,True,0.10236436863155274,False,-3.9547464908621803,True,-0.7914956288279509,False
89.33294838518952,22.810048174143816,0.6809006508060528,0.4449094811542538,False,-0.8423531087733646,True,0.3109357046144881,False,-4.048002112802716,True,-1.1841886366991528,True
89.38294838518952,22.810048174143816,0.5672539438230242,0.17322568942634164,False,-0.7113709406964158,True,0.3711680876614984,False,-3.41017109840886,False,-1.023241096330305,True
89.43294838518952,22.810048174143816,0.5689324457021534,0.2620243533872744,False,-0.7763106806531619,True,0.3701484281942612,False,-3.785282389900179,False,-0.6105985872414252,False
89.48294838518952,22.810048174143816,0.6247078869747196,0.37273644555554647,False,-0.7642959286671013,True,0.39948464166030706,False,-2.7045118759695983,False,0.4127659411435426,False
89.53294838518953,22.810048174143816,0.6609067406430206,0.4948936759896646,False,-0.8320936606773154,True,0.5528874801868687,False,-2.138629172522842,False,0.7455336222950251,False
89.58294838518952,22.810048174143816,0.6653240547487499,0.44975077039194894,False,-0.8519727441193921,True,0.7887472603033965,True,-0.0531134175830702,False,0.24530214748256857,False
89.63294838518952,22.810048174143816,0.6979890346856122,0.6373982345318592,False,-1.0750641851095588,True,0.7725221409591352,True,1.9979285789458463,False,-0.4809725829329596,False
89.68294838518952,22.810048174143816,0.7709625441180836,0.8126051455774862,False,-1.3150107346354794,True,0.4921392507730226,False,3.183389384250233,False,-0.8156766883166623,False
89.73294838518952,22.810048174143816,0.8209663689857729,1.2302878123666154,False,-1.5774568127366226,True,0.26148081102181747,False,2.4591316972934214,False,-1.0022101006441728,False
89.78294838518953,22.810048174143816,0.8432144840158028,1.5882590802844305,True,-1.8562272625525318,True,0.10074765835957475,False,0.05442707583714412,False,-1.0579713910023714,False
89.83294838518952,22.810048174143816,0.8579701681921179,1.4833193564480005,True,-1.9996633161618347,True,0.14737042796250327,False,-1.9887890250227178,False,-0.913903398721397,False
89.88294838518952,22.810048174143816,0.8696795327213885,0.8009749665547983,False,-1.8156771178908484,True,0.5247746109063574,False,-0.47842985564584906,False,-0.569676287933678,False
89.93294838518952,22.810048174143816,0.8626590853613223,0.11956074081998944,False,-1.91326186857091,True,0.8014209124621218,True,-1.558161624427993,False,-0.4172516171631905,False
89.98294838518952,22.810048174143816,0.8428744970473002,-0.3602642758868577,False,-1.811117558454495,True,0.9146142894499323,True,0.708074015404005,False,-0.11145951381297621,False
90.03294838518953,22.810048174143816,0.8172125112798687,-0.8690591295021457,False,-1.4821388669675135,True,0.9649610916849967,True,3.7577644342893395,False,0.3542183449351973,False
90.08294838518952,22.810048174143816,0.7751866104951742,-1.3369340564750432,True,-1.3014912638930372,True,0.5995258994110062,False,7.49550024946598,True,0.7482473969280244,False
90.13294838518952,22.810048174143816,0.7141119883499539,-1.2060399782308617,True,-1.2409057940346848,True,0.11083266915133548,False,9.200876009000815,True,0.5591892023057441,False
90.18294838518952,22.810048174143816,0.6429997012149746,-0.5410268946256881,False,-0.7588861988957876,False,-0.13067216434127787,False,7.48173467619422,True,-0.5808403645810402,False
90.23294838518952,22.810048174143816,0.5862517720880068,-0.0016052687795106296,False,-0.4236147829896687,False,-0.14489908639967367,False,5.018483138919516,True,-1.1399851837295765,False
90.28294838518951,22.810048174143816,0.5720454163140065,0.3219314204382702,False,-0.5323393425614904,False,-0.09476038585540938,False,2.9023659109314104,False,-0.803031509048967,False
90.33294838518952,22.810048174143816,0.6622254001556903,0.7536192097542928,False,-0.7317507988100392,False,-0.06719403015987002,False,0.8065441359955338,False,-0.48763750451964943,False
90.38294838518952,22.810048174143816,0.7671332900006299,1.1195917916221942,True,-0.6562663286833358,False,-0.056850850442704215,False,-0.6670789767470967,False,-0.5239497844033313,False
90.43294838518952,22.810048174143816,0.8115565718095062,1.376253993011983,True,-0.38552014346057756,False,-0.048098355332555964,False,-0.7712944850471711,False,-0.7412237640636724,False
90.53294838518951,22.810048174143816,0.8082105674784492,1.2964493632461154,True,-0.346384478344559,False,0.1119774044085528,False,-0.32071893332078,False,-0.07825935008971846,False
90.58294838518952,22.810048174143816,0.80939876491035,1.1839819176646866,True,-0.3031398447592841,False,0.2582886873415437,False,-0.5352012150517114,False,0.2743916438517119,False
90.83294838518952,22.810048174143816,0.8434573763677122,1.0316675742537504,False,-0.3718918527342798,False,0.35596405718251733,False,-1.021915534943784,False,-0.1779952666683547,False
90.88294838518952,22.810048174143816,0.8115332086112326,0.9697772625062845,False,-0.5482483136360087,False,0.2006695660358536,False,-0.8945708469632893,False,-0.04994337895500366,False
90.93294838518952,22.810048174143816,0.7524862174480323,0.7923733553740251,False,-0.710588391105782,False,0.08747509331659564,False,-0.7062661567589118,False,0.09776642032461746,False
90.98294838518952,22.810048174143816,0.6578410070170346,0.523782196843348,False,-0.890402223566841,False,0.08118562602143405,False,-1.0407655062644368,False,-0.02700082164187223,False
91.03294838518951,22.810048174143816,0.6516723696809559,-0.1838929797969481,False,-0.8907087491283331,False,0.09278364589710493,False,-1.6448005811016637,False,-0.8753517692706692,False
91.08294838518952,22.810048174143816,0.6820028151139333,-0.17333740624528307,False,-1.1120801861572756,False,-0.12128836079799772,False,-1.2429104479309905,False,-1.1443130772106909,False
91.13294838518952,22.810048174143816,0.6559887460379705,0.3602578787857537,False,-1.705228752268944,False,-0.20015997440147995,False,-1.2140138959690951,False,-0.3829261996119777,False
91.18294838518952,22.810048174143816,0.6389701743080317,0.8425422291391726,True,-2.7240819078630385,True,-0.384111324727599,False,-0.9432354226097405,False,0.7365192389062605,False
91.23294838518952,22.810048174143816,0.6823443466737664,1.0586765778525684,True,-2.977811845499923,True,-0.572024355563995,False,-0.16394358737836223,False,1.1038264229482566,False
91.28294838518951,22.810048174143816,0.6330948387667847,1.0227685955712897,True,-3.292628275967944,True,-0.7221771999029198,True,0.35342226919231806,False,0.23769457110466186,False
91.33294838518952,22.810048174143816,0.5396877631312459,1.0762097438443554,True,-3.4246270458192787,True,-0.7167982802066908,True,0.3041530219719557,False,0.1802850009660818,False
91.38294838518952,22.810048174143816,0.47844676609298487,1.073827424134604,True,-2.6386784982534794,True,-0.6681376571853324,True,0.6970642483512877,False,0.46876987570512874,False
91.43294838518952,22.810048174143816,0.44709380359265394,0.95449617691083,True,-1.2540142308241187,True,-0.3859529725066001,False,1.4800530526805693,False,0.3696016185603805,False
91.48294838518952,22.810048174143816,0.44284298021156343,0.8155747427495785,True,-0.5265411470327729,False,-0.31032551676562176,False,2.675965952176959,True,0.26761316259828516,False
91.53294838518951,22.810048174143816,0.45690219074753197,0.4057698879207221,False,-0.2847017387862415,False,-0.20064594420055315,False,2.8774996175356256,True,0.4274989641395353,False
91.58294838518952,22.810048174143816,0.47663733393380037,-0.20257384793158395,False,-0.06563609693730701,False,0.024540184637427798,False,2.107809830573783,False,0.6035736895893407,False
91.63294838518952,22.810048174143816,0.5148168079760969,-0.31763148859082657,False,0.058352752811095795,False,0.2304077858085114,False,1.936104262090673,False,-0.15570164561170938,False
91.68294838518952,22.810048174143816,0.6421147882841112,0.013338223250604155,False,-0.034719959533203074,False,0.05556893230414512,False,2.2305916671888046,True,-0.48540630086957837,False
91.73294838518952,22.810048174143816,0.727343349000776,0.1444445883947554,False,-0.01622557637122421,False,-0.018074234686959213,False,2.740750870779442,True,-0.2818607720038767,False
91.78294838518951,22.810048174143816,0.7172018788668181,0.3329512684298057,False,-0.44395547420715364,False,0.011239296156710654,False,2.7525057078021335,False,-0.005986683395409864,False
91.83294838518952,22.810048174143816,0.7319809724597794,0.7267262000447892,False,-1.364875058619431,True,0.04170674878414374,False,2.0889287466949633,False,-0.15897241439044973,False
91.88294838518952,22.810048174143816,0.7488149169552549,0.5851172928123121,False,-1.1885288007012282,True,-0.09314897620395138,False,1.603185383252279,False,-0.4859042985073825,False
91.93294838518952,22.810048174143816,0.7826251947687732,0.03298886909262555,False,-1.020049484006897,True,-0.20799567042130385,False,1.8495615600613848,False,-0.4278562532049511,False
91.98294838518952,22.810048174143816,0.8112650637218779,-0.7843657558734021,False,-0.7987959929643963,True,-0.14253534414634822,False,1.6571064870541838,False,-0.25219754162656705,False
92.03294838518951,22.810048174143816,0.8258158916780644,-1.0713722830914725,False,-0.6807888613678666,True,-0.01604362596638023,False,0.9062900912202632,False,-0.35256808814201557,False
92.08294838518952,22.810048174143816,0.8204579567435577,-0.432166052903463,False,-0.9699243341631594,True,0.032300463201326735,False,0.3718622958760236,False,0.2995090473873224,False
92.13294838518952,22.810048174143816,0.7830983692993099,0.12543640570438475,False,-1.3312029976344502,True,-0.0004154344500945095,False,1.5781667100632024,False,1.172726275532417,False
92.18294838518952,22.810048174143816,0.7174399210004646,0.3298365536439949,False,-1.4603809771654954,True,-0.04400894485679163,False,2.007596513441751,False,1.0713028641552762,False
92.28294838518951,22.810048174143816,0.7452288700010757,0.24212421436701526,False,-1.3292745978291154,True,0.3493500007820396,False,7.825058123386842,True,0.1969423003295343,False
92.33294838518952,22.810048174143816,0.7721529654157475,-0.08444100267200405,False,-1.4749381997746667,True,0.23284488620505803,False,3.5525393094848443,False,0.16720510808746408,False
92.38294838518952,22.810048174143816,0.7592296417945025,-0.6052177522027049,False,-1.4636575899740871,True,-0.02296613804780301,False,-1.0410230109896377,False,-0.018070590191816838,False
92.43294838518952,22.810048174143816,0.734426524839667,-1.0710463203307554,False,-1.2451183881445547,True,-0.12670792212890375,False,-3.5177042260272975,False,-0.05754620406312122,False
88.93294838518952,22.76004817414381,0.789774054807307,1.1776401316279275,False,-4.569845597644537,True,0.3285230024915457,False,1.3417243902656315,False,-1.6645707668880376,True
88.98294838518952,22.76004817414381,0.7830565685726553,1.0222235461791083,False,-4.608365945668138,True,0.3756615891090923,False,1.8354343842705627,False,-1.630343282761278,True
89.03294838518953,22.76004817414381,0.7869764155546964,0.7547324772844722,False,-4.31658277376965,True,0.23509560889217737,False,1.9904979751076755,False,-0.9727090632233687,False
89.08294838518952,22.76004817414381,0.7861062193897047,0.49904751829270255,False,-4.000934923307823,True,0.11942347710403556,False,2.186775546554743,False,-0.4613822416824571,False
89.13294838518952,22.76004817414381,0.7850764983927875,-0.3732660513218954,False,-3.475336438205616,True,-0.05264012674530788,False,2.7034021121683303,False,0.10765471643148927,False
89.18294838518952,22.76004817414381,0.7852044511709576,-0.5899541616246776,False,-2.9872377915267108,True,0.05863303012913057,False,1.6656126576016206,False,0.1852757201848052,False
89.23294838518952,22.76004817414381,0.7841493169898495,-0.5132022062054794,False,-2.1476542844020554,True,0.3461745806981026,False,-1.2327642176103393,False,-0.36619639095802536,False
89.28294838518953,22.76004817414381,0.7534112692488713,0.36516099262678364,False,-1.1869316887871824,True,0.4968281906910504,False,-3.7588523097587174,True,-1.2158379657802827,True
89.33294838518952,22.76004817414381,0.6850876560512253,0.646565721139325,False,-0.8722191125889722,True,0.6853226147688618,False,-4.179899334659632,True,-1.4691223080617675,True
89.38294838518952,22.76004817414381,0.6255633035545448,0.3672312372694735,False,-0.9669617135742969,True,0.6638846107971549,False,-4.558233563387043,True,-1.2390274434038546,True
89.43294838518952,22.76004817414381,0.6244496706052404,0.48369597273865567,False,-1.1136283326380803,True,0.5494210918209225,False,-4.624725969487967,True,-0.8957509426689235,True
89.48294838518952,22.76004817414381,0.6438188689708125,0.5697292914956888,False,-1.1112773835596914,True,0.41960048959089213,False,-2.9139362618431397,False,0.39203760954698313,False
89.53294838518953,22.76004817414381,0.6373186480534142,0.5919771747496815,False,-1.098568368573368,True,0.5464160827149592,False,-2.027800808477242,False,1.1163961691684527,True
89.58294838518952,22.76004817414381,0.6063216810936708,0.4274249470114405,False,-0.9046916959167488,True,0.793952243323675,True,0.1721133486075166,False,0.49460302585553473,False
89.63294838518952,22.76004817414381,0.6392479456003481,0.573742224316597,False,-1.0624514033566423,True,0.7851129049299609,True,2.5522271849296776,False,-0.3949457358384859,False
89.68294838518952,22.76004817414381,0.7112183683804854,0.8412415920249584,False,-1.3809305787403323,True,0.5563676633208189,False,3.321193477479685,False,-0.5817721245956515,False
89.73294838518952,22.76004817414381,0.7590130452329732,1.2220617796651727,False,-1.5553470110756593,True,0.41153914219875426,False,2.228909630774816,False,-0.5985528490104386,False
89.78294838518953,22.76004817414381,0.7985042309497765,1.6871445642204892,True,-1.7780220147537116,True,0.21616062809561407,False,0.15592886117555027,False,-0.796811122481605,False
89.83294838518952,22.76004817414381,0.8496921964264214,1.8281897169531471,True,-1.9488525638803744,True,0.16705843806963633,False,-1.1972492317957113,False,-0.9643059023316627,False
89.88294838518952,22.76004817414381,0.8860579330933525,1.11470021095227,False,-1.8381051709385583,True,0.5036909408225583,False,-0.17276820984377084,False,-0.6771882168104367,False
89.93294838518952,22.76004817414381,0.8847629572280573,0.38965392160664636,False,-1.927199518335386,True,0.8319259249212225,True,-1.192555806657189,False,-0.42863381100815307,False
89.98294838518952,22.76004817414381,0.8495268921405815,-0.16498302433575923,False,-1.8017552356069895,True,0.9288325782242601,True,0.6138966055363264,False,-0.0007035808520398923,False
90.03294838518953,22.76004817414381,0.7761402146786308,-0.6169062796430855,False,-1.454641666301601,True,0.8624647953069298,True,2.5050441543488207,False,0.20064714864492011,False
90.08294838518952,22.76004817414381,0.6704038058697277,-1.0228497827823746,False,-0.9937449278320251,True,0.5268637458080206,False,4.911850743407544,False,0.29088630931132553,False
90.13294838518952,22.76004817414381,0.5493697071221785,-0.8786579771681245,False,-0.6291785355918329,False,0.13734704626477512,False,5.468331980496796,False,0.14033469677166377,False
90.18294838518952,22.76004817414381,0.46086173608609793,-0.27250782966000425,False,-0.14075613375299503,False,-0.1053540059683471,False,3.732565276593268,False,-0.5637962818511999,False
90.23294838518952,22.76004817414381,0.4637921766315713,0.169640308384451,False,0.014043941056111925,False,-0.07241884232742457,False,2.1398968361760318,False,-0.6961809850358085,False
90.28294838518951,22.76004817414381,0.5465344949286237,0.45154397138675295,False,-0.2402748076630889,False,0.026732028565953192,False,1.2566005371233533,False,-0.3311140493366792,False
90.33294838518952,22.76004817414381,0.6783617129175025,0.834561077916067,True,-0.6255377170661052,False,0.03233163618074972,False,-0.026776221175398907,False,-0.2538129915554763,False
90.38294838518952,22.76004817414381,0.7660765585963304,1.0733060469841518,True,-0.7382651154948189,False,0.020260955481859633,False,-1.1124857189183417,False,-0.2911924362052799,False
90.43294838518952,22.76004817414381,0.7961196200284457,1.2272445677435015,True,-0.48640293514073096,False,0.052633377038416,False,-1.5922792107311814,False,-0.41664885195265444,False
90.48294838518952,22.76004817414381,0.798062876766748,1.1798168482549185,True,-0.397447018221195,False,0.13254625508162812,False,-1.5257333521051515,False,-0.1482034256286941,False
90.53294838518951,22.76004817414381,0.7873873908625888,0.9598435925179256,False,-0.2883034299943805,False,0.29841679336790783,False,-0.926898917360926,False,0.2257499859048233,False
90.58294838518952,22.76004817414381,0.7841173037193695,0.8686939011342992,False,-0.18312524865461058,False,0.40952283904971676,False,-1.1027221694508658,False,0.6140139114057531,False
90.63294838518952,22.76004817414381,0.8112330198298069,0.8832198230122412,True,-0.16852054729129887,False,0.3980038314421818,False,-1.7015822888268808,False,1.0116856682990183,False
90.83294838518952,22.76004817414381,0.8821229556461346,0.9533194479543324,False,-0.27384337609016113,False,0.4373985108931696,False,-0.9758333112324289,False,-0.2245040603382411,False
90.88294838518952,22.76004817414381,0.8546943876699312,0.8361863705290247,False,-0.5433242103897039,False,0.2258938146643058,False,-0.7993476737330478,False,-0.0792651725513146,False
90.93294838518952,22.76004817414381,0.8042284718053858,0.6996234096721188,False,-0.854104327447196,False,0.06700098377204967,False,-0.603997003828663,False,0.06177238354863159,False
90.98294838518952,22.76004817414381,0.7306724595527216,0.46267642424607713,False,-1.0080482609617416,True,0.09713597585694739,False,-0.9390341196640803,False,-0.17330173606178628,False
91.03294838518951,22.76004817414381,0.6988197653980954,0.018322488679431648,False,-1.0309472779212114,True,0.17874231025233323,False,-1.8037696307206537,False,-0.9558913065047208,False
91.08294838518952,22.76004817414381,0.7159855330872065,0.14176778396937742,False,-1.0026128799478595,False,0.013906747223822097,False,-1.5158944950285993,False,-1.3161645316284125,True
91.13294838518952,22.76004817414381,0.6887071428934278,0.3444418943850094,False,-1.2588703610046998,False,-0.1820693605350446,False,-0.7942197530351568,False,-1.0808911434897472,False
91.18294838518952,22.76004817414381,0.6491463130485496,0.6387852443342733,True,-1.9501963148290171,True,-0.3811690947732933,False,-0.026314216434722315,False,-0.31467198125899765,False
91.23294838518952,22.76004817414381,0.6537572510532499,0.7781441208929825,True,-2.1322955579214113,True,-0.5871753509161344,False,0.9449778852535156,False,-0.13047062419500705,False
91.28294838518951,22.76004817414381,0.5918524857420305,0.9231845687457146,True,-2.446714589873131,True,-0.7749240348710786,True,1.6413976138777504,False,-0.10664740455022892,False
91.33294838518952,22.76004817414381,0.5582636826477545,1.0651590625838432,True,-2.617178502590417,True,-0.833989677195956,True,1.9571844223082082,False,0.21324400255477935,False
91.48294838518952,22.76004817414381,0.5143926258465962,0.8699384148271513,True,-0.8443072320588048,True,-0.43156543926350105,False,3.367561435023563,True,0.5182738428826057,False
91.53294838518951,22.76004817414381,0.4918460939222229,0.4479505442720687,False,-0.6454357538435692,False,-0.36086934515964847,False,2.999241621598728,True,0.9268727433756775,False
91.58294838518952,22.76004817414381,0.4838185082983839,-0.18530414305136977,False,-0.4215561034363241,False,-0.1336189407970812,False,2.2726760029730055,False,1.105521130182439,False
91.63294838518952,22.76004817414381,0.4991067876439419,-0.24756688318178477,False,-0.356232888984668,False,0.10651244855316222,False,1.9885377102933304,False,-0.08259703258318318,False
91.68294838518952,22.76004817414381,0.5958803745132426,-0.06488739177303396,False,-0.43758544896320156,False,0.019934237208825437,False,2.2058201197358382,True,-0.276709248761226,False
91.73294838518952,22.76004817414381,0.653391053031273,-0.048951473651481725,False,-0.3179275516490795,False,0.03774675021550835,False,2.9818764926572117,True,0.006456542932434084,False
91.78294838518951,22.76004817414381,0.6541022533535084,-0.011423709074851358,False,-0.3114638961176176,False,0.08948970253544904,False,2.8812404411567067,True,0.31987234202123105,False
91.83294838518952,22.76004817414381,0.6491009602152715,0.39590321011734264,False,-1.0700684020202484,False,0.1286482090816016,False,2.2047092842139806,False,0.19459275254307445,False
91.88294838518952,22.76004817414381,0.6696175979318222,0.6884223898281874,False,-1.0456021545407816,False,0.06459994908317492,False,0.7240429406085285,False,-0.4322987326245398,False
91.93294838518952,22.76004817414381,0.722401346632498,0.4327842882270668,False,-1.0257956768806595,True,-0.059177710535340045,False,0.8742986664983176,False,-0.38352482266576515,False
91.98294838518952,22.76004817414381,0.8072279287924805,-0.20149577542299374,False,-1.0457245817070722,True,-0.07864797869521309,False,1.3766338753076954,False,0.42957407817168203,False
92.03294838518951,22.76004817414381,0.8420822513062562,-0.6545856579271033,False,-0.9877174962381783,True,-0.01986679835103547,False,2.086499762254518,False,0.5486118448510604,False
92.08294838518952,22.76004817414381,0.8476919316050082,-0.6166087304654272,False,-1.2721311056256206,True,0.0887366685644349,False,3.886056519919614,False,0.596278390046001,False
92.13294838518952,22.76004817414381,0.8219686175387152,-0.25567779582298267,False,-1.755887376680548,True,0.14800336527000885,False,5.952651952330823,False,0.8390707222521552,False
92.18294838518952,22.76004817414381,0.7364905427715575,-0.046428141918389065,False,-1.827130049378641,True,0.08933145020702271,False,5.332575743152717,True,0.4103053990697907,False
92.23294838518952,22.76004817414381,0.6678912801825323,0.04569063696898179,False,-1.7022220415743483,True,-0.037365961603768205,False,5.758165174181772,True,0.05820074218770255,False
92.28294838518951,22.76004817414381,0.738911995130921,0.0006837754831630072,False,-1.6019323094827227,True,0.0851437588205102,False,6.405674021969727,True,0.11545126406370948,False
92.33294838518952,22.76004817414381,0.7779241267247334,-0.3541574546559557,False,-1.5443427017234785,True,0.1300032829193854,False,4.012197536855895,False,0.01958236004298608,False
92.38294838518952,22.76004817414381,0.7821789879795819,-1.0518304245393995,True,-1.327353450669366,True,0.01939011892770144,False,-2.3044341989513724,False,-0.10525016318635222,False
92.43294838518952,22.76004817414381,0.7660282276179201,-1.2343656604563626,True,-1.068588179675948,True,0.03619314024722235,False,-4.9163038181069725,False,-0.21268629879745626,False
92.48294838518952,22.76004817414381,0.7463436117557651,-1.192638129000909,True,-0.7180607459363447,True,0.13251392111198512,False,-4.870621498571852,False,-0.3959349752574543,False
88.93294838518952,22.71004817414381,0.7439902948745969,1.935334040595445,False,-3.7748312178795667,True,0.2626947611536821,False,-0.2259409214000021,False,-1.5758073114949815,True
88.98294838518952,22.71004817414381,0.7320903634351669,1.6577639306212792,False,-3.8719682070500756,True,0.31144034587125136,False,0.49204061263221355,False,-1.668593124882785,True
89.03294838518953,22.71004817414381,0.7358706818996396,1.311675659848437,False,-3.826411822485575,True,0.24511483970958994,False,1.0670312632086398,False,-1.4923689706143937,True
89.08294838518952,22.71004817414381,0.72377452932984,1.0116430908538472,False,-3.7401452939629602,True,0.1029390832557118,False,1.6562133277268305,False,-1.3834096361992638,False
89.13294838518952,22.71004817414381,0.7528875058160909,0.534678691696763,False,-3.4662743763708823,True,-0.07708171576059542,False,2.4390755591707305,False,-0.8327081087031042,False
89.18294838518952,22.71004817414381,0.7809850297542434,0.3557232660442561,False,-3.132244708594411,True,0.016770841159786637,False,1.777899038441166,False,-0.7276618212978787,False
89.23294838518952,22.71004817414381,0.7847335809654513,-0.06888644837315416,False,-2.2967897739412813,True,0.30558438572544105,False,-1.271708749281632,False,-1.2427277617103691,True
89.28294838518953,22.71004817414381,0.7593273814091475,0.1479808809392209,False,-1.4700513075010342,True,0.6243089390669365,False,-3.2716430565883443,True,-1.66238365884643,True
89.33294838518952,22.71004817414381,0.6897972550592785,0.36275868476620243,False,-1.1936624988439863,True,0.7972208109368901,False,-3.9600034477384156,False,-1.5742470472159127,True
89.38294838518952,22.71004817414381,0.6409867749328535,0.17735678835232896,False,-1.311438141116625,True,0.687314772331034,False,-5.132803628537851,True,-1.2843512392070036,True
89.43294838518952,22.71004817414381,0.6332675754915047,0.3801928758170303,False,-1.3375098176635394,True,0.552884744483032,False,-4.17128117045463,True,-0.8015005716058465,False
89.48294838518952,22.71004817414381,0.6244839835888846,0.5723347563086487,False,-1.263024718735005,True,0.4408260006106038,False,-3.280263231111954,True,0.548948649364896,False
89.53294838518953,22.71004817414381,0.584672750692695,0.6751070756232509,False,-1.3087541745391726,True,0.5742190640403624,False,-3.188879684010364,True,1.4295354565976057,True
89.58294838518952,22.71004817414381,0.5670130650110596,0.5920614516771932,False,-1.1758956107102088,True,0.7472487587072884,True,-2.0528516854017225,False,1.1935978557781692,False
89.63294838518952,22.71004817414381,0.6288224621738262,0.49584242603604256,False,-1.176239389202931,True,0.6779615599120374,False,0.4315896136317807,False,0.6411646774071835,False
89.68294838518952,22.71004817414381,0.6989060499991049,0.48690488862520376,False,-1.351635623032838,True,0.5406108777210911,False,0.7324959236954363,False,0.8916426655932042,False
89.73294838518952,22.71004817414381,0.7479377575597956,0.605611978850876,False,-1.403366295177925,True,0.4984207559120472,False,-0.17123487614655586,False,1.1058765104361357,False
89.78294838518953,22.71004817414381,0.7984690797568178,1.129879276756928,False,-1.527518907155085,True,0.41072807012338974,False,-0.27877725628457584,False,0.6489425927993177,False
89.83294838518952,22.71004817414381,0.8557848225845551,1.6947151409360262,False,-1.5842012394312228,True,0.30854822166729146,False,-0.00018422105025694968,False,0.015100017516904762,False
89.88294838518952,22.71004817414381,0.8860971349535123,1.3228052037459102,False,-1.6171920932142816,True,0.4660216659803217,False,1.2333868973241247,False,-0.1558876353492479,False
89.93294838518952,22.71004817414381,0.8805267974314103,0.38693135138565327,False,-1.8346239752930473,True,0.839356728793037,True,1.2261852927918264,False,-0.0762276318751331,False
89.98294838518952,22.71004817414381,0.8295970875835268,-0.20506193738420725,False,-1.626434132304532,True,0.9665393784869272,True,2.220223960608249,False,0.10104426741304717,False
90.03294838518953,22.71004817414381,0.6975728133993203,-0.47836410881600766,False,-0.9366112977445391,True,0.7234711684499211,True,1.54614143562528,False,-0.10173177556092725,False
90.08294838518952,22.71004817414381,0.5142977785798256,-0.3417199041311089,False,-0.5548306582165583,False,0.3795044004772206,False,0.1227712097428093,False,0.1394910630208421,False
90.13294838518952,22.71004817414381,0.3242629819057315,-0.23602492666605496,False,-0.2500101965835442,False,0.1596948294194398,False,0.30727052187486603,False,0.30516656642163154,False
90.18294838518952,22.71004817414381,0.27149231944168867,-0.11476916913764282,False,0.24734955074453374,False,-0.11378128388526496,False,1.0234667543103717,False,0.2229215811809157,False
90.23294838518952,22.71004817414381,0.4033830385112563,0.1779222756714996,False,0.5142777134310949,False,-0.08339172103719139,False,0.2876904175294046,False,-0.12279255553686363,False
90.28294838518951,22.71004817414381,0.5448570850471625,0.5199405912728919,False,0.17035412501780034,False,0.054095140665632035,False,-0.31270051200942683,False,-0.5419976112191969,False
90.33294838518952,22.71004817414381,0.6828387893030519,0.8761519217753915,True,-0.49900792813468725,False,0.06389888124405449,False,-1.052712731991973,False,-0.5383189853041846,False
90.38294838518952,22.71004817414381,0.7594891215524899,0.9884805543301054,True,-0.8400602193604998,False,0.05188251377511019,False,-1.4523236022355612,False,-0.1454368615155739,False
90.43294838518952,22.71004817414381,0.783202254936285,1.0482498936812856,True,-0.662737957947184,False,0.10569683362308979,False,-2.0309747289562132,False,0.08008992675213089,False
90.48294838518952,22.71004817414381,0.7764857128152316,0.9364409888940753,False,-0.4120678382046532,False,0.2497338195845051,False,-2.443240530103667,False,0.278192267661147,False
90.58294838518952,22.71004817414381,0.767690461140493,0.7244444994581856,False,-0.12248102643437589,False,0.44875337674163973,False,-1.1278655505183313,False,0.851893157887331,False
90.63294838518952,22.71004817414381,0.7822991628299627,0.8288923370057433,False,-0.0959977988384639,False,0.40125283156382674,False,-1.4827985678185056,False,1.2053600264974884,False
90.88294838518952,22.71004817414381,0.894281334903952,0.8738797787285946,False,-0.30248376220775147,False,0.26749895656084705,False,-1.2436770806530435,False,-0.17117043867263163,False
90.93294838518952,22.71004817414381,0.8591082260429025,0.587247698711691,False,-0.8874520119548507,True,0.10468849682044473,False,-0.6145531812308122,False,-0.06327459894895833,False
90.98294838518952,22.71004817414381,0.8249624266455964,0.33382384028966605,False,-1.1444988882094282,True,0.1512748066982636,False,-1.0006102814131443,False,-0.43679415775004765,False
91.03294838518951,22.71004817414381,0.7807662202470325,0.07994896187060285,False,-1.1883880639280933,True,0.21866880533555913,False,-1.6079142127331725,False,-1.1083136762334853,True
91.08294838518952,22.71004817414381,0.7727911752861931,0.22320325446323297,False,-1.2360475467468617,True,0.08064157509744617,False,-1.3002349842534031,False,-1.1444313310218095,True
91.13294838518952,22.71004817414381,0.7435387930126215,0.35632153319148685,False,-1.3844741453242857,True,-0.0626544308347316,False,-0.6695762432636164,False,-0.9638005918690029,True
91.18294838518952,22.71004817414381,0.7140436359489035,0.44081182636016614,False,-1.582772097550705,True,-0.19281284121937653,False,-0.005092384551421358,False,-0.6836466602113731,False
91.23294838518952,22.71004817414381,0.6902594304490565,0.5670521101136413,True,-1.7440335592327192,True,-0.3617739068470943,False,0.6508802396443132,False,-0.5044320548652866,False
91.33294838518952,22.71004817414381,0.5702133115025502,0.9663247459753392,True,-1.8071961728403867,True,-0.9079237879041631,True,3.459521579812309,False,0.38459865662025744,False
91.53294838518951,22.71004817414381,0.5568092727946631,0.29475135576607964,False,-0.6542481983865527,True,-0.42065895364271316,False,2.467144119033299,True,1.5474890172299895,True
91.58294838518952,22.71004817414381,0.5327740387001917,-0.01047687433719412,False,-0.5396422467394312,False,-0.40269069093537435,False,1.8120481512926547,False,1.5442499585193685,True
91.63294838518952,22.71004817414381,0.5505690895321597,-0.153299879234953,False,-0.5103797306306239,False,-0.008201494150558541,False,1.6581131758061658,False,-0.06234429371023234,False
91.68294838518952,22.71004817414381,0.6133391928959867,-0.1253484975708191,False,-0.5251420579258672,False,0.0735169932429715,False,1.6403055869917744,False,-0.2770777992742949,False
91.73294838518952,22.71004817414381,0.6388976016640702,-0.139900007100612,False,-0.36744525132254957,False,0.10967452862294205,False,2.0229783911439343,True,-0.1659883768052776,False
91.78294838518951,22.71004817414381,0.6337568935182822,-0.14364625281506954,False,-0.12187664936757694,False,0.09039876909170746,False,1.9295250986866468,True,0.4031869164772482,False
91.83294838518952,22.71004817414381,0.579150901998658,0.16065383705984915,False,-0.5764793374602446,False,0.12756673196922175,False,1.5101004318071376,False,0.4695482728492012,False
91.88294838518952,22.71004817414381,0.5721015276927739,0.5144047539719818,False,-1.002911838948238,False,0.09922339117731746,False,1.3651148044497408,False,-0.19295238832051248,False
91.93294838518952,22.71004817414381,0.6300155673023979,0.4998551025835014,False,-1.092280094907243,True,0.01388006129186703,False,1.441406582263258,False,-0.32505616237263313,False
91.98294838518952,22.71004817414381,0.798171044248712,0.059659618658203295,False,-1.337483663601314,True,0.06322270236976543,False,2.306875869169997,False,0.8033121654789324,False
92.03294838518951,22.71004817414381,0.8566052917681941,-0.3361370492832175,False,-1.3247205834274849,True,0.10548483696279451,False,2.9561763204887495,False,1.210799636893975,False
92.08294838518952,22.71004817414381,0.876618967355317,-0.305958190663404,False,-1.62163640770894,True,0.2161971783225083,False,4.727848963117483,False,1.20930618020529,False
92.13294838518952,22.71004817414381,0.8584380474771791,0.14207874811008506,False,-2.1978995185309698,True,0.29984630209707164,False,6.749930756031383,True,1.399633359509822,True
92.18294838518952,22.71004817414381,0.776885488425933,0.3324810681967243,False,-2.2265487960708783,True,0.21657718983757318,False,6.066924099021325,True,1.1596752164719766,False
92.23294838518952,22.71004817414381,0.6939984112732711,0.1354047760442969,False,-1.91741935912196,True,0.06730626440537388,False,5.210781009797422,False,0.7177948614528241,False
92.28294838518951,22.71004817414381,0.7434332039899204,-0.1017544783603318,False,-1.7725889806551245,True,0.08088309389961339,False,3.9081033146629363,False,0.7204553230572446,False
92.33294838518952,22.71004817414381,0.7902256539254635,-0.732850574504629,False,-1.5725878419822898,True,0.11947179351240672,False,-0.2017336891944268,False,0.32573963668365896,False
92.38294838518952,22.71004817414381,0.8029531607513837,-1.3979300803153805,True,-1.0589531123872966,True,0.19743643779944992,False,-3.763798505005936,False,-0.15318611474595634,False
92.43294838518952,22.71004817414381,0.7904670703200152,-1.3889087682985604,True,-0.7100718058974806,True,0.289758120332056,False,-4.280606736588079,True,-0.5030590407469284,False
92.48294838518952,22.71004817414381,0.7616026063575319,-1.1983150494934154,True,-0.4236681125670016,False,0.32520264612785077,False,-3.607991218814236,True,-0.7704527357406437,False
88.98294838518952,22.66004817414381,0.6607160339218273,1.841942656043358,True,-2.828788210317822,True,0.011068359239217035,False,-0.08868644097123757,False,-0.8494479871729024,False
89.08294838518952,22.66004817414381,0.6693124288524286,1.020826495003704,False,-3.140027932771784,True,-0.021509615667246712,False,1.2832679506909095,False,-1.2378646338319834,False
89.13294838518952,22.66004817414381,0.7131601750305572,0.696097548473618,False,-3.137865297691985,True,-0.019017827051936748,False,1.2507879853920154,False,-1.4614605269898362,True
89.18294838518952,22.66004817414381,0.764811587008727,0.7038488158428242,False,-2.7525699317245627,True,0.10750664565713602,False,0.40656962193005003,False,-1.5942430958359992,True
89.23294838518952,22.66004817414381,0.771150020417051,0.33508803217739147,False,-2.0332819664783637,True,0.40723780458023606,False,-1.7320484259508429,False,-1.921880676626578,True
89.28294838518953,22.66004817414381,0.7583732593067227,0.2392527830285881,False,-1.5331202686058751,True,0.7012767771004493,False,-2.3914234596074,False,-2.004341597448806,True
89.43294838518952,22.66004817414381,0.6192514326978993,-0.019603306621023664,False,-1.3917174582249503,True,0.3441817731087602,False,-3.9836203728671897,True,-0.5109485453292144,False
89.48294838518952,22.66004817414381,0.5928191592857639,0.2562674029283272,False,-1.2297870227000478,True,0.2796969561576127,False,-3.2313352747408883,True,0.7195244624352629,False
89.53294838518953,22.66004817414381,0.5617427546100008,0.4877960180831613,False,-1.4291225525639024,True,0.4212486217280821,False,-3.1357314548828428,True,1.5355173132537927,True
89.58294838518952,22.66004817414381,0.5881102330003845,0.523181916449174,False,-1.6152324184372495,True,0.48273276927740144,False,-3.0093856974790594,True,2.0949588231085046,True
89.63294838518952,22.66004817414381,0.6458240974023786,0.3729654619337885,False,-1.688619835669575,True,0.42782252360670414,False,-2.631293789836322,True,2.525668149700549,True
89.68294838518952,22.66004817414381,0.6926655012306598,0.15079500908894616,False,-1.6104314945073164,True,0.4463989923756888,False,-2.273393442705962,False,2.702954222946281,True
89.73294838518952,22.66004817414381,0.7555858317830424,0.6529015002708213,False,-1.614964670112235,True,0.48148957386954516,False,-2.206195233791744,False,2.708768377158516,True
89.78294838518953,22.66004817414381,0.8219650107815311,1.429048587331322,False,-1.4276330190432018,True,0.47591312997672097,False,-1.3170936361727303,False,2.345753975254076,True
89.83294838518952,22.66004817414381,0.8622578668922164,1.629534592281579,True,-1.0403302351423265,True,0.4419818024992137,False,1.1208617871146365,False,1.7545742337874504,True
89.88294838518952,22.66004817414381,0.8786643687403287,1.3594141904598613,True,-1.1659775533963577,True,0.4748977633762469,False,2.7083615216359176,False,1.2731538105042852,True
89.93294838518952,22.66004817414381,0.8582254482330008,0.5972565716376842,False,-1.7624044783031803,True,0.7553314256923687,True,2.654245623568441,False,0.7409824822308657,False
89.98294838518952,22.66004817414381,0.786803230886592,0.16778831169450084,False,-1.3295913160012929,True,0.862519779329874,True,2.00155513137892,False,0.22108395391512092,False
90.03294838518953,22.66004817414381,0.6427627253610682,-0.05472991626750395,False,-0.5955194666221383,False,0.6229419123254404,False,0.07063254920416406,False,0.06426595295974766,False
90.08294838518952,22.66004817414381,0.5406382417307025,-0.0028955463200276144,False,-0.2920488525284852,False,0.3352294039919379,False,-1.5491680922023883,False,0.3908733296888372,False
90.13294838518952,22.66004817414381,0.41164885732163703,-0.05688740496417301,False,-0.10532475040229947,False,0.14949755093958475,False,-1.1050142559769043,False,0.3416200888816741,False
90.18294838518952,22.66004817414381,0.35699202831952237,-0.06391489041543806,False,0.3161120278866395,False,-0.09791968044424071,False,0.07659916444227946,False,0.3563239405223009,False
90.23294838518952,22.66004817414381,0.4242653676033322,0.05275554117983537,False,0.736396571331723,False,-0.08554046886130742,False,0.045707486212371584,False,0.11214343925371204,False
90.28294838518951,22.66004817414381,0.5366185359497613,0.3903463425277253,False,0.2500628556918796,False,0.0711541452230326,False,-0.34610006186331893,False,-0.4109451182396722,False
90.33294838518952,22.66004817414381,0.635230915535779,0.8406631901522481,False,-0.6289915531108713,False,0.07762790026644227,False,-1.2622697169867467,False,-0.364204830482579,False
90.38294838518952,22.66004817414381,0.7037828890744569,0.907228065318877,True,-0.8218860910462213,False,0.09937124648853563,False,-1.6821873204689444,False,-0.04382868317028965,False
90.43294838518952,22.66004817414381,0.7376492313680998,0.8622508692709947,False,-0.7579904563947363,False,0.17080357955933267,False,-1.9804214014518533,False,0.42718645462606253,False
90.48294838518952,22.66004817414381,0.7498698932163627,0.80562312141962,False,-0.4552283233529154,False,0.3030432228016009,False,-2.445680594818574,False,0.7020650521064803,False
90.58294838518952,22.66004817414381,0.7547949474051587,0.7604766683991124,False,-0.10792425444111453,False,0.41729346551842705,False,-1.485577704026611,False,1.0454505024681893,False
90.63294838518952,22.66004817414381,0.7544054275471185,0.8324478887025939,False,-0.06734662390957967,False,0.3466096351708882,False,-1.6311018936034622,False,1.247825362066551,False
90.68294838518952,22.66004817414381,0.7734853547699753,0.8599906811330551,False,-0.059731924221660695,False,0.21500738743781794,False,-2.3937335509494653,False,1.4799995703453517,False
90.93294838518952,22.66004817414381,0.8978138123906065,0.41087991349998015,False,-0.8364351898703178,True,0.1736685345965736,False,-1.1431461986865536,False,-0.29261045405363295,False
90.98294838518952,22.66004817414381,0.8734254610281593,0.1325798741611796,False,-1.3406508028483066,True,0.18994565376778966,False,-0.805312341859586,False,-0.6525533389504938,False
91.03294838518951,22.66004817414381,0.8514681392598963,0.09967186381874238,False,-1.3746418914070802,True,0.20509448622185927,False,-1.1525058682484484,False,-0.9106011979681539,True
91.08294838518952,22.66004817414381,0.8287462638682789,0.16171994298208375,False,-1.3963609403499606,True,0.1541234085882125,False,-1.050404500880189,False,-0.9069906990648942,True
91.13294838518952,22.66004817414381,0.8036514758382133,0.22294502387138795,False,-1.4620774474508194,True,0.09692890479866528,False,-0.7552321092250879,False,-0.7899970764020541,False
91.18294838518952,22.66004817414381,0.7743125589847092,0.28561019877303256,False,-1.5460110174971762,True,0.04170196121694192,False,-0.44237661533528594,False,-0.6509715410347435,False
91.23294838518952,22.66004817414381,0.736872413270598,0.3522073717942512,False,-1.657724839165668,True,-0.004603988999435427,False,-0.08843463258258788,False,-0.47536468186785097,False
91.33294838518952,22.66004817414381,0.633059386614596,0.6845254086913782,True,-1.0096998746207255,True,-0.43096325870718877,False,2.3029783474676346,False,0.7073442705698277,True
91.58294838518952,22.66004817414381,0.6927172543321916,0.023084024224074448,False,-0.5294496042910057,False,-0.5082340250659263,False,0.8084736977326339,False,1.2815186927548003,False
91.63294838518952,22.66004817414381,0.7011946040029956,0.0443005690006045,False,-0.6682731306387262,True,-0.39896945152245755,False,0.4328119375203301,False,0.49362617530141173,False
91.68294838518952,22.66004817414381,0.6519635911381281,-0.0812029997343332,False,-0.638505198249242,False,0.054157284864734256,False,0.8230256843397938,False,-0.24706902943900827,False
91.73294838518952,22.66004817414381,0.655635721730956,-0.10799808234035585,False,-0.5214461101904052,False,0.12263175188441985,False,1.0734349264852443,False,-0.29025839527920033,False
91.78294838518951,22.66004817414381,0.6645422015496592,-0.09275586110771812,False,-0.36957635354133134,False,0.06034605982933927,False,1.0708642334554286,False,0.5195074684447036,False
91.83294838518952,22.66004817414381,0.6018072851554944,-0.025710108577517904,False,-0.11556044040009461,False,0.10137330843259781,False,1.0830304698914002,False,0.6159756370918066,False
91.88294838518952,22.66004817414381,0.5221904172699943,0.27813144522519223,False,-0.6063350527453875,False,0.06120023575502183,False,1.452446796473092,False,-0.10924250625363041,False
91.93294838518952,22.66004817414381,0.5370695064554509,0.2587079821679642,False,-1.0093450431112643,True,0.02604465819209191,False,1.8679676727703802,False,0.24547873569406647,False
91.98294838518952,22.66004817414381,0.7626246239311658,0.017765135141090058,False,-1.4274091173060723,True,0.16849283964229206,False,2.9238267986430513,True,1.1371592403073092,False
92.03294838518951,22.66004817414381,0.8586454935778451,-0.27642501019305943,False,-1.5573693911576814,True,0.23090036996466873,False,3.9516670789651727,True,1.5490916619683737,True
92.08294838518952,22.66004817414381,0.8921305131718457,-0.37045389180882793,False,-1.6598765234425348,True,0.26158234815818526,False,4.712133315023806,True,1.7128037011890593,True
92.13294838518952,22.66004817414381,0.8716444864485265,-0.1498189675226106,False,-2.0116562837025014,True,0.2752415940048386,False,6.198961276320327,True,1.878445157668643,True
92.23294838518952,22.66004817414381,0.7285453966939379,0.1090346638738029,False,-2.0687838594691654,True,0.07118343273534052,False,6.182666581590262,True,1.5496695704526582,True
92.28294838518951,22.66004817414381,0.7591052598934941,-0.339149208930817,False,-1.6948945832304063,True,0.10941347300242472,False,3.337420423898217,False,1.3743134671481363,False
92.33294838518952,22.66004817414381,0.7981389565268061,-1.1813471803572049,True,-1.183059984496435,True,0.20915252127273368,False,-2.2813924243940678,False,0.9154955124869265,False
92.38294838518952,22.66004817414381,0.8099340247409148,-1.6559330283418545,True,-0.5998677949992597,True,0.39536067695590216,False,-3.4352845670095484,False,-0.03996298234615328,False
92.43294838518952,22.66004817414381,0.7937668677292231,-1.4619886268579723,True,-0.2916977210324383,False,0.4811478138060874,True,-2.887963696542748,True,-0.5707991816606443,False
92.48294838518952,22.66004817414381,0.7367996831379967,-1.0398271593101565,True,-0.13771862571098278,False,0.40680857053320385,False,-2.4721218728109244,False,-1.0371843297916206,False
92.53294838518951,22.66004817414381,0.692610532386221,-0.8688682436417825,False,-0.026822762377962314,False,0.3305866184086173,False,-2.034605007656924,False,-1.0561587703359427,False
88.98294838518952,22.610048174143813,0.5499169200279864,1.6682696041219989,True,-1.7939732842535903,True,-0.11202938912345656,False,-0.3964787861748442,False,-0.008815789784302086,False
89.13294838518952,22.610048174143813,0.6076164795205711,0.6539973137787203,False,-2.2459140881314594,True,-0.09121342792997233,False,0.49456498724110654,False,-1.128685553615187,False
89.18294838518952,22.610048174143813,0.706591286057294,0.7107565281697327,False,-2.153440708162468,True,0.21192024820906907,False,-0.137513175643306,False,-1.7501994684308597,True
89.23294838518952,22.610048174143813,0.733420518192294,0.4517710757493776,False,-1.7203311343891654,True,0.5034742229632085,False,-0.7144236440750005,False,-2.0508354485871862,True
89.28294838518953,22.610048174143813,0.7151706633137883,0.21643071389727253,False,-1.3394657473590306,True,0.7173473131678024,False,-0.47614802232186815,False,-2.066558756846595,True
89.38294838518952,22.610048174143813,0.6544314093514213,0.09515582935699174,False,-1.027664266070158,True,0.4540911719933466,False,-3.8324831926446894,True,-0.57149551629952,False
89.43294838518952,22.610048174143813,0.6270550519983266,0.18219773309445625,False,-0.5245496615397627,False,0.43298784721991646,False,-2.8859551509962915,True,0.20538427069490556,False
89.48294838518952,22.610048174143813,0.5978492854145951,0.2348533368583512,False,-0.7936654324964038,True,0.5619580370615955,False,-2.3396479183867145,True,0.1928098314353382,False
89.63294838518952,22.610048174143813,0.5555669489805664,0.7514857640801914,False,-2.3502981859926564,True,0.2191770664740579,False,-3.789824984684542,True,2.9123878675909616,True
89.68294838518952,22.610048174143813,0.4923039942134058,0.9455274459637844,False,-2.4443707620368453,True,0.11295831369474348,False,-4.185897723990566,True,3.4786420533338744,True
89.73294838518952,22.610048174143813,0.6160082796050709,2.136954472543037,True,-2.205942900820033,True,0.16803264301433507,False,-4.260548048393007,True,3.4693065817760194,True
89.78294838518953,22.610048174143813,0.7884473030401404,2.3696056398772445,True,-1.497506720838619,True,0.1316065128376686,False,-1.6691766291583745,False,3.2169014157726843,True
89.83294838518952,22.610048174143813,0.8618232179098532,1.5211784884331314,True,-0.90669145483231,False,0.29510421729929937,False,1.9534304158438895,False,2.960624908313711,True
89.88294838518952,22.610048174143813,0.8650320607099785,1.0162637297912955,True,-0.8913919244833898,False,0.37256739193859384,False,4.1552349148273615,False,2.518975914717556,True
89.93294838518952,22.610048174143813,0.8175713804693475,0.6842438695671471,False,-1.395220989993856,True,0.5082319728953771,False,3.9380230270657073,False,1.6403337317254088,True
89.98294838518952,22.610048174143813,0.6919344277827597,0.3049126329869011,False,-0.9899229051109212,True,0.5461845698734005,False,3.075672815810691,False,0.49825144916084024,False
90.03294838518953,22.610048174143813,0.5917281398223554,0.1760047345000632,False,-0.5012209597090826,False,0.490736862535491,False,0.7589690138540435,False,0.16074005515610976,False
90.08294838518952,22.610048174143813,0.5826845982167999,0.15434408562923124,False,-0.33563305011334593,False,0.35538339943339925,False,-0.8421532237262948,False,0.21596609462787053,False
90.13294838518952,22.610048174143813,0.5208362689249095,-0.0336229973131081,False,-0.35828550408124715,False,0.20831969626586055,False,-0.4594369330767678,False,-0.05392826214555209,False
90.18294838518952,22.610048174143813,0.4410517057731076,-0.01854968154746328,False,-0.21922443348243595,False,0.016500490600135892,False,0.2539441801909254,False,-0.02997630365225963,False
90.23294838518952,22.610048174143813,0.4008998048219973,-0.06898170873466748,False,0.3493675393390263,False,-0.04491835048438858,False,0.639362067118323,False,-0.09346984546137242,False
90.28294838518951,22.610048174143813,0.45035400295855715,0.18325751486397318,False,-0.0419639886655442,False,0.04295006901253123,False,0.3523022526400723,False,-0.12216707321610798,False
90.33294838518952,22.610048174143813,0.4933184200996984,0.5322027194101472,False,-0.7723377054576758,False,0.11662664108172607,False,-0.3984328453491882,False,0.2004070266774448,False
90.38294838518952,22.610048174143813,0.5652060969469129,0.6288423733424022,False,-0.8574866123932505,False,0.2101415022621796,False,-0.8695399025212167,False,0.35253004980907743,False
90.43294838518952,22.610048174143813,0.6444943899013038,0.6083798414607396,False,-0.7334647506493222,False,0.28984989658289134,False,-1.2078466141392312,False,0.5984693819201327,False
90.48294838518952,22.610048174143813,0.6924513862452938,0.6917707319637894,False,-0.43744113412816477,False,0.3280091760374299,False,-1.8871365661187356,False,0.8558421731171288,False
90.58294838518952,22.610048174143813,0.734418006133809,0.8591352734394511,False,-0.046419555187164806,False,0.29688260242240194,False,-1.728559627682214,False,1.0314812414758692,False
90.63294838518952,22.610048174143813,0.720817296006451,0.8961838700498372,False,-0.023532037236496217,False,0.19281725507904623,False,-2.2055921170255863,False,1.160993289391923,False
90.68294838518952,22.610048174143813,0.7253181192424679,0.9165624437238897,False,1.912183816064894e-05,False,0.11272432502873207,False,-2.775374929827268,False,1.3560854271693406,False
90.73294838518952,22.610048174143813,0.7766779222923266,0.9581541565472109,True,0.013267899836631208,False,0.1134393600673731,False,-2.951758506777542,False,1.3291502112577964,False
90.98294838518952,22.610048174143813,0.9025618284024832,-0.1524651033819786,False,-1.4401091676791338,True,0.25350069181411594,False,-0.49887155506453695,False,-0.764956224209278,False
91.03294838518951,22.610048174143813,0.8783450521513692,-0.16295147777558322,False,-1.5844801702960087,True,0.2551311159941577,False,-0.34356483679465155,False,-0.8547419945184775,True
91.08294838518952,22.610048174143813,0.8552150465309971,-0.08677400480972186,False,-1.5596081105478612,True,0.2623708671654882,False,-0.5147954098588909,False,-0.8751310925537148,True
91.13294838518952,22.610048174143813,0.8308329279722154,0.026499472109797806,False,-1.5472177835758616,True,0.2602314458385622,False,-0.6155708843758452,False,-0.7968587248635827,False
91.18294838518952,22.610048174143813,0.8033120116494071,0.1088755992384341,False,-1.590787815439349,True,0.2593551584534951,False,-0.5707502080490525,False,-0.6606850096167246,False
91.23294838518952,22.610048174143813,0.7752909001068884,0.13848908148604325,False,-1.5434063116468004,True,0.3271761754995428,False,-0.5830589933561869,False,-0.33360821698450027,False
91.63294838518952,22.610048174143813,0.8161888226290744,0.1393460410498389,False,-0.7372145688227385,True,-0.4133172441858599,False,0.23170185033173102,False,0.6638128008496276,False
91.68294838518952,22.610048174143813,0.7549294084217888,0.1034066525372568,False,-0.8869676165259001,True,-0.04805916223130467,False,0.23277756139154673,False,0.27909186990984425,False
91.73294838518952,22.610048174143813,0.712460461133254,-0.06374431920049639,False,-0.6266262077280468,False,0.12716702769775318,False,0.7057921769510856,False,-0.43588369539634686,False
91.78294838518951,22.610048174143813,0.7094485771137717,-0.05237314079385434,False,-0.5217863066865603,False,0.06900215118603208,False,0.86705552166646,False,-0.04344378762008161,False
91.83294838518952,22.610048174143813,0.6816633341341403,-0.05294140799519201,False,-0.15453701656186916,False,0.007453000914262696,False,1.1237320698586042,False,0.3604710806615672,False
91.88294838518952,22.610048174143813,0.6038288564789673,-0.04458464793299737,False,0.13462174641682478,False,0.019552939834311816,False,1.1019772338419358,False,0.13990564024901586,False
91.93294838518952,22.610048174143813,0.5768419519178521,-0.06014814396984913,False,-0.3990680324821094,False,-0.03372213187147801,False,1.3853760797296448,False,0.5022185955884806,False
91.98294838518952,22.610048174143813,0.7383467693682683,-0.15285562512545794,False,-1.145469826556709,True,0.12614861103471825,False,2.428211434611298,True,1.324089258352683,True
92.03294838518951,22.610048174143813,0.8387960517198123,-0.36973818936029823,False,-1.535890318829209,True,0.24827859456714368,False,4.019982249906782,True,1.7829829521950802,True
92.08294838518952,22.610048174143813,0.8845432526134527,-0.6092126228473675,False,-1.6369673150328847,True,0.23435165149487108,False,5.164239598268301,True,1.9862663172399437,True
92.13294838518952,22.610048174143813,0.8644639447813172,-0.7346892298985375,False,-1.6138006154450952,True,0.15866667866222722,False,5.776687443466393,True,2.0529190610133083,True
92.28294838518951,22.610048174143813,0.7627950782044516,-0.800161090820168,False,-1.3805424954376115,True,0.16927284929052205,False,4.50094119994905,False,1.283355649562548,False
92.33294838518952,22.610048174143813,0.7917506932466322,-1.4802399444732388,True,-0.6296509443106816,True,0.2905312376502793,False,-2.677618457146427,False,1.2789526715906478,False
92.38294838518952,22.610048174143813,0.7981337176871093,-1.6432372395028965,True,-0.08760821074726133,False,0.513484823364565,True,-3.274907621748897,True,0.3207158153928489,False
92.43294838518952,22.610048174143813,0.785634010996832,-1.4169070652524995,True,0.04318886716229614,False,0.5343321626488526,True,-2.933500268974704,True,-0.2174780483143591,False
92.48294838518952,22.610048174143813,0.723860950891856,-1.0204935673213429,True,0.0799552992426393,False,0.4236339416778031,False,-2.383770097234201,False,-0.7091838830526246,False
92.53294838518951,22.610048174143813,0.6747567357363795,-0.8475101913626913,False,0.10601484143539602,False,0.3242696316521941,False,-1.9983316019759338,False,-0.8304786725306044,False
88.98294838518952,22.560048174143816,0.43163756203388104,1.4855676860184939,True,-1.294806176952656,True,-0.04567494571750985,False,-0.5725811447355142,False,0.47319136977560694,False
89.13294838518952,22.560048174143816,0.4946053671866614,0.5379088476567614,False,-1.4303074687397053,True,-0.15395685090507516,False,0.16169141796704767,False,-0.3438350168021804,False
89.18294838518952,22.560048174143816,0.5727612438130265,0.27908859840386957,False,-1.3594008144772918,True,0.08259731387528735,False,0.5692042250684566,False,-1.070091394755875,False
89.23294838518952,22.560048174143816,0.6450966348055923,0.04056817558215897,False,-1.036301602928157,False,0.3862740687980335,False,1.6681262479331993,False,-1.6175829531959498,True
89.48294838518952,22.560048174143816,0.6349259393622623,0.7137753787102202,False,-0.10623203792550392,False,0.6659552837333749,True,-0.8683608353170711,False,-0.4040839977944497,False
89.53294838518953,22.560048174143816,0.6375904583503926,0.13563960176909595,False,-0.29403198640486644,False,0.8766569720549582,True,-0.5327841685990335,False,-1.1805648109418987,True
89.68294838518952,22.560048174143816,0.2425485999415402,1.3830946858379103,True,-2.1835349689457857,True,0.28287361462014304,False,-4.685517198835969,True,2.932004839996562,True
89.73294838518952,22.560048174143816,0.3696947658832622,2.707136008549842,True,-2.5109413951686133,True,0.05374939427892097,False,-5.378475717101754,True,3.6071824030861332,True
89.78294838518953,22.560048174143816,0.6690290018311038,2.707957477105543,True,-2.038286343537556,True,-0.20522116650315336,False,-2.8085731295273786,False,3.69972118368633,True
89.83294838518952,22.560048174143816,0.8054214932388958,1.3405474290229513,True,-0.9223236553090198,False,-0.07560849614801499,False,2.81058935934113,False,3.4503685110649265,True
89.88294838518952,22.560048174143816,0.8280982333105792,0.5920450227136776,False,-0.3821571850750199,False,0.09651726263585379,False,6.382239534285127,True,3.020092053974029,True
89.93294838518952,22.560048174143816,0.7626058409376719,0.46389734919672043,False,-0.7751892566571387,False,0.21658625628451667,False,4.724972070547931,False,2.1177592662494273,True
89.98294838518952,22.560048174143816,0.5706822024704208,0.21081981644255127,False,-0.7353645304059222,False,0.3003263934848063,False,3.9481014968225345,False,0.6487200739846659,False
90.03294838518953,22.560048174143816,0.47968014882762616,0.046144362914171747,False,-0.6638647519093668,False,0.2821769303234627,False,3.9218394205715423,False,-0.053652976541619116,False
90.08294838518952,22.560048174143816,0.5130206369195576,-0.03758743769094994,False,-0.583354331518018,False,0.23664974689610938,False,1.9928781025229032,False,-0.08903535757378693,False
90.13294838518952,22.560048174143816,0.5046604688196461,-0.11878657137580088,False,-0.618619426629645,False,0.18139829400935353,False,0.9981024695283762,False,-0.23901292308302152,False
90.18294838518952,22.560048174143816,0.4181441441515366,-0.060531156224492844,False,-0.6437612025405931,False,0.09790254678418474,False,1.070865477208811,False,-0.18505167199855546,False
90.23294838518952,22.560048174143816,0.3266336467208449,-0.013338586596112418,False,-0.30034068796144103,False,0.033816473392396795,False,1.0077198317184002,False,-0.051939699762114905,False
90.28294838518951,22.560048174143816,0.35337488920332627,0.08501666853985469,False,-0.3184273193273199,False,0.10987584831284541,False,0.7129188574912525,False,0.19133436640692159,False
90.33294838518952,22.560048174143816,0.4112805227190979,0.2396940416293897,False,-0.5292954336345126,False,0.22752321184269858,False,0.08713283445274955,False,0.599704762564136,False
90.38294838518952,22.560048174143816,0.4935523719270307,0.345658044990364,False,-0.6294413370412167,False,0.30133325629388363,False,-0.1366733133507531,False,0.5828662633998034,False
90.43294838518952,22.560048174143816,0.5919462419491661,0.45332040600655754,False,-0.6321385350615442,False,0.306128409259226,False,-0.5372135056360094,False,0.5907435357374776,False
90.48294838518952,22.560048174143816,0.6584229345527237,0.5602854096258877,False,-0.4130543690205373,False,0.3005263068836625,False,-1.1187953440550804,False,0.7317458286737866,False
90.53294838518951,22.560048174143816,0.7019771143555666,0.774276145490653,False,-0.06708378069138729,False,0.2902644193301077,False,-1.2438365318043225,False,0.8579468425039465,False
90.58294838518952,22.560048174143816,0.7260716461837818,0.8697126448754277,False,-0.04266741566143174,False,0.23031845374650145,False,-1.7604402656984537,False,0.901143217674749,False
90.63294838518952,22.560048174143816,0.7246791938900664,0.88847872091305,False,-0.053478568431266735,False,0.1822553377219508,False,-2.319871581167318,False,0.9407049631510354,False
90.68294838518952,22.560048174143816,0.7145983042275847,0.9246844749018035,False,-0.026164380474768545,False,0.14254217872702876,False,-2.314672550603784,False,0.9037550367369505,False
90.73294838518952,22.560048174143816,0.7316715193557911,0.9044847196782211,False,-0.02239231106845016,False,0.1826701804655938,False,-2.2271442566771507,False,0.7349463803264317,False
91.03294838518951,22.560048174143816,0.8984072562520324,-0.21602484526050966,False,-1.616906921535096,True,0.26454805306221146,False,-0.09682608999821785,False,-0.8940634563311816,False
91.08294838518952,22.560048174143816,0.8735951466079938,-0.1710312599410182,False,-1.6139163752710144,True,0.30377791305434,False,-0.2664863591566662,False,-0.8568310887448741,True
91.13294838518952,22.560048174143816,0.8521800880682906,-0.12819860382240927,False,-1.5956327064935496,True,0.37104774564158743,False,-0.4688836183475522,False,-0.7849500648956348,False
91.18294838518952,22.560048174143816,0.8283366329461536,-0.07741179889950353,False,-1.5684691652171807,True,0.4374991333101349,False,-0.574813145342751,False,-0.6131775301862656,False
91.43294838518952,22.560048174143816,0.8161150184998749,0.3378554626402841,False,-0.2785236242307442,False,-0.17193018868526025,False,1.4013525934656004,False,1.2291897202655662,True
91.48294838518952,22.560048174143816,0.8388437590589166,0.30244127179750957,False,-0.2822555121034376,False,-0.11930845475215004,False,0.650208332767695,False,1.1145454805554564,True
91.68294838518952,22.560048174143816,0.8151564025357637,0.23702528286014102,False,-0.7834679980367296,True,-0.16655627121819247,False,0.5781085902211137,False,0.4946528941880914,False
91.73294838518952,22.560048174143816,0.8200767321499798,0.03304599163561254,False,-0.4643050160113556,False,-0.2188036173790468,False,1.4286952302846363,True,-0.6951532605084296,False
91.78294838518951,22.560048174143816,0.8153827467443373,-0.14061761114661359,False,-0.2392985566841443,False,-0.20081700832178068,False,1.7178313566560068,True,-1.3502547183487807,False
91.83294838518952,22.560048174143816,0.7943151882177156,-0.07561575913343,False,-0.179956702273471,False,-0.17950862782261168,False,1.6287653019066721,True,-0.6979094099873586,False
91.88294838518952,22.560048174143816,0.777873389386925,-0.1001009701331711,False,0.1497673695587034,False,-0.0906496881534562,False,1.3137878949944353,True,0.16460351555776837,False
91.93294838518952,22.560048174143816,0.7291829290576699,-0.24409403327996645,False,0.15521726479044046,False,-0.019122518046303986,False,1.0223185737849785,False,0.7600902373562154,False
91.98294838518952,22.560048174143816,0.7517856543026606,-0.3946884350228431,False,-0.6272194577577095,False,-0.0020455235787279896,False,1.6457973462406317,True,1.1731251100357907,False
92.03294838518951,22.560048174143816,0.8002790168952127,-0.43363831942628606,False,-1.131271602134928,True,0.15659891290618355,False,2.572206734111482,True,1.5623915083439233,True
92.08294838518952,22.560048174143816,0.8520059445502941,-0.47404676710529514,False,-1.6476467332272375,True,0.1637901929890339,False,4.4448095818736215,True,1.9885472699252729,True
92.13294838518952,22.560048174143816,0.8415957867275161,-0.6727573877420895,False,-1.6344755962130524,True,0.064266997802082,False,5.455861293406875,True,2.111436736704946,True
92.23294838518952,22.560048174143816,0.7605390445393959,-1.0710723309659724,True,-1.50872224137949,True,0.07629320352412333,False,9.906019230390395,True,0.9462011862863474,False
92.28294838518951,22.560048174143816,0.7695733730120344,-1.088529593215272,True,-1.1754982299177932,True,0.2287124364177872,False,5.945084859672334,True,1.0762521396249511,False
92.33294838518952,22.560048174143816,0.7865096210425006,-1.4794074714577379,True,-0.4153135680559508,False,0.316864489407101,False,-1.6585822826068077,False,1.294276380865226,True
92.38294838518952,22.560048174143816,0.7900480776592999,-1.4654771921056797,True,0.12022480341528133,False,0.5338896451020018,True,-3.3678655034441394,True,0.6425305804013671,False
92.43294838518952,22.560048174143816,0.7727505002389999,-1.3019747175661776,True,0.2394351914255488,False,0.5276282521153086,True,-3.45494582477208,True,0.03317782123221686,False
92.48294838518952,22.560048174143816,0.7317237161318298,-1.1193338590170203,True,0.22619738104452936,False,0.4136133384288972,False,-2.9630786836487113,True,-0.29862793630045403,False
92.53294838518951,22.560048174143816,0.6773408804886988,-0.8984877990935694,False,0.20704042175617215,False,0.3007020942117673,False,-2.348778109960813,True,-0.5566646263187869,False
88.98294838518952,22.51004817414381,0.4490078336734688,1.4505049503433791,True,-1.1824706959585298,True,0.025776270329888162,False,-0.9318362959111197,False,0.5561682739550056,False
89.03294838518953,22.51004817414381,0.45491376183336774,1.3210039615320588,False,-1.2284850059260641,True,-0.012038562817408005,False,-0.9686724855140507,False,0.6277051886260494,False
89.08294838518952,22.51004817414381,0.46698437169282436,1.1010741434963045,False,-1.3120157395482432,True,-0.08421243940310785,False,-0.7900776505992936,False,0.4686079268621367,False
89.13294838518952,22.51004817414381,0.5049276413578674,0.735706928797172,False,-1.361482095599302,True,-0.12179563159558732,False,-0.21610542028459614,False,0.06945625074282125,False
89.23294838518952,22.51004817414381,0.648043512210978,-0.25872498919756226,False,-0.04313806820116145,False,0.24972589179996119,False,4.182482874390049,True,-0.24245493345154115,False
89.28294838518953,22.51004817414381,0.725661528276033,-0.2109285792780291,False,0.23854702098482092,False,0.4950812243961643,False,5.504739532950614,True,0.0042539318972268925,False
89.33294838518952,22.51004817414381,0.764776203610317,0.23365345467506243,False,0.1541645848433998,False,1.108366991202789,True,1.2861891031410175,False,0.43493098989411316,False
89.38294838518952,22.51004817414381,0.7913285684953534,1.177152339484834,True,0.09174008283685092,False,0.5321895827744295,False,-1.294298146278747,False,0.30956635641915015,False
89.48294838518952,22.51004817414381,0.6594287013038684,1.7165952070649082,True,-0.1403111603936282,False,0.009622964099578024,False,0.05015845662608809,False,-0.7275041872278283,False
89.53294838518953,22.51004817414381,0.6499264507482423,0.5626800610882235,False,0.10190197627556463,False,0.5744911020634714,True,-0.020728880114052384,False,-1.2867909468758203,True
89.58294838518952,22.51004817414381,0.6238221797664657,-0.6233100239645615,False,0.4801824228433845,True,0.7910365492448939,True,0.2932216468767218,False,-1.8203488786608548,True
89.63294838518952,22.51004817414381,0.5306038891164359,-0.5099643880699175,False,0.22102583798903166,False,0.8324427601853716,True,-0.18719370003016952,False,-0.9123521407632089,False
89.68294838518952,22.51004817414381,0.3699943464868891,1.9448017071655674,True,-1.2197664490178948,True,0.6202133693414393,True,-4.59406043399673,True,2.6804472203671295,True
89.73294838518952,22.51004817414381,0.39783727366932725,2.2795748165284873,True,-1.800572251014468,True,0.22158346559379816,False,-4.747123180817585,True,4.0285233349080745,True
89.78294838518953,22.51004817414381,0.5966872934967222,1.5426650252559424,True,-1.4073686408218131,True,-0.1328314425588238,False,-1.3797672584190952,False,3.8693607879238074,True
89.83294838518952,22.51004817414381,0.7309600651112521,0.5932666433511483,False,-0.3911773022507984,False,-0.2532288572311526,False,5.071835505467382,True,3.3509500628830597,True
89.88294838518952,22.51004817414381,0.7698794847454359,0.08958728467771127,False,0.33359663026998687,False,-0.15726500269386806,False,9.63955549027781,True,2.959713353440416,True
89.93294838518952,22.51004817414381,0.7028811828337064,0.21479560717244883,False,-0.08714212510418858,False,0.01063387288244988,False,5.34675513736631,False,2.244147165682899,True
89.98294838518952,22.51004817414381,0.48999135585774395,0.1301976709855352,False,-0.5696287751387021,False,0.2639793983328328,False,4.056086203224554,False,0.6819444925633635,False
90.03294838518953,22.51004817414381,0.3862192600178597,0.006177179385587914,False,-0.7170782274020987,False,0.19681311282397573,False,4.91636377628151,False,-0.018720420248031208,False
90.08294838518952,22.51004817414381,0.42007194780650875,-0.1034434557070369,False,-0.7514467421628025,False,0.1316880493828957,False,3.767793479256052,False,-0.1388871124475212,False
90.13294838518952,22.51004817414381,0.4392580040090676,-0.15988222419020365,False,-0.7870844095274556,False,0.15446753916606826,False,2.1499459021076364,False,-0.34231300589864927,False
90.18294838518952,22.51004817414381,0.3653974140287008,-0.06777563018500722,False,-0.8174503582381996,False,0.12965099250581935,False,1.735556806525337,False,-0.22366205766891684,False
90.23294838518952,22.51004817414381,0.35338606207178846,0.05556352470330096,False,-0.7156632302218657,False,0.10576511996107105,False,1.4854878808958945,False,0.11134819082770066,False
90.28294838518951,22.51004817414381,0.4064303466200983,0.13998730128702147,False,-0.5944481214761576,False,0.1572153412187044,False,1.1474577094585425,False,0.3799500674493871,False
90.33294838518952,22.51004817414381,0.45870175681680775,0.2218057465046567,False,-0.5287984782016335,False,0.21102493915251117,False,0.5615916358629172,False,0.6616242469136031,False
90.38294838518952,22.51004817414381,0.5567594836091052,0.30995599365283294,False,-0.5549169493946586,False,0.22812511271276523,False,0.3430823046962718,False,0.6579815728991968,False
90.43294838518952,22.51004817414381,0.649213052474345,0.43710268317049517,False,-0.663245406030577,False,0.217977616044623,False,0.25385202872156004,False,0.5654165788793117,False
90.48294838518952,22.51004817414381,0.716558185889153,0.4937484763931679,False,-0.5749545385420836,False,0.2087165996845608,False,0.09827087972119031,False,0.5636200014610302,False
90.53294838518951,22.51004817414381,0.7612854836363618,0.6661984242479986,False,-0.24567541087651923,False,0.22525585618986563,False,-0.07722076166449054,False,0.6097630770159541,False
90.58294838518952,22.51004817414381,0.7803885009476528,0.7470366994687225,False,-0.15898238530503422,False,0.2761339273242189,False,-1.5569635851322108,False,0.6290689907811089,False
90.68294838518952,22.51004817414381,0.7377437654888418,0.8325220421369676,False,-0.09987592675523164,False,0.2143475933435344,False,-1.9014131863730395,False,0.5364605297284682,False
90.73294838518952,22.51004817414381,0.703927416118586,0.8240515564385074,False,-0.08564750392531115,False,0.19554839220265988,False,-1.723549805400864,False,0.4224428809499014,False
91.43294838518952,22.51004817414381,0.8594500602709564,0.3105672835870854,False,-0.23838774865754592,False,-0.04526047684463947,False,0.7141210191776157,False,1.1676096201037909,True
91.48294838518952,22.51004817414381,0.8870424604434977,0.29496216216698584,False,-0.30120664887649407,False,-0.1409759364838897,False,0.4387272943389141,False,1.0144430173578463,True
91.53294838518951,22.51004817414381,0.9045906503689909,0.34109334926278045,False,-0.329432376121798,False,-0.37796951069487655,False,0.8627106315936128,False,0.723843577790507,False
91.73294838518952,22.51004817414381,0.9112984780169924,0.2582522805931996,False,-0.45396720395487145,False,-0.5541040195466016,True,1.8488768473772303,True,-0.24996924432693013,False
91.78294838518951,22.51004817414381,0.9188896414931291,0.052977721607359946,False,-0.2560930339197679,False,-0.37771203328672537,False,1.9549292463199908,True,-1.3157281726090555,False
91.83294838518952,22.51004817414381,0.9097503730954731,0.05736520007445903,False,-0.19600359796382127,False,-0.34881578449443384,False,1.9072403910812132,True,-1.1645170284937931,False
91.88294838518952,22.51004817414381,0.8894628007283427,0.023529480327070508,False,0.008483547247357184,False,-0.20710628830275835,False,1.48036767684729,True,-0.20152251890025474,False
91.93294838518952,22.51004817414381,0.8291138444591982,-0.09280674194207976,False,0.3831040935485851,False,0.0016059891365386748,False,0.8183734328794767,False,1.079751591483061,False
91.98294838518952,22.51004817414381,0.7576501053148652,-0.3377324980044246,False,-0.4260402344136112,False,0.04849061867693167,False,1.1771394065344438,True,1.0789187468379646,False
92.03294838518951,22.51004817414381,0.7433339059272501,-0.3429648587911469,False,-0.8607728483561373,True,0.15274264924620715,False,1.5775125165540342,True,1.1848658202837234,False
92.08294838518952,22.51004817414381,0.8017293520917878,-0.18979537147220704,False,-1.557631987603829,True,0.13665024387967276,False,3.152058170623585,True,1.839662630710531,True
92.13294838518952,22.51004817414381,0.8201830467824078,-0.2898716492726967,False,-1.802927448421406,True,0.08624573548689773,False,4.632920616345956,True,2.2545345357816764,True
92.18294838518952,22.51004817414381,0.8033450361967679,-0.7013238164552518,False,-1.5105409263812102,True,0.1111498516021836,False,5.18422727583008,True,2.136598860048755,True
92.23294838518952,22.51004817414381,0.7881892250438125,-1.2020210787716952,True,-1.3539835110163494,True,0.1389893341354987,False,7.856184266082108,True,1.3024284643652928,False
92.28294838518951,22.51004817414381,0.7940924775588436,-1.5005952462429057,True,-0.9608705582926889,True,0.2002317731909083,False,4.722593013111323,False,1.311382015576212,True
92.33294838518952,22.51004817414381,0.8005740951373692,-1.7251819489050821,True,-0.4024129365579317,False,0.21744400123629096,False,-0.9380696266053479,False,1.3898690051028313,True
92.38294838518952,22.51004817414381,0.8003019369603385,-1.7234146261802668,True,0.1413341050890992,False,0.3920256024196147,False,-3.543088059935869,True,0.7478277938631963,False
92.43294838518952,22.51004817414381,0.7819128267667871,-1.598376401729913,True,0.31018610589208484,False,0.41269425498572543,False,-4.066268785268065,True,0.2616325559896352,False
92.48294838518952,22.51004817414381,0.7374124447911847,-1.2969460108524227,True,0.3152202615186818,False,0.3458092548723002,False,-3.604108059374913,True,-0.10543659573917893,False
92.53294838518951,22.51004817414381,0.6907334261667575,-0.9824484261863875,True,0.2780660518013631,False,0.23572264065904386,False,-2.9516515157816796,True,-0.4250946466456536,False
89.03294838518953,22.46004817414381,0.5249309797590916,1.2765828432057644,False,-1.2423580665147547,True,0.038483181000244504,False,-1.2417534861330004,False,0.4212071366376826,False
89.08294838518952,22.46004817414381,0.532500908633393,1.1450624780191834,False,-1.3093982619819355,True,0.004034594032792632,False,-0.9318480846958046,False,0.29131885522279344,False
89.13294838518952,22.46004817414381,0.5485924411118246,0.9355936187655429,False,-1.2271097892127738,True,0.012040026475298782,False,-0.28748715187580676,False,0.27606152443178156,False
89.23294838518952,22.46004817414381,0.6972691703810426,-0.004021658446451859,False,0.1484368338338649,False,0.2544026730033706,False,3.843990259769537,True,0.7411190427876716,False
89.28294838518953,22.46004817414381,0.7718560049233208,-0.13446745586310938,False,0.21525133089327803,False,0.2778132082782139,False,5.934807588942724,True,0.35923098730335434,False
89.33294838518952,22.46004817414381,0.8269803239794113,0.6944292208657197,False,-0.00507029185736857,False,0.8715648280042281,True,1.741110504872224,False,0.49858994255006023,False
89.38294838518952,22.46004817414381,0.8344590210510348,1.4348990017309824,True,0.05070968759206504,False,0.4854091877112531,False,-1.4549790480096854,True,-0.3005429704593215,False
89.43294838518952,22.46004817414381,0.7815820881957724,1.9995736074542811,True,-0.12095559120814542,False,0.04349117237629346,False,-0.510358724857935,False,-0.5672967199484575,False
89.48294838518952,22.46004817414381,0.6788793988253607,2.1687029454054394,True,-0.19182867412507212,False,-0.29196603254293474,False,0.3796894250473035,False,-0.8050372868278936,True
89.53294838518953,22.46004817414381,0.650907325249513,1.636502680025218,True,0.11161225581302309,False,-0.26859866311639485,False,0.13074269660215543,False,-1.1805697817261183,True
89.58294838518952,22.46004817414381,0.6474755173580892,0.8964967562594484,True,0.645215720624597,True,0.2709746771006059,False,-0.4869855372906038,False,-1.4546996486527322,True
89.63294838518952,22.46004817414381,0.6169110440077267,1.333595343602531,True,0.5667223083611317,True,0.6822469030325943,True,-1.1891188548609861,False,-0.618247857798474,False
89.68294838518952,22.46004817414381,0.5678047095201427,4.1023259951426665,True,-0.8431402858185626,True,0.27470094768070935,False,-6.370311650456739,True,3.5581089288477807,True
89.73294838518952,22.46004817414381,0.5706860384485029,2.524144546632697,True,-1.140128628823844,True,0.05814611675868045,False,-4.451294550771726,True,4.844635045098261,True
89.78294838518953,22.46004817414381,0.6348322309184787,0.7248652962926576,False,-0.4099189662562222,False,-0.0360111326879437,False,1.7724258591534992,False,3.8950498518390573,True
89.83294838518952,22.46004817414381,0.6925873109000101,-0.2451009949335319,False,0.4194405740622248,False,-0.08755517591961268,False,11.451831274345246,True,2.608007231324663,True
89.88294838518952,22.46004817414381,0.7156005947422915,-0.1961465878169349,False,0.42137881313060577,False,-0.2005320551860616,False,11.352052039309445,True,2.6935586971709853,True
89.93294838518952,22.46004817414381,0.6576514615225474,0.030834182243700936,False,0.21456574259902447,False,-0.023918312765575392,False,5.916580647286265,False,2.0145062015074346,True
89.98294838518952,22.46004817414381,0.49212187049176087,0.11249499286710318,False,-0.4740129765913079,False,0.25209166440460645,False,4.655586903600502,False,0.6890682110204246,False
90.03294838518953,22.46004817414381,0.37978716983049954,0.02914972949076835,False,-0.7655096753066516,False,0.174179534014277,False,5.30783344658618,False,0.20083955394716901,False
90.08294838518952,22.46004817414381,0.3891946647280299,-0.07381252405503165,False,-0.8332174892546333,False,0.10123709691736388,False,4.701583917561239,False,0.06991975928359899,False
90.13294838518952,22.46004817414381,0.3806993106257741,-0.0940653450928266,False,-0.8788404609720574,False,0.11809714420582867,False,3.339843073041248,False,-0.1556438230893513,False
90.18294838518952,22.46004817414381,0.3987543264167559,-0.0003184863418827233,False,-0.9326123991092392,False,0.10554814870585355,False,2.603511475475102,False,-0.0839131454062505,False
90.23294838518952,22.46004817414381,0.462125488451801,0.10988396402052679,False,-1.0357170578477488,False,0.11556375838988166,False,2.43745031498741,False,0.1833020355930715,False
90.28294838518951,22.46004817414381,0.5404839990578973,0.23270510125746857,False,-0.9780168311834858,False,0.16038154203265334,False,2.0294008183549024,False,0.48855047899990667,False
90.33294838518952,22.46004817414381,0.6048713749966782,0.35254598146740246,False,-0.817600585421685,False,0.1769023415386216,False,1.4267636603541156,False,0.7537677907069035,False
90.38294838518952,22.46004817414381,0.6658011295997183,0.43850372545124483,False,-0.6887310747223445,False,0.14259206603891883,False,1.0067333868113189,False,0.8379788543173672,False
90.43294838518952,22.46004817414381,0.7261644342433106,0.4471932589470623,False,-0.8232821018643985,False,0.10865564807758797,False,0.9541714119222378,False,0.6104843701889322,False
90.48294838518952,22.46004817414381,0.7783741597119774,0.3900253712511558,False,-0.8752538121635676,True,0.12087949512391458,False,0.6537683229044536,False,0.5028228926785449,False
90.53294838518951,22.46004817414381,0.8180177025347761,0.4042203330094002,False,-0.6569318281470347,True,0.16455275150780324,False,0.347133802777648,False,0.43012520308566443,False
90.58294838518952,22.46004817414381,0.8268169287646938,0.6004169594094741,False,-0.3470745990315007,False,0.2047727731179586,False,-0.0957183063693387,False,0.27796588662548516,False
90.68294838518952,22.46004817414381,0.7336964843354193,0.738582448181698,False,-0.1851075627778703,False,0.1794991378026114,False,-1.16936367769542,False,0.27992274899638436,False
90.73294838518952,22.46004817414381,0.6712338295103363,0.7470223095654243,False,-0.15587047070045457,False,0.14900994850310234,False,-1.0874918275016907,False,0.23808199213202758,False
90.78294838518951,22.46004817414381,0.6832941237567968,0.7236968044361926,False,-0.15388687183276012,False,0.1663020562023918,False,-1.1409339921709147,False,0.19440134711818113,False
91.48294838518952,22.46004817414381,0.8985347838952317,0.3497412892158882,False,-0.22677838477297724,False,-0.2905199108913054,False,1.0228129680756406,False,0.8700911853160282,False
91.53294838518951,22.46004817414381,0.9224321058346524,0.3987786125966356,False,-0.24022063345107286,False,-0.5199139520965448,True,1.3060006028973479,True,0.5655774769759818,False
91.73294838518952,22.46004817414381,0.939653995064301,0.6694771450235023,True,-0.4686052690883141,False,-0.3844312603259908,False,1.2036439857227914,True,0.42989498605743504,False
91.78294838518951,22.46004817414381,0.9407078205240408,0.6903773000906287,True,-0.3506898642503672,False,-0.26553612211781236,False,1.0375046573581441,True,0.3481187141979012,False
91.83294838518952,22.46004817414381,0.9358669640204116,0.6171400019806654,True,-0.11632428842255332,False,-0.17755190190926093,False,0.9319652821196884,True,0.06286224745617619,False
91.88294838518952,22.46004817414381,0.9223315341955899,0.47450531679344077,True,0.2068344950993577,False,-0.07489435947934461,False,0.7519330403757853,True,0.1750219242975336,False
91.93294838518952,22.46004817414381,0.8922971175943133,0.2696261689911107,False,0.6409027653664728,False,0.012304835885142473,False,0.4081172465463015,False,1.0561285593540122,False
91.98294838518952,22.46004817414381,0.7970910249249127,-0.015561677468290479,False,-0.14492010340259207,False,0.015919096632424877,False,0.7977646044444751,True,1.1239591067676282,False
92.03294838518951,22.46004817414381,0.689909131329535,-0.08389700538483279,False,-0.6881993511164475,True,0.16100974785354358,False,1.0648393726599863,True,1.015956653812256,False
92.08294838518952,22.46004817414381,0.7415533174176359,0.009689873784134467,False,-1.2391529443699443,True,0.1584938971498456,False,1.9565563911602082,True,1.5704280813784797,True
92.13294838518952,22.46004817414381,0.8097676745169334,0.014489648529036229,False,-1.9011465679071604,True,0.08710097460061753,False,3.955648808910407,True,2.462673302760825,True
92.18294838518952,22.46004817414381,0.8268912826903655,-0.3524594632017039,False,-1.535104761820219,True,0.1435731365644684,False,3.362461979191913,True,2.603523304980797,True
92.23294838518952,22.46004817414381,0.8259477577437511,-0.9293845849837618,False,-1.0369825434742168,True,0.19077130516503765,False,2.096836122470364,False,2.5475160435440296,True
92.28294838518951,22.46004817414381,0.8286812249953316,-1.7246236421213523,True,-0.6943356091082966,True,0.15345419349455017,False,1.2647793780972036,False,2.013647421562533,True
92.33294838518952,22.46004817414381,0.8302315747823616,-2.0484766921684923,True,-0.3923135874188427,False,0.09538513879867946,False,-0.8306659279199596,False,1.6389703014929595,True
92.38294838518952,22.46004817414381,0.8145183059317723,-1.9634029658106116,True,0.10117210561195139,False,0.13825281242053664,False,-3.4113186120636523,True,0.9149452490441408,False
92.43294838518952,22.46004817414381,0.758635283146438,-1.687188309998384,True,0.3461339478097534,False,0.1310437916523074,False,-3.951184815412769,True,0.2829427568429032,False
92.48294838518952,22.46004817414381,0.6943174340592337,-1.2322153259953386,True,0.34022177108411794,False,0.08608413857903893,False,-3.518085284279132,True,-0.1428634160611373,False
92.53294838518951,22.46004817414381,0.6172441098292863,-0.9399189114897428,False,0.31580504343133176,False,9.995258782785621e-06,False,-2.8376215020851987,False,-0.42158708885750934,False
89.03294838518953,22.41004817414381,0.5695139774405119,1.6190868442374704,True,-0.5966667474182372,True,0.4216221446665372,False,-1.300082019530431,False,0.7820983654058418,False
89.08294838518952,22.41004817414381,0.5622965347390801,1.5100459492440101,True,-0.8310042682494659,True,0.2962163962520345,False,-0.6151856688386057,False,0.4017404956115264,False
89.13294838518952,22.41004817414381,0.5777422948702439,1.2522804820587206,True,-0.6595648475514407,True,0.24162148823984908,False,0.29026086772602344,False,0.5927184230824905,False
89.18294838518952,22.41004817414381,0.6086229444052336,1.0056502843855095,False,-0.3881018325103344,False,0.18561067536861783,False,1.3651740448304919,False,0.9299141926850973,False
89.23294838518952,22.41004817414381,0.7034599513227032,0.367167462594407,False,0.007261094214957409,False,0.15012301007739604,False,3.568667928665666,True,1.0151466770050497,False
89.28294838518953,22.41004817414381,0.7810439203315792,-0.24359984541430393,False,0.16881913160228823,False,0.024188046855303957,False,7.059418855011789,True,0.24474538988388173,False
89.33294838518952,22.41004817414381,0.8323054997849337,0.6875975508916536,False,0.10608152734027139,False,0.31816483074377266,False,2.831402764627084,False,-0.027600334237800894,False
89.38294838518952,22.41004817414381,0.8516523666339391,1.5396034686972928,True,0.2026794250978845,False,0.42553024461082667,False,-2.8089408267989313,True,-1.0433100257038002,False
89.43294838518952,22.41004817414381,0.820097766814237,2.03895649472307,True,-0.05163485892580216,False,0.16607171612200652,False,-1.1225087817149282,False,-0.9121971970918059,False
89.48294838518952,22.41004817414381,0.7187625564009262,2.3346578384312777,True,-0.1982047808181729,False,-0.12756535885993464,False,0.3348482556302209,False,-0.9268532481053435,True
89.53294838518953,22.41004817414381,0.6698816109621871,2.3316485816639174,True,0.047614977618509746,False,-0.4894058465772838,False,0.2127432838287805,False,-1.2225642876593334,True
89.58294838518952,22.41004817414381,0.6700950510860195,2.443574840249095,True,0.4791225018157354,True,-0.14935474664071585,False,-0.7223329360529483,False,-1.355575897150731,True
89.63294838518952,22.41004817414381,0.6729976023780083,3.400818959179219,True,0.44366430646794036,True,0.5362294076170905,False,-2.020737965492659,True,-0.4251911785376714,False
89.68294838518952,22.41004817414381,0.6707731116625386,4.026407883588156,True,-0.5092499037650285,True,0.254601313379661,False,-4.562242490699741,True,2.9715137282197235,True
89.73294838518952,22.41004817414381,0.675123292839081,1.5926288142696599,True,-0.4293435245414372,False,0.23145341912848574,False,-0.9426235431454777,False,3.998159300575745,True
89.78294838518953,22.41004817414381,0.687765262021066,0.22144910625146033,False,0.251019237767145,False,0.18866960363361138,False,6.2402453472755095,True,2.9532537476714915,True
89.83294838518952,22.41004817414381,0.7006803903564431,-0.41094521317068,False,0.7107920241970354,False,0.11617961233485524,False,15.07619657876523,True,1.3551941533474114,False
89.88294838518952,22.41004817414381,0.6994323186056842,-0.21090172222494744,False,0.2361490177676554,False,0.06535068914669215,False,10.998437730173617,True,1.2924298186283791,False
89.93294838518952,22.41004817414381,0.6539576542162351,0.13908926820202686,False,0.0021627670969913346,False,0.13431333749155677,False,4.6317619667440155,False,1.2752494871560462,False
89.98294838518952,22.41004817414381,0.527687544197269,0.24649017481213123,False,-0.46645185724877036,False,0.2625410567825335,False,4.29955858845105,False,0.6352594510190304,False
90.03294838518953,22.41004817414381,0.44004911722399104,0.14683593799808664,False,-0.8133299762860452,False,0.1630356468556804,False,5.2146026537597105,False,0.43667508867279203,False
90.08294838518952,22.41004817414381,0.4142927124832611,0.005718678874178693,False,-0.8874299141463816,False,0.1109891526417891,False,5.116338892435802,False,0.2556257034050369,False
90.13294838518952,22.41004817414381,0.4108786134934631,-0.011209328536485728,False,-1.0071724547074552,False,0.12229618477407757,False,4.448466205516723,False,0.10910519539493553,False
90.18294838518952,22.41004817414381,0.491421106536444,0.054383981857420195,False,-1.3472443924023285,False,0.16649444941621,False,4.179824919310054,False,0.08541726399419508,False
90.23294838518952,22.41004817414381,0.6016352689771904,0.16500721090654846,False,-1.5079758259969966,False,0.17683490607778998,False,3.7893263090816696,False,0.27353156969962655,False
90.28294838518951,22.41004817414381,0.6886730273986891,0.29424306784261006,False,-1.3474185896814754,False,0.17123510162328243,False,3.042902338346971,False,0.5987394673057715,False
90.33294838518952,22.41004817414381,0.7401210049881426,0.43883543006612014,False,-0.8608819330047182,False,0.1523020307575948,False,1.4527054440050653,False,1.0859806508371275,False
90.38294838518952,22.41004817414381,0.7650835950646339,0.41265338581246436,False,-0.6681609849172025,False,0.07170652492574059,False,0.6352470979624245,False,1.127932428024411,False
90.43294838518952,22.41004817414381,0.7774476804783175,0.24503213187955591,False,-0.9420410177521721,False,0.03362101376346052,False,0.7294647342160538,False,0.6916208423387324,False
90.48294838518952,22.41004817414381,0.8091074276068657,0.26893964850338004,False,-1.0461172796592577,True,0.08034910652695725,False,0.6926913277648146,False,0.5671087741114814,False
90.53294838518951,22.41004817414381,0.8612711245410646,0.29856872966598363,False,-0.9038094761867956,True,0.0999466452581611,False,0.8287421743249461,False,0.4177582885931947,False
90.58294838518952,22.41004817414381,0.8645653270214044,0.4732801007760816,False,-0.6076909805021454,True,0.08500783573273904,False,0.9309264860660119,False,0.15684670116189203,False
90.63294838518952,22.41004817414381,0.8013576459023662,0.608303224551486,False,-0.40942041277177155,False,0.04594379069144478,False,0.5733496319902148,False,-0.04050777981922174,False
90.68294838518952,22.41004817414381,0.7170396638442577,0.7036274035764991,False,-0.317236663258883,False,0.03853905338678646,False,0.04009202863548916,False,0.04824322990462909,False
90.73294838518952,22.41004817414381,0.6328964988399487,0.6788255481372338,False,-0.2627400492215257,False,0.060660237309843726,False,-0.270498193268252,False,0.08734770438818307,False
90.78294838518951,22.41004817414381,0.6784546397818602,0.7464390314363457,False,-0.22945251780762946,False,0.08063907158847784,False,-0.6511854524642882,False,0.15646823988926345,False
90.83294838518952,22.41004817414381,0.8070449012120257,0.8376019421923698,True,-0.22979251618193103,False,0.16866816446920319,False,-1.157356074319144,False,0.1953818582331006,False
90.98294838518952,22.41004817414381,0.8749362587574908,0.041782085526509416,False,-0.7158957264559049,True,0.7649575203666479,True,-3.145665641791143,False,-0.6706225557456518,False
91.03294838518951,22.41004817414381,0.8701910102753113,-0.08614022197863341,False,-0.9591066243024933,True,0.6262031642268842,False,-2.4104538104058886,False,-0.7254796983581465,False
91.48294838518952,22.41004817414381,0.9204358633185253,0.3998769142158153,True,-0.16170309800626942,False,-0.30527198454361615,False,1.1157442749793285,True,0.7586035008395102,False
91.53294838518951,22.41004817414381,0.9335541428517412,0.5291233686437986,True,-0.13683282693256066,False,-0.3406401127863526,False,0.9756572342896443,True,0.33724661747787965,False
91.78294838518951,22.41004817414381,0.9431289968619118,1.1832028228348266,True,-0.10835747069439122,False,-0.34453671759836946,False,0.2943753967111101,False,0.7598874748533473,False
91.83294838518952,22.41004817414381,0.940039384604721,1.0632970751057396,True,0.17242142019854514,False,-0.2588426035481023,False,0.24007925994240498,False,0.19948297413532345,False
91.88294838518952,22.41004817414381,0.9311801560623653,0.9404406476705238,True,0.591276846439208,False,-0.16140188892395796,False,0.07411287758641366,False,-0.011755043571030743,False
91.93294838518952,22.41004817414381,0.9145612790779885,0.6754848568261693,True,0.9907010399173997,True,-0.11567928519020337,False,-0.04093697906990826,False,0.36986356308278456,False
91.98294838518952,22.41004817414381,0.8575698397991746,0.4232204462208427,False,0.3058593621446175,False,-0.11841483346704654,False,0.29475599133020297,False,0.6731049627841239,False
92.03294838518951,22.41004817414381,0.7156575452303235,0.25541775786518506,False,-0.280875020664699,False,0.08672720816518391,False,0.5327083162789119,False,0.7173504387883272,False
92.08294838518952,22.41004817414381,0.6828594515921254,0.18927948346787635,False,-0.604545029445201,True,0.12419859409443454,False,0.9301386097751793,True,1.1771659944706896,False
92.13294838518952,22.41004817414381,0.7588897728148287,0.05931241346429242,False,-1.5175660711968768,True,0.045967363149694525,False,2.844052036411868,True,2.5746323908102786,True
92.18294838518952,22.41004817414381,0.8112932917157698,-0.080852428658249,False,-1.5337947131677012,True,0.07362793009043386,False,2.7937429613259646,True,2.810538310740953,True
92.23294838518952,22.41004817414381,0.8311203171986365,-0.7804426000644962,False,-0.8172157902703835,True,0.13457623843267894,False,-0.24374444635237497,False,3.036513397132138,True
92.28294838518951,22.41004817414381,0.8354859610279273,-1.405181311804881,True,-0.498656781627447,False,0.10469950950800944,False,-1.8203060627091625,False,2.615157541555396,True
92.33294838518952,22.41004817414381,0.8214081360930859,-1.7028432637872841,True,-0.37260117868036696,False,0.00375957873655456,False,-0.8692222228361208,False,1.8586579587701406,True
92.38294838518952,22.41004817414381,0.7691825854051575,-1.3238658718677625,True,-0.021084087646787687,False,-0.055332378161031454,False,-2.4301271395914235,False,0.7617233951358708,False
92.43294838518952,22.41004817414381,0.6623565034706882,-1.0937632740851424,False,0.20601236462698636,False,-0.15128789273452686,False,-3.062590603221804,True,-0.01938570112104626,False
92.48294838518952,22.41004817414381,0.6029657291128941,-0.8406728536379642,False,0.23111461030972566,False,-0.1359973333594828,False,-2.8164113994334996,True,-0.19112402778406373,False
92.53294838518951,22.41004817414381,0.5273565767169106,-0.7449924175026237,False,0.24159919643778838,False,-0.1434979521894301,False,-2.49698874072315,False,-0.27228669941907463,False
89.03294838518953,22.360048174143813,0.6577029773674947,1.9563084633549932,True,-0.22866128317372506,False,0.5253054333873648,False,-1.0920202038156575,False,0.8682069906575434,False
89.08294838518952,22.360048174143813,0.6229789754020263,1.9984964614549685,True,-0.3079219527548105,False,0.42225655914103327,False,-0.5934454254721204,False,0.6992812981709052,False
89.13294838518952,22.360048174143813,0.613433748287452,1.7595680740836621,True,-0.3106871416032364,False,0.2191592698732919,False,0.2507740983975182,False,0.7133425027020373,False
89.18294838518952,22.360048174143813,0.5902915584872943,1.5749787735975247,True,-0.29497676148560414,False,-0.0794093240566644,False,1.4098048204727691,False,0.6790718047704589,False
89.28294838518953,22.360048174143813,0.7885639166358465,-0.02767910695619563,False,0.15762711744223862,False,-0.27415629210975,False,6.611022760593331,True,0.16584761845231494,False
89.33294838518952,22.360048174143813,0.8248057413146251,0.6082096205941137,False,0.3390472649307143,False,-0.2491475771906616,False,1.7923014082248783,False,-0.19900757749108577,False
89.38294838518952,22.360048174143813,0.834266725261818,1.7099136861343591,True,0.2815481004786913,False,0.18937098014595763,False,-3.656135288237121,True,-1.0215728346161743,True
89.43294838518952,22.360048174143813,0.8194101806558379,2.0761366093192293,True,0.08561300394719482,False,0.10068047253574863,False,-2.457356745111675,True,-0.990492933500839,True
89.48294838518952,22.360048174143813,0.7567836682296929,2.4536731473423665,True,-0.1659488343590516,False,0.004637206918632203,False,-0.23080883035929334,False,-0.948714678566823,True
89.53294838518953,22.360048174143813,0.7045854999318423,2.6851763918344043,True,-0.10332750096870161,False,-0.2172099703951971,False,0.4539493749177142,False,-1.1354742731939775,True
89.58294838518952,22.360048174143813,0.6909431422119541,3.149029800478074,True,0.26511400350821124,False,-0.03803126896303666,False,-0.34509896023734354,False,-1.2784546640661916,True
89.63294838518952,22.360048174143813,0.6983222792337235,3.643471469971311,True,0.2767257958268669,True,0.4867538033329314,False,-0.9080724796837947,False,-0.4526160301930454,False
89.68294838518952,22.360048174143813,0.7097621862819091,2.854767567382911,True,-0.1237075741685871,False,0.4590786204563929,False,-0.6923225398739594,False,1.8158294161135164,True
89.73294838518952,22.360048174143813,0.7194153594175824,0.9526577421391994,True,0.1374295309485689,False,0.5390586061700463,False,3.6084279820790837,True,2.144915985209373,True
89.78294838518953,22.360048174143813,0.7244801798994409,0.3633121332585422,False,0.38050207238378386,False,0.3856844214647321,False,7.394282945108901,True,1.0356463731369496,False
89.83294838518952,22.360048174143813,0.7168669278093764,0.18406468834127696,False,0.34125733472218694,False,0.3730507072083313,False,8.264099415680665,True,0.2560356894988083,False
89.88294838518952,22.360048174143813,0.7001460664691462,0.28983677852456236,False,0.11583540335875439,False,0.4303851929911937,False,4.064028780431132,False,0.3731322765340358,False
89.93294838518952,22.360048174143813,0.656073350428467,0.47054564147851974,False,-0.30379439604185704,False,0.35423790953027606,False,1.87359468917685,False,0.5934478610763242,False
89.98294838518952,22.360048174143813,0.5832388248020456,0.6035075888927321,False,-0.6714355826493247,False,0.32378877755920143,False,2.255006945178442,False,0.525135282792275,False
90.03294838518953,22.360048174143813,0.5297194718551625,0.44964398000784167,False,-0.8686250019206432,False,0.2326641597073833,False,3.688052478858469,False,0.5278988164435825,False
90.08294838518952,22.360048174143813,0.4879538356074195,0.1840479763776943,False,-0.9661660578823545,False,0.1720991221882365,False,4.723515367649497,False,0.38950493260753644,False
90.13294838518952,22.360048174143813,0.5170044631241804,0.1278606400060242,False,-1.2676795185055156,False,0.20613791163935724,False,4.814323137015107,False,0.22870364897329368,False
90.18294838518952,22.360048174143813,0.6129899925817572,0.23720470525000154,False,-1.5894368052617927,False,0.25602098676791085,False,4.294005737167952,False,0.27604420425574583,False
90.23294838518952,22.360048174143813,0.7037360033730519,0.3800251854787997,False,-1.6475751794653246,False,0.2562659402825202,False,3.6939271267750744,False,0.5003561905420253,False
90.28294838518951,22.360048174143813,0.7781412854295221,0.39450012559709136,False,-1.308222515465654,False,0.18877157218553653,False,2.729575599535472,False,0.7734501195874288,False
90.33294838518952,22.360048174143813,0.8118316196678915,0.41321017760803447,False,-0.7486424652358312,False,0.10784953008510187,False,0.8711743973939667,False,1.258977781177405,False
90.38294838518952,22.360048174143813,0.8204204228038758,0.2774389958074342,False,-0.6657008402392992,False,0.012489801899926524,False,0.10715868666114914,False,1.2603938803445915,False
90.43294838518952,22.360048174143813,0.8219510560574878,0.10788832048518276,False,-0.9313984782517633,True,-0.011906261695534461,False,0.3823113150628356,False,0.8619770022351639,False
90.48294838518952,22.360048174143813,0.8691241122805614,0.18783146725579808,False,-1.0442253462858009,True,0.06428925919379096,False,0.511128215437874,False,0.6224698881748225,False
90.53294838518951,22.360048174143813,0.9110293273366479,0.3632013156016697,False,-0.970220228023454,True,0.018781646472230698,False,0.8537366897124556,False,0.5013810670804405,False
90.58294838518952,22.360048174143813,0.8983168665784907,0.6957901067386276,False,-0.7459171172000256,True,-0.10635053006543177,False,1.3151893918683795,False,0.3361934188377686,False
90.68294838518952,22.360048174143813,0.7200148733337871,0.8223283558340857,False,-0.4193255212056912,False,-0.07356624248119813,False,0.6263074534573444,False,0.041771327280237414,False
90.73294838518952,22.360048174143813,0.642057485469546,0.5936311316022399,False,-0.39511541830059455,False,0.04397942059376203,False,0.120280794908868,False,-0.003609488470866562,False
90.78294838518951,22.360048174143813,0.632950282479658,0.6073105769036127,False,-0.33710653718614564,False,0.11972054760606897,False,-0.4089019765769384,False,0.11452605731099802,False
90.83294838518952,22.360048174143813,0.8070400055073564,0.7379223260679992,True,-0.39458981069645194,False,0.12385042716882239,False,-1.030251554512584,False,0.004413226822580163,False
91.03294838518951,22.360048174143813,0.8655838986676371,0.1300636491073044,False,-0.6719172334680967,True,0.7007265474318715,False,-2.197183788106343,False,-0.6452042936527088,False
91.08294838518952,22.360048174143813,0.86637460170958,0.029759477406702622,False,-0.8213369884553805,True,0.6092755330228037,False,-1.6798303660978848,False,-0.6358336410596785,False
91.78294838518951,22.360048174143813,0.9392714977983413,1.4125627516684887,True,0.19352063489875698,False,-0.5549043006971653,True,-0.18766956576879912,False,0.7691303830962362,False
91.83294838518952,22.360048174143813,0.938721534249437,1.3480287335484187,True,0.3744044910609355,False,-0.5250304683911311,True,-0.24114178195833208,False,0.5358149433054522,False
91.88294838518952,22.360048174143813,0.9362179769699409,1.2711727789364011,True,0.7740595858630983,True,-0.44907755835817637,False,-0.3835108281966885,False,0.20119585086300784,False
91.93294838518952,22.360048174143813,0.9294182802237783,1.0640595617333377,True,1.0176413156640651,True,-0.33294753698217816,False,-0.33934527781612944,False,-0.14423117717409545,False
91.98294838518952,22.360048174143813,0.8937353323015367,0.8554970032768118,True,0.3753672353567403,False,-0.16116458725883134,False,-0.06627409125170772,False,-0.07263985106909782,False
92.03294838518951,22.360048174143813,0.7854272497372629,0.5804094911033499,False,0.11988415853660503,False,0.02718113829445426,False,0.06774375210374795,False,0.20257987925256066,False
92.08294838518952,22.360048174143813,0.6724358241050198,0.4566140383992263,False,0.031690615931276,False,0.08228731154636548,False,0.18692595276304957,False,0.4644294119115424,False
92.13294838518952,22.360048174143813,0.637124676170275,0.30756197065847213,False,-0.5008754356174252,False,0.0751940228493618,False,1.102632333585864,False,1.3108698857623073,False
92.18294838518952,22.360048174143813,0.6767059703433003,0.19982085640460706,False,-0.9906787553782406,True,0.06242738426560079,False,1.8026296783526758,False,2.04226612404434,True
92.23294838518952,22.360048174143813,0.6983905323810423,-0.4476147043245958,False,-0.4488706172107606,False,0.08237755297245432,False,-1.0549619718443743,False,2.27346609260754,True
92.28294838518951,22.360048174143813,0.7126126177583296,-0.4702380101622088,False,-0.37054667202198804,False,0.11038681040276842,False,-2.5137254034607945,False,1.7836061965178627,True
92.33294838518952,22.360048174143813,0.6937978651020489,-0.33502969546201733,False,-0.2642566088310795,False,-0.05837563977053177,False,-2.0889664356473947,False,0.6900857126400255,False
92.38294838518952,22.360048174143813,0.6340351470632367,-0.29930519198783434,False,-0.0940058315675984,False,-0.18103134355177014,False,-1.8252230671285024,False,0.1501411905699082,False
92.43294838518952,22.360048174143813,0.5326160245535116,-0.34647305622266145,False,-0.005236760073412946,False,-0.22261159975989733,False,-1.9982086095759395,False,-0.10285315670088177,False
92.48294838518952,22.360048174143813,0.5029643519060889,-0.2832702047199679,False,0.017101450351828078,False,-0.21113080641519477,False,-1.852384296364212,False,-0.12298082322526935,False
92.53294838518951,22.360048174143813,0.448105380110087,-0.33834284620329574,False,0.05600326880524863,False,-0.1895233774036682,False,-1.7681672166483955,False,-0.15807309516709317,False
89.03294838518953,22.310048174143816,0.7531183584047979,1.932160032581311,True,-0.05251904337702065,False,0.28539031451041486,False,-0.6135650748300868,False,0.8043349896871259,False
89.08294838518952,22.310048174143816,0.7277897440025548,2.1441515923692442,True,-0.07907455056209939,False,0.13122979763805714,False,-0.5753591124869106,False,0.6731000596322386,False
89.13294838518952,22.310048174143816,0.7179577245925391,2.146065970674079,True,-0.07816053321191546,False,-0.0858946141906628,False,-0.22528238207387785,False,0.6052480320821254,False
89.18294838518952,22.310048174143816,0.6982330655389102,2.088454802781716,True,-0.06626717542495292,False,-0.30461177014640495,False,0.5133641470618082,False,0.5180376175252835,False
89.28294838518953,22.310048174143816,0.80202582660225,0.9576097373594716,False,0.23175579886872527,False,-0.5131928481656693,False,3.194460892254285,False,0.16254524006328708,False
89.33294838518952,22.310048174143816,0.8059925285923116,0.8602203265862584,False,0.5155640973692295,True,-0.48276030787454877,False,0.963337389827114,False,-0.472596299256423,False
89.38294838518952,22.310048174143816,0.7950415529606233,1.7559073129972715,True,0.35899428475073064,False,-0.14763248821442257,False,-2.0877013507720794,False,-0.7336714440813759,False
89.43294838518952,22.310048174143816,0.7874009102633616,2.1867272821055064,True,0.13218052244421213,False,0.07516886710401906,False,-2.3272160112695275,False,-0.8124219475841945,True
89.48294838518952,22.310048174143816,0.7617649774362816,2.3644541744152887,True,-0.11819592125830158,False,0.11011416917810618,False,-1.2136186744333837,False,-0.7712281454587344,True
89.53294838518953,22.310048174143816,0.7476326663747908,2.650096773591707,True,-0.2790357731189137,False,0.02661322957329246,False,0.17328025207187764,False,-0.8904639319440243,True
89.58294838518952,22.310048174143816,0.7251188687361155,3.1292860423570827,True,-0.0077672751666728185,False,0.0541212803208312,False,-0.11878649278266029,False,-0.9896363071696984,True
89.63294838518952,22.310048174143816,0.7106659046783652,3.34311632681217,True,-0.057852436288444636,False,0.04523017510539573,False,-0.07654433579720432,False,-0.5112178970213964,False
89.68294838518952,22.310048174143816,0.7138907072579533,2.434909495582023,True,-0.16320649721424985,False,0.09050077793991895,False,1.0108322670042016,False,0.6475360572520964,False
89.73294838518952,22.310048174143816,0.7274985946910234,1.2192276551002608,True,0.08347712121170817,False,0.23555413840141085,False,3.7627464582234507,True,0.4771640236004724,False
89.78294838518953,22.310048174143816,0.738180525701572,0.7109363282943246,False,0.2214290145297125,False,0.3086290603281716,False,4.591564306158119,True,-0.038101832315708184,False
89.83294838518952,22.310048174143816,0.7377131965400294,0.5853328503960709,False,0.15042645506435792,False,0.47723372047743784,False,2.48610502093662,False,0.04922636316448059,False
89.88294838518952,22.310048174143816,0.7168216168364901,0.6158221809467189,False,-0.0013215884238694658,False,0.5459077686025904,False,0.9490871387509301,False,0.22119244656590226,False
89.93294838518952,22.310048174143816,0.6719337126793627,0.7452435969351913,False,-0.5056495942682395,False,0.3825948329516963,False,1.3089072951664982,False,0.5399492738770507,False
89.98294838518952,22.310048174143816,0.6334748378577183,0.7679556720695674,False,-0.9292019623133604,False,0.34825809994672063,False,2.224437654076108,False,0.499717429339089,False
90.03294838518953,22.310048174143816,0.6147600687735567,0.6900898770301609,False,-1.0607982697897997,False,0.28160474071257685,False,2.5454635152852587,False,0.5636975707371207,False
90.08294838518952,22.310048174143816,0.5630804009321135,0.36224764748848354,False,-1.2296045781866018,False,0.26257219288257705,False,4.177539358751375,False,0.34864064967417463,False
90.13294838518952,22.310048174143816,0.6185949512025519,0.30639551097522394,False,-1.570062503770858,False,0.30811533557931786,False,4.541895935848196,False,0.23057406497426125,False
90.18294838518952,22.310048174143816,0.6792556841847918,0.44967621622517956,False,-1.7477044794993581,False,0.33823434193631075,False,3.818567197898226,False,0.35128953956564624,False
90.23294838518952,22.310048174143816,0.7355271133753519,0.5477839630014179,False,-1.6774900594320576,False,0.30073350932591225,False,3.279759033476369,False,0.5381433492308535,False
90.28294838518951,22.310048174143816,0.7827332023970025,0.4081632071294191,False,-1.1569719795946998,False,0.1914865266678366,False,2.1896615380116664,False,0.8614344797947298,False
90.33294838518952,22.310048174143816,0.8091852293297925,0.26638206074292153,False,-0.6777609618907813,False,0.06494005274261767,False,0.5228055261715562,False,1.3215301659075722,False
90.38294838518952,22.310048174143816,0.8169296600530184,0.1766451744314864,False,-0.6613764591788792,False,-0.012084253355073165,False,-0.31173800956279596,False,1.4013377728160057,False
90.43294838518952,22.310048174143816,0.8645100051784236,0.15288429297317646,False,-0.8985652080548416,True,-0.015048295715223392,False,-0.16348292218884886,False,1.0535615194503272,False
90.48294838518952,22.310048174143816,0.9205439633020381,0.3370882559597926,False,-0.9780063052869608,True,0.026953802053280393,False,-0.29276177669095227,False,0.814996327070012,False
90.53294838518951,22.310048174143816,0.9366863833429077,0.7616845353470849,False,-0.7928398787473987,False,-0.21422922370283976,False,-0.05272936737395474,False,0.5959763007430503,False
90.58294838518952,22.310048174143816,0.9197580479602478,1.2488642654093962,False,-0.5577690597947607,False,-0.39075307538130827,False,0.5881396716914126,False,0.3873457495350683,False
90.68294838518952,22.310048174143816,0.7613780891482459,0.8861446816782745,True,-0.5162809375145849,False,-0.10140141299482254,False,0.6396688708244596,False,0.1875685073283473,False
90.73294838518952,22.310048174143816,0.687517484535769,0.5565497222835103,False,-0.519265286103061,False,0.042916424173641624,False,0.14457901411155985,False,-0.04612661218464714,False
90.78294838518951,22.310048174143816,0.7100231372844293,0.5197188477813705,False,-0.5312298109458293,False,0.1040146284003886,False,-0.5759299094697201,False,-0.10205931872438709,False
91.08294838518952,22.310048174143816,0.8683516772465026,0.20010154691089244,False,-0.6286089239187971,True,0.639746062244903,False,-1.3527885037988177,False,-0.6485490260674771,False
91.13294838518952,22.310048174143816,0.8666417515992526,0.17324485889380184,False,-0.7274226288073009,True,0.5261283318025767,False,-0.2825210759148171,False,-0.5331633648315401,False
91.78294838518951,22.310048174143816,0.9352112874473918,1.517363906880204,True,0.3241366347346448,False,-0.7519031681903924,True,-0.5281493837793025,False,1.3693317848878674,False
91.83294838518952,22.310048174143816,0.936657752150712,1.518751176553495,True,0.44361772470317795,False,-0.7771957428362406,True,-0.6412532952943304,True,1.4615833518786416,False
91.88294838518952,22.310048174143816,0.9389913087755615,1.4625605176680894,True,0.6231050971224732,False,-0.7012987388143108,True,-0.6780197006248679,True,1.181416553012235,False
91.93294838518952,22.310048174143816,0.9382538912577819,1.3731730982921357,True,0.4591894513931411,False,-0.44985421617281607,False,-0.5156109798144571,False,0.35644572511594574,False
91.98294838518952,22.310048174143816,0.9126258119841489,1.163189594345108,True,0.07467511582269266,False,-0.1326394048717645,False,-0.25732849482331077,False,-0.18351017261447267,False
92.03294838518951,22.310048174143816,0.8217144304973005,0.6442932024129533,False,0.17116377132840577,False,0.07894578410569067,False,-0.1153310223171698,False,0.09784932151801501,False
92.08294838518952,22.310048174143816,0.727331732862147,0.3993611904787445,False,0.1486118412527614,False,0.1578692691516791,False,0.03286000738718743,False,0.4535605092920682,False
92.13294838518952,22.310048174143816,0.6158735106950135,0.24788244693849698,False,-0.20156990088916527,False,0.1428051374908485,False,0.7520973487496531,False,1.0030864232074554,False
92.18294838518952,22.310048174143816,0.4562477621960229,0.2626988233139318,False,-0.29696096368420866,False,0.17897945996458572,False,0.8194526078342075,False,0.9646382911974742,False
92.23294838518952,22.310048174143816,0.4087674902807286,-0.02538838990770098,False,-0.010337464330946261,False,0.22230716632990594,False,-0.6973125023518609,False,0.906935817553806,False
92.28294838518951,22.310048174143816,0.4391740933038851,0.09359418775995318,False,-0.06688379337802154,False,0.19369847790829822,False,-1.522515721685522,False,0.572716539773039,False
92.33294838518952,22.310048174143816,0.476126187205883,0.2794629287144629,False,-0.08979093345868501,False,-0.002716788279850113,False,-2.1453425803284074,False,-0.012426307442906848,False
92.38294838518952,22.310048174143816,0.47583895831604506,0.2177201250696523,False,-0.12578965867447853,False,-0.08800079304873451,False,-1.1986945776055582,False,0.0171074534850282,False
92.43294838518952,22.310048174143816,0.43077146340582106,0.15181679948013338,False,-0.1100327012801757,False,-0.11011145881499235,False,-0.9702818170817938,False,-0.005889610199433015,False
92.48294838518952,22.310048174143816,0.4310487342545738,0.08214283347381357,False,-0.12021106269616157,False,-0.2090903682871527,False,-1.118197802307936,False,-0.06574421651024961,False
92.53294838518951,22.310048174143816,0.4010687959114305,0.003578195134976238,False,-0.11764262830962674,False,-0.24286872520078756,False,-1.1138333877769075,False,-0.11015157922921226,False
92.58294838518952,22.310048174143816,0.39141486491057126,-0.07869955907675727,False,-0.09587767197977132,False,-0.24678579716038868,False,-0.987076352844691,False,-0.12011908561321366,False
89.03294838518953,22.26004817414381,0.8163092594073393,1.65365796201448,True,0.12435442310474816,False,-0.05047743426425483,False,-0.5029713168407537,False,0.7179659332773178,False
89.08294838518952,22.26004817414381,0.8116875560854435,1.8681335181799075,True,0.15082430514392564,False,-0.18713045233445869,False,-0.9845421551075524,False,0.6133983794211116,False
89.13294838518952,22.26004817414381,0.8124385136086211,2.053372709300932,True,0.12081716010547364,False,-0.27878502764732643,False,-0.995439926375036,False,0.5656939670205154,False
89.18294838518952,22.26004817414381,0.8115697393785772,2.1393520976394846,True,0.03715430646515255,False,-0.3655898359490136,False,0.08190701105271447,False,0.5189001793716325,False
89.23294838518952,22.26004817414381,0.813942868694648,1.9499801201330675,True,-0.01311416382935171,False,-0.4376344882100276,False,1.916427804114714,False,0.49829891130300774,False
89.33294838518952,22.26004817414381,0.7708127916165651,1.362863259920806,True,0.4430011918085896,False,-0.38434297726510397,False,0.8424514530024263,False,-0.31234870794564384,False
89.38294838518952,22.26004817414381,0.7351702937556379,1.7324989791085086,True,0.43458171222014785,False,-0.24125075345356822,False,-0.06909680275327057,False,-0.5627407063238417,False
89.43294838518952,22.26004817414381,0.7200162734327402,2.2942256347231127,True,0.2934228980042402,False,-0.01173514438856365,False,-0.476740912394768,False,-0.770881710122696,False
89.48294838518952,22.26004817414381,0.7315301069637182,2.3343934098020713,True,0.02376049211169548,False,0.19901307077876287,False,-1.032228103360808,False,-0.6297933148868147,False
89.53294838518953,22.26004817414381,0.7641027151741926,2.206609023171155,True,-0.7037042091427631,False,0.0813590720814148,False,0.28402475066531113,False,-0.5518923392424728,False
89.58294838518952,22.26004817414381,0.7694636080951727,2.5007642020667995,True,-0.4818536926119055,False,-0.09539748180383525,False,0.3690683300252502,False,-0.5846035146801924,False
89.63294838518952,22.26004817414381,0.7406598680157634,2.7245864890960796,True,-0.3685408175562694,True,-0.13173547461536547,False,0.2726507468034778,False,-0.34134679758933817,False
89.68294838518952,22.26004817414381,0.7034066720428139,2.294898017258725,True,-0.3943920488706796,True,-0.1737635126775227,False,0.6412016854505165,False,0.1473134537606836,False
89.73294838518952,22.26004817414381,0.6938322935698388,1.3872070953789315,True,-0.13890070904529084,False,-0.14427690338931823,False,2.5413028747477946,False,-0.18680530572258575,False
89.78294838518953,22.26004817414381,0.7254536329198368,0.9643758880254203,True,-0.0009946998557477382,False,-0.023733372935789643,False,2.539072745695645,False,-0.2920475873057814,False
89.83294838518952,22.26004817414381,0.7503050503606145,0.8642879406751891,True,-0.0784468419743808,False,0.2588320111176716,False,0.9810072406317547,False,0.02557779012665251,False
89.88294838518952,22.26004817414381,0.7491205280770402,0.8580103178189782,True,-0.22230157768091133,False,0.42234182810536675,False,0.3975334061841287,False,0.23950798731948142,False
89.93294838518952,22.26004817414381,0.7105720954976577,0.8862741665963183,True,-0.44484147278741426,False,0.38874102127953436,False,0.35232699563839653,False,0.4533196571454727,False
89.98294838518952,22.26004817414381,0.6533476550437969,0.843308758790233,True,-0.7644550609646843,False,0.20374578285231532,False,0.4558747787879741,False,0.6946065717383053,False
90.03294838518953,22.26004817414381,0.6250674451097816,0.7167510714480341,False,-1.0338687338628794,False,0.09356024212666522,False,0.8463144574309974,False,0.6667523367773481,False
90.08294838518952,22.26004817414381,0.6222702037991449,0.5144747167613716,False,-1.3280417913998437,False,0.18380456649825377,False,2.2239019997241427,False,0.2773672746005241,False
90.13294838518952,22.26004817414381,0.6714864241637546,0.41290603062064724,False,-1.6555961191572073,False,0.30351933997908515,False,3.5353223730222143,False,0.08426270904374952,False
90.18294838518952,22.26004817414381,0.6926129007738413,0.5211197070194913,False,-1.8082414080994473,False,0.35418189738627914,False,3.4456586758794248,False,0.18527263099291288,False
90.23294838518952,22.26004817414381,0.7173600383585512,0.6215713814049514,False,-1.6692585491150584,False,0.2974404598327081,False,2.8769978841726145,False,0.4045196900644779,False
90.28294838518951,22.26004817414381,0.7426059469978692,0.4426508918307298,False,-1.1031590470393722,False,0.16393759113992487,False,1.8412089483627672,False,0.7913408865126038,False
90.33294838518952,22.26004817414381,0.7668356898698535,0.15329841366009045,False,-0.7512791308706006,False,0.04727452172102286,False,0.6202658226038154,False,1.2062159130088708,False
90.38294838518952,22.26004817414381,0.8160875966834639,0.05529793178651636,False,-0.8248860105592101,False,0.02246365455632736,False,-0.15806503308758268,False,1.3586242247211033,False
90.43294838518952,22.26004817414381,0.8989533176046547,0.3483044910842742,False,-0.8646926079779018,True,0.016672590719389008,False,-1.1381236651467783,False,1.2490716651955547,False
90.48294838518952,22.26004817414381,0.9376611872927234,0.7424164883995905,False,-0.748158270275965,False,-0.054408952255211224,False,-1.984376335356641,False,0.9080253523597924,False
90.53294838518951,22.26004817414381,0.9402422952473547,1.092635902069096,False,-0.5461286623442828,False,-0.371343711770494,False,-1.6059384321513779,False,0.5013033627151806,False
90.58294838518952,22.26004817414381,0.9210062179266189,1.3170986083123988,True,-0.4755239278617368,False,-0.4760670192770019,False,-0.4579091801181561,False,0.34456741114821354,False
90.68294838518952,22.26004817414381,0.7912742556625226,0.9508929599931658,True,-0.5272727553855535,False,-0.21422405597440758,False,-0.5310752095461643,False,0.09274313154445857,False
90.73294838518952,22.26004817414381,0.738140986028315,0.660319449080569,False,-0.5261901958583866,False,-0.07096360784205688,False,-0.9031530830122347,False,-0.18300503357550674,False
90.78294838518951,22.26004817414381,0.7935050234434384,0.5251781738753459,False,-0.5395763402538962,False,0.027476758603424266,False,-1.2792483780116768,False,-0.2564225297094121,False
90.83294838518952,22.26004817414381,0.8310918850127179,0.39103910618705123,False,-0.6423265564734622,True,0.137926855561537,False,-1.8510793245982806,False,-0.4293708432026993,False
90.98294838518952,22.26004817414381,0.8655887803179708,0.37611100543704595,False,-0.7125020771893706,True,0.4081428760538718,False,-1.8325952565912278,False,-0.863875309846932,False
91.08294838518952,22.26004817414381,0.8702365457960124,0.35109350701531383,False,-0.5890146582228872,False,0.5726988231978964,False,-1.019774537815204,False,-0.7336674874306061,False
91.13294838518952,22.26004817414381,0.8704853734724209,0.3009452575664273,False,-0.6157655876897715,False,0.5386086710563394,False,-0.17057865087380641,False,-0.6145711285635116,False
91.18294838518952,22.26004817414381,0.8699825620071807,0.3273924302773094,False,-0.6874779225028289,True,0.3878518467381448,False,1.4418754104119387,False,-0.3074125297123427,False
91.78294838518951,22.26004817414381,0.9335785206363967,1.5759031165189752,True,0.39616068720775816,False,-0.8151538096462874,True,-0.7642374464258856,True,1.9796631281246846,False
91.83294838518952,22.26004817414381,0.9367203985673895,1.5467917242693265,True,0.4702164656545718,False,-0.7602255122196427,True,-0.793306005837633,True,1.8438536958354461,False
91.88294838518952,22.26004817414381,0.9403811398629576,1.509039830179668,True,0.280076251521932,False,-0.5845721313393591,True,-0.685953448594364,False,1.365096920767881,False
91.93294838518952,22.26004817414381,0.936022648066901,1.5239523932513857,True,-0.158438214668153,False,-0.3097456118155646,False,-0.5776064176089887,False,0.9434539951422608,False
91.98294838518952,22.26004817414381,0.9068932325206956,1.267635787731885,True,-0.312673911502622,False,-0.14059061713454415,False,-0.3258108281595162,False,0.5288866130614991,False
92.03294838518951,22.26004817414381,0.8393734292476474,0.7347446436279267,False,-0.008618826537292179,False,0.09655604277949288,False,-0.27159222020614854,False,0.6731859951645858,False
92.08294838518952,22.26004817414381,0.7901414431336365,0.5007714065165831,False,0.0005046130641738478,False,0.21573842739097643,False,-0.11705333332466902,False,0.967624855704128,False
92.13294838518952,22.26004817414381,0.7091001379307373,0.2476808367006676,False,-0.33418148657494234,False,0.21168356024917995,False,0.8330810469406572,False,1.3282182008720955,False
92.18294838518952,22.26004817414381,0.596537461988477,0.12139169313309332,False,-0.3846955635024492,False,0.22329668185925827,False,1.1239253130350757,False,1.0819509520922121,False
92.23294838518952,22.26004817414381,0.5215833224707384,-0.01780022280961055,False,0.04947099063570372,False,0.35599135851804414,False,-0.18305715658124483,False,0.6199406431420155,False
92.28294838518951,22.26004817414381,0.47826918347251046,0.10001464606054167,False,0.03260063469691909,False,0.32954550227547025,False,-0.2836085189330404,False,0.3744466267064894,False
92.33294838518952,22.26004817414381,0.4379023559822873,0.2867140385365934,False,-0.05659628293704168,False,0.15194534646015678,False,-0.4343013614613358,False,0.16805729456921903,False
92.38294838518952,22.26004817414381,0.3889402517346807,0.3209512359422605,False,-0.14242937793109223,False,0.0035960296262825264,False,-0.3800577580431599,False,0.09171917754736292,False
92.43294838518952,22.26004817414381,0.3554905879961274,0.30385698466958,False,-0.17259307871093757,False,-0.08496770948111243,False,-0.39661884077599485,False,0.03724310458953817,False
92.48294838518952,22.26004817414381,0.38461481666487907,0.21807391846247873,False,-0.18614290508301848,False,-0.17680735091595035,False,-0.5137319783386809,False,-0.007784302825800393,False
92.53294838518951,22.26004817414381,0.3951321638236112,0.1192444519661815,False,-0.1894388123213382,False,-0.2515542615064251,False,-0.5675659315548878,False,-0.030389505506174253,False
92.58294838518952,22.26004817414381,0.411798653182398,0.013004307238255353,False,-0.17088419672611005,False,-0.29050684007982375,False,-0.5477105589547723,False,-0.026812167247498908,False
89.08294838518952,22.21004817414381,0.8563913733675069,1.4557298690385314,True,0.26296860387923665,False,-0.162488823046045,False,-1.6237988524145792,False,0.7156217136370633,False
89.13294838518952,22.21004817414381,0.8594331882343375,1.6208020706306823,True,0.21157737922395822,False,-0.23250938461047777,False,-1.2158498638560848,False,0.701171870549523,False
89.18294838518952,22.21004817414381,0.8542272893342012,1.874945828407229,True,0.09421826169368319,False,-0.31326215060780754,False,-0.0744685698942451,False,0.6728365332946475,False
89.23294838518952,22.21004817414381,0.8240599884183152,1.8477188090626042,True,-0.03736911297586637,False,-0.24230118447552007,False,1.7941883843891886,False,0.6720780881543086,False
89.28294838518953,22.21004817414381,0.7831700075753669,1.6945243170343303,True,-0.05499314955540091,False,-0.13635171466472312,False,3.3587941217968265,False,0.42342301058536014,False
89.33294838518952,22.21004817414381,0.7232102204759381,1.4779124004849626,True,0.18916068465439093,False,-0.03923574375381196,False,3.1383110973988275,False,-0.139205871732481,False
89.38294838518952,22.21004817414381,0.6685773230502756,1.7634883556933376,True,0.3894983800178102,False,0.028887078327183777,False,1.783985744234183,False,-0.4721625117943174,False
89.43294838518952,22.21004817414381,0.6332293126792639,2.506162776181756,True,0.4675081760709819,False,0.17711744334015272,False,1.0690008703562608,False,-0.8011050527644431,True
89.48294838518952,22.21004817414381,0.6871949506244646,2.6587785990562995,True,0.35304400557174814,False,0.25897818480448137,False,0.3319826179344019,False,-0.7349974124597651,True
89.53294838518953,22.21004817414381,0.7706471974142932,1.8645850252551626,True,-1.0775739240351285,False,0.03943098920168212,False,1.1632473579752425,False,-0.38704024380063456,False
89.58294838518952,22.21004817414381,0.8115394577616167,2.088713222121064,True,-0.8700347847928966,True,-0.22091015892531748,False,1.2132232734403536,False,-0.3190530099479739,False
89.63294838518952,22.21004817414381,0.7993304174124225,2.406071039023162,True,-0.5532038335532994,True,-0.18191207158119008,False,0.7273198103928069,False,-0.14675652347244572,False
89.68294838518952,22.21004817414381,0.7471465502052336,2.137175961973008,True,-0.4999149415483411,True,-0.17636457117886772,False,0.9200543572822406,False,-0.04185811674598572,False
89.73294838518952,22.21004817414381,0.7100983852368508,1.4825006070134328,True,-0.29244253434276796,False,-0.2753656293777515,False,2.550070004566832,False,-0.45028306357568965,False
89.78294838518953,22.21004817414381,0.7408015089426789,1.1605294421225776,True,-0.19718910647083196,False,-0.15949493698807318,False,2.008180692693302,False,-0.36345058641061473,False
89.83294838518952,22.21004817414381,0.786887657388846,1.0726901980198376,True,-0.2711991855326562,False,0.11914284600243252,False,0.615339740387836,False,-0.005993996638137933,False
89.88294838518952,22.21004817414381,0.793324929515377,1.0254165181054895,True,-0.33265126262617045,False,0.263962066379391,False,-0.4671522654600241,False,0.24813004395270477,False
89.93294838518952,22.21004817414381,0.7450991197202788,0.9881574468164107,True,-0.3805776320538305,False,0.22013182879373777,False,-1.0371313687794337,False,0.4055361408854967,False
89.98294838518952,22.21004817414381,0.6501090250703563,0.8822610738944285,True,-0.5218804257955215,False,0.033569988421119745,False,-1.1658933489602137,False,0.6847315923589808,False
90.03294838518953,22.21004817414381,0.6528778593297857,0.7384435233464754,False,-0.78720327346516,False,-0.1373051613622042,False,-0.5942685305850802,False,0.6879696046987119,False
90.08294838518952,22.21004817414381,0.6989855365694214,0.6312840375530469,False,-1.197297777150004,False,-0.06779415573010915,False,0.5938471573756282,False,0.2597802569303825,False
90.13294838518952,22.21004817414381,0.7156788274731617,0.6479666662085077,False,-1.3603385818580844,False,0.09272725027535157,False,1.1202306657678585,False,0.08327628325971297,False
90.18294838518952,22.21004817414381,0.7169721892193036,0.7075502361115442,False,-1.4877684614924034,False,0.17462341502287448,False,1.353296447294031,False,0.08157923461494232,False
90.23294838518952,22.21004817414381,0.7192339430710877,0.7504864221092588,False,-1.4542603985965208,True,0.1663373688109172,False,1.369817958042139,False,0.21717852928528697,False
90.28294838518951,22.21004817414381,0.7623856398932827,0.6664062098084744,False,-1.2494193373946327,True,0.11018012232165589,False,1.2778090502859931,False,0.37504206708022425,False
90.33294838518952,22.21004817414381,0.8305623611193893,0.4028266534315512,False,-1.1427944913394974,True,0.08803829362003364,False,1.1581802326056185,False,0.5008185587019369,False
90.38294838518952,22.21004817414381,0.8773622285496729,0.2947354091169573,False,-1.1050406078313046,True,0.0498153776422267,False,0.2589349268098094,False,0.6658858341413753,False
90.43294838518952,22.21004817414381,0.9160203677090993,0.6951356334319136,False,-0.8809641285404943,True,-0.06224636312399791,False,-1.5069536574139135,False,0.4303587325137858,False
90.48294838518952,22.21004817414381,0.9295770327402741,0.8621568791575103,False,-0.726671071322366,True,-0.09526246774604819,False,-2.3961892670761653,False,0.258424931780707,False
90.53294838518951,22.21004817414381,0.9206543092395144,0.9745854336410325,False,-0.6459863197627543,True,-0.24325975994518398,False,-1.6739046915221159,False,0.4014831604781839,False
90.58294838518952,22.21004817414381,0.8937069147542854,1.0729498243662672,True,-0.638736827404984,True,-0.3353419471642329,False,-0.3383339169116298,False,0.41264801202601353,False
90.63294838518952,22.21004817414381,0.8410184591202274,1.0251338333978826,True,-0.6918523318858947,True,-0.29899005903789055,False,-0.1362656183338179,False,0.3866180682270596,False
90.68294838518952,22.21004817414381,0.7951220039217323,0.8262931528491381,True,-0.5965047274243382,True,-0.1802062233586383,False,-0.6821413662582692,False,0.05994593023718198,False
90.73294838518952,22.21004817414381,0.7668313221865138,0.631900369658182,True,-0.5447354471566628,False,-0.10126071909580943,False,-1.3275552914695685,False,-0.2124703781195456,False
90.78294838518951,22.21004817414381,0.8176410013490969,0.4724774671068486,False,-0.5242849113086573,False,0.01187243727194594,False,-1.6165769871101012,False,-0.2840044155444064,False
90.98294838518952,22.21004817414381,0.8668096214868897,0.34714646443275393,False,-0.735886610325396,True,0.3548939233254518,False,-1.7068786465761372,False,-0.8919170121265293,False
91.08294838518952,22.21004817414381,0.8715835123624006,0.4092228668154789,False,-0.6311028604450063,True,0.4755511374786277,False,-0.9918182396649191,False,-0.8363051766983083,False
91.13294838518952,22.21004817414381,0.872847923842934,0.41016837763647546,False,-0.5898411577619037,False,0.5072355513758007,False,-0.22105604317565772,False,-0.7404358046761803,False
91.83294838518952,22.21004817414381,0.9367420856945149,1.5281402145983,True,0.11853458989930349,False,-0.4722602758219112,False,-0.6589483794918014,False,1.5743858360631071,False
91.88294838518952,22.21004817414381,0.9363890828387944,1.527076247934769,True,-0.22649116517646994,False,-0.23508705825834533,False,-0.5470558584964507,False,1.2003295981963946,False
91.93294838518952,22.21004817414381,0.9162931399341678,1.4519347075370583,True,-0.5932825171828524,False,-0.15169142312423922,False,-0.33788691679085675,False,0.8520964086092213,False
91.98294838518952,22.21004817414381,0.872363018818175,1.2025620494706413,True,-0.677022776712651,False,-0.10027273586252813,False,-0.1378766002692255,False,0.5971379296411403,False
92.03294838518951,22.21004817414381,0.8210144125555668,0.8441807379540494,False,-0.2678390671799221,False,0.06438256850857654,False,-0.2456326556762552,False,0.8900446486062968,False
92.08294838518952,22.21004817414381,0.7767457918061975,0.683271862797485,False,-0.21071485400278034,False,0.14019380893051844,False,-0.15051405300576898,False,0.9923705209665159,False
92.13294838518952,22.21004817414381,0.7058021788156772,0.5374813280661004,False,-0.2289782305933471,False,0.1813065785022434,False,0.11686354075738181,False,0.8801058627661268,False
92.18294838518952,22.21004817414381,0.6320506195404327,0.4015241123683252,False,0.2180209660747558,False,0.3324886720639137,False,-0.8256798332262942,False,0.3259782429470333,False
92.23294838518952,22.21004817414381,0.5843253946472717,0.18265050389263612,False,0.4842607485661914,False,0.3572708681285119,False,-0.9818921530863068,False,0.05915762090452248,False
92.28294838518951,22.21004817414381,0.5558625738811108,0.10016500405337106,False,0.4048857347119912,False,0.2304547665731063,False,-0.25202596147276535,False,0.18905729194044466,False
92.33294838518952,22.21004817414381,0.5180892221104506,0.19248981964109269,False,0.042042437745268516,False,0.15676735160691166,False,0.23508709617205642,False,0.2635836277988082,False
92.38294838518952,22.21004817414381,0.42057010203628525,0.2933049946264765,False,-0.18106762209869437,False,-0.012056094649497695,False,0.15451609891280482,False,0.15979611847053407,False
92.43294838518952,22.21004817414381,0.34522699787934596,0.2401088660500283,False,-0.23527924357818936,False,-0.07626341396983488,False,0.36018985970482476,False,0.09967239166038884,False
92.48294838518952,22.21004817414381,0.398863844577953,0.1330246149946103,False,-0.20526368910456733,False,-0.14326077907485932,False,0.05987119414700681,False,0.06334860378536353,False
92.53294838518951,22.21004817414381,0.4192266140501401,0.016324808335496432,False,-0.2038626143737881,False,-0.2126812552305296,False,-0.003093378003444891,False,0.023065381416303293,False
92.58294838518952,22.21004817414381,0.43948586308015886,-0.07252820850058289,False,-0.19142698177013015,False,-0.26493406459823937,False,-0.10553273290226994,False,0.011697563546221534,False
89.08294838518952,22.16004817414381,0.86400836138175,1.1682237234776134,True,0.2996378139586884,False,-0.06274156500322814,False,-1.9663437542471314,False,0.8337222267646056,False
89.13294838518952,22.16004817414381,0.857720057502228,1.2565144064632439,True,0.2550122932723582,False,-0.0753923111057685,False,-1.6685302314824635,False,0.8852195371937888,True
89.18294838518952,22.16004817414381,0.8325959327371788,1.3675226556439335,True,0.1902749154658766,False,-0.07772134013564347,False,-1.1237740897618713,False,0.9090999117706621,False
89.23294838518952,22.16004817414381,0.7864555554685306,1.4582134590620819,True,0.0637811399940959,False,-0.03530760972004038,False,0.7153448994804621,False,0.825708482050348,False
89.28294838518953,22.16004817414381,0.7241050699357491,1.6215530945790628,True,-0.08109742600168107,False,0.06217095249550435,False,4.391893807073739,False,0.37432120807612845,False
89.33294838518952,22.16004817414381,0.651820025146668,1.5417445085802939,True,0.12040913053445879,False,0.22457704833305053,False,4.3875530459885725,False,-0.14182393825104134,False
89.38294838518952,22.16004817414381,0.5872451953431665,1.680948815663117,True,0.45770203379355046,False,0.3506662742074539,False,2.060664574274719,False,-0.3701941182953177,False
89.43294838518952,22.16004817414381,0.5474784045082591,2.3046354921283716,True,0.7367250318795775,True,0.4715830417303852,False,0.38304843283477547,False,-0.6417526012805614,True
89.53294838518953,22.16004817414381,0.7639805990364545,1.8937428723612053,True,-1.1763073700665916,False,0.07178496094465076,False,1.9852836087758103,False,-0.4133743841248704,False
89.58294838518952,22.16004817414381,0.8307848929755478,2.23696178218092,True,-0.9957958190642006,False,-0.3374412197191634,False,2.6936135941675707,False,-0.35376964730295934,False
89.63294838518952,22.16004817414381,0.8478362856698461,2.5886422036899166,True,-0.5714862204486835,True,-0.41654074555463216,False,2.290853836337058,False,-0.19588681885243425,False
89.68294838518952,22.16004817414381,0.8220154931592571,2.27600148223886,True,-0.5279724733935965,True,-0.3861858414377294,False,2.26099047508942,False,-0.2274802632059445,False
89.73294838518952,22.16004817414381,0.7846551086303736,1.6371231723523503,True,-0.4194883465822652,True,-0.31960443572179004,False,2.6347088533290193,False,-0.5653653417208786,False
89.78294838518953,22.16004817414381,0.7929728956901559,1.3198438692554784,True,-0.3410697994845227,True,-0.18548905155861392,False,1.9671055422927586,False,-0.5394798521343449,False
89.83294838518952,22.16004817414381,0.8293526961174741,1.1925184742371067,True,-0.3620443819567858,True,0.059668458099800356,False,1.1535263619691256,False,-0.5224843226574845,False
89.88294838518952,22.16004817414381,0.8376615318321577,1.090862745125536,True,-0.32162496591056516,False,0.15456482071284708,False,-0.29288969111616775,False,-0.3502718340065227,False
89.93294838518952,22.16004817414381,0.7970572255422911,1.000928094683001,True,-0.30505581005846305,False,0.09654556639679025,False,-1.3725427460339255,False,-0.020116960828490932,False
89.98294838518952,22.16004817414381,0.721974036531375,0.8418177734495937,True,-0.3669104034252999,False,-0.06095191730446009,False,-1.586019149016617,False,0.397555870786188,False
90.03294838518953,22.16004817414381,0.7307484714338012,0.7085160605030709,True,-0.5862891116919202,False,-0.21448335910778096,False,-0.8494134375347897,False,0.3938853336568504,False
90.08294838518952,22.16004817414381,0.7544361340066367,0.6310767052640783,False,-1.0055976249411336,False,-0.22602548144645082,False,0.06929063587242745,False,0.14885058430187206,False
90.13294838518952,22.16004817414381,0.7610395330538183,0.7003715121402053,False,-1.1188582827256688,False,-0.12606760090689015,False,0.36287427678774,False,0.1278647393678217,False
90.18294838518952,22.16004817414381,0.7737438866664847,0.7705455137313595,False,-1.2071447037914282,False,-0.03854330812033818,False,0.5202085466285696,False,0.12234284592641881,False
90.23294838518952,22.16004817414381,0.8173480411257856,0.8331578476732409,False,-1.3249350406900438,True,0.01579905470187659,False,0.6063708329346438,False,0.055131165012510974,False
90.28294838518951,22.16004817414381,0.8725452974642189,0.8606681350652758,False,-1.4110324776570224,True,0.05390028423617302,False,0.6335748769390969,False,-0.07040530710233535,False
90.33294838518952,22.16004817414381,0.898258352083141,0.8454056860819352,False,-1.3562389863388113,True,0.033153562030545314,False,0.4223724926668471,False,-0.24452088526042487,False
90.38294838518952,22.16004817414381,0.9026591202505477,0.9257556328231961,False,-1.1949558873472006,True,-0.056508897223649227,False,-0.26451678162905207,False,-0.5134031563277828,False
90.43294838518952,22.16004817414381,0.9036501070441975,0.964757959150969,False,-1.0303805792107559,True,-0.10200396413670247,False,-0.7936135418532054,False,-0.4579732726092845,False
90.48294838518952,22.16004817414381,0.894567147962204,0.9331990756740707,False,-0.8800439894584022,True,-0.13432561300285567,False,-1.009911598118013,False,-0.05117916703429426,False
90.58294838518952,22.16004817414381,0.8039172698033963,0.9261635958222065,True,-0.6621695973233467,True,-0.21543405803269353,False,-0.09341484703644454,False,0.1560640057937035,False
90.63294838518952,22.16004817414381,0.7633620550002644,0.8116073212937174,True,-0.6781271281228692,True,-0.2120945373646429,False,0.35244783541585734,False,0.2089118654486788,False
90.68294838518952,22.16004817414381,0.7435637165877997,0.7074309075152653,True,-0.6255962039190172,True,-0.1604944194062579,False,-0.015657832983107633,False,0.031732181098382384,False
90.73294838518952,22.16004817414381,0.7689353269035369,0.5631801942421674,False,-0.5610982962094663,True,-0.09191017817189057,False,-0.587134154143919,False,-0.16090280114663671,False
90.78294838518951,22.16004817414381,0.8164800429024619,0.4293018421148874,False,-0.557167536215996,True,0.002295689696914476,False,-1.2245183261730828,False,-0.3184713212032839,False
90.93294838518952,22.16004817414381,0.8644236765810599,0.2729252100096923,False,-0.7645814478377704,True,0.27615078605473853,False,-1.6293542653726654,False,-0.8266695641315922,False
91.08294838518952,22.16004817414381,0.8719712035374397,0.4335460533996508,False,-0.646086058533722,True,0.42880185417951056,False,-0.9801531235074336,False,-0.9087274036435768,False
91.13294838518952,22.16004817414381,0.8738683523688214,0.4546322938024767,False,-0.6087135232267689,False,0.45935369973117535,False,-0.4087055968599832,False,-0.8422093685152185,False
91.83294838518952,22.16004817414381,0.9294590667113163,1.5268724655770833,True,-0.3911882012142736,False,-0.17877787128626993,False,-0.45387228032376364,False,1.127493684751074,False
91.88294838518952,22.16004817414381,0.9169289988071646,1.474404323183443,True,-0.6133209441453575,False,-0.1166000147694384,False,-0.3082345614229036,False,0.9005069762738933,False
91.93294838518952,22.16004817414381,0.8850505222514599,1.3173001608964912,True,-0.9221766941945553,False,-0.10942165936886467,False,-0.03564689289752124,False,0.5484569307100691,False
91.98294838518952,22.16004817414381,0.8461277902987431,1.2029257081173963,True,-0.9667096527986829,False,-0.09468082938759545,False,0.10941525137189559,False,0.2820589636052354,False
92.03294838518951,22.16004817414381,0.7906859356585678,1.021122767847599,True,-0.7411782359868802,False,-0.025597054258104823,False,0.12768744106591895,False,0.39033876408051993,False
92.08294838518952,22.16004817414381,0.6626933519424105,0.8022983233227438,False,-0.5413358774043179,False,0.026861919460991895,False,0.17321849543295723,False,0.43395434045423753,False
92.13294838518952,22.16004817414381,0.5736507728927048,0.6621743575055332,False,-0.15981860697991185,False,0.03500954138350228,False,-0.2008020396418827,False,0.16534359726653747,False
92.18294838518952,22.16004817414381,0.5251212883685953,0.5683312104603749,False,0.2682708595001233,False,0.14590002230099755,False,-0.9575549330293005,False,-0.11839602930739304,False
92.23294838518952,22.16004817414381,0.5266461428954478,0.5678464855903435,False,0.46482239805093595,False,0.17020935896045145,False,-0.9263463523882962,False,-0.299986610494764,False
92.28294838518951,22.16004817414381,0.5444957888705816,0.41038535031536033,False,0.5754796988845947,False,0.019096409030044476,False,-0.5224406478689629,False,-0.045665148406233314,False
92.33294838518952,22.16004817414381,0.5583864978443014,0.16888988236866184,False,0.32775303754641183,False,0.1315259584062166,False,-0.5706843246053621,False,0.35994965769586745,False
92.38294838518952,22.16004817414381,0.5216240395088833,0.19509739497345172,False,-0.13147317523198204,False,0.007127554986542661,False,0.3290584691587122,False,0.2570405563464601,False
92.43294838518952,22.16004817414381,0.44375514159756196,0.062139306875084066,False,-0.28200794554011116,False,-0.049684614641339164,False,0.9405823631920939,False,0.16764773466286464,False
92.48294838518952,22.16004817414381,0.46236812545121747,-0.10040194627390048,False,-0.197853551745265,False,-0.09057911201838767,False,0.652269316769434,False,0.12849571270803234,False
92.58294838518952,22.16004817414381,0.5107430379776986,-0.21501290175629717,False,-0.12030548803806926,False,-0.17361269117097383,False,0.4312064596803653,False,0.10508363356105244,False
89.08294838518952,22.110048174143813,0.8286506630728717,0.992863463549929,False,0.3323871697633748,False,0.009158096780856717,False,-2.42961624467304,False,0.9038269289684123,False
89.13294838518952,22.110048174143813,0.7966616789672025,1.017257051123909,False,0.315823959663167,False,0.04353839160209355,False,-2.552407792975968,False,0.9343349750125414,False
89.18294838518952,22.110048174143813,0.733145469108314,0.9960649399388557,False,0.2844362892280513,False,0.07897956631184028,False,-2.5538020485913124,False,0.9580093803089745,False
89.23294838518952,22.110048174143813,0.6637027709533669,1.1096210389468313,True,0.1831209328985028,False,0.12172285307747366,False,-0.6827805619404543,False,0.8430716285257107,False
89.28294838518953,22.110048174143813,0.5986235490112304,1.5065495251034289,True,0.03238239881380284,False,0.17574019635110205,False,3.405686459080567,False,0.38062105465819374,False
89.33294838518952,22.110048174143813,0.5390426037706594,1.4424542536186449,True,0.2915986531531942,False,0.36251967978593763,False,2.9271714617405804,False,-0.04221734142804934,False
89.38294838518952,22.110048174143813,0.49728059810777275,1.5529495187978397,True,0.6355250539035104,False,0.49440429062229824,False,0.9171476407755437,False,-0.29077234552494613,False
89.43294838518952,22.110048174143813,0.4848933743256554,2.0359785111844864,True,0.8465248268963319,False,0.5645388390973372,False,-0.958153060473318,False,-0.5372508319077556,False
89.48294838518952,22.110048174143813,0.6042429051836311,2.1969215302761858,True,0.19468342609123657,False,0.4624351045767677,False,-0.10907734387365897,False,-0.5431635470012698,False
89.53294838518953,22.110048174143813,0.7485144778413227,2.069269920799282,True,-0.7650400072090676,False,0.09396124731534261,False,1.8071275553973691,False,-0.4509135641749572,False
89.58294838518952,22.110048174143813,0.8249458874133201,2.266041530393465,True,-1.0415397431282987,False,-0.34207340151993537,False,3.301193701501931,False,-0.3449941031395326,False
89.63294838518952,22.110048174143813,0.8557982978961374,2.467674989506822,True,-0.7848703579765806,False,-0.41474269191292135,False,3.0333747546760534,False,-0.21462047359296738,False
89.68294838518952,22.110048174143813,0.8505292670501562,2.1980343439472634,True,-0.5927343028666976,True,-0.33940821696839435,False,2.8257871026046457,False,-0.5157556128816383,False
89.73294838518952,22.110048174143813,0.8271382134161321,1.643727764822205,True,-0.5185684908063142,True,-0.21195559625032065,False,2.7847150407799424,False,-1.1731128293749986,False
89.78294838518953,22.110048174143813,0.8314764209998186,1.4124062237533734,True,-0.44985670396581956,True,-0.14761705931537158,False,2.5830661104890718,False,-1.5821935209598044,False
89.83294838518952,22.110048174143813,0.8643777658025615,1.338207637827034,True,-0.43403363734642664,True,-0.09088351138041584,False,2.3478511876445314,False,-2.0405229031685335,False
89.93294838518952,22.110048174143813,0.8519345073751223,0.9714845395745086,True,-0.2150861612596706,False,0.03212062870321615,False,-1.4847024554747927,False,-0.68102350982044,False
89.98294838518952,22.110048174143813,0.7921379225790101,0.7856905616075089,True,-0.25803262299762236,False,-0.0809593701580401,False,-1.9955205963324412,False,0.23238341729986078,False
90.03294838518953,22.110048174143813,0.775819274419008,0.6566377693065675,True,-0.4947225402632612,False,-0.22428809103567066,False,-1.090087846103556,False,0.3372387242102776,False
90.08294838518952,22.110048174143813,0.7809171770435251,0.5796221769743007,False,-0.8440647668055782,False,-0.2737381914179004,False,-0.012094237582867873,False,0.09933561371882069,False
90.13294838518952,22.110048174143813,0.7945446599923371,0.6683067289981655,False,-0.9417818222622728,False,-0.24645694457331752,False,0.27795012852138035,False,0.17890369279117868,False
90.18294838518952,22.110048174143813,0.8330784562970686,0.7752208105705981,True,-1.0275175972353863,False,-0.19187475784758243,False,0.2882068123895056,False,0.21980547716198545,False
90.23294838518952,22.110048174143813,0.8858609425799914,0.8768939464072695,True,-1.2756493819259764,True,-0.1018621386268439,False,0.32170393973078804,False,0.017146261488043824,False
90.28294838518951,22.110048174143813,0.9152530888331475,0.9490539199902626,True,-1.4611625947872375,True,-0.044467155111677856,False,0.23510555533945146,False,-0.2409397131442429,False
90.33294838518952,22.110048174143813,0.9129898305170518,1.0384348793657492,True,-1.4572508493829726,True,-0.033721086883394175,False,0.0071731309292014656,False,-0.5476333619360008,False
90.38294838518952,22.110048174143813,0.8940267408637164,1.1241807485264594,True,-1.3015698146434267,True,-0.0572095718094357,False,-0.19934821933596847,False,-0.6009685576596027,False
90.43294838518952,22.110048174143813,0.868753700291654,1.107975339588131,True,-1.0931543605252436,True,-0.11901123387276026,False,-0.17257758526792638,False,-0.17332603155488455,False
90.53294838518951,22.110048174143813,0.7441895493994217,0.9380974078036277,True,-0.5945597283643842,False,-0.025743598798256884,False,-0.20595819964831885,False,-0.20591745804222739,False
90.58294838518952,22.110048174143813,0.6521985884320303,0.7217168877142632,True,-0.5118020469914035,False,-0.03683797738954881,False,-0.14651589484842598,False,-0.17665038546837453,False
90.63294838518952,22.110048174143813,0.6791350460715275,0.6257342030893709,True,-0.5754298590637643,True,-0.10623841087903882,False,0.3822993368637306,False,-0.1553664573139966,False
90.68294838518952,22.110048174143813,0.6907835628538765,0.576380163929735,False,-0.5872121177731144,True,-0.12253122704224931,False,0.541408287642709,False,-0.23387150495964357,False
90.73294838518952,22.110048174143813,0.7558235197997711,0.513919846134,False,-0.5662018332646908,True,-0.0886465272970097,False,0.02062917391999114,False,-0.30664242943644027,False
90.78294838518951,22.110048174143813,0.80705459347576,0.41297494764372833,False,-0.6021702190767034,True,-0.028127715432761304,False,-0.42123577633049736,False,-0.45059819735064055,False
90.93294838518952,22.110048174143813,0.8655752199098663,0.26904076355871326,False,-0.7647597738750411,True,0.23085965916910742,False,-1.131921007672858,False,-0.7864912434936169,False
91.03294838518951,22.110048174143813,0.8704047825523165,0.372967592996989,False,-0.7123598153041898,True,0.326206783448339,False,-0.9781528683880392,False,-0.9037825601048632,False
91.08294838518952,22.110048174143813,0.8724006506854828,0.4087807242090007,False,-0.6822192482103282,True,0.36567257489606747,False,-0.8778569057573853,False,-0.9159876613281225,False
91.88294838518952,22.110048174143813,0.9011538661249675,1.3642251920240185,True,-0.8619611860997556,False,-0.09049245213671321,False,-0.05494459936803919,False,0.6086439627579614,False
91.93294838518952,22.110048174143813,0.8782842196123,1.2996710258837842,True,-0.9445899107304627,False,-0.06774306517342332,False,0.08177506354922184,False,0.4184446038239663,False
91.98294838518952,22.110048174143813,0.8483091068290602,1.1750048435080942,True,-1.0079722061872052,False,-0.053367526700986344,False,0.29769986037282303,False,0.2703806769862707,False
92.03294838518951,22.110048174143813,0.7904394547304218,1.054073158392988,True,-1.012352274334363,True,-0.02616513991907571,False,0.4818402903660891,False,0.33404777004420433,False
92.08294838518952,22.110048174143813,0.579127461755764,0.930333341219403,True,-0.8924918121414485,False,-0.029133486260082928,False,0.5099476824063113,False,0.11702892701973865,False
92.13294838518952,22.110048174143813,0.4308031846036611,0.7199462494013611,False,-0.47873088690837884,False,0.04910599903362196,False,0.2699908591437522,False,-0.1639630517817722,False
92.18294838518952,22.110048174143813,0.39123814332685186,0.4808523520693612,False,-0.12841723604644703,False,0.2298286013292723,False,0.2993835761188467,False,-0.4135378690291838,False
92.23294838518952,22.110048174143813,0.4383119285002336,0.3916462587615745,False,0.12723363587029662,False,0.16270680840014312,False,0.7193112382630444,False,-0.5344632285198184,False
92.28294838518951,22.110048174143813,0.4892279608282301,0.38794536945429753,False,0.3336315663519218,False,-0.1548916986726043,False,1.1598095841269056,False,-0.383495141047548,False
92.33294838518952,22.110048174143813,0.5657590879227087,-0.008978817010953079,False,0.45870047277219833,False,0.032626877087365266,False,-0.8752339352864517,False,0.3953821668850743,False
92.38294838518952,22.110048174143813,0.5938925463018812,-0.00429649413323966,False,0.2729764049005248,False,0.06401703166340342,False,-0.5493825697413153,False,0.4823988340467783,False
92.43294838518952,22.110048174143813,0.568279351264473,0.011364070332390619,False,-0.1464480788590184,False,-0.016527973757863995,False,0.5998591601700856,False,0.3749500786811087,False
92.48294838518952,22.110048174143813,0.5806674399724274,-0.10412560684456373,False,-0.11000306244579128,False,-0.018272717569732422,False,0.8602287310114045,False,0.3878227160218286,False
92.58294838518952,22.110048174143813,0.6423909116205168,-0.06648932102981886,False,0.0510773983438951,False,-0.07390562356109337,False,0.4668552808971722,False,0.42875252508279404,False
89.08294838518952,22.060048174143816,0.7108627069875606,0.9015846242696182,False,0.3445824976416844,False,0.0458199767431961,False,-2.8419781188054345,False,0.91558834634404,False
89.13294838518952,22.060048174143816,0.6309186400317981,0.9001348125614568,False,0.3405456257394773,False,0.10030777074956643,False,-2.976908940478292,False,0.8860295185632784,False
89.18294838518952,22.060048174143816,0.5463641156292676,0.9190907228711432,False,0.33450887888894215,False,0.14972062481114717,False,-2.608461850653775,False,0.7717891314855878,False
89.23294838518952,22.060048174143816,0.44362345951754933,0.9866048828282611,False,0.2681232820442453,False,0.19847420648915992,False,-1.2663448022920414,False,0.5577678742082128,False
89.28294838518953,22.060048174143816,0.4054960352643108,1.1784337188004002,True,0.08610923845824253,False,0.2115360340983402,False,1.9166186651584365,False,0.2102213427122635,False
89.33294838518952,22.060048174143816,0.41133911986723865,1.161401297394487,True,0.2341207252860093,False,0.34951123439392523,False,2.269901706601328,False,-0.13532124101819612,False
89.38294838518952,22.060048174143816,0.4371416473378474,1.268278261431378,True,0.4047547001945124,False,0.4788146546869415,False,1.1717333799842338,False,-0.3013247889232083,False
89.43294838518952,22.060048174143816,0.47706723865799205,1.618782132361842,True,0.670185990155916,False,0.5937856773798712,False,-0.40075962404781906,False,-0.39273716719713,False
89.48294838518952,22.060048174143816,0.6057975675086105,1.894402298122877,True,0.6104884165953715,False,0.5812701451295726,False,-0.3674985287075301,False,-0.3442458076280144,False
89.53294838518953,22.060048174143816,0.7370466950468199,2.104634252136017,True,0.2905309766916577,False,0.23214387914374715,False,0.5995286630067518,False,-0.32134724705361306,False
89.58294838518952,22.060048174143816,0.8135358786415761,2.2466830575693617,True,-0.42200632639089597,False,-0.1563969137321442,False,2.3914581649505218,False,-0.29181829165037937,False
89.63294838518952,22.060048174143816,0.8507277490488295,2.1707952011539207,True,-1.0816455363882105,False,-0.3116455637033939,False,3.5269019033235463,False,-0.2762704782634622,False
89.68294838518952,22.060048174143816,0.8544756770835309,1.942966821811897,True,-0.7387951335262561,False,-0.17615248008852716,False,2.7312147801233895,False,-0.7853670116337154,False
89.73294838518952,22.060048174143816,0.8456809863108645,1.5527803499019486,True,-0.5299356327178647,True,-0.06479265969252812,False,1.9156249149726023,False,-1.5149195800536834,True
89.78294838518953,22.060048174143816,0.8551024919849657,1.3520364486277383,True,-0.43912850853806473,True,-0.024899581781665264,False,1.3928989578309583,False,-2.0151051796865413,True
89.83294838518952,22.060048174143816,0.8807365396693027,1.276438203382575,True,-0.38172301828293614,False,-0.031941511747266116,False,1.150725371042384,False,-2.3769875266152036,True
89.93294838518952,22.060048174143816,0.8731241798628321,0.9193458045256186,True,-0.14692545362809828,False,0.1204306396773644,False,-1.8608992246847105,False,-0.9047195428201905,False
89.98294838518952,22.060048174143816,0.8170955222838431,0.7678998293459862,True,-0.15027254977658921,False,0.013299672034418938,False,-2.234150141325554,False,-0.05036409301947431,False
90.03294838518953,22.060048174143816,0.7787154397465204,0.6401185905280664,True,-0.3794704137858861,False,-0.18398720157856654,False,-1.3392195380282963,False,0.23107367079591373,False
90.08294838518952,22.060048174143816,0.7712514185303444,0.5308444116374873,False,-0.7297161718759787,False,-0.26702330577157907,False,0.11145658543046799,False,0.055739650603956914,False
90.13294838518952,22.060048174143816,0.7913863600256127,0.6258375786676769,False,-0.7315747906313665,False,-0.25364700070723867,False,0.25393167487466145,False,0.20762341476328774,False
90.18294838518952,22.060048174143816,0.8535152007364335,0.7185790850010801,True,-0.7938711247527322,False,-0.22912987149737626,False,0.2291625092075585,False,0.24239674439701434,False
90.23294838518952,22.060048174143816,0.904365046943945,0.7612364067258334,True,-1.1290231751888808,True,-0.19557174054537355,False,0.20608266129316896,False,-0.045359575218197744,False
90.28294838518951,22.060048174143816,0.9168613266410246,0.7977811457270892,True,-1.3666410993727554,True,-0.16239926853204278,False,0.052801457496400306,False,-0.3476458677010857,False
90.33294838518952,22.060048174143816,0.9026233265742238,0.9105485481255686,True,-1.403211671198525,True,-0.06538797419457232,False,-0.08099286952777898,False,-0.6479353929743086,False
90.38294838518952,22.060048174143816,0.8711489940745278,0.9454590547930992,True,-1.3512227091714857,True,-0.030967411971454473,False,-0.06402774613045643,False,-0.5676233876567756,False
90.48294838518952,22.060048174143816,0.7512862056215182,0.9354855523036328,True,-0.7466220794665007,False,0.03737060980253254,False,0.33807841465617133,False,-0.37820527872181,False
90.53294838518951,22.060048174143816,0.7159879012631003,0.8187712549121462,True,-0.5468284106443184,False,0.0330006768016599,False,0.3693939502145801,False,-0.40443920347202694,False
90.58294838518952,22.060048174143816,0.6604405654806403,0.6687198681091442,True,-0.4657421654754701,False,0.017356614264574327,False,0.22883755860239854,False,-0.3204377884785516,False
90.63294838518952,22.060048174143816,0.6504312446133564,0.5552163505372636,True,-0.4882872657924128,False,-0.011636904186952013,False,0.15270686066936712,False,-0.26197518616932713,False
90.68294838518952,22.060048174143816,0.6836658219302323,0.5266123726097012,True,-0.534899506600781,True,-0.06146935335874751,False,0.42367525616950896,False,-0.29317983987655005,False
90.73294838518952,22.060048174143816,0.7455583176014233,0.5021815613522209,False,-0.552736026933119,True,-0.08331096045559207,False,0.34815709659081506,False,-0.37742754116302774,False
91.88294838518952,22.060048174143816,0.9228457088063705,1.4113193973464038,True,-0.7986858154064852,False,-0.07533635753956403,False,0.0033959482769217453,False,0.497758911768246,False
91.93294838518952,22.060048174143816,0.9132662482075197,1.3747644989495589,True,-0.8450974977745216,False,-0.06215278555692644,False,0.14116138167999226,False,0.41819523655375435,False
91.98294838518952,22.060048174143816,0.8844297506325205,1.2389652726957319,True,-0.9548117126407776,False,-0.031033765389108167,False,0.4487853426792382,False,0.5105921190424969,False
92.03294838518951,22.060048174143816,0.831000134173004,1.1067351007580581,True,-1.0487378346417688,True,0.0007282610039175269,False,0.6525963208224596,False,0.6689773085564152,False
92.08294838518952,22.060048174143816,0.685314040027086,1.0212494702143935,True,-1.0071825656706865,False,0.022996707965659502,False,0.5607966954841364,False,0.2272395843873532,False
92.13294838518952,22.060048174143816,0.5639762693332392,0.8902952625257405,False,-0.7202348451044456,False,0.16792142183131098,False,0.4417629828509457,False,-0.41327750554844805,False
92.18294838518952,22.060048174143816,0.48878690803760594,0.45651886980375406,False,-0.22231915931887344,False,0.35679883345096475,False,0.8969609513995358,False,-0.7031508906618071,False
92.23294838518952,22.060048174143816,0.47012751596834185,0.16174854467777247,False,0.11221568501461504,False,0.18969219005729798,False,1.8422044418289518,False,-0.7593840361105104,False
92.28294838518951,22.060048174143816,0.4758622503403397,0.1017072750342638,False,0.3022364408616028,False,-0.1576784645984191,False,2.6102669074673623,False,-0.6892556227508095,False
92.33294838518952,22.060048174143816,0.5699892093910459,-0.3862325285069957,False,0.4561261588910911,False,-0.07525394619381696,False,0.2024827962504321,False,0.21822976800298105,False
92.38294838518952,22.060048174143816,0.6311091879006319,-0.2788193306830072,False,0.45008021283812294,False,-0.0007785693995843238,False,-0.6462474492781525,False,0.5209404267439476,False
92.43294838518952,22.060048174143816,0.6811678965769457,-0.034622326802941195,False,0.2359274295540809,False,-0.025667866055204602,False,-0.19166865641341857,False,0.640171979082539,True
92.48294838518952,22.060048174143816,0.7136543738515868,0.14593803717027698,False,0.09261308568290008,False,-0.041051502182245125,False,0.17342896015581077,False,0.7695490232178626,True
92.58294838518952,22.060048174143816,0.7403369963365937,0.14921627510276936,False,0.109436169842117,False,-0.10411057860858944,False,0.07625748436517432,False,0.8064328224822978,True
89.13294838518952,22.01004817414381,0.445444463467913,1.0735740860917038,True,0.28600214826911363,False,0.07837254022647283,False,-2.1469258138626985,False,0.8084933707575609,False
89.18294838518952,22.01004817414381,0.39102431306746827,1.04767067273119,False,0.2583684769709955,False,0.14007711966879016,False,-1.5784405348653123,False,0.6101055701741084,False
89.23294838518952,22.01004817414381,0.3504190773705367,1.0355071387825663,False,-0.013011423793653498,False,0.19706425339119937,False,0.2757310215277262,False,0.16612095235456975,False
89.28294838518953,22.01004817414381,0.33538256247987797,0.9914811092898668,False,-0.14097913756660857,False,0.24065467258740147,False,2.3395336400413687,False,-0.22460220705496337,False
89.33294838518952,22.01004817414381,0.3409584565307478,0.863947257970012,False,0.04678111267271481,False,0.3345944594315435,False,2.5066998672708167,False,-0.36702042573383004,False
89.38294838518952,22.01004817414381,0.4026068758771544,0.8943592026653926,False,0.256334279292976,False,0.4450103350411708,False,2.019386516926055,False,-0.3848962534911793,False
89.43294838518952,22.01004817414381,0.49502939587079714,1.1803186769398684,True,0.45840490387518346,False,0.5974046524962586,False,1.5149792786855292,False,-0.21990182389179155,False
89.58294838518952,22.01004817414381,0.7943605569861079,2.1199007777123953,True,0.6550699410955624,False,0.03808820246582393,False,1.645664027504908,False,-0.09054929205581314,False
89.63294838518952,22.01004817414381,0.8339457433568402,2.0386986949735415,True,-0.25780511807345585,False,-0.086990578263523,False,2.43290341480627,False,-0.4373238090088718,False
89.68294838518952,22.01004817414381,0.8463862656267421,1.7533527573807657,True,-0.5646045407168986,False,-0.0172295346085663,False,2.0535192309613786,False,-0.9857482268333739,False
89.73294838518952,22.01004817414381,0.8522654900947435,1.3490754846680044,True,-0.47621705932123937,True,0.10598406636000507,False,0.7182514422570982,False,-1.3976740372100478,True
89.78294838518953,22.01004817414381,0.8595193628563803,1.1714374819953826,True,-0.34828074847684776,False,0.1562994408921309,False,-0.13245226744966843,False,-1.6197970476317372,True
89.83294838518952,22.01004817414381,0.8717820739761672,1.09098289039163,True,-0.2825555871649478,False,0.17376129659421202,False,-0.41098050455941326,False,-1.6235265983516949,True
89.93294838518952,22.01004817414381,0.8620384107589592,0.8529098546792241,True,-0.11909991106984896,False,0.2703957188954047,False,-1.934345983380555,False,-0.6336772092387662,False
89.98294838518952,22.01004817414381,0.8112305652231375,0.7622961826849373,True,-0.08526443322764532,False,0.1710662711169947,False,-2.209091159632928,False,-0.19433079145252896,False
90.03294838518953,22.01004817414381,0.7598531515489632,0.6295013502225686,True,-0.21250695688662935,False,-0.06341190595366716,False,-1.1845700965007586,False,0.058644628716837954,False
90.08294838518952,22.01004817414381,0.7565762109056795,0.45972790677865427,False,-0.7235850208270186,True,-0.24043633417512958,False,0.3276653057522698,False,-0.05261063964773499,False
90.13294838518952,22.01004817414381,0.7687637763811054,0.5167457353757416,False,-0.6579578115103653,False,-0.23825756551083627,False,0.3346331735981199,False,0.023518390572968423,False
90.18294838518952,22.01004817414381,0.8404547566516073,0.5695547631286302,False,-0.6007752565899493,False,-0.23767441474957787,False,0.3279560730699241,False,0.006971262789457595,False
90.23294838518952,22.01004817414381,0.8888897996312872,0.5347008004107365,False,-0.8114340803676781,True,-0.21202622433017676,False,0.31413895123390556,False,-0.44231597565077363,False
90.28294838518951,22.01004817414381,0.8915080814749162,0.5483464072267925,True,-0.9739414380926976,True,-0.12314362656407685,False,0.25304618097602954,False,-0.7288147189908836,False
90.38294838518952,22.01004817414381,0.8358294636199108,0.6572570624247196,True,-1.0881912976895642,True,0.05835306019119735,False,0.08675089998436045,False,-0.7497503770747076,False
90.43294838518952,22.01004817414381,0.7932260280205375,0.6457228399144685,True,-1.0157465147663114,True,0.04238844137234665,False,0.12457862215348951,False,-0.4606947914994085,False
90.48294838518952,22.01004817414381,0.7345803430535671,0.6745901453195615,True,-0.7623854360476598,True,0.07228860984012589,False,0.3170394668405348,False,-0.44031321673562845,False
90.53294838518951,22.01004817414381,0.6824024146918451,0.7214377050406552,True,-0.5371626243273018,False,0.059950762871539026,False,0.5649240657937342,False,-0.3357243866877441,False
90.58294838518952,22.01004817414381,0.6739572733069671,0.6547088795713566,True,-0.49010395590414113,False,0.019870090364682708,False,0.5695051333372407,False,-0.276764341466865,False
90.63294838518952,22.01004817414381,0.669853747288719,0.5802521978069224,True,-0.49018177968397036,False,-0.0066626674417315235,False,0.48401911985799195,False,-0.23825613690530978,False
90.68294838518952,22.01004817414381,0.6862176002312496,0.5245521662630546,True,-0.5004507138016488,False,-0.021926691274964993,False,0.2900723493811562,False,-0.25164468107495297,False
91.88294838518952,22.01004817414381,0.9403161913689126,1.5218809262291364,True,-0.5874050995394215,False,-0.19027663352309748,False,-0.046678504160617584,False,0.6023257883750084,False
91.93294838518952,22.01004817414381,0.9365821545748801,1.4502959964355202,True,-0.7425025937233563,False,-0.12275889644743795,False,0.20211155818084264,False,0.5589649709398574,False
91.98294838518952,22.01004817414381,0.9204409082533008,1.3173075777153507,True,-0.9643664534945948,False,-0.039106880084082224,False,0.5818534878827132,False,0.7254624673978783,False
92.03294838518951,22.01004817414381,0.8726897203859567,1.242432760520489,True,-1.0624174411831988,False,-0.03428135560111949,False,0.6284006194124223,False,0.7597753923262759,False
92.08294838518952,22.01004817414381,0.7678219435937812,1.0939104499999879,True,-0.7802932566047865,False,0.059710341159704625,False,0.32202098453969286,False,0.1314265779586506,False
92.13294838518952,22.01004817414381,0.7014241970631715,0.9221440853050902,False,-0.3060202382364394,False,0.2880559631993093,False,-0.03801330655797733,False,-0.725462788382868,False
92.18294838518952,22.01004817414381,0.6655929365958254,0.6440366113264328,False,0.004329787216500597,False,0.35787436907732467,False,0.47954494544567416,False,-0.9560934508827826,True
92.23294838518952,22.01004817414381,0.6104269372010684,0.21809081322891682,False,0.32430477071021024,False,0.2510586631175731,False,1.8867929194802375,False,-1.0620504838786888,True
92.28294838518951,22.01004817414381,0.5681033987362486,-0.017584922919200885,False,0.46469605480560244,False,0.03002946914697263,False,3.09242057889536,False,-1.0488120968334584,True
92.33294838518952,22.01004817414381,0.6046923503129202,-0.6687326622001826,False,0.5331545186668607,False,0.0560697982171344,False,1.2405800275625103,False,-0.17230545175018946,False
92.38294838518952,22.01004817414381,0.6883789117740305,-0.5299539141337196,False,0.5425602745569535,False,0.01657492337446089,False,-0.13050413950590423,False,0.30387435400553475,False
92.43294838518952,22.01004817414381,0.7616172183168033,-0.13943465850554118,False,0.4759924576566682,False,-0.04336698699064122,False,-0.37932627042576944,False,0.6551320376819803,True
92.48294838518952,22.01004817414381,0.7821058896545622,0.07499712409449388,False,0.332472559980922,False,-0.10308825888409598,False,-0.3446021648545518,False,0.8524236930824586,True
89.13294838518952,21.96004817414381,0.41829781542456224,1.293837759912106,True,0.11410371013501985,False,0.016824584675893317,False,-0.7758309373548058,False,0.6366594856041641,False
89.18294838518952,21.96004817414381,0.3930131609128631,1.2363519377122536,True,0.07487679728674146,False,0.08589470053291476,False,0.018793911651651563,False,0.39463980731385856,False
89.23294838518952,21.96004817414381,0.37352028068074083,1.2138898956445678,True,0.04456080111893679,False,0.1723031778253697,False,1.7139967929068658,False,-0.01959146492741698,False
89.28294838518953,21.96004817414381,0.3839962944781651,1.057848945699762,False,0.1773221020041065,False,0.2779186420958982,False,3.116315684912544,False,-0.39111974592825693,False
89.33294838518952,21.96004817414381,0.4014537969308519,0.8892783499205589,False,0.45088073939557577,False,0.36321180952379195,False,3.332324289660358,False,-0.5153525557297938,False
89.38294838518952,21.96004817414381,0.4381544916502974,0.8322359807144946,False,0.5113939596067084,False,0.42448568545049814,False,3.227293760704418,False,-0.5191559648347733,False
89.43294838518952,21.96004817414381,0.5281090759329852,0.9678184219537768,False,0.4136784301777075,False,0.4942920842017158,False,2.7495066119158675,False,-0.15263868267555855,False
89.48294838518952,21.96004817414381,0.6419145911365226,1.156822104392526,False,0.5436623098887441,False,0.4412655227208776,False,2.6360256055448392,False,-0.04922776143468155,False
89.58294838518952,21.96004817414381,0.7548722701653104,2.019201539979876,True,1.2423435788900865,False,0.12745130180544995,False,1.3286975026085386,False,-0.026410330457657616,False
89.63294838518952,21.96004817414381,0.7999682593216667,1.911915975619821,True,0.514833122285769,False,0.06857113118327754,False,1.4042030966077017,False,-0.5284874028201886,False
89.68294838518952,21.96004817414381,0.8261904527486292,1.3732803310843305,True,-0.23809651571253462,False,0.17272196581179922,False,0.7062786279469213,False,-0.9052829709144011,False
89.73294838518952,21.96004817414381,0.836726224941042,1.1348304012688541,True,-0.3798900522080604,False,0.24315410188779085,False,-0.27996195899646614,False,-1.1473584733106852,False
89.78294838518953,21.96004817414381,0.847436830841923,1.0401778876558359,True,-0.28076869468260035,False,0.2921716550187955,False,-1.128119697987593,False,-1.229130578712987,False
89.83294838518952,21.96004817414381,0.854820932882747,0.9801064880913615,True,-0.2334957618656959,False,0.3426689703253208,False,-1.271210318881298,False,-1.1831492458214294,False
90.08294838518952,21.96004817414381,0.7371059417428569,0.529888014605288,True,-0.5441653456862257,True,-0.17489697354989114,False,0.2176579425820208,False,0.18405812975871955,False
90.13294838518952,21.96004817414381,0.773062484281311,0.5244647515819931,False,-0.6344401101862893,True,-0.23449590491868832,False,0.3288527123332273,False,0.2565983154253191,False
90.18294838518952,21.96004817414381,0.8200189385229102,0.4880356090758138,False,-0.6085666020365229,False,-0.2654301286361433,False,0.4004256896285236,False,0.12223494142872235,False
90.23294838518952,21.96004817414381,0.8472891006909299,0.41591433045322723,False,-0.6963877492448491,True,-0.24576763210189678,False,0.42664561754925256,False,-0.0916562057693201,False
90.28294838518951,21.96004817414381,0.8479401762494755,0.3799644674344626,False,-0.8223238227855184,True,-0.1601091645425051,False,0.3820890870864265,False,-0.31776100298867127,False
90.38294838518952,21.96004817414381,0.78950407749446,0.455340332656743,False,-0.9679018345939822,True,0.05107360855142762,False,0.12244454650611554,False,-0.5112322146086583,False
90.43294838518952,21.96004817414381,0.7520249031512785,0.4833011068486526,False,-0.8756491393648302,True,0.07211557646176492,False,0.12052175709754523,False,-0.39805081586053503,False
90.48294838518952,21.96004817414381,0.6998139609654308,0.5112215914688808,False,-0.7146705876284499,True,0.09840197060347977,False,0.25232958062246746,False,-0.31198358566063067,False
90.53294838518951,21.96004817414381,0.6835129575175377,0.5788247968672076,False,-0.5665041172080257,False,0.061384845531839705,False,0.40144115130405583,False,-0.29584870480017317,False
90.58294838518952,21.96004817414381,0.6690551445379935,0.6274210550244202,True,-0.47659726860383456,False,0.03832909728296993,False,0.6186073794126864,False,-0.22624194120189162,False
91.93294838518952,21.96004817414381,0.9417753219204207,1.5299255738014237,True,-0.47048810623977566,False,-0.4204763622215062,False,0.01312696400307689,False,0.9907984431865444,False
91.98294838518952,21.96004817414381,0.9338174239004147,1.4734984402664635,True,-0.6929549105639002,False,-0.28205680627876356,False,0.20176172519927582,False,0.8227048726615092,False
92.03294838518951,21.96004817414381,0.9021596301630935,1.389916875443504,True,-0.9690025494172745,False,-0.16685524546059788,False,0.37471461041258225,False,0.7836455809170931,False
92.08294838518952,21.96004817414381,0.8069947802453564,1.3289404656668315,True,-0.6269707839216369,False,-0.025183646249275063,False,-0.015066689081307705,False,-0.018233215247396295,False
92.13294838518952,21.96004817414381,0.6932064216705764,0.9469568298178616,False,0.4264368073127896,False,0.16272804852573455,False,-0.6890195288576358,False,-0.9584679723217935,False
92.18294838518952,21.96004817414381,0.7361728251147039,0.8737371648225254,False,0.4877592427862571,False,0.17823726322074002,False,-0.29673128266870297,False,-1.1684598788364542,True
92.23294838518952,21.96004817414381,0.7231713285191823,0.4382188893846941,False,0.6507894586311755,False,0.14414082748504778,False,1.2609471284571954,False,-1.2728170828996963,True
92.28294838518951,21.96004817414381,0.6883308946974146,0.041093142984180986,False,0.6744585521450428,False,0.08816474408620306,False,2.8730862854553,False,-1.2748804177579738,True
92.33294838518952,21.96004817414381,0.6727286489599928,-0.43794834785265274,False,0.6841687427266976,True,0.1966759404098694,False,0.6177949028589752,False,-0.5648789516679475,False
92.38294838518952,21.96004817414381,0.7474327316844943,-0.3667206918027615,False,0.7152702024380424,True,0.2262817380172708,False,-0.642027395823769,False,0.04485715920896649,False
92.43294838518952,21.96004817414381,0.7989345808754605,-0.09602057372416922,False,0.6547454221891844,True,0.09517192003826694,False,-0.2912941563723191,False,0.4934014381849429,False
92.48294838518952,21.96004817414381,0.811263724781501,0.0398190284371322,False,0.5255551250133776,True,0.0026279941921614064,False,-0.5669826753069582,False,0.7246954438551932,True
89.13294838518952,21.91004817414381,0.453628186869785,1.3573591376338632,True,0.07596419712941549,False,-0.02374710477873687,False,0.2953221202730494,False,0.49472258486262677,False
89.18294838518952,21.91004817414381,0.45220037378230865,1.3107502930978763,True,0.12387752938870439,False,0.05867341693042005,False,1.4795566637007795,False,0.21357940533551756,False
89.23294838518952,21.91004817414381,0.4588409403152836,1.251896381260024,True,0.2578678956103113,False,0.1641238707272143,False,2.8427368327388334,False,-0.10120764164182822,False
89.28294838518953,21.91004817414381,0.47935507403310296,1.1484688020560072,True,0.4468224323645781,False,0.2661915868628269,False,3.691689421734365,False,-0.34657455183054736,False
89.33294838518952,21.91004817414381,0.5067543179111555,1.032844181791063,True,0.5519709467163235,False,0.32596852710255675,False,3.9825628920061376,False,-0.46039875888957504,False
89.38294838518952,21.91004817414381,0.5326419610854414,0.9636691049159622,False,0.5048373504918097,False,0.33760827163404555,False,3.683000185784209,False,-0.30887699960949533,False
89.43294838518952,21.91004817414381,0.5736471356480074,0.9508434311654197,False,0.44124292417367567,False,0.33413660560363223,False,3.1730239490573853,False,-0.10703991919138955,False
89.48294838518952,21.91004817414381,0.6342121227631479,1.0909080943081664,True,0.5321101639875826,False,0.34230156865903055,False,2.3100401667583568,False,-0.0853418737865954,False
89.58294838518952,21.91004817414381,0.7097326653884184,1.5476735678584042,True,0.8989319879677968,False,0.292927221603037,False,0.6996489972327737,False,-0.24688499969934397,False
89.63294838518952,21.91004817414381,0.7603329655741657,1.3623377777445886,True,0.3650359398802467,False,0.25169407277085987,False,0.38145873328454893,False,-0.5583466524866841,False
89.68294838518952,21.91004817414381,0.7954166710726484,1.1540603005969603,True,-0.046132001361920125,False,0.29523114999206984,False,-0.3453580904984913,False,-0.8387348223767374,False
89.73294838518952,21.91004817414381,0.8147561009078469,1.0091124689922544,True,-0.2971067326235296,False,0.3331035192019304,False,-0.8327741112343237,False,-0.9910077985801874,False
89.78294838518953,21.91004817414381,0.8247435486926822,0.9539263454981908,True,-0.24078095592637594,False,0.3714943105895227,False,-1.589925047465366,False,-1.0302040224420765,False
89.83294838518952,21.91004817414381,0.8311092803119076,0.9144971429582818,True,-0.20699713639476697,False,0.4426396779483305,False,-1.8646464232834772,False,-0.9534217089991988,False
90.03294838518953,21.91004817414381,0.6896383818650007,0.6405527362092879,True,-0.20343421435927586,False,0.11830335520320444,False,-0.28920629252533114,False,0.056131494924257744,False
90.08294838518952,21.91004817414381,0.7134449903169305,0.5877835525869812,True,-0.3693228047972268,True,-0.0957519514254847,False,0.2241836729028735,False,0.24827395212919268,False
90.13294838518952,21.91004817414381,0.7604274951127802,0.4810012376250332,False,-0.6315803901259527,True,-0.24073994930381537,False,0.37897870841705295,False,0.3804391345188737,False
90.18294838518952,21.91004817414381,0.7877129309418558,0.3980510241124239,False,-0.6104096939361696,True,-0.2855200301763319,False,0.44628530641918085,False,0.32803052807517613,False
90.23294838518952,21.91004817414381,0.806925305491453,0.30485773698748475,False,-0.66751236555771,True,-0.2685746297757798,False,0.47912920798175873,False,0.29166031329708403,False
90.28294838518951,21.91004817414381,0.7980487293071752,0.21274943440005975,False,-0.744654071872296,True,-0.19334497303002568,False,0.46027063107672683,False,0.2782049803994985,False
90.33294838518952,21.91004817414381,0.7734735769061896,0.22715550119049774,False,-0.833095630250908,True,-0.07338093871091456,False,0.312967399720042,False,0.02339293499837103,False
90.38294838518952,21.91004817414381,0.7489911789171995,0.30417070231044774,False,-0.8828913332164616,True,0.022518050884203333,False,0.14300311796367773,False,-0.15950667227566795,False
90.43294838518952,21.91004817414381,0.7148372211095638,0.35057486651635594,False,-0.8077350440939823,True,0.07962650077133271,False,0.12228008642669058,False,-0.2294547064194915,False
90.53294838518951,21.91004817414381,0.674214534688902,0.47536660231476385,False,-0.5798696018391316,False,0.062094393270839376,False,0.3014800192084195,False,-0.23487205993555368,False
90.58294838518952,21.91004817414381,0.6668673878241961,0.5558631253259932,False,-0.48195709485783456,False,0.04379037129007679,False,0.48201027843244754,False,-0.20181411606774716,False
90.63294838518952,21.91004817414381,0.6735617495248221,0.5678850171491706,True,-0.4732017155490017,False,0.017708441505031314,False,0.5869937304043656,False,-0.18732961989955815,False
91.88294838518952,21.91004817414381,0.9400545951591714,1.6026619862849139,True,-0.04151958076563389,False,-0.7342108432358287,True,-0.290749603547346,False,1.3990733216035567,False
91.93294838518952,21.91004817414381,0.938644088037788,1.5687196014918146,True,-0.1761041388419513,False,-0.6971220311582373,True,-0.20160937306389437,False,1.3787817163796416,False
91.98294838518952,21.91004817414381,0.9338502967313901,1.5110133883373522,True,-0.4682248398876725,False,-0.6122931094985589,True,-0.08177091864576114,False,1.349770404561609,False
92.03294838518951,21.91004817414381,0.9118284514527696,1.5204498897268777,True,-0.7337005087785577,False,-0.41001096380930274,False,-0.06921841905211001,False,1.070056538084088,False
92.08294838518952,21.91004817414381,0.8437167104583617,1.6287802583059592,True,-0.6461040625700918,False,-0.1670458822053989,False,-0.493258815738183,False,0.05476003609363053,False
92.13294838518952,21.91004817414381,0.688435881613833,1.3283084622270902,True,0.4890587705978215,False,-0.02178945413063589,False,-1.2753082000195968,False,-1.0129902574686118,False
92.18294838518952,21.91004817414381,0.7139332689232075,1.1794313450896272,True,0.6998932945764047,False,-0.009682317717784897,False,-1.0202406847853678,False,-1.2235361208444195,True
92.23294838518952,21.91004817414381,0.7429793184636184,0.6875103915065919,False,0.8144120871842411,False,0.015359186915656797,False,0.6103494711700989,False,-1.3129123913931375,True
92.28294838518951,21.91004817414381,0.7359868654693279,0.13297486950350185,False,0.7641396221980625,True,0.04990813289429326,False,2.9484106493419917,False,-1.3710127898855446,True
92.33294838518952,21.91004817414381,0.7203782129350874,-0.2578356455567569,False,0.6776072749490434,True,0.17210873767552748,False,0.5394606996260161,False,-0.7633108669373754,False
92.38294838518952,21.91004817414381,0.7719988442442726,-0.13219231847011925,False,0.7034413677014237,True,0.34283096025859155,False,-0.9663301848604764,False,-0.09932919647584973,False
92.43294838518952,21.91004817414381,0.8097866831639957,0.05629163132743492,False,0.5758455355920293,True,0.2502499479064154,False,-1.3164778374635708,False,0.35649321679285384,False
92.48294838518952,21.91004817414381,0.8217046224829255,0.12896208369824835,False,0.506958060995151,False,0.15182429977203513,False,-1.3716667640154405,False,0.6160332689526158,False
92.53294838518951,21.91004817414381,0.8234821243293886,0.0671352133312918,False,0.3975308509740168,False,0.07130193908175793,False,-1.2826832419266307,False,0.7640006877608003,True
89.13294838518952,21.860048174143813,0.5238787100275658,1.2254633817808427,True,0.08677098477816891,False,0.0452237816276303,False,1.6043328151382719,False,0.20200611781323402,False
89.18294838518952,21.860048174143813,0.5341979841685754,1.232588046756706,True,0.1292711943467859,False,0.10106734875008827,False,2.8085665694487063,False,-0.02738413384384092,False
89.23294838518952,21.860048174143813,0.5517956976051784,1.245722839707173,True,0.2196961910309242,False,0.1506385154315884,False,3.8601833310772955,False,-0.24531991404983838,False
89.28294838518953,21.860048174143813,0.5735095737471065,1.1944597251665696,True,0.29494114474313077,False,0.20649396343667453,False,4.243772822253111,True,-0.3698102373052091,False
89.33294838518952,21.860048174143813,0.5890321071435157,1.1497175494614018,True,0.3790697546897967,False,0.2214254109651816,False,4.608177826926546,True,-0.4120543941254913,False
89.38294838518952,21.860048174143813,0.6020625902215331,1.0619902253785196,True,0.40992138280900414,False,0.22452820839789003,False,4.576504926165502,False,-0.311516543268985,False
89.43294838518952,21.860048174143813,0.6045505223795008,0.9580975736956073,False,0.39805116171369986,False,0.26444031333037954,False,3.4572741834887695,False,-0.1294158340405246,False
89.58294838518952,21.860048174143813,0.6692419321530545,1.3040343066351294,True,0.6197744989629799,False,0.4275469726136519,False,0.0755194607704226,False,-0.47308276088321255,False
89.63294838518952,21.860048174143813,0.7242265416244023,1.1156397669434877,True,0.23300229378420917,False,0.3789119148316433,False,-0.2633869922050407,False,-0.6172726447286936,False
89.68294838518952,21.860048174143813,0.7658665591267896,1.0323084598654961,True,0.009637488509164294,False,0.3803803390520218,False,-0.8794999787346113,False,-0.7728440053597438,False
89.73294838518952,21.860048174143813,0.7912574671270304,0.9370981058199019,True,-0.24374104115613826,False,0.3965464460914446,False,-1.189514682302331,False,-0.9016125003790214,False
89.78294838518953,21.860048174143813,0.8024341800939988,0.9014649039403239,True,-0.22444678023242012,False,0.42817497533517634,False,-1.8034800708130143,False,-0.933171302958437,False
89.83294838518952,21.860048174143813,0.8068080935671819,0.8763387805354493,True,-0.19278168745930846,False,0.4965924868313754,False,-2.1854766622014794,False,-0.8634249417070627,False
90.08294838518952,21.860048174143813,0.6929878752217643,0.6123131064535965,True,-0.3097937722553777,False,-0.06979511249421994,False,0.30587438495963626,False,0.2568253891914756,False
90.13294838518952,21.860048174143813,0.7341976027550919,0.4468583598646933,False,-0.5309927779038346,True,-0.2379726757090229,False,0.4319812503044044,False,0.4198362031146011,False
90.18294838518952,21.860048174143813,0.7656942456982593,0.32023489157878565,False,-0.6198446306539567,True,-0.28150485673608605,False,0.47902839037019096,False,0.4571652136206936,False
90.23294838518952,21.860048174143813,0.7775032508594173,0.22956523087469854,False,-0.6567979452496384,True,-0.2613093354542484,False,0.5047961022480186,False,0.4801923286388141,False
90.33294838518952,21.860048174143813,0.7559380788912787,0.1680429809186543,False,-0.793957609190356,True,-0.12115402851995472,False,0.31445065277333095,False,0.293024506149614,False
91.88294838518952,21.860048174143813,0.9347762212029482,1.618140308581997,True,0.1488749684378794,False,-0.8474941538035183,True,-0.3173650864799451,False,1.3969100750364511,False
91.93294838518952,21.860048174143813,0.932308843204631,1.5791621065188135,True,0.07040945548159172,False,-0.8280814179525693,True,-0.2524515230724993,False,1.501618843374152,False
91.98294838518952,21.860048174143813,0.928771582448532,1.503937474278511,True,-0.31111396696998006,False,-0.7193528086286549,True,-0.18898444060595176,False,1.5849341889508646,False
92.03294838518951,21.860048174143813,0.9149746516480164,1.542026751785047,True,-0.6250607307731629,False,-0.5425270306265403,True,-0.3568497436133181,False,1.3680698564441065,False
92.08294838518952,21.860048174143813,0.8576003357428956,1.7797495423208587,True,-0.6704576104453506,False,-0.3055465799711664,False,-0.8373415122062998,False,0.27444219651262686,False
92.13294838518952,21.860048174143813,0.7435517857846298,1.6314847124304648,True,0.28364842947588115,False,-0.14071232614712675,False,-1.4884155848666119,False,-0.9295655270015686,False
92.18294838518952,21.860048174143813,0.6965538770190828,1.4569521082566164,True,0.5478832310555204,False,-0.09114441090820052,False,-1.3917301710648764,False,-1.1389479478826465,True
92.23294838518952,21.860048174143813,0.7097445653598721,1.1556314752842054,False,0.7268985702367554,False,-0.11249628801033248,False,-0.360494815547027,False,-1.2015775871463603,True
92.28294838518951,21.860048174143813,0.7125842400483196,0.735283470261086,False,0.6097884686221101,False,-0.131938001837463,False,1.7396317795009428,False,-1.2123080897816658,True
92.33294838518952,21.860048174143813,0.7073446165269202,0.12077872128657834,False,0.44222352827908623,False,-0.02092995895448299,False,1.8896910044621864,False,-0.8844908486343721,False
92.38294838518952,21.860048174143813,0.7643928402700559,-0.010141298909444846,False,0.4182810579720052,False,0.2678925101190368,False,-2.0296048176208643,False,-0.05094612973557247,False
92.43294838518952,21.860048174143813,0.8081896259454827,0.05547286013820263,False,0.34567919329018704,False,0.2605513541848151,False,-3.0005121258729965,False,0.3796069949802658,False
92.48294838518952,21.860048174143813,0.8235334874792315,-0.03936860974539305,False,0.2434625455802524,False,0.22635976968153226,False,-3.080222010495824,False,0.6554920635893705,False
92.53294838518951,21.860048174143813,0.8293161170929446,-0.20863429134790634,False,0.12296273668261264,False,0.18477828100595722,False,-2.8274279621817513,False,0.8240643696503553,True
89.08294838518952,21.810048174143816,0.5703745625439816,1.1445487297535282,True,0.04284612434304175,False,0.046413821242141884,False,1.7985559452387552,False,0.15612573621312342,False
89.13294838518952,21.810048174143816,0.5880114593869835,1.1409705110738426,True,0.06515816357921433,False,0.09957773709536466,False,2.745571268009519,False,-0.04464156102528283,False
89.18294838518952,21.810048174143816,0.605375905304953,1.1684861860956,True,0.10531555529747105,False,0.12660921233879857,False,3.6371784174529385,False,-0.1854113240249879,False
89.23294838518952,21.810048174143816,0.6237983594626887,1.1769939619752041,True,0.1572481753724396,False,0.15730693138718127,False,4.1625055508308515,True,-0.2937919147588701,False
89.38294838518952,21.810048174143816,0.6700151206253777,1.1272133754202263,True,0.3138994981940286,False,0.19848719636335752,False,4.695142725097196,True,-0.390048913739892,False
89.43294838518952,21.810048174143816,0.6591083808913686,1.0653380667745829,True,0.3334610016584768,False,0.27237896642065546,False,3.5307842668233116,False,-0.31939202380973947,False
89.58294838518952,21.810048174143816,0.6602506236821715,1.1454701066887798,True,0.4243005244707453,False,0.4797993903596437,False,-0.18812585485216027,False,-0.5606047708129178,False
89.63294838518952,21.810048174143816,0.707256540966623,1.0149766856653484,True,0.16167090119633104,False,0.46214057607262515,False,-0.5416115422835934,False,-0.6305389051049872,False
90.18294838518952,21.810048174143816,0.7424528181781006,0.2563851988270507,False,-0.6032544835216502,True,-0.27081141980209156,False,0.5055068016368214,False,0.5545622290055789,False
91.93294838518952,21.810048174143816,0.9253641688669659,1.6192376261466792,True,0.2403905604507912,False,-0.8747947046213784,True,-0.3365115317294083,False,1.2608310103732097,False
91.98294838518952,21.810048174143816,0.9201810888528617,1.5786260967251797,True,-0.09086129441056112,False,-0.7411722972365264,True,-0.423367816145521,False,1.2847589239795707,False
92.03294838518951,21.810048174143816,0.9031658679331523,1.5620797681495668,True,-0.5441470322633482,False,-0.5707827231419739,False,-0.5114705375336789,False,1.2995087177179583,False
92.08294838518952,21.810048174143816,0.848669288079078,1.648587112449377,True,-0.8379573531042026,False,-0.3431437376464209,False,-0.43784706874512913,False,0.665206203544405,False
92.13294838518952,21.810048174143816,0.74094508177516,1.5395379247265089,True,-0.269168649907257,False,-0.19035768347884602,False,-0.5914236301120527,False,-0.4503888368082128,False
92.18294838518952,21.810048174143816,0.670376572668579,1.4585850430170206,True,0.09122302208320399,False,-0.14754678322920933,False,-0.7212070464492875,False,-0.9058298582684773,False
92.23294838518952,21.810048174143816,0.6610180062778942,1.3542157908641381,True,0.47436937554351055,False,-0.21052591765515352,False,-0.5715490073852754,False,-0.9934771349003447,True
92.28294838518951,21.810048174143816,0.654431868670707,1.1872397765733864,True,0.39634184223076013,False,-0.28609403386374516,False,0.9491961755788715,False,-0.9598696638753441,True
92.33294838518952,21.810048174143816,0.6577821594239013,0.7233167482636074,False,0.2628231403150559,False,-0.23315228730804066,False,2.909817130118792,False,-0.8733961524249955,False
92.38294838518952,21.810048174143816,0.7118677071794609,0.2390153765922583,False,0.14442218556070882,False,0.1149968181706173,False,-1.6670766064053977,False,-0.11595173692581676,False
92.43294838518952,21.810048174143816,0.7849685112236463,-0.041244004619871696,False,0.046747795964761044,False,0.28047182966056833,False,-4.7530199176542185,False,0.49926130882128494,False
92.48294838518952,21.810048174143816,0.8136093832563355,-0.30416030674417116,False,-0.018211908727613548,False,0.2831430056094546,False,-4.518899255315945,False,0.7169272803197095,False
92.53294838518951,21.810048174143816,0.8246853429202126,-0.5122712359454435,False,-0.06770647923698454,False,0.2777830701808213,False,-3.9519902434284098,False,0.8645292098806135,True
89.08294838518952,21.76004817414381,0.6134071549957171,1.0944757146365678,True,0.02762542390232675,False,0.0890960128253061,False,2.7378864306752404,False,-0.047697443590071775,False
89.23294838518952,21.76004817414381,0.6690970493768075,1.158743760824411,True,0.13710528135131456,False,0.13332905407825757,False,4.576941213256945,True,-0.3374004839161069,False
89.28294838518953,21.76004817414381,0.6892979301864344,1.1700643298318207,True,0.1994852802391569,False,0.1415218421069302,False,4.827261853232686,True,-0.40935682719521543,False
89.38294838518952,21.76004817414381,0.7167867748754607,1.1478391705335658,True,0.30237483331848114,False,0.21278962517188604,False,4.343144598208143,True,-0.4525610478927963,False
89.43294838518952,21.76004817414381,0.7122810373247023,1.117726704995871,True,0.3258446164464622,False,0.2838159376513911,False,3.469810372408902,False,-0.43822129152463996,False
89.58294838518952,21.76004817414381,0.6608824730061583,1.0851173366588451,True,0.3480307044744886,False,0.49337254197654157,False,-0.27717845872031166,False,-0.6108215235234239,False
89.63294838518952,21.76004817414381,0.6955880533579315,0.9705434323305662,True,0.14195735037461532,False,0.5001494252811973,False,-0.6896188190013518,False,-0.6281280460328156,False
91.93294838518952,21.76004817414381,0.9180888709341645,1.7104450394984925,True,0.48166659447740123,False,-0.9311841519655591,True,-0.4557955369612827,False,0.8082133484582879,False
91.98294838518952,21.76004817414381,0.9107842325491733,1.6139843010629844,True,0.17923230929673162,False,-0.7323117169668472,True,-0.4202368916620054,False,0.8552947328357207,False
92.03294838518951,21.76004817414381,0.8859629939517897,1.4469802636951827,True,-0.34894336122083175,False,-0.5600161325895248,False,0.04422004283022857,False,0.9475201205320632,False
92.08294838518952,21.76004817414381,0.8267571627978856,1.3994782767802638,True,-1.2069708183747665,False,-0.3369392981550681,False,1.1719205788874827,False,0.5596396969399657,False
92.13294838518952,21.76004817414381,0.69594526917763,1.2729166322263965,True,-1.1034932934992885,False,-0.20955483254411023,False,1.4589670282008056,False,-0.08532115828974177,False
92.18294838518952,21.76004817414381,0.6034196198586035,1.155448451621277,True,-0.6628707560605311,False,-0.20127488485165848,False,1.2583532229301029,False,-0.4886007050141442,False
92.23294838518952,21.76004817414381,0.5828810581099874,1.0325658211727535,True,-0.04801856582610363,False,-0.28716751924301104,False,0.9339832078020123,False,-0.6456460118147712,False
92.28294838518951,21.76004817414381,0.5750390198901671,1.079529348957747,True,0.1460200893159074,False,-0.33691681950131547,False,1.2395031812883948,False,-0.668754382867629,False
92.33294838518952,21.76004817414381,0.5895578806764517,1.0126939108399546,False,0.1294757450058742,False,-0.3074891282821429,False,2.339296524568504,False,-0.6825698093813469,False
92.38294838518952,21.76004817414381,0.6126922261504936,0.6841006747085705,False,-0.013775827050798668,False,-0.055159856151084895,False,0.0751837701583224,False,-0.32597976315538846,False
92.43294838518952,21.76004817414381,0.7151312893705364,0.160227522541944,False,-0.07510213647685866,False,0.19095803902680028,False,-3.0235782544480383,False,0.2055528147463896,False
92.48294838518952,21.76004817414381,0.774088167599125,-0.26961640780698165,False,-0.0977698262975968,False,0.2663126148368453,False,-3.7003606581705872,False,0.5332984033542154,False
89.23294838518952,21.71004817414381,0.6946999497468297,1.132080195046613,True,0.11838432810017466,False,0.1291005967870939,False,4.653899752062049,True,-0.3561577918202201,False
89.28294838518953,21.71004817414381,0.7194936194737953,1.1496860782884446,True,0.18399679367888616,False,0.13171312037078492,False,4.8650741385157845,True,-0.43500092094569026,False
91.93294838518952,21.71004817414381,0.91332532110387,1.5923752636736492,True,0.46145286504913363,False,-0.938262441189923,True,0.07416195171808182,False,0.6938319567224408,False
92.08294838518952,21.71004817414381,0.8111888231345359,1.0095512863789255,True,-1.4540072295407407,False,-0.3042198791766405,False,3.4577734846961246,False,0.18718696544391156,False
92.13294838518952,21.71004817414381,0.6231312963238759,0.6746026695914408,False,-1.1811397427698145,False,-0.2914030370901026,False,2.9908165990376863,False,0.11086903067709328,False
92.18294838518952,21.71004817414381,0.4773299689601686,0.5079099177807754,False,-0.8172991670790379,False,-0.3185044315418008,False,2.966125970795534,False,-0.1320422421293428,False
92.23294838518952,21.71004817414381,0.46554943422460626,0.44359257791737294,False,-0.44287279968142634,False,-0.3741508661800767,False,2.9153217095515664,False,-0.26755613802079314,False
92.28294838518951,21.71004817414381,0.4837861630043266,0.6296157628164676,False,-0.12264293174484026,False,-0.3678152956525772,False,1.8604207042509775,False,-0.2775406483452392,False
92.33294838518952,21.71004817414381,0.5181272407938726,0.8459353949659763,False,-0.0432366301496919,False,-0.27716265658143563,False,0.7039186092499128,False,-0.25067119803236126,False
92.38294838518952,21.71004817414381,0.5336736290886442,0.7025985948538052,False,-0.09547052082808928,False,-0.10338261295094753,False,-0.9227561360914647,False,-0.10943588159051466,False
92.43294838518952,21.71004817414381,0.5341186183249571,0.4821645580098975,False,-0.12447794679569886,False,0.05452692504200473,False,-1.6999879032066862,False,-0.024706411532621056,False
89.23294838518952,21.66004817414381,0.7177971199681297,1.117546623618273,True,0.11508926141308454,False,0.11866185934137574,False,4.774427347237847,True,-0.388332896043385,False
91.93294838518952,21.66004817414381,0.9116957990867388,1.4219035139297747,True,0.0009655719562811083,False,-0.7890659985311843,True,1.1591796751250794,False,0.6909279704067318,False
92.08294838518952,21.66004817414381,0.8080745431839497,0.7730959861194238,False,-0.9438269640768568,False,-0.30028864284059686,False,2.2849354614067323,False,0.6421457446982726,False
92.13294838518952,21.66004817414381,0.5991789575839495,0.3656754477386478,False,-1.1844916507943217,False,-0.2721106735183184,False,2.131729821667701,False,0.7743952694991414,False
92.18294838518952,21.66004817414381,0.36850168861743515,0.07711232158187498,False,-0.8364374408631998,False,-0.301797808741024,False,3.427666287299382,False,0.18164234979495147,False
92.23294838518952,21.66004817414381,0.3390058542466879,0.0655687659148764,False,-0.5602374307397524,False,-0.2904113956380565,False,2.9901936805386216,False,0.08457654627646821,False
92.28294838518951,21.66004817414381,0.4085321097433078,0.31994161345568883,False,-0.3998176349724504,False,-0.2741600788381045,False,1.14010805000393,False,0.20882187037826944,False
92.33294838518952,21.66004817414381,0.48090686780393443,0.4510960132134181,False,-0.18032839778139503,False,-0.21392815004171292,False,-0.4967943297534307,False,0.13972677914035098,False
92.38294838518952,21.66004817414381,0.5156370047660155,0.44192984238898814,False,-0.12197308352634054,False,-0.13687791080532097,False,-1.6940838870376047,False,0.14108086316049195,False
92.43294838518952,21.66004817414381,0.44965480650650497,0.312122510737439,False,-0.10853726730606608,False,-0.07395552500413424,False,-1.9858449308203647,False,0.12379727335054082,False
92.48294838518952,21.66004817414381,0.41580156773455323,0.18662560607845163,False,-0.11525961622165454,False,-0.031267911054786,False,-1.635460343945172,False,0.10458433928164004,False
92.53294838518951,21.66004817414381,0.40655127534862173,0.05901751288171517,False,-0.12080874641356551,False,0.023917961722188186,False,-1.2768126907908977,False,0.08120439829310702,False
92.58294838518952,21.66004817414381,0.5002816712454144,-0.1363246537776845,False,-0.12783185723540924,False,0.10120269269433337,False,-0.784031586161164,False,0.1674561498321676,False
91.93294838518952,21.610048174143813,0.9117799252148806,1.6788193101319218,True,-0.5540782243450282,False,-0.515341415090999,False,2.0476856329713926,True,0.5013537898181892,False
91.98294838518952,21.610048174143813,0.9006832502278438,1.7789545876241255,True,-0.7623187709783824,False,-0.28431244559673124,False,2.353809749488616,True,0.2547709490429683,False
92.08294838518952,21.610048174143813,0.799685055105869,0.8980830328777684,False,-0.9641336784253794,False,-0.06389319525605167,False,0.16450745770946554,False,1.2624148034050655,False
92.13294838518952,21.610048174143813,0.6605376980977599,0.3493023180805105,False,-1.3873959401595557,True,-0.09335692786863227,False,-1.0561912087591585,False,1.7995070069087178,True
92.18294838518952,21.610048174143813,0.42768437991292696,0.09099149569441525,False,-1.0399533479682748,False,-0.2012154629807122,False,1.0354304899354165,False,0.9777940727158383,False
92.23294838518952,21.610048174143813,0.25682975778585376,-0.10171322217346468,False,-0.6428073425308982,False,-0.14815030474837992,False,1.6046756999692948,False,0.44183794762609135,False
92.28294838518951,21.610048174143813,0.37687292665902744,0.048379907028054524,False,-0.5771787076763475,False,-0.12669505007126278,False,0.17346478855293568,False,0.5264856843884871,False
92.33294838518952,21.610048174143813,0.48029402963482837,0.09129838697388405,False,-0.265043158384612,False,-0.13286802487843122,False,-1.000866484842102,False,0.363371952719719,False
92.38294838518952,21.610048174143813,0.5213209566153088,0.14225954874749142,False,-0.12343891558561845,False,-0.1379465682715674,False,-1.9592914832416592,False,0.3144976884714338,False
92.43294838518952,21.610048174143813,0.4627870234324981,0.08295696376981034,False,-0.08513375044797437,False,-0.11837353232435802,False,-1.9455345044802728,False,0.24697131314161538,False
92.48294838518952,21.610048174143813,0.3893420169126833,-0.00949794017195494,False,-0.08643602992342998,False,-0.0999322750896703,False,-1.4914802129252078,False,0.16830957380726383,False
92.53294838518951,21.610048174143813,0.2951539581731685,-0.05889375413587172,False,-0.09100343393493392,False,-0.07123320337281389,False,-1.0976258037406894,False,0.045574547309564645,False
92.58294838518952,21.610048174143813,0.2945410124645101,-0.11954253637049997,False,-0.11212220014370458,False,-0.015668249405623058,False,-0.43507161853107557,False,-0.015394430870813908,False
91.93294838518952,21.560048174143816,0.9029863245072616,1.9811626682349708,True,-0.8653292253471669,False,-0.2888456728326637,False,2.5993647039851098,True,0.32302509772246235,False
91.98294838518952,21.560048174143816,0.8919815106727895,1.9015927172355653,True,-0.9667660964663708,False,-0.14747719538098356,False,2.2563231055563513,False,0.4509183638437616,False
92.03294838518951,21.560048174143816,0.8663983013870727,1.6295928239006383,True,-1.0886707799313133,True,-0.007560312239674544,False,1.29677818284767,False,0.8583119829151251,False
92.08294838518952,21.560048174143816,0.8107390828736554,1.0912523746522158,True,-1.300562325354392,True,0.07781810478872904,False,-0.6162956898914521,False,1.6001669615114116,False
92.13294838518952,21.560048174143816,0.7159948985161741,0.5111974121359443,False,-1.5521744433512252,True,-0.002356503026185515,False,-2.1143094056229,False,2.1619426525077285,True
92.18294838518952,21.560048174143816,0.522732401536387,0.18366148362256707,False,-1.252696536174779,True,-0.17365349404007346,False,-0.11674460536926445,False,1.4657712731900394,False
92.23294838518952,21.560048174143816,0.2524487398062993,-0.11323501909668052,False,-0.7469742523074534,False,-0.11494864598660695,False,0.3189491249095616,False,0.7724937767275244,False
92.28294838518951,21.560048174143816,0.34469488692314326,-0.19529092714621002,False,-0.614428109440714,False,-0.025470170970322913,False,-1.2032950914644251,False,0.7018506836810369,False
92.33294838518952,21.560048174143816,0.47751526741607203,-0.20585416437188653,False,-0.3699751875830959,False,-0.010739813735165513,False,-1.306206893252925,False,0.4876280132960604,False
92.38294838518952,21.560048174143816,0.5073881954233128,-0.153130430043293,False,-0.17158505552576525,False,-0.06855776231364757,False,-1.826721583082184,False,0.39915364025824895,False
92.43294838518952,21.560048174143816,0.46716219311369994,-0.1830280037217221,False,-0.0694427314768059,False,-0.09746285654162798,False,-1.8851450927424163,False,0.3314240541901725,False
92.48294838518952,21.560048174143816,0.4083278188016845,-0.24584947127795698,False,-0.06991609275387538,False,-0.1014889055890151,False,-1.297737170011778,False,0.20942114778908671,False
92.53294838518951,21.560048174143816,0.3510378965002262,-0.30080602221572356,False,-0.09721176181827451,False,-0.08505367197543695,False,-0.45673484929302954,False,0.09108083278523979,False
92.58294838518952,21.560048174143816,0.3186336247633036,-0.3457298887273941,False,-0.12203151536641083,False,-0.05615973690323811,False,0.28936361204823496,False,0.0007362135908000195,False
91.88294838518952,21.51004817414381,0.9008745232361194,2.0266652666583513,True,-0.8251278058421699,False,-0.3812632590255786,False,2.6387898397440757,True,0.46659810198877993,False
92.03294838518951,21.51004817414381,0.8492872382917965,1.8197092290390788,True,-0.9467863072572342,False,-0.1266609907103328,False,2.2267030044921188,False,0.5498031821696505,False
92.08294838518952,21.51004817414381,0.8027553262923923,1.4995057830758918,True,-0.917873599511614,False,-0.11901928704629489,False,2.178530296803365,False,0.5806870097874803,False
92.13294838518952,21.51004817414381,0.7225581295685644,1.0718152278606923,True,-1.1073393761433654,False,-0.14259934787112089,False,1.7092334404826932,False,0.900155686661309,False
92.18294838518952,21.51004817414381,0.5440134925260635,0.5254676415872744,False,-1.0972566984363177,True,-0.23455351942866476,False,1.8889926191382278,False,0.8776041913255825,False
92.23294838518952,21.51004817414381,0.2473539921629306,0.13689345679291073,False,-0.6783973314693839,False,-0.15731373846115926,False,2.265354840623099,False,0.37819216890998136,False
92.28294838518951,21.51004817414381,0.28498080339259096,-0.11443521051269695,False,-0.6059507893301329,False,-0.01335825543299611,False,-0.8024816337152715,False,0.5476465260728984,False
92.33294838518952,21.51004817414381,0.42642392909463356,-0.21090864729868153,False,-0.46441674967201607,False,0.04113174283096194,False,-1.9569897614056204,False,0.3943127014486543,False
92.38294838518952,21.51004817414381,0.46667904284178374,-0.3252911177086384,False,-0.29988374648783106,False,0.017574598495931272,False,-2.2004653704368176,False,0.335799930414193,False
92.43294838518952,21.51004817414381,0.4539248352914171,-0.37039916197299805,False,-0.12727180041696284,False,-0.06093773990853707,False,-1.8005978457440521,False,0.2718447143170748,False
92.48294838518952,21.51004817414381,0.4121324649392753,-0.450974112665935,False,-0.10632402557062269,False,-0.06981433811413837,False,-0.8712174630824242,False,0.18434579883186641,False
92.53294838518951,21.51004817414381,0.37715469033430316,-0.5185456635310998,False,-0.121639621118297,False,-0.061710932625782866,False,0.10484112249810768,False,0.1113144245131591,False
92.58294838518952,21.51004817414381,0.35351878788022423,-0.5454859954558511,False,-0.13175050064173724,False,-0.05624947648197123,False,0.7239207095899397,False,0.047360987568274476,False
91.98294838518952,21.46004817414381,0.8577994942317433,1.8220647886440497,True,-0.7843743717485708,False,-0.3589920887827928,False,2.147035826015616,False,0.650891702637007,False
92.03294838518951,21.46004817414381,0.8281020225156297,1.7023583484172466,True,-0.7294132254937793,False,-0.3214393846635497,False,2.320938890360101,False,0.5035799903393045,False
92.08294838518952,21.46004817414381,0.7735296431567036,1.4703745809395672,True,-0.5431430860997134,False,-0.2781270456049423,False,2.6907101683878354,False,0.34314509693116046,False
92.13294838518952,21.46004817414381,0.6949710749259627,1.1734228021057573,True,-0.5967899596614875,False,-0.2637039504448256,False,3.0610698715368123,False,0.17855219585406673,False
92.18294838518952,21.46004817414381,0.5363915984287768,0.7749116938000921,False,-0.6921117223958148,False,-0.27093115237190646,False,2.9686029299370755,False,0.19894271475341577,False
92.23294838518952,21.46004817414381,0.2366417967223408,0.31034966621781085,False,-0.553457935447021,False,-0.15945133877535977,False,2.50905075531977,False,0.14272555569525386,False
92.28294838518951,21.46004817414381,0.245104246810674,0.0907097882950097,False,-0.542774279994919,False,-0.03223383011096988,False,-0.06782522053254048,False,0.2703552476217174,False
92.33294838518952,21.46004817414381,0.34379774459120416,-0.08896307505967457,False,-0.45164560796879155,False,0.02663948127550412,False,-2.3375882019033365,False,0.2630786575659677,False
92.38294838518952,21.46004817414381,0.4130931762267316,-0.29643283421055056,False,-0.30007145014035774,False,0.000977164932735551,False,-3.3953766673301584,False,0.21515778984576003,False
92.43294838518952,21.46004817414381,0.42040271462004297,-0.4821700966206845,False,-0.1760726283455543,False,-0.04898656418075356,False,-2.5680060131069506,False,0.16701442352622164,False
92.48294838518952,21.46004817414381,0.4018319337647864,-0.5800082834885165,False,-0.13642672492317945,False,-0.042301016097066754,False,-0.7218148653491416,False,0.17185533533436512,False
92.53294838518951,21.46004817414381,0.38358026140894,-0.647316363778704,False,-0.12905446019654415,False,-0.044810543042738904,False,0.2258633686641744,False,0.13080224973760315,False
92.58294838518952,21.46004817414381,0.36839697292484364,-0.6737824103173765,False,-0.12993893244136623,False,-0.047656572072171485,False,0.8073796722483126,False,0.08699989776622523,False
92.03294838518951,21.41004817414381,0.7981778093387991,1.385061443924398,True,-0.527927969441579,False,-0.497601426606432,False,1.132500795003971,False,0.7998737717922627,False
92.08294838518952,21.41004817414381,0.7254164583940447,1.11579639242376,True,-0.1404853322763537,False,-0.36722584692962434,False,1.0866023666577065,False,0.580399501187107,False
92.13294838518952,21.41004817414381,0.6391066431138542,0.8247643664898129,False,-0.025538484919777338,False,-0.21017482012115885,False,1.149520536688983,False,0.31714337630363754,False
92.18294838518952,21.41004817414381,0.5011576837711236,0.6354323551635938,False,-0.2633431778941909,False,-0.15586713845081038,False,0.8810300150990176,False,0.20307183401510975,False
92.23294838518952,21.41004817414381,0.3212159393319813,0.41291437313823875,False,-0.4408524176115504,False,-0.07769838048780293,False,0.47592161930774024,False,0.16809503189675534,False
92.28294838518951,21.41004817414381,0.27663391345810734,0.26104574310657447,False,-0.5127077492394985,False,-0.008798541979282495,False,-0.8026567147193854,False,0.18967761710070008,False
92.43294838518952,21.41004817414381,0.3856128080283218,-0.5286458234187218,False,-0.16658559825537786,False,-0.025235147910388375,False,-2.91203168229323,False,0.1421470001134547,False
92.48294838518952,21.41004817414381,0.3835753713424408,-0.6626921566481032,False,-0.13649711745258117,False,-0.029648830266801943,False,-0.9414412262763737,False,0.15710791098969348,False
92.53294838518951,21.41004817414381,0.3762299636252613,-0.7207846704343328,False,-0.12489708992744121,False,-0.035277394296046,False,0.1166853346242519,False,0.13634914377964094,False
92.58294838518952,21.41004817414381,0.3694940415279162,-0.6961817630973943,False,-0.12314380712477799,False,-0.036177436139887637,False,0.5696454624945263,False,0.11717494383123704,False
92.63294838518952,21.41004817414381,0.36144121089005,-0.7432295368716125,False,-0.12340944659263828,False,-0.043697830979904165,False,1.0806302010541082,False,0.07767405343689154,False
92.03294838518951,21.360048174143813,0.7545163474687749,1.081807826590092,True,-0.3843836678099773,False,-0.6190522851780276,True,0.2838455691835726,False,0.9393776810014163,True
92.08294838518952,21.360048174143813,0.6592384741491792,0.798869413136795,True,0.10517024714681446,False,-0.43439591443608944,False,-0.5074765227078856,False,0.7551631980659341,False
92.13294838518952,21.360048174143813,0.5703597428066176,0.5346779169167997,False,0.2576989292523834,False,-0.18202751042920504,False,-0.6821087352715572,False,0.5010646536584596,False
92.18294838518952,21.360048174143813,0.4269534021084099,0.3333219082174122,False,0.30384410151387564,False,0.026587242663296443,False,-1.1446594020182403,False,0.27462346515546154,False
92.23294838518952,21.360048174143813,0.3173733539911552,0.3331922785575381,False,-0.13450534129756775,False,0.09248094715548327,False,-1.2693200842368306,False,0.12483789976817396,False
92.48294838518952,21.360048174143813,0.36975513248412123,-0.6589872210013128,False,-0.1168246018497656,False,-0.010239488717656953,False,-1.5498785459449274,False,0.14446291738252362,False
92.53294838518951,21.360048174143813,0.3666063583314161,-0.8280500005123175,False,-0.1064609173551755,False,-0.02792602492921814,False,-0.058488116220121955,False,0.137298008731765,False
92.58294838518952,21.360048174143813,0.3627688795369759,-0.8288816907784919,False,-0.1093480289651865,False,-0.03614118698775659,False,0.6481823426482165,False,0.11275060022337632,False
92.08294838518952,21.310048174143816,0.5889178005036467,0.6472887943637392,False,0.06950711042958997,False,-0.4511297683882284,False,-1.366078101120485,False,0.8308263427501581,True
92.13294838518952,21.310048174143816,0.5024588973143357,0.43797020828165806,False,0.18350068247385024,False,-0.21351079499678494,False,-1.9717429312316876,False,0.6375723347275679,False
92.18294838518952,21.310048174143816,0.40368974230615334,0.31332537342112565,False,0.10794001070396876,False,-0.015001277240153987,False,-2.4664896302927892,False,0.4408358653446974,False
92.58294838518952,21.310048174143816,0.3594948767954857,-0.7412848650932791,False,-0.09623370346787312,False,-0.015566795349467921,False,0.011577056438834776,False,0.10571166797857015,False
92.08294838518952,21.26004817414381,0.5291819039685035,0.585451154086384,False,-0.010840449991678644,False,-0.4398384919225342,False,-2.4353895318843555,False,0.8885548547971223,True
92.13294838518952,21.26004817414381,0.4729256103370992,0.44614930160122185,False,0.023092841217583593,False,-0.2409517663412957,False,-3.1537509044997996,False,0.7202751953578863,True
92.18294838518952,21.26004817414381,0.4297549513916525,0.36558580314009137,False,-0.15068411813739307,False,-0.04487333329004621,False,-3.581829751442809,False,0.5336702530835215,False
92.08294838518952,21.21004817414381,0.5308594633368341,0.6611416203797741,False,-0.26651159922777923,False,-0.44829881931863225,False,-3.3569431081848142,False,0.8595858199147688,True
92.13294838518952,21.21004817414381,0.5118980541422135,0.577408809108754,False,-0.33306317263897917,False,-0.28379020272295213,False,-3.8820800801800956,False,0.7040746745077657,True
92.18294838518952,21.21004817414381,0.5147905607011491,0.5220630388901667,False,-0.5526883483077158,False,-0.10618737386305555,False,-4.108273831397945,False,0.5063467097241048,False
92.08294838518952,21.16004817414381,0.5784991965407366,0.721962876171237,True,-0.5036507145431762,False,-0.3992386963622462,False,-3.931214061207414,False,0.8046726809147337,True
92.13294838518952,21.16004817414381,0.5981879680179905,0.6615779222801065,True,-0.6314735176712265,False,-0.27201469002563977,False,-3.9292651351972596,False,0.6365109610854094,False
92.18294838518952,21.16004817414381,0.6041448902516191,0.5874370178253778,False,-0.7206526436641844,False,-0.11180341298490608,False,-4.441413622502284,False,0.4638643409233734,False
92.13294838518952,21.110048174143813,0.6490212884868313,0.676084104970492,True,-0.6978503665355605,False,-0.2449547090598448,False,-4.3086044832576835,False,0.5876921431453819,False
92.18294838518952,21.110048174143813,0.6471265780500003,0.5932364451966252,False,-0.6975712537689192,False,-0.07200300326587192,False,-5.422344035930067,True,0.41527415016448493,False
92.18294838518952,21.060048174143816,0.6813481052607624,0.5977422362823654,False,-0.7033324092340236,False,-0.0673110285756629,False,-5.614886725912894,True,0.3715745577347873,False
92.23294838518952,21.060048174143816,0.6898721504071165,0.5441574685848176,False,-0.69444937362683,False,0.04088794645612154,False,-6.350601280165532,True,0.2558685318941579,False
92.23294838518952,21.01004817414381,0.7057436550649402,0.54771944892543,False,-0.6648950321981427,False,0.03544994578926125,False,-6.587400246358623,True,0.2290408754105414,False
92.23294838518952,20.96004817414381,0.7157446693124611,0.550384387473104,False,-0.6436245611469578,False,0.031244859490246524,False,-6.73570737435025,True,0.2084896209032462,False
92.23294838518952,20.91004817414381,0.721419102058398,0.5513879345189876,False,-0.6229425130412392,False,0.032146339588643325,False,-6.9012689298196435,True,0.1899708374455998,False
92.28294838518951,20.860048174143813,0.7338177591863282,0.5286880287096932,False,-0.5779540321867674,False,0.06740173478253592,False,-7.377152930530697,True,0.13191212546779785,False
