lon,lat,PC1,PC2,PC3
88.38294838518952,26.560048174143816,1.6762316421896755,-1.5617879480578318,-1.2082049417531475
88.43294838518952,26.560048174143816,1.7762607487589281,-1.5134609152801464,-1.4610985356354478
88.38294838518952,26.51004817414381,1.7789868885022193,-1.9258450424510518,-1.3092252595671305
88.43294838518952,26.51004817414381,1.9109109979465804,-1.4444108892172784,-1.448041976419204
88.48294838518952,26.51004817414381,1.6805212956590567,-1.3290562926631782,-1.312443387127381
88.48294838518952,26.46004817414381,1.6962417380615364,-1.5121716231363922,-0.9582760640763777
88.53294838518953,26.46004817414381,1.5938003411505517,-1.7272447534306041,-1.2873547806333188
88.58294838518952,26.46004817414381,1.6784219038447117,-1.8814507797397217,-1.42668615375962
88.53294838518953,26.41004817414381,2.180247567406753,-1.4695954047034097,-1.211816857862803
88.58294838518952,26.41004817414381,1.9034174404709023,-1.7433009858096142,-1.0883756916349556
88.63294838518952,26.41004817414381,1.738756695589339,-2.0747337147005482,-1.076343871444039
88.93294838518952,26.41004817414381,2.2984439636688587,-1.3116028671880202,-0.7689604241894833
88.98294838518952,26.41004817414381,1.9664858286261602,-1.866825155979106,-0.7772719816420938
89.03294838518953,26.41004817414381,1.7796449290228762,-2.1528374429364665,-0.8613102502634087
88.48294838518952,26.360048174143817,2.341317422549963,-1.365714096207515,-1.040646072694332
88.53294838518953,26.360048174143817,2.25456928690227,-1.1926091224281314,-0.9438934348667924
88.58294838518952,26.360048174143817,2.074264595474648,-1.7503437032212947,-1.0375027784049995
88.63294838518952,26.360048174143817,2.1257510245722,-1.8395824223530777,-0.9485477244482312
88.68294838518952,26.360048174143817,2.2101882517990346,-1.6839575636786448,-1.0417173635277357
88.93294838518952,26.360048174143817,2.1797693117973536,-1.7161682380049381,-0.8427300849241841
88.98294838518952,26.360048174143817,1.8923149378106685,-1.859667821156587,-0.9022021616926567
89.03294838518953,26.360048174143817,1.8273360186089733,-1.9953355052836226,-0.7822051431809932
89.08294838518952,26.360048174143817,2.2413867818013533,-1.9365920725211874,-0.8815901908491652
88.38294838518952,26.310048174143816,2.0119820539458035,-1.5995407438274196,-1.1188496063550517
88.43294838518952,26.310048174143816,2.2026073338633756,-1.503662036006564,-1.132626483557198
88.48294838518952,26.310048174143816,2.41519774459841,-1.476571033273364,-0.9521678004985479
88.53294838518953,26.310048174143816,2.4744727654371643,-1.4363041617535066,-0.6659600219383816
88.58294838518952,26.310048174143816,2.1995764683984746,-1.6225876082640036,-0.5676459989169118
88.63294838518952,26.310048174143816,2.3621620846328133,-1.7103710840710138,-0.7778652970699712
88.68294838518952,26.310048174143816,2.2198071800765207,-1.5979311014182878,-1.091847640503761
88.73294838518952,26.310048174143816,1.7847260678290844,-1.7591692989820296,-0.9023545457021845
88.78294838518953,26.310048174143816,2.0076961811551595,-1.856674244922813,-0.9226888435389706
89.03294838518953,26.310048174143816,2.087005198644902,-1.9649683824737856,-0.868945549792808
89.08294838518952,26.310048174143816,2.3117736617817286,-1.9624548307051954,-0.7928103766534795
89.13294838518952,26.310048174143816,2.27171352566653,-1.6800732619445355,-1.0537037844341106
88.38294838518952,26.26004817414381,2.2413770758485194,-1.5695472424875039,-0.8635294977769511
88.43294838518952,26.26004817414381,2.1963444276189636,-1.586568411435205,-1.0572437695247767
88.48294838518952,26.26004817414381,2.2596107029473758,-1.5721536982601743,-1.0197964327924032
88.53294838518953,26.26004817414381,2.06996929366891,-1.6722275469554833,-0.5961192571028037
88.58294838518952,26.26004817414381,2.056288034830093,-1.8154348761784158,-0.7742787493557451
88.63294838518952,26.26004817414381,2.193602087895603,-1.6599142397403197,-0.8788226805077392
88.68294838518952,26.26004817414381,1.9539133592403115,-1.619378230972668,-0.8708614458839832
88.73294838518952,26.26004817414381,1.7316502403523026,-2.0463252617423997,-0.5058414372259631
88.78294838518953,26.26004817414381,1.582158939110948,-2.375983109138329,-0.466467917405091
88.83294838518952,26.26004817414381,1.8685710405411227,-2.3743144232594444,-0.8458592581623731
88.88294838518952,26.26004817414381,1.8499104497432997,-2.630882809073726,-0.7668314751595451
88.93294838518952,26.26004817414381,2.4281626346439937,-3.02179054398463,-0.16996607823720883
89.08294838518952,26.26004817414381,2.175656970384859,-2.124725011039569,-0.8611191193559247
89.13294838518952,26.26004817414381,2.1704533985674566,-2.1581377984094714,-0.8196985376778219
88.33294838518952,26.21004817414381,2.361199483468841,-1.6033780266503024,-1.0521607458753042
88.38294838518952,26.21004817414381,1.996580936903681,-1.7944872236025846,-0.8170707333388049
88.43294838518952,26.21004817414381,2.2810209083539177,-1.6329888587455288,-0.8432069568804428
88.48294838518952,26.21004817414381,2.423910283254972,-1.4714346001281797,-0.8854146376816788
88.53294838518953,26.21004817414381,2.1490103973202492,-1.7477729127260824,-0.4613461138300699
88.58294838518952,26.21004817414381,2.0101110470115797,-1.9564222635404978,-0.39505274289215053
88.63294838518952,26.21004817414381,1.9067303977934582,-1.9533582285939086,-0.5817088698059447
88.68294838518952,26.21004817414381,2.047342111417261,-1.9188046764657956,-0.3267136598909427
88.73294838518952,26.21004817414381,2.079150049695982,-2.2360869135239625,-0.4450183048791931
88.78294838518953,26.21004817414381,1.7845477534820586,-2.4116986320184775,-0.6097914948642608
88.83294838518952,26.21004817414381,1.7018551721664112,-2.6376581204079472,-0.6388347124641504
88.88294838518952,26.21004817414381,1.7241771278028428,-2.569512196956428,-0.7642823485595737
88.93294838518952,26.21004817414381,2.0967941839056503,-2.6681384610436716,-0.5236728005079525
88.98294838518952,26.21004817414381,2.809168471763225,-2.4488506838177515,-0.2966965635009788
89.03294838518953,26.21004817414381,2.350498494899537,-2.741468769727562,-0.5969110878516952
89.08294838518952,26.21004817414381,1.8499370197722642,-2.68022600622407,-0.7153945093785468
89.13294838518952,26.21004817414381,1.8652598941371372,-2.3744569899372303,-0.7697266932491797
89.68294838518952,26.21004817414381,0.8355579615339338,-2.6078677252028575,0.1358003699842291
88.23294838518952,26.16004817414381,2.8344902205471967,-1.3967253685643113,-0.7960831275363298
88.28294838518953,26.16004817414381,2.356551944221261,-1.6897534491787374,-0.791737399954329
88.33294838518952,26.16004817414381,2.246195111644338,-1.5333258513747263,-0.7883961981052647
88.38294838518952,26.16004817414381,2.148983584598848,-1.7680008533585843,-0.7792939813864713
88.43294838518952,26.16004817414381,2.7271234236305206,-1.2628354196929485,-1.1148459990850443
88.48294838518952,26.16004817414381,2.634592709381306,-1.548392373722499,-0.7595616570600893
88.53294838518953,26.16004817414381,2.4692963476671212,-1.6834022994387934,-0.8334806575692655
88.58294838518952,26.16004817414381,2.0374753588926904,-1.8158208368886537,-0.5358981578200102
88.63294838518952,26.16004817414381,2.0041961312943544,-2.058248972665535,-0.1887965217519167
88.68294838518952,26.16004817414381,2.194996144000521,-2.1081861006525227,-0.17025887561712758
88.73294838518952,26.16004817414381,2.3763035052721473,-2.1334338402304116,-0.4884294259368012
88.78294838518953,26.16004817414381,2.2571802780082444,-2.2975769424421504,-0.4501998166489317
88.83294838518952,26.16004817414381,1.9585100207332997,-2.592852975836196,-0.09590167349015691
88.88294838518952,26.16004817414381,1.7669482930250375,-2.6321071812480805,-0.24618349237338893
88.93294838518952,26.16004817414381,1.9718747691450897,-2.5785063497140284,-0.21998237700282794
88.98294838518952,26.16004817414381,2.1452623639416983,-2.476760657383576,-0.2818013283217523
89.03294838518953,26.16004817414381,2.3037670754475927,-2.714574647431047,0.09796330958986386
89.08294838518952,26.16004817414381,2.848654260031094,-2.333734502151752,-0.08866356136067885
89.13294838518952,26.16004817414381,2.1509955081939247,-2.388519860194034,-0.5572624812455191
89.63294838518952,26.16004817414381,0.6107464103597549,-2.419310072719416,0.18365350654548904
89.68294838518952,26.16004817414381,0.7883135843590071,-2.9398364679000637,0.28127739801709895
89.73294838518952,26.16004817414381,1.0562541896653215,-2.5132510684449683,0.31958206282174434
88.18294838518952,26.110048174143817,3.3950817409361274,-1.015921489028883,-0.8389026828326797
88.23294838518952,26.110048174143817,2.821411524472982,-1.5683229643957866,-0.4985179900733223
88.28294838518953,26.110048174143817,2.8111017094841446,-1.2339454899812026,-0.8643319083636251
88.33294838518952,26.110048174143817,2.4705525567407745,-1.2976697887641537,-0.948909816008977
88.38294838518952,26.110048174143817,2.596463210403466,-1.3295913360148721,-1.1445695647414926
88.43294838518952,26.110048174143817,2.9232968390587453,-1.2019348770247391,-0.9363484199900204
88.48294838518952,26.110048174143817,2.642880258223619,-1.7141265805622,-0.5947217814218053
88.53294838518953,26.110048174143817,2.3832588921859643,-1.5741046064843955,-0.9303255985608361
88.58294838518952,26.110048174143817,2.5421192195790994,-1.5970715538309657,-0.8231967031654621
88.63294838518952,26.110048174143817,2.1836978444405375,-2.050166459102469,-0.019037698839982874
88.68294838518952,26.110048174143817,2.462195663585684,-2.0574484288127204,-0.1720056239050198
88.73294838518952,26.110048174143817,2.803705230663078,-1.7675697304731595,-0.37759774968223947
88.78294838518953,26.110048174143817,2.7505257046354217,-1.8943548855433987,-0.48194305590254904
88.83294838518952,26.110048174143817,2.3934625277575887,-2.2434256744444214,-0.12965575988850067
88.88294838518952,26.110048174143817,2.096253136863175,-2.329878774065147,-0.3526286735409186
88.93294838518952,26.110048174143817,1.8905635503608262,-2.3158106498251723,-0.4058970721733293
88.98294838518952,26.110048174143817,1.8715373966523876,-2.2231359919053664,-0.39107507496429295
89.03294838518953,26.110048174143817,2.2532489387874657,-2.432662364825592,-0.34282495633038695
89.08294838518952,26.110048174143817,3.134097206089983,-2.072296003778126,0.06120609118948496
89.13294838518952,26.110048174143817,2.5775533482890567,-2.3176240649457376,-0.05866348853656469
89.18294838518952,26.110048174143817,1.9877324023180083,-2.187419340906171,-0.20692594924454674
89.23294838518952,26.110048174143817,1.9994249640532857,-2.1531252740432048,-0.40523967235877145
89.63294838518952,26.110048174143817,0.6979404280810677,-2.1977214429398377,0.534678010763868
89.68294838518952,26.110048174143817,0.5871138561157965,-2.475760126466253,0.4918940771547705
89.73294838518952,26.110048174143817,0.9835380187898661,-2.2602658168284826,0.46882634891037506
89.78294838518953,26.110048174143817,1.0094827720327515,-2.118851815848236,0.21047877023331213
88.18294838518952,26.060048174143816,3.461882957959505,-0.8870302085169743,-1.1555666812860883
88.23294838518952,26.060048174143816,3.2142086679028017,-1.4643038177784409,-0.9749336580109291
88.28294838518953,26.060048174143816,3.080951489530975,-1.468861137687953,-0.8963667592036895
88.33294838518952,26.060048174143816,2.3365788910176306,-1.94977653465892,-0.3784626387278828
88.38294838518952,26.060048174143816,2.5646369836512295,-1.7087678706505152,-0.8601816836282725
88.43294838518952,26.060048174143816,2.9666739243858604,-1.0580212953541195,-0.5454341408580805
88.48294838518952,26.060048174143816,2.908975511351395,-0.9330065361248326,-0.64901274042337
88.53294838518953,26.060048174143816,2.4956678844748423,-1.4563411089901415,-0.7585982605557507
88.58294838518952,26.060048174143816,2.281466185221192,-1.8803065266141645,-0.4944944470608818
88.63294838518952,26.060048174143816,2.410917864488397,-1.9110471383936507,-0.26098937747393874
88.68294838518952,26.060048174143816,2.6819816136900987,-1.9146529195008029,-0.15463488636574493
88.73294838518952,26.060048174143816,2.5516157280187577,-1.8672300654981804,-0.3198440487248573
88.78294838518953,26.060048174143816,2.322167932731367,-2.072081263061819,-0.5842670752330233
88.83294838518952,26.060048174143816,2.2880172998601616,-2.155352654974297,-0.26045985905295765
88.88294838518952,26.060048174143816,2.3683209093208935,-2.203845818074324,-0.34841118806802296
88.93294838518952,26.060048174143816,2.1421984780883636,-2.3177272251912258,-0.37529975409292227
88.98294838518952,26.060048174143816,2.0449495199668632,-2.15620431721684,-0.2607646971087466
89.03294838518953,26.060048174143816,2.427964386840029,-1.9693307869574577,-0.28948110643954955
89.08294838518952,26.060048174143816,2.9893475663781364,-1.9675452894138825,-0.37413480053505843
89.13294838518952,26.060048174143816,2.959302115827198,-2.440757280425469,-0.15244381438891588
89.18294838518952,26.060048174143816,2.161367103442753,-2.5468938535285366,-0.351556068484553
89.23294838518952,26.060048174143816,1.7709765101185597,-2.2769637257595425,-0.538898129220007
89.28294838518953,26.060048174143816,1.6989849024158905,-2.124229503616818,-0.37264522214231793
89.63294838518952,26.060048174143816,1.0246189102591545,-2.0860651663951404,0.573019133110188
89.68294838518952,26.060048174143816,0.9307462672215799,-2.2238662839421446,0.5642419676144181
89.73294838518952,26.060048174143816,1.1485275313376073,-2.2518718496898553,0.45956894469856785
89.78294838518953,26.060048174143816,1.0332625721629798,-2.1885506398567847,0.4264520130260399
88.18294838518952,26.01004817414381,3.4842381633054336,-1.1145097998661428,-1.169951065855192
88.23294838518952,26.01004817414381,3.326563399457197,-1.414385672985163,-0.9754589837579272
88.28294838518953,26.01004817414381,3.170436609361508,-1.5786883432934902,-0.9514282319275034
88.33294838518952,26.01004817414381,2.7193791242804957,-1.683891959851855,-1.0031368277857584
88.38294838518952,26.01004817414381,2.7109599192250395,-1.5795822774546124,-0.9845123386066338
88.43294838518952,26.01004817414381,3.021048110795461,-1.3463777205808003,-0.7714473512295953
88.48294838518952,26.01004817414381,3.2172873069577386,-1.1595703220137163,-0.6791343036330963
88.53294838518953,26.01004817414381,2.3375284837464236,-1.9783833392371883,-0.41651346642357917
88.58294838518952,26.01004817414381,2.0377141109871877,-2.3129178469832206,-0.2795462553821423
88.63294838518952,26.01004817414381,2.4712102887780008,-2.0552175634901655,-0.27017621617305815
88.68294838518952,26.01004817414381,2.8376282692568675,-1.858589364301044,-0.4367538912372323
88.73294838518952,26.01004817414381,2.7621093638359375,-2.1275302399669966,-0.35655121934478784
88.78294838518953,26.01004817414381,2.4038291250083796,-2.462371894144403,-0.3312777998167166
88.83294838518952,26.01004817414381,2.5101650281897228,-2.318927204879003,-0.37514687145872927
88.88294838518952,26.01004817414381,2.4782266574059357,-2.0224245699955143,-0.4636532957161132
88.93294838518952,26.01004817414381,2.252584815475876,-2.1784227160103824,-0.34360632321174345
88.98294838518952,26.01004817414381,2.2153422636850473,-2.2664955966809615,-0.13728282494909302
89.03294838518953,26.01004817414381,2.141119708312371,-2.288672641070836,0.05072353722989961
89.08294838518952,26.01004817414381,2.679175471746164,-2.1530141260269877,0.20069486651960428
89.13294838518952,26.01004817414381,3.1131402025988595,-1.9746301825317927,-0.3243451859992585
89.18294838518952,26.01004817414381,2.3296782754901852,-2.196776715009319,-0.07665565330625831
89.23294838518952,26.01004817414381,1.537114798010444,-2.289824921021372,-0.19215236934297775
89.28294838518953,26.01004817414381,1.5081399354240537,-2.2604596833275563,-0.09062967341029518
89.33294838518952,26.01004817414381,1.6852935926116777,-1.9952852594208772,-0.21931321545819518
89.38294838518952,26.01004817414381,1.7473510978203561,-1.9261187321266007,-0.5845925067132801
89.43294838518952,26.01004817414381,1.8402607427883197,-2.1234144798801937,-0.3928937935049291
89.58294838518952,26.01004817414381,1.063076122587059,-2.2266193846790427,0.36101432382479237
89.63294838518952,26.01004817414381,1.0311142731113843,-2.131292977135909,0.6189031732602599
89.68294838518952,26.01004817414381,0.7538548434946137,-2.0862449292457703,0.729762458399297
89.73294838518952,26.01004817414381,1.408567272340534,-2.2275445824806157,0.5211255305430775
89.78294838518953,26.01004817414381,1.4296761841021386,-2.1663582790786706,0.5596430021433015
89.83294838518952,26.01004817414381,1.3781696390098426,-2.1737103058480463,-0.26348749792765497
88.13294838518952,25.96004817414381,3.493392632637327,-0.9295567436805638,-1.0153743676874198
88.18294838518952,25.96004817414381,3.2310156498044726,-1.2897087395222713,-0.8700429486937451
88.23294838518952,25.96004817414381,3.129380710469897,-1.5501963306019497,-0.6362005419966156
88.28294838518953,25.96004817414381,3.2298891766469104,-1.541112895962308,-0.9428762602763134
88.33294838518952,25.96004817414381,3.0307059381842834,-1.8191930730619286,-1.0324614827722236
88.38294838518952,25.96004817414381,2.9452310576080687,-1.765832646492238,-1.2039991912422723
88.43294838518952,25.96004817414381,3.148968327191882,-1.660123903075496,-0.8710797502018047
88.48294838518952,25.96004817414381,3.034460429160518,-1.7198521260785549,-0.9369348131988601
88.53294838518953,25.96004817414381,2.6718848406500095,-1.7274108089862694,-0.6673388473944141
88.58294838518952,25.96004817414381,2.5703376406683565,-2.2863379204136525,-0.40443732971909024
88.63294838518952,25.96004817414381,2.6092081246206433,-2.1247340034229136,-0.6390183892771806
88.68294838518952,25.96004817414381,2.6615839534116383,-2.119540693636847,-0.5335400952625345
88.73294838518952,25.96004817414381,2.9283051509401985,-2.1126485927219165,-0.4958511076278089
88.78294838518953,25.96004817414381,2.5010134776891397,-2.400586994616087,-0.2822172700972575
88.83294838518952,25.96004817414381,2.6508359398573424,-1.9567846933632536,-0.011879489763716953
88.88294838518952,25.96004817414381,2.564634817761006,-2.1500120077211236,-0.17523391780940462
88.93294838518952,25.96004817414381,2.1763338793062452,-2.373103719577285,-0.12604456865934355
88.98294838518952,25.96004817414381,2.3718076468579987,-2.285577012985665,-0.15025713812513958
89.03294838518953,25.96004817414381,2.323199661727193,-2.3551280230924285,0.0716268888838174
89.08294838518952,25.96004817414381,2.2586325661330013,-2.2725619867120304,0.12399941250348558
89.13294838518952,25.96004817414381,2.618883733035635,-2.3139858441868957,-0.0010930517105732106
89.18294838518952,25.96004817414381,2.441229710984384,-2.377047138131399,-0.45223790545677306
89.23294838518952,25.96004817414381,1.6892325650871076,-2.1813168994274323,-0.17659913341735764
89.28294838518953,25.96004817414381,1.6121980918858305,-2.2012599081235606,-0.23997825631801772
89.33294838518952,25.96004817414381,1.7103770929697106,-2.2019149078982814,-0.10048324317528734
89.38294838518952,25.96004817414381,1.594701831369402,-2.292554781789212,-0.09827246165417612
89.43294838518952,25.96004817414381,1.7413201948691928,-2.3006390430530343,-0.09990543009727096
89.48294838518952,25.96004817414381,1.723096074043804,-2.0266121147290677,0.14786967120135336
89.53294838518953,25.96004817414381,1.3121856495791109,-2.2971454410636003,0.3645539678160768
89.58294838518952,25.96004817414381,0.8727227126599519,-2.594158687877004,0.3017580955883695
89.63294838518952,25.96004817414381,0.7537053597557444,-2.5778053263378413,0.5582285695112972
89.68294838518952,25.96004817414381,0.8018546163885978,-2.195851441021275,0.6813833422801947
89.73294838518952,25.96004817414381,1.3758490922340407,-2.249404909014407,0.6512655554730322
89.78294838518953,25.96004817414381,1.8538758911460207,-2.087891848141865,0.34544632662163205
89.83294838518952,25.96004817414381,1.9048147364551444,-1.935793847754431,-0.3159432975279051
88.13294838518952,25.91004817414381,3.567336039137587,-1.019063501426846,-0.8701965145663709
88.18294838518952,25.91004817414381,3.0887965645756656,-1.310210634714944,-0.6329595848208395
88.23294838518952,25.91004817414381,2.8728932122066944,-1.4025706670864486,-0.8818483303163478
88.28294838518953,25.91004817414381,3.145222737401898,-1.4653558049031425,-0.8112450929277254
88.33294838518952,25.91004817414381,3.1486875073201643,-1.5848788369285736,-0.8759340784124141
88.38294838518952,25.91004817414381,2.921363536216715,-1.6261129801988001,-0.8655082481446528
88.43294838518952,25.91004817414381,2.957835517779284,-1.6577782599336366,-0.5290621248768544
88.48294838518952,25.91004817414381,2.9458175772448647,-1.6469075672359845,-0.7646418237411042
88.53294838518953,25.91004817414381,2.7984189449586343,-1.3797574180155527,-0.8402935415586464
88.58294838518952,25.91004817414381,2.971797547217639,-1.7044263297176616,-0.6432026092631498
88.63294838518952,25.91004817414381,2.654085681760955,-1.9658377859991252,-0.4449869735505083
88.68294838518952,25.91004817414381,2.7012500142152005,-2.007110324628592,-0.5758791294423848
88.73294838518952,25.91004817414381,2.946314734796645,-1.8950818202456219,-0.46684229908152314
88.78294838518953,25.91004817414381,2.7001350870752994,-2.112906718507005,-0.44409884555127926
88.83294838518952,25.91004817414381,2.7223970650778817,-2.0169034203878877,-0.01980016423158925
88.88294838518952,25.91004817414381,2.8649128507765815,-1.9870106699576358,0.024412385768221287
88.93294838518952,25.91004817414381,3.0340073971164543,-1.9092959150985804,-0.1952584912055349
88.98294838518952,25.91004817414381,2.9342130817275045,-1.9260209407112854,-0.2965939305468371
89.03294838518953,25.91004817414381,2.436621815697341,-2.0475287652211733,0.04009136291767566
89.08294838518952,25.91004817414381,2.101959021317053,-2.140560695059559,0.027218053158402276
89.13294838518952,25.91004817414381,2.2781856641533063,-2.379094981619586,-0.04573648267092917
89.18294838518952,25.91004817414381,2.4498335403602645,-2.1721856260936434,0.024810510920268737
89.23294838518952,25.91004817414381,2.2858327909414453,-2.093996033500134,-0.32945129239145926
89.28294838518953,25.91004817414381,1.6621153659871755,-2.25254303081844,0.10641027580947911
89.33294838518952,25.91004817414381,1.8214236305696696,-2.2523977034424285,0.10467470107794075
89.38294838518952,25.91004817414381,1.7537919569168452,-2.193260892855992,-0.023791131235285326
89.43294838518952,25.91004817414381,1.5662564192000652,-1.8044933650444575,0.09956457067624963
89.48294838518952,25.91004817414381,1.0340879612592206,-2.300467291285289,0.17019564836323842
89.53294838518953,25.91004817414381,1.3768045068898485,-2.1526642329309285,0.15364865497781358
89.58294838518952,25.91004817414381,0.9916251305256201,-2.3872112390032703,0.35173760560339845
89.63294838518952,25.91004817414381,0.9202034302496143,-2.42923500825122,0.45715865830572966
89.68294838518952,25.91004817414381,0.9752093717677676,-2.1166902616030088,0.5156688093430685
89.73294838518952,25.91004817414381,1.026696893374896,-1.9252269440285255,0.6896966303161955
89.78294838518953,25.91004817414381,2.0703940007246064,-1.772837469647389,0.18760194357392562
89.83294838518952,25.91004817414381,2.2550004249518825,-1.690163807737329,-0.2807660105863378
88.13294838518952,25.860048174143817,3.292482177948243,-1.1154557562978225,-0.8662572403167207
88.18294838518952,25.860048174143817,3.077444327360122,-1.4066781174336633,-0.9706333776335643
88.23294838518952,25.860048174143817,2.9729190928383153,-1.289741717714338,-0.9973621674044945
88.28294838518953,25.860048174143817,2.9732635076844116,-1.5462959355435515,-0.8661818553888283
88.33294838518952,25.860048174143817,3.0716166702698504,-1.4385543605815847,-0.7308396880605489
88.38294838518952,25.860048174143817,2.775772584348805,-1.4799916564968314,-0.5474485057053669
88.43294838518952,25.860048174143817,2.6532966992749167,-1.5867507618968095,-0.37253616639336307
88.48294838518952,25.860048174143817,2.78312306001645,-1.3307419259298192,-0.7392894008919942
88.53294838518953,25.860048174143817,2.7392025617936153,-1.4325000507154884,-0.6420386664897119
88.58294838518952,25.860048174143817,2.909516650478779,-1.6354835097561071,-0.24165983047565515
88.63294838518952,25.860048174143817,2.8847770766492333,-1.6458730190306814,-0.22407729134207288
88.68294838518952,25.860048174143817,2.94649103448833,-1.6962170422323462,-0.22467919495763058
88.73294838518952,25.860048174143817,2.865406441124554,-1.8639204042199902,-0.3797128697587693
88.78294838518953,25.860048174143817,2.6327620849807545,-1.8484958868297252,-0.5309251239752912
88.83294838518952,25.860048174143817,2.669078501808352,-1.9464350740055152,-0.051164572688868135
88.88294838518952,25.860048174143817,3.0233053089513433,-1.8995061102556192,0.3217798206420776
88.93294838518952,25.860048174143817,2.78989188734234,-1.9322316788626699,0.2971936345810879
88.98294838518952,25.860048174143817,2.553044837216427,-1.768904208425852,0.10615343001690938
89.03294838518953,25.860048174143817,2.3785910070655776,-1.797774329102738,0.10535769372834598
89.08294838518952,25.860048174143817,2.004895507538677,-2.067304420128467,0.11831945935511518
89.13294838518952,25.860048174143817,2.032778255845445,-1.9799265476403693,-0.09405820158386667
89.18294838518952,25.860048174143817,2.1081072332437363,-2.0006239426404475,-0.05267610822324633
89.23294838518952,25.860048174143817,2.179732977122484,-2.0346037968013975,0.04657736532110082
89.28294838518953,25.860048174143817,2.317262411938611,-2.08351154872481,0.19949227714612608
89.33294838518952,25.860048174143817,2.395210153422872,-2.119515018393459,0.2676017374017268
89.38294838518952,25.860048174143817,2.1338199317194695,-2.1336954287949457,0.25130738865829105
89.43294838518952,25.860048174143817,1.48656703692355,-2.03865193216461,0.17465051256657035
89.48294838518952,25.860048174143817,0.9823680040545165,-2.22504261943899,-0.04418762687956859
89.53294838518953,25.860048174143817,0.9724770076486015,-2.208972989055268,0.07157744802845453
89.58294838518952,25.860048174143817,1.1350547579212162,-2.0636202387716804,0.09376760460654458
89.63294838518952,25.860048174143817,1.3079787300362122,-2.0841050697582544,0.3733763622637659
89.68294838518952,25.860048174143817,0.9556814774585601,-1.8291780950918137,0.5051745099049072
89.73294838518952,25.860048174143817,1.3864440191827687,-1.7916548009904083,0.6071640530994402
89.78294838518953,25.860048174143817,2.904522880216164,-1.5978952474346602,-0.11761025808268134
88.13294838518952,25.810048174143816,3.142403030901958,-1.148380395517416,-0.8183570918125329
88.18294838518952,25.810048174143816,2.762900019474688,-1.3487914795024492,-0.9297845364047472
88.23294838518952,25.810048174143816,2.987668345351759,-1.2019180338294073,-0.9776314178975726
88.28294838518953,25.810048174143816,2.5766611655548,-1.5935493716679883,-1.0021357950763083
88.33294838518952,25.810048174143816,2.720627467739158,-1.4596214780676082,-0.5852810087046278
88.38294838518952,25.810048174143816,2.752704492531736,-1.4438520221241993,-0.5269157166652754
88.43294838518952,25.810048174143816,3.187021996119915,-1.2635814441989157,-0.5424363393143742
88.48294838518952,25.810048174143816,3.227939189471199,-1.0902363594385633,-0.6411781961647888
88.53294838518953,25.810048174143816,3.1573429151469137,-1.1641256818046772,-0.48725395762057155
88.58294838518952,25.810048174143816,2.945450029444252,-1.3225347046917677,-0.18744364312322997
88.63294838518952,25.810048174143816,2.9732951107480043,-1.6608381963113976,-0.09565745498827072
88.68294838518952,25.810048174143816,3.0593541019121187,-1.4636310145322489,-0.46872237318441706
88.73294838518952,25.810048174143816,2.963140569465364,-1.6846157415498986,-0.5294951777319695
88.78294838518953,25.810048174143816,2.9746337377098366,-1.7066658055032093,-0.679227751346435
88.83294838518952,25.810048174143816,2.5441972462329714,-1.87678809349984,-0.021517374809803876
88.88294838518952,25.810048174143816,2.7384175111936013,-1.4186011375258132,0.26777614496585467
88.93294838518952,25.810048174143816,2.428078134135356,-1.8648818639799871,0.37981950550819005
88.98294838518952,25.810048174143816,2.1368750742745712,-1.9546571015739598,0.3269332617125024
89.03294838518953,25.810048174143816,2.444451206411082,-1.9130420667095787,0.32680045523199763
89.08294838518952,25.810048174143816,2.407056196693986,-1.9312492118285738,-0.05177669957997828
89.13294838518952,25.810048174143816,2.1596281156763846,-1.7146814860606487,-0.09258244380514118
89.18294838518952,25.810048174143816,2.550411897272712,-1.5130994024775293,-0.06863906042238987
89.23294838518952,25.810048174143816,2.4517895301956947,-1.6987124195682124,0.10100553204679236
89.28294838518953,25.810048174143816,2.018095121766918,-1.9886455310698046,-0.1428723224976904
89.33294838518952,25.810048174143816,1.9759756545496112,-2.0068681236147676,0.12609448348891747
89.38294838518952,25.810048174143816,1.9341179801201736,-2.0276328379034703,0.10560959663977204
89.43294838518952,25.810048174143816,1.7705269673220336,-2.0710333166628296,0.4855901428274538
89.48294838518952,25.810048174143816,1.5734781511819924,-1.9896001879777474,0.2971557410328896
89.53294838518953,25.810048174143816,1.0343110553752004,-1.745839560364951,0.6051449436880347
89.58294838518952,25.810048174143816,1.2071144988661293,-1.7478184126364402,0.25293667108881823
89.63294838518952,25.810048174143816,1.343806048287002,-1.7085060257064282,0.592402764590168
89.68294838518952,25.810048174143816,1.5575449237235206,-1.1558807192974807,0.5484669834968502
89.73294838518952,25.810048174143816,2.178413963924711,-1.621179889680585,0.75580663640652
88.33294838518952,25.76004817414381,2.700501568645781,-1.2845611346074763,-0.3963565445741702
88.38294838518952,25.76004817414381,2.807977001048744,-1.1583686101141097,-0.5367741430178585
88.43294838518952,25.76004817414381,2.819533221164128,-1.1032963008983243,-0.5604235498012322
88.48294838518952,25.76004817414381,2.970086121915843,-1.134145209380506,-0.4869282598399711
88.53294838518953,25.76004817414381,3.2962070610383623,-0.8612498439491081,-0.6160167021289179
88.58294838518952,25.76004817414381,3.3067832712388983,-0.9631070562713939,-0.3197146818796548
88.63294838518952,25.76004817414381,2.999671829036857,-1.5088883383378306,-0.22223084558067335
88.68294838518952,25.76004817414381,3.3331628278958054,-1.2205191087640745,-0.6825242201623736
88.73294838518952,25.76004817414381,2.9765383061775,-1.6264435370958805,-0.33327436054518345
88.78294838518953,25.76004817414381,2.831637175816013,-2.009330872660833,-0.19569613054255378
88.83294838518952,25.76004817414381,2.733639582831445,-1.9965412817718255,0.17127459883359006
88.88294838518952,25.76004817414381,2.7289521343394543,-1.4750888891247926,0.43945273426843345
88.93294838518952,25.76004817414381,2.582810272587674,-1.5543599567896451,0.3311114447089374
88.98294838518952,25.76004817414381,2.009520593405281,-2.0292628023904578,0.3516386200087266
89.03294838518953,25.76004817414381,1.9858311844610406,-1.932843451817593,0.3718176531190299
89.08294838518952,25.76004817414381,2.119150142788442,-1.9213614999439579,0.06883456974662454
89.13294838518952,25.76004817414381,2.2440127943525874,-1.6589702328403326,0.1916338635095094
89.18294838518952,25.76004817414381,2.7760314237845076,-1.5065287085817085,0.28646286552533756
89.23294838518952,25.76004817414381,2.71271471870749,-0.5224370315914821,0.5399048884823175
89.28294838518953,25.76004817414381,2.130781665046041,-1.1635944347609235,-0.10830055079841097
89.33294838518952,25.76004817414381,1.9398236230009072,-1.680162091650951,-0.07210411812637722
89.38294838518952,25.76004817414381,1.5162508594875237,-1.8929759555966328,0.32739754333621246
89.43294838518952,25.76004817414381,1.8199669854800453,-1.8626463316227042,0.5647751435671086
89.48294838518952,25.76004817414381,2.338741557381523,-1.6661311120228937,0.2682697612327531
89.53294838518953,25.76004817414381,1.5586245748857925,-1.7223402565236727,0.7039920691042584
89.58294838518952,25.76004817414381,1.1755334622356488,-1.6983611707223862,0.5131727087814261
89.63294838518952,25.76004817414381,1.1487788270240356,-1.6865857671127034,0.7652763208906186
89.68294838518952,25.76004817414381,1.6801933966236322,-1.3657787169630349,0.5788457437160625
89.73294838518952,25.76004817414381,2.531680523667171,-1.5452684319769265,1.043587111125305
89.83294838518952,25.76004817414381,3.2230617100057164,-1.00178745320464,-0.34593972269758755
88.38294838518952,25.71004817414381,2.7302619251512037,-1.317833163442845,-0.46193315875101254
88.43294838518952,25.71004817414381,2.4351662906371088,-1.370214129099072,0.12554014690204554
88.48294838518952,25.71004817414381,2.7088816116918784,-1.2776369177833138,-0.12148818084879474
88.53294838518953,25.71004817414381,3.1444092901213536,-1.0106123883850366,-0.36410053288557986
88.58294838518952,25.71004817414381,3.103429106732154,-1.072385744311522,-0.5094746729346039
88.63294838518952,25.71004817414381,3.1847225625824382,-1.1094161848108246,-0.2748653459110243
88.68294838518952,25.71004817414381,3.2090194080850547,-1.273441185556915,-0.29583087648870665
88.73294838518952,25.71004817414381,2.874015287113734,-1.807396044065612,0.1639537457743841
88.78294838518953,25.71004817414381,2.700745535968937,-2.060951151944277,-0.0029462885012600374
88.83294838518952,25.71004817414381,2.4882416569979124,-1.9243726646120811,0.11328238974790733
88.88294838518952,25.71004817414381,2.471805601956206,-1.8593774317071539,0.4629813613233312
88.93294838518952,25.71004817414381,2.36451541286243,-1.6410880605403408,0.4515406927975548
88.98294838518952,25.71004817414381,2.0431373586123738,-1.6716206804869558,0.6158398667514603
89.03294838518953,25.71004817414381,2.1729098908206637,-1.574910639537577,0.3752266668996763
89.08294838518952,25.71004817414381,2.161939173413762,-1.637625562670442,0.37983920612761435
89.13294838518952,25.71004817414381,2.0523293117999,-1.7558766441953861,0.3933304653694048
89.18294838518952,25.71004817414381,2.286704267965878,-1.5518515750464967,0.16876226020362678
89.23294838518952,25.71004817414381,2.405067446643862,-1.2754553821787402,0.044952859176259366
89.28294838518953,25.71004817414381,2.1103332311560274,-1.1791618392279986,-0.28199598315916996
89.33294838518952,25.71004817414381,1.9239889775718437,-1.6492554209107246,-0.2222948583927812
89.38294838518952,25.71004817414381,1.755539363746428,-1.6531002742803511,0.036448393297457644
89.43294838518952,25.71004817414381,1.4765655517945564,-1.863848152869481,0.39934395198842204
89.48294838518952,25.71004817414381,2.060442846002975,-1.5583166916907671,0.031162123808607774
89.53294838518953,25.71004817414381,2.1134842490006562,-1.3802646074510139,0.40329425295159316
89.58294838518952,25.71004817414381,1.0895751911927019,-1.770139754311453,0.7167344174424699
89.63294838518952,25.71004817414381,0.8176919383803728,-1.7099577708192022,0.5009726552969936
89.68294838518952,25.71004817414381,1.3598500200103665,-1.706990165006868,0.46214997407020353
89.78294838518953,25.71004817414381,2.694820019249271,-0.8984073261335039,0.45425943682188524
89.83294838518952,25.71004817414381,2.068442261648701,-1.006812236493175,0.47806880377618055
88.48294838518952,25.66004817414381,2.8675846917004626,-1.4061057335115208,-0.0331081239842439
88.53294838518953,25.66004817414381,3.094376957046199,-1.23183228698689,-0.3209538477975263
88.58294838518952,25.66004817414381,3.096656138595608,-1.0328413283128743,-0.10109836418216288
88.63294838518952,25.66004817414381,3.481290081003528,-0.051596241515077856,-0.13442475157973738
88.68294838518952,25.66004817414381,2.8129403604176506,-1.3321141282705562,-0.18464013458708411
88.73294838518952,25.66004817414381,2.764942100828889,-1.777874116126314,0.30854853367417673
88.78294838518953,25.66004817414381,2.9650619354111525,-1.7470377086495052,0.05982439245642602
88.83294838518952,25.66004817414381,2.7905509303027927,-1.5431188276875685,-0.21234340534203902
88.88294838518952,25.66004817414381,2.680237889592777,-1.4243806939630845,0.3474945497467183
88.93294838518952,25.66004817414381,2.777853207524972,-1.1552162667277182,0.6226875695411844
88.98294838518952,25.66004817414381,2.590404527892537,-1.1936736188584776,0.32560311283417775
89.03294838518953,25.66004817414381,2.324965674480187,-1.401908213560038,0.48324473959617076
89.08294838518952,25.66004817414381,2.392156885037136,-1.3821860893626774,0.2522963219470887
89.13294838518952,25.66004817414381,2.3334151844390085,-1.7030875755072106,0.2892070506678527
89.18294838518952,25.66004817414381,2.3137428299175995,-1.5325814212317685,-0.11910355097915631
89.23294838518952,25.66004817414381,2.3980607129917386,-1.1410049280249444,-0.2675856949196962
89.28294838518953,25.66004817414381,2.0941449286302567,-1.1805802137904564,-0.23664066905177195
89.33294838518952,25.66004817414381,1.942294547565835,-1.4230643628699344,-0.18702158531043883
89.38294838518952,25.66004817414381,1.678441301544002,-1.5028848979656564,-0.09248310860859862
89.43294838518952,25.66004817414381,1.3844473611758046,-1.6840739381242293,0.5957026155877202
89.48294838518952,25.66004817414381,1.6309826423134333,-1.7646921732099068,0.3312322820443411
89.53294838518953,25.66004817414381,1.946233529084402,-1.2588825481024402,-0.07918131391663322
89.58294838518952,25.66004817414381,1.1076624726362283,-1.5671460203207492,0.6245463864229598
89.63294838518952,25.66004817414381,0.9806892782856027,-1.435987862125752,0.6133638077041751
89.68294838518952,25.66004817414381,1.4499785487638404,-1.778616670779278,0.6115571173220954
89.78294838518953,25.66004817414381,2.307327321086429,-1.0301551965399298,0.10515966935985681
89.83294838518952,25.66004817414381,1.3238493850757376,-1.194075648632597,-0.15854350294722183
88.48294838518952,25.610048174143817,2.736827298879755,-1.0133137590244747,-0.17849146315869602
88.53294838518953,25.610048174143817,2.7675297518147617,-1.2043270486796573,-0.22083953207385817
88.58294838518952,25.610048174143817,2.761444843547611,-1.2638990799343301,0.37896644981060773
88.63294838518952,25.610048174143817,3.225407444579644,0.18650519221845496,0.29349830898894663
88.68294838518952,25.610048174143817,2.9775770376256645,-1.1680530026452516,0.1437142486620089
88.73294838518952,25.610048174143817,2.7264226409338073,-1.5453967579746832,0.3234445595535053
88.78294838518953,25.610048174143817,2.5947566752971483,-1.683103211224782,0.20590044599987026
88.83294838518952,25.610048174143817,2.707935955780076,-1.519866104453115,-0.17185107812350134
88.88294838518952,25.610048174143817,2.7707633671606753,-1.2010304412929376,-0.04885682615626763
88.93294838518952,25.610048174143817,2.6503275059998166,-1.3078319521597024,0.45125937911063085
88.98294838518952,25.610048174143817,2.5693077958364987,-1.4301222556790578,0.1511419236512899
89.03294838518953,25.610048174143817,2.374392233022856,-1.4663652978074209,0.19093656197351117
89.08294838518952,25.610048174143817,2.1311228399116673,-1.4207505481129505,0.15721217358963316
89.13294838518952,25.610048174143817,2.243919030900053,-1.432923430956011,-0.12566230610553225
89.18294838518952,25.610048174143817,2.2952186005235795,-1.6005745938111522,-0.11607462360751208
89.23294838518952,25.610048174143817,2.31993048581866,-1.393577053259883,-0.1181724612508123
89.28294838518953,25.610048174143817,2.2070664609386115,-1.2337341363052174,-0.2728584793381788
89.33294838518952,25.610048174143817,2.236411306102691,-1.3807225098068394,-0.24724088626967525
89.38294838518952,25.610048174143817,1.623700572909458,-1.510514452313341,-0.032209115261291624
89.43294838518952,25.610048174143817,1.3360886590019991,-1.593215680245822,0.5072670854075382
89.48294838518952,25.610048174143817,1.3409622158831471,-1.6332482031541338,0.3965612647469842
89.53294838518953,25.610048174143817,1.7385574142539595,-1.597079626057122,-0.23458212849799476
89.58294838518952,25.610048174143817,1.6483398965438159,-1.1578824989023546,0.10866613567121963
89.63294838518952,25.610048174143817,0.9908277238608034,-1.5059497407087286,0.5897904114300718
89.68294838518952,25.610048174143817,1.1700914324889289,-1.857568116457622,0.8471514363916736
89.78294838518953,25.610048174143817,2.2699084305274035,-0.977016147126559,-0.3612350121979161
89.83294838518952,25.610048174143817,1.2578778688454813,-0.945636855910305,0.10145365123517619
89.88294838518952,25.610048174143817,0.855217707911985,-0.8712680802618533,-0.18291993927262348
88.53294838518953,25.560048174143816,2.443536541190653,-1.4331548982087625,-0.08545888128499032
88.58294838518952,25.560048174143816,2.4702663931314692,-1.1573925320849943,0.09118185402292539
88.63294838518952,25.560048174143816,2.2669596635160945,-1.310692574702733,0.12268587509134464
88.68294838518952,25.560048174143816,2.487465232263821,-1.4084916259071467,0.40169236137496345
88.73294838518952,25.560048174143816,2.574199265412074,-1.523738873921117,0.47225303938921515
88.78294838518953,25.560048174143816,2.5394892164156566,-1.5855638448575686,0.2926105505566074
88.83294838518952,25.560048174143816,2.896276088064834,-1.3620351916563271,0.10068281693890091
88.88294838518952,25.560048174143816,2.817095936568738,-1.2603189916420405,-0.1937003081590153
88.93294838518952,25.560048174143816,2.93099437197723,-1.327117200405119,0.1653244452604194
88.98294838518952,25.560048174143816,2.398162594095689,-1.4100864328157434,0.3426920394589866
89.03294838518953,25.560048174143816,2.2383747127219444,-1.4406956609211583,-0.057498531360998945
89.08294838518952,25.560048174143816,2.28895701069096,-1.2556648248998723,-0.08337416423592178
89.13294838518952,25.560048174143816,2.2567549923101438,-1.14313454631875,-0.3431749192702895
89.18294838518952,25.560048174143816,2.280922700844371,-1.4807116213280767,0.09177516293379451
89.23294838518952,25.560048174143816,2.1246560682601783,-1.5439351842146047,0.13210467499353554
89.28294838518953,25.560048174143816,1.9014369399810096,-1.3002083168364542,0.20087527763920596
89.33294838518952,25.560048174143816,1.4657131661111298,-1.5910365264554989,-0.015082057870588902
89.38294838518952,25.560048174143816,1.5492118857684058,-1.3934464789202474,-0.1565850084361941
89.43294838518952,25.560048174143816,1.1994176766535871,-1.5852551121022913,0.4341311091906531
89.48294838518952,25.560048174143816,1.174550771278675,-1.5987502721725235,0.7016000406630293
89.53294838518953,25.560048174143816,1.5091306197892411,-1.5936252112060794,0.06624804130578457
89.58294838518952,25.560048174143816,2.1194018060348667,-0.821559353928031,-0.43679734476971904
89.63294838518952,25.560048174143816,2.050447321425973,-0.996745093855268,0.37155856757764366
89.68294838518952,25.560048174143816,1.949310320372057,-1.7332188792168273,1.2887275637883844
89.73294838518952,25.560048174143816,2.320449322415297,-1.4848968073031936,-0.1619374042697662
89.78294838518953,25.560048174143816,2.108461145203216,-0.8398972266827158,-0.18698106190019517
89.83294838518952,25.560048174143816,1.1979992378452329,-0.9067378759459546,0.05435602338710739
88.58294838518952,25.51004817414381,2.7723077891435834,-0.8450015052994457,-0.09842384417910904
88.63294838518952,25.51004817414381,2.382856332308322,-1.1465047987758454,0.10199616547347265
88.68294838518952,25.51004817414381,2.693987420924787,-1.2314695824950463,0.33775006937411356
88.73294838518952,25.51004817414381,2.563076152121678,-1.0853227445550258,0.01032873139466908
88.78294838518953,25.51004817414381,2.4443497785283554,-1.0967653502543198,-0.15373225527378465
88.83294838518952,25.51004817414381,2.9884958603339538,-1.142691867246253,0.013648693992635984
88.88294838518952,25.51004817414381,2.7940388143507575,-1.158324030733197,-0.007402270632807285
88.93294838518952,25.51004817414381,2.778943643080375,-1.0322286747636418,-0.14376797497953153
88.98294838518952,25.51004817414381,2.4117462321266525,-1.3823373941562067,0.3337198033363843
89.03294838518953,25.51004817414381,2.3543727201465057,-1.5272412026358424,-0.13490391164685137
89.08294838518952,25.51004817414381,2.3034108532565214,-1.355044548164063,0.13077901579621895
89.13294838518952,25.51004817414381,2.3282671339390144,-1.13765435615677,-0.006156909265378101
89.18294838518952,25.51004817414381,1.9608986050589545,-1.3771226526410654,0.20864054363100176
89.23294838518952,25.51004817414381,2.0976386908867486,-1.4257001580952307,0.47100348302341905
89.28294838518953,25.51004817414381,2.0502353160964715,-1.1720336665621145,0.0669814558820434
89.33294838518952,25.51004817414381,1.3434657599362683,-1.3643522738774545,0.14619302018910976
89.38294838518952,25.51004817414381,1.125252958720265,-1.5266107979566879,0.22781354996405787
89.43294838518952,25.51004817414381,1.3092171710604072,-1.3519898427010923,0.4522474775885086
89.48294838518952,25.51004817414381,1.0913660446615956,-1.6376744399789842,0.5488261442396156
89.53294838518953,25.51004817414381,1.1902287505925455,-1.554075402163618,0.5269388250031808
89.58294838518952,25.51004817414381,1.2556975004955166,-1.5139359254003633,0.45708753755442744
89.63294838518952,25.51004817414381,1.7791268402986093,-1.448340131392305,0.47109231048804184
89.68294838518952,25.51004817414381,2.022669003869942,-1.5770352118160873,0.3778318337979922
89.78294838518953,25.51004817414381,1.9158838453663443,-0.83826557603213,-0.33449441496752835
89.83294838518952,25.51004817414381,1.1503251648218122,-1.0148423641884292,-0.159672931822007
88.83294838518952,25.46004817414381,2.4989704977704266,-0.9989566986059348,-0.09318823277176266
88.88294838518952,25.46004817414381,2.414864630283688,-1.183812435255311,0.31844973324065773
88.93294838518952,25.46004817414381,2.7091015781283656,-1.1081749849536673,-0.10381206436481308
88.98294838518952,25.46004817414381,2.8903244990257972,-1.0490512490004469,0.15633363538397158
89.03294838518953,25.46004817414381,2.5362174942537647,-1.2957279907733459,0.027613769123592462
89.08294838518952,25.46004817414381,2.4201998206350765,-1.2488756810964579,-0.05969342848792001
89.13294838518952,25.46004817414381,2.3339389281540015,-1.1595663950532948,0.12667704792082524
89.18294838518952,25.46004817414381,2.086288502466249,-1.3026876753084524,0.19111160830243465
89.23294838518952,25.46004817414381,2.142212913626284,-1.1969136836256205,0.4204663205021607
89.28294838518953,25.46004817414381,2.1611734713441146,-0.8106725655686483,-0.048052842146819444
89.33294838518952,25.46004817414381,1.7722418727217224,-1.1717442474205904,0.01640035371048876
89.38294838518952,25.46004817414381,1.5148361767953793,-1.3223358129494764,0.2364943666498489
89.43294838518952,25.46004817414381,1.5244821299097986,-1.328151685206557,0.31819479697925046
89.48294838518952,25.46004817414381,1.1797142397262481,-1.3657830441233088,0.362624032902715
89.53294838518953,25.46004817414381,0.9735952385196966,-1.5203634090325524,0.578724645080298
89.58294838518952,25.46004817414381,1.039412787951269,-1.526030271129037,0.6309123499477804
89.63294838518952,25.46004817414381,1.2569970800823653,-1.3769019762907961,0.8888384811635761
89.68294838518952,25.46004817414381,2.920810490248901,-1.0813984730399218,-0.3533070769137497
89.78294838518953,25.46004817414381,1.6267129144026955,-0.958514968781489,0.07376741225471965
89.83294838518952,25.46004817414381,0.7569136173915941,-1.2997162353866993,-0.3393806393659764
88.83294838518952,25.41004817414381,2.4374649209569905,-0.7388080863163652,-0.06751013332381153
88.88294838518952,25.41004817414381,2.2724392706976535,-1.0330437899461586,0.24603635195376578
88.93294838518952,25.41004817414381,2.5395501760439636,-1.0170283020679871,0.00313279214340826
88.98294838518952,25.41004817414381,2.661579069917816,-0.64825511403936,0.01858231039414527
89.03294838518953,25.41004817414381,2.263002448420252,-1.1005091000889045,0.33990511384402583
89.08294838518952,25.41004817414381,2.5288063096421642,-1.2121216307204303,0.24299619017122123
89.13294838518952,25.41004817414381,2.3820579989510966,-1.1091343009818746,0.043810750753217484
89.18294838518952,25.41004817414381,1.9174378858753902,-1.0913269264692593,0.09729015133861159
89.23294838518952,25.41004817414381,1.7355835920279172,-1.1619834418202686,-0.019846885579247325
89.28294838518953,25.41004817414381,1.8488650891169751,-1.1666343004128918,-0.10229891296252719
89.33294838518952,25.41004817414381,1.8980376982040825,-1.3097210174984801,-0.1417826655551535
89.38294838518952,25.41004817414381,1.6521612535145467,-1.163069358337563,-0.0601422881141124
89.43294838518952,25.41004817414381,1.2401208429233905,-1.401033862402727,0.3604925082618782
89.48294838518952,25.41004817414381,1.1299639224374964,-1.3085941521766047,0.24800140279019703
89.53294838518953,25.41004817414381,1.094767518363493,-1.3812589970292333,0.3470369751016949
89.58294838518952,25.41004817414381,1.0077934076798927,-1.4147001995581072,0.4662451866300443
89.63294838518952,25.41004817414381,1.5962037422009674,-1.6982881174420155,0.7984341295922983
89.73294838518952,25.41004817414381,2.240029049654413,-1.354304632477581,0.29900990629046476
89.78294838518953,25.41004817414381,1.1185994299353144,-1.1740390204859317,0.028900443990252198
89.83294838518952,25.41004817414381,0.6168389554838916,-1.0089068348893184,-0.41177706405314635
88.88294838518952,25.360048174143817,2.0612941774564724,-1.0408010092757864,0.21572209015197552
88.93294838518952,25.360048174143817,2.3099385822974274,-0.9617840429743338,0.24143833590785083
88.98294838518952,25.360048174143817,2.941685078182529,-0.55393511701314,0.008481253468499926
89.03294838518953,25.360048174143817,2.6706514743966316,-0.8878377023489619,0.5510608058755753
89.08294838518952,25.360048174143817,2.3174359139002463,-1.1547810211504934,0.5464869945863874
89.13294838518952,25.360048174143817,1.8856184977872015,-1.498361072544446,0.07022767151691661
89.18294838518952,25.360048174143817,1.971705088336699,-1.2234573993008233,-0.2860689580305355
89.23294838518952,25.360048174143817,2.1211881884377033,-0.9197067600206628,-0.09873345134169231
89.28294838518953,25.360048174143817,1.8730941681698052,-1.101597064312604,-0.08484574504086084
89.33294838518952,25.360048174143817,1.8407598328772041,-0.9498060578444755,-0.324793416553118
89.38294838518952,25.360048174143817,1.604227012103302,-1.10985342210417,-0.2845488878915783
89.43294838518952,25.360048174143817,1.0812227864314257,-1.3141190951743578,0.5748389122564366
89.48294838518952,25.360048174143817,1.0290243131715928,-1.483450728134194,0.3075263232946405
89.53294838518953,25.360048174143817,1.0755277706687365,-1.0855161640984787,0.6157978766611635
89.58294838518952,25.360048174143817,1.377594724849613,-1.2356870862386655,0.6298896498688069
89.63294838518952,25.360048174143817,2.4263323447046226,-1.5151209570224085,0.15886062919456717
89.68294838518952,25.360048174143817,2.53430940088216,-1.2423701896774437,0.26313442758503164
89.73294838518952,25.360048174143817,1.9766357145035405,-0.7852749378142206,0.03629681149292953
89.78294838518953,25.360048174143817,0.7860086990701644,-1.1428718329990122,-0.20766432437386778
88.93294838518952,25.310048174143816,2.46579592882486,-0.7630495961065975,0.22762343247622518
88.98294838518952,25.310048174143816,2.6352584051051196,-0.5740195188311336,-0.13950566110881513
89.03294838518953,25.310048174143816,2.5567070488595163,-0.7494844246005267,0.3275979508572014
89.08294838518952,25.310048174143816,2.231898889017095,-0.9417174049876402,0.4670157047965147
89.13294838518952,25.310048174143816,1.8483051617234385,-1.2258728482029073,0.2973745654545487
89.18294838518952,25.310048174143816,1.9050471291552824,-1.1313412246776327,0.016273377274855942
89.23294838518952,25.310048174143816,2.150150559122557,-0.9348211958672121,-0.20883486463232145
89.28294838518953,25.310048174143816,1.9814953369195911,-1.1649500799768941,0.10301945284442307
89.33294838518952,25.310048174143816,2.18956834092859,-1.0133528901017557,0.071105775258592
89.38294838518952,25.310048174143816,1.5376789548924912,-1.1852439032732054,0.07336424218984261
89.43294838518952,25.310048174143816,1.0739133059597745,-1.3159814222674198,0.3545672680251091
89.48294838518952,25.310048174143816,1.1702899922942798,-1.492617349927942,0.4201492682658636
89.53294838518953,25.310048174143816,1.2004650802874148,-0.8702465960137414,0.423033545233264
89.58294838518952,25.310048174143816,1.4995370044760583,-1.27217716128394,0.6056536703542034
89.63294838518952,25.310048174143816,2.7641189167040343,-1.4204513204632612,-0.05783084895837885
89.68294838518952,25.310048174143816,2.6160635086688213,-1.0165807488645793,0.6294952841127002
89.73294838518952,25.310048174143816,1.6142414996074352,-0.8916828428665213,-0.0872610553718062
89.78294838518953,25.310048174143816,0.9898812921488895,-1.0847779810959703,-0.21214176124750736
89.83294838518952,25.310048174143816,0.8329571378374532,-0.8689595564805084,-0.5328776439085511
88.98294838518952,25.26004817414381,2.8369548666105793,-0.3643046759122441,-0.6237568662717484
89.03294838518953,25.26004817414381,2.516583533321976,-0.44127443018641005,-0.24734298067542373
89.08294838518952,25.26004817414381,2.237801644219255,-0.743390425395616,0.03797347777704755
89.13294838518952,25.26004817414381,2.1150527668107233,-0.9059205689158119,0.2338137397939882
89.18294838518952,25.26004817414381,1.7779646076492406,-1.1527128780962128,0.2333353947690833
89.23294838518952,25.26004817414381,1.9891442297330932,-1.1259593460245347,-0.0645423165828738
89.28294838518953,25.26004817414381,2.3252790934984917,-0.8084025819884257,-0.3810492610750971
89.33294838518952,25.26004817414381,2.2354819340423138,-0.8440665298877549,0.006243724490992845
89.38294838518952,25.26004817414381,1.854295694557146,-1.1127082916014934,0.25168830070902387
89.43294838518952,25.26004817414381,1.683149049074629,-1.0715313861393898,0.3105164509931861
89.48294838518952,25.26004817414381,1.4916800503226952,-1.1776383596368227,0.46642233191956073
89.53294838518953,25.26004817414381,1.2328372047410328,-1.2927496433984844,0.33263858674469
89.58294838518952,25.26004817414381,1.568017732027302,-1.215402128185631,0.6314099831662786
89.63294838518952,25.26004817414381,2.5819757619625454,-0.531137858762168,0.12605374092839783
89.73294838518952,25.26004817414381,2.0121838345617986,-0.33796963926217993,-0.35055553699189246
89.78294838518953,25.26004817414381,1.0864440562972628,-0.8674432595566843,-0.20793661003270816
89.83294838518952,25.26004817414381,0.9269422989079764,-0.8523189569906942,-0.31726855129470666
89.88294838518952,25.26004817414381,0.5333162894384433,-0.8783638550165787,0.00584928625731477
89.93294838518952,25.26004817414381,-0.12151786571016357,-1.1292191622759646,-0.16127564377150322
89.98294838518952,25.26004817414381,-0.21793987288534866,-1.158949094286621,-0.7574151355231435
90.03294838518953,25.26004817414381,-0.3574643576867218,-1.21561296405836,-0.9909447148364618
88.48294838518952,25.21004817414381,2.73591008176338,-0.8713763016406623,-0.22478660742660378
88.68294838518952,25.21004817414381,2.5277266074011377,-0.4528902029273732,-0.8952648375531647
88.98294838518952,25.21004817414381,2.7418916634560824,-0.34659498211920015,-0.6299191844018783
89.03294838518953,25.21004817414381,2.591784910549396,-0.35285279667329494,-0.3942327434132161
89.08294838518952,25.21004817414381,2.03637552809028,-0.6511338287774394,-0.20057091779991174
89.13294838518952,25.21004817414381,1.7583920013556196,-0.9960542494881965,-0.12726865508842913
89.18294838518952,25.21004817414381,1.7792906953197736,-1.1065293666896283,0.06747662754911754
89.23294838518952,25.21004817414381,1.6723038051666346,-0.9562699301473803,0.28114206208510784
89.28294838518953,25.21004817414381,2.2746947082139717,-0.6900995680700454,-0.07181516936434047
89.33294838518952,25.21004817414381,2.07132741368932,-0.791519097594172,-0.11527595933840752
89.38294838518952,25.21004817414381,1.5880473745972943,-1.195308979285037,0.12787693846729287
89.43294838518952,25.21004817414381,1.6050851017641163,-1.0080472865728534,0.22678435153471616
89.48294838518952,25.21004817414381,1.5974185337728644,-0.9608935811860688,0.4108376707961826
89.53294838518953,25.21004817414381,1.2785289017346109,-1.133982426611079,0.45020328400816256
89.58294838518952,25.21004817414381,2.2332188424349564,-1.2294343547311943,-0.1110444139250537
89.63294838518952,25.21004817414381,2.7803370449975393,-0.45600964629412377,-0.05439098359941863
89.73294838518952,25.21004817414381,1.7739001874116764,-0.7354912508830859,-0.31731793712094164
89.78294838518953,25.21004817414381,1.3402142418528706,-0.8662838368779014,-0.15701370030050485
89.83294838518952,25.21004817414381,1.0373778364694553,-0.8948593704020863,-0.16869738340009374
89.88294838518952,25.21004817414381,0.8651801482554695,-0.8777547763278976,-0.09739700727780268
89.93294838518952,25.21004817414381,0.4250596233992543,-0.9883165135761924,0.11801284503806471
89.98294838518952,25.21004817414381,0.460003749499287,-0.838253718625467,-0.10551512488731006
90.03294838518953,25.21004817414381,0.03303837885950056,-0.9774070217865124,-0.3909180428162046
90.08294838518952,25.21004817414381,-0.12397279766599936,-0.8541674843029793,-0.5565057908604977
90.13294838518952,25.21004817414381,-0.1209426697041151,-1.047232417530154,-0.4941552221938083
90.18294838518952,25.21004817414381,-0.24669134700502826,-1.166551174078088,-0.6038725625505357
90.23294838518952,25.21004817414381,-0.06270421799503359,-0.56280834582557,-0.8125435977112128
88.48294838518952,25.16004817414381,2.338369412653735,-1.5939707112804775,-0.0694904608525167
88.53294838518953,25.16004817414381,2.483677906266896,-1.3253168307680137,-0.08397193470427802
88.58294838518952,25.16004817414381,2.6578994911505522,-0.8476151979625013,-1.3613344428433944
88.63294838518952,25.16004817414381,2.4469445204602884,-1.183680261726685,-1.1126153351461128
88.68294838518952,25.16004817414381,2.2443326504817036,-0.9801337974869465,-0.5759418057028488
88.73294838518952,25.16004817414381,2.358531699008171,-0.7585494055898683,-0.16059639208063636
88.78294838518953,25.16004817414381,2.600109741395112,-0.44255214435604323,-0.18127543156892248
88.83294838518952,25.16004817414381,2.6557034222173463,-0.5662485181443871,-0.3634208374970881
88.88294838518952,25.16004817414381,2.7357504633611827,-0.6559505867833397,-0.2294284497614092
88.93294838518952,25.16004817414381,2.5321260496136224,-0.6706998959979528,-0.4775342927360511
88.98294838518952,25.16004817414381,2.6502957518595074,-0.7372974494448532,-0.44934441241011547
89.03294838518953,25.16004817414381,2.4742760168767357,-0.5438060183035816,-0.5331261698477335
89.08294838518952,25.16004817414381,2.321139685368511,-0.6916490008811345,-0.29907697300636127
89.13294838518952,25.16004817414381,1.9638849235540692,-0.7739740375410582,-0.18285757976414269
89.18294838518952,25.16004817414381,1.7962192046485757,-0.933835911895186,0.10801055517510823
89.23294838518952,25.16004817414381,1.7883624538749423,-0.8920177817694948,-0.07766929430953914
89.28294838518953,25.16004817414381,2.0812997388578234,-0.8607095818043106,-0.10918218124751775
89.33294838518952,25.16004817414381,2.0073381688203216,-0.6361955870818489,-0.2740393925322917
89.38294838518952,25.16004817414381,1.998637391809335,-0.5757612981471665,-0.14813604549968462
89.43294838518952,25.16004817414381,1.957918905366069,-0.7661628501917995,0.2542734786570806
89.48294838518952,25.16004817414381,1.956528132270985,-0.7281127525753214,0.34107883350032137
89.53294838518953,25.16004817414381,1.5886352308464062,-0.7480974456599812,0.4782851824997575
89.58294838518952,25.16004817414381,2.2109388274852733,-0.9355593075901769,0.06699468354101405
89.63294838518952,25.16004817414381,2.5296941978472827,-0.8003888371841351,-0.5229020000140653
89.68294838518952,25.16004817414381,2.32701384098254,-0.9481635934325623,-0.5093957934423754
89.73294838518952,25.16004817414381,2.0079557127422167,-0.8302863946541023,-0.35440124615102686
89.78294838518953,25.16004817414381,1.59865976578372,-0.6835362570864577,-0.16957445635930063
89.83294838518952,25.16004817414381,1.5106464239986992,-0.7414946036973403,-0.10627900539480342
89.88294838518952,25.16004817414381,1.0283415916410032,-1.0224440193702864,0.1021484122926432
89.93294838518952,25.16004817414381,0.5789661422724204,-1.1721468884772293,0.32571153806958647
89.98294838518952,25.16004817414381,0.5473017030594124,-1.1530623238527264,0.44019688434306903
90.03294838518953,25.16004817414381,0.06427203573482415,-1.3721781503194102,0.8433798137869222
90.08294838518952,25.16004817414381,0.1482417044061933,-0.9070136377803375,0.3663136870639165
90.13294838518952,25.16004817414381,-0.22952291089746835,-1.0051476647998632,0.157826233557954
90.18294838518952,25.16004817414381,-0.42896867510996,-1.0079833187614786,0.002006402472435038
90.23294838518952,25.16004817414381,-0.24750821951346302,-0.8989455448896192,-0.2946126734803258
90.28294838518951,25.16004817414381,0.1160638107812606,-0.5630514886354198,-0.7035486613385074
90.33294838518952,25.16004817414381,0.20144721807851246,-0.43748111245139076,-0.8287679444932493
90.38294838518952,25.16004817414381,0.015333385074150982,-0.5423246999567971,-0.7066610260411555
90.48294838518952,25.16004817414381,-0.0316632659549506,-0.5003558091730519,-0.5652349535017341
90.53294838518951,25.16004817414381,-0.3718654013854167,-0.6191657432698466,-0.12606469139134666
90.58294838518952,25.16004817414381,-0.2474555483859062,-0.571873234117529,-0.11972842451591964
90.63294838518952,25.16004817414381,-0.16700463761176598,-0.5020828337243539,-0.35838071783036957
90.68294838518952,25.16004817414381,-0.7454886125046029,-0.885923094259284,-0.6314918826151498
90.73294838518952,25.16004817414381,-0.7012859791909926,-0.8882808371364586,-0.688755521950009
90.78294838518951,25.16004817414381,-0.9117678374070431,-0.9288752502384989,-0.40752073238309033
90.83294838518952,25.16004817414381,-0.8798735006202082,-0.8170760292129422,-0.489056921191319
90.88294838518952,25.16004817414381,-0.408023823455246,-0.18793185001364524,-0.9395940251023251
90.93294838518952,25.16004817414381,-0.8877041185013171,-0.557990300579909,-0.5890191591030282
90.98294838518952,25.16004817414381,-1.2440120689161414,-1.270741120741164,-0.06204129971133471
91.03294838518951,25.16004817414381,-1.5524900294151196,-1.516707233131934,0.5362839742930818
91.13294838518952,25.16004817414381,-2.258350557493876,-1.6151182564766686,1.627218541250637
91.18294838518952,25.16004817414381,-1.3914893937329367,-1.3518423064561882,0.524554612522954
91.23294838518952,25.16004817414381,-0.475858412653096,-0.23213297246466352,-0.6070078665946521
91.28294838518951,25.16004817414381,-0.7685466826980794,-0.34058062375673326,-0.7934635927859301
91.33294838518952,25.16004817414381,-1.1601906998318479,-0.4018000597123678,-1.2142263151912829
91.38294838518952,25.16004817414381,-1.26698908671241,-0.25136512142990464,-1.2269761437046247
91.43294838518952,25.16004817414381,-1.2863765556657802,-0.31502362095966296,-1.4545599763000039
91.58294838518952,25.16004817414381,-1.0879996650327548,-0.10635160550440072,-1.2472115992784962
91.73294838518952,25.16004817414381,-1.158059873825668,0.7676704624597925,-0.9764513057190312
91.78294838518951,25.16004817414381,-0.9773688713453782,0.38907918386582735,-1.0196606176913003
91.83294838518952,25.16004817414381,-0.9277444719370679,-0.3049540783850833,-1.2159493894463573
91.88294838518952,25.16004817414381,-1.1154398879249317,0.01488504936444209,-0.7290686989372063
91.93294838518952,25.16004817414381,-1.2852268786412275,-0.17345662895679434,-1.2727220800796435
91.98294838518952,25.16004817414381,-0.9911313428630315,-0.4512947696105828,-1.3919563002744566
92.03294838518951,25.16004817414381,-1.130484611960808,-0.32871472560243814,-0.8534355793196938
92.08294838518952,25.16004817414381,-1.0737472992009836,-0.11769224622962358,-1.3452935740347507
92.13294838518952,25.16004817414381,-1.832788025004799,-0.5257507402384355,-1.3198644632957295
88.48294838518952,25.110048174143817,2.1741462901237263,-1.340038468563094,-0.11867186294904537
88.53294838518953,25.110048174143817,2.292794211925483,-1.1024393746596517,-1.0631141193144817
88.58294838518952,25.110048174143817,2.4713512974579412,-0.6938845351608465,-1.141400862532777
88.63294838518952,25.110048174143817,2.426597681226441,-0.6726073513662995,-0.7466184928710181
88.68294838518952,25.110048174143817,2.488853012780692,-0.8314039784068599,-0.2884855401287736
88.73294838518952,25.110048174143817,2.575204504529351,-0.698677774300249,-0.07470936401659004
88.78294838518953,25.110048174143817,2.4134498121153998,-0.5161256710858091,-0.13865213547750174
88.83294838518952,25.110048174143817,2.0539556614824828,-0.7720763850749209,-0.15975899951102265
88.88294838518952,25.110048174143817,2.2247191528183357,-0.9751472629885108,-0.09928491381054852
88.93294838518952,25.110048174143817,2.4241299385938184,-0.6996064845031785,-0.20638765342654747
88.98294838518952,25.110048174143817,2.542168875164712,-0.7334997929868919,-0.3085539786126838
89.03294838518953,25.110048174143817,2.6538425142466546,-0.1997704959883636,-0.18568428375151927
89.08294838518952,25.110048174143817,2.659195005406547,-0.5523769186164029,-0.01246511252790727
89.13294838518952,25.110048174143817,2.227284156603658,-0.7864995473315926,-0.13533271187082183
89.18294838518952,25.110048174143817,2.204247497300828,-0.8672624715566447,-0.12157741593531873
89.23294838518952,25.110048174143817,2.0667897480233948,-0.9040303401604213,-0.40918850000940177
89.28294838518953,25.110048174143817,1.9339280346789427,-0.9333510222542428,-0.44395118266015404
89.33294838518952,25.110048174143817,2.2548014023793184,-0.6525463057072001,-0.5851828701801136
89.38294838518952,25.110048174143817,2.142850148660159,-0.6432439780437601,-0.33401064418511855
89.43294838518952,25.110048174143817,1.9971249001265756,-0.8325291850491421,0.45501562422808267
89.48294838518952,25.110048174143817,1.688544283651266,-0.7950072916434145,0.4448734712375408
89.53294838518953,25.110048174143817,1.4892781087769014,-0.6411167356010463,0.5376554092442306
89.58294838518952,25.110048174143817,2.3554174319932963,-0.7224111914925742,0.45461362715636133
89.63294838518952,25.110048174143817,2.6478707282394685,-0.7285539336777496,-0.3891971069636142
89.73294838518952,25.110048174143817,1.7931436584684461,-0.998604614166071,0.10930337555135874
89.78294838518953,25.110048174143817,1.5883063448377928,-0.696352163061698,-0.014418945194972615
89.83294838518952,25.110048174143817,1.5658788261765504,-0.44944310265930487,-0.32249647913642726
89.88294838518952,25.110048174143817,1.312145792914307,-0.6741779305038995,-0.15374716942005745
89.93294838518952,25.110048174143817,0.7094872703416861,-1.135028178923762,-0.028626575949328492
89.98294838518952,25.110048174143817,0.5799499450449794,-1.1206587786529472,0.18283225283940227
90.03294838518953,25.110048174143817,0.31869621507872853,-0.8129919694515015,0.5260010686779494
90.08294838518952,25.110048174143817,0.05085030364136832,-0.6626522683818505,0.6400791569275911
90.13294838518952,25.110048174143817,-0.43141148747688474,-0.9168902658718262,0.45119823351703386
90.18294838518952,25.110048174143817,-0.24770388930503795,-0.8338547883461432,0.35636564021785677
90.23294838518952,25.110048174143817,-0.08299360374678527,-0.9274652711759929,0.013070733741415399
90.28294838518951,25.110048174143817,-0.23911919885313482,-0.870369663786955,-0.06802137403130802
90.33294838518952,25.110048174143817,-0.4556475382589249,-1.0152034525046671,0.05327752347040281
90.38294838518952,25.110048174143817,-0.3508135837807209,-0.9951590069198899,0.2605003197306201
90.43294838518952,25.110048174143817,-0.23698975498815888,-0.8545746957100996,0.394353173213232
90.48294838518952,25.110048174143817,0.016765132340571864,-0.8039649223757561,0.12997598128221904
90.53294838518951,25.110048174143817,0.057348839274011215,-0.8190656793737983,0.23387457563191114
90.58294838518952,25.110048174143817,-0.2685321901839475,-0.721319610486681,0.5815269340215712
90.63294838518952,25.110048174143817,-0.17774119190505716,-0.8502007711769851,0.22452952602826912
90.68294838518952,25.110048174143817,-0.31393103314264464,-0.7321366456086074,-0.24541332335237798
90.73294838518952,25.110048174143817,-0.577773357375089,-1.0255016081723425,-0.3214524799984378
90.78294838518951,25.110048174143817,-0.5990646171882954,-0.9690924727621183,-0.11262706143424273
90.83294838518952,25.110048174143817,-0.7984502809603433,-0.9387977389236998,0.286441668346746
90.88294838518952,25.110048174143817,-0.6983764628377795,-0.7853666907214999,0.20016670024071676
90.93294838518952,25.110048174143817,-1.1129790896370528,-1.59370771698637,0.4148929016298442
90.98294838518952,25.110048174143817,-1.4666180048710205,-2.230977861023881,0.3593497538886526
91.03294838518951,25.110048174143817,-2.0106566381327955,-1.9067408503969463,1.235274429366964
91.08294838518952,25.110048174143817,-2.6835720842571322,-1.802980787254226,1.6303627286474702
91.18294838518952,25.110048174143817,-2.305620862221208,-2.1892244514133576,0.8026545187186528
91.23294838518952,25.110048174143817,-1.4890136405384347,-0.9080109106509368,-0.032497910530111154
91.28294838518951,25.110048174143817,-1.4334757982527135,-0.7710531306799252,0.06026866557652778
91.33294838518952,25.110048174143817,-1.5332166753927008,-0.7863641068978734,-0.4051768000932645
91.38294838518952,25.110048174143817,-1.5123706050463108,-0.8057926363197699,-0.7035471910344046
91.43294838518952,25.110048174143817,-1.282337793562394,-0.5760739078592694,-0.15740420163975982
91.48294838518952,25.110048174143817,-1.2627426423040087,-0.4401117798138978,0.3005177621892015
91.53294838518951,25.110048174143817,-0.9455096788026033,-0.2879256210450768,-0.4133338716561049
91.58294838518952,25.110048174143817,-0.9679839126331419,-0.20066219633233529,-1.2397745750467197
91.63294838518952,25.110048174143817,-0.8048283095461297,0.0634922087434644,-1.8832655391085393
91.68294838518952,25.110048174143817,-0.8331821701788364,0.21844054924323902,-1.9158726086882276
91.73294838518952,25.110048174143817,-1.1232740695495371,0.16952400986439503,-1.0971851081924135
91.78294838518951,25.110048174143817,-0.8798170204111629,-0.3739302746810119,-1.099867034734122
91.83294838518952,25.110048174143817,-1.0130244806648723,-0.9714109312965724,-1.1687423805528352
91.88294838518952,25.110048174143817,-0.7719914476445746,-0.1755475200923558,-0.9639601059474854
91.93294838518952,25.110048174143817,-0.9024869995695295,0.2669435626557016,-1.336029621810999
91.98294838518952,25.110048174143817,-1.083895796007838,0.33277700390767445,-1.6425939043469249
92.03294838518951,25.110048174143817,-1.128803344656761,0.0765642261043221,-1.306900420094221
92.08294838518952,25.110048174143817,-0.9592888784157488,0.4249191185825181,-1.6671718687517412
92.13294838518952,25.110048174143817,-1.451053827653834,-0.10081399950772717,-1.6000216134296452
92.18294838518952,25.110048174143817,-1.9830512120089456,-0.5574500768716372,-0.8108363660543463
92.23294838518952,25.110048174143817,-2.4521615321865,-0.9312576729294212,-0.3662634563060455
88.48294838518952,25.060048174143816,2.539737240090812,-0.5427640524395726,-0.505686677594502
88.53294838518953,25.060048174143816,2.607880876747222,-0.3682217952280537,-1.1573728602713154
88.58294838518952,25.060048174143816,2.5887362029305487,-0.3621652829670325,-1.062136935038977
88.63294838518952,25.060048174143816,2.5595228310853817,-0.40291025631860616,-0.29714597827101935
88.68294838518952,25.060048174143816,2.306988105288247,-0.4423857532815191,-0.10017068617265187
88.73294838518952,25.060048174143816,2.4493551495774777,-0.1320947049340566,-0.15535534943151896
88.78294838518953,25.060048174143816,2.30881023738095,-0.2844100078719396,0.06202703095802209
88.83294838518952,25.060048174143816,2.1601746214494,-0.5049122557799051,0.09685986128349175
88.88294838518952,25.060048174143816,2.147499514202749,-0.6845035028938871,0.10713288615378418
88.93294838518952,25.060048174143816,2.527752461405807,-0.5462704126273572,-0.2690203838814965
88.98294838518952,25.060048174143816,2.5648354617737077,-0.5744101618844394,-0.2852867178625667
89.03294838518953,25.060048174143816,2.538063862946987,-0.3920602549094155,-0.2514040977159063
89.08294838518952,25.060048174143816,2.213197239439345,-0.5148446813794987,-0.13803722173214086
89.13294838518952,25.060048174143816,2.117813738338432,-0.5786108867427593,-0.15539114361736103
89.18294838518952,25.060048174143816,2.267865145986929,-0.7505415685532362,-0.18363109042128004
89.23294838518952,25.060048174143816,2.071761288580641,-0.8747840447358474,-0.3175547775384088
89.28294838518953,25.060048174143816,2.1915752610845853,-0.8832556186469975,-0.48328617230768217
89.33294838518952,25.060048174143816,2.523462826514489,-0.6899569645554011,-0.5153367408809563
89.38294838518952,25.060048174143816,2.2048249486048523,-0.8861528811073256,-0.18689404539575194
89.43294838518952,25.060048174143816,2.2292183655951643,-0.956075767649666,0.0008231476228196732
89.48294838518952,25.060048174143816,1.8113851915457109,-0.8146617109761418,0.39933916738210545
89.53294838518953,25.060048174143816,1.8141531021021926,-0.6937183055907725,0.37942078691708686
89.58294838518952,25.060048174143816,2.7661778009777866,-0.8099376924618668,0.33882143824583666
89.63294838518952,25.060048174143816,2.9406869704571403,-1.0413986803868966,0.28634002875773124
89.68294838518952,25.060048174143816,2.7166992883273333,-0.7069110585089998,-0.9677671186328827
89.73294838518952,25.060048174143816,1.6017202885372845,-0.9183570453076408,-0.21186873266931558
89.78294838518953,25.060048174143816,0.9703564164850518,-0.5707741455781706,0.054730181763990714
89.83294838518952,25.060048174143816,0.9403382166464342,-0.565734009539013,-0.3343173514482404
89.88294838518952,25.060048174143816,1.4386387224381987,-0.6714345753361719,-0.20398225640873874
89.93294838518952,25.060048174143816,1.1705030125520375,-0.9316297452209676,-0.12822297420467088
89.98294838518952,25.060048174143816,0.7410170710384578,-1.183707070187942,0.27327382221370106
90.03294838518953,25.060048174143816,0.38226047524460266,-1.1189515620152706,0.4942998382380577
90.08294838518952,25.060048174143816,-0.07587982053858677,-0.9458337734565718,0.6680459890484228
90.13294838518952,25.060048174143816,-0.17627647036037072,-0.9532213075752811,1.0376990819282985
90.18294838518952,25.060048174143816,-0.01713772519929982,-0.6307981599357246,0.6226268669489183
90.23294838518952,25.060048174143816,0.018089272233810762,-0.7466501406161743,0.2960099573124147
90.28294838518951,25.060048174143816,-0.02886582318979589,-0.9190712507230464,0.2090613056481187
90.33294838518952,25.060048174143816,-0.33555179995555806,-1.153943881222115,0.4128195184732617
90.38294838518952,25.060048174143816,-0.32274489952701235,-1.1145782524282128,0.5206503353102965
90.43294838518952,25.060048174143816,-0.09318370432764773,-1.1093251803763458,0.5253092075540697
90.48294838518952,25.060048174143816,-0.05757465617015768,-1.2761400333176505,0.5906598591147781
90.53294838518951,25.060048174143816,-0.11551600875164121,-1.0954963318698647,0.8039557501273351
90.58294838518952,25.060048174143816,-0.19535902715362516,-1.0040420339703187,0.9214695098043887
90.63294838518952,25.060048174143816,-0.1352274374619398,-0.898790934136246,0.564524155677255
90.68294838518952,25.060048174143816,-0.2999456674474854,-1.1797500780520631,0.06045580906272968
90.73294838518952,25.060048174143816,-0.4617436989865036,-1.2879825059063408,0.09557087830885636
90.78294838518951,25.060048174143816,-0.6547639396213771,-1.4532826643472818,0.4583318440074576
90.83294838518952,25.060048174143816,-0.927746785382438,-1.2392123562017543,0.9307369637624894
90.88294838518952,25.060048174143816,-1.277339298504093,-1.4346673823055551,1.1711114635062336
90.93294838518952,25.060048174143816,-1.5264472035162584,-2.3647114793910395,1.5489648803720613
90.98294838518952,25.060048174143816,-1.503247820462748,-2.598498192207522,1.501017408011679
91.03294838518951,25.060048174143816,-1.7003635563260202,-2.2732950652103563,1.373101716282132
91.08294838518952,25.060048174143816,-2.1825287246717804,-1.5652895293309697,1.6723820558004105
91.13294838518952,25.060048174143816,-2.463864317827602,-2.059275801169413,2.008593813318286
91.18294838518952,25.060048174143816,-2.4743685503107136,-2.3573798964783186,1.8464796233868785
91.23294838518952,25.060048174143816,-1.869552120803987,-1.7196266440698125,1.0318401248094844
91.28294838518951,25.060048174143816,-1.9079633711687314,-1.3018939937583272,1.0293806526659257
91.33294838518952,25.060048174143816,-1.8310902893579355,-1.3036004637128753,0.8917019975942652
91.38294838518952,25.060048174143816,-1.5962243679890042,-0.728440182805521,0.5108865988233049
91.43294838518952,25.060048174143816,-1.4083510281414295,-0.6185597660373079,0.5324140635596485
91.48294838518952,25.060048174143816,-0.8218036246252791,-0.4216128223239817,0.3221028713808259
91.53294838518951,25.060048174143816,-0.8392310527063983,-0.3061111932303107,0.22110579714880488
91.58294838518952,25.060048174143816,-1.3862563638731746,-0.18136240056140046,0.32123653218423986
91.63294838518952,25.060048174143816,-1.0291615031913481,-0.24072802061503246,-0.5160864658397505
91.68294838518952,25.060048174143816,-1.0503137246391556,-0.3421367949239842,-0.619751627403658
91.73294838518952,25.060048174143816,-1.3480514250715463,-0.6231268593194763,-0.17937134943270258
91.78294838518951,25.060048174143816,-1.1528506217186902,-0.6565552653126953,-0.585727863885919
91.83294838518952,25.060048174143816,-1.0339348359544127,-0.5895250698417634,-0.8297434390046212
91.88294838518952,25.060048174143816,-0.883670754263673,-0.4825742980699481,-0.34709739742448015
91.93294838518952,25.060048174143816,-1.3965397318446142,-0.4533336617654517,0.08966961363564852
91.98294838518952,25.060048174143816,-1.3127825832413926,-0.02306697978938231,-0.6059719019168266
92.03294838518951,25.060048174143816,-0.9296350469511359,0.14730395204713137,-0.9353379448660627
92.08294838518952,25.060048174143816,-0.9810005101796169,0.2715241119763428,-1.5782501190060134
92.13294838518952,25.060048174143816,-1.1054553214964615,0.20544380863289677,-1.7302838865263848
92.18294838518952,25.060048174143816,-1.3206108711603655,-0.29124786738784725,-1.5218455989381987
92.23294838518952,25.060048174143816,-1.6641744035837656,-0.3755941327518321,-1.6929579387983527
92.28294838518951,25.060048174143816,-1.8696447732907076,-0.3947515115938212,-1.4967397086433742
92.33294838518952,25.060048174143816,-2.3324653962830197,-0.16538483786096037,-0.09840729622371522
88.43294838518952,25.01004817414381,2.645704654587944,-0.24261582936396062,0.5654586324703648
88.48294838518952,25.01004817414381,2.508393482399139,-0.07637450228817792,-0.4102334693493689
88.53294838518953,25.01004817414381,2.675688609500588,0.33414162312166634,-1.2285078392605833
88.58294838518952,25.01004817414381,2.4158529305228393,0.04198137025992865,-0.5441140766146815
88.63294838518952,25.01004817414381,2.4067150745119386,-0.22794861608833167,0.0840206576339999
88.68294838518952,25.01004817414381,2.5346183826223174,-0.1889695311338154,0.08495505045419592
88.73294838518952,25.01004817414381,2.326891892119967,-0.04376900758066979,-0.02879757841901419
88.78294838518953,25.01004817414381,2.064942250508462,-0.4030573495701381,0.32460875371101033
88.83294838518952,25.01004817414381,2.1308121937636084,-0.39556887316328104,0.32331466763972494
88.88294838518952,25.01004817414381,2.327022258233128,-0.42258616219080564,0.046766002898574036
88.93294838518952,25.01004817414381,2.4515913904031432,-0.3613294459343438,-0.3037467706734635
88.98294838518952,25.01004817414381,2.2933849478574215,-0.35859739315234407,-0.26986014594120944
89.03294838518953,25.01004817414381,2.2359765755643335,-0.39669267334368113,-0.4168383287116816
89.08294838518952,25.01004817414381,2.0569436936797207,-0.663074118757444,-0.04977537152376378
89.13294838518952,25.01004817414381,2.134940590146504,-0.6650369618626513,0.1274934226301028
89.18294838518952,25.01004817414381,2.0313884454886204,-0.8583087077450897,0.013196192156971844
89.23294838518952,25.01004817414381,1.9266569314698598,-1.0431099592973407,-0.08409069111819999
89.28294838518953,25.01004817414381,2.1610750867940607,-0.858858866196728,-0.134074060227259
89.33294838518952,25.01004817414381,2.3055857283566694,-0.49705225309591194,-0.7058391725683759
89.38294838518952,25.01004817414381,1.992915297073063,-0.521765007885205,-0.39707055252951245
89.43294838518952,25.01004817414381,1.8748804506800198,-0.8240763575473985,0.014308961558621153
89.48294838518952,25.01004817414381,1.4380280403839087,-0.8974023703101575,0.17180653401868012
89.53294838518953,25.01004817414381,1.7432570686937927,-0.8571409104109524,0.30197035007107376
89.58294838518952,25.01004817414381,2.6036150321020015,-1.012991410481813,0.09366834264220532
89.68294838518952,25.01004817414381,3.003438152347705,-0.28487833430896004,-0.8415371098678642
89.73294838518952,25.01004817414381,1.591207052212742,-0.5182275735749184,-0.22504959042021283
89.78294838518953,25.01004817414381,1.1369404620773336,-0.7368657166515604,0.2926877071600575
89.83294838518952,25.01004817414381,1.1154219152364946,-0.6825486838151795,-0.02331366727502593
89.88294838518952,25.01004817414381,1.5387538106020564,-0.3373268894359614,-0.03848985195965734
89.93294838518952,25.01004817414381,1.6557092990047677,-0.4500219910053044,-0.01849602490935487
89.98294838518952,25.01004817414381,1.3154150816727435,-0.5397008526879349,-0.03262772135235605
90.03294838518953,25.01004817414381,0.5924940141425816,-0.4508053409863456,0.21490131109955804
90.08294838518952,25.01004817414381,0.33797078765039634,-0.9013523949570027,0.44351843550356507
90.13294838518952,25.01004817414381,0.449690227513106,-0.9763882418068517,0.5750831651976068
90.18294838518952,25.01004817414381,0.3610998296402246,-0.7707719239908822,0.5176314720072375
90.23294838518952,25.01004817414381,0.2501674919507808,-0.5952792493351731,0.5028319291894904
90.28294838518951,25.01004817414381,0.2388084091904251,-0.7194586974885506,0.6397726715956012
90.33294838518952,25.01004817414381,-0.04426158920591917,-0.8579266365435655,0.6536454468805682
90.38294838518952,25.01004817414381,0.2745694722582031,-0.7874137680149517,0.599037031696105
90.43294838518952,25.01004817414381,0.11171962898013393,-0.9692399840884975,0.6677723045204677
90.48294838518952,25.01004817414381,0.23669481325286573,-0.9639307728405454,0.5564854425691234
90.53294838518951,25.01004817414381,0.2646257930819495,-0.846155953440233,0.6523588500502147
90.58294838518952,25.01004817414381,-0.13121168003010183,-1.1314284115794748,0.8855737897058488
90.63294838518952,25.01004817414381,-0.10780539212711825,-0.6940160305041433,0.7874203880838226
90.68294838518952,25.01004817414381,0.019267849948858877,-0.9375615828014617,0.5525119177444529
90.73294838518952,25.01004817414381,-0.24034727554434504,-1.4430748980046118,0.7923822095475438
90.78294838518951,25.01004817414381,-0.7121548327839213,-1.681435470863874,0.7469544390312598
90.83294838518952,25.01004817414381,-0.7497228368265317,-1.4666329394816648,1.0838177774536417
90.88294838518952,25.01004817414381,-0.8782181291360869,-1.241745913675421,1.5143533447158655
90.93294838518952,25.01004817414381,-1.1374794586650445,-1.587740792401199,1.3115125869448225
90.98294838518952,25.01004817414381,-1.078797252796393,-1.9945877831697463,1.5784734229240232
91.03294838518951,25.01004817414381,-1.25693171891272,-1.960322585531445,1.8897386810978716
91.08294838518952,25.01004817414381,-1.6842838853965623,-1.571325884890147,1.6718440754620507
91.13294838518952,25.01004817414381,-2.0961086761512258,-1.942916007661112,1.873466101034123
91.18294838518952,25.01004817414381,-2.0776182170413544,-1.8335257435791976,1.9599568558081681
91.23294838518952,25.01004817414381,-1.819448116179965,-1.6674188315167342,1.2166989524130873
91.28294838518951,25.01004817414381,-1.4826679639813936,-1.131176658531455,1.3537903936707425
91.33294838518952,25.01004817414381,-1.634777641584517,-0.9874831293750036,1.1834515039059805
91.38294838518952,25.01004817414381,-1.7802587651183768,-0.9940722547973364,0.9101995310874919
91.43294838518952,25.01004817414381,-1.7265316153879977,-1.1425842983657808,0.8607523832099345
91.48294838518952,25.01004817414381,-0.7819898452167338,-0.8380998977555392,0.6929952494364354
91.53294838518951,25.01004817414381,-0.39988024154860025,-0.34696704478690527,-0.24319358074095568
91.58294838518952,25.01004817414381,-0.6505724148919536,-0.3112657454170295,-0.44831739895491884
91.63294838518952,25.01004817414381,-0.5211640475334935,-0.18009956394795865,-0.009893047643101017
91.68294838518952,25.01004817414381,-0.8804548873841999,-0.1961582289048526,0.04959439952587873
91.73294838518952,25.01004817414381,-1.4218245754109349,-0.168440595290978,0.32944851992538693
91.78294838518951,25.01004817414381,-0.9577094173409417,0.14623116233259442,-0.45858663382043413
91.83294838518952,25.01004817414381,-0.5844454823174114,0.11550102868461268,-0.5745861107043884
91.88294838518952,25.01004817414381,-1.0147631991921304,-0.5316595830567427,0.07140694171694667
91.93294838518952,25.01004817414381,-1.493373281101497,-0.697262894582437,-0.10341082689430124
91.98294838518952,25.01004817414381,-1.4862832899507339,-0.5907147775544892,-0.5096187942210032
92.03294838518951,25.01004817414381,-1.823689490617669,-0.42420419730245956,0.08931397973239028
92.08294838518952,25.01004817414381,-1.6169026167450469,-0.21471579194859747,0.018231329422333936
92.13294838518952,25.01004817414381,-1.335320447258261,-0.24802214094530645,-0.8312702545424149
92.18294838518952,25.01004817414381,-1.2356143145889924,-0.2462574580271149,-0.8472427635889189
92.23294838518952,25.01004817414381,-1.3418114900440457,-0.21030567052908405,-1.4739866307354337
92.28294838518951,25.01004817414381,-1.3077448134896648,-0.05490282009541088,-1.0973063090012711
92.33294838518952,25.01004817414381,-1.2014017251805016,0.11177870220357922,-0.7451331537091449
92.38294838518952,25.01004817414381,-1.5120787186920317,0.08920080363279498,-0.7139225266416996
92.43294838518952,25.01004817414381,-1.9488005633172485,-0.35769091930573815,-0.4955548508229037
88.43294838518952,24.96004817414381,1.9243918404914166,-0.8261239165907888,0.9438653779011132
88.48294838518952,24.96004817414381,2.3503213593401013,-0.04824025982017882,-0.5649691536648399
88.53294838518953,24.96004817414381,2.517177445411079,0.42850082487635066,-1.0668028781234462
88.58294838518952,24.96004817414381,2.2890624058749163,-0.044645456663824135,-0.18401531536038546
88.63294838518952,24.96004817414381,2.4921664103107095,-0.09845834863610392,0.3147224401200188
88.68294838518952,24.96004817414381,2.4376122461502123,-0.1547251471284654,0.32186166303527525
88.73294838518952,24.96004817414381,2.2466356517034125,-0.00011012807468507857,0.32713493915494224
88.78294838518953,24.96004817414381,2.0866536233654203,-0.2724066358149077,0.4053168764651129
88.83294838518952,24.96004817414381,1.9268447865571496,-0.29746739231221664,0.37524570395688034
88.88294838518952,24.96004817414381,2.2119922087565342,-0.2707133762288281,0.16600048401893808
88.93294838518952,24.96004817414381,2.420962359171908,-0.1271205670438858,-0.40650772365609567
88.98294838518952,24.96004817414381,2.453442943987739,-0.2808533095963203,-0.1004935194773145
89.03294838518953,24.96004817414381,2.145850979922964,-0.3799768198836315,-0.1628270466903714
89.08294838518952,24.96004817414381,1.9632620759297477,-0.5337282426227268,-0.006594786833965171
89.13294838518952,24.96004817414381,2.0333654495822784,-0.6896132324226428,0.2172981588903276
89.18294838518952,24.96004817414381,1.9040042471611849,-0.6789034694849008,0.11066338133067787
89.23294838518952,24.96004817414381,1.9173738910169884,-0.7654157610406866,0.07652650940266452
89.28294838518953,24.96004817414381,2.201402268250165,-0.6761894029569937,-0.18170913668680416
89.33294838518952,24.96004817414381,2.1125154492957696,-0.6507439411837401,-0.23464197822039326
89.38294838518952,24.96004817414381,2.022038127314256,-0.6149855129379028,-0.4461306936032013
89.43294838518952,24.96004817414381,1.930523289515082,-0.9211262123340554,-0.12704576314460517
89.48294838518952,24.96004817414381,1.5804793029698712,-0.9859369478398261,-0.013267021801496182
89.53294838518953,24.96004817414381,1.808116215260077,-0.7795929227412919,-0.012179003468479844
89.58294838518952,24.96004817414381,2.5870348741995217,-0.6112412093052937,-0.5563148259211907
89.68294838518952,24.96004817414381,2.2952628532286363,-0.23219602133875156,-0.38059388619104595
89.73294838518952,24.96004817414381,1.2062735633878405,-0.560772636072995,0.005340098930139702
89.78294838518953,24.96004817414381,0.9236108145116083,-0.6484800547975793,0.01565855706805175
89.83294838518952,24.96004817414381,1.104915108915988,-0.6226146872449938,0.12174086006120098
89.88294838518952,24.96004817414381,1.2803379219081656,-0.41835531540191984,0.0015246124168549402
89.93294838518952,24.96004817414381,1.56262543426848,-0.005154089532627332,-0.19480495474349313
89.98294838518952,24.96004817414381,1.3849616706392387,-0.5643829675335976,0.04719168621975206
90.03294838518953,24.96004817414381,0.9193659066208815,-0.5290252572050822,-0.019325295648685844
90.08294838518952,24.96004817414381,0.8543662996588586,-0.6278175940364626,0.030347186561891996
90.13294838518952,24.96004817414381,0.6339827872126279,-0.832527232702669,0.40503026121423924
90.18294838518952,24.96004817414381,0.6493531183003376,-0.676366529271412,0.577239740243441
90.23294838518952,24.96004817414381,0.23329778922239303,-0.7313901159075916,0.7319613757075888
90.28294838518951,24.96004817414381,0.39992144001160057,-0.8060619762797512,0.6851496290870013
90.33294838518952,24.96004817414381,0.13495866713571342,-0.7599846140407144,0.6692672988494486
90.38294838518952,24.96004817414381,0.665685728088974,-0.6626738683582192,0.7690598805158676
90.43294838518952,24.96004817414381,0.09349294632803443,-1.0277814057053216,0.8705671879041262
90.48294838518952,24.96004817414381,0.06303956809248204,-1.0059638028024525,0.6908270610812559
90.53294838518951,24.96004817414381,0.34584180478581994,-0.8961973498045667,0.6621435416213473
90.58294838518952,24.96004817414381,-0.03234700883072992,-1.1979356330093427,0.7214925047796991
90.63294838518952,24.96004817414381,0.07657939595732786,-0.9839186209807939,0.5715126150486242
90.68294838518952,24.96004817414381,0.033419403752127964,-1.2046398151434974,0.6092957507975552
90.73294838518952,24.96004817414381,-0.35558441521497314,-1.2363071161969394,0.932821688228002
90.78294838518951,24.96004817414381,-0.5602935651914971,-1.3986310575453391,0.8803443873525397
90.83294838518952,24.96004817414381,-0.6149830608147795,-1.4725922916906824,1.0901717124606134
90.88294838518952,24.96004817414381,-0.5562918627173147,-1.2731612540243977,1.3297361167871504
90.93294838518952,24.96004817414381,-0.6605396124341153,-1.012227490786148,1.1085057105492946
90.98294838518952,24.96004817414381,-0.8705690846448892,-0.8962348678211816,1.0493796395192472
91.03294838518951,24.96004817414381,-1.1001427164777815,-1.453787570763861,2.000577171192251
91.08294838518952,24.96004817414381,-1.6964147562437544,-1.7048029693684976,2.026516132833927
91.13294838518952,24.96004817414381,-1.881542681179633,-1.7050592823633872,1.5726160526160309
91.18294838518952,24.96004817414381,-1.8374332613744038,-1.680739845589653,1.5233457020915078
91.23294838518952,24.96004817414381,-2.0030817139231827,-1.9244279926257943,1.4442775701063502
91.28294838518951,24.96004817414381,-1.5708853532138134,-0.9663458119679469,1.1623361897033981
91.33294838518952,24.96004817414381,-1.7104111887206213,-1.143023948536569,1.329292179957845
91.38294838518952,24.96004817414381,-1.7290230678329828,-0.7921779528934763,1.0908807764805546
91.43294838518952,24.96004817414381,-1.7043587924391999,-1.2599860113998091,1.3190960196424124
91.48294838518952,24.96004817414381,-1.4012784363781787,-1.4289360089490029,1.4272055863248188
91.53294838518951,24.96004817414381,-0.9942728499728855,-0.6598562545920743,1.0809600909268224
91.58294838518952,24.96004817414381,-0.9241687004881932,-0.3555078072902303,0.41293519546873836
91.63294838518952,24.96004817414381,-0.7189483551730159,-0.010155511394118355,-0.25689568359019826
91.68294838518952,24.96004817414381,-0.7878093910247704,0.12100529617585085,-0.1845654482636396
91.73294838518952,24.96004817414381,-0.7569634405750492,0.09209619273271494,0.49370974248230853
91.78294838518951,24.96004817414381,-0.4582869159231763,0.03494964664662778,-0.4812146760448308
91.83294838518952,24.96004817414381,-0.4729560376015112,0.21740425176116898,0.18625407884081333
91.88294838518952,24.96004817414381,-0.5699822508294172,-0.2840803839966162,-0.94128642406641
91.93294838518952,24.96004817414381,-1.2119896942561184,-1.0760685430850034,-1.084158977583902
91.98294838518952,24.96004817414381,-1.7519954880034652,-1.150565937136921,-0.8855496850024377
92.03294838518951,24.96004817414381,-1.676939228979762,-0.7030298241848632,0.14083649038201396
92.08294838518952,24.96004817414381,-1.3084462545530937,-0.1722985604598231,0.27114825565933837
92.13294838518952,24.96004817414381,-1.013715106402086,-0.3556649125998444,-0.956124593986235
92.18294838518952,24.96004817414381,-1.0892757265581927,-0.4969922816899109,-1.101339631255776
92.23294838518952,24.96004817414381,-1.7817005472628031,-0.9316772238306534,-0.5682230164195898
92.28294838518951,24.96004817414381,-1.9387283350483977,-0.8917370179858779,0.24455976866100615
92.33294838518952,24.96004817414381,-1.2468430012426124,-0.4944156887418105,0.23213210714131344
92.38294838518952,24.96004817414381,-1.1483266700531134,-0.3613034303361844,-0.790803313039504
92.43294838518952,24.96004817414381,-0.9744669982648083,-0.38590906534471675,-0.7900889727021737
88.18294838518952,24.91004817414381,2.332147632557463,-0.4561628341416095,-0.07013509626966608
88.23294838518952,24.91004817414381,2.260813908717441,-1.0377824424501019,0.2985964577870495
88.33294838518952,24.91004817414381,1.841018522509359,-0.7920113615690141,0.6448378552711088
88.38294838518952,24.91004817414381,1.448787009623216,-0.8363396256108818,0.4668594178372272
88.43294838518952,24.91004817414381,1.7817587816475862,-0.4673938536664496,-0.8213897202524235
88.48294838518952,24.91004817414381,2.28199469285452,0.2949847650065738,-1.1406524860959522
88.53294838518953,24.91004817414381,2.1658151883602135,0.12090254044109634,-0.3008000285460915
88.58294838518952,24.91004817414381,1.9288612815747987,-0.1996868590170329,0.17923105240343326
88.63294838518952,24.91004817414381,2.201765692552052,-0.1482590345331021,0.42177806980257065
88.68294838518952,24.91004817414381,2.200716665883491,-0.3494964341116375,0.45699134807789604
88.73294838518952,24.91004817414381,2.2250047600872342,-0.04220263522295442,0.38286302844155357
88.78294838518953,24.91004817414381,2.273028515457307,-0.0054655665247739516,0.3905393775290125
88.83294838518952,24.91004817414381,1.7530183036735596,-0.3785758438076423,0.5120150636506996
88.88294838518952,24.91004817414381,2.147716968557566,-0.21559419378748867,-0.173627643425508
88.93294838518952,24.91004817414381,2.464559668377023,0.008445814091051274,-0.381621180318648
88.98294838518952,24.91004817414381,2.530764135537337,-0.18335730911653214,-0.2379415259620624
89.03294838518953,24.91004817414381,2.1090736202691525,-0.5608697038406305,-0.09789579580986839
89.08294838518952,24.91004817414381,1.9900834265950351,-0.6354903701791146,0.09411316196949175
89.13294838518952,24.91004817414381,1.9552947244121182,-0.5586525341943511,0.14656508588365944
89.18294838518952,24.91004817414381,1.6713616732901524,-0.5426007712986752,0.1895500084088566
89.23294838518952,24.91004817414381,1.9273239221427312,-0.7277649530907013,0.2793183829020453
89.28294838518953,24.91004817414381,2.206568919235833,-0.6400010039858299,0.05426253764518065
89.33294838518952,24.91004817414381,2.2464111226979893,-0.6736896385429734,-0.4156687050674099
89.38294838518952,24.91004817414381,2.2412813830270504,-0.6348864903721079,-0.3868691671789198
89.43294838518952,24.91004817414381,1.9830613767314382,-1.0100818611778593,-0.09073089025361959
89.48294838518952,24.91004817414381,1.7213347724081258,-0.7760001005488322,-0.029192660548518552
89.53294838518953,24.91004817414381,1.952474333574467,-0.6323973481753064,0.10581589532854613
89.58294838518952,24.91004817414381,2.58852818338701,-0.8192464810745173,-0.026823698462984685
89.68294838518952,24.91004817414381,1.9084323475174578,-0.5273538548460722,-0.2222024168325822
89.73294838518952,24.91004817414381,1.4119386108598615,-0.6758801454613607,0.0441665783680982
89.78294838518953,24.91004817414381,1.3038489294296234,-0.45920951467268784,-0.09639027664091235
89.83294838518952,24.91004817414381,1.292128730211108,-0.6509500370973708,0.23655680484215347
89.88294838518952,24.91004817414381,1.2376393988608374,-0.6787063317530371,0.15076473259966355
89.93294838518952,24.91004817414381,1.1313684905021688,0.10715345311261015,0.34773000807507154
89.98294838518952,24.91004817414381,1.1147285694481812,-0.25089218644395095,0.33367915891520883
90.03294838518953,24.91004817414381,0.9045199842017676,-0.7510041538450366,-0.055384380715535
90.08294838518952,24.91004817414381,1.2223333408610508,-0.5285424345569967,-0.2267855332239551
90.13294838518952,24.91004817414381,1.3007355524568935,-0.4306110757412208,-0.240557873891974
90.18294838518952,24.91004817414381,1.0520522498672789,-0.18417342799231587,-0.11508056351028144
90.23294838518952,24.91004817414381,0.6530871446589062,-0.2799875952404756,-0.20459728221172616
90.28294838518951,24.91004817414381,0.4632849037107114,-0.45580461767442604,0.062010747296863754
90.33294838518952,24.91004817414381,-0.00831191805198462,-0.6031445914059341,0.7702385095764404
90.38294838518952,24.91004817414381,0.2055585377998874,-0.6531223054645916,0.8420943820801573
90.43294838518952,24.91004817414381,-0.2803794182159512,-0.8188526598416591,1.2340999240612995
90.48294838518952,24.91004817414381,-0.20022070646314039,-0.9580736779285179,0.8979749960166423
90.53294838518951,24.91004817414381,-0.02247717988372598,-0.828073724461419,0.7946752740883144
90.58294838518952,24.91004817414381,0.008685203213621921,-0.8774405993662401,0.6983171771104618
90.63294838518952,24.91004817414381,0.31411931131274357,-0.8669031226194515,0.5280296154553181
90.68294838518952,24.91004817414381,-0.006586881757847555,-1.1430478174999756,0.6708212296806286
90.73294838518952,24.91004817414381,0.0012631028157957802,-0.9217659637708868,0.6611669006323515
90.78294838518951,24.91004817414381,-0.2902184925420534,-1.068939134480398,0.7054574329612447
90.83294838518952,24.91004817414381,-0.43090454537681444,-1.2880317452263228,0.7915324708157276
90.88294838518952,24.91004817414381,-0.4979189953300138,-1.2851676840999957,0.7488747065754489
90.93294838518952,24.91004817414381,-0.7655263229069293,-0.9898014508672459,0.8350530871559046
90.98294838518952,24.91004817414381,-0.8655634730551286,-0.7891237545494558,0.819138607174816
91.03294838518951,24.91004817414381,-1.1963832188809078,-0.9590083825076481,1.1664121012922004
91.08294838518952,24.91004817414381,-1.1345833953931166,-1.4031524501748351,1.8315029215539909
91.13294838518952,24.91004817414381,-1.5369825669178723,-1.7721299142335019,1.8262825463299546
91.18294838518952,24.91004817414381,-2.1022114095818925,-1.7018272476830776,1.759138774334423
91.23294838518952,24.91004817414381,-2.1617356715717895,-1.8137440054638307,2.0950368090267313
91.28294838518951,24.91004817414381,-1.9090072311838961,-1.8322569807199591,1.4839193873944116
91.33294838518952,24.91004817414381,-1.490786958998034,-0.8104834771521472,1.205499342511968
91.38294838518952,24.91004817414381,-1.7539344487250146,-1.3642008045076826,1.6193208759543416
91.43294838518952,24.91004817414381,-1.698152106083069,-1.5397057294182572,1.308429297433923
91.48294838518952,24.91004817414381,-1.3340702130200361,-1.0313284028836505,1.430351513864935
91.53294838518951,24.91004817414381,-0.978699967617781,-0.2418749996090505,0.7936184523431498
91.58294838518952,24.91004817414381,-0.9892399150632025,0.0020732558113549793,0.5065629846834644
91.63294838518952,24.91004817414381,-0.7665290286805042,0.11695511737866295,-0.1960478822819744
91.68294838518952,24.91004817414381,-0.6380458584309483,0.28882324749686883,-0.19648034862332894
91.73294838518952,24.91004817414381,-0.363191716324972,0.21073385787166227,-0.3687268853103296
91.78294838518951,24.91004817414381,-0.2296991744710405,-0.07052650019659662,-0.6282355078908126
91.83294838518952,24.91004817414381,-0.3307894906991769,0.6640840365935153,0.35863590578712584
91.88294838518952,24.91004817414381,-0.5703820094636656,1.3646067693957271,0.5357019054631686
91.93294838518952,24.91004817414381,-1.0687790057522075,-0.5102364866136472,-0.3734740943203866
91.98294838518952,24.91004817414381,-1.6994381098427553,-0.6475715047342522,0.5922338170365596
92.03294838518951,24.91004817414381,-1.4553971819080345,-0.4715291288195662,0.6706319532626219
92.08294838518952,24.91004817414381,-1.5530235479210392,-0.591720453625942,-0.22192140594453783
92.13294838518952,24.91004817414381,-1.6995655344693348,-0.9605317898944531,-0.24591755362416703
92.18294838518952,24.91004817414381,-1.7575492556255354,-0.9305539533321338,-0.17121506803572598
92.23294838518952,24.91004817414381,-1.3427859171582952,-0.8058616349397199,-0.5671482754920688
92.28294838518951,24.91004817414381,-1.290740367771497,-1.0013383180602549,-0.6175290285823497
92.33294838518952,24.91004817414381,-1.0535261446142967,-1.1345772433232457,-0.04225817666488529
92.38294838518952,24.91004817414381,-0.8205978695606071,-0.8179979866135625,-0.460771676257342
92.43294838518952,24.91004817414381,-0.9992350621650278,-0.7505975904010266,-1.0901111414870914
92.48294838518952,24.91004817414381,-1.2896644999064564,-0.6616159680212985,-0.624674299032337
88.18294838518952,24.860048174143817,1.9775133103283289,-0.5861709827663629,0.477167740263442
88.23294838518952,24.860048174143817,2.0307328445619044,-1.1634377889709617,0.4811367263549778
88.28294838518953,24.860048174143817,1.9405805932230573,-0.9448688012538945,0.32194792623793994
88.33294838518952,24.860048174143817,1.834936017539258,-1.284513144099789,0.4364509679992717
88.38294838518952,24.860048174143817,1.695158951892904,-1.000007705458215,-0.42755504815605594
88.43294838518952,24.860048174143817,2.0265513805183515,-0.16194680193335048,-1.115188707492117
88.48294838518952,24.860048174143817,2.112268593919419,0.006658004743033866,-0.8346568518239679
88.53294838518953,24.860048174143817,2.088829208457985,-0.16252806651684415,-0.017449462168106545
88.58294838518952,24.860048174143817,1.9281670914917843,-0.2565400106254473,0.14619435390010946
88.63294838518952,24.860048174143817,1.839809158072141,-0.5943415194142501,0.6477657352626797
88.68294838518952,24.860048174143817,1.972116833971645,-0.6294446304510186,0.3417402456028027
88.73294838518952,24.860048174143817,2.1838848074654393,-0.17062982890261372,0.0452998565816416
88.78294838518953,24.860048174143817,2.0782771956171118,-0.15162033142496267,0.5480218198043855
88.83294838518952,24.860048174143817,1.7610446519434337,-0.3117599863533317,0.47934683080221235
88.88294838518952,24.860048174143817,2.091242898037325,-0.04659197444433366,0.07973224497308161
88.93294838518952,24.860048174143817,2.2407578096694665,-0.024013101413442706,0.026626044066444095
88.98294838518952,24.860048174143817,2.346920891485455,-0.02000702869212906,0.04305872996548929
89.03294838518953,24.860048174143817,2.003128772239648,-0.39021199884131164,0.02537415595762714
89.08294838518952,24.860048174143817,2.131612676838408,-0.3320775527184639,0.2124629777758616
89.13294838518952,24.860048174143817,2.1017898160046684,-0.30599854535424764,-0.021749715879791163
89.18294838518952,24.860048174143817,1.8287219955363465,-0.14498471483008354,0.16414032743009044
89.23294838518952,24.860048174143817,1.8122366819202202,-0.6090583180396126,0.09940665324320021
89.28294838518953,24.860048174143817,1.9271620615439078,-0.6904430090526565,-0.018163830708699338
89.33294838518952,24.860048174143817,2.3765232677825003,0.0020803605266058317,-0.0780245902024297
89.38294838518952,24.860048174143817,2.5827291157189753,0.8942990777560038,-0.042581288933813265
89.43294838518952,24.860048174143817,2.1978613774721474,-0.5066641420450357,-0.11467089786451098
89.48294838518952,24.860048174143817,1.7255955894362955,-0.5493942435538501,0.026321185305961923
89.53294838518953,24.860048174143817,1.8378903931851176,-0.44530500167974796,0.1342498520296247
89.58294838518952,24.860048174143817,2.1405395701509855,-0.8541416251478038,0.2061559466794904
89.68294838518952,24.860048174143817,1.8143320813412842,-0.45893060423597964,-0.6567041325362507
89.73294838518952,24.860048174143817,1.5192858140081344,-0.5923258791110475,-0.5375399067798909
89.78294838518953,24.860048174143817,1.2633500298023186,-0.5019966971558507,0.003993502214431556
89.83294838518952,24.860048174143817,1.1731266991371523,-0.547905355573249,0.02384826318232429
89.88294838518952,24.860048174143817,1.379967921532875,-0.30640167251553463,0.016599167741117526
89.93294838518952,24.860048174143817,1.1429091802051015,-0.27335163426408643,0.10582212212947031
89.98294838518952,24.860048174143817,0.7704263998659662,-0.5014380059277188,0.2766240646272316
90.03294838518953,24.860048174143817,0.8114728264738695,-0.4725995640161405,0.40216495407778835
90.08294838518952,24.860048174143817,0.7728641273260384,-0.4319977604669488,0.22574029568019358
90.13294838518952,24.860048174143817,0.8239388590832502,-0.32298607129775575,0.42508776310934715
90.18294838518952,24.860048174143817,1.0548294997377314,-0.31268349837314535,0.23495590052471188
90.23294838518952,24.860048174143817,1.2486533609169528,-0.0993381521788842,-0.17039173818377262
90.28294838518951,24.860048174143817,0.8772571050058267,-0.32179985981079806,0.17918181852130566
90.33294838518952,24.860048174143817,0.3372493614951769,-0.4307897781887897,0.8864801455065908
90.38294838518952,24.860048174143817,0.028581520321994076,-0.24492011065370742,1.2672121220544728
90.43294838518952,24.860048174143817,-0.2763467752537426,-0.3712093746599111,1.2947376379121582
90.48294838518952,24.860048174143817,-0.04040543740395963,-0.8060371875096873,0.8118139658606063
90.53294838518951,24.860048174143817,0.020370090005341665,-0.8348030851847357,0.858582024941717
90.58294838518952,24.860048174143817,0.2563642714287348,-0.6612215871903051,0.6157234113147212
90.63294838518952,24.860048174143817,0.19071153336692612,-0.776138540016535,0.4240640240316549
90.68294838518952,24.860048174143817,0.1809442559754508,-0.7864103030265898,0.6942489747789018
90.73294838518952,24.860048174143817,-0.2763229439304934,-0.6573013970455581,0.7350792864667404
90.78294838518951,24.860048174143817,-0.9682679667946246,-1.4206346421450757,1.0118671446861003
90.83294838518952,24.860048174143817,-1.063426192296328,-1.3662147309108146,1.356756541105023
90.88294838518952,24.860048174143817,-0.5752788751357644,-1.1203089503755563,1.1709553824505534
90.93294838518952,24.860048174143817,-0.773697320533237,-0.7865801627176116,0.9164334128777781
90.98294838518952,24.860048174143817,-0.7876036246028559,-0.8427952467766602,0.5690233282162122
91.03294838518951,24.860048174143817,-0.750727040932683,-0.757891584403779,0.997002361739362
91.08294838518952,24.860048174143817,-0.8263047829694637,-1.023872578766861,1.9595048398512607
91.13294838518952,24.860048174143817,-1.2041522099510271,-1.736586573078199,1.7339706969844084
91.18294838518952,24.860048174143817,-1.6126596088248428,-1.677590418726623,1.8406798972745053
91.23294838518952,24.860048174143817,-1.678412102505654,-1.357621542943841,2.4668868925751046
91.28294838518951,24.860048174143817,-1.782263270323065,-1.7909327818751217,1.6713766833278867
91.33294838518952,24.860048174143817,-1.6824274396055998,-0.9818502146727324,1.3158873647618725
91.38294838518952,24.860048174143817,-1.4995643728941226,-1.325384505198313,1.6114189179173706
91.43294838518952,24.860048174143817,-1.6607135281462577,-1.6260527711235766,1.6585914940617978
91.48294838518952,24.860048174143817,-1.0545508195122122,-1.0178625081955255,1.5561633496752902
91.53294838518951,24.860048174143817,-1.0514491785006872,-0.48604415004841833,1.1235512238975147
91.58294838518952,24.860048174143817,-0.9073857394425136,0.0629741981688774,0.3112588671184752
91.63294838518952,24.860048174143817,-1.1780752967166734,0.04429088846073259,0.6548060470328869
91.68294838518952,24.860048174143817,-1.1888347234240355,0.12203808481869521,0.7208241315708668
91.73294838518952,24.860048174143817,-0.909684872226458,-0.06939309816791164,-0.07507686409795075
91.78294838518951,24.860048174143817,-0.858907539978816,-0.2977172723622471,-0.59796398990627
91.83294838518952,24.860048174143817,-0.8246499241856056,-0.2813713459059328,-0.3919042219775169
91.88294838518952,24.860048174143817,-0.998348208826493,0.02196642854882391,0.14155469677589935
91.93294838518952,24.860048174143817,-1.2205895644975875,-0.16730667148942896,0.07484371168697211
91.98294838518952,24.860048174143817,-1.4099844413212062,-0.6000937409539124,-0.0213535085277792
92.03294838518951,24.860048174143817,-1.4884429565692068,-1.2033666056435945,-0.07351483730688575
92.08294838518952,24.860048174143817,-1.4594607531394939,-1.0253763285042858,-0.49174063804531093
92.13294838518952,24.860048174143817,-1.8549416997155526,-1.2031864588131018,-0.16763979839123094
92.18294838518952,24.860048174143817,-1.6666625653845615,-0.9087425470610624,-0.2108751508933087
92.23294838518952,24.860048174143817,-1.4229791895022488,-0.4522180138052556,0.041977623402995407
92.38294838518952,24.860048174143817,-1.073131290579166,-0.8025549745679557,-0.1917176058073186
92.43294838518952,24.860048174143817,-1.5974020285193165,-1.0751130837468301,-0.23197253493623307
88.13294838518952,24.810048174143816,2.021907516525006,-0.6341890748155373,-0.5852032959376412
88.18294838518952,24.810048174143816,1.9770329099804038,-0.7712335297191681,0.09647028161124147
88.23294838518952,24.810048174143816,2.1662363479527325,-0.9844941830608352,-0.20686538285378397
88.28294838518953,24.810048174143816,1.5702095078413927,-1.051171781756561,0.5000723543708063
88.33294838518952,24.810048174143816,1.757241928857491,-0.6061146707292921,-0.038614316153018045
88.38294838518952,24.810048174143816,2.1402283288907933,-0.1311265207105939,-1.1223843880824504
88.43294838518952,24.810048174143816,2.087636058006301,0.08486373273540024,-1.1664761561171868
88.48294838518952,24.810048174143816,1.911249597528652,-0.1109597704004378,-0.45158738453452835
88.53294838518953,24.810048174143816,1.8372949185102594,-0.20665902175729994,-0.1875211505710386
88.58294838518952,24.810048174143816,1.9069852225153139,-0.1642888518757684,-0.3550596846369131
88.63294838518952,24.810048174143816,1.808587847499639,-0.7958955248196667,0.3000986489964217
88.68294838518952,24.810048174143816,1.9008073360141673,-0.9086607770094997,0.23639683982770276
88.73294838518952,24.810048174143816,1.9734594298831836,-0.6098023850449611,0.03804193844423203
88.78294838518953,24.810048174143816,1.6099885730239443,-0.7067411903796739,0.36035896851014265
88.83294838518952,24.810048174143816,1.2510529697016701,-1.2168416177564263,1.0356392458534998
88.88294838518952,24.810048174143816,1.6354548292100386,-1.112444279205316,1.1539871139530382
88.93294838518952,24.810048174143816,1.5696291386912915,-0.08268490033561243,0.9925230139048395
88.98294838518952,24.810048174143816,1.8100653004890748,0.05815208064219089,0.5570681287966937
89.03294838518953,24.810048174143816,1.8395856296639972,-0.31280436010244916,0.49037788124282367
89.08294838518952,24.810048174143816,1.7224385571133163,-0.4584903048052073,0.13838854282824176
89.13294838518952,24.810048174143816,1.7142578454857138,-0.4039038551825405,0.13806572349020152
89.18294838518952,24.810048174143816,1.4121149621731384,-0.43730878045964233,0.39541903858192284
89.23294838518952,24.810048174143816,1.1768739989907735,-0.577327267419108,0.4921397352265266
89.28294838518953,24.810048174143816,1.3502350342676126,-0.7052086518454928,0.4859862176152924
89.33294838518952,24.810048174143816,1.6609361210266682,-0.5010593388269114,-0.17663415233155766
89.38294838518952,24.810048174143816,2.0173098531909526,0.07263526670578072,-0.1840970195715337
89.43294838518952,24.810048174143816,1.8732623168099343,-0.30217776004725566,-0.15499872085295818
89.48294838518952,24.810048174143816,1.2320561631906242,-0.6085300964520239,-0.15633068365330924
89.53294838518953,24.810048174143816,1.2807683695701713,-0.3537794847006799,-0.23074959780109738
89.58294838518952,24.810048174143816,1.6336118004900868,-0.7289417436368169,0.46257851638552827
89.68294838518952,24.810048174143816,2.138312475958245,-0.6320573164483358,-1.0961422784026396
89.73294838518952,24.810048174143816,1.6026830093367257,-0.4642334643493055,-0.5380946132185794
89.78294838518953,24.810048174143816,1.29661417622012,-0.5361316271599403,-0.12040850629511449
89.83294838518952,24.810048174143816,1.4226781304404206,-0.5172796082641415,0.055515219148912213
89.88294838518952,24.810048174143816,1.4854573057066611,-0.43282740692092536,0.3209679405037055
89.93294838518952,24.810048174143816,1.1236872698873157,-0.2513272262375247,0.08431909714086018
89.98294838518952,24.810048174143816,0.8103878509437968,-0.35300101150912194,0.1277356929528356
90.03294838518953,24.810048174143816,0.9840464397727511,-0.19868422287786336,0.06754402865445197
90.08294838518952,24.810048174143816,0.8530988719790028,-0.05414717709123451,-0.1195413671622344
90.13294838518952,24.810048174143816,0.8346205444972079,-0.13392337957283418,-0.11895672330104351
90.18294838518952,24.810048174143816,1.0588838792632407,-0.12718448296852009,0.23716859496875764
90.23294838518952,24.810048174143816,1.1118650639342964,-0.1551075288065495,0.5759210446604779
90.28294838518951,24.810048174143816,1.1188247313976023,-0.20295437743374756,0.4577155777110022
90.33294838518952,24.810048174143816,1.0636858908886757,-0.40490438844074267,0.2414304492094427
90.38294838518952,24.810048174143816,0.5391238544827437,-0.6227396864847371,0.29819622904281784
90.43294838518952,24.810048174143816,-0.08019033224364484,-0.32853494501629044,1.3260557957682544
90.48294838518952,24.810048174143816,-0.2925614843133952,-0.3167940405829772,1.3171913432850018
90.53294838518951,24.810048174143816,0.051892352065396205,-0.5003264284972377,0.6127995486802438
90.58294838518952,24.810048174143816,0.12682346683471207,-0.621481161459362,0.6343897916067944
90.63294838518952,24.810048174143816,-0.11567551375632867,-0.7894613913091181,0.5182863060979136
90.68294838518952,24.810048174143816,0.08426284463688923,-0.7848836722375827,0.5364400823678935
90.73294838518952,24.810048174143816,-0.18718060571770756,-0.9338834735031504,0.46364605517505525
90.78294838518951,24.810048174143816,-0.7831998170871928,-1.1114378555559696,0.6837599688670157
90.83294838518952,24.810048174143816,-0.9564724483351629,-0.9380211116669003,1.0771472604988577
90.88294838518952,24.810048174143816,-0.6541100380353965,-0.792041710889214,1.1716746809862857
90.93294838518952,24.810048174143816,-0.7357610752338055,-0.7711364100540544,1.0724361405121645
90.98294838518952,24.810048174143816,-0.738975558066075,-0.5761579193614406,1.1461370159179276
91.03294838518951,24.810048174143816,-0.5962210975124942,-0.895441761645783,2.5392908956738847
91.08294838518952,24.810048174143816,-0.7651743443827209,-1.0414817958514595,2.6021985919903083
91.13294838518952,24.810048174143816,-1.1616080959784796,-1.5269570319888608,1.873139577007224
91.18294838518952,24.810048174143816,-1.3482389613864152,-1.5997834285131083,2.341415248880989
91.23294838518952,24.810048174143816,-1.7439130867067882,-1.4359655468595647,2.7358999348823314
91.28294838518951,24.810048174143816,-2.0192790131419134,-1.8484996877394506,1.6849505680084957
91.33294838518952,24.810048174143816,-1.5874333107391676,-1.23959592477941,1.34528605511931
91.38294838518952,24.810048174143816,-1.6412209762636347,-1.4906215010371298,1.569613925197729
91.43294838518952,24.810048174143816,-1.4834652064461864,-1.3836742107652573,1.7013554425416946
91.48294838518952,24.810048174143816,-1.1754673868558911,-1.328037095148088,1.5816403883875874
91.53294838518951,24.810048174143816,-1.294538829242252,-0.5672810506377562,1.0131617249868476
91.58294838518952,24.810048174143816,-1.2584129572995784,-0.10614996121619302,0.39978479944020123
91.63294838518952,24.810048174143816,-1.0049797488754426,-0.0340557356717721,0.3359965420342814
91.68294838518952,24.810048174143816,-0.8842367446720814,-0.11786949446853048,-0.01870645078839383
91.73294838518952,24.810048174143816,-0.6377946959588766,-0.007036672405259986,-0.5878314724787596
91.78294838518951,24.810048174143816,-0.8584381067337622,-0.2726667314803275,-0.875718180331882
91.83294838518952,24.810048174143816,-0.9465644602963476,-0.48033984541234265,-0.9073794789852855
91.88294838518952,24.810048174143816,-0.9465357317475309,-0.4758933196013647,-0.48986092712851687
91.93294838518952,24.810048174143816,-1.432239441614441,-0.6468166125917972,-0.39220811530483124
91.98294838518952,24.810048174143816,-1.5006613995182982,-0.9564687901526663,-0.48788415276190045
92.03294838518951,24.810048174143816,-1.4769871172877949,-1.3047153006058734,-0.3186502238949664
92.08294838518952,24.810048174143816,-1.5697074102862028,-0.9309672483753155,-0.25328647079858985
92.13294838518952,24.810048174143816,-1.679702057469613,-0.8194828155958496,-0.21939515572837098
92.18294838518952,24.810048174143816,-1.7468529936362418,-1.1633642216614561,0.03317213434891426
92.23294838518952,24.810048174143816,-1.5737682576361625,-0.7148154791465438,-0.3903447582352787
92.28294838518951,24.810048174143816,-1.659523056141286,-1.253401936502419,-0.5999046581722366
88.08294838518952,24.76004817414381,2.132115872063787,-1.2125004144158071,-1.1127225586150549
88.13294838518952,24.76004817414381,2.334920348238877,-1.0707594737102033,-0.899674327026258
88.18294838518952,24.76004817414381,2.242826492940246,-1.1971399679944281,-0.7018258225538562
88.23294838518952,24.76004817414381,2.2680560040611484,-1.3878582624408073,-0.2806163184731115
88.28294838518953,24.76004817414381,1.9099904283412394,-1.0791216059898026,0.6560947496627978
88.33294838518952,24.76004817414381,2.037968417288729,-1.1080873745649664,-0.275292403549076
88.38294838518952,24.76004817414381,2.385762573419691,-0.30451017069265773,-1.2924101757268247
88.43294838518952,24.76004817414381,2.4149058349079437,0.2939809464374854,-1.1044678591299104
88.48294838518952,24.76004817414381,1.9996846185142225,-0.03947328153965564,-0.6814703783216953
88.53294838518953,24.76004817414381,1.8953509757020695,-0.03201724226474981,-0.5252646488643017
88.58294838518952,24.76004817414381,1.8938482446582816,-0.314090866903001,-0.16546075034699864
88.63294838518952,24.76004817414381,1.439679500604618,-1.0957218683307604,0.954306343207975
88.68294838518952,24.76004817414381,1.676044283772862,-0.8533220809895518,0.49061439353548647
88.73294838518952,24.76004817414381,1.5142364184970947,-0.5858298505849971,0.5110016041991956
88.78294838518953,24.76004817414381,1.52182731907857,-0.5773109246619671,0.6330734766503334
88.83294838518952,24.76004817414381,1.2302199355082812,-1.2662364149695975,1.4869107696177546
88.88294838518952,24.76004817414381,1.170619336524481,-1.267627272628828,1.7678370201783318
88.93294838518952,24.76004817414381,1.295964982463763,-1.0935917273524898,0.9999361579303054
88.98294838518952,24.76004817414381,1.205489787756835,-1.0322585305095167,1.0121466863162893
89.03294838518953,24.76004817414381,1.1617394963913963,-1.0751413391335618,1.1305864707997413
89.08294838518952,24.76004817414381,1.4078614245517769,-0.8350751739312382,0.4732007440400777
89.13294838518952,24.76004817414381,1.5599672052593885,-0.5865563152779527,0.36351664878433776
89.18294838518952,24.76004817414381,1.407753700390496,-0.480940345960026,0.4504571911563746
89.23294838518952,24.76004817414381,1.5645960479242076,-0.43573849681633003,0.5445500269312362
89.28294838518953,24.76004817414381,1.5698750049883459,-0.4690147824180332,0.21713237840957886
89.33294838518952,24.76004817414381,1.5865488465224509,-0.5490540724815665,-0.3187625732724786
89.38294838518952,24.76004817414381,1.9736413569439184,-0.17473134319666853,-0.5331495843039109
89.43294838518952,24.76004817414381,1.83566891673856,-0.458397343203529,-0.4507412009957808
89.48294838518952,24.76004817414381,1.2324316847289811,-0.5617246031910068,-0.40892330087872747
89.53294838518953,24.76004817414381,1.1663830599193135,-0.5455107990477106,-0.2482176028546645
89.58294838518952,24.76004817414381,1.0786891242789738,-1.0423741504686863,0.16240138675807259
89.68294838518952,24.76004817414381,2.3761365625748208,-0.7865390766383021,-1.0071848371213756
89.73294838518952,24.76004817414381,1.9218084296497242,-0.8406948534213597,-0.8193339602756775
89.78294838518953,24.76004817414381,1.6479024489551455,-0.3991059713546582,-0.15424927907443703
89.83294838518952,24.76004817414381,1.508058013039979,-0.3177159039120512,0.060739772442446785
89.88294838518952,24.76004817414381,1.2510524554002662,-0.46915530849263165,0.22315287992604935
89.93294838518952,24.76004817414381,1.1184634977230985,-0.49768900368120356,0.07437688881302304
89.98294838518952,24.76004817414381,1.2260177952036992,-0.48428239377972526,0.3065836601848061
90.03294838518953,24.76004817414381,1.470869400309994,0.09168292576878734,-0.7603659997212151
90.08294838518952,24.76004817414381,1.346356000464635,0.19602877402643593,-0.609347132614941
90.13294838518952,24.76004817414381,1.283365558940773,0.1850587502319279,-0.060018079515516756
90.18294838518952,24.76004817414381,0.9111569516603547,0.09156045967910148,0.7779672455914243
90.23294838518952,24.76004817414381,0.8476636375308146,0.13836969176089142,0.7244504086325891
90.28294838518951,24.76004817414381,0.9635052412557156,0.3227989146119258,1.013128126604292
90.33294838518952,24.76004817414381,1.0611804100975581,-0.18422243451029663,0.6497143283513894
90.38294838518952,24.76004817414381,1.455058044589888,0.7629438961968134,0.9192868547689916
90.43294838518952,24.76004817414381,1.3249066902191502,0.2895619374033206,0.6013498790842754
90.48294838518952,24.76004817414381,0.5834223333887043,-0.21140067109655197,0.720359934366583
90.53294838518951,24.76004817414381,0.32302821360966855,-0.3240147903389342,0.6204203501016702
90.58294838518952,24.76004817414381,0.17724747053734485,-0.31472180650321213,0.6225642374231533
90.63294838518952,24.76004817414381,0.15274101934976728,-0.6094776669144175,0.6058786901520583
90.68294838518952,24.76004817414381,-0.14298797011628697,-0.9223845523852168,0.49034114175812127
90.73294838518952,24.76004817414381,-0.4337590099515062,-1.0169145256293954,0.732163920939483
90.78294838518951,24.76004817414381,-0.5161333229015111,-0.9196663991413132,0.8343846259667741
90.83294838518952,24.76004817414381,-0.2906090752006421,-0.8010757423049262,0.9157858535505649
90.88294838518952,24.76004817414381,-0.8267932482248681,-0.9646348710037869,0.8205914477813835
90.93294838518952,24.76004817414381,-0.9307488990872729,-0.6393063190342699,1.1756450259407014
90.98294838518952,24.76004817414381,-0.8255355097056225,-0.34215571758929486,1.23482951632716
91.03294838518951,24.76004817414381,-0.5031996607049438,-0.9874265034885632,1.7404686266554854
91.08294838518952,24.76004817414381,-0.9455203899773855,-1.1535336202696729,1.9878777619287087
91.13294838518952,24.76004817414381,-1.2673803736100828,-1.587293574199089,2.233874299452685
91.18294838518952,24.76004817414381,-1.4271036180541277,-1.4258546821919376,2.3148598108678757
91.23294838518952,24.76004817414381,-1.4324470149535797,-1.1628641401602893,2.1416168020858106
91.28294838518951,24.76004817414381,-1.055512439272014,-1.6298131851346973,1.6526075677591863
91.33294838518952,24.76004817414381,-1.2269997692378365,-1.921220358984637,1.743865506163887
91.38294838518952,24.76004817414381,-1.4486779775436012,-1.7832375320329223,1.8215242880945766
91.43294838518952,24.76004817414381,-1.313685974603105,-1.320589714621374,2.1006804206948653
91.48294838518952,24.76004817414381,-1.5935316237954844,-1.2800246750790327,2.026890249422706
91.53294838518951,24.76004817414381,-1.510621222122031,-0.4231055411124604,1.3678214393344628
91.58294838518952,24.76004817414381,-1.199466327191074,0.1702269973240701,0.6270988226521482
91.63294838518952,24.76004817414381,-0.8585021792259003,0.33968381483557664,0.3720656091015229
91.68294838518952,24.76004817414381,-0.7447901526687342,0.2606586013160831,0.11186800424448907
91.73294838518952,24.76004817414381,-1.0087957159922825,0.03525813616378809,-0.1381014952511838
91.78294838518951,24.76004817414381,-1.196899687769287,-0.28994569438711115,-0.4598862475956147
91.83294838518952,24.76004817414381,-1.4889544932099747,-0.743085319418275,0.0535830921628111
91.88294838518952,24.76004817414381,-1.6800204292185597,-1.1005939771784499,0.8289204746864423
91.93294838518952,24.76004817414381,-1.8543104159574535,-1.37950187312739,1.071100891612244
91.98294838518952,24.76004817414381,-1.6495259866367757,-1.0529587619570682,0.008936442700378059
92.03294838518951,24.76004817414381,-1.4553812839316753,-0.9317398279805194,-0.3705091494270687
92.08294838518952,24.76004817414381,-1.574987028261133,-0.6726631391888719,-0.08223768325792695
92.13294838518952,24.76004817414381,-1.661885145137047,-0.5666840401697526,-0.23752455551624935
92.18294838518952,24.76004817414381,-1.5886534164713026,-1.0160166313203836,-0.15405834401798593
92.23294838518952,24.76004817414381,-1.8145846692225898,-1.2951750399279198,-0.4524558002795089
92.28294838518951,24.76004817414381,-1.8774596130765664,-1.8185131793716747,-0.5942372704640683
88.08294838518952,24.71004817414381,2.157889877973571,-1.3407253591591344,-0.6289529652177097
88.13294838518952,24.71004817414381,2.372342748601938,-1.2723740132976755,-0.6471358886924778
88.18294838518952,24.71004817414381,2.3916896562452687,-0.6961545144670969,-0.8845938226330254
88.23294838518952,24.71004817414381,2.444003134040964,-0.9308677570849182,-0.5352819642709016
88.28294838518953,24.71004817414381,1.7929462556089435,-1.2297875997845162,0.557264980249748
88.33294838518952,24.71004817414381,2.123263483130435,-0.9820411443483827,-0.3633594406576865
88.38294838518952,24.71004817414381,2.2926079849949788,-0.19759690630727067,-1.643167687521284
88.43294838518952,24.71004817414381,2.3014023485932906,0.17669046230132365,-1.2091777482492245
88.48294838518952,24.71004817414381,2.2961431964131895,0.14183948235127192,-0.9323232216154179
88.53294838518953,24.71004817414381,2.2286324095863077,0.05330539609206744,-0.6744321133394744
88.58294838518952,24.71004817414381,1.9678604265304112,-0.3758089100726529,-0.26735034568625626
88.63294838518952,24.71004817414381,1.464800568119797,-0.8432421010719502,0.9393721827772659
88.68294838518952,24.71004817414381,1.692484807289035,-0.580621817752126,0.7079877959143103
88.73294838518952,24.71004817414381,1.7348421787608266,-0.29218140706986806,0.8604953713840533
88.78294838518953,24.71004817414381,1.414472141562837,-0.5256714673459539,0.7852409777454512
88.83294838518952,24.71004817414381,1.0098831639869918,-0.9469616739860209,1.0070409543060057
88.88294838518952,24.71004817414381,0.804981356119059,-0.8987333604153736,1.473948120875262
88.93294838518952,24.71004817414381,1.3322887240361345,-0.6542421141410316,1.2350673776293608
88.98294838518952,24.71004817414381,1.2410232102250565,-0.46458898670149706,0.8809258269590424
89.03294838518953,24.71004817414381,1.3684881305496144,-0.5635610601488923,0.7743299449406877
89.08294838518952,24.71004817414381,1.555823810955781,-0.5076863397879814,0.5655236540996091
89.13294838518952,24.71004817414381,1.8513316652259828,-0.3694137428383114,0.43137990870504644
89.18294838518952,24.71004817414381,1.648347501726096,-0.3118168935458049,0.27303935504187615
89.23294838518952,24.71004817414381,1.6573852902296606,-0.3234405821130223,0.2762649070306875
89.28294838518953,24.71004817414381,1.5745123051971244,-0.37553108833854626,0.039058445133456104
89.33294838518952,24.71004817414381,1.7689623262125962,-0.33728756907302204,-0.19569116837173955
89.38294838518952,24.71004817414381,1.9492385382687403,-0.31169797310054215,-0.6727662159584878
89.43294838518952,24.71004817414381,1.7708237095054251,-0.5028587734693037,-0.7467954501591789
89.48294838518952,24.71004817414381,1.5959728728916491,-0.5289701077887353,-0.5170408766201431
89.53294838518953,24.71004817414381,1.2217782421961039,-0.7646375635369745,-0.5223422555519514
89.58294838518952,24.71004817414381,0.9454104698782146,-0.9576175229634656,-0.32532088092071826
89.63294838518952,24.71004817414381,1.460189986581964,-1.1295401633823123,0.4722957011791865
89.73294838518952,24.71004817414381,1.9442315387125624,-0.8099057848878659,-0.7189481708435219
89.78294838518953,24.71004817414381,1.210108767848811,-0.8716498081191966,-0.3102485826438355
89.83294838518952,24.71004817414381,0.8660357275658287,-0.5254862310622155,0.2493088195251271
89.88294838518952,24.71004817414381,1.0237483664508464,-0.43526941958652077,0.17737156390233141
89.93294838518952,24.71004817414381,1.2886640019398414,-0.42939526977998826,0.306250356307175
89.98294838518952,24.71004817414381,1.3955201255095646,-0.14003937798055643,-0.12735108591057714
90.03294838518953,24.71004817414381,1.547237763660406,0.35428484825107737,-1.4637242887197401
90.08294838518952,24.71004817414381,1.510853708402463,0.18354027410815166,-1.5609157732275125
90.13294838518952,24.71004817414381,1.5209084280943843,0.10917025266788863,-0.6717103098941956
90.18294838518952,24.71004817414381,1.228738753306766,0.13416478588196173,0.8343201722402261
90.23294838518952,24.71004817414381,0.8943002512321592,-0.03773553780284411,0.6281677371555043
90.28294838518951,24.71004817414381,0.9196070308067208,0.16872012084359506,0.9477289130116643
90.33294838518952,24.71004817414381,0.8834990344593171,-0.03279433800727777,0.6996835091222672
90.38294838518952,24.71004817414381,1.4084520846253135,0.17479007667546953,0.9746356493295338
90.43294838518952,24.71004817414381,1.4378740928264875,0.009463015615323034,0.5896855391643976
90.48294838518952,24.71004817414381,0.965703223366726,-0.3031228694839595,0.28691924156137677
90.53294838518951,24.71004817414381,0.5432565335414314,-0.31111105284433643,1.1316488555512116
90.58294838518952,24.71004817414381,0.4219605162612614,-0.2735051710542615,0.8595155224462652
90.63294838518952,24.71004817414381,0.17030905754973638,-0.6594079509965577,0.7770386487937734
90.68294838518952,24.71004817414381,-0.05145584206674407,-0.9955432458944145,0.5222350569014704
90.73294838518952,24.71004817414381,-0.16110718065550952,-0.9201195236141333,0.5681115306824174
90.78294838518951,24.71004817414381,-0.2839706584930939,-0.8590837181322135,0.6003210430289374
90.83294838518952,24.71004817414381,-0.43329742462864856,-0.6971338602972009,0.5521586068981389
90.88294838518952,24.71004817414381,-0.8131781691545503,-0.6528205777590332,0.5872067265956741
90.93294838518952,24.71004817414381,-0.7613741816947988,-0.4456837225123496,0.7742290415338203
90.98294838518952,24.71004817414381,-0.6333954237657835,-0.42401297428444823,1.352202336692494
91.03294838518951,24.71004817414381,-0.7828647663171381,-1.6203504947595433,1.9921466179723224
91.08294838518952,24.71004817414381,-0.8390302227007904,-1.9406432638208486,1.7218814047079667
91.13294838518952,24.71004817414381,-1.194338106182305,-1.7880176702613,2.047332959741193
91.18294838518952,24.71004817414381,-1.2650875620233926,-1.3659549746789472,1.9083142897297483
91.23294838518952,24.71004817414381,-0.8418748743725712,-1.4785319600884734,1.729811435663859
91.28294838518951,24.71004817414381,-0.8303614652670233,-1.6187843921241822,2.040183967095226
91.33294838518952,24.71004817414381,-0.9523353539921654,-1.0812712610277793,1.7755236882661296
91.38294838518952,24.71004817414381,-1.25312994848417,-0.5049323680391489,1.8941666612133834
91.43294838518952,24.71004817414381,-1.0474258618001555,-0.2542295618621074,1.7876268548338898
91.48294838518952,24.71004817414381,-1.0088688410531956,-0.442364974183186,1.1564295747088438
91.53294838518951,24.71004817414381,-1.0407651441322765,-0.3354686383051546,1.0409193563695784
91.58294838518952,24.71004817414381,-0.8759677741513476,0.03125239317410844,0.9316021218332206
91.63294838518952,24.71004817414381,-1.0400476113115384,-0.046516217376399535,0.8245265130004329
91.68294838518952,24.71004817414381,-1.2297033924553424,-0.12279458038534077,0.5532773774388259
91.73294838518952,24.71004817414381,-1.2768416544019987,-0.08027696923976031,-0.06536021922308345
91.78294838518951,24.71004817414381,-1.08377354715569,-0.23930387120568844,-0.05778664025194092
91.83294838518952,24.71004817414381,-1.8145303295020947,-1.126065211966194,1.0638568836921327
91.88294838518952,24.71004817414381,-2.1769603222610185,-1.5386050516903413,1.3328567372216462
91.93294838518952,24.71004817414381,-1.5540649611263233,-0.9569567829397585,0.4869381891544326
91.98294838518952,24.71004817414381,-1.7915471172909148,-0.6538296708272829,0.3072443406781721
92.03294838518951,24.71004817414381,-1.8874408633793651,-0.8017612467571658,0.6219354493346122
92.08294838518952,24.71004817414381,-1.7265377742487182,-0.7340023254765154,0.41288327932045216
92.13294838518952,24.71004817414381,-1.7956044253727652,-0.5042304529650448,0.43411407485672077
92.18294838518952,24.71004817414381,-1.4669311348239906,-0.6675814917684214,-0.23252605826129677
92.23294838518952,24.71004817414381,-1.7449660726827096,-1.4194873803199552,-0.32390902578053926
92.28294838518951,24.71004817414381,-1.7954680735908737,-1.643543217996024,-0.10904575764500554
88.03294838518953,24.66004817414381,2.862640787591849,-1.0375558415144883,-0.24213033187447122
88.08294838518952,24.66004817414381,3.278081615719527,-0.8400251577999784,0.23231493131649522
88.13294838518952,24.66004817414381,3.0507832192657665,-0.7334937020723782,-0.4042955363561887
88.18294838518952,24.66004817414381,2.544567142494059,-0.6335813836871094,-0.6320653982773954
88.23294838518952,24.66004817414381,2.6643731290094586,-0.5855401477577359,-0.5852500756493012
88.28294838518953,24.66004817414381,2.031509236841701,-0.741522511561985,0.66719328778141
88.33294838518952,24.66004817414381,2.510766549172325,-0.5012389129861629,-0.5482225821332736
88.38294838518952,24.66004817414381,2.831221088764266,0.5800634627355234,-1.8479517461265358
88.43294838518952,24.66004817414381,2.6413219644697548,0.8312167462261262,-1.6169872390350137
88.48294838518952,24.66004817414381,2.455523715231358,0.6210965855146142,-1.3505016718172267
88.53294838518953,24.66004817414381,2.3901245699552605,0.36753101359942897,-0.9625188730168542
88.58294838518952,24.66004817414381,1.946322694546737,-0.1824584721443318,0.013626952987656569
88.63294838518952,24.66004817414381,1.513528464469035,-0.8569815275818236,1.1748477695673847
88.68294838518952,24.66004817414381,1.4780707323379692,-0.8174020234740751,1.3339941339428794
88.73294838518952,24.66004817414381,1.3846770796086982,-0.5463123689378209,1.579795406603145
88.78294838518953,24.66004817414381,1.3436444473518445,-0.6117943824670729,1.3684126242565005
88.83294838518952,24.66004817414381,1.123138010526163,-0.8812628672505584,1.0686320080304752
88.88294838518952,24.66004817414381,1.1712495955563835,-0.5394797482980309,1.0218528846424615
88.93294838518952,24.66004817414381,1.485878141044526,-0.3663845561712946,0.5941400761411985
88.98294838518952,24.66004817414381,1.2507909315733612,-0.30440709167547997,1.0461339677741892
89.03294838518953,24.66004817414381,1.0504969411711398,-0.5181220602706001,0.9437323801401708
89.08294838518952,24.66004817414381,1.4285551424785832,-0.5635207161900712,0.7191272899961175
89.13294838518952,24.66004817414381,1.778477794858723,-0.2291298370751155,0.7360239210022858
89.18294838518952,24.66004817414381,1.8697105712694693,-0.14298904453518743,0.35885687434660335
89.23294838518952,24.66004817414381,1.6897169500676281,-0.11801815312961761,0.2031172329793756
89.28294838518953,24.66004817414381,1.7162581971660633,-0.2987600551279086,0.02040931092739104
89.33294838518952,24.66004817414381,1.7871516869509994,-0.35580004943871996,-0.36736764071701006
89.38294838518952,24.66004817414381,1.9342018003273855,-0.1272313878677746,-0.51552635374306
89.43294838518952,24.66004817414381,2.1924688688738234,0.4019208318462304,-0.5446222023478744
89.48294838518952,24.66004817414381,1.751543336811958,-0.35183308672099445,-0.8330028262389181
89.53294838518953,24.66004817414381,1.398083352660581,-0.6612412267155894,-0.6735825047916663
89.58294838518952,24.66004817414381,0.8519123117924244,-0.6930301161857855,-0.5717887653524368
89.63294838518952,24.66004817414381,1.3222456361388315,-0.8347943749025788,0.333839359583987
89.73294838518952,24.66004817414381,1.66002902031006,-0.46546081690063396,-0.6741312425511834
89.78294838518953,24.66004817414381,1.769998476099233,-0.7429871393322285,-1.1264268118981227
89.83294838518952,24.66004817414381,0.9489424342674082,-0.6130960084646546,0.06412269592867263
89.88294838518952,24.66004817414381,1.1899501822445058,-0.3066998197380104,-0.11775508502304681
89.93294838518952,24.66004817414381,1.3979113604981377,-0.18496612504460153,0.22889225274724298
89.98294838518952,24.66004817414381,1.2509645975287582,-0.002782995711279601,0.30398285370793743
90.03294838518953,24.66004817414381,1.2310520817926713,0.17858039008470405,-0.8305747125338782
90.08294838518952,24.66004817414381,1.262601207086901,0.1893759781744102,-1.4485488725163598
90.13294838518952,24.66004817414381,1.4789440421519793,0.4444823546057155,-1.470234285468557
90.18294838518952,24.66004817414381,1.0995977912339256,0.19297291441625417,0.5781801621467277
90.23294838518952,24.66004817414381,1.0419117474179802,0.2116897194022055,0.7313260680278357
90.28294838518951,24.66004817414381,0.9322814411667141,0.13875319838004263,0.531128334618232
90.33294838518952,24.66004817414381,0.9563897593285019,-0.011474969206614782,0.6769103302517103
90.38294838518952,24.66004817414381,0.9326584860050012,0.15698650406587336,1.323400715109196
90.43294838518952,24.66004817414381,1.0299718284637234,-0.264034799572405,1.0133222054639364
90.48294838518952,24.66004817414381,1.0413029164765712,-0.2862220502241604,0.32143804093647027
90.53294838518951,24.66004817414381,0.8054180875116959,-0.3621175634080593,0.8584186893535865
90.58294838518952,24.66004817414381,0.556759853088754,-0.38425828198211986,0.7961050817897973
90.63294838518952,24.66004817414381,0.18334168889099603,-0.6772221887406032,0.8370059772507767
90.68294838518952,24.66004817414381,0.12332424756154879,-0.9174108505402323,0.5012087974789672
90.73294838518952,24.66004817414381,-0.17048701739345237,-0.8262792718333306,0.3665932296050962
90.78294838518951,24.66004817414381,-0.22577003075355304,-0.6794203795541753,0.3701711151963644
90.83294838518952,24.66004817414381,-0.03578123661210053,-0.3068714503458925,0.17311910687932133
90.88294838518952,24.66004817414381,-0.6704738457787097,-0.3657144286097991,0.3248405011174488
90.93294838518952,24.66004817414381,-0.563032828124326,-0.5443274266156654,0.731619382239983
90.98294838518952,24.66004817414381,-0.7053919556900969,-0.8875820004685104,1.4051545115067952
91.03294838518951,24.66004817414381,-0.5721920001703819,-1.3546522571513104,2.050307605005314
91.08294838518952,24.66004817414381,-0.9480133227905198,-1.8036269642520466,1.9665076814329667
91.13294838518952,24.66004817414381,-1.0040631749683306,-1.6063495588200598,2.0261360413453904
91.18294838518952,24.66004817414381,-0.9640430979794224,-1.4373946680594842,1.9796638235562312
91.23294838518952,24.66004817414381,-0.8166549226374809,-1.8305914354860333,1.9530482627071624
91.28294838518951,24.66004817414381,-0.9372414155083884,-1.3051502295941237,1.7562256165866048
91.33294838518952,24.66004817414381,-0.9893589388187385,-0.6082107936803478,1.3838885235525429
91.38294838518952,24.66004817414381,-1.2428372657111084,-0.1443220267247866,1.478900281053865
91.43294838518952,24.66004817414381,-1.2314626273073173,-0.20340479501048842,1.2945529230697217
91.48294838518952,24.66004817414381,-1.0054806504191147,-0.3787916110303363,0.9920020763329226
91.53294838518951,24.66004817414381,-0.49869112327494974,-0.04926994718552066,0.5401698396024915
91.58294838518952,24.66004817414381,-0.2780057364506027,0.18466250746080892,0.1346877266052971
91.63294838518952,24.66004817414381,-0.41320498716636456,0.2903311244439925,0.5645769061701067
91.68294838518952,24.66004817414381,-1.1991352456789601,0.20616719116778284,1.2011680171603043
91.73294838518952,24.66004817414381,-1.3588178252212764,0.020069030849086504,0.36839479917369583
91.78294838518951,24.66004817414381,-1.5255969095789785,-0.11334827973282949,0.596817714812561
91.83294838518952,24.66004817414381,-1.8687160309164623,-0.5758444711004289,1.1208505799052366
91.88294838518952,24.66004817414381,-1.5465180317866496,-0.7257382835533942,0.821934227027518
91.93294838518952,24.66004817414381,-1.4021804586256255,-0.6040216039098866,0.09171371999900702
91.98294838518952,24.66004817414381,-1.8107764653900733,-0.9316971581189388,0.07272206072189467
92.03294838518951,24.66004817414381,-2.5280200855095556,-1.0276727470997398,1.2868915649558161
92.13294838518952,24.66004817414381,-2.2107719791160756,-0.8234169612683944,0.5934413671468497
92.18294838518952,24.66004817414381,-1.56789849165005,-0.7411901904107202,-0.37024479770606894
92.23294838518952,24.66004817414381,-2.113923793539538,-1.5897130504298607,0.23309919325492648
88.08294838518952,24.610048174143817,4.213065725351539,0.28668106542549004,-0.4829206260024794
88.13294838518952,24.610048174143817,4.5519305115416655,0.2679954611425584,-1.069506048368685
88.18294838518952,24.610048174143817,3.5999261085809158,-0.6117449387364057,-0.32943060974723315
88.23294838518952,24.610048174143817,3.1727311951301975,-0.3195058265968905,0.5102047731536632
88.28294838518953,24.610048174143817,2.900380145669834,0.08488254185443514,0.9275890666379625
88.33294838518952,24.610048174143817,2.948028470048887,0.03137796927889839,-0.8666987671717782
88.38294838518952,24.610048174143817,2.733045429565227,0.6884302195018963,-1.8022006200060332
88.43294838518952,24.610048174143817,2.9091921595043,1.1216461994975042,-1.9385176084532443
88.48294838518952,24.610048174143817,3.0283068840337517,1.2717785467592682,-1.6608951420853861
88.53294838518953,24.610048174143817,2.626958389870823,0.17820506130111183,-0.8295298759705204
88.58294838518952,24.610048174143817,1.8442497670567064,-0.7545176950962947,0.20018342192089922
88.63294838518952,24.610048174143817,1.530352000866586,-0.7464357917900366,1.031254832602456
88.68294838518952,24.610048174143817,1.5261138144637967,-0.4085296499700305,1.0957479288775953
88.73294838518952,24.610048174143817,1.3270067357715303,-0.49016831625583634,1.2711171257806384
88.78294838518953,24.610048174143817,1.6353135660229496,-0.2659516209737161,1.5212230439291194
88.83294838518952,24.610048174143817,1.6690241601490388,-0.2379707085441917,1.3387545848984344
88.88294838518952,24.610048174143817,1.4307954587745146,-0.18952720864271794,0.6813764923430032
88.93294838518952,24.610048174143817,1.4933809796353634,-0.34536269390159524,0.4543696686252044
88.98294838518952,24.610048174143817,1.5404333936019967,-0.1863902806773021,0.6555448915870664
89.03294838518953,24.610048174143817,1.1672908878194392,-0.22567698111188855,1.2068619357517685
89.08294838518952,24.610048174143817,1.1018682240828417,-0.27547914757720793,1.3099920915434418
89.13294838518952,24.610048174143817,1.1662170684840998,-0.5228641502732096,0.9834063437086603
89.18294838518952,24.610048174143817,1.2167857079096558,-0.6165738762173293,0.6040351781742763
89.23294838518952,24.610048174143817,1.2480878037606282,-0.48824072333739255,0.28244982737233215
89.28294838518953,24.610048174143817,1.379605359824485,-0.4147047783406057,0.157243467888104
89.33294838518952,24.610048174143817,1.4845404970211014,-0.4093181267635423,-0.09734589384355588
89.38294838518952,24.610048174143817,1.6551874815316725,-0.3195690171584185,-0.19155761247344502
89.43294838518952,24.610048174143817,1.8690031303455092,-0.07097415354639583,-0.08414359360385795
89.48294838518952,24.610048174143817,1.6315769268261142,-0.46825378691954145,-0.3395845009904758
89.53294838518953,24.610048174143817,1.3280187502843737,-0.7305934008672489,-0.21874018068082457
89.58294838518952,24.610048174143817,1.1777415072145867,-0.6006171880592226,-0.6025756124293061
89.63294838518952,24.610048174143817,1.4917336346204269,-0.7723189966529307,-0.45371422672140593
89.73294838518952,24.610048174143817,1.94168867832092,-0.4342101941745027,-0.8027939960145825
89.78294838518953,24.610048174143817,1.7308022874565303,-0.525458629917942,-0.6539440994082064
89.83294838518952,24.610048174143817,0.9219679818935205,-0.6631072058010906,0.19231562376677638
89.88294838518952,24.610048174143817,0.6896546154396755,-0.5072920774151919,0.14092267815793197
89.93294838518952,24.610048174143817,0.8084827970973418,-0.5885548588641331,0.2732138512882161
89.98294838518952,24.610048174143817,0.9946455491938693,-0.4150671163129621,0.3457487073144278
90.03294838518953,24.610048174143817,1.0362579031412857,-0.08362750790354259,-0.08060285350554935
90.08294838518952,24.610048174143817,1.4479845528069029,0.2232434184740124,-1.2031322291636757
90.13294838518952,24.610048174143817,1.9243718057727837,0.6839622810213499,-1.6501488511483637
90.18294838518952,24.610048174143817,1.4239460290767811,0.40161588776123347,-0.16079383386311139
90.23294838518952,24.610048174143817,1.069400982081743,0.197809348062406,0.20653482761497882
90.28294838518951,24.610048174143817,0.8089761164771012,0.3806370021781225,0.30092856527944717
90.33294838518952,24.610048174143817,0.7702798230261192,0.33617380996817575,1.020872051716542
90.38294838518952,24.610048174143817,0.8942061985151802,0.43702407654401737,1.3685090900028931
90.43294838518952,24.610048174143817,1.0090008197509857,0.035714527706876,1.2415925029486155
90.48294838518952,24.610048174143817,1.1738608935377723,-0.16115639998607073,0.6430974902543185
90.53294838518951,24.610048174143817,1.1479313324381009,-0.15798097692108942,0.46045230009679367
90.58294838518952,24.610048174143817,0.5746613266083699,-0.2807983174607892,0.7924509296499761
90.63294838518952,24.610048174143817,0.4732846848527425,-0.41860257875996987,0.6456277516152731
90.68294838518952,24.610048174143817,0.16815950965197507,-0.8027051746264195,0.54868279315155
90.73294838518952,24.610048174143817,0.15207235670508462,-0.6091084036360288,0.416130001754147
90.78294838518951,24.610048174143817,-0.14206533429706875,-0.5106014149291958,0.2896679404133788
90.83294838518952,24.610048174143817,-0.3078582580571353,-0.2512381587410817,0.17876806135251316
90.88294838518952,24.610048174143817,-0.9039165958433829,-0.2689591531007956,0.06330653319250504
90.93294838518952,24.610048174143817,-0.8951808251254987,-0.06778957967476637,0.5004847403002606
90.98294838518952,24.610048174143817,-0.8683635559916284,-0.6561512172556311,1.0818690194296996
91.03294838518951,24.610048174143817,-0.572308382401906,-1.1286984616362943,1.7371703746701086
91.08294838518952,24.610048174143817,-0.6839844249601907,-1.849497674282523,1.912192648194047
91.13294838518952,24.610048174143817,-0.8825965919371597,-1.606376826333718,1.9768132144088797
91.18294838518952,24.610048174143817,-0.512525749429832,-1.1869886911659988,2.201421460660024
91.23294838518952,24.610048174143817,-0.7220102555452708,-1.467230412033041,1.8466597408808993
91.28294838518951,24.610048174143817,-1.1385944108869583,-0.7701050677639012,1.5429310541741734
91.33294838518952,24.610048174143817,-1.540332848559518,-0.9199565041140149,1.6903580533386304
91.38294838518952,24.610048174143817,-1.5045132887079162,-0.616881179938747,1.9847093457037008
91.43294838518952,24.610048174143817,-1.6325567759215216,-0.5674263854062673,1.774503926724493
91.48294838518952,24.610048174143817,-1.0776866957013196,-0.19036066162856963,1.3045352976591547
91.53294838518951,24.610048174143817,-0.18433001711491762,0.6713198402676159,0.9074480144321158
91.58294838518952,24.610048174143817,0.17978048689434867,0.6698481870349624,-0.5308607176792447
91.63294838518952,24.610048174143817,-0.2774441889085493,0.4954426719309979,-0.5145477131728515
91.68294838518952,24.610048174143817,-0.8385673074377403,0.24614241033892645,0.18595194334726992
91.73294838518952,24.610048174143817,-1.2745527862222317,-0.21672905684202234,1.1328071028728064
91.78294838518951,24.610048174143817,-1.5943816169529066,-0.7598665951959763,1.2824327319525284
91.83294838518952,24.610048174143817,-1.8487902892115284,-0.7678828018664007,0.9746704617082471
91.88294838518952,24.610048174143817,-1.3687944099936364,-0.4625948485156252,0.240352602030264
91.93294838518952,24.610048174143817,-1.2101314248150332,-0.8204643370404369,-0.548500050472317
91.98294838518952,24.610048174143817,-1.7533874221606434,-1.0528699711958538,-0.062213951243117224
92.03294838518951,24.610048174143817,-2.6712143542852127,-0.9711749362641229,1.1636416530862095
92.08294838518952,24.610048174143817,-2.4441948881433855,-1.2441909380626641,0.8936775670322742
92.13294838518952,24.610048174143817,-1.8692272377490973,-0.6701044491331489,0.2201030116256999
92.18294838518952,24.610048174143817,-1.534500769004846,-0.5701015155469962,-0.614389240034449
92.23294838518952,24.610048174143817,-2.2996720682103526,-1.6907046519563937,0.03623380945839556
88.13294838518952,24.560048174143816,4.265648034756012,0.8513895974449698,-0.4151196241209432
88.18294838518952,24.560048174143816,3.651786912903068,-0.3044852741943523,-0.4172954630906817
88.23294838518952,24.560048174143816,3.1347406695823645,-0.38647043607202197,0.0834538591192262
88.28294838518953,24.560048174143816,2.94396506101013,-0.11102185573918497,0.07204776506163309
88.33294838518952,24.560048174143816,2.8466950448875226,-0.17760011899954684,-0.558701077630253
88.38294838518952,24.560048174143816,2.9203829189211,1.0317994706537876,-1.7567830707283376
88.43294838518952,24.560048174143816,3.2537426241281797,1.4484987013929653,-1.84419407733687
88.48294838518952,24.560048174143816,2.894611128350306,1.3578250337432205,-1.5081767217091442
88.53294838518953,24.560048174143816,2.646630943402467,0.4209597580797826,-0.899507646360311
88.58294838518952,24.560048174143816,2.2819459001895313,-0.12264182919625737,0.3550111874626254
88.63294838518952,24.560048174143816,2.1841177997752386,0.12154270698276716,0.6192235363358505
88.68294838518952,24.560048174143816,1.9879920624477792,0.323441807422992,0.44115258333496793
88.73294838518952,24.560048174143816,2.0968512869191356,-0.025478357712902383,0.370037579649859
88.78294838518953,24.560048174143816,2.225992679105892,0.27645531509303595,0.4851091113052459
88.83294838518952,24.560048174143816,2.068893893457792,0.5767607582876227,0.7809858302795627
88.88294838518952,24.560048174143816,1.7150069381752042,-0.021763393213546263,0.7128284308804447
88.93294838518952,24.560048174143816,1.5635933375817153,-0.31231880875587315,0.7544604573710383
88.98294838518952,24.560048174143816,1.4991135339172583,-0.39835818159925374,0.966676451996939
89.03294838518953,24.560048174143816,1.1853727429001184,-0.3599413846039681,1.2358084276867491
89.08294838518952,24.560048174143816,1.0558836200339345,-0.1765247810815434,1.0627410115436295
89.13294838518952,24.560048174143816,1.2088188243549227,-0.2526807488492222,1.3053261991731926
89.18294838518952,24.560048174143816,0.9302116715916743,-0.5527285358158939,1.2772727929283967
89.23294838518952,24.560048174143816,0.9462879850763404,-0.8479220018916719,0.5434471157715067
89.28294838518953,24.560048174143816,1.2638661087638199,-0.5130391113065096,0.3454405199108774
89.33294838518952,24.560048174143816,1.5883362372887688,-0.2530600111452696,0.22159303770219682
89.38294838518952,24.560048174143816,1.4021017502895838,-0.3120995444905343,0.11149192513698059
89.43294838518952,24.560048174143816,1.7743640021032716,-0.2598426568683426,0.16143240925188349
89.48294838518952,24.560048174143816,1.8421759180657231,-0.1999900035059017,-0.12217288457675768
89.53294838518953,24.560048174143816,1.376093869135247,-0.5226465410588643,-0.009876957159272472
89.58294838518952,24.560048174143816,1.042288497632779,-0.7237957812640312,-0.2660673294391152
89.63294838518952,24.560048174143816,0.9828863317622991,-0.734308332434036,-0.3895921427084496
89.68294838518952,24.560048174143816,1.4394887035447606,-0.976950117265344,0.36890869394300607
89.73294838518952,24.560048174143816,2.2735081925622342,-0.2574491183606641,-0.9502144979388999
89.78294838518953,24.560048174143816,1.8656313001336928,-0.24824225304599978,-0.885740540257853
89.83294838518952,24.560048174143816,1.3994385305635788,-0.41487925880092535,-0.39623263025385574
89.88294838518952,24.560048174143816,0.8034814157981846,-0.27521789065631125,-0.08663045971981859
89.93294838518952,24.560048174143816,1.0574863589482233,-0.2168019253591133,-0.002874791193837596
89.98294838518952,24.560048174143816,1.0144506456421452,-0.4673701007993817,0.29963601444207855
90.03294838518953,24.560048174143816,0.9219197321022682,-0.3585975653966307,-0.3772053151853356
90.08294838518952,24.560048174143816,1.070287029373743,-0.030420086412719288,-0.3405796743160935
90.13294838518952,24.560048174143816,1.3459468978577012,0.36960773560811716,-1.6317044461736467
90.18294838518952,24.560048174143816,1.0584105433501723,0.511200433478588,-0.5603730612255665
90.23294838518952,24.560048174143816,0.4739901191789492,0.13244184878748066,0.37650706746596374
90.28294838518951,24.560048174143816,0.627651465023823,0.46842533947153164,0.3951387753598969
90.33294838518952,24.560048174143816,0.819524111528228,0.6753210922802804,1.3824255636032017
90.38294838518952,24.560048174143816,0.980669482096959,0.43214325460984315,1.0503934907663979
90.43294838518952,24.560048174143816,1.105231770532616,0.15303367294954429,0.9077149819385619
90.48294838518952,24.560048174143816,0.812445937948534,-0.08269479490484932,1.0443323182458633
90.53294838518951,24.560048174143816,1.0055126309131361,-0.1771847059906982,0.2886147649913722
90.58294838518952,24.560048174143816,0.7824722550199938,-0.3214967669311272,0.5650579357198805
90.63294838518952,24.560048174143816,0.666454528466701,-0.4057587856237273,0.8284152998188664
90.68294838518952,24.560048174143816,0.6527132839325673,-0.2635947468997367,0.6925007531073204
90.73294838518952,24.560048174143816,0.4921982494803039,-0.19610727382660914,0.32581808075434
90.78294838518951,24.560048174143816,-0.06893478662837083,-0.27448130147352995,0.2219941697557007
90.83294838518952,24.560048174143816,-0.12661391769701638,-0.34201249560868474,0.03683883803270875
90.88294838518952,24.560048174143816,-0.5124024260457988,-0.38409348050824726,0.06275303288497873
90.93294838518952,24.560048174143816,-0.7821475540131291,-0.2504520509910304,0.4921125981691009
90.98294838518952,24.560048174143816,-0.6420345372835482,-0.11966546994862032,1.3572882883418325
91.03294838518951,24.560048174143816,-0.28480478707692064,-0.7810398727258895,2.043944898821127
91.08294838518952,24.560048174143816,-0.7978999946547347,-1.5786432468298242,1.91479974839988
91.13294838518952,24.560048174143816,-0.7340350773937097,-1.7067392157799943,1.949180138692691
91.18294838518952,24.560048174143816,-0.43725242519007534,-1.5946719009569568,1.6313447143412447
91.23294838518952,24.560048174143816,-0.6213177291323447,-0.8062660073927959,0.9420576869883442
91.28294838518951,24.560048174143816,-0.9640323788659955,-0.27748939142987383,0.6894859787889202
91.33294838518952,24.560048174143816,-1.1778062786500045,-0.01385693021316714,1.02496588692822
91.38294838518952,24.560048174143816,-1.3360425672761045,-0.000821967062018869,0.8646053744096984
91.43294838518952,24.560048174143816,-1.2739358522804913,-0.11351842524335852,1.3218951419131229
91.48294838518952,24.560048174143816,-0.3715522394060353,0.6035291248308778,0.622681637520148
91.53294838518951,24.560048174143816,0.0007878281936853915,0.8604453561461689,0.18919505096049907
91.58294838518952,24.560048174143816,-0.05021905373525004,0.9147066614638972,-0.39813225802895424
91.63294838518952,24.560048174143816,-0.3125637571289946,1.0011186411465323,-0.39430138818340327
91.68294838518952,24.560048174143816,-0.02824091762706099,0.92149403044139,-1.4219421236078762
91.73294838518952,24.560048174143816,-0.8542628023069336,0.444723872685054,-0.43177337040423563
91.78294838518951,24.560048174143816,-1.628041421743587,-0.12840057325457038,0.6947027077276643
91.83294838518952,24.560048174143816,-1.2605352574612496,0.17462644645671688,0.35528464615366184
91.88294838518952,24.560048174143816,-0.9222289490825988,-0.08747097079122479,-0.36984901009773935
91.93294838518952,24.560048174143816,-1.3393648164580894,-0.599727054819032,-0.8065691580755677
91.98294838518952,24.560048174143816,-1.299914995673578,-0.2139624225080546,-0.17890196682187487
92.03294838518951,24.560048174143816,-1.5844075064701602,0.2572022574625263,0.40707287243053936
92.08294838518952,24.560048174143816,-1.6489430651330206,-0.2645279856399572,0.21634365687945753
92.13294838518952,24.560048174143816,-1.3158414431293188,-0.3149240142532413,-0.30858332688660134
92.18294838518952,24.560048174143816,-1.5654995107826095,-0.7518966367313524,-0.44354950790193054
92.23294838518952,24.560048174143816,-2.0917155096249394,-1.7886728301575798,-0.06251618810131412
88.18294838518952,24.51004817414381,3.4964098353324373,0.1242102347409415,-0.024388549844891146
88.23294838518952,24.51004817414381,3.3355948495608554,-0.280353406897326,-0.20694447983219594
88.28294838518953,24.51004817414381,3.3111719395634687,-0.11270810679932602,0.1463799895689508
88.33294838518952,24.51004817414381,2.973677438425139,-0.0040866323614178746,-0.5927985226921629
88.38294838518952,24.51004817414381,3.195452930699475,1.2438585471682257,-1.5702304550778168
88.43294838518952,24.51004817414381,3.0911525103146964,1.426549758347326,-1.5965903296370074
88.48294838518952,24.51004817414381,2.6417424977731603,0.9875903004689984,-1.0981584637236192
88.53294838518953,24.51004817414381,2.272957874910844,0.33369415176743084,-0.2957900770936852
88.58294838518952,24.51004817414381,2.3518395138667154,0.6110865882540337,0.15347456724627523
88.63294838518952,24.51004817414381,2.2805519697650225,0.5128573076302383,-0.2933456169919004
88.68294838518952,24.51004817414381,2.469005405738303,0.6019266555467148,-0.08499907285453828
88.73294838518952,24.51004817414381,2.1512269565461914,0.05323989137480196,0.5013462986356725
88.78294838518953,24.51004817414381,1.777090554589358,-0.1351348936563454,0.811181829251536
88.83294838518952,24.51004817414381,1.5921041489500305,0.30505658865670654,1.457516623812485
88.88294838518952,24.51004817414381,1.7270543586960154,0.2830429580699671,1.4460843919740254
88.93294838518952,24.51004817414381,1.5532339536557629,-0.41472847477004915,0.39692694275324797
88.98294838518952,24.51004817414381,0.998795178831244,-0.9600041557023514,1.1997924885478914
89.03294838518953,24.51004817414381,1.057561553389456,-0.4986088119321903,1.9823657857080055
89.08294838518952,24.51004817414381,1.149020398706393,-0.39421516148184305,1.193877227514462
89.13294838518952,24.51004817414381,1.1766358408560416,-0.29082089705993813,1.2590146691209971
89.18294838518952,24.51004817414381,0.9977427960007257,-0.3008902175632516,1.1965940388726937
89.23294838518952,24.51004817414381,1.318398892135753,-0.37941960862623664,0.8048052689914256
89.28294838518953,24.51004817414381,1.2395045033695844,-0.4824348326470358,0.6178203032333777
89.33294838518952,24.51004817414381,1.368855981710888,-0.1282640934242295,0.4272525559057172
89.38294838518952,24.51004817414381,1.3992717616472838,-0.005615664951807875,0.2801919788879205
89.43294838518952,24.51004817414381,1.3244508261182568,-0.01771933353288671,0.4511536983643204
89.48294838518952,24.51004817414381,1.321989889917214,-0.3078676711758596,-0.04390934831955681
89.53294838518953,24.51004817414381,1.2342291630852158,-0.4548077721852337,-0.08072886705387324
89.58294838518952,24.51004817414381,0.9282674389438523,-0.5916513347645935,-0.19605563816553362
89.63294838518952,24.51004817414381,0.8108318796673651,-0.7426845552005454,-0.3741791328345439
89.68294838518952,24.51004817414381,1.1138218214701852,-1.2026336405645122,-0.0993285384405369
89.78294838518953,24.51004817414381,1.9364051821239343,-0.17551548937670491,-0.7833914650479059
89.83294838518952,24.51004817414381,1.7805668727897885,-0.21826577482232795,-0.8722523461227718
89.88294838518952,24.51004817414381,0.7904546857073049,-0.3203102900705247,-0.2674158562428833
89.93294838518952,24.51004817414381,0.7091612712817154,-0.3118260233602494,-0.2311135092537169
89.98294838518952,24.51004817414381,0.9126705731498015,-0.45216518744431833,-0.04658720950764549
90.03294838518953,24.51004817414381,0.7213341340065376,-0.47102858648752677,-0.4922650058419773
90.08294838518952,24.51004817414381,0.6367741798809863,-0.1074718523049834,0.032980415677606886
90.13294838518952,24.51004817414381,1.116803254073122,0.33222188371192685,-1.1489867816959483
90.18294838518952,24.51004817414381,1.3481929302417592,0.47140497268501447,-1.2310955760635163
90.23294838518952,24.51004817414381,0.7787775189156178,0.3673105668625179,-0.3355647957707685
90.28294838518951,24.51004817414381,0.38082063593747895,0.40636912799479086,0.6062876221118654
90.33294838518952,24.51004817414381,0.18560682605741416,0.5369425080270639,1.4609311568734904
90.38294838518952,24.51004817414381,0.9857988256691024,0.8229161264878307,1.1376189410070474
90.43294838518952,24.51004817414381,1.1704765247711661,0.3735841024121489,0.6658981091565371
90.48294838518952,24.51004817414381,0.8353059398894238,-0.0680728935470632,0.7650136356934694
90.53294838518951,24.51004817414381,1.0755593363404239,-0.08486891969966226,0.32036416153153535
90.58294838518952,24.51004817414381,1.1056832624472046,-0.1825900695157779,0.413625356357256
90.63294838518952,24.51004817414381,0.814364899099496,-0.15679599365700603,0.48146880615728754
90.68294838518952,24.51004817414381,0.5510278483575547,-0.29018159672304805,0.5454947244451289
90.73294838518952,24.51004817414381,0.242335144896057,-0.3645538334746339,0.35077544166085495
90.78294838518951,24.51004817414381,0.024865138999059483,-0.2382776666685177,0.30888401105779734
90.83294838518952,24.51004817414381,0.20843546031349092,-0.286200262254715,0.04084551872261523
90.88294838518952,24.51004817414381,-0.43700480944572134,-0.37034115040709703,-0.159516466893718
90.93294838518952,24.51004817414381,-0.7945872528204471,-0.24158054471331236,0.5662490138482884
90.98294838518952,24.51004817414381,-0.3778880386657212,-0.3142967341435922,1.8256313721705915
91.03294838518951,24.51004817414381,-0.34229500667821333,-1.1620355848934945,1.4983485699821935
91.08294838518952,24.51004817414381,-0.8167589148229415,-1.3673171653163632,1.065443031213521
91.13294838518952,24.51004817414381,-0.9134461344156048,-1.545753076090728,1.432963781148432
91.18294838518952,24.51004817414381,-0.7419953241903301,-1.3066117993692248,0.9211033819471868
91.23294838518952,24.51004817414381,-0.7700061023629677,-0.8415423364783845,0.9580316844534916
91.28294838518951,24.51004817414381,-1.1010666139130405,-0.20751376429197718,0.6078362011880278
91.33294838518952,24.51004817414381,-0.9291743119409621,-0.0822373775106458,0.18144565205421911
91.38294838518952,24.51004817414381,-1.2238862156631207,-0.1628313167585645,0.24889775183654392
91.43294838518952,24.51004817414381,-1.054030560028468,0.29563106592296806,0.8250874389745316
91.48294838518952,24.51004817414381,-0.6133370132178059,0.5226520598195192,0.40856954830717285
91.53294838518951,24.51004817414381,-0.931187848757763,0.6375198156167757,0.5722351696755206
91.58294838518952,24.51004817414381,-0.8817070981190882,0.4203406299048664,-0.22580433871177458
91.63294838518952,24.51004817414381,-0.544810070920908,1.009251603331684,-0.33771195006669574
91.68294838518952,24.51004817414381,-0.055902512730721166,1.1395319119843306,-1.0549487248113636
91.73294838518952,24.51004817414381,-0.1950505372003396,0.8100713009848735,-0.5965230641491045
91.78294838518951,24.51004817414381,-0.8031739196933428,0.4787649392628129,0.06362343529797833
91.83294838518952,24.51004817414381,-0.9601566680881193,0.15864452058339934,-0.226948946688432
91.88294838518952,24.51004817414381,-0.9445763277751793,0.02280048431479248,-0.7953321761957098
91.93294838518952,24.51004817414381,-1.375850833179904,-0.4083887711928174,-1.1202068402055332
91.98294838518952,24.51004817414381,-1.0432717419939948,0.015091972677982401,-0.6543343286416148
92.03294838518951,24.51004817414381,-1.4218956925976884,-0.14205800597073995,-0.7249839444493226
92.08294838518952,24.51004817414381,-1.5834565520152872,-0.9490700401230868,-0.8017723962849611
92.13294838518952,24.51004817414381,-1.393436615515025,-0.9109103170374291,-0.6477040389959734
88.23294838518952,24.46004817414381,4.27709192114987,0.011898113463565951,-0.3344264757625125
88.28294838518953,24.46004817414381,4.71554864065067,0.858603689185651,-0.6444765289652605
88.33294838518952,24.46004817414381,3.813643642226449,-0.2105637356321285,-0.3744541827039518
88.38294838518952,24.46004817414381,3.353306185139081,0.499977195408937,-1.1077866754844339
88.43294838518952,24.46004817414381,2.821848809183631,1.0777340401012485,-1.1762839214160856
88.48294838518952,24.46004817414381,2.2106098578367863,0.788218727724909,0.049877147793094434
88.53294838518953,24.46004817414381,1.934289529213651,0.4296058112081568,0.28051212400553605
88.58294838518952,24.46004817414381,2.1778041701623594,0.5169452610599011,-0.05051843822684664
88.63294838518952,24.46004817414381,2.242896304622285,0.8555771223189002,-0.18532958298086488
88.68294838518952,24.46004817414381,1.9715425934635886,1.1397751864564696,1.0909597403460742
88.73294838518952,24.46004817414381,1.8769828175724945,0.5450588840421079,0.9671392909622738
88.78294838518953,24.46004817414381,1.8669425601082388,0.02551094775155533,0.6510915712800299
88.83294838518952,24.46004817414381,1.7722112964384458,0.10011595879127401,0.8576080204864542
88.88294838518952,24.46004817414381,1.712315510912525,-0.13743860562994442,0.2651787595325624
88.93294838518952,24.46004817414381,1.4020996216527672,-0.24216236666012975,-0.502156079480137
88.98294838518952,24.46004817414381,1.7977228101119078,0.17293452663968398,-0.5684032128667291
89.03294838518953,24.46004817414381,1.580126006981153,0.14135497059486538,0.12687995861880075
89.08294838518952,24.46004817414381,1.5045638490301774,0.006656319472947342,0.09571392599171395
89.13294838518952,24.46004817414381,1.2421807279686963,0.17555620475074024,0.9700783263003485
89.18294838518952,24.46004817414381,1.0919247550400306,0.037763824736365637,0.7671980528756618
89.23294838518952,24.46004817414381,1.2615731719794796,-0.0902310416006059,0.8970364328884932
89.28294838518953,24.46004817414381,1.241897086447353,-0.180652060944528,0.5590809711695003
89.33294838518952,24.46004817414381,1.0136760390811614,-0.24569586481244068,0.6170868325484983
89.38294838518952,24.46004817414381,1.052547814869942,-0.1758562974396881,0.8510952101618964
89.43294838518952,24.46004817414381,1.3793000549519638,-0.052946799915428416,0.9072351858135969
89.48294838518952,24.46004817414381,1.3599360248721852,-0.15965110462016557,0.6361752961836478
89.53294838518953,24.46004817414381,1.191290793249338,-0.3318094080834826,0.3959795917893909
89.58294838518952,24.46004817414381,1.1870128247719236,-0.36203375356213696,-0.07026292743160734
89.63294838518952,24.46004817414381,1.0647706787797222,-0.4823412935498029,-0.24922045919359187
89.68294838518952,24.46004817414381,1.3043461749253293,-0.4599282124878681,0.08626629868755109
89.78294838518953,24.46004817414381,2.369220113313546,-0.44077559859590415,-1.0889707405409683
89.83294838518952,24.46004817414381,1.7290141464123112,-0.10725184484707234,-0.30003889348726503
89.88294838518952,24.46004817414381,0.7472516428561524,-0.5737140515255413,0.18217833762231422
89.93294838518952,24.46004817414381,0.5132171607786117,-0.4504710767839528,0.15959848704910876
89.98294838518952,24.46004817414381,0.36785205717952274,-0.35474127737250705,0.25368266725817995
90.03294838518953,24.46004817414381,0.7194823387705381,-0.008417967010904887,-0.6789313806122051
90.08294838518952,24.46004817414381,0.6662157630270947,-0.016840599237847448,-0.12288189332454678
90.13294838518952,24.46004817414381,1.162946631066135,0.38359478165361477,-0.7453239022177423
90.18294838518952,24.46004817414381,1.1535445802298727,0.46600353100100267,-1.1008094845545016
90.23294838518952,24.46004817414381,0.9645945158765794,0.4724188118099415,-0.908114188979702
90.28294838518951,24.46004817414381,0.6045706438040899,0.12131727791433317,-0.30440907996404726
90.33294838518952,24.46004817414381,0.6968110969057433,0.4072236069328745,0.2723376762164297
90.38294838518952,24.46004817414381,0.7836247520055986,0.8684943052200653,1.181708408384613
90.43294838518952,24.46004817414381,0.6296397025240845,0.40294152865649013,0.9573901650266826
90.48294838518952,24.46004817414381,0.9727977001589081,0.07274750751724385,0.4986257106151153
90.53294838518951,24.46004817414381,1.4238856525602273,0.18581167663942938,0.4513423526822615
90.58294838518952,24.46004817414381,1.4866062359789678,0.2802431653301001,-0.006221855630452949
90.63294838518952,24.46004817414381,1.0716227046113693,-0.040724930884313615,0.19557486119907455
90.68294838518952,24.46004817414381,0.7068478548070652,-0.07711099650898523,0.5840299771321869
90.73294838518952,24.46004817414381,0.32850002359744446,0.06649138543359875,0.8667928966353294
90.78294838518951,24.46004817414381,0.32829041009021764,0.18291318205839407,0.36077364652839683
90.83294838518952,24.46004817414381,0.063362225324118,-0.10659947588545182,-0.04483128196673252
90.88294838518952,24.46004817414381,-0.4418695386552477,-0.2579695580499829,-0.154257698847618
90.93294838518952,24.46004817414381,-0.7779410190234397,-0.42057338291462487,0.7759731396440256
90.98294838518952,24.46004817414381,-0.6955018837283686,-0.6288055238779445,1.703614195954733
91.03294838518951,24.46004817414381,-0.6773760776691409,-0.8769193212660948,1.3782622311753236
91.08294838518952,24.46004817414381,-0.8623662953346456,-1.371030612973846,1.003608484463563
91.13294838518952,24.46004817414381,-1.0132850291564235,-1.2915339231415803,0.5080689627233089
91.18294838518952,24.46004817414381,-0.6848221021321717,-1.061450851004726,-0.07545869473710125
91.23294838518952,24.46004817414381,-1.0094019655764501,-1.1574929361795936,1.0555806944425634
91.28294838518951,24.46004817414381,-1.3660442661812344,-0.9630854436866849,1.2494560760725368
91.33294838518952,24.46004817414381,-1.5269955105755428,-0.17335445089921767,1.0053814162163692
91.38294838518952,24.46004817414381,-1.528318446843258,-0.023751906110431247,1.1008567680600316
91.43294838518952,24.46004817414381,-1.3229276340587537,-0.0020702483893200174,0.928714528391884
91.48294838518952,24.46004817414381,-1.251653105878649,0.21961622437909098,1.0831459426908652
91.53294838518951,24.46004817414381,-0.9890983522218648,0.7784488139367918,0.8546468371986785
91.58294838518952,24.46004817414381,-0.44049082537631656,0.43156279481572374,-0.5167889111728867
91.63294838518952,24.46004817414381,-0.44944640298535293,0.8616990419093558,-0.7050454090829417
91.68294838518952,24.46004817414381,-0.1879683869077844,1.3234946678096533,-0.967528119913019
91.73294838518952,24.46004817414381,-0.024212044628580176,1.2191538686691563,-1.1110504172898912
91.78294838518951,24.46004817414381,-0.7251416026708921,0.4488393125155741,-0.7439353856021713
91.83294838518952,24.46004817414381,-0.9144602679707299,0.021339483072866698,-0.3417831511620694
91.88294838518952,24.46004817414381,-0.9455645422617918,0.11080259132457199,-0.4238621143241443
91.93294838518952,24.46004817414381,-0.9028533896874925,0.4149085598119042,-0.7032624195288166
91.98294838518952,24.46004817414381,-0.753981653885661,0.5220473626402283,-1.1439168132403759
92.03294838518951,24.46004817414381,-1.012615130750732,-0.042799804137938574,-1.2400199269911907
92.08294838518952,24.46004817414381,-1.9497640222315766,-1.6255499166931222,-0.4389428268765378
92.13294838518952,24.46004817414381,-1.502273613064556,-0.8636759166098872,-1.0427849450689235
88.33294838518952,24.41004817414381,3.3922016406709505,-0.21744910011787938,-0.19439427396589543
88.38294838518952,24.41004817414381,3.6438995270515413,-0.09573699918137513,-0.3912446231454317
88.43294838518952,24.41004817414381,3.1380825512906183,0.7434740132736317,-0.9834615271261692
88.48294838518952,24.41004817414381,2.7313469195049596,0.6646860416737752,-0.6574507663844913
88.53294838518953,24.41004817414381,2.6130352904837837,0.37660797855961303,-0.25274177494020755
88.58294838518952,24.41004817414381,2.9127150637660044,1.1789340548857665,-0.13211361128663732
88.63294838518952,24.41004817414381,2.507422360653356,1.155772366571358,0.14632006870935424
88.68294838518952,24.41004817414381,1.7014231352637328,0.8626788619609514,1.093611718686984
88.73294838518952,24.41004817414381,1.331113947295772,0.5877030134334164,1.2262903416092046
88.78294838518953,24.41004817414381,1.7483659093540147,0.23389135109155731,0.3795679408660653
88.83294838518952,24.41004817414381,1.6472073649216643,-0.027005890736850856,0.07088698891328717
88.88294838518952,24.41004817414381,1.7358316237447562,-0.3023344815356153,-0.3913528830190379
88.93294838518952,24.41004817414381,1.5489370421968471,-0.14719076692251667,-0.3850572803329308
88.98294838518952,24.41004817414381,1.9365948626662681,0.8174427220336975,-0.10925888833637078
89.03294838518953,24.41004817414381,1.9089516713906107,0.14039108076827198,-0.4262593836604378
89.08294838518952,24.41004817414381,1.545502079233617,-0.1870285351142428,-0.1843257122526864
89.13294838518952,24.41004817414381,1.249555983253311,-0.10086042429187439,0.18378022315365167
89.18294838518952,24.41004817414381,1.239882323456196,-0.08346235846758726,-0.018852520870819445
89.23294838518952,24.41004817414381,1.1792178245050955,0.24373357424686787,0.2341447788148582
89.28294838518953,24.41004817414381,1.5617140012871502,0.25188106397795523,0.10960375025912485
89.33294838518952,24.41004817414381,1.491123886683223,0.1600514765966538,0.16600641674108974
89.38294838518952,24.41004817414381,1.1170403974585505,0.22891834704841113,1.5661659800041072
89.43294838518952,24.41004817414381,1.0610063293815384,-0.02739536073607607,1.4411380366159419
89.48294838518952,24.41004817414381,1.2376636847284535,-0.2902377771116146,0.4842321716872897
89.53294838518953,24.41004817414381,1.4337009522021547,-0.1841282097053392,0.4033709450973956
89.58294838518952,24.41004817414381,1.429085971976635,-0.10421836313925636,-0.06177308569891467
89.63294838518952,24.41004817414381,0.800091010257202,-0.5722541175186794,-0.1312706911734714
89.68294838518952,24.41004817414381,0.896633057475632,-0.8892873093859284,0.15440345524693488
89.73294838518952,24.41004817414381,1.9710321538251023,-0.1180475616689482,-0.04401198735246543
89.83294838518952,24.41004817414381,1.0875857192346843,-0.31888637078885784,0.2578158578599812
89.88294838518952,24.41004817414381,0.5652089767565305,-0.2175570893582094,0.6676182266229105
89.93294838518952,24.41004817414381,0.41167528711164764,-0.3982396534880113,0.2207174355847917
89.98294838518952,24.41004817414381,0.6129500103392765,-0.175514399473164,0.045169527503663355
90.03294838518953,24.41004817414381,0.5360436815307755,0.012306544506358152,-0.05460500630497397
90.08294838518952,24.41004817414381,0.8256448177499288,0.3312399412075861,-0.02902940820289187
90.13294838518952,24.41004817414381,1.1352232282343266,0.240863479557493,-0.47451649435828835
90.18294838518952,24.41004817414381,1.431326941908595,0.36031157881585074,-0.6685136749899305
90.23294838518952,24.41004817414381,1.5665785110829245,0.32438558619066216,-0.8062085777161417
90.28294838518951,24.41004817414381,1.2008660084583025,0.24771036743629632,-0.8778620878261008
90.33294838518952,24.41004817414381,0.5190939018190193,0.4137004193586781,0.33931914526065443
90.38294838518952,24.41004817414381,0.22334733816417607,0.6040705508024701,1.545047868910547
90.43294838518952,24.41004817414381,0.25175868481172253,0.5962417503909212,2.2022679519459976
90.48294838518952,24.41004817414381,0.7986289467672784,0.3838439512537304,1.2132490922447636
90.53294838518951,24.41004817414381,0.9527186121461495,0.045555683882902764,0.6247110195149752
90.58294838518952,24.41004817414381,1.083773591056795,-0.06341665277445258,0.6085547785406512
90.63294838518952,24.41004817414381,1.2994720258613917,0.19126029720138238,0.058680655102850386
90.68294838518952,24.41004817414381,1.2238082143986933,0.11129303953674152,0.3278211604842868
90.73294838518952,24.41004817414381,0.8650895484157546,0.13676706028223273,0.554471958474673
90.78294838518951,24.41004817414381,0.3590371954737017,0.18576934685855728,0.6369833087591599
90.83294838518952,24.41004817414381,-0.4062216496277564,-0.21056855439059877,0.6426385489309765
90.88294838518952,24.41004817414381,-0.5289428418695812,-0.15899620933790581,0.519403758267187
90.93294838518952,24.41004817414381,-0.5582911684399123,-0.3265093848084242,1.3439182208410112
90.98294838518952,24.41004817414381,-0.3986741438668189,-0.7398623673720721,1.624013680290408
91.03294838518951,24.41004817414381,-0.2714094400206834,-0.6574816468030261,1.2435064828149196
91.08294838518952,24.41004817414381,-0.522250758362973,-1.0350009535856461,0.3477998484844849
91.13294838518952,24.41004817414381,-0.7344243824143245,-0.800268458229765,0.3564366880374459
91.18294838518952,24.41004817414381,-0.9544311055257048,-1.1725583304965315,0.09000378586314488
91.23294838518952,24.41004817414381,-1.2206811062341762,-1.2409069560015757,1.3282611544790832
91.28294838518951,24.41004817414381,-1.4961638573547633,-0.9414675748309,1.035940306394249
91.33294838518952,24.41004817414381,-1.2913528952300333,-0.1267308963287357,0.7650512150937512
91.38294838518952,24.41004817414381,-0.907410777300491,0.7423463529846721,1.0000465289425962
91.43294838518952,24.41004817414381,-1.033092362598672,0.8389859805658065,0.7503878055920703
91.48294838518952,24.41004817414381,-0.9825058479737815,0.5297789349671852,0.7335323527227878
91.53294838518951,24.41004817414381,-0.30108415413448775,1.0109612809412534,0.2555068378834069
91.58294838518952,24.41004817414381,-0.17377933718353938,0.7133154617774079,-0.9474261506434771
91.63294838518952,24.41004817414381,-1.1005483213961704,0.4348554828052821,-0.5747917506567346
91.68294838518952,24.41004817414381,-1.6222236863502744,0.8210613073407466,0.3122640707727544
91.73294838518952,24.41004817414381,-0.8928595620492268,1.160583980363456,-0.5779954767335316
91.78294838518951,24.41004817414381,-0.739464952227556,0.7438012980504973,-1.4265127345632207
91.83294838518952,24.41004817414381,-0.8203442923561747,0.6403137639685607,-0.8575239690906205
91.88294838518952,24.41004817414381,-0.6761447893871918,0.4683986499056306,-0.6578336541995952
91.93294838518952,24.41004817414381,-0.6966100012520406,0.5915357719721002,-0.8378808504448825
91.98294838518952,24.41004817414381,-1.0176954662501423,0.3730055069695615,-0.8852077171305986
92.03294838518951,24.41004817414381,-1.5737201565965773,-0.6710953817033338,-0.6363924362170741
92.08294838518952,24.41004817414381,-2.358241781930583,-1.7974283885885531,-0.12560034561816172
92.13294838518952,24.41004817414381,-1.5576337635863724,-0.7802154900725149,-1.2658693641555334
88.48294838518952,24.360048174143817,3.707893695540461,0.32272147702697795,-0.2174299376846543
88.53294838518953,24.360048174143817,3.797407181560316,0.6273304908324329,0.26704469563259814
88.58294838518952,24.360048174143817,3.378879343881603,1.8529329905811789,0.7308615745190336
88.63294838518952,24.360048174143817,3.0535390680317764,1.0838762039709304,0.5926389200821242
88.68294838518952,24.360048174143817,1.9948044595772116,-0.4251265214889875,0.14538987346227128
88.73294838518952,24.360048174143817,1.3583486352455254,-0.4868728369228618,-0.0499598179827193
88.78294838518953,24.360048174143817,1.5015991097232897,-0.44891620176356817,-0.28089394003099055
88.83294838518952,24.360048174143817,1.5699585443343007,-0.4757853920801144,-0.3680163673961542
88.88294838518952,24.360048174143817,1.7082443100008744,-0.532282788798916,-0.6908946138671556
88.93294838518952,24.360048174143817,1.8488061791568355,-0.295083799793432,-0.7258299453450903
88.98294838518952,24.360048174143817,2.095950701632227,0.3451986587266642,-1.0335721357895968
89.03294838518953,24.360048174143817,1.6023977255846844,0.05074813453791296,-0.47015971281453933
89.08294838518952,24.360048174143817,1.2657322070143577,0.07449116360404594,0.05768090037867423
89.13294838518952,24.360048174143817,1.0581195246937258,0.5260921534494845,1.220981266458983
89.18294838518952,24.360048174143817,1.4194953765865261,0.06210420866821145,-0.660600368510964
89.23294838518952,24.360048174143817,1.8592890179306762,0.5364615956690459,-0.9464875838888345
89.28294838518953,24.360048174143817,1.7467257130989966,0.5014687118613949,-0.8526004306980721
89.33294838518952,24.360048174143817,1.3235001408239164,0.26987305043161564,-0.07720970186224299
89.38294838518952,24.360048174143817,0.9163720335380238,-0.10066884568549422,0.7556767011750425
89.43294838518952,24.360048174143817,0.9727921703049014,-0.11525038276074334,0.8830993909047186
89.48294838518952,24.360048174143817,1.1102591542582907,-0.20109437699078786,0.04881180826754867
89.53294838518953,24.360048174143817,1.2283227705207256,-0.25943309498976197,-0.04619193167760891
89.58294838518952,24.360048174143817,1.0256520143014927,-0.29643526893784644,-0.37604431687106304
89.63294838518952,24.360048174143817,0.8073544129095932,-0.510502101917734,-0.3509823581015969
89.68294838518952,24.360048174143817,0.7903485692085418,-0.8747798131475878,-0.20780947637205877
89.73294838518952,24.360048174143817,1.8077193826578473,-0.23580796633373785,-0.5713045534261787
89.83294838518952,24.360048174143817,1.057471076108585,-0.2626489651269206,0.2607127098267934
89.88294838518952,24.360048174143817,0.8622374723768332,-0.10251670066078192,0.32692821044224896
89.93294838518952,24.360048174143817,0.6986915531516852,-0.2560124531090245,0.14504196584613757
89.98294838518952,24.360048174143817,0.7887662255702146,-0.13474983496933454,0.01034525454846081
90.03294838518953,24.360048174143817,0.5546759159769568,0.239014996918806,0.03506726394762686
90.08294838518952,24.360048174143817,0.6458393226305728,0.2807473575269151,-0.35350753713108796
90.13294838518952,24.360048174143817,1.2447906592266258,0.1616357569718582,-0.9282954885087027
90.18294838518952,24.360048174143817,1.5137337448322548,0.23654078681603108,-0.559445954522655
90.23294838518952,24.360048174143817,1.3083275524483078,0.11163897712510035,-0.5361817125680237
90.28294838518951,24.360048174143817,0.9221634057267964,-0.10476743547568487,-0.6500878992300297
90.33294838518952,24.360048174143817,0.6458812407827461,-0.012054846999350721,-0.6470371725507483
90.38294838518952,24.360048174143817,0.3810090476219756,0.5855807294120585,0.19904960005307326
90.43294838518952,24.360048174143817,0.2981966324056221,0.44400105428487047,1.2262164413923715
90.48294838518952,24.360048174143817,0.3338686654171411,0.2979046147918139,1.220057277757785
90.53294838518951,24.360048174143817,0.24527364775599034,0.16523446317071244,0.8652178725500377
90.58294838518952,24.360048174143817,0.5742865567839949,-0.07851330967002657,0.5164488615967444
90.63294838518952,24.360048174143817,0.7319399623219287,-0.12531144388087256,-0.059705635358062906
90.68294838518952,24.360048174143817,0.7441702430794866,0.04688783937954338,-0.1912303443640248
90.73294838518952,24.360048174143817,0.7158982824361366,-0.011672047060826585,0.47602063313473536
90.78294838518951,24.360048174143817,0.39207223913346617,0.2925635323075848,1.0636562198044575
90.83294838518952,24.360048174143817,-0.49774027323710124,0.12832966477280466,1.0372290928187347
90.88294838518952,24.360048174143817,-0.8879249700912702,0.18957750334478837,1.0794614871685229
90.93294838518952,24.360048174143817,-0.5057547881310593,-0.3484148661284759,1.410601689191317
90.98294838518952,24.360048174143817,-0.31492993760313803,-0.9445752515485918,1.4890133058905515
91.03294838518951,24.360048174143817,-0.007118194809872101,-1.0986764718134736,1.3444864335933122
91.08294838518952,24.360048174143817,-0.6584352887143691,-1.2634516957774282,0.9053939777425282
91.13294838518952,24.360048174143817,-0.6754378355918726,-1.2548810811292337,0.6096511965113631
91.18294838518952,24.360048174143817,-0.9094635573086585,-1.0166515074730702,0.5946867448549278
91.23294838518952,24.360048174143817,-1.0273904580632807,-0.8413892526307656,1.1141527731062935
91.28294838518951,24.360048174143817,-0.9975788183054727,-0.08133334418462294,0.9697084288008876
91.33294838518952,24.360048174143817,-0.62157244954512,0.6927943269531599,0.4780320247801474
91.38294838518952,24.360048174143817,-0.26020899665467373,0.9561567097215169,0.14053034887586174
91.43294838518952,24.360048174143817,-0.38023737175782385,1.161025678421037,0.2790469566824449
91.48294838518952,24.360048174143817,-0.4939026756867412,1.1302267620212292,0.4858852953209153
91.53294838518951,24.360048174143817,0.05295805284703731,1.1976364207153494,-0.4990185603847973
91.58294838518952,24.360048174143817,-0.4298981923125705,0.575033645287637,-1.216684121159484
91.63294838518952,24.360048174143817,-0.9966372873595246,0.3756937901242549,-0.9549000085685024
91.68294838518952,24.360048174143817,-1.6594868071918198,0.21159547056945782,0.8686424656987346
91.73294838518952,24.360048174143817,-1.3293905401527524,0.5645601985945404,-0.406592514805319
91.78294838518951,24.360048174143817,-1.2423532679626883,0.05908381591199077,-1.2130276145335248
91.83294838518952,24.360048174143817,-1.23410582280096,0.20351277648103788,-0.8660193433263487
91.88294838518952,24.360048174143817,-0.47567053848725727,0.6589140797187563,-1.051916085149228
91.93294838518952,24.360048174143817,-0.5236497088922774,0.8970584925775328,-1.5094163172128399
91.98294838518952,24.360048174143817,-0.7480893036101611,0.5414497360394066,-0.9391882897765675
88.58294838518952,24.310048174143816,3.7527933128066606,1.9192672667305257,-1.1645733317889928
88.63294838518952,24.310048174143816,3.8094736992426794,1.07176390563553,-1.4731981360749966
88.68294838518952,24.310048174143816,2.8032804836254703,0.3950500493454555,0.08743732004733427
88.73294838518952,24.310048174143816,2.0821069995338735,-0.9429545525343552,0.1199417203584958
88.78294838518953,24.310048174143816,2.196822857397913,-0.5948746732408479,-0.29906071665727
88.83294838518952,24.310048174143816,2.2903649363846967,-0.43856393689093925,-0.6123102316934066
88.88294838518952,24.310048174143816,2.1188387999828553,-0.5095310215631972,-0.9561516106213447
88.93294838518952,24.310048174143816,2.0930072082440336,-0.3432032298408233,-0.963925298077902
88.98294838518952,24.310048174143816,2.041484655893307,0.014112103100746752,-0.9109970488227483
89.03294838518953,24.310048174143816,1.6260954587797303,-0.27415635313705405,-0.7806749909301283
89.08294838518952,24.310048174143816,1.5557437197946156,-0.06216423556330523,-0.6574295717621114
89.13294838518952,24.310048174143816,1.4959396601476376,0.1316960913854825,-0.2267391229484291
89.18294838518952,24.310048174143816,1.5760193573527823,0.09061838872582567,-0.7917560868634869
89.23294838518952,24.310048174143816,2.0381661316577366,0.6842358335490618,-1.340215920141512
89.28294838518953,24.310048174143816,1.9140840202322993,0.7634425774531515,-1.5401738531939255
89.33294838518952,24.310048174143816,1.410938699686497,0.44050759315608956,-0.31748762490842125
89.38294838518952,24.310048174143816,0.7550171396832848,-0.1203805102413506,0.2569076575706574
89.43294838518952,24.310048174143816,0.7141879202730939,-0.05404551316710872,0.09390111151671754
89.48294838518952,24.310048174143816,1.1985122616741837,0.10390486535699982,-0.3458047407168224
89.53294838518953,24.310048174143816,1.244891891982841,-0.07266171427358284,-0.3152566038101196
89.58294838518952,24.310048174143816,0.7587080339805146,-0.3074929498662426,-0.38758089150431824
89.63294838518952,24.310048174143816,0.5885242315942559,-0.5073484265059296,-0.5291038792533211
89.68294838518952,24.310048174143816,0.7274399836990627,-0.6387813928701799,-0.30275378622215765
89.73294838518952,24.310048174143816,1.8556650567004798,-0.025159273958939743,-0.6455644047279587
89.83294838518952,24.310048174143816,0.5896691991830533,-0.21268691137197065,-0.5660274133032582
89.88294838518952,24.310048174143816,0.7681987828803096,-0.27117008032994366,-0.12888873560450248
89.93294838518952,24.310048174143816,0.9410782878108381,-0.20499955264330091,0.07214474084744547
89.98294838518952,24.310048174143816,0.9152546994146369,0.02328412353988566,0.32946420300894963
90.03294838518953,24.310048174143816,0.6950631868752382,0.22871930557557318,-0.10406038969650135
90.08294838518952,24.310048174143816,0.7385379772804437,-0.029894008411561587,-0.2982092063761811
90.13294838518952,24.310048174143816,0.8516035321191608,-0.25575721145528757,-0.81929487233833
90.18294838518952,24.310048174143816,0.9546265522398186,0.0876712521204549,-0.7663903371052798
90.23294838518952,24.310048174143816,1.1545138004831992,0.06111708296820259,-0.6446656253390782
90.28294838518951,24.310048174143816,1.2146016050993436,0.002726368966006004,-0.2564384819609908
90.33294838518952,24.310048174143816,1.2707718361237335,0.3497801799511423,-0.2976288392634824
90.38294838518952,24.310048174143816,1.4832822517494033,1.7662000283851584,-0.6512591376563858
90.43294838518952,24.310048174143816,0.6839205337690578,0.38459283330246585,-0.2088495586906329
90.48294838518952,24.310048174143816,0.4258956686935167,0.1719239261574489,0.7072604139456499
90.53294838518951,24.310048174143816,-0.10152839540394551,0.22412225707787858,1.1356928623324742
90.58294838518952,24.310048174143816,0.11469348483519753,0.234848209492995,1.0826244342599196
90.63294838518952,24.310048174143816,0.7009730139399322,0.21039688974867432,0.21914180930032753
90.68294838518952,24.310048174143816,0.7778656841891392,0.25772439125156615,0.1982859829112395
90.73294838518952,24.310048174143816,0.6898448683777081,0.06146489948237399,0.2443479773570083
90.78294838518951,24.310048174143816,0.40846877937644577,0.12408331051023636,0.6195074963195487
90.83294838518952,24.310048174143816,0.1569878703073239,0.17049970915828097,0.5801361564966422
90.88294838518952,24.310048174143816,-0.32021754733028907,0.16347139553394235,0.49190614386974685
90.93294838518952,24.310048174143816,-0.47479061143193113,-0.13430658050179,1.283112782282623
90.98294838518952,24.310048174143816,-0.400055638527405,-0.7724139189410799,1.3969652960872165
91.03294838518951,24.310048174143816,-0.3455356515966963,-1.0499774473670456,1.0340928301536259
91.08294838518952,24.310048174143816,-0.27306426510216175,-0.8610586192192826,0.9739423788579116
91.13294838518952,24.310048174143816,-0.5914066631451086,-1.0435860805497763,1.5968093547445668
91.18294838518952,24.310048174143816,-0.5934567675667363,-0.9849943552820102,0.8141016614089127
91.23294838518952,24.310048174143816,-0.494719757000076,-0.1806030730760849,0.9604992841632067
91.28294838518951,24.310048174143816,-0.15948958740113367,0.9637755824560648,0.4344727430343115
91.33294838518952,24.310048174143816,0.24017985473081008,1.2746991982728415,-0.44232173385692497
91.38294838518952,24.310048174143816,0.26572160429671593,1.092726026071433,-0.2883678364679239
91.43294838518952,24.310048174143816,-0.023021306163377664,1.062157092975845,-0.27202392832820077
91.48294838518952,24.310048174143816,-0.03227510547657497,1.2876988169908494,-0.03244682226613285
91.53294838518951,24.310048174143816,0.062004649715040216,1.3390345266015795,-0.5373306064630125
91.58294838518952,24.310048174143816,-0.5777638579347368,0.9615782832713281,-1.5272270244491883
91.63294838518952,24.310048174143816,-0.7709632575484742,0.7106807459637425,-1.2763296437116087
91.68294838518952,24.310048174143816,-0.9504390369813103,0.5418724048790258,-0.008431321050858686
91.73294838518952,24.310048174143816,-0.6937050379506818,0.8900044940144433,-0.7202389878724451
91.78294838518951,24.310048174143816,-1.2266938333322834,0.010258901867886777,-1.1592189967328153
91.83294838518952,24.310048174143816,-0.9747763028206372,0.33604158688299157,-1.4855712330576614
91.88294838518952,24.310048174143816,-0.7258881317824136,0.19002681371724506,-1.1810849170856705
91.93294838518952,24.310048174143816,-0.8747167472154438,-0.2938507083491326,-0.9308855476123225
88.78294838518953,24.26004817414381,1.7965696311688473,-0.9961041317526607,-0.33443224788498477
88.83294838518952,24.26004817414381,1.9336379868951543,-0.8957928476420678,-0.6547110493009413
88.88294838518952,24.26004817414381,1.7472559895775923,-0.6747789514953164,-0.7951249931277432
88.93294838518952,24.26004817414381,2.125061559161133,-0.2042267629908922,-1.2787755049249427
88.98294838518952,24.26004817414381,2.0427778270326287,0.12260714008441867,-1.1985393757707192
89.03294838518953,24.26004817414381,2.006797281266933,0.061218867349367295,-1.1769420932111943
89.08294838518952,24.26004817414381,1.9962591271765042,0.2503424118761642,-1.0723836039697157
89.13294838518952,24.26004817414381,1.6990958490160162,0.45013904513549097,-0.8530922613471363
89.18294838518952,24.26004817414381,1.555682648204361,-0.2347103553901171,-0.746014120991646
89.23294838518952,24.26004817414381,1.8660475695763272,-0.002594583999630605,-0.5353458497098746
89.28294838518953,24.26004817414381,1.7831253461041814,0.2648625612779523,-0.5508103565468979
89.33294838518952,24.26004817414381,1.2929871348656954,0.3506180487397647,-0.5108334547794547
89.38294838518952,24.26004817414381,0.8416246876164696,-0.010475481450384353,0.2721246847443756
89.43294838518952,24.26004817414381,0.7852393308753532,-0.11332720220115099,0.14795813977634786
89.48294838518952,24.26004817414381,1.2368424296857177,0.28335674509673536,-0.3844892935226791
89.53294838518953,24.26004817414381,1.376412423549225,0.18513796326121848,-0.38363138911747463
89.58294838518952,24.26004817414381,0.9529311871121666,0.010517039899300615,-0.311999479932149
89.63294838518952,24.26004817414381,0.7804832836669672,-0.23653946438485596,-0.491985596033232
89.68294838518952,24.26004817414381,1.2209143973871064,-0.6205961328708451,-0.2549876908562057
89.73294838518952,24.26004817414381,2.0408079347054766,-0.1712341958549179,-0.15001840206605663
89.83294838518952,24.26004817414381,0.9284002614114977,-0.29844944714626354,-0.6489231422448674
89.88294838518952,24.26004817414381,1.0566279391036888,-0.24818550706050382,-0.030655101693487483
89.93294838518952,24.26004817414381,0.8842273684301052,-0.04264271933539737,0.06495881129539198
89.98294838518952,24.26004817414381,0.7866108584674449,-0.07029465246086194,-0.04893894417478584
90.03294838518953,24.26004817414381,0.6528192582480458,0.14810592096295266,0.04415412249004395
90.08294838518952,24.26004817414381,0.7492614505210473,-0.008820561560340029,-0.3836431496704576
90.13294838518952,24.26004817414381,0.8785470890909921,-0.309613873344541,-0.742193942360051
90.18294838518952,24.26004817414381,0.8097709082984028,-0.37213380541136676,-0.6723925750688005
90.23294838518952,24.26004817414381,0.7703888569601842,-0.16237353494991635,-0.7777299923458467
90.28294838518951,24.26004817414381,1.0054822914849166,-0.022713027556945348,-0.6138302755537279
90.33294838518952,24.26004817414381,1.2587023589582038,0.34757767520746696,-0.5123658485698774
90.38294838518952,24.26004817414381,1.8213375343485432,1.8244848327856698,-0.6200957003524449
90.43294838518952,24.26004817414381,1.1857584715305058,0.9635247864504157,-0.7000604208494458
90.48294838518952,24.26004817414381,0.5388618140312268,0.12748152088395445,0.19076800682247616
90.53294838518951,24.26004817414381,-0.07065726127685212,0.12334575299849443,1.109421089044207
90.58294838518952,24.26004817414381,0.2444547083376172,0.011018677615357991,1.035411409388805
90.63294838518952,24.26004817414381,0.92511262348215,0.14410108972305044,0.5347975486752323
90.68294838518952,24.26004817414381,0.833569467043697,0.245270454829749,0.29291744780268275
90.73294838518952,24.26004817414381,0.7447629270446906,0.31037089611446483,-0.11801258989837599
90.78294838518951,24.26004817414381,0.748244994970896,0.4233051854647041,0.1848034722542844
90.83294838518952,24.26004817414381,0.5820257381018439,0.2694682442258943,0.20155328215982224
90.88294838518952,24.26004817414381,0.1875121804666395,0.20613260606074962,0.3488559244121691
90.93294838518952,24.26004817414381,-0.014614752631600808,0.08842322894303054,0.8752981669806309
90.98294838518952,24.26004817414381,-0.3977790212426355,-0.6229080251268246,1.1070676524040401
91.03294838518951,24.26004817414381,-0.09683084190207594,-0.7934672711500244,0.9718592911671016
91.08294838518952,24.26004817414381,0.1415787759852168,-0.4254188560441172,0.8312255553869502
91.13294838518952,24.26004817414381,-0.01892600134589026,-0.4095424165540328,0.7369975195054806
91.18294838518952,24.26004817414381,-0.3726758053870224,-0.2441140333754186,1.2659521307975532
91.23294838518952,24.26004817414381,-0.1321749409890594,0.9758528464140872,-0.1041663956523077
91.28294838518951,24.26004817414381,0.46164366673560664,2.038064982844305,-1.1207868109656502
91.33294838518952,24.26004817414381,0.04167621962090401,1.2367577069129518,-0.5797409793791145
91.38294838518952,24.26004817414381,0.10658384658187986,1.2892205682089302,-0.485448434635804
91.43294838518952,24.26004817414381,-0.0006779373349269091,1.1520262838220758,-0.3758366832505879
91.48294838518952,24.26004817414381,-0.03665162049614423,1.463522658037304,-0.1159286816086918
91.53294838518951,24.26004817414381,-0.5052555607177844,1.1520831722026112,-0.43010381695813693
91.58294838518952,24.26004817414381,-0.6827832395094413,0.7555447549670776,-1.4512191758964919
91.63294838518952,24.26004817414381,-0.5591031624284061,0.8767793682274522,-1.4852448353690297
91.68294838518952,24.26004817414381,-0.7507110724203071,0.9205878612990984,-0.9284780638765424
91.73294838518952,24.26004817414381,-0.68669387768863,1.0172327840362703,-1.3669467166517555
91.78294838518951,24.26004817414381,-1.2261170202419036,0.12213457005588868,-1.562782698375391
91.83294838518952,24.26004817414381,-1.0806627667055106,0.4204012613745761,-1.77928562112121
91.88294838518952,24.26004817414381,-1.2953601812507654,-0.24011348633024643,-1.0450066517907128
91.93294838518952,24.26004817414381,-1.5734687270909729,-1.2255635573239991,-0.7434574357786795
88.78294838518953,24.21004817414381,2.489048816573851,-0.8718953140761164,-0.5896225842649168
88.83294838518952,24.21004817414381,1.7225258150502392,-0.4602371893674011,-0.06838510559106252
88.88294838518952,24.21004817414381,1.4412217773616622,-0.30705138314803015,0.3109939849098217
88.93294838518952,24.21004817414381,2.164767276179403,0.07919821636936009,-0.8472357852567194
88.98294838518952,24.21004817414381,2.2069660124188437,0.43339720128799664,-1.3982968725634262
89.03294838518953,24.21004817414381,2.315826313678979,0.4492524542836268,-1.4080264009157706
89.08294838518952,24.21004817414381,2.436377353014107,0.7704145714093931,-1.373404491181373
89.13294838518952,24.21004817414381,2.200982336313154,0.9247998973266571,-1.3000747609584302
89.18294838518952,24.21004817414381,1.740772637846023,0.5470840431206194,-1.1458292873240805
89.23294838518952,24.21004817414381,1.7070320374110006,0.548749877754459,-1.1360835742801612
89.28294838518953,24.21004817414381,1.5158422942486858,0.24266634208916876,-0.4993824891145754
89.33294838518952,24.21004817414381,1.1804116308883397,0.28446680661775,-0.9279662940991377
89.38294838518952,24.21004817414381,0.8298791509870532,0.25082555990606126,-0.4959486046066837
89.43294838518952,24.21004817414381,0.941309068203387,0.31133562922184777,-0.7077847545469823
89.48294838518952,24.21004817414381,1.3391527596987944,0.47456846941472663,-0.5088240330678041
89.53294838518953,24.21004817414381,1.1931984656651276,0.24731498177992406,-0.3506321992750479
89.58294838518952,24.21004817414381,1.037540213262813,0.016078053258849027,-0.5656891985061634
89.63294838518952,24.21004817414381,0.8249960489431953,-0.31487646992309504,-0.5844133787914877
89.68294838518952,24.21004817414381,1.3760842477964892,-0.11455997355661185,-0.15272369478293646
89.78294838518953,24.21004817414381,2.465618270429722,0.5835736264533552,-1.1362164422011278
89.83294838518952,24.21004817414381,1.5124573459278987,0.2561822919452913,-0.863429625024429
89.88294838518952,24.21004817414381,1.167816139546121,-0.012033644263908072,-0.5001731584855439
89.93294838518952,24.21004817414381,0.8046799837395175,-0.2615099727193406,-0.17578719649951907
89.98294838518952,24.21004817414381,0.8826601576611616,-0.004913626694241946,-0.09825561977260751
90.03294838518953,24.21004817414381,0.7221793685553081,0.11761889190673377,-0.21640212953565513
90.08294838518952,24.21004817414381,0.6836151511111028,0.2070163713360835,-0.07456875685516684
90.13294838518952,24.21004817414381,1.0167937033060503,0.022429694076752535,-0.42145159829837153
90.18294838518952,24.21004817414381,0.7161509677506163,-0.27744880462566557,-0.7982751789566823
90.23294838518952,24.21004817414381,0.4842389847718155,-0.2267118159979103,-0.8450208334953956
90.28294838518951,24.21004817414381,0.5106470504945007,0.02585609898840191,-0.4260499558117499
90.33294838518952,24.21004817414381,0.9184903156017691,0.09213038381065883,-0.9440103018397508
90.38294838518952,24.21004817414381,1.8288967707150234,1.1674772921284093,-0.7082418378891495
90.43294838518952,24.21004817414381,1.962077034293091,2.1287074558756935,-0.9006041293771562
90.48294838518952,24.21004817414381,1.0271418244587798,0.8019610167634814,-0.6954515953547966
90.53294838518951,24.21004817414381,0.34087651379183564,0.14461041903352306,-0.5810945685310129
90.58294838518952,24.21004817414381,0.5933522864041724,0.04395575442195493,-0.5212431515282357
90.63294838518952,24.21004817414381,0.9625670804490831,0.37357407919627594,-0.22576468402372077
90.68294838518952,24.21004817414381,1.0062257629606752,0.5237341146279408,-0.2526293769112738
90.73294838518952,24.21004817414381,0.774735679560115,0.36083975100368887,-0.46114467997038294
90.78294838518951,24.21004817414381,0.6788740145001426,0.36169447116325715,-0.18016675297299048
90.83294838518952,24.21004817414381,0.4599406665849274,0.44534921723526016,-0.08934930912725533
90.88294838518952,24.21004817414381,0.12770583815816702,0.4749029083938783,0.12170679536068421
90.93294838518952,24.21004817414381,-0.3522363970819745,0.35119931665889265,0.768843734951218
90.98294838518952,24.21004817414381,-0.47494032471476677,0.062317600692239516,1.1281901456090508
91.03294838518951,24.21004817414381,-0.46978056886559083,-0.13385271173630417,1.1547408049130348
91.08294838518952,24.21004817414381,-0.41638441637594403,-0.09078818290223145,0.7602995453567204
91.13294838518952,24.21004817414381,-0.37956388010889086,-0.14002587029863023,0.710495152057194
91.18294838518952,24.21004817414381,-0.5639611529857294,0.3240236117235752,0.9447614794518164
91.23294838518952,24.21004817414381,-0.010155349383455081,1.6255703753595125,-0.3245991699701787
91.28294838518951,24.21004817414381,0.1763490646781308,2.175151880810238,-0.9700487215371786
91.33294838518952,24.21004817414381,-0.27447269915979017,1.2786610611805131,-0.5930880787791813
91.38294838518952,24.21004817414381,-0.5543102823233211,0.7202687121251696,-1.005294912801268
91.43294838518952,24.21004817414381,-0.44507335949488097,0.7549561286787748,-0.8182938184800792
91.48294838518952,24.21004817414381,-0.3164100776202649,1.1623514030794253,-0.3950678681607196
91.53294838518951,24.21004817414381,-0.6244817651032804,1.196679154478804,-0.4793344064479264
91.58294838518952,24.21004817414381,-0.9537645030954881,0.6182595435321877,-0.8454998648864012
91.63294838518952,24.21004817414381,-1.1071253406224566,0.07553571565597904,-1.108268333260603
91.68294838518952,24.21004817414381,-0.6366180041321784,1.0434623668399015,-1.7425949131633047
91.73294838518952,24.21004817414381,-1.12787867402317,0.67584121177439,-1.513896398307125
91.83294838518952,24.21004817414381,-1.041109291701026,0.6546876799242156,-1.6136969631366198
91.88294838518952,24.21004817414381,-1.4812131843074305,-0.12217458361072447,-1.469745730768206
88.73294838518952,24.16004817414381,3.2593999642155866,0.6683120305277535,-0.9997768328978888
88.78294838518953,24.16004817414381,3.5715191591130253,0.8144380122792387,-0.3261877507257648
88.83294838518952,24.16004817414381,3.0488225806323634,0.6737194693132292,-0.3127836355097699
88.88294838518952,24.16004817414381,2.6979965870752323,0.41676866114776423,-0.3326764142538469
88.93294838518952,24.16004817414381,3.0819166065530235,0.612045788045447,-0.5863447829771322
88.98294838518952,24.16004817414381,3.26455959309064,0.2819936219974319,-0.7245782175698173
89.03294838518953,24.16004817414381,2.5952871221683727,0.1345299609153508,-0.6049112690882675
89.08294838518952,24.16004817414381,2.072440546263991,0.5945375205367169,-0.6000518630268059
89.13294838518952,24.16004817414381,1.9179479417869885,0.6274549151767603,-0.6739321259144159
89.18294838518952,24.16004817414381,1.4088268991552455,0.4528529922878384,0.45898219586854627
89.23294838518952,24.16004817414381,1.2161401721698768,0.5237288722263245,-0.12384548051678405
89.28294838518953,24.16004817414381,1.309126512550617,0.2757269279913374,-0.9471474687432733
89.33294838518952,24.16004817414381,1.094331320932888,-0.06643473457461535,-0.4078918167394648
89.38294838518952,24.16004817414381,0.9175856916696751,0.4439283331641982,-0.10655715133510416
89.43294838518952,24.16004817414381,1.1043538094138534,0.4192199143824876,-0.29876211544376313
89.48294838518952,24.16004817414381,1.1531307495340741,0.5420278590258655,-0.5121188595065053
89.53294838518953,24.16004817414381,1.0796853823849502,0.0883112892772405,-0.12265477160402935
89.58294838518952,24.16004817414381,1.2947558577928526,0.07685519187625944,-0.109890457579956
89.63294838518952,24.16004817414381,1.1093757413186474,-0.19121241758844343,-0.582623307406323
89.68294838518952,24.16004817414381,1.603102380725717,-0.21395974073540164,-0.6134231162244876
89.73294838518952,24.16004817414381,2.0437111642677515,0.2777955783138204,-1.2227283272444334
89.78294838518953,24.16004817414381,2.1193146535326823,0.40584718804707465,-0.9244831557158888
89.83294838518952,24.16004817414381,1.310182958820479,0.4279070655907957,-0.7053090833695628
89.88294838518952,24.16004817414381,1.4097390638613034,0.11464972980605143,-0.579929199980291
89.93294838518952,24.16004817414381,1.2322219312904483,-0.2509144855486841,-0.1813642096178855
89.98294838518952,24.16004817414381,1.0992161611775204,-0.08835870194941176,-0.24943579382632913
90.03294838518953,24.16004817414381,0.6931290433139463,0.06086402830059047,-0.12401456827583227
90.08294838518952,24.16004817414381,0.5509605886069517,0.3469655470292214,0.027109273643919428
90.13294838518952,24.16004817414381,0.5246183067693567,-0.004208360838636974,-0.504129462717477
90.18294838518952,24.16004817414381,0.5740018230964921,-0.053869644908437764,-0.8965570036288995
90.23294838518952,24.16004817414381,0.2616214961323292,-0.3178334965004508,-0.8623872421688208
90.28294838518951,24.16004817414381,0.3176267521136056,0.15699751184010582,0.04905544881564536
90.33294838518952,24.16004817414381,0.581573702926363,0.4054318386213803,0.27611079025427443
90.38294838518952,24.16004817414381,1.2678058092278386,0.8564393272889179,-0.6580320407848439
90.43294838518952,24.16004817414381,1.629536837176619,1.864753685373999,-0.9713007426148736
90.48294838518952,24.16004817414381,1.163680361563593,0.7714789884826798,-1.0091984635311924
90.53294838518951,24.16004817414381,0.6415166455855972,0.18487794719656622,-0.48902799942066
90.58294838518952,24.16004817414381,0.45930901671917196,0.05508985087801993,-0.06799344575750464
90.63294838518952,24.16004817414381,0.842466444508148,0.4345312341184352,-0.12896241016098955
90.68294838518952,24.16004817414381,0.8709523689176515,0.621020930007435,-0.36555244272252224
90.73294838518952,24.16004817414381,0.6800522924604603,0.5694638773130611,-0.2016183268018845
90.78294838518951,24.16004817414381,0.19118245101598053,0.2176278631112162,-0.06829969667602637
90.83294838518952,24.16004817414381,-0.2233230268027135,0.20700289171614134,-0.34988534427424084
90.88294838518952,24.16004817414381,-0.5297403306118933,0.02540737713563468,0.014355922168584511
90.93294838518952,24.16004817414381,-0.6874906098138907,-0.12027476571382892,0.47085152291913485
90.98294838518952,24.16004817414381,-0.6078443633635044,-0.05185100683850169,1.193672041659515
91.03294838518951,24.16004817414381,-0.49502613440549237,-0.30864420104405266,0.5388676565542027
91.08294838518952,24.16004817414381,-0.42515529770108784,0.42923058689254734,0.9573870982189097
91.13294838518952,24.16004817414381,-0.3025799515652921,0.9734662811695457,0.2956945409531473
91.18294838518952,24.16004817414381,-0.05895021083128532,1.414617223853694,0.03213399130580313
91.23294838518952,24.16004817414381,0.3243227123903115,1.9052386843680171,-0.5989128452723231
91.28294838518951,24.16004817414381,0.3464973370130545,2.15015372631943,-1.011890127831456
91.33294838518952,24.16004817414381,0.4987876034098185,1.6487509324084022,-0.6195922933475037
91.38294838518952,24.16004817414381,0.26248522107676153,1.3284449478743126,-1.3653482085273085
91.43294838518952,24.16004817414381,-0.5056994135222852,0.5893636231479332,-1.0935076817731282
91.48294838518952,24.16004817414381,-0.2556322579320873,1.7093403189048164,-1.614334467559195
91.53294838518951,24.16004817414381,-0.794473540456016,1.0815087213464416,-0.7438149590225743
91.58294838518952,24.16004817414381,-0.9894079680674608,0.41107304957504404,-1.0806432554665473
91.63294838518952,24.16004817414381,-1.3064320897892339,-0.28055113764294703,-1.1388986257880531
91.73294838518952,24.16004817414381,-1.9233322399334003,-0.28174134808237616,-1.1344219233215969
91.88294838518952,24.16004817414381,-1.9874671692474726,-0.8306640887625065,-0.9598809351121064
88.73294838518952,24.110048174143813,2.596509121029629,-0.030957867530765404,-1.25493283067603
88.78294838518953,24.110048174143813,2.8489440776771042,-0.0986726396254125,-1.317095975209227
88.83294838518952,24.110048174143813,3.5812416335150465,0.5705601084992987,-1.1195074367702287
88.88294838518952,24.110048174143813,3.6960785310156004,0.8599143351759945,-0.8724900042411032
88.93294838518952,24.110048174143813,3.11207381638607,0.0990665571162076,-0.40776799553801796
88.98294838518952,24.110048174143813,3.2680942319748194,0.38316780919277044,-0.5514851082160362
89.03294838518953,24.110048174143813,2.677835619698459,-0.005756744081097276,-0.023598820492921987
89.08294838518952,24.110048174143813,2.1653231697207374,0.5092154942109597,-0.6481260239871106
89.13294838518952,24.110048174143813,1.7135141856510794,0.39513138711368573,-0.3512584321614427
89.18294838518952,24.110048174143813,1.4997638812753928,0.17276407748274478,0.34128655956666915
89.23294838518952,24.110048174143813,1.3004299122754879,0.11456999472208534,0.014491845901066119
89.28294838518953,24.110048174143813,1.5796105275602272,0.6001926750464294,-1.1563293372122332
89.33294838518952,24.110048174143813,1.2750704405352506,0.5770116861621163,-1.0552057122993213
89.38294838518952,24.110048174143813,1.2352993777970978,0.7569666588344444,-0.8399831268819278
89.43294838518952,24.110048174143813,1.440480489515257,0.7511724365724736,-0.6547368891053087
89.48294838518952,24.110048174143813,1.5304478206864067,0.6606503624862552,-0.8869652200224469
89.53294838518953,24.110048174143813,1.4904229512796734,0.5130973657732902,-1.0906960103826342
89.58294838518952,24.110048174143813,1.4256151883905717,-0.023456526479810558,-0.3111930807071116
89.63294838518952,24.110048174143813,1.325460421278098,-0.44329164268086096,-0.07491145022407876
89.68294838518952,24.110048174143813,1.9104101107684464,-0.5237652539664888,0.06712839616764354
89.73294838518952,24.110048174143813,2.7112184299374356,0.2031578445022833,-0.8823407329208772
89.78294838518953,24.110048174143813,2.0784756170316534,0.053163572973863815,-0.055791110812044215
89.83294838518952,24.110048174143813,0.7969502349624754,-0.2975648773564213,-0.2486236307509281
89.88294838518952,24.110048174143813,1.1941253227973077,0.06165254393665101,-0.4385235572635198
89.93294838518952,24.110048174143813,1.1720781093172596,-0.07852094981693956,-0.3989340450189385
89.98294838518952,24.110048174143813,0.9823356772531501,-0.3021662442748402,-0.14188889758458378
90.03294838518953,24.110048174143813,0.7795052534606435,-0.08659680643418682,-0.10266629074633367
90.08294838518952,24.110048174143813,0.9717301313830933,0.45267784808377864,-0.04891795598484286
90.13294838518952,24.110048174143813,0.8338396254521225,0.8131875123619337,0.24008821300140337
90.18294838518952,24.110048174143813,0.9087271224761888,1.1113057761451788,0.15735554245827066
90.23294838518952,24.110048174143813,0.30453071189738923,0.1474004781049259,0.49857417752676025
90.28294838518951,24.110048174143813,0.21831655046450615,0.5260082319970869,1.5772772590366049
90.33294838518952,24.110048174143813,0.703372911776766,1.3405977757673915,1.5470009707200618
90.38294838518952,24.110048174143813,1.4338564360248267,1.4416617341166655,-0.3864545004954427
90.43294838518952,24.110048174143813,1.070601295279516,0.9603489349826307,-0.8841745236120362
90.48294838518952,24.110048174143813,1.0118188540253192,1.0721000357894481,-0.6975825167686373
90.53294838518951,24.110048174143813,0.7205562361441182,0.6636469753121113,-0.40068738912638174
90.58294838518952,24.110048174143813,0.5351837518752727,0.5791769685864923,0.6190576009028042
90.63294838518952,24.110048174143813,0.7810371905812209,0.37953447944706403,0.5428134996810289
90.68294838518952,24.110048174143813,0.7058542540430931,0.5436192644696162,-0.12826263617789876
90.73294838518952,24.110048174143813,0.34258548174030384,0.5596629514661591,-0.09710597618716718
90.78294838518951,24.110048174143813,0.07680551519371467,0.39128759173440975,-0.0031357588661101513
90.83294838518952,24.110048174143813,-0.08708396287945874,0.3194586368660929,-0.344750208212485
90.88294838518952,24.110048174143813,-0.3679425438897084,0.36005183740182695,-0.20475704648797033
90.93294838518952,24.110048174143813,-0.3012750587188123,0.3098785495226249,0.038588505078502595
90.98294838518952,24.110048174143813,-0.46274420667187843,0.39150198493463595,0.035927508871893665
91.03294838518951,24.110048174143813,-0.5130206535643955,0.3279031361564497,0.6390056519691567
91.08294838518952,24.110048174143813,-0.5704481222850486,0.23420314250595206,0.4675389405194584
91.13294838518952,24.110048174143813,-0.4197521493959731,0.5896684660385952,0.8168117658833287
91.18294838518952,24.110048174143813,-0.3376605790791022,0.8196365303304773,0.7159561772485261
91.23294838518952,24.110048174143813,0.024495107268407756,1.456634674961983,0.5000177003255509
91.28294838518951,24.110048174143813,0.4603266535900733,1.655099939987521,-0.0890074068543614
91.33294838518952,24.110048174143813,0.30901316715609467,1.2045274261063748,-0.1491594154626549
91.38294838518952,24.110048174143813,0.47015843730552753,1.6086209772234814,-1.2709566130885446
91.43294838518952,24.110048174143813,-0.514067427782636,1.1753226677341537,-1.82289302264688
91.48294838518952,24.110048174143813,-0.7013395073188794,0.6557637981811293,-1.3799609503481423
91.53294838518951,24.110048174143813,-0.4502777817542528,1.3960240869104799,-1.377367423806289
91.58294838518952,24.110048174143813,-0.8088137556272644,0.7952617432831335,-0.9818559988497405
91.63294838518952,24.110048174143813,-1.1046959792697757,0.004941277532998722,-1.2429864153576529
88.73294838518952,24.060048174143816,2.3825816931280723,-0.3674729269771625,-1.1838046564149796
88.78294838518953,24.060048174143816,2.5272584203250124,-0.37927969406077966,-1.0340612302778784
88.83294838518952,24.060048174143816,2.814120943004649,0.21137802445231607,-0.8224315068657191
88.88294838518952,24.060048174143816,2.7448479529725636,0.4522122291804589,-0.6073635593951356
88.93294838518952,24.060048174143816,2.2866567761346124,0.3341036994373751,-1.0066991019453444
88.98294838518952,24.060048174143816,2.1263972440709504,0.0033223280643005504,-0.8835279381362081
89.03294838518953,24.060048174143816,2.4802483199584358,-0.07343151998813419,0.18441973520698476
89.08294838518952,24.060048174143816,2.20668007857614,-0.1663715375057723,-1.0897167583173801
89.13294838518952,24.060048174143816,1.6725459469269084,0.12671884315431453,-1.1678083066212093
89.18294838518952,24.060048174143816,1.3332034135517246,0.14014663793908794,-0.12362273884174835
89.23294838518952,24.060048174143816,1.4188937537967736,0.43322498291340295,-0.299282882609115
89.28294838518953,24.060048174143816,1.431322025249323,0.7042858904657558,-0.5235835404236673
89.33294838518952,24.060048174143816,1.3249770605113464,0.40250845031388816,-0.8366010097104225
89.38294838518952,24.060048174143816,1.2514495519254536,0.4366425632693651,-0.6823492435156553
89.43294838518952,24.060048174143816,1.3256549690605897,0.41424859315862395,-0.6855774481021857
89.48294838518952,24.060048174143816,1.2666072865829827,0.45420001195332094,-0.3371475281173841
89.53294838518953,24.060048174143816,1.2125747518929524,0.3479381655045912,-0.5397459711538286
89.58294838518952,24.060048174143816,1.165774530710239,0.18305531087568397,-0.37506843328728257
89.63294838518952,24.060048174143816,1.4130076595278929,-0.08433568000586289,-0.09338370167605359
89.73294838518952,24.060048174143816,2.839483223951081,0.04641560016402252,-0.5357187693036092
89.78294838518953,24.060048174143816,2.080063490044308,0.43141843374215094,-0.6022411771655128
89.83294838518952,24.060048174143816,0.9009036263823853,-0.08009909542493947,-0.409272177422502
89.88294838518952,24.060048174143816,0.8861263237539689,-0.16107615910833956,-0.2758804582048242
89.93294838518952,24.060048174143816,1.1719563367756187,-0.08604359313738591,-0.5357405055586255
89.98294838518952,24.060048174143816,1.132223659393792,-0.229551032067156,-0.1481959089960113
90.03294838518953,24.060048174143816,0.9655474006068432,-0.18828499811839586,-0.1444253070277071
90.08294838518952,24.060048174143816,1.0920564960714207,0.25587770702157614,-0.18886928830696964
90.13294838518952,24.060048174143816,0.6787244266683905,0.4341164348017473,0.010850701970599855
90.18294838518952,24.060048174143816,0.6930771954947698,0.7256176436975812,0.6952995627234714
90.23294838518952,24.060048174143816,1.113316865607245,1.2540292410879232,0.08850921602420912
90.28294838518951,24.060048174143816,1.1621432394908635,1.1402684945216004,0.48643348708352435
90.33294838518952,24.060048174143816,1.307404120192375,1.626623325435155,0.9555396142825807
90.38294838518952,24.060048174143816,1.3360360111338718,1.2334809026080404,-0.29199533441410025
90.43294838518952,24.060048174143816,1.0461847048235096,0.9883053685495624,-0.6444825115712227
90.48294838518952,24.060048174143816,0.8299716662499801,1.3739839514047385,0.2365226143938971
90.53294838518951,24.060048174143816,0.7994321609969761,0.9502064921449125,-0.3623285744972923
90.58294838518952,24.060048174143816,0.6672706813442657,0.7388164154116749,-0.18985109504270822
90.63294838518952,24.060048174143816,0.8369957813340148,0.4414353186272405,0.45584770573353467
90.68294838518952,24.060048174143816,0.7913969231181219,0.3674781698076017,0.5243549795383898
90.73294838518952,24.060048174143816,0.546555278365308,0.527724292284072,0.47941916492559733
90.78294838518951,24.060048174143816,0.5480233712342492,0.44623028288347905,0.157058684040161
90.83294838518952,24.060048174143816,0.32366200888778,0.15177116830891038,-0.6512251835410007
90.88294838518952,24.060048174143816,-0.003422077245705979,0.3588164511545175,-0.6850528660006838
90.93294838518952,24.060048174143816,-0.1947169111625643,0.5680601663762638,-0.44704312172650224
90.98294838518952,24.060048174143816,0.05376867546841904,1.1467456658249096,0.05971341370034639
91.03294838518951,24.060048174143816,-0.23895921052773617,0.7530014780690142,0.6431546173497129
91.08294838518952,24.060048174143816,-0.39503626807054676,0.9454613134765387,0.05211725426823155
91.13294838518952,24.060048174143816,-0.34365997876496335,1.299380723645219,0.14921265062929304
91.18294838518952,24.060048174143816,-0.47229751423385335,1.026677253053381,0.3279333131895811
91.23294838518952,24.060048174143816,-0.25455593007331634,1.0259394963257995,0.46584133867316035
91.28294838518951,24.060048174143816,0.18255444057922662,1.35496252555928,0.11007641204109064
91.33294838518952,24.060048174143816,0.28983687309729994,0.9428404018808789,-0.1529773383673542
91.38294838518952,24.060048174143816,0.34024889029046124,1.1910418006743348,-1.0239404754975032
88.78294838518953,24.01004817414381,2.2816412952537113,0.22745753109995803,-1.1650386927092942
88.83294838518952,24.01004817414381,2.1743736879575017,0.19340212808586046,-0.967569802570402
88.88294838518952,24.01004817414381,2.2377517037210866,0.5648834907293033,-1.0092096374742683
88.93294838518952,24.01004817414381,1.9297531764038587,0.5271589621403975,-1.2525206617966405
88.98294838518952,24.01004817414381,1.9019812128929885,0.34107421080784334,-0.6899248889436442
89.03294838518953,24.01004817414381,2.542912152012648,-0.18801604291762108,-0.04686540238425069
89.08294838518952,24.01004817414381,2.652737928040215,0.44423861264474496,-1.0049305030413442
89.13294838518952,24.01004817414381,2.2608104884003497,0.47468725989738586,-1.3396442246772167
89.18294838518952,24.01004817414381,1.8526707997673317,0.6986792516703898,-0.7812118506272981
89.23294838518952,24.01004817414381,1.7298433861032518,1.5057812594993911,-0.05484052262139064
89.28294838518953,24.01004817414381,1.4798478436540043,0.8537877492272551,-0.3069912559136196
89.33294838518952,24.01004817414381,1.4378484262067783,0.819501066935161,-0.9673233274379522
89.38294838518952,24.01004817414381,1.332082136578034,0.676146758160645,-1.0362023292064058
89.43294838518952,24.01004817414381,1.3191583668019897,0.805702778426248,-1.079000725486692
89.48294838518952,24.01004817414381,1.1525083192204644,0.29445880404446706,-0.5611596367102154
89.53294838518953,24.01004817414381,0.844929739216513,-0.10835898488545481,-0.35673919803461684
89.58294838518952,24.01004817414381,1.0489468242259776,0.2728927380291428,-0.6546936320500181
89.63294838518952,24.01004817414381,1.3425363771605132,-0.11099114832064255,-0.4163368936091696
89.68294838518952,24.01004817414381,2.246818132416012,0.24003857854252095,-1.037294135752648
89.73294838518952,24.01004817414381,2.2905717937437404,-0.025107326088057547,0.1592343346244881
89.78294838518953,24.01004817414381,1.7787959204469639,0.4365815267909069,-0.20408002162080513
89.83294838518952,24.01004817414381,0.921829141894037,-0.012542901251906526,-0.82735231386021
89.88294838518952,24.01004817414381,0.7142902749754199,-0.18769022441841787,-0.7159577644113715
89.93294838518952,24.01004817414381,0.7954996876330322,-0.46785175802041695,-0.6720148708568092
89.98294838518952,24.01004817414381,1.078601854407226,-0.28079808494808955,-0.6091464245424142
90.03294838518953,24.01004817414381,1.0690126788141925,-0.006315772752937654,-0.3934248509528798
90.08294838518952,24.01004817414381,1.1085796180267773,0.17587148649725615,-0.1682452572927049
90.13294838518952,24.01004817414381,0.8239767955949566,0.27109169381688547,-0.04340247212643428
90.18294838518952,24.01004817414381,1.179435604452928,0.684784411103227,0.1385062135163157
90.23294838518952,24.01004817414381,1.6884951169189093,1.4721124494807052,0.1949298823042895
90.28294838518951,24.01004817414381,2.306966889027215,2.4190278931922276,-0.317464239594582
90.33294838518952,24.01004817414381,2.328814834939421,3.1712452594599094,0.6476697855563889
90.38294838518952,24.01004817414381,2.126783159687395,2.3120606445005047,0.19932580484962686
90.43294838518952,24.01004817414381,1.532998147300375,2.24917044730705,0.20147735947776804
90.48294838518952,24.01004817414381,0.669748088148558,1.321690664880685,0.6971507678823026
90.53294838518951,24.01004817414381,0.5024814803853466,1.197061207843919,0.6442661751799966
90.58294838518952,24.01004817414381,0.43028527108664877,0.9669429554794624,0.3095243544699073
90.63294838518952,24.01004817414381,0.5479180000029092,0.4110890684611198,0.48374269156388555
90.68294838518952,24.01004817414381,0.9980143604797562,0.581003995280341,-0.005665902853472796
90.73294838518952,24.01004817414381,0.760225635435865,0.8417458162221767,-0.11484740851575082
90.78294838518951,24.01004817414381,0.6570594743577078,0.6386107995868804,-0.42740262466398204
90.83294838518952,24.01004817414381,0.3990459888395178,0.48269120559758494,-0.4453712187676401
90.88294838518952,24.01004817414381,0.16247694994001455,0.4243416815734715,-0.17065193129924722
90.93294838518952,24.01004817414381,0.15429991530971332,0.36856826176819923,0.16722843663814826
90.98294838518952,24.01004817414381,0.12976633139425475,0.9208422450646393,0.27669409099376563
91.03294838518951,24.01004817414381,-0.16509005060194254,1.1048317658547169,-0.2096340335045956
91.08294838518952,24.01004817414381,-0.18112741332394916,1.5155534292264228,-0.13879174252875204
91.13294838518952,24.01004817414381,-0.47360506144461684,1.5033291641868778,0.4727458218597191
91.18294838518952,24.01004817414381,-0.6854703538406851,1.3045310622954955,0.4922449256342443
91.23294838518952,24.01004817414381,-0.25747403567584326,1.616146477443714,0.31033740324093934
91.28294838518951,24.01004817414381,-0.16815940546859218,1.0474385390640604,0.10457827944287564
91.33294838518952,24.01004817414381,0.3294992929415865,0.8138297198918274,-0.5268203787220016
91.38294838518952,24.01004817414381,0.15883002705788296,0.8700462620108765,-1.1318269145478463
88.73294838518952,23.96004817414381,2.2088965451064424,0.6264737892777574,-1.3165004134786569
88.78294838518953,23.96004817414381,2.01350327257673,0.21849948741215375,-1.204509915501999
88.83294838518952,23.96004817414381,1.8529531721870325,0.13548190346619543,-1.1267487015844575
88.88294838518952,23.96004817414381,1.7953863612422736,0.26951552948299096,-1.037837779271033
88.93294838518952,23.96004817414381,2.0587186887467643,0.46170659404052317,-1.169070119184232
88.98294838518952,23.96004817414381,1.8004454761468736,0.4447122083299153,-0.9808188074969704
89.03294838518953,23.96004817414381,1.8905522022228083,-0.04213059413986936,-0.5518830148305891
89.08294838518952,23.96004817414381,2.178458879009067,0.011960758365089419,-0.3606672215197562
89.13294838518952,23.96004817414381,2.2989628400211886,0.22996862366473886,-0.4762665556546915
89.18294838518952,23.96004817414381,2.053065447087149,0.36974089937783244,-0.4866357509974807
89.23294838518952,23.96004817414381,1.9977094933480817,0.3688510042750699,-0.9774086208977397
89.28294838518953,23.96004817414381,1.810747663101575,0.4654566781541467,-1.0210097249460381
89.33294838518952,23.96004817414381,1.44090699578656,0.5495245435021545,-0.7168011977719888
89.38294838518952,23.96004817414381,1.3998101376554903,0.5250222169839408,-0.46246403965217736
89.43294838518952,23.96004817414381,1.4422560649193796,1.1917213268657192,-0.8522431557968356
89.48294838518952,23.96004817414381,1.2286377115535427,1.048948697740689,-0.8721327805713389
89.53294838518953,23.96004817414381,0.9543939684672519,0.33065386355626447,-0.39403481465488693
89.58294838518952,23.96004817414381,0.8804054026070985,0.32589783335402295,-0.3913461893492598
89.63294838518952,23.96004817414381,1.0479912542857908,-0.01602052077787547,-0.5990089573410473
89.68294838518952,23.96004817414381,1.4063098844161173,-0.16765938350229564,-1.136933718296374
89.73294838518952,23.96004817414381,1.4728825269675938,-0.22445970878482174,0.3338820512906491
89.78294838518953,23.96004817414381,1.1574707341687485,0.13485345971053958,-0.8902874944245135
89.83294838518952,23.96004817414381,0.8389429285737762,0.27591990992837423,-1.0070702065217285
89.88294838518952,23.96004817414381,0.7063984139924216,0.4279728215653081,-0.8035240751418025
89.93294838518952,23.96004817414381,0.6017305833736192,0.011153543031282187,-0.7920155516743147
89.98294838518952,23.96004817414381,0.7786943795142807,-0.08116140083671339,-0.8449045431667251
90.03294838518953,23.96004817414381,1.092483522533616,0.13093592599270298,-0.4608377298699932
90.08294838518952,23.96004817414381,1.1076242616185565,0.4392789964594805,-0.08090620812326874
90.13294838518952,23.96004817414381,1.0619677730848833,0.4771870088486083,-0.13503490478553776
90.18294838518952,23.96004817414381,1.555839821514043,0.8830420072829002,-0.08224989507075475
90.23294838518952,23.96004817414381,1.8500194339458949,1.5449151978294422,0.6731296772563868
90.28294838518951,23.96004817414381,2.9146792624598126,3.312622092242841,-0.15801800100703278
90.33294838518952,23.96004817414381,2.452126213194708,2.580456080439615,0.9731237283532123
90.38294838518952,23.96004817414381,2.611334060148303,3.2039523233011264,0.10881725518293897
90.43294838518952,23.96004817414381,1.8092636998070644,2.1388406233982935,0.25770771318360536
90.48294838518952,23.96004817414381,0.9611515269456034,1.423197309344547,0.9692949848172425
90.53294838518951,23.96004817414381,0.7500586398875388,1.2328814580585061,0.9355260795902144
90.58294838518952,23.96004817414381,0.6440087396838217,1.085686305316322,0.8996603792172994
90.63294838518952,23.96004817414381,1.0354102835270158,0.9698876805420386,0.7285014823857585
90.68294838518952,23.96004817414381,1.1730558531858835,1.1542750258959886,0.09709525859465876
90.73294838518952,23.96004817414381,1.1070981320942384,1.6180999175572655,-0.11663493365285969
90.78294838518951,23.96004817414381,0.6964615906827112,0.9548368254233675,-0.2180461929726239
90.83294838518952,23.96004817414381,0.23083556493455748,0.5469779613216078,0.34442823334118716
90.88294838518952,23.96004817414381,0.35665399427762157,0.6129545234137497,0.07119290309140669
90.93294838518952,23.96004817414381,-0.0670455438819818,1.0272656972181513,0.5649861109100479
90.98294838518952,23.96004817414381,-0.4162747904927227,0.7131467731733238,0.15266713768754755
91.03294838518951,23.96004817414381,-0.578239499810199,1.0020509466614116,0.20586957505940703
91.08294838518952,23.96004817414381,-0.2818451872702959,1.464649397571591,0.31744546777257177
91.13294838518952,23.96004817414381,-0.5915589370033245,1.495813196415898,0.5582844669795074
91.18294838518952,23.96004817414381,-0.7126153288431678,1.555504412595791,0.3249588381836886
91.23294838518952,23.96004817414381,-0.4540713986055617,1.3506617206494378,-0.09578513879774045
91.28294838518951,23.96004817414381,-0.21377525990262075,1.2027825595223953,-0.8873141242355576
88.73294838518952,23.91004817414381,2.1814428231830645,0.7148078633860477,-1.4106053668099743
88.78294838518953,23.91004817414381,1.7295281907797484,0.27420694609143137,-1.3063619374750919
88.83294838518952,23.91004817414381,1.741307163222547,0.24464783887977062,-0.7414996016190738
88.88294838518952,23.91004817414381,1.8918740951784456,0.3980639244805771,-0.9070481810741556
88.93294838518952,23.91004817414381,2.153968131457019,0.3933661417990082,-0.6471287165856501
88.98294838518952,23.91004817414381,1.659519843158507,0.26489968468489117,-0.5994569047742795
89.03294838518953,23.91004817414381,2.076566527182151,0.5367832499117178,-1.0038181952105538
89.08294838518952,23.91004817414381,2.2438892252449785,0.8945758948174725,-0.8253184845657282
89.13294838518952,23.91004817414381,2.003636832281779,0.9964108222959538,-0.042090099320928526
89.18294838518952,23.91004817414381,1.875039457905664,0.07348577114934146,0.2813153948831491
89.23294838518952,23.91004817414381,1.961910306649881,0.3547192246088565,-0.057767394200210084
89.28294838518953,23.91004817414381,1.9970028982531567,0.5969326929727847,-0.3991670369657331
89.33294838518952,23.91004817414381,1.5964549393710108,0.4264133141980986,-0.42464329745938173
89.38294838518952,23.91004817414381,1.914892349945691,0.7788892754560632,-0.1974423030497558
89.43294838518952,23.91004817414381,1.8134065879793928,0.7587990089937251,-0.2739288222912527
89.48294838518952,23.91004817414381,1.3344076545361139,1.0580125182475395,-0.9588669833462266
89.53294838518953,23.91004817414381,0.9406720768110783,0.5818512542691979,-0.017024543871642407
89.58294838518952,23.91004817414381,0.869682665471952,0.4987085589068043,-0.434606287651084
89.63294838518952,23.91004817414381,1.0711952247756507,0.3032643933528039,-0.48148803449373007
89.68294838518952,23.91004817414381,1.50530007888608,-0.0613070395202725,-1.7077108176053566
89.73294838518952,23.91004817414381,1.2236747474847005,0.33222782925118366,-0.07733706448029458
89.78294838518953,23.91004817414381,1.0929301835323277,-0.03684483276763789,-0.4671098443722385
89.83294838518952,23.91004817414381,0.7459024884206819,0.27255515818634635,-0.7289195801152027
89.88294838518952,23.91004817414381,0.8729420711391727,0.4843631964115297,-0.822393798614309
89.93294838518952,23.91004817414381,0.900637675500013,0.46663270692738124,-0.792451952335502
89.98294838518952,23.91004817414381,0.7749925012082144,0.15144229706384443,-0.7985008805066465
90.03294838518953,23.91004817414381,1.2236218568822121,0.2898780193820817,-0.6685426078494301
90.08294838518952,23.91004817414381,1.2454781522944276,0.6097895046723733,-0.016527664821603057
90.13294838518952,23.91004817414381,1.2281455160981092,1.130452469175045,0.0606738537631573
90.18294838518952,23.91004817414381,1.809599632284292,1.3316437835304242,-0.09776164015766615
90.23294838518952,23.91004817414381,1.984671607923093,2.059725942096179,0.3380661091807669
90.28294838518951,23.91004817414381,2.740328243303602,3.3666196178083707,-0.07078549794089187
90.33294838518952,23.91004817414381,2.7004319057747983,3.3155602780368074,0.9168694903945317
90.38294838518952,23.91004817414381,3.0711420903177666,4.669896168188017,0.7384395236618326
90.43294838518952,23.91004817414381,2.504690689720073,3.273428535734543,0.48307934653760737
90.48294838518952,23.91004817414381,1.7897292291328506,2.1042925012875937,0.4053205149416591
90.53294838518951,23.91004817414381,1.422571346785881,1.4370703748000366,0.5263348854709449
90.58294838518952,23.91004817414381,1.503590888395693,1.7507165886863143,0.80548193426843
90.63294838518952,23.91004817414381,1.4507368660253297,1.6409391352276694,0.8284815006247933
90.68294838518952,23.91004817414381,1.4294696792904529,1.8081071729756255,0.21966236955679763
90.73294838518952,23.91004817414381,1.1935053353875191,1.6808356524153885,0.12488460339282832
90.78294838518951,23.91004817414381,0.6524720417550922,0.8304420310636946,-0.0936251410416965
90.83294838518952,23.91004817414381,0.2745927594937367,0.8533885484995174,0.1505938604052508
90.88294838518952,23.91004817414381,0.4554470458599003,0.8804560909611667,0.10778239239324791
90.93294838518952,23.91004817414381,-0.01808534559997943,0.7197891565370409,0.23935982484922044
90.98294838518952,23.91004817414381,-0.40150490256379096,0.5265985790718837,0.2276180095891122
91.03294838518951,23.91004817414381,-0.7458209377704369,1.0709206162371745,0.7042877653320248
91.08294838518952,23.91004817414381,-0.6450536057684817,1.1048389426868215,0.6496108245321929
91.13294838518952,23.91004817414381,-0.731631644748205,1.406148299390635,0.1357009425459394
91.18294838518952,23.91004817414381,-0.7652162900980766,1.1035754077268172,0.5181033392811284
91.23294838518952,23.91004817414381,-0.19332983849048,1.1607796578118412,-0.35085878880486204
88.63294838518952,23.860048174143813,1.969654617835693,0.5665704982138247,-1.150990573701003
88.68294838518952,23.860048174143813,1.788188711117836,0.20662729448070422,-1.2283482335702889
88.73294838518952,23.860048174143813,1.747709756476953,0.42527172074008335,-1.182281013825138
88.78294838518953,23.860048174143813,1.4298493546121385,0.2942188299493257,-0.24996664220205622
88.83294838518952,23.860048174143813,1.5240145500492084,0.3242200431523114,-0.710333112732171
88.88294838518952,23.860048174143813,1.897502993370514,0.6626938209949986,-0.7596836815688457
88.93294838518952,23.860048174143813,1.8480395910667182,0.3879236327416712,-0.7449995736081813
88.98294838518952,23.860048174143813,1.4801297182980944,0.39747624792400493,-0.690309992442249
89.03294838518953,23.860048174143813,1.5797707298683226,0.36262080475125535,-0.7238931957611536
89.08294838518952,23.860048174143813,1.907893689784717,0.46112376309811137,-0.9042337659561496
89.13294838518952,23.860048174143813,1.9018932810100504,0.6681721205362781,-0.993776724919103
89.18294838518952,23.860048174143813,1.7209751096951145,0.4283346162575866,-0.21693110261347465
89.23294838518952,23.860048174143813,1.5793387046430938,0.8009301514058127,0.324719797832274
89.28294838518953,23.860048174143813,1.4559641601239603,0.6531971024683125,-0.09636405343742901
89.33294838518952,23.860048174143813,1.8112076312585264,0.7426801162105954,-0.7140383274227033
89.38294838518952,23.860048174143813,1.88159450368442,0.7094149352904154,-0.8520345426551077
89.43294838518952,23.860048174143813,1.7014881196812097,0.7202547534938137,-0.7696427201702329
89.48294838518952,23.860048174143813,1.076218703712751,0.22212124268881844,-0.4999270601511795
89.53294838518953,23.860048174143813,1.3144542093493252,0.6237197895864188,-0.5309715706590049
89.58294838518952,23.860048174143813,1.2934670742105159,0.9786971464311156,-0.71869687183037
89.63294838518952,23.860048174143813,1.225792563491453,0.898463649151388,-0.46953936614849906
89.68294838518952,23.860048174143813,1.3619698798659947,0.14309715994262798,-0.5798645561034739
89.73294838518952,23.860048174143813,1.6278104348877838,0.45769065961601507,0.5698381906333435
89.78294838518953,23.860048174143813,1.205963380284928,0.24182121646771734,-0.2567453514630405
89.83294838518952,23.860048174143813,0.486847733500698,0.19729231996109908,-0.5718958127453827
89.88294838518952,23.860048174143813,0.6796653347834369,0.3733767056895379,-0.7905665428824827
89.93294838518952,23.860048174143813,0.732726509273739,0.4230009225928865,-0.6729701099368398
89.98294838518952,23.860048174143813,0.3627098500047224,0.1920184542161351,-0.22488032321188714
90.03294838518953,23.860048174143813,0.858402694946479,0.24305349041018867,-0.6327690706241315
90.08294838518952,23.860048174143813,1.1907649477529527,0.47248059200871323,-0.7257348498916535
90.13294838518952,23.860048174143813,1.2513708767106746,0.6888623840033702,-0.6011106722920778
90.18294838518952,23.860048174143813,1.36175394119872,1.0898512772754376,-0.46597640453746847
90.23294838518952,23.860048174143813,1.5630252123454524,1.551133381833396,-0.11194339031387746
90.28294838518951,23.860048174143813,2.210962089459624,2.5261044118524714,-0.243097880429776
90.33294838518952,23.860048174143813,2.9353670080895835,2.961680903015087,0.21062080418602455
90.38294838518952,23.860048174143813,3.7150142379200197,4.942232062050713,1.2665103832767193
90.43294838518952,23.860048174143813,3.602270901618387,4.614377236118797,1.0097306860393276
90.48294838518952,23.860048174143813,2.9465421250908506,3.2105283741656554,-0.12328899376239927
90.53294838518951,23.860048174143813,2.6356686169324015,2.537126262570424,0.055326310519881024
90.58294838518952,23.860048174143813,2.496941016763807,2.170189566651685,0.08460550409447173
90.63294838518952,23.860048174143813,1.8569021405873314,1.9675357421899202,0.1104235976937771
90.68294838518952,23.860048174143813,1.6938372236409105,2.2849589876448833,-0.17751910241792507
90.73294838518952,23.860048174143813,0.9708144643676608,1.1349403878370607,0.43306554593634644
90.78294838518951,23.860048174143813,0.5376874324481578,1.0536976637271516,0.14264048875377427
90.83294838518952,23.860048174143813,0.2801173915520641,1.1324035860842336,-0.25111089964188826
90.88294838518952,23.860048174143813,0.44648725968060937,0.9076242564970477,0.03312285914546485
90.93294838518952,23.860048174143813,0.18331205752383695,0.746800072787728,-0.48489511976491656
90.98294838518952,23.860048174143813,-0.2751498969675115,1.096506691429596,0.2083715918160295
91.03294838518951,23.860048174143813,-0.5280086445170303,1.301825558735394,0.1400843517356589
91.08294838518952,23.860048174143813,-0.5954390925029289,1.2986448558874648,0.348321142292274
91.13294838518952,23.860048174143813,-0.7297079614232322,1.3888146227970242,0.7628272328900413
91.18294838518952,23.860048174143813,-0.8085756200700183,1.542268207877791,0.6828194757411982
91.23294838518952,23.860048174143813,0.02265956978835515,1.446143228208913,0.05192288550727405
88.58294838518952,23.810048174143816,1.821446483519391,0.26006503917100243,-0.5606925127541204
88.63294838518952,23.810048174143816,1.8833215694068206,0.35536489981474984,-0.5829721774567146
88.68294838518952,23.810048174143816,1.8695948902951616,0.2793667277974451,-0.7069902025863841
88.73294838518952,23.810048174143816,1.9530699433390004,0.509766397737158,-0.6434690386931485
88.78294838518953,23.810048174143816,1.5272565582579867,0.20377517226292963,-0.4937191873219427
88.83294838518952,23.810048174143816,1.3058118463250437,-0.033208406336432454,-0.7561944513388584
88.88294838518952,23.810048174143816,1.4550080535828203,0.11006018858374456,-0.8133911445311677
88.93294838518952,23.810048174143816,1.3642569122817982,-0.029966167303499727,-0.5916086733889377
88.98294838518952,23.810048174143816,1.076770369823706,-0.12680333171972993,-0.31784241315122336
89.03294838518953,23.810048174143816,1.1375814122590386,-0.36758486549663194,-0.15380582877816887
89.08294838518952,23.810048174143816,1.327486328516212,-0.2166569263616819,-0.44811844204798895
89.13294838518952,23.810048174143816,1.5875589583272722,0.5175024831451162,-1.060588116794534
89.18294838518952,23.810048174143816,1.6670668843140868,0.836097581640036,-1.2423292971443696
89.23294838518952,23.810048174143816,1.4222442338835852,0.5839966977716354,-0.8667675068481105
89.28294838518953,23.810048174143816,1.22620637451702,0.4437110422460825,-0.4135277416159263
89.33294838518952,23.810048174143816,1.4494351121030946,0.9678563623483051,-0.9301069695595316
89.38294838518952,23.810048174143816,1.457120195093647,1.346301980690442,-0.8604383318744905
89.43294838518952,23.810048174143816,1.4328140501267643,1.206571393561753,-0.678777729012363
89.48294838518952,23.810048174143816,1.4103271727645088,0.8062383622340492,-0.1673282677261978
89.53294838518953,23.810048174143816,1.4358466716624272,0.3170671579342405,-0.1345998023138116
89.58294838518952,23.810048174143816,1.4207373784624557,0.5668259777562354,-0.5886524274289261
89.63294838518952,23.810048174143816,1.6823162117746262,0.5301935173663812,-0.8027794982916326
89.68294838518952,23.810048174143816,1.6044030244039449,0.242999200005706,-0.8201561619917208
89.83294838518952,23.810048174143816,0.7749996342390166,0.21616973869593947,-0.38934126381199674
89.88294838518952,23.810048174143816,1.1008434291830929,0.8760566999482267,-0.857930642683001
89.93294838518952,23.810048174143816,0.8409686292617647,0.8067704972435891,-0.9196287733119911
89.98294838518952,23.810048174143816,0.5332647409707232,0.1800450601426927,-1.0972498777498922
90.03294838518953,23.810048174143816,0.8555852472025475,0.24295590263697264,-0.48119873522347123
90.08294838518952,23.810048174143816,1.256115538648676,0.6489549500665984,-0.21019871846319207
90.13294838518952,23.810048174143816,1.223924413799433,0.9484211556705742,-0.44565338331468485
90.18294838518952,23.810048174143816,1.4685352109018033,1.2748941177538782,-0.7930405240309981
90.23294838518952,23.810048174143816,2.112710015112415,2.057296367036398,-0.2332309399624738
90.28294838518951,23.810048174143816,2.650274102266818,3.0547476501934145,0.22313401236692848
90.33294838518952,23.810048174143816,2.7170050289488885,3.7693882687996116,1.6757191209149473
90.38294838518952,23.810048174143816,3.7684794091200406,6.767821258949606,2.3543872227211198
90.43294838518952,23.810048174143816,3.7116038075073923,5.1465689345431995,1.2212483820382374
90.48294838518952,23.810048174143816,3.755514744444218,3.55209286571828,-0.5168325783876222
90.53294838518951,23.810048174143816,3.1919808232180813,2.7174767455014788,0.02477701950761811
90.58294838518952,23.810048174143816,3.4288176899714786,3.0155383162001677,-0.45374512515439036
90.63294838518952,23.810048174143816,2.4758295887431827,2.496256840495545,-0.41931411019934106
90.68294838518952,23.810048174143816,1.7892964647306893,2.0202922562489096,-0.3114031551338562
90.73294838518952,23.810048174143816,1.0073983483654452,1.4201038113632065,0.0732183911355074
90.78294838518951,23.810048174143816,0.7663205146057023,1.2635222401010897,-0.7184306224602414
90.83294838518952,23.810048174143816,0.43372790951681045,1.3471775290232784,-0.8306240544550003
90.88294838518952,23.810048174143816,0.4019178461283565,1.4560173609980107,-1.1906892841896954
90.93294838518952,23.810048174143816,0.1529097710259873,1.4085436628684551,-0.6915441054411491
90.98294838518952,23.810048174143816,-0.3265938844254929,1.2938531484888973,-0.09969714774284154
91.03294838518951,23.810048174143816,-0.6441018929794753,1.3478570077599357,0.09624347503258156
91.08294838518952,23.810048174143816,-0.7517085727422421,1.1527988608308763,0.2679462338206295
91.13294838518952,23.810048174143816,-0.9412960274219919,1.087179982032457,0.5694076697332661
91.18294838518952,23.810048174143816,-0.9045747804586899,1.124491348977403,0.6659433890152477
91.23294838518952,23.810048174143816,-0.47966298312632827,1.2979435717996697,0.37525058394276706
88.58294838518952,23.76004817414381,1.616698845129623,-0.06680170779305389,-0.40406836586708067
88.63294838518952,23.76004817414381,1.5488799687788402,0.07977252606826475,-0.287027245407624
88.68294838518952,23.76004817414381,1.8283329224689755,0.2779799355340996,-0.641124951812252
88.73294838518952,23.76004817414381,1.822960571128338,0.254434284288124,-0.6072156483270704
88.78294838518953,23.76004817414381,1.6314834959030915,0.17098703042938126,-0.40305410278920617
88.83294838518952,23.76004817414381,1.7617617424005636,0.04421031495500696,-1.0335229295690591
88.88294838518952,23.76004817414381,1.5020866246950508,-0.07787914634146362,-1.1032134859900466
88.93294838518952,23.76004817414381,1.3756635410427036,0.32323607695761597,-0.25099447025487526
88.98294838518952,23.76004817414381,1.2972185562321112,0.046652278556402624,-0.44774816023647074
89.03294838518953,23.76004817414381,1.3432090497537312,0.015683136172240833,-0.6080225398446565
89.08294838518952,23.76004817414381,1.4573187181073686,0.12309371543619942,-1.1598883039583099
89.13294838518952,23.76004817414381,1.3202752498809582,0.30372299112924256,-0.9811805018294885
89.18294838518952,23.76004817414381,1.6228419363972257,0.8398692758506173,-1.439724175456483
89.23294838518952,23.76004817414381,1.4611627125449385,0.5177044800207798,-0.993151360141277
89.28294838518953,23.76004817414381,1.23866401709967,0.34586272626594206,-0.5979228640168892
89.33294838518952,23.76004817414381,1.3669790374487079,0.8579030497306854,-0.868529610021287
89.38294838518952,23.76004817414381,1.056634632347729,1.163801977183355,-0.8624966978304263
89.43294838518952,23.76004817414381,0.8842084440294623,1.1390196694194172,-0.6146680307088872
89.48294838518952,23.76004817414381,0.9291725586938029,0.8431675371017806,-0.43834280931344194
89.53294838518953,23.76004817414381,1.0461868643982668,0.9536474013466391,-0.5871658339753622
89.58294838518952,23.76004817414381,0.9304249259725095,0.8131506359004721,-0.3810197899481832
89.63294838518952,23.76004817414381,0.7265440742295944,0.5983222074441368,0.20309547957401158
89.68294838518952,23.76004817414381,0.8496361964357696,0.6220146268102814,0.21381172447470914
89.73294838518952,23.76004817414381,0.7049268139823941,0.8124503026316168,0.18785148624925332
89.78294838518953,23.76004817414381,0.6960964167523227,0.626562180878039,0.062304333819449734
89.88294838518952,23.76004817414381,0.8481921833313625,-0.002090305473057455,-0.016330873353221045
89.93294838518952,23.76004817414381,0.5483642275234191,0.1611952753176377,-0.2827778577473258
89.98294838518952,23.76004817414381,0.6907878974716928,0.337245897448182,-0.7489747402428025
90.03294838518953,23.76004817414381,0.5242472034967729,0.2296199483112716,-0.263551865006359
90.08294838518952,23.76004817414381,0.8024253679476455,0.3899490122589528,-0.02710647696298695
90.13294838518952,23.76004817414381,0.899100257560604,0.6715912674067508,-0.7181321012570597
90.18294838518952,23.76004817414381,1.0176588784031249,1.0497396423800338,-1.0911847598364774
90.23294838518952,23.76004817414381,1.6768096760897993,1.6132816708038833,-0.6262285537560732
90.28294838518951,23.76004817414381,2.4282751624549412,2.082177052435405,-0.39427140726343923
90.33294838518952,23.76004817414381,3.120697457419723,3.7711321112521414,1.3308449438664864
90.38294838518952,23.76004817414381,4.141079768758356,8.095672772288646,2.63338816286251
90.43294838518952,23.76004817414381,3.991019585008827,6.244661732550856,2.06597983194967
90.48294838518952,23.76004817414381,3.7189350109377632,2.6964428457682086,0.5003899000357274
90.53294838518951,23.76004817414381,3.4812156140551167,3.187092554558089,0.3319598852814184
90.58294838518952,23.76004817414381,2.7287039228090113,2.781862155343413,-0.25368353407170996
90.63294838518952,23.76004817414381,2.0690111811894196,2.3605296601231416,-0.43805062259945504
90.68294838518952,23.76004817414381,1.554354338450067,1.7137429430097018,-0.1545991967048102
90.73294838518952,23.76004817414381,1.1615824445090241,1.311854974852365,0.470801982556626
90.78294838518951,23.76004817414381,0.9049178839334799,1.3406160290888904,-0.6493633876430666
90.83294838518952,23.76004817414381,0.6964212869953568,1.3408679786998927,-0.8580973451001981
90.88294838518952,23.76004817414381,0.5620159302547184,1.4271405603792777,-0.8330637918651614
90.93294838518952,23.76004817414381,0.4431015189658345,1.7222605777581887,-1.2174609784252322
90.98294838518952,23.76004817414381,-0.0031322329709954633,1.4715271661204647,-0.4951896434052907
91.03294838518951,23.76004817414381,-0.5188104379780187,1.5175790727478145,0.1935310652705168
91.08294838518952,23.76004817414381,-0.8589870904474376,1.396861662042994,0.5274606183586373
91.13294838518952,23.76004817414381,-0.6455034591526803,1.1416135166213919,0.03641475375427376
91.18294838518952,23.76004817414381,-0.8508674782673966,1.0512142168144436,0.11011432734433338
91.23294838518952,23.76004817414381,-0.6565343587783843,1.013653639088811,0.054441837228323006
88.58294838518952,23.71004817414381,1.594129321368683,0.051828343078898886,-0.29845722518319323
88.63294838518952,23.71004817414381,1.5148599941548357,0.11799782602689436,-0.7941923096478473
88.68294838518952,23.71004817414381,1.5879796308850884,0.18221176143808715,-0.7461278204428536
88.73294838518952,23.71004817414381,1.4382224516799915,0.09700040801533566,-0.6619430586026668
88.78294838518953,23.71004817414381,1.6288858448634036,0.010140198811506828,-0.5106598557921823
88.83294838518952,23.71004817414381,1.7289641833945122,-0.35151987263547485,-0.9559749018993078
88.88294838518952,23.71004817414381,1.8447476297570615,0.05984021125691077,-0.8542911304211517
88.93294838518952,23.71004817414381,1.4326085157591635,0.19440677040192508,-0.2669253474700916
88.98294838518952,23.71004817414381,1.0083542806332964,-0.007638093349684252,-0.01277143076365784
89.03294838518953,23.71004817414381,1.6307564160521633,-0.10507504363382562,-1.0027133080365123
89.08294838518952,23.71004817414381,1.2256009188173587,-0.030843743802975783,-1.0701791548743467
89.13294838518952,23.71004817414381,1.3346594879661895,0.22009852811079444,-1.0353145097156795
89.18294838518952,23.71004817414381,1.4805426227603795,0.5802675662074388,-1.0485048968737298
89.23294838518952,23.71004817414381,1.6351998619601198,0.8835887982175893,-1.0707102615492354
89.28294838518953,23.71004817414381,1.2329945214899605,0.5403605504454939,-0.9452678052392149
89.33294838518952,23.71004817414381,0.9939346500931796,0.5817784374790742,-0.6106948723625799
89.38294838518952,23.71004817414381,0.967247558598896,0.8482042725428215,-0.8536865691725157
89.43294838518952,23.71004817414381,0.9872405245845722,1.0736568067171703,-0.6657844959605373
89.48294838518952,23.71004817414381,1.0391260779779674,1.1165576113067006,-0.8386784490169539
89.53294838518953,23.71004817414381,0.7631437552487231,0.8535797101208632,-0.7489489134600442
89.58294838518952,23.71004817414381,0.9571872742838089,1.3890633423499337,-0.8686071072281324
89.63294838518952,23.71004817414381,0.30151102780394656,0.4866011591365716,-0.04614694682548042
89.68294838518952,23.71004817414381,0.4178181217622375,0.4487694672760492,-0.39632553928216535
89.73294838518952,23.71004817414381,0.5153375827651072,0.3953039868608668,-0.46172825719358823
89.78294838518953,23.71004817414381,0.6282712834904152,0.3885673782650855,-0.4578906202706941
89.83294838518952,23.71004817414381,0.7989247380821815,-0.028439960510549117,-1.1098824880990852
90.03294838518953,23.71004817414381,0.6584625618258799,-0.07482487280576472,-0.8833714564509644
90.08294838518952,23.71004817414381,0.6607788920500421,0.49433713104681354,-0.21433560770392324
90.13294838518952,23.71004817414381,0.6399197447156441,0.8503260909212534,-0.5707431739307702
90.18294838518952,23.71004817414381,0.7808012102322307,0.8356909479680011,-0.7253637778721818
90.23294838518952,23.71004817414381,1.1279539140872255,1.1972366261934182,-0.6774237843237609
90.28294838518951,23.71004817414381,1.7716178975304762,1.7485638618239145,-0.5992575923964529
90.33294838518952,23.71004817414381,3.2694543277552546,3.054825484076777,-0.2737104725541124
90.38294838518952,23.71004817414381,4.086783843958852,5.9979627507988305,2.2561456466246685
90.43294838518952,23.71004817414381,4.591798021869001,6.7045936980672,2.5098130049160616
90.48294838518952,23.71004817414381,4.127599079345962,4.253352921981128,1.6710538657646268
90.53294838518951,23.71004817414381,3.476619805877058,3.763728405746197,0.7434495096491721
90.58294838518952,23.71004817414381,2.566201209041518,2.4247948981952847,-0.1285463629142674
90.63294838518952,23.71004817414381,2.0167830949498775,1.8598709305894154,-0.3942394616641103
90.68294838518952,23.71004817414381,1.3123412012282698,1.5536950942575285,0.45904342463388637
90.73294838518952,23.71004817414381,1.1946640913395048,1.2415471474742719,0.4880652325833461
90.78294838518951,23.71004817414381,1.1422529383022408,1.3088695877986103,-0.3155397152742828
90.83294838518952,23.71004817414381,0.8591072891740739,1.41855795941212,-0.5507357722474636
90.88294838518952,23.71004817414381,0.6149614000387013,1.5289138560667288,-0.9490193526486976
90.93294838518952,23.71004817414381,0.6051508233049738,1.8805321365296332,-1.0060357988994606
90.98294838518952,23.71004817414381,-0.19386794403642854,1.3484241997322708,-0.1757763628028694
91.03294838518951,23.71004817414381,-0.3831599240334865,1.531023136681106,0.3216896593888509
91.08294838518952,23.71004817414381,-0.346070430621141,1.5377881016550063,0.33849100135035637
91.13294838518952,23.71004817414381,-0.5455744799736499,1.0250977243646324,-0.0031361585062810414
91.98294838518952,23.71004817414381,-3.3055304191373205,-1.5757342590751575,-0.979776108185646
92.13294838518952,23.71004817414381,-3.505593878156501,-1.8495727646672688,-1.263681432500788
92.18294838518952,23.71004817414381,-3.6907256871059917,-1.6937758269013874,-1.042853549710612
92.28294838518951,23.71004817414381,-4.532355324399737,-2.568168898044052,-1.0014486426747307
88.58294838518952,23.66004817414381,1.3241058484779795,0.012879957608062459,-0.3804779167846864
88.63294838518952,23.66004817414381,1.1461743027907272,-0.0924895526375801,-0.3954117705591837
88.68294838518952,23.66004817414381,1.2329025590724163,-0.1522042869950832,-0.23484552668440603
88.73294838518952,23.66004817414381,1.368129846470606,-0.14233720654784388,-0.40112964129310585
88.78294838518953,23.66004817414381,1.7734753480907868,0.0653573602700658,-0.8681242908812011
88.83294838518952,23.66004817414381,1.9084884107925961,0.3627333889051418,-0.7373692215794451
88.88294838518952,23.66004817414381,1.704992287748315,0.22748802093291404,-0.5047114340126435
88.93294838518952,23.66004817414381,1.2194656406078817,0.0034331966559079845,-0.0895607014188246
88.98294838518952,23.66004817414381,0.8983766481250918,-0.07311909059776706,0.2787455237280617
89.03294838518953,23.66004817414381,1.2884951200532744,0.07378219224182465,-0.08080335349956354
89.08294838518952,23.66004817414381,1.2842208871136147,0.17551865984551124,-0.7651613401631978
89.13294838518952,23.66004817414381,1.0855181655494035,0.17840975771554435,-1.0823053463742758
89.18294838518952,23.66004817414381,1.3386932541378984,0.4106728860187627,-0.8641830813923133
89.23294838518952,23.66004817414381,1.5370930445036428,0.8138388085882863,-0.7015413088781236
89.28294838518953,23.66004817414381,1.34036930388329,1.0276964201236816,-1.0105708108004743
89.33294838518952,23.66004817414381,1.1015372460389272,0.8881554319533165,-0.948547242277986
89.38294838518952,23.66004817414381,0.8705808880084919,0.6389687535739513,-0.6702643823585299
89.43294838518952,23.66004817414381,1.1152123914503231,0.7276778151934182,-0.42996633247606125
89.48294838518952,23.66004817414381,1.0004291193704153,0.813951038110547,-0.7746350709310763
89.53294838518953,23.66004817414381,0.9974976515476132,0.8580860022572282,-1.0235138707631837
89.58294838518952,23.66004817414381,0.9082278610729743,1.0203591816519846,-0.8181199844401131
89.63294838518952,23.66004817414381,0.9072242077693554,1.1135145511140403,-0.614106703101541
89.68294838518952,23.66004817414381,0.6749149530924001,0.6068009746305429,-0.7161825709919813
89.73294838518952,23.66004817414381,0.41955139643791295,0.2978720085799641,-0.7052373654018051
89.78294838518953,23.66004817414381,0.3849458612698412,0.45589726639418593,-0.7681665859792258
89.83294838518952,23.66004817414381,0.9924560795006601,0.337448806000886,-0.6943009307417484
89.88294838518952,23.66004817414381,1.6176022360577893,0.5873810859891405,-1.2150114340081601
90.03294838518953,23.66004817414381,0.7642029896783181,0.1914535054561185,0.2213763520919605
90.08294838518952,23.66004817414381,0.7713128495442778,0.9739767044915417,-0.5255036579584585
90.13294838518952,23.66004817414381,0.6831971767026269,0.9083628857921346,-0.19354610975965372
90.18294838518952,23.66004817414381,0.8608460818022201,1.199248968099306,-0.4274325802772641
90.23294838518952,23.66004817414381,1.2481147160651445,1.721297794924427,-0.6741147942632538
90.28294838518951,23.66004817414381,1.6526144511345873,1.9048725407114744,-0.5100482279908265
90.33294838518952,23.66004817414381,2.3875875891555216,2.2793134240582704,-0.4931584033619665
90.38294838518952,23.66004817414381,3.826794542402018,3.087630016041887,-0.4226804688847431
90.43294838518952,23.66004817414381,4.664556785803863,3.882597800954007,0.7767609781640896
90.48294838518952,23.66004817414381,4.415351083828323,4.386659572000339,1.664733011696446
90.53294838518951,23.66004817414381,3.545197432826683,3.645812185264645,0.8544613566051922
90.58294838518952,23.66004817414381,2.8009649311073,2.6779581829611234,0.12197847585414426
90.63294838518952,23.66004817414381,2.01819428070643,2.045030895065097,0.8360195353352422
90.68294838518952,23.66004817414381,1.5393837675351372,1.565605942331037,0.4177436706774236
90.73294838518952,23.66004817414381,1.2323270836746687,1.2160299886442447,0.03658942850939881
90.78294838518951,23.66004817414381,1.079332651575447,1.3365309446646374,-0.26175016381317456
90.83294838518952,23.66004817414381,0.9929608724572692,1.5776860367387717,-0.6339490729149617
90.88294838518952,23.66004817414381,0.48343937997398,1.574075539794525,-0.1493396022569808
90.93294838518952,23.66004817414381,0.157568612776051,1.5336596120904833,-0.08294854508452289
90.98294838518952,23.66004817414381,-0.04913098074540978,1.4072332841988733,0.21171409852242895
91.03294838518951,23.66004817414381,-0.12540946880842374,1.30272400715218,0.25454747069008626
91.08294838518952,23.66004817414381,-0.5814797561699439,1.2334191913179815,0.23286542296503132
91.13294838518952,23.66004817414381,-0.9872600175940778,1.1671766237944396,0.2129431737047438
91.18294838518952,23.66004817414381,-0.6248410484014841,1.1881110025889214,-0.456767462552875
91.98294838518952,23.66004817414381,-3.734857725431254,-2.211750747629829,-1.276768507224699
92.03294838518951,23.66004817414381,-3.779657127539408,-2.189034470455867,-1.0784327314693898
92.08294838518952,23.66004817414381,-3.3857340196300614,-1.881019259051424,-1.4039510851154735
92.13294838518952,23.66004817414381,-3.7553902509147026,-2.3231068780454356,-1.5042998955046174
92.18294838518952,23.66004817414381,-4.38639345889529,-2.522030793128808,-0.9531865894978477
92.23294838518952,23.66004817414381,-4.437110534658041,-2.2579629190643,-0.5141071850963752
92.28294838518951,23.66004817414381,-3.9309220881203046,-2.520119444999541,-1.0724858709211536
88.63294838518952,23.610048174143813,1.0513804278951902,-0.02476342466605689,-0.0037978587443227903
88.68294838518952,23.610048174143813,1.011333490467608,-0.23427182774099384,0.02825434903676577
88.73294838518952,23.610048174143813,1.6535639203123194,0.0580965585778971,-0.5498717542334167
88.78294838518953,23.610048174143813,1.651383843326428,0.20107527220591564,-0.456682121482104
88.83294838518952,23.610048174143813,1.4792124951200347,0.07469844971719805,-0.2811268781926876
88.88294838518952,23.610048174143813,1.439810369497557,0.2512257680658474,-0.4886790798888755
88.93294838518952,23.610048174143813,1.305111565245919,0.13577626655340058,-0.43780148864772805
88.98294838518952,23.610048174143813,1.1667232693192435,-0.033022487410026544,-0.14800082204884352
89.03294838518953,23.610048174143813,1.1439789510956184,-0.07689809486903948,-0.18884538587976624
89.08294838518952,23.610048174143813,1.256710192506149,0.3043165222658871,-0.29573596286613346
89.13294838518952,23.610048174143813,1.3179936733461508,0.07029056721380159,-0.8782999438965609
89.18294838518952,23.610048174143813,1.1386736615300381,0.23958489004448122,-0.8436011944818597
89.23294838518952,23.610048174143813,1.4437177645014974,1.1211188926476496,-1.322837723638153
89.28294838518953,23.610048174143813,1.1827324181587824,0.8493562817771177,-0.9282740691538387
89.33294838518952,23.610048174143813,1.1929068947214712,1.0710069856001374,-1.2027590211237253
89.38294838518952,23.610048174143813,1.2034586852739835,1.0494184082668039,-1.0311183172590277
89.43294838518952,23.610048174143813,1.1718717711173219,0.6917231894776081,-0.9813895502588679
89.48294838518952,23.610048174143813,1.1864240117123737,0.6661541232102131,-0.3961325952343554
89.53294838518953,23.610048174143813,0.9290195999983086,0.7510852912312985,-0.9818473193893746
89.58294838518952,23.610048174143813,0.7250063912143655,0.7783418841485529,-0.8274194230403804
89.63294838518952,23.610048174143813,1.2072985751209184,1.5300938769083354,-1.1135499777375946
89.68294838518952,23.610048174143813,1.1976033531397987,1.3995394441503342,-1.3022800009040114
89.73294838518952,23.610048174143813,0.564088965886004,0.3560292043920954,-0.7424599223594996
89.78294838518953,23.610048174143813,0.5521950249295984,0.5542848046042617,-0.4986006168481786
89.83294838518952,23.610048174143813,0.952006097890888,1.0147492772385516,0.022631602072781223
89.88294838518952,23.610048174143813,1.3519675938167923,0.4915607112595657,-0.8101522513592141
90.08294838518952,23.610048174143813,0.570166264269901,0.3094220649386186,0.46279035780354294
90.13294838518952,23.610048174143813,0.5641464885072671,0.6820827304352532,0.0464533660177238
90.18294838518952,23.610048174143813,0.3407894888682631,1.0634054512063826,0.6570254804836667
90.23294838518952,23.610048174143813,0.8148209015046646,1.530196775765581,-0.05508326511941814
90.28294838518951,23.610048174143813,1.0447288473363598,1.7960094465438345,0.1332759231317629
90.33294838518952,23.610048174143813,1.6788739144175042,2.058126601819685,-0.4213972899062155
90.38294838518952,23.610048174143813,2.6389632348363534,2.3315387279843804,-0.2987929347601586
90.43294838518952,23.610048174143813,3.499022159555075,2.820502901711089,0.3601567769436153
90.48294838518952,23.610048174143813,4.002069178752284,4.854463920063214,1.5450699074041878
90.53294838518951,23.610048174143813,3.188499080296122,3.3492169757677464,0.5974942955642533
90.58294838518952,23.610048174143813,2.483209651093936,2.5210470287707736,0.5292443641291097
90.63294838518952,23.610048174143813,1.8832572385007285,2.455486431428789,0.37502575271424193
90.68294838518952,23.610048174143813,1.5384558209234493,1.8843355550157797,-0.42778765173542865
90.73294838518952,23.610048174143813,1.2360052746218257,1.360318254598537,-0.17207476500074756
90.78294838518951,23.610048174143813,1.2109261723941376,1.3992506412631793,-0.30877692595175316
90.83294838518952,23.610048174143813,0.5093666277127096,1.6089842315113327,-0.26211823347183877
90.88294838518952,23.610048174143813,-0.15300046973229453,1.5393626194012202,0.8503588192363354
90.93294838518952,23.610048174143813,-0.15241767578345505,1.3511083706774312,0.7625805470037317
90.98294838518952,23.610048174143813,-0.09534507509532042,1.1981692421506864,0.17590495799583142
91.03294838518951,23.610048174143813,-0.18446130104228636,1.095027638286305,0.050468821789455526
91.08294838518952,23.610048174143813,-0.6934963819197704,0.9551249341327075,0.2344063221229621
91.13294838518952,23.610048174143813,-0.6792762678515303,1.2766966002642122,0.1633692781395014
91.98294838518952,23.610048174143813,-3.4126438366460907,-2.2842434834079817,-1.2432721971586975
92.03294838518951,23.610048174143813,-3.4956000242258747,-2.109219447778032,-0.8069759857045895
92.08294838518952,23.610048174143813,-3.699401986816578,-2.1820394128078804,-0.9322253853873561
92.13294838518952,23.610048174143813,-4.121530964142851,-2.7460109311551655,-1.0478147554444464
92.18294838518952,23.610048174143813,-4.266025789843536,-2.8293749028710637,-0.9587233995293784
92.23294838518952,23.610048174143813,-4.350593037094865,-2.323527615173548,-0.29883563016037934
92.28294838518951,23.610048174143813,-3.7820759853957147,-2.5007814532250614,-1.0095259915201145
88.68294838518952,23.560048174143816,1.1657813285663732,-0.008719481884426429,0.13423441192796376
88.73294838518952,23.560048174143816,1.2455113393519757,-0.5187455424350982,0.20934023917811495
88.78294838518953,23.560048174143816,1.4229647001951353,-0.24848320358508602,-0.31505138505798314
88.83294838518952,23.560048174143816,1.3246146228430276,-0.06409905655790232,-0.3612575251800011
88.88294838518952,23.560048174143816,1.54297556048666,0.4090751059237968,-0.5252569562726864
88.93294838518952,23.560048174143816,1.20609196444551,0.29203099946488464,-0.11054910081236707
88.98294838518952,23.560048174143816,1.0369400855192707,0.22380367973729476,0.18900751990162257
89.03294838518953,23.560048174143816,0.6504121711233366,0.1324351584076397,0.3504833316587066
89.08294838518952,23.560048174143816,0.8219243901310341,-0.17979898239644987,-0.040603225128137244
89.13294838518952,23.560048174143816,1.0257403164645662,0.10469763002814601,-0.2261436443308293
89.18294838518952,23.560048174143816,0.824286070829764,0.32327607410386244,-0.24381217095954605
89.23294838518952,23.560048174143816,0.8982142305165267,0.34327414026102604,-0.697844173090096
89.28294838518953,23.560048174143816,1.1244596084725562,0.48926021123012675,-0.6861437857694564
89.33294838518952,23.560048174143816,1.0327096620728045,0.9277449108712131,-1.2840357613363025
89.38294838518952,23.560048174143816,1.012014826776478,1.1312024454438343,-1.012436914548783
89.43294838518952,23.560048174143816,1.0020461130774803,0.7139406528646635,-0.8725829514623872
89.48294838518952,23.560048174143816,1.0318563474459272,0.5318416377700478,-0.5754909674604489
89.53294838518953,23.560048174143816,1.026699347375482,0.9254692014134916,-0.5860904292964084
89.58294838518952,23.560048174143816,1.06512309198527,1.4595094198996925,-1.0101773998978474
89.63294838518952,23.560048174143816,0.8294416238803819,0.9864078414855053,-0.9379661947802044
89.68294838518952,23.560048174143816,0.7072852287493757,0.8029691104182443,-0.9639307625995945
89.73294838518952,23.560048174143816,0.3732489724726415,0.5870747561033011,-0.7910598614766173
89.78294838518953,23.560048174143816,0.2617128339235269,0.5725504765654029,-0.6135619824864667
89.83294838518952,23.560048174143816,0.5372908056166885,0.8454292686041085,-0.6557443711374163
89.88294838518952,23.560048174143816,0.6519478662084154,0.5753879752427141,-0.6567266650082996
89.93294838518952,23.560048174143816,0.593639017393217,0.43233500017423143,-0.90853551878792
89.98294838518952,23.560048174143816,0.7506633704259855,0.7308478061629586,-0.8998059926113822
90.18294838518952,23.560048174143816,0.5393743329581557,0.7187983093938359,0.43518549752549207
90.23294838518952,23.560048174143816,0.7599841601935708,0.9441071277753625,0.8797686627957122
90.28294838518951,23.560048174143816,0.5911989425920482,1.4371518457793448,0.6919427327970896
90.33294838518952,23.560048174143816,1.3667991516832183,2.0264480061599084,-0.5836147278181457
90.38294838518952,23.560048174143816,1.915066901805673,2.238572658877061,-0.6746068341000911
90.43294838518952,23.560048174143816,2.7374405130388944,2.5231483490805924,-0.6170839057441807
90.48294838518952,23.560048174143816,3.0319876174703424,2.6005171646392937,0.03032602869052363
90.53294838518951,23.560048174143816,2.6848798488903913,2.902551560961668,0.5062150036048416
90.58294838518952,23.560048174143816,1.9671806363546798,2.318768635603293,0.6235238402219799
90.63294838518952,23.560048174143816,1.8792425598249283,2.1705815660850565,-0.4631224365608151
90.68294838518952,23.560048174143816,1.4497532731052152,1.9040231880551197,0.19369437643184095
90.73294838518952,23.560048174143816,1.2616961285690755,1.456474088404744,0.18881295611132407
90.78294838518951,23.560048174143816,0.9004046149950672,1.747255139574861,0.39544090597305803
90.83294838518952,23.560048174143816,0.12147287782735705,1.6594349098513426,1.0172781644261297
90.88294838518952,23.560048174143816,-0.27845148053397295,1.3074047906330915,1.1236970257050134
90.93294838518952,23.560048174143816,-0.21109448190531876,1.5571889475329623,0.5849790646981635
90.98294838518952,23.560048174143816,-0.19632499773819334,1.223560113718512,0.11498669712481524
91.03294838518951,23.560048174143816,-0.07119228695366231,1.1984531834876258,-0.27435952358484916
91.08294838518952,23.560048174143816,-0.22906265602771297,1.3500277764716786,-0.10390999229329465
91.13294838518952,23.560048174143816,-0.6921326522466726,1.0935920335491982,0.11786992320915886
91.18294838518952,23.560048174143816,-0.5423257909496543,1.1769184127346755,-0.396334032886056
91.98294838518952,23.560048174143816,-3.138857238032247,-1.85340001050539,-1.813067952272939
92.03294838518951,23.560048174143816,-3.7262236134874307,-2.255699676978861,-1.2576978946050121
92.08294838518952,23.560048174143816,-3.9803705412555503,-2.5263222986736333,-0.9927080549340527
92.13294838518952,23.560048174143816,-4.319536028957652,-2.6922802977810227,-0.5917382258630871
92.18294838518952,23.560048174143816,-3.8092172440413536,-2.68331724980784,-1.0203012587970042
92.23294838518952,23.560048174143816,-3.800784769695105,-2.2357097265350614,-0.43706682274438685
92.28294838518951,23.560048174143816,-3.839257467211461,-2.8561079366569446,-1.1289719610936433
88.73294838518952,23.51004817414381,1.5871342913022115,-0.11027848060399953,0.0007962041055179026
88.78294838518953,23.51004817414381,1.629569250619976,-0.007145598599047509,-0.1173623968031883
88.83294838518952,23.51004817414381,1.2333560029406176,0.0435273433290765,-0.07549687849303763
88.88294838518952,23.51004817414381,1.190223160459499,0.22419590650538712,-0.12509564895155595
88.93294838518952,23.51004817414381,1.2215629636971514,0.290390107536494,0.2633034380273835
88.98294838518952,23.51004817414381,1.118695468466018,0.08010666725280244,0.036922680772815214
89.03294838518953,23.51004817414381,0.8476565617089087,-0.050788956159575724,-0.008540350454207443
89.08294838518952,23.51004817414381,0.9338768895377119,-0.16277815048437327,-0.010359110290403444
89.13294838518952,23.51004817414381,0.48674330893001166,-0.16392983224132887,0.2262155122290811
89.18294838518952,23.51004817414381,0.39428554372920926,0.03280924540118162,0.03402233816837054
89.23294838518952,23.51004817414381,0.6352278224840205,0.18997315920470986,-0.24542608803489382
89.28294838518953,23.51004817414381,1.0602776540185053,0.5088050345057147,-0.6149969948184425
89.33294838518952,23.51004817414381,0.9427074074842706,0.10114692813711493,-0.5465746995640977
89.38294838518952,23.51004817414381,0.8203675588917564,0.3483055959457169,-0.3980866908546903
89.43294838518952,23.51004817414381,0.9478950055288594,0.7589748463824424,-0.3464073415955211
89.48294838518952,23.51004817414381,1.0118311119686478,0.5350046981364761,-0.21528999463456777
89.53294838518953,23.51004817414381,0.9334967189448463,0.1759596926838628,-0.08360337769629797
89.58294838518952,23.51004817414381,0.7997129092780421,0.25790099197782546,-0.5679656750137945
89.63294838518952,23.51004817414381,0.8411269082007834,0.8361143785450446,-0.5876389233331306
89.68294838518952,23.51004817414381,0.7537981662799648,1.12772903953699,-0.917814127890939
89.73294838518952,23.51004817414381,0.15917112025508415,0.7130046848236465,-0.8374938702376137
89.78294838518953,23.51004817414381,0.30238309117420725,1.2237478601943104,-0.9338979789178765
89.83294838518952,23.51004817414381,0.4480882264614609,1.333799702739934,-0.9498202893488658
89.88294838518952,23.51004817414381,0.32358486823744625,0.8130584076884421,-1.0423139258177492
89.93294838518952,23.51004817414381,0.4980074822824062,0.5940491303729463,-1.1058231912294587
89.98294838518952,23.51004817414381,0.8986685936213081,1.3798370192535532,-1.3505511085092798
90.03294838518953,23.51004817414381,0.8583710157030858,1.2275938141459655,-1.2395070303751432
90.23294838518952,23.51004817414381,0.504229329552083,0.41590828321893053,0.11191156782951657
90.28294838518951,23.51004817414381,0.6342639102488892,1.01534470497695,0.5768678678246681
90.33294838518952,23.51004817414381,1.1780441815096059,1.97666959741457,0.34674344732243967
90.38294838518952,23.51004817414381,1.6154081808170049,2.601960641209393,-0.8037098027536815
90.43294838518952,23.51004817414381,2.000648977631108,2.557579657518655,-0.9910712440943366
90.48294838518952,23.51004817414381,2.3042411571740824,2.5619248888572175,-0.8848317137825411
90.53294838518951,23.51004817414381,2.360436571717945,2.433866199903138,-1.1690769733458355
90.58294838518952,23.51004817414381,1.5366734493382508,2.3130168191020797,0.33247746423698005
90.63294838518952,23.51004817414381,1.3361881012887145,1.8688031420950428,0.34396698917757534
90.68294838518952,23.51004817414381,1.236905623218828,1.7343313421608375,0.1868461120572302
90.73294838518952,23.51004817414381,0.9061331541625021,1.4143075190725867,0.12643069540879395
90.78294838518951,23.51004817414381,0.708369573160986,1.6312555655598102,0.2402288717515727
90.83294838518952,23.51004817414381,0.00523071070261194,1.5757889336389883,1.0625782953909944
90.88294838518952,23.51004817414381,-0.3138508367638043,1.3718221394922139,0.5245244498979155
90.93294838518952,23.51004817414381,-0.24382545784918264,1.6849918979336977,0.10486690357466352
90.98294838518952,23.51004817414381,-0.19329164291547785,1.6391214967344994,0.07329279823750798
91.03294838518951,23.51004817414381,0.05949248816096414,1.3605329951249088,-0.12731394995098733
91.08294838518952,23.51004817414381,0.13256893057707664,1.6464343292899937,-0.04538779162083162
91.13294838518952,23.51004817414381,-0.16145160511158269,1.4678152994842346,0.17822635325461922
91.18294838518952,23.51004817414381,-0.28000690646822846,1.223623118586619,-0.11942850719186873
91.23294838518952,23.51004817414381,-0.5663249891031865,1.2516693269586614,-0.5690194126753444
91.98294838518952,23.51004817414381,-3.021936466076218,-1.5573969032785469,-1.7402990007398125
92.03294838518951,23.51004817414381,-3.3562131359168506,-2.1569052311500014,-1.5664108194015773
92.08294838518952,23.51004817414381,-3.545186636624456,-2.532834456063938,-1.2173173142071574
92.13294838518952,23.51004817414381,-4.348521708914852,-2.572843314703079,-0.23043305694164584
92.18294838518952,23.51004817414381,-3.9456137726135037,-2.7249613751541926,-1.1028540338558221
92.23294838518952,23.51004817414381,-3.879742586039243,-2.2094310998517304,-0.8403320483877356
92.28294838518951,23.51004817414381,-3.824750004661188,-2.8090267938953373,-1.1973431544118704
88.78294838518953,23.46004817414381,1.3742443385078356,-0.0418103393646278,-0.4780344635509737
88.83294838518952,23.46004817414381,1.2475325769051007,0.05480426430692039,-0.5498510008905693
88.88294838518952,23.46004817414381,1.3946278315425966,0.16176904226366473,-0.35897401625353026
88.93294838518952,23.46004817414381,1.3612677551842909,-0.012600941862273236,-0.020993676150240045
88.98294838518952,23.46004817414381,1.2933732569929997,0.049202612328683906,0.13151700755600892
89.03294838518953,23.46004817414381,0.900164362156159,-0.05479977670090712,0.05832632823377896
89.08294838518952,23.46004817414381,0.784930045713644,-0.0246111283324345,-0.031090503038337377
89.13294838518952,23.46004817414381,0.670264441353674,-0.12128972630173862,0.3362936764440305
89.18294838518952,23.46004817414381,0.46316587671877657,0.004099877330533755,0.4963152471910143
89.23294838518952,23.46004817414381,0.4978800619201733,0.04232440389578877,0.19645611573576285
89.28294838518953,23.46004817414381,0.7567515062365467,0.328959410918368,-0.255506789267323
89.33294838518952,23.46004817414381,0.5078885416696266,0.2065869832110831,-0.04921635484216695
89.38294838518952,23.46004817414381,0.3716696207734034,0.2069162760459373,-0.14764541678211038
89.43294838518952,23.46004817414381,0.6181147535284406,0.4235880540055571,-0.20035841214089042
89.48294838518952,23.46004817414381,0.27838301362195034,0.23405108624699084,0.0058690167905727265
89.53294838518953,23.46004817414381,0.3581578445495401,0.30946412242540866,-0.5296146068545045
89.58294838518952,23.46004817414381,0.44481811288286877,0.14476252718872618,-0.22253753729268624
89.63294838518952,23.46004817414381,0.7541945795580172,0.5931999480421448,-0.4024821202269789
89.68294838518952,23.46004817414381,0.7479290099501265,0.8659628608021668,-0.6141811898161692
89.73294838518952,23.46004817414381,0.35532181613490704,0.9659193015759603,-0.774255704838554
89.78294838518953,23.46004817414381,0.36594446898633043,1.3487361818811856,-0.920611050328536
89.83294838518952,23.46004817414381,0.45012081615118626,1.3547065849947333,-0.9274285905128524
89.88294838518952,23.46004817414381,0.3879665615885139,1.2328613046115264,-0.729710834204076
89.93294838518952,23.46004817414381,0.6077908632625775,1.283137571550921,-0.882061462096212
89.98294838518952,23.46004817414381,0.5307971680408872,0.9466624301604312,-0.7442849775335321
90.03294838518953,23.46004817414381,0.6115023391254435,0.9822952655286843,-0.8353819332993628
90.08294838518952,23.46004817414381,1.2770595715718356,0.7924903788394448,-0.8019766522763393
90.28294838518951,23.46004817414381,1.2630122243653277,1.0366461419271311,0.4953493341114472
90.33294838518952,23.46004817414381,0.9691669044131226,1.238828473780217,1.1157133898601415
90.38294838518952,23.46004817414381,1.373231728968044,1.5263553541616475,-0.0331227196954955
90.43294838518952,23.46004817414381,1.8530071279024536,1.7853822190632762,-0.8421665097851122
90.48294838518952,23.46004817414381,1.9789898947123032,1.9720858783644477,-0.8026515501509036
90.53294838518951,23.46004817414381,2.1145955970699823,1.980113230350241,-0.9804255170309307
90.58294838518952,23.46004817414381,1.0738984590881542,1.6188573470879604,0.8759127799442273
90.63294838518952,23.46004817414381,1.005652475312721,1.3517578450377807,0.5686828855947017
90.68294838518952,23.46004817414381,0.6681368593718329,1.2732603330024743,0.37153973384953853
90.73294838518952,23.46004817414381,1.014254868526856,1.5572199690432322,-0.19468319353851166
90.78294838518951,23.46004817414381,1.1425127056060527,1.9507665439997037,-0.3318378061476744
90.83294838518952,23.46004817414381,0.7875813575304642,2.2762036754165944,-0.1488867401731341
90.88294838518952,23.46004817414381,0.05293049914682468,1.7957871859754226,0.4647374683784736
90.93294838518952,23.46004817414381,-0.17930596205081373,1.5039192216277693,0.27028825521794475
90.98294838518952,23.46004817414381,-0.3266229897946198,1.3466585965314524,0.25438253846994435
91.03294838518951,23.46004817414381,-0.514336137964624,1.4113876071382392,0.19868964490232932
91.08294838518952,23.46004817414381,-0.20247895938928923,1.503071220496857,0.020655698189389046
91.13294838518952,23.46004817414381,0.12847056241235977,1.9426276515894818,0.21103645089648493
91.18294838518952,23.46004817414381,0.13940521273267908,2.9175481015697695,0.6108052660124025
91.23294838518952,23.46004817414381,-0.4167500585544776,1.6490698975491547,-0.14264376347573957
91.98294838518952,23.46004817414381,-3.092655601421906,-1.2896725203387356,-1.216888217011435
92.03294838518951,23.46004817414381,-3.2048244389749616,-2.076868895822994,-1.4840059019095029
92.08294838518952,23.46004817414381,-3.4124027229220726,-2.506811087835354,-1.1143628284312204
92.13294838518952,23.46004817414381,-4.239677848045809,-2.3434706662568647,-0.3297200292801956
92.18294838518952,23.46004817414381,-3.7090781731571525,-2.1945806851903518,-1.4978576508780406
92.23294838518952,23.46004817414381,-3.5677356373667806,-1.9258167972852622,-0.9520901844906615
92.28294838518951,23.46004817414381,-3.6179069970126196,-2.2639332240856405,-0.7503372489522305
92.33294838518952,23.46004817414381,-3.8435480550073633,-2.6610334808128857,-1.223786800183252
88.78294838518953,23.41004817414381,1.2481201888439526,-0.1404450050112743,-0.24931049228952165
88.83294838518952,23.41004817414381,1.3437572947780028,0.3196232377593976,0.010286201377407551
88.88294838518952,23.41004817414381,1.6048827564914916,0.38142761627183075,-0.30176314066026905
88.93294838518952,23.41004817414381,1.2788943749695847,0.04952418306546476,-0.016443783572601414
88.98294838518952,23.41004817414381,1.0923975733067253,0.03136614769189632,0.37240771758817137
89.03294838518953,23.41004817414381,0.988184862883942,-0.19896379104830275,-0.05391171757235824
89.08294838518952,23.41004817414381,0.7317381852556717,0.1433776495401619,-0.04910981001213485
89.13294838518952,23.41004817414381,0.7865126476989729,0.2829004001643206,0.013505177029305423
89.18294838518952,23.41004817414381,0.5129265239032006,-0.01613147077056728,-0.16091612959601057
89.23294838518952,23.41004817414381,0.1655445097346364,-0.025962850043107395,0.018337282192637278
89.28294838518953,23.41004817414381,0.6660995938677147,0.8367051946909049,-0.0861823461781492
89.33294838518952,23.41004817414381,0.4821360283837786,0.643488615075761,0.3384755078513684
89.38294838518952,23.41004817414381,0.46070959319582994,0.4147143003420463,0.18237569661703676
89.43294838518952,23.41004817414381,0.5466744985248345,0.7605422299016726,-0.09099179396962448
89.48294838518952,23.41004817414381,0.6427650422593769,0.6619818839682077,0.19715863317312804
89.53294838518953,23.41004817414381,0.5864358558941023,0.6677030437270985,-0.23810680648428975
89.58294838518952,23.41004817414381,0.2669113320379968,0.31562329166261915,-0.01762918882383392
89.63294838518952,23.41004817414381,0.5681413428246971,0.487237360795219,-0.21102985093235307
89.68294838518952,23.41004817414381,0.330079185471021,0.8371186644800719,-0.40616038083345
89.73294838518952,23.41004817414381,0.3871957921967569,1.0270324550525167,-0.6610828010850857
89.78294838518953,23.41004817414381,0.5006411758744245,1.3366399931041804,-0.9552765503338756
89.83294838518952,23.41004817414381,0.5217948725595498,1.5594162498694981,-0.9136762163552986
89.88294838518952,23.41004817414381,0.5835004355615188,1.7515868477341132,-0.7059613095237163
89.93294838518952,23.41004817414381,0.9410168650569247,1.794932886893213,-0.810411901812016
89.98294838518952,23.41004817414381,0.7294212636132862,1.5198017459443127,-0.5802715429146785
90.03294838518953,23.41004817414381,0.6926481940686267,1.1052881469878517,-0.7887887338170716
90.08294838518952,23.41004817414381,0.9004651072273544,1.0681939660900435,-0.6680568852380738
90.13294838518952,23.41004817414381,1.063383904182582,1.0539804478982389,-0.8977161106592493
90.18294838518952,23.41004817414381,1.215740687433225,1.120350676538705,-0.5805043955522401
90.23294838518952,23.41004817414381,1.1122096962648953,1.3210002613295684,-0.1821807593927452
90.28294838518951,23.41004817414381,1.2063994184002769,1.268464361711145,0.2587881098188958
90.63294838518952,23.41004817414381,0.9519144029712672,1.2907336027430298,0.3378948244573919
90.68294838518952,23.41004817414381,0.8106668776698811,1.283090836962902,-0.04075548699812104
90.73294838518952,23.41004817414381,0.44211403385581316,1.0526841263545537,0.0017236769988732067
90.78294838518951,23.41004817414381,0.6986158645825741,1.3688211420335004,-0.14842119983050509
90.83294838518952,23.41004817414381,0.6662925405902431,1.7773029968431384,-0.1371749363061995
90.88294838518952,23.41004817414381,-0.011860994480222153,1.5709602908778806,0.2563813475477085
90.93294838518952,23.41004817414381,-0.37472353936074176,1.165642449260926,0.4424851960856917
90.98294838518952,23.41004817414381,-0.45888817880454696,1.0272047436403173,0.368690596990492
91.03294838518951,23.41004817414381,-0.7594227575896617,0.9074282142718836,0.20360721412060195
91.08294838518952,23.41004817414381,-0.43295177379512545,0.9134517425084128,-0.04503908019448096
91.13294838518952,23.41004817414381,-0.0649334165406748,1.2309731178575123,-0.3737576572121945
91.18294838518952,23.41004817414381,-0.31006477216400286,1.5070235120292899,-0.07763734676932137
91.23294838518952,23.41004817414381,-0.5783745354960851,1.3774353107379933,-0.15275548478396017
91.28294838518951,23.41004817414381,-0.9172592077338713,1.2275196959309642,-0.5808187957690933
91.88294838518952,23.41004817414381,-2.6128557706838045,-0.7002737928565751,-1.7611129997429549
91.93294838518952,23.41004817414381,-3.075164746105343,-1.0227499081619529,-2.0217420566739466
91.98294838518952,23.41004817414381,-3.2217545994796737,-1.1304994412146274,-1.2066200764933592
92.03294838518951,23.41004817414381,-3.1120518579290612,-1.6333805092613183,-1.5246080078071507
92.08294838518952,23.41004817414381,-3.123052333785994,-1.9241265761444932,-1.6542887288893746
92.13294838518952,23.41004817414381,-3.384290723827132,-1.9737545888705088,-1.291152719854948
92.18294838518952,23.41004817414381,-3.580916648485543,-1.6304798787225494,-1.7276313704912014
92.23294838518952,23.41004817414381,-3.5612958235926007,-1.7818242537527291,-1.481248135779898
92.28294838518951,23.41004817414381,-3.70625472264314,-1.6354545414126531,-1.0348247998770026
92.33294838518952,23.41004817414381,-3.572511342859852,-2.4211951693345757,-1.7282200054039205
88.78294838518953,23.360048174143813,0.9159734195645892,-0.4814073131848794,0.2597264863110742
88.83294838518952,23.360048174143813,0.7167270955627862,-0.41520185098923723,0.847639638392474
88.88294838518952,23.360048174143813,1.1717894986419486,-0.08112245178427734,0.4720397855110793
88.93294838518952,23.360048174143813,1.4606994826849773,0.10198674357572159,-0.0660209057570483
88.98294838518952,23.360048174143813,1.0572173464120393,-0.07532084421392854,-0.06501767149575903
89.03294838518953,23.360048174143813,0.8429703397429983,-0.023528798888970463,-0.19866176279153241
89.08294838518952,23.360048174143813,0.5890035506416402,-0.0245962830316799,0.044419355974898676
89.13294838518952,23.360048174143813,0.521348187645989,0.02687656156424116,0.008231808036474978
89.18294838518952,23.360048174143813,0.6632651232296384,0.18819210854786034,-0.18764418107606046
89.23294838518952,23.360048174143813,0.4854540529112219,0.3293424870364711,-0.11378522581662809
89.28294838518953,23.360048174143813,0.6290917501660244,0.22311186623434057,0.2995348626760059
89.33294838518952,23.360048174143813,0.585856644819428,0.37422424723228936,0.20666799898444727
89.38294838518952,23.360048174143813,0.4507989894767854,0.43061881159518695,0.23440111305772504
89.43294838518952,23.360048174143813,0.6658005208692659,1.1068008753283278,0.17167241839569647
89.48294838518952,23.360048174143813,0.4954706325854783,1.0380861309429323,0.19105401850155496
89.53294838518953,23.360048174143813,0.3154075192866691,0.721271927405608,-0.10659802049574632
89.58294838518952,23.360048174143813,0.16807228247279565,0.24105090535626578,0.14633660422563077
89.63294838518952,23.360048174143813,0.23821723102659187,0.19906974707516095,-0.11979663100904668
89.68294838518952,23.360048174143813,0.42532764731531736,0.6827699678534338,-0.6285970707234741
89.73294838518952,23.360048174143813,0.3989743734501945,1.2675194624564075,-0.5683794130760654
89.78294838518953,23.360048174143813,0.21477406534004923,1.0631159499097869,-0.9272267603960096
89.83294838518952,23.360048174143813,0.29351744159631915,1.3907724251084488,-0.8426043983361362
89.88294838518952,23.360048174143813,0.3015128880550554,1.7498243949457692,-0.7889327120403548
89.93294838518952,23.360048174143813,0.5246221927381038,1.752118315278063,-0.9290721288352631
89.98294838518952,23.360048174143813,0.3551377579841016,1.4966322403123542,-0.664440158582718
90.03294838518953,23.360048174143813,0.4685271965025516,1.5505096394594091,-0.8589680117141092
90.08294838518952,23.360048174143813,0.552890667782358,1.1323915201083117,-0.7122400673813045
90.13294838518952,23.360048174143813,0.7875261547468543,1.2994041885041023,-0.8618239129174763
90.18294838518952,23.360048174143813,1.1440929753303577,1.6717360734591027,-1.154053504332315
90.23294838518952,23.360048174143813,1.1151611168049445,1.9919772112565006,-1.2837761601320312
90.28294838518951,23.360048174143813,1.2129666918145028,1.8501628218391202,-1.2872319978931959
90.33294838518952,23.360048174143813,1.395718715883685,1.6702551651358433,-0.6060267489047176
90.48294838518952,23.360048174143813,2.0325781171502104,2.356880206558155,-0.5940403917403952
90.53294838518951,23.360048174143813,1.7064004124071968,1.80633259470445,-0.1899390969778984
90.58294838518952,23.360048174143813,1.0918158385720271,1.6131006379245263,0.1802101407711019
90.63294838518952,23.360048174143813,0.6359856808768639,0.8649791644839813,0.16869836674317812
90.68294838518952,23.360048174143813,0.5527941619291443,0.6551424058663653,0.11733772751402223
90.73294838518952,23.360048174143813,0.19495679329886667,0.5068271870474801,0.14390304514535934
90.78294838518951,23.360048174143813,0.4938724698964091,1.3917455311671016,0.010022475907586897
90.83294838518952,23.360048174143813,0.650636602445859,1.7067574862820187,0.034031716999215915
90.88294838518952,23.360048174143813,-0.09182222499375603,1.3240377251857176,0.4686754793803156
90.93294838518952,23.360048174143813,-0.19479228713803803,1.0456792185290376,0.71389059772819
90.98294838518952,23.360048174143813,-0.606419479569055,0.8970310712048322,0.5949181006793424
91.03294838518951,23.360048174143813,-0.7339929369424758,0.7302818774556172,0.27531836849821517
91.08294838518952,23.360048174143813,-0.36478564730110746,0.7656124489580987,0.021226878316973678
91.13294838518952,23.360048174143813,-0.2739443217456015,1.0961888592277305,-0.2739729357173505
91.18294838518952,23.360048174143813,-0.5309513288789314,1.2151059441454128,-0.01489878281571812
91.23294838518952,23.360048174143813,-0.856554980537072,1.2353733363107713,-0.1455004380322364
91.28294838518951,23.360048174143813,-1.0045066767224826,1.2245467413625684,-0.7510942520916386
91.83294838518952,23.360048174143813,-2.6164885796656314,-0.18911309274758442,-1.5041614205012022
91.88294838518952,23.360048174143813,-2.5736542896531014,-0.4559889165567098,-2.0494574724039043
91.93294838518952,23.360048174143813,-2.760839292941091,-0.6896152155059636,-2.059882304809184
91.98294838518952,23.360048174143813,-3.11539483657869,-0.9465024812968541,-1.1027441692193165
92.03294838518951,23.360048174143813,-3.0615536073263967,-1.028068484150804,-1.4699786278479978
92.08294838518952,23.360048174143813,-3.363067677049476,-1.7938311259481934,-1.3814168632516939
92.13294838518952,23.360048174143813,-3.418246090988136,-1.8104109142325568,-1.7579533749152703
92.18294838518952,23.360048174143813,-3.515023794818613,-1.6504319743841214,-1.588531375619644
92.23294838518952,23.360048174143813,-3.4541334038952107,-1.5549057443894074,-1.9502773581603225
92.28294838518951,23.360048174143813,-3.5102180820271025,-1.5971774323401031,-1.6082413404478069
92.33294838518952,23.360048174143813,-3.26832918142597,-1.7007830120675003,-2.0038656776680663
88.73294838518952,23.310048174143816,1.3384551769397794,0.3699743624807726,-0.2076501463246151
88.78294838518953,23.310048174143816,0.8654310271317295,-0.16109215358461923,0.8388468294976871
88.83294838518952,23.310048174143816,0.576497751100011,-0.201908374249693,1.7138437036509588
88.88294838518952,23.310048174143816,1.0460949441904468,-0.008148215721024268,0.8370802211347167
88.93294838518952,23.310048174143816,1.4135211678827715,0.1913640416504072,0.2791334346207052
88.98294838518952,23.310048174143816,1.1801293580290804,0.11690528208418409,0.28320438306136186
89.03294838518953,23.310048174143816,0.7509975853830562,-0.03833809263997039,0.2052578986145662
89.08294838518952,23.310048174143816,0.3615829590421737,-0.2439611275816732,0.4828733768469779
89.13294838518952,23.310048174143816,0.38912543294591917,-0.016348870924430062,0.4397458736002282
89.18294838518952,23.310048174143816,0.3660657284189704,0.3443969192258154,0.3661359332509092
89.23294838518952,23.310048174143816,0.3595943830192108,0.10610725550351588,0.07659605965669915
89.28294838518953,23.310048174143816,0.3798360017787365,0.15591479335533703,0.05153886712652998
89.33294838518952,23.310048174143816,0.3346808237375385,0.14072703382214052,-0.1302830551382279
89.38294838518952,23.310048174143816,0.2000605414484823,0.38235656818358926,-0.03186062181336508
89.43294838518952,23.310048174143816,0.1998313490832076,0.7713834072263385,0.08017211659594219
89.48294838518952,23.310048174143816,0.369710716849452,0.9545639125493972,-0.048009793922852005
89.53294838518953,23.310048174143816,0.18122420093803276,1.1093183869826078,0.37878276562457924
89.58294838518952,23.310048174143816,0.5204528981958642,0.7997986011912165,-0.4835509251400309
89.63294838518952,23.310048174143816,0.4955707009195387,0.36559023907237764,-0.08913466423234863
89.68294838518952,23.310048174143816,0.6530714823972505,0.692328505313963,-0.41786392647047205
89.73294838518952,23.310048174143816,0.3128935757924349,1.0523272144947207,-0.6032236717014676
89.78294838518953,23.310048174143816,0.42480084348339675,1.4114878982596828,-0.9430232990304185
89.83294838518952,23.310048174143816,0.45323863927630276,1.376767983887681,-1.0406760034898888
89.88294838518952,23.310048174143816,-0.08164422081303802,1.107405005481796,-0.6505517234761857
89.93294838518952,23.310048174143816,-0.031367957965481266,1.0468865578391338,-0.6091733578847622
89.98294838518952,23.310048174143816,0.2579301173395673,1.3122165836612232,-0.4203832379329707
90.03294838518953,23.310048174143816,0.547974616045158,1.5574266637231347,-1.0764859461283007
90.08294838518952,23.310048174143816,0.2292886840416767,1.1381954866344042,-1.0857641426854303
90.13294838518952,23.310048174143816,0.7385061442861545,1.1223082520210115,-0.8291607419284756
90.18294838518952,23.310048174143816,1.045023757389569,1.4948824527855715,-1.2988114163221414
90.23294838518952,23.310048174143816,1.093831784008113,2.0206572612036173,-1.3244031730014623
90.28294838518951,23.310048174143816,1.0889263950864856,1.8813498632038423,-0.9695065989071374
90.33294838518952,23.310048174143816,1.7746951669744127,2.266338464545432,-1.2841458896641433
90.38294838518952,23.310048174143816,1.7386860477292618,2.2953002293354428,-0.5764692265766942
90.43294838518952,23.310048174143816,1.0351772510476536,1.1259498408008233,0.4675648361813763
90.48294838518952,23.310048174143816,0.8563777581260348,0.9056738185581399,0.38356492859470726
90.68294838518952,23.310048174143816,0.2444217331392582,0.7111840493163608,0.3686295888579538
90.73294838518952,23.310048174143816,0.38323034370855524,1.2942110182063098,0.20229384860934374
90.78294838518951,23.310048174143816,0.6037511342138314,1.603076224176807,-0.0511907478923865
90.83294838518952,23.310048174143816,0.5798218935391585,1.7142738534385602,0.04000795795413892
90.88294838518952,23.310048174143816,0.1706168232350268,1.491118396543686,0.16936752884022002
90.93294838518952,23.310048174143816,-0.37718694764221733,1.0857354359258826,0.4917995560693685
90.98294838518952,23.310048174143816,-0.49866905962845537,1.0056237594624167,0.42931405712864174
91.03294838518951,23.310048174143816,-0.3928845703403581,0.9723880833477709,0.4041024889471957
91.08294838518952,23.310048174143816,-0.1803418701112527,1.1130212254687655,0.32630561695901056
91.13294838518952,23.310048174143816,-0.3363161617405347,1.0872202909584519,-0.1522469484586031
91.18294838518952,23.310048174143816,-0.5374185584689806,1.1064772409607744,-0.28649907378133754
91.23294838518952,23.310048174143816,-1.080881580373191,0.9906962362140563,-0.15083444656927508
91.28294838518951,23.310048174143816,-1.0542129728150855,1.1779834196119723,-0.38660845766132906
91.83294838518952,23.310048174143816,-2.518485959362076,-0.17291717795950345,-1.6223319782228367
91.88294838518952,23.310048174143816,-2.3960826679525913,-0.474657043709803,-2.084840189055625
91.93294838518952,23.310048174143816,-2.419681302573248,-0.43469594022765395,-2.0618870849828252
91.98294838518952,23.310048174143816,-2.8566697581244918,-0.634433849474361,-1.1468186388504769
92.03294838518951,23.310048174143816,-2.4325251571523334,-0.37606856945429246,-1.5454960068406496
92.08294838518952,23.310048174143816,-3.0854964505579314,-0.7983256678955282,-1.3515170800173144
92.13294838518952,23.310048174143816,-3.2216059199033666,-1.1668617562817691,-1.6155044167173482
92.18294838518952,23.310048174143816,-3.2305435646191127,-1.2433980873568873,-1.6048108631842606
92.23294838518952,23.310048174143816,-3.7698423474999365,-1.863350128005004,-1.0733060385666515
92.28294838518951,23.310048174143816,-3.989739267385807,-2.6018569144960724,-1.020836765638713
92.33294838518952,23.310048174143816,-3.616845115961569,-2.2738188174726734,-1.245815022343601
92.38294838518952,23.310048174143816,-3.3941067694212945,-2.4818875842509063,-1.6654716177663098
88.73294838518952,23.26004817414381,1.0890018593430566,0.3061436526137309,0.22848882026151712
88.78294838518953,23.26004817414381,0.8474547025739066,-0.001117793374979954,0.8393604070446581
88.83294838518952,23.26004817414381,0.7503452362585536,0.0004619964871744979,0.653859896043767
88.88294838518952,23.26004817414381,0.9232576129495751,0.3177821760759001,0.4918620559897488
88.93294838518952,23.26004817414381,1.0534318408349543,0.16941563502306747,0.6972946715631362
88.98294838518952,23.26004817414381,1.0853966138393427,0.2855512342386457,0.8820796546385921
89.03294838518953,23.26004817414381,0.6868767487290346,0.227857220347152,0.6953560890278515
89.08294838518952,23.26004817414381,0.5637128353732921,0.10334080514321262,0.46127567903279104
89.13294838518952,23.26004817414381,0.6676351477223345,0.22252170232283786,0.04400795498940315
89.18294838518952,23.26004817414381,0.47176952745854983,-0.04991448056664101,0.5511422082311811
89.23294838518952,23.26004817414381,0.22046849401797813,-0.06566018656345701,0.6424160470197414
89.28294838518953,23.26004817414381,0.12637540797520064,0.021249735555412316,0.48841963222259127
89.33294838518952,23.26004817414381,0.29292413378732984,0.16016190052764423,0.2732398762984462
89.38294838518952,23.26004817414381,0.5087985723763355,0.6619808226999863,0.1614099353627442
89.43294838518952,23.26004817414381,0.31202547267870445,0.6321931625330945,0.13879842474534315
89.48294838518952,23.26004817414381,0.3831031508301147,0.9144387944362858,0.1851494153619242
89.53294838518953,23.26004817414381,0.2505072234439874,0.9503118357026448,0.300537660401525
89.58294838518952,23.26004817414381,0.5936077787722633,1.0025879626577099,-0.6897268719550153
89.63294838518952,23.26004817414381,0.7095179023894483,0.49604906282746014,-0.09357725699269429
89.68294838518952,23.26004817414381,0.707933389271907,0.48229172118163355,-0.3658231892295711
89.73294838518952,23.26004817414381,0.29140622675535305,0.6510809892475937,-0.6349103006547433
89.78294838518953,23.26004817414381,0.38202322182833787,1.0824626619369346,-0.9672968028160007
89.83294838518952,23.26004817414381,0.08108704208458911,1.318522773837612,-0.8004125094408853
89.88294838518952,23.26004817414381,-0.43405465788495745,1.1854052821906897,-0.09679666265331911
89.93294838518952,23.26004817414381,-0.35020635251377646,0.869724565353921,0.1476918934462497
89.98294838518952,23.26004817414381,0.29745632084865314,1.1815231442266085,0.00023417414785712777
90.03294838518953,23.26004817414381,0.4288494921175878,1.5890981174644874,-0.7270518714981182
90.08294838518952,23.26004817414381,0.10435535689183029,1.0533155267244407,-0.7303696291894943
90.13294838518952,23.26004817414381,0.530789772152424,1.0110620994370216,-0.8427668868331697
90.18294838518952,23.26004817414381,0.5976134945144183,1.3117195711034755,-0.7494312411602025
90.23294838518952,23.26004817414381,0.8938074565794587,1.6143512959026902,-1.0763376521104866
90.28294838518951,23.26004817414381,0.6544442700007032,1.8692658596128113,-1.3009950704603606
90.33294838518952,23.26004817414381,0.7797361389527107,1.9050511402997752,-0.9276854160231615
90.38294838518952,23.26004817414381,0.5508895161651873,1.9733798893075294,0.38377877161620594
90.43294838518952,23.26004817414381,0.3636676833531859,1.6719095147058858,1.0544750668974923
90.48294838518952,23.26004817414381,0.7356596843797041,1.4420552343750153,-0.07785062704142293
90.53294838518951,23.26004817414381,0.9848446537289248,1.536570236996668,-0.3083604531139045
90.58294838518952,23.26004817414381,0.9394796873657802,1.0914092697280082,0.29954896450981255
90.68294838518952,23.26004817414381,0.4028836273685344,0.6386601167048163,0.6106027605184395
90.73294838518952,23.26004817414381,0.04752740672063216,1.257158569674936,0.20120576758091505
90.78294838518951,23.26004817414381,-0.09842633636351172,1.0565077486049048,0.21749898459509553
90.83294838518952,23.26004817414381,0.12546836113780524,1.3322911318898656,0.3558534128516517
90.88294838518952,23.26004817414381,-0.09371959199312596,1.381468427568735,0.39658402164430945
90.93294838518952,23.26004817414381,-0.60916654651395,0.976914040604222,0.379983436002739
90.98294838518952,23.26004817414381,-0.7064597962056003,1.0548528369294292,0.4055983991324476
91.03294838518951,23.26004817414381,-0.8048538268075252,1.170454940196097,0.46648186395012287
91.08294838518952,23.26004817414381,-0.6454310459910615,1.2946949532309824,0.6323915704816171
91.13294838518952,23.26004817414381,-0.39110320167650797,1.3946262326488397,0.09627849099193639
91.18294838518952,23.26004817414381,-0.4412314380638806,1.0768418200810466,-0.01266145775117845
91.23294838518952,23.26004817414381,-0.9269450707651202,0.8542047833176589,0.08214417375485442
91.28294838518951,23.26004817414381,-0.7999744328388664,1.2285833695597042,-0.056612225423923135
91.43294838518952,23.26004817414381,-1.1145532863456504,1.15172781370081,-1.1213002715447908
91.78294838518951,23.26004817414381,-2.135619806140982,0.1704610524566612,-1.704687350832412
91.83294838518952,23.26004817414381,-2.2821833346583107,0.021714082442088,-1.670171047870818
91.88294838518952,23.26004817414381,-2.284935847887646,-0.259186407856261,-2.0391225762744893
91.93294838518952,23.26004817414381,-2.1976749750353126,-0.3092176263680112,-1.9974750316872563
91.98294838518952,23.26004817414381,-2.5459800829888852,-0.394422537358927,-1.6079145120098375
92.03294838518951,23.26004817414381,-2.1758400713538615,-0.4229963579454491,-1.7178846110061328
92.08294838518952,23.26004817414381,-2.5490154815797186,-0.3367430876639795,-1.6008987143265865
92.13294838518952,23.26004817414381,-3.1373682029197143,-0.7216648974586236,-1.2328045437466038
92.18294838518952,23.26004817414381,-3.071286856401051,-0.8503187840284322,-1.4373636820721818
92.23294838518952,23.26004817414381,-3.822117781121568,-1.6820147594530042,-0.893015288987735
92.28294838518951,23.26004817414381,-3.651014517124697,-2.3326245178778118,-1.4953281959226388
92.33294838518952,23.26004817414381,-3.9578150975219706,-2.3692738376767406,-1.1557687552301206
92.38294838518952,23.26004817414381,-3.896869914494686,-2.701030441139214,-1.6543268403185512
88.93294838518952,23.21004817414381,1.2385811843370793,0.9739311350151364,0.9151557039740232
88.98294838518952,23.21004817414381,1.0025832252381057,0.5290410493737845,0.8142898957105622
89.03294838518953,23.21004817414381,0.6725298893134761,0.28735536622079666,0.8693935980943862
89.08294838518952,23.21004817414381,0.5428195107833848,0.10444192105165503,0.7637819845148223
89.13294838518952,23.21004817414381,0.6686001852756216,0.18658426192096944,0.48559825677532886
89.18294838518952,23.21004817414381,0.7562717272250646,0.40318813429806144,0.13170066066606226
89.23294838518952,23.21004817414381,0.26271957652035227,0.052902061297296236,0.7153234552060705
89.28294838518953,23.21004817414381,0.2243091369263197,-0.09090526694316928,0.6593728585283865
89.33294838518952,23.21004817414381,0.15514673398734272,0.11463257340696931,0.5023872412578404
89.38294838518952,23.21004817414381,0.32533249449209284,0.48508556097246275,0.12151094817778256
89.43294838518952,23.21004817414381,0.3316313252252949,0.8065305088860991,0.012142009453229283
89.48294838518952,23.21004817414381,0.2463514662058074,0.7365939189887213,0.22240451489792143
89.53294838518953,23.21004817414381,0.16143235536237505,0.5923868144069626,0.1939414310172271
89.58294838518952,23.21004817414381,0.10039483885646995,0.5951602846676516,-0.11290227267032442
89.63294838518952,23.21004817414381,0.24195023568832247,0.535739249267366,-0.11040573016049637
89.68294838518952,23.21004817414381,0.2525089436351565,0.4322971153514882,0.4297703103609292
89.73294838518952,23.21004817414381,0.10651450874439983,0.6806147254495324,-0.20669857501211672
89.78294838518953,23.21004817414381,0.06534087049008297,1.064508411373276,-0.3357242717608304
89.83294838518952,23.21004817414381,-0.19364120597956902,1.2440881538881272,0.17020295425993576
89.88294838518952,23.21004817414381,-0.698811927562221,0.8112635571582755,1.017984376169506
89.93294838518952,23.21004817414381,-0.7149224482597242,0.612234182097599,1.6170307810463795
89.98294838518952,23.21004817414381,-0.39118188863099684,0.8506119399162527,0.7895140169806479
90.03294838518953,23.21004817414381,-0.009260854595863982,1.3296937720763933,-0.17285589150496236
90.08294838518952,23.21004817414381,0.22459704477129827,1.3462534112014992,-0.6035504973147554
90.13294838518952,23.21004817414381,0.3606835672960925,1.3256700921099034,-0.6698292755788209
90.18294838518952,23.21004817414381,0.7450963181672119,1.4104891021546222,-0.63212718340913
90.23294838518952,23.21004817414381,0.849093842584127,1.381172095917667,-0.6181173590855865
90.28294838518951,23.21004817414381,0.5600097236094616,1.8097430950695688,-1.1836199030605685
90.33294838518952,23.21004817414381,0.07353084346422567,1.4112295517395859,-0.21402897590503994
90.38294838518952,23.21004817414381,-0.2780344042017539,1.4626975797748165,1.0714895050081368
90.43294838518952,23.21004817414381,0.17093592390145462,1.6989395668022558,0.957278218311399
90.48294838518952,23.21004817414381,0.8267040859057573,1.9800501462688618,-0.4092069548442343
90.53294838518951,23.21004817414381,0.6567893735818621,1.7699261612523025,-0.8035582231021008
90.58294838518952,23.21004817414381,0.521334844917485,1.372937834982992,-0.22631396904650558
90.68294838518952,23.21004817414381,0.09576380489662978,0.4902082028946092,0.48479967614860103
90.73294838518952,23.21004817414381,-0.18986887562272892,0.6220921764610003,0.39075282912492565
90.78294838518951,23.21004817414381,-0.2058789263972989,0.9526925253835474,0.3713129721494031
90.83294838518952,23.21004817414381,-0.2440052521560543,0.8525324687112753,0.5757048420628564
90.88294838518952,23.21004817414381,-0.32087836315949353,0.5159477737753123,0.4574823597835355
90.93294838518952,23.21004817414381,-0.3789188677975387,1.1591539582557147,0.5040358399392246
90.98294838518952,23.21004817414381,-0.7013009392615945,1.1698673887522102,0.5719990186240452
91.03294838518951,23.21004817414381,-0.7774618367722518,1.1533698145915436,0.9579879014695508
91.08294838518952,23.21004817414381,-0.6730619417692141,1.4348342623974086,1.2729910392964114
91.13294838518952,23.21004817414381,-0.8572867029736659,1.5978922915860343,0.9809458457934659
91.18294838518952,23.21004817414381,-1.1300820832490088,1.0850356576422495,0.659654538727401
91.23294838518952,23.21004817414381,-1.0230414494271807,1.1299921828342998,0.5466185951405527
91.28294838518951,23.21004817414381,-0.8796410354013573,1.2868183832810764,0.13976038334899182
91.43294838518952,23.21004817414381,-1.2705688908757256,1.0623690579712182,-0.5981750314876252
91.48294838518952,23.21004817414381,-0.8411518915572411,1.597339373029708,-1.4171293218629257
91.83294838518952,23.21004817414381,-2.2716109050618836,0.0032104682885663594,-1.6459311609355565
91.88294838518952,23.21004817414381,-2.3176733956621485,-0.4716367868452246,-1.6469677334036612
91.93294838518952,23.21004817414381,-2.3669138111330197,-0.40420754186485064,-2.09955973100472
91.98294838518952,23.21004817414381,-2.571251732789394,-0.6575945010647537,-1.9063920574935311
92.03294838518951,23.21004817414381,-2.752320133921636,-0.7614513707079777,-1.563146206767472
92.08294838518952,23.21004817414381,-2.522086994499723,-0.487069335624696,-1.5042211589414693
92.13294838518952,23.21004817414381,-2.948590333703152,-0.6958822738257181,-0.8952081518791347
92.18294838518952,23.21004817414381,-2.869496026081257,-0.6067357132264498,-1.1079744002919536
92.23294838518952,23.21004817414381,-3.326479325879758,-1.212366406950402,-1.414042515200132
92.28294838518951,23.21004817414381,-3.363318443135176,-1.7467565255842934,-1.8422761469981233
92.33294838518952,23.21004817414381,-3.7165511184071294,-1.6569620946502028,-1.0996201055310009
88.93294838518952,23.16004817414381,0.9651515376254596,0.6340492051971133,1.1593999737457414
88.98294838518952,23.16004817414381,0.9824493831161394,0.5609951579455612,1.6555136822346812
89.03294838518953,23.16004817414381,0.9815946136671495,0.22051851719602067,0.969786761233921
89.08294838518952,23.16004817414381,0.9899589571438555,0.2657422760583641,0.6944172186512674
89.13294838518952,23.16004817414381,0.5597017366347172,-0.14941705247958956,0.89541190123382
89.18294838518952,23.16004817414381,0.742458431086743,0.7569243432710947,0.87991935910883
89.23294838518952,23.16004817414381,0.5060994598148865,0.9915715370890851,0.9100468384222375
89.28294838518953,23.16004817414381,0.32077354199309716,-0.16125169349500176,0.47461763553944236
89.33294838518952,23.16004817414381,0.030794800961862018,-0.11223883778313301,0.4298422721610991
89.38294838518952,23.16004817414381,0.024840882052645154,0.3181639809428106,0.5843724356343892
89.43294838518952,23.16004817414381,0.01769866793892093,0.8247965204200298,0.6327607471026149
89.48294838518952,23.16004817414381,-0.08584467818888744,0.9129944750121813,0.4604333785165876
89.53294838518953,23.16004817414381,-0.3599470904595653,0.4409927662980825,0.37329997662366327
89.58294838518952,23.16004817414381,-0.44767197799852576,0.5590939871642853,0.7503768871689743
89.63294838518952,23.16004817414381,-0.33123671775994107,0.2705008564369133,0.1045847583884634
89.68294838518952,23.16004817414381,0.1587750502691888,0.3444152884711499,0.14629114712938052
89.73294838518952,23.16004817414381,0.06155820161205696,0.24223437087432334,0.25805821177519467
89.78294838518953,23.16004817414381,-0.15765953806091643,0.7657173898291865,-0.09559897745266493
89.83294838518952,23.16004817414381,-0.4742168783527296,0.7489735148727121,0.835002071048791
89.88294838518952,23.16004817414381,-0.997594762653231,-0.16493738524449622,1.0866337343549215
89.93294838518952,23.16004817414381,-0.9968747306665484,0.3695135978740812,1.6947384683932791
89.98294838518952,23.16004817414381,-0.9199350189566465,0.9699320307398712,1.7191245408111657
90.03294838518953,23.16004817414381,-0.7483774440372849,1.3211392162169349,0.9977530450084956
90.08294838518952,23.16004817414381,-0.22336791493069064,1.3086363332301119,0.09658210446102727
90.13294838518952,23.16004817414381,-0.17546788737005578,1.0102303640172283,0.08862465256348649
90.18294838518952,23.16004817414381,0.24554931707987826,1.328805733201715,0.09750524364600605
90.23294838518952,23.16004817414381,0.6089328852620232,1.4804241091532808,-0.09942639559969177
90.28294838518951,23.16004817414381,0.27015120687599126,1.306833715672217,-0.6434780824890196
90.33294838518952,23.16004817414381,0.0651803152982931,1.4476542467363485,-0.7724886560507828
90.38294838518952,23.16004817414381,-0.450272492683554,1.7122026811561892,0.5196108729972477
90.43294838518952,23.16004817414381,-0.361639072552422,1.4160196245271364,0.6643172718327894
90.48294838518952,23.16004817414381,0.6360455189256221,1.9004485739610202,-0.5566551048340674
90.53294838518951,23.16004817414381,0.47944923479765694,1.661386186425806,-0.09961358765422036
90.68294838518952,23.16004817414381,-0.4218826487002436,-0.3619902287824009,0.14015208398262266
90.73294838518952,23.16004817414381,-0.12831405276037608,0.3911667888661077,0.608614582674635
90.78294838518951,23.16004817414381,-0.09597242310261678,0.9298537349927859,0.3592250724584597
90.83294838518952,23.16004817414381,-0.37988642625250757,0.21659889876691563,0.4086341389599406
90.88294838518952,23.16004817414381,-0.43362660752035564,0.7511955442326277,0.5844390085174024
90.93294838518952,23.16004817414381,-0.22483408780996772,1.3531741086732323,0.6256660845996098
90.98294838518952,23.16004817414381,-0.567522578537544,1.3377215837472631,0.7476046080331107
91.03294838518951,23.16004817414381,-0.4809317867311401,1.314233459848243,0.851509020194532
91.08294838518952,23.16004817414381,-0.8513302150980262,1.4809682932472843,1.087950804432351
91.13294838518952,23.16004817414381,-0.9976919135778881,1.4441264056309981,1.0292926118228287
91.18294838518952,23.16004817414381,-1.0437517215303254,1.115805556679582,0.6019068941867909
91.23294838518952,23.16004817414381,-0.7965961551292797,1.2283602033336705,0.458400220159873
91.28294838518951,23.16004817414381,-0.8305874617553715,1.3975990962736102,0.14382909162035695
91.33294838518952,23.16004817414381,-1.032105665420185,1.350514402377648,-0.6327951996934077
91.43294838518952,23.16004817414381,-0.9431891633977294,1.364528512984441,-0.3757013248391459
91.48294838518952,23.16004817414381,-0.5759181505177786,1.9349830055397441,-1.3629433827455133
91.83294838518952,23.16004817414381,-2.1172476280166985,0.19177505103380743,-1.9287649547197914
91.88294838518952,23.16004817414381,-2.129756798872583,-0.1333081704453397,-1.9180920619867081
91.93294838518952,23.16004817414381,-2.494838328038099,-0.37110395441723293,-1.5036991802638076
91.98294838518952,23.16004817414381,-2.4270995892084604,-0.353946593592135,-2.204667028783964
92.03294838518951,23.16004817414381,-2.7401840878266928,-0.7938000552182278,-1.6856784995499785
92.08294838518952,23.16004817414381,-2.7267066393134374,-0.8400289989601204,-1.6214647717468516
92.13294838518952,23.16004817414381,-2.7920226037589697,-0.6713156042353984,-1.3601221684160612
92.18294838518952,23.16004817414381,-3.0394313867913416,-0.7381945078552823,-0.9273482890902981
92.23294838518952,23.16004817414381,-3.1744253302270757,-0.9578333241988868,-1.1395486462812516
92.28294838518951,23.16004817414381,-3.537564277730469,-1.257177488962451,-1.3076449284110245
92.33294838518952,23.16004817414381,-3.787802472716046,-1.4448139685655237,-1.001835178593331
88.93294838518952,23.110048174143813,0.6304278777009293,0.16347322699775124,1.765444262472466
88.98294838518952,23.110048174143813,0.7709527336259637,0.09748372746098499,1.1413825497582968
89.03294838518953,23.110048174143813,0.9996231904238716,0.4996264308759606,0.9684600506914337
89.08294838518952,23.110048174143813,0.7975559210393602,0.50584296326292,0.5048133171865336
89.13294838518952,23.110048174143813,0.48371652706877455,0.19506542454068965,0.5396014630478184
89.18294838518952,23.110048174143813,0.47974117595486504,0.14852387610255657,1.113016597141998
89.23294838518952,23.110048174143813,0.2936702450672921,0.36513964847912317,1.3412018056286477
89.28294838518953,23.110048174143813,0.02975005469758603,0.3233602070195352,1.3421097660677188
89.33294838518952,23.110048174143813,-0.22457598327994677,0.28351573588749845,1.3810967099462694
89.38294838518952,23.110048174143813,-0.14679532792030686,0.02361221825154705,0.9118694181729465
89.43294838518952,23.110048174143813,-0.07030337585865964,0.7092659914944544,1.2754739086625078
89.48294838518952,23.110048174143813,-0.28292782175479275,0.7630163530490824,1.1016986365829202
89.53294838518953,23.110048174143813,-0.44653652259178667,0.629072425042186,1.0870886494702887
89.58294838518952,23.110048174143813,-1.002191302812618,1.1606095414820654,2.880669979093455
89.63294838518952,23.110048174143813,-0.46671994622881763,0.3755992388845039,0.8233110354238813
89.68294838518952,23.110048174143813,0.03715180992549755,0.24672630266215387,0.3990788431295125
89.73294838518952,23.110048174143813,-0.020685922664687176,0.5632412853439926,-0.25333488471894877
89.78294838518953,23.110048174143813,-0.31341777922325614,1.2153523513301099,0.22159169873140777
89.83294838518952,23.110048174143813,-0.6313689803646368,0.3239230952484717,0.9756513877861533
89.88294838518952,23.110048174143813,-0.8967789919737577,0.4088820709291652,1.1194924189017428
89.93294838518952,23.110048174143813,-0.9327776352190833,0.8739911756723483,1.8964404407953672
89.98294838518952,23.110048174143813,-0.8737294340381737,0.8803611092669027,2.179465899993553
90.03294838518953,23.110048174143813,-1.0896773847444812,0.02386741979615878,1.697478169282842
90.08294838518952,23.110048174143813,-0.7963318827233339,0.9388447422532638,1.8077411540144326
90.13294838518952,23.110048174143813,-0.4009702418553368,0.9057982817975944,0.8603753934126319
90.18294838518952,23.110048174143813,-0.06836534587389564,0.9667340356491099,0.21094340483397775
90.23294838518952,23.110048174143813,0.23872182136673595,1.1130997264902323,-0.297983878341305
90.28294838518951,23.110048174143813,0.47330867324037545,1.3123647238045943,-0.2395778092261836
90.33294838518952,23.110048174143813,0.2287737506096865,1.3670752871266392,-0.19255539369475536
90.38294838518952,23.110048174143813,-0.11512412409525957,1.5345354512880998,-0.019331185740120816
90.43294838518952,23.110048174143813,-0.12449942452010021,1.3855381462117102,0.006976087184843622
90.48294838518952,23.110048174143813,0.4648964951513644,1.5757162386726598,0.019495827448073776
90.53294838518951,23.110048174143813,0.24420432697195515,1.057256753857011,0.4600906807880225
90.68294838518952,23.110048174143813,-0.27692877722549936,-0.126105053447744,0.21900399355855527
90.73294838518952,23.110048174143813,-0.35898179465783764,0.043397299023098496,0.16153589819803296
90.78294838518951,23.110048174143813,-0.5061458267343135,0.4470299269123934,0.053187745343569764
90.83294838518952,23.110048174143813,-0.18902101029244373,0.1690602346489392,-0.01985609855727238
90.88294838518952,23.110048174143813,0.15570062058250242,0.7413419689096166,0.3619903666201647
90.93294838518952,23.110048174143813,-0.39085173135913714,0.949082366223075,0.4684258969445128
90.98294838518952,23.110048174143813,-0.5318222926273668,0.9111217142253087,0.43678034913194314
91.03294838518951,23.110048174143813,-0.866188027963805,0.881920519637422,0.7763164256927311
91.08294838518952,23.110048174143813,-0.895650622372737,1.2664450512293164,1.1058208541812207
91.13294838518952,23.110048174143813,-0.7603254602657453,1.3276547000939498,1.0816985966129882
91.18294838518952,23.110048174143813,-0.6325667562786623,1.2313855353367607,0.4466957130533497
91.23294838518952,23.110048174143813,-1.144038301682606,1.0356769017153469,0.30510715372035235
91.28294838518951,23.110048174143813,-1.479347749839742,1.1037212222598405,0.24188872744307102
91.33294838518952,23.110048174143813,-1.4613927121987482,1.078120551701554,-0.7163242353713679
91.43294838518952,23.110048174143813,-1.0157501092499421,1.1389438469822317,-0.5300835918482093
91.48294838518952,23.110048174143813,-0.46699094002775465,1.6609231114143537,-1.1161650189440822
91.83294838518952,23.110048174143813,-1.916805986625269,0.08654575869850034,-1.6925458334335515
91.88294838518952,23.110048174143813,-1.9648631734649304,0.1703613079516132,-1.8506857286922536
91.93294838518952,23.110048174143813,-2.284403048925835,0.04629286208911226,-1.2784557821691545
91.98294838518952,23.110048174143813,-1.9447679508146152,0.2871987577788086,-1.4559887279968915
92.03294838518951,23.110048174143813,-2.863360515592533,-0.6847813390931705,-1.5842041388910928
92.08294838518952,23.110048174143813,-3.256984863054628,-0.8771661251215978,-1.2868416013424093
92.13294838518952,23.110048174143813,-2.9500613597330028,-0.7535181394475796,-1.373372952767128
92.18294838518952,23.110048174143813,-3.1517912970408624,-0.8861832460617849,-0.8494090307648804
92.23294838518952,23.110048174143813,-3.2074393883497967,-0.6745809742387988,-0.5536812410260842
92.28294838518951,23.110048174143813,-3.1737211227152238,-0.8711132504094176,-1.0070066053218236
92.33294838518952,23.110048174143813,-3.765408025383325,-1.341492374227257,-0.5555180265733292
88.88294838518952,23.060048174143816,0.8226670581442176,0.4675111484266458,1.593140236387149
88.93294838518952,23.060048174143816,0.782365274488817,0.35846516413009005,1.6199475667160976
88.98294838518952,23.060048174143816,0.7912720745975282,0.2789055983233424,0.8046716598239211
89.03294838518953,23.060048174143816,0.7240016744833637,0.37288228480989233,0.5884545925898197
89.08294838518952,23.060048174143816,0.7537139902756635,0.6270684110037569,0.5258376212218082
89.13294838518952,23.060048174143816,0.4231172517615872,0.025503377435961913,0.8908996027703492
89.18294838518952,23.060048174143816,0.21959763088082676,-0.23798893202220517,0.8152689313548405
89.23294838518952,23.060048174143816,-0.08442918853544938,-0.04120671974345741,1.0999362103068282
89.28294838518953,23.060048174143816,-0.1775656147624588,0.42252383786931624,2.271171201960971
89.33294838518952,23.060048174143816,-0.24550192876228916,0.8194693394949153,2.941108975286514
89.38294838518952,23.060048174143816,-0.038794966478523665,0.5187188977969084,1.0501439207067393
89.43294838518952,23.060048174143816,-0.09506094243389869,0.3368073869552541,1.1603215189518112
89.48294838518952,23.060048174143816,-0.34168726435805985,0.9858126279004598,2.3394770358203703
89.53294838518953,23.060048174143816,-0.22866392281969097,1.0782027792303281,1.896087101501695
89.58294838518952,23.060048174143816,-0.3527866603188084,1.0001327837809688,2.3608807258847797
89.63294838518952,23.060048174143816,-0.37624218785654145,0.46250318065564244,1.3683305159358201
89.68294838518952,23.060048174143816,-0.41457566521323674,0.5011439470300285,0.15902776848717087
89.73294838518952,23.060048174143816,-0.15632096783370053,1.2220095131657027,-0.4249067737525399
89.78294838518953,23.060048174143816,-0.09339442986255708,1.0707766428167946,0.1566477722071944
89.83294838518952,23.060048174143816,-0.8386595135873022,0.6214228280569633,1.405155211596815
89.88294838518952,23.060048174143816,-0.9133327164760293,0.742439041985558,1.2528285488599562
89.93294838518952,23.060048174143816,-1.2726410497063594,1.4310724721300414,2.65109985088086
89.98294838518952,23.060048174143816,-1.4978525072748765,1.2840401380481334,3.275771879564052
90.03294838518953,23.060048174143816,-1.2308930982273367,0.30067453342868594,1.6149032362486089
90.08294838518952,23.060048174143816,-1.112422730662047,0.22314561398412028,1.9646908709829782
90.13294838518952,23.060048174143816,-1.0562967195275657,0.31267419551571357,1.5808696906156894
90.18294838518952,23.060048174143816,-0.36636641150792637,0.9297541504489155,0.8262490118363925
90.23294838518952,23.060048174143816,0.1262628866024361,1.2206889566932622,-0.0012650391143402967
90.28294838518951,23.060048174143816,0.21046561224701274,1.1926998224234333,0.26766255516191007
90.33294838518952,23.060048174143816,-0.08233273995351487,0.996891698253121,0.030717975104011974
90.38294838518952,23.060048174143816,0.14360126911396526,1.1118518358943137,-0.41412083679531836
90.43294838518952,23.060048174143816,0.26326710733292513,1.2510604932473475,0.2109716288541346
90.48294838518952,23.060048174143816,0.6884310012539361,1.4909188957044743,0.5580931323352679
90.68294838518952,23.060048174143816,-0.23460284985197638,0.427430740749428,0.1253976730348876
90.73294838518952,23.060048174143816,-0.25467291009919735,-0.12223389076193145,-0.30975930257527845
90.78294838518951,23.060048174143816,-0.2798108341019347,-0.42822869561329235,-0.5745744677895331
90.83294838518952,23.060048174143816,-0.3231026075195147,-0.16592675583063926,-0.2588723932045658
90.88294838518952,23.060048174143816,-0.4589203813619329,-0.3358961924873806,0.09253449590857343
90.93294838518952,23.060048174143816,-0.6246101014507108,-0.23505347366306312,0.21149219973367167
90.98294838518952,23.060048174143816,-0.5599261996840155,-0.11992751372465138,-0.16640123057658862
91.03294838518951,23.060048174143816,-1.0343404205938393,-0.1714595382384084,0.18487978909834055
91.08294838518952,23.060048174143816,-0.7516445667618037,0.4775156712637232,0.83392241595363
91.13294838518952,23.060048174143816,-0.7531132075071573,0.9753551786886043,0.7641610549826243
91.18294838518952,23.060048174143816,-0.8668822046217146,1.2481534650311326,0.6720131147986308
91.23294838518952,23.060048174143816,-1.2568044484797187,0.9524349553907705,0.30210236126914924
91.28294838518951,23.060048174143816,-1.4026510822842067,1.0610238595157813,0.27072677432269426
91.33294838518952,23.060048174143816,-1.130214448205206,1.0658316857829333,-0.12472640750925083
91.38294838518952,23.060048174143816,-1.0334159353863404,1.1810196183731967,-0.795820856983985
91.43294838518952,23.060048174143816,-1.0274147052869178,1.1691130683650748,-0.5503609576832782
91.48294838518952,23.060048174143816,-0.7428329109388204,1.305080976324087,-0.7347281238358828
91.53294838518951,23.060048174143816,-0.6870274754702055,1.8716331258741548,-1.6046243719131195
91.78294838518951,23.060048174143816,-2.517847409634376,-0.17494197234007924,-1.6147512718568524
91.83294838518952,23.060048174143816,-2.235740581182354,-0.06631085594097957,-1.7123326785486126
91.88294838518952,23.060048174143816,-1.812718667848801,0.31106918066188394,-1.7754204504764617
91.93294838518952,23.060048174143816,-2.189120169289952,0.24884395172607532,-1.2626285975546414
91.98294838518952,23.060048174143816,-2.3469620663306485,0.13266963296631606,-1.2487333804385012
92.03294838518951,23.060048174143816,-2.5901806672470777,-0.1861289315464678,-1.6147138536432035
92.08294838518952,23.060048174143816,-2.9596440917606244,-0.4166633962901638,-0.8912791481572153
92.13294838518952,23.060048174143816,-2.8384770980200758,-0.3125819719795859,-0.9962564678340153
92.18294838518952,23.060048174143816,-3.0042572543711064,-0.09904406715142866,-0.3246850355005484
92.23294838518952,23.060048174143816,-3.0170618912875713,0.29085996908919676,0.7260921273714049
92.28294838518951,23.060048174143816,-3.238925228305066,-0.6782547223087025,-0.5384469113997062
92.33294838518952,23.060048174143816,-3.581005170820115,-1.1491099983024637,-0.8540242346851009
92.38294838518952,23.060048174143816,-2.9906696397456844,-1.201377705931507,-2.0036858481245585
88.88294838518952,23.01004817414381,0.658274870024987,0.5419107549396305,1.4627170504567089
88.93294838518952,23.01004817414381,0.5798029442664021,0.3878546054719192,1.5886206446961253
88.98294838518952,23.01004817414381,0.815859420413009,0.4327658194871638,0.6396446107931654
89.03294838518953,23.01004817414381,0.6399349644787835,0.4099361859511059,0.7124387062847002
89.08294838518952,23.01004817414381,0.5434724253567325,0.4530847228582726,1.2115465010427313
89.13294838518952,23.01004817414381,0.5869996447380816,0.2073129953557498,1.3762624123250304
89.18294838518952,23.01004817414381,0.21473601438460305,-0.09273219369304402,0.9019119732103759
89.23294838518952,23.01004817414381,-0.04568662179051394,0.07588275913997176,0.8156622421172975
89.28294838518953,23.01004817414381,-0.5888783054502258,0.46793919592474237,2.910783439515457
89.33294838518952,23.01004817414381,-1.21186777880567,0.6632322079661898,3.832070261332431
89.38294838518952,23.01004817414381,-0.25398861010813284,0.30775694890767846,2.143634457596771
89.43294838518952,23.01004817414381,0.07691419175184996,0.2674845359809651,0.6935192308577307
89.48294838518952,23.01004817414381,-0.31332654034801155,0.6465574394345223,1.8872667926903317
89.53294838518953,23.01004817414381,-0.6403332778996419,0.8457279567218741,2.3567311411351914
89.58294838518952,23.01004817414381,-0.48193381252014356,0.8248374492393032,2.1995221574448864
89.63294838518952,23.01004817414381,-0.6355047452937628,0.9484509664792424,1.7740935366722541
89.68294838518952,23.01004817414381,-0.619497744838842,0.9322140616797229,0.2420946234892153
89.73294838518952,23.01004817414381,-0.3000505883151121,0.9460830019684918,0.12770052233710436
89.78294838518953,23.01004817414381,0.07652233370574309,1.0601131227247067,0.21054306966405364
89.83294838518952,23.01004817414381,-0.4960939599659657,1.0803195198084825,0.8635356185473326
89.88294838518952,23.01004817414381,-1.431906474460894,0.5051542779273056,1.4704231173755604
89.93294838518952,23.01004817414381,-1.6667751709515148,0.5044868801214348,1.957845898677824
89.98294838518952,23.01004817414381,-1.3951231621865579,0.34778037325901034,1.7916729987132394
90.03294838518953,23.01004817414381,-1.2025099617533768,0.4764461970032653,1.8086117433830213
90.08294838518952,23.01004817414381,-1.2718806591739096,0.1849342253131609,1.5662273474945883
90.13294838518952,23.01004817414381,-1.049308169006817,-0.11770684452331079,1.2868890525023768
90.18294838518952,23.01004817414381,-0.2532514204239181,0.7726033131568061,1.1643732511099634
90.23294838518952,23.01004817414381,0.2346736810205108,1.2019210110421268,-0.42242848933898736
90.28294838518951,23.01004817414381,0.30810156954945156,1.078771834267926,-0.7201548638745638
90.33294838518952,23.01004817414381,0.06748457298382071,0.5849950372220559,0.07121129924474702
90.38294838518952,23.01004817414381,0.11120551651639804,0.6792189238615984,-0.019211449847276154
90.43294838518952,23.01004817414381,0.13644530157962126,0.9051347156357651,-0.06386138411308741
90.48294838518952,23.01004817414381,0.2973608539878556,1.249975422281386,0.47800547944212457
90.53294838518951,23.01004817414381,-0.013906939178506827,1.149013948974099,0.30193952215771425
90.68294838518952,23.01004817414381,-0.593671758906241,0.45817868695164543,0.29137411785656997
90.73294838518952,23.01004817414381,-0.5071268535417536,-0.09360204479521606,-0.2825773080990859
90.78294838518951,23.01004817414381,-0.15486925376555652,-0.5579509548648856,-0.4802152561858463
90.83294838518952,23.01004817414381,-0.37981518974848244,-0.48499868144484737,-0.21572557743266305
90.88294838518952,23.01004817414381,-0.5982527138021427,-0.35065354273516625,-0.07547515658382065
90.93294838518952,23.01004817414381,-0.6350840881422377,-0.19348835952019675,-0.15721287510112208
90.98294838518952,23.01004817414381,-0.6490377691064795,-0.2327909221416916,-0.20462528223804494
91.03294838518951,23.01004817414381,-0.5880947223194131,-0.03397814048768166,0.024518801176391374
91.08294838518952,23.01004817414381,-0.8755532546097897,-0.015972010381808593,0.46217066880431484
91.13294838518952,23.01004817414381,-1.1532459376964384,0.19291522835712385,0.6574158686522783
91.18294838518952,23.01004817414381,-1.0943222087005164,0.8790971936259206,0.6440885001572471
91.23294838518952,23.01004817414381,-1.155478480649831,0.9496541054707867,0.16758842125753562
91.28294838518951,23.01004817414381,-1.3543551909616856,0.8134885527838935,0.10950517845646647
91.33294838518952,23.01004817414381,-1.0313909014318796,0.9857661447796748,-0.05907030447987865
91.38294838518952,23.01004817414381,-0.8941285553493357,1.8849133361412345,-0.22464413679631307
91.43294838518952,23.01004817414381,-1.0941985229434301,1.2544428768806255,-0.5254283598030752
91.48294838518952,23.01004817414381,-0.9864978828281494,1.0064640420244673,-0.4688699098955188
91.53294838518951,23.01004817414381,-0.8092774598796428,1.5668461746417601,-1.2966954160234994
91.78294838518951,23.01004817414381,-2.175863389869501,-0.14327621529301726,-1.6731430236372264
91.83294838518952,23.01004817414381,-2.207398126925291,-0.2187918160461925,-1.8507747672182149
91.88294838518952,23.01004817414381,-1.913877924101422,0.417053843796023,-1.946965935846924
91.93294838518952,23.01004817414381,-2.412594199830641,0.28009261267054847,-1.4120465919425809
91.98294838518952,23.01004817414381,-2.5381900873872287,0.12464482892670892,-1.1685221398261483
92.03294838518951,23.01004817414381,-2.202913377210855,0.14489560046404504,-1.4842087507402941
92.08294838518952,23.01004817414381,-2.691875034231147,-0.44649510899703715,-0.748591270517059
92.13294838518952,23.01004817414381,-2.656317822956996,-0.1963529324027658,-0.46466296579473093
92.18294838518952,23.01004817414381,-3.1160084305045714,0.10741138209485723,0.9240254179801184
92.28294838518951,23.01004817414381,-3.3331242159001375,-0.509987448603325,-0.6824827088922171
92.33294838518952,23.01004817414381,-3.8390899539073837,-1.0704417822008119,-0.7710961397403409
92.38294838518952,23.01004817414381,-3.020272760528442,-0.9663330927695593,-1.6824956855535027
88.88294838518952,22.96004817414381,0.4593803225622593,0.4454938287153486,1.412267915753551
88.93294838518952,22.96004817414381,0.6481142592944678,0.6068064004150551,1.6179827621530212
88.98294838518952,22.96004817414381,0.7643987095437876,0.47173977248661203,1.0908465355595311
89.03294838518953,22.96004817414381,0.7708388672600419,0.7759575978003,1.540930046446291
89.08294838518952,22.96004817414381,0.7615490271894032,0.7526186437373255,1.477218587963538
89.13294838518952,22.96004817414381,0.27528231444536505,0.25548875916172975,1.8501109721778584
89.18294838518952,22.96004817414381,0.09240605063284318,0.18159240005658855,1.6503706177784088
89.23294838518952,22.96004817414381,-0.4033122138952939,0.283893398132323,1.868787146100352
89.28294838518953,22.96004817414381,-0.6701355594509805,0.3060298881474438,3.387784968636224
89.33294838518952,22.96004817414381,-0.7127529707569285,-0.023350642054413284,3.292477125901902
89.38294838518952,22.96004817414381,-0.5808148017775795,0.06485610606696113,3.0094700484613868
89.43294838518952,22.96004817414381,-0.526459623290763,0.2763674045334478,2.789086343328854
89.48294838518952,22.96004817414381,-0.5306390393296054,0.41351023009766735,1.5753809184360437
89.53294838518953,22.96004817414381,-1.091971230168235,0.7278109148363421,2.7450506235491288
89.58294838518952,22.96004817414381,-0.8917061810211586,0.920917628476505,2.264388963904922
89.63294838518952,22.96004817414381,-0.8636276547787451,1.013209648497534,1.6916400745625833
89.68294838518952,22.96004817414381,-0.5635747980321479,0.489679643974699,0.7394643356146002
89.73294838518952,22.96004817414381,-0.33614582475194216,0.5013254166765182,0.4432295721581439
89.78294838518953,22.96004817414381,-0.11484955768038976,0.8276045510250297,0.7846032506857428
89.83294838518952,22.96004817414381,-0.7695864786884588,0.6706866536757281,0.6052048158971499
89.88294838518952,22.96004817414381,-1.6756380188722597,0.2129256441932548,0.9211026971003561
89.93294838518952,22.96004817414381,-1.7104351036456311,0.1376620151383881,1.6987986058946771
89.98294838518952,22.96004817414381,-1.7121843569520405,-0.11948155340431099,1.7365061585302626
90.03294838518953,22.96004817414381,-1.7196860710643087,0.5100002775536745,2.0415176671472253
90.08294838518952,22.96004817414381,-1.5907804157005645,-0.1877884655963487,1.443321904135531
90.13294838518952,22.96004817414381,-1.0505018119762317,-0.019593344332073534,1.2538868088260102
90.18294838518952,22.96004817414381,-0.4909384170438928,0.36364674117651896,0.6852970067295892
90.23294838518952,22.96004817414381,-0.18958308204747437,0.8471587928116256,0.3897611774975356
90.28294838518951,22.96004817414381,-0.19358454472560077,0.8819095082357961,0.004604921652664743
90.33294838518952,22.96004817414381,0.07752744405922118,0.7634896586472355,-0.14980221828505288
90.38294838518952,22.96004817414381,0.2344133419621151,0.7488432722025504,0.06659021124271526
90.43294838518952,22.96004817414381,-0.05520865254035223,0.9150312018758406,-0.3122582369620727
90.48294838518952,22.96004817414381,-0.20748466821647338,1.0871434426967037,0.38615084934137567
90.53294838518951,22.96004817414381,-0.023776464773561767,1.180168318101356,0.42853783044824073
90.68294838518952,22.96004817414381,-0.3625026300052453,0.6958291949242064,-0.3930202965869047
90.73294838518952,22.96004817414381,-0.6580828181705032,0.2871436247817545,-0.19237926801455102
90.78294838518951,22.96004817414381,-0.5840019530050208,-0.21318429870984662,-0.4054969489439976
90.83294838518952,22.96004817414381,-0.2524965377341702,0.26611906530209156,-0.02416902523610209
90.88294838518952,22.96004817414381,-0.5078722494322341,0.268815190938302,-0.0017407364072432475
90.93294838518952,22.96004817414381,-0.389117932637694,0.7294861749243602,-0.05138607026369907
90.98294838518952,22.96004817414381,-0.45238332706071616,0.03271480680983388,-0.278906743053765
91.03294838518951,22.96004817414381,-0.5118069034257865,-0.005582979534141608,-0.0028561829092046305
91.08294838518952,22.96004817414381,-0.7667514556121421,0.2534425183216242,0.31737347950649464
91.13294838518952,22.96004817414381,-1.043156342874766,0.6060881851171764,0.2606205194016933
91.18294838518952,22.96004817414381,-1.0287288922387314,0.7295397239650279,0.38976714417858527
91.23294838518952,22.96004817414381,-1.2550900622200771,0.9820543225447167,0.144667213167133
91.28294838518951,22.96004817414381,-1.2220607001304595,0.9636554964003462,-0.06527851401597963
91.33294838518952,22.96004817414381,-1.116866478017421,1.0333214979122902,-0.3330508442271621
91.38294838518952,22.96004817414381,-0.7088108534927581,1.1462289995049746,-0.5833352769916088
91.43294838518952,22.96004817414381,-0.9000583983213505,1.2512137358936228,-0.5407885053552078
91.48294838518952,22.96004817414381,-1.0047265198663584,1.1793109240661659,-0.6065832282502376
91.53294838518951,22.96004817414381,-0.7619325749034089,1.5470709705768872,-0.6063818064625995
91.58294838518952,22.96004817414381,-0.9933070312082034,1.3839414831262769,-0.9917902988135299
91.63294838518952,22.96004817414381,-1.242255003358934,1.0264027230623298,-1.117109061026182
91.68294838518952,22.96004817414381,-1.2435946412881722,0.6455229732537755,-1.2306122406488538
91.73294838518952,22.96004817414381,-1.3640782855382778,0.43127087976822215,-1.4952235212658556
91.78294838518951,22.96004817414381,-1.6493402606816412,0.19194141159514017,-2.0650173779340646
91.83294838518952,22.96004817414381,-1.6492998207302076,0.581253249914307,-2.125916121466347
91.88294838518952,22.96004817414381,-1.4900621799011968,0.7141277516893773,-2.0205590958268718
91.93294838518952,22.96004817414381,-2.0651572407200085,0.5105927739825101,-1.5682740024580073
91.98294838518952,22.96004817414381,-2.908641515667011,-0.2363307798515307,-0.634613394617403
92.03294838518951,22.96004817414381,-2.8678806003121053,-0.37540932432384533,-0.6087298135397938
92.08294838518952,22.96004817414381,-3.123128293344545,-0.5993646738631266,-0.8183415215195209
92.13294838518952,22.96004817414381,-3.295627625318538,-0.606774833720671,-0.04565553917070791
92.18294838518952,22.96004817414381,-3.4754985445764173,0.052327207401720255,1.4499597828207176
92.28294838518951,22.96004817414381,-3.290037576007322,-0.468470050603374,-0.787562256567264
92.33294838518952,22.96004817414381,-4.191573138926281,-1.5519599213303112,-0.12440967255210775
92.38294838518952,22.96004817414381,-3.847309767063437,-1.0172720826158796,-0.9904964035342685
88.93294838518952,22.91004817414381,0.7271472737247597,0.7932625677733524,1.4054277734130118
88.98294838518952,22.91004817414381,0.5500996269925517,0.5246876214263343,1.084754276684771
89.03294838518953,22.91004817414381,0.5143880159322327,0.6791847282196717,1.2974813107723704
89.08294838518952,22.91004817414381,0.22756897261890047,0.5428291119057492,1.1623144930525364
89.13294838518952,22.91004817414381,0.20289065834032982,0.47566287833179643,1.1259379396594102
89.18294838518952,22.91004817414381,-0.017509788167754774,0.35702005539777704,1.451681477581788
89.23294838518952,22.91004817414381,-0.28926717942060026,0.8069676875775331,2.371412548335131
89.28294838518953,22.91004817414381,-0.6074263814355108,0.5649601090322572,3.1623746704205282
89.33294838518952,22.91004817414381,-0.7178720270478096,0.14280046130159585,3.3587396452054854
89.38294838518952,22.91004817414381,-0.8014929588057216,0.1901147553373309,2.797062775116993
89.43294838518952,22.91004817414381,-1.1215151302985775,0.15335334281658108,3.5284982079434917
89.48294838518952,22.91004817414381,-0.5083850053284384,0.6950581276457133,2.3903862787300922
89.53294838518953,22.91004817414381,-0.4421759206259931,0.9279915620003824,2.1085725887699915
89.58294838518952,22.91004817414381,-1.0856583253767647,0.7289350638256308,2.2345144610647742
89.63294838518952,22.91004817414381,-1.1312805097129486,0.5133337207258564,1.5206905023878579
89.68294838518952,22.91004817414381,-0.9537527660035963,0.4656091721537117,1.3106870972832743
89.73294838518952,22.91004817414381,-1.1546488931424235,0.37836417084613305,1.2822402846306127
89.78294838518953,22.91004817414381,-1.0461024889905373,0.36373047906781303,1.576943443259676
89.83294838518952,22.91004817414381,-1.1222798895175883,0.6649360888590191,0.5491519259789566
89.88294838518952,22.91004817414381,-1.1944368557894343,0.4882472306898186,0.6716779852385601
89.93294838518952,22.91004817414381,-1.6770795757880081,0.11615603293233778,1.9767653680324617
89.98294838518952,22.91004817414381,-1.6353870922446472,0.38316990800099315,2.066360697734609
90.03294838518953,22.91004817414381,-1.8269815974290071,0.5063442206153554,2.2908875324957827
90.08294838518952,22.91004817414381,-1.55396791966571,0.07483798466766808,1.8065859799960025
90.13294838518952,22.91004817414381,-1.3313490641033077,0.3706853639748967,1.774692158073123
90.18294838518952,22.91004817414381,-0.7615899713336156,0.8531043236598363,1.1993600202133543
90.23294838518952,22.91004817414381,-0.5986226033410509,0.8187472325559648,0.754290418590478
90.28294838518951,22.91004817414381,-0.5609356407128665,0.8076905733054387,0.2176854439784155
90.33294838518952,22.91004817414381,-0.22906435787241025,0.8001564899076554,-0.4683922902555304
90.38294838518952,22.91004817414381,-0.14324200958082045,0.5668104617549516,0.07936661948258827
90.43294838518952,22.91004817414381,-0.46352640245921034,0.7689921824428385,-0.18402175245936617
90.48294838518952,22.91004817414381,-0.5544623856850395,0.7324222613201468,0.3493027648694033
90.53294838518951,22.91004817414381,-0.4629802147717945,0.6961576244457881,1.4619116299221395
90.73294838518952,22.91004817414381,-0.09513895888798929,0.7939133482288611,-0.7651196789428283
90.78294838518951,22.91004817414381,-0.266911717775312,1.0512505531532952,-0.24442486513999284
90.83294838518952,22.91004817414381,-0.12340935041408874,1.084894234784092,0.08722188735136463
90.88294838518952,22.91004817414381,-0.35968701660500874,0.7226799724466153,0.09670060366404194
90.93294838518952,22.91004817414381,-0.4194067030115677,1.0999802937712864,-0.10736963281179009
90.98294838518952,22.91004817414381,-0.654842252519039,0.418506594326308,-0.0263654474393829
91.03294838518951,22.91004817414381,-0.6834316558844157,0.026463630496686957,0.2531893899448912
91.08294838518952,22.91004817414381,-0.7584843258496153,0.24723177296074336,0.351743493549198
91.13294838518952,22.91004817414381,-0.7440452127470629,0.22085702347220348,0.8258531040300063
91.18294838518952,22.91004817414381,-0.9083340793114875,0.21267632685911858,0.7810373611573936
91.23294838518952,22.91004817414381,-1.1674596760238607,0.9317993591722286,0.30960212937059756
91.28294838518951,22.91004817414381,-0.8245129515324587,1.1921942039174822,-0.16647813100748965
91.33294838518952,22.91004817414381,-0.5020844199529112,1.3151906433639857,-0.5283785089048519
91.38294838518952,22.91004817414381,-0.9895087186212786,1.1706593167410733,-0.711485438731097
91.43294838518952,22.91004817414381,-1.314487434578886,0.9092864877642772,-1.081028312921477
91.48294838518952,22.91004817414381,-1.2568882520943903,1.0617247418327698,-0.2572846507975388
91.53294838518951,22.91004817414381,-0.7762729414563265,1.2469415639910895,-0.7936152340289427
91.58294838518952,22.91004817414381,-1.2999642831480704,0.9002631117589204,-1.3704317278280522
91.63294838518952,22.91004817414381,-1.0803199893769515,0.6674364081513452,-1.1195331517744473
91.68294838518952,22.91004817414381,-1.080342468135213,0.973399495767535,-1.3959419468036132
91.73294838518952,22.91004817414381,-1.2753506967748915,0.8516628036515115,-1.7751221752553705
91.78294838518951,22.91004817414381,-1.6380440016124949,0.3784696328190394,-1.9587039500497487
91.83294838518952,22.91004817414381,-1.8248343022287408,0.7897917139423624,-2.2018985976409815
91.88294838518952,22.91004817414381,-1.6402823870600731,0.867131558215939,-2.3602602480436703
91.93294838518952,22.91004817414381,-1.7522642853804817,0.6476281649229108,-1.6467308519539203
91.98294838518952,22.91004817414381,-2.865576747490359,-0.039966896698216736,-0.4619809788137966
92.03294838518951,22.91004817414381,-3.0760927241266462,-0.37133181980754815,-0.3659402000483485
92.08294838518952,22.91004817414381,-3.586966584980445,-0.35844999454609483,-0.32528622101521143
92.13294838518952,22.91004817414381,-3.8862926747829474,-0.8615942952873596,0.13012397074296742
92.18294838518952,22.91004817414381,-3.9761905135892555,-0.7334211913191294,1.4023781514921383
92.28294838518951,22.91004817414381,-3.7475337251983722,-0.9423527232328023,-0.11918958591484721
92.33294838518952,22.91004817414381,-3.9052058170047466,-1.4640310470280493,-0.4701073113096662
92.38294838518952,22.91004817414381,-3.8679121984818696,-0.7867706807843358,-0.7307711449551046
88.98294838518952,22.860048174143813,0.5428763746769404,0.5486550119493229,0.5094562312380988
89.03294838518953,22.860048174143813,0.5000852400549435,0.757690009547758,1.3482763378783622
89.08294838518952,22.860048174143813,0.3203872341928364,1.0484246913423525,1.8995399819769139
89.13294838518952,22.860048174143813,-0.05405783312634624,0.5253024775360788,0.9997350851329755
89.18294838518952,22.860048174143813,0.008389862642103629,0.46285998521641214,1.0680857305430314
89.23294838518952,22.860048174143813,-0.26520434086143363,0.8436482912356297,2.3950254720014867
89.28294838518953,22.860048174143813,-0.3907876708497817,0.8054283009426562,2.359697833479106
89.33294838518952,22.860048174143813,-0.5899404764901125,0.3479883774610875,2.5096186007025
89.38294838518952,22.860048174143813,-0.8627011820705277,0.2650447233203182,3.0230256505035134
89.43294838518952,22.860048174143813,-0.8375523265771911,1.0967255245470273,3.6148183073413214
89.48294838518952,22.860048174143813,-0.15125870332077457,1.1637292994392512,2.9137641495366444
89.53294838518953,22.860048174143813,0.1647474339613702,2.013346499667544,1.6153162727054455
89.58294838518952,22.860048174143813,-0.5416874867601785,0.7577516791663181,1.7392405135223952
89.63294838518952,22.860048174143813,-1.1997071430513453,0.6050063971109851,1.8963397168922478
89.68294838518952,22.860048174143813,-1.2589391915970394,0.6668325203487058,1.9833478727015459
89.73294838518952,22.860048174143813,-1.6674739902989308,0.5614063461566625,2.6856578882129867
89.78294838518953,22.860048174143813,-1.3657175622802717,0.49721214945482706,2.1762828392364284
89.83294838518952,22.860048174143813,-1.2576568938747865,0.7158439269407353,1.7129484527296268
89.88294838518952,22.860048174143813,-1.1463850894366079,0.7222680402014918,1.4492614719759644
89.93294838518952,22.860048174143813,-1.4412446350806765,0.11968477034729202,1.636348714003307
89.98294838518952,22.860048174143813,-1.7460181523569016,-0.19794219527625753,1.2209826873028662
90.03294838518953,22.860048174143813,-1.7979630066412569,-0.08370180533394994,1.1329797644767026
90.08294838518952,22.860048174143813,-1.4168182200332966,-0.29376045744274526,1.0364773017109643
90.13294838518952,22.860048174143813,-0.9430340916543124,-0.31128087206373267,0.9948567234834076
90.18294838518952,22.860048174143813,-0.7033183263290812,0.20941317492307104,1.0192588964425577
90.23294838518952,22.860048174143813,-0.710146265482023,0.5461684536859472,0.4971006171917179
90.28294838518951,22.860048174143813,-0.7474447367805663,0.8206515113535618,0.1079661508737905
90.33294838518952,22.860048174143813,-0.18934379031681015,0.9752525824114144,-0.08264618437975088
90.38294838518952,22.860048174143813,-0.3674960961662115,0.8203750839568071,-0.3531416486341962
90.43294838518952,22.860048174143813,-0.598551133754169,0.6842331706884579,-0.48622685840664187
90.48294838518952,22.860048174143813,-0.8918577449451888,0.5463988892366942,1.0337937071167587
90.53294838518951,22.860048174143813,-0.8844603040208184,0.43610351692682753,0.3347543629070562
90.58294838518952,22.860048174143813,-1.1912474196510145,0.2651182598625538,0.5436080378336866
90.78294838518951,22.860048174143813,-0.08237921339318038,0.7383405948457133,0.03848789084871916
90.83294838518952,22.860048174143813,-0.12975059031522118,1.0450828614358076,0.06088357150252145
90.88294838518952,22.860048174143813,-0.12752945279488082,1.5795593885809691,-0.27588374120458387
90.93294838518952,22.860048174143813,-0.48872833065389365,1.0723934677569242,-0.5566024378779779
90.98294838518952,22.860048174143813,-0.7760159396065531,0.5849356773774617,0.009734537378880005
91.03294838518951,22.860048174143813,-0.7482646354663652,0.2793196134567442,0.11061541793253946
91.08294838518952,22.860048174143813,-0.5824694841687359,0.3815753062313004,0.05788233048918097
91.13294838518952,22.860048174143813,-0.5792044349665831,0.514801687756179,0.5603947493242557
91.18294838518952,22.860048174143813,-0.8588793157983821,0.35437094442708983,0.7505988119180291
91.23294838518952,22.860048174143813,-1.0142306554872325,0.7849275761081235,0.29529243644785325
91.28294838518951,22.860048174143813,-1.1168095057070149,0.9398418130033551,-0.2571925755136301
91.33294838518952,22.860048174143813,-0.8117990262552677,1.003025499242804,-0.4352292236136101
91.38294838518952,22.860048174143813,-1.1870916000186305,0.9927593094879467,-0.726981954294479
91.43294838518952,22.860048174143813,-1.397924836009722,1.0019805573811744,-0.6311674663543873
91.48294838518952,22.860048174143813,-1.4132014358249951,1.205374961404296,0.1597905230399026
91.53294838518951,22.860048174143813,-0.886615756914123,1.4282166548882247,-1.0263527071248646
91.58294838518952,22.860048174143813,-1.6798329945482136,0.5351505016154863,-1.0469119502674333
91.63294838518952,22.860048174143813,-1.2447550144122752,0.47488763567749825,-1.1390706100166268
91.68294838518952,22.860048174143813,-0.9868579852803415,0.8858061505475783,-1.3251642760043723
91.73294838518952,22.860048174143813,-1.2097021039775084,0.7537756946629242,-1.2763595350795445
91.78294838518951,22.860048174143813,-1.4775615748703421,0.503142344738169,-1.68462861718414
91.83294838518952,22.860048174143813,-1.708095640540519,0.5185678399346498,-1.6812930990600639
91.88294838518952,22.860048174143813,-1.7304580011126716,0.8529807616115997,-2.1241086966707803
91.93294838518952,22.860048174143813,-1.9596516519209835,0.25989982320937677,-1.7266590148131633
91.98294838518952,22.860048174143813,-2.893418160536187,-0.36065885129939224,-0.0727042104973141
92.03294838518951,22.860048174143813,-2.6357450797391735,-0.4218032441133168,-0.922139687131834
92.08294838518952,22.860048174143813,-3.3440016530799,-0.14324584522059114,0.533302267242154
92.13294838518952,22.860048174143813,-3.8334839029015333,-0.9126322306582515,-0.12186033969711618
92.18294838518952,22.860048174143813,-4.355756166205205,-0.941166262821407,1.0157648473556378
92.28294838518951,22.860048174143813,-4.0892024473445865,-1.260852783126596,0.0773402942074342
92.33294838518952,22.860048174143813,-3.6894386067973457,-1.1878406919198123,-0.2717368490026917
92.38294838518952,22.860048174143813,-3.371114232833586,-0.5025360377430484,-0.7448074462562084
92.43294838518952,22.860048174143813,-3.5896626506347338,-0.7913001481730937,-1.0899099925757385
88.98294838518952,22.810048174143816,0.40634488906373556,0.9016365247950965,0.8762731102879716
89.03294838518953,22.810048174143816,0.39444625786987275,1.0925440402468938,1.941816544180298
89.08294838518952,22.810048174143816,-0.06648793783931739,1.2607274112533202,2.9692777213675994
89.13294838518952,22.810048174143816,0.005342120374839554,0.5387632339077705,1.0872704325626574
89.18294838518952,22.810048174143816,0.12560213940982687,0.6605716057045414,0.8816800778820503
89.23294838518952,22.810048174143816,-0.29457599034284815,0.9084626521283196,2.2068487307546083
89.28294838518953,22.810048174143816,-0.3080130399578626,0.821206688236109,1.9790834700699909
89.33294838518952,22.810048174143816,-0.42992042306517697,0.9314749839688894,2.112713634190291
89.38294838518952,22.810048174143816,-0.7563338218506815,0.9945928000128522,2.4687571916456137
89.43294838518952,22.810048174143816,-0.7641971224844875,1.434358874328378,3.0150930292530225
89.48294838518952,22.810048174143816,-0.12520976648207663,1.927591750122647,2.62311751104008
89.53294838518953,22.810048174143816,0.5603391432348301,3.1013437082479776,1.2270870336537762
89.58294838518952,22.810048174143816,0.10245910013610587,2.7277986256471314,1.3508049692802218
89.63294838518952,22.810048174143816,-0.8798383034510977,0.6844074535523693,1.2507060259610903
89.68294838518952,22.810048174143816,-1.5004256060079224,0.09964597949526816,1.8162474599039296
89.73294838518952,22.810048174143816,-1.790674471489646,0.36915208521861254,2.9364100826293713
89.78294838518953,22.810048174143816,-1.8374457604648606,0.3515716763197263,2.6502934301007794
89.83294838518952,22.810048174143816,-1.2282266740005636,0.5210123871883808,2.291712157038445
89.88294838518952,22.810048174143816,-1.0647133729117915,0.9507407658964995,2.086577550931662
89.93294838518952,22.810048174143816,-1.331722258815596,0.44225865574529666,1.3424388173422912
89.98294838518952,22.810048174143816,-1.8994455534896817,-0.6666425267759688,1.0698522581945542
90.03294838518953,22.810048174143816,-1.625481441562538,-0.577475538267,0.2498619852359703
90.08294838518952,22.810048174143816,-1.119199392684535,-0.6777464608271534,0.027506442379206512
90.13294838518952,22.810048174143816,-0.8153568871875972,-0.5646842815587791,0.4235514481455891
90.18294838518952,22.810048174143816,-0.6400020159148929,0.0021951995938993274,0.5994407503845712
90.23294838518952,22.810048174143816,-0.5195756299609843,0.4644074800816083,0.4920185748536286
90.28294838518951,22.810048174143816,-0.6552657774462747,0.9558300972507653,0.7073363383674074
90.33294838518952,22.810048174143816,-0.48740970858336624,0.777152475900889,0.17699315779485447
90.38294838518952,22.810048174143816,-0.40682756251386143,0.9191711737867061,0.1206536863338265
90.43294838518952,22.810048174143816,-0.3087311653344764,0.698510259226243,0.3993558553232637
90.53294838518951,22.810048174143816,-0.9256542506068444,0.10946723648669467,0.6714781072820382
90.58294838518952,22.810048174143816,-1.229753743029208,0.07289270750236848,0.7914033945372021
90.83294838518952,22.810048174143816,-0.3569251946450642,1.147870828915897,-0.20655546346655937
90.88294838518952,22.810048174143816,-0.17321618266904448,1.5493897289029968,-0.5819428822529894
90.93294838518952,22.810048174143816,-0.3829683269739499,1.3569830968782595,-0.39467390559379456
90.98294838518952,22.810048174143816,-0.7021841148151301,1.1465358853695748,0.04306425544752288
91.03294838518951,22.810048174143816,-0.6414176058162946,1.0959508122833594,-0.18471811432428822
91.08294838518952,22.810048174143816,-0.7090913364968051,1.063790581439183,0.0008646002546717577
91.13294838518952,22.810048174143816,-0.7806440640041188,1.2947287612226395,0.5671508224171743
91.18294838518952,22.810048174143816,-0.7526654761735488,1.0214838936990127,0.3531158179112517
91.23294838518952,22.810048174143816,-0.7818564748506046,1.1958422384310283,0.16489940403187375
91.28294838518951,22.810048174143816,-0.8638020613468771,1.363553513832025,-0.16439004614160463
91.33294838518952,22.810048174143816,-0.6028504099031966,1.1608541377441979,-0.48431745086650807
91.38294838518952,22.810048174143816,-0.7708089022602148,1.6043714380984389,-0.2959162751185741
91.43294838518952,22.810048174143816,-1.641339635620983,1.7714336083601379,2.290354684624522
91.48294838518952,22.810048174143816,-1.4365939143753468,1.7412114001522097,0.009359951915013352
91.53294838518951,22.810048174143816,-1.346195233782749,1.454995149477372,-1.0688499478896425
91.58294838518952,22.810048174143816,-1.7236584744254473,0.9591182668097267,-0.7459600657741239
91.63294838518952,22.810048174143816,-1.6575815665456868,0.5377042244224082,-0.8552768503869682
91.68294838518952,22.810048174143816,-1.122892590951816,0.8416138489500984,-1.423888683395814
91.73294838518952,22.810048174143816,-1.0176690993781,1.050777244462826,-1.1021957123296187
91.78294838518951,22.810048174143816,-1.5416035379867656,0.5947844992577572,-1.3198298802085793
91.83294838518952,22.810048174143816,-1.6031178347644592,0.5785726401326152,-1.573072881007988
91.88294838518952,22.810048174143816,-1.2908675518906254,1.021162646868421,-1.97649260325206
91.93294838518952,22.810048174143816,-1.7537101442289267,0.02345797329279381,-1.451493235743898
91.98294838518952,22.810048174143816,-2.936588180505737,-0.45163346285195993,-0.03292625725293073
92.03294838518951,22.810048174143816,-2.526901755189924,-0.4713723237372617,-1.0871210180960438
92.08294838518952,22.810048174143816,-3.1158608118913516,0.051242279723427986,0.010129681206615795
92.13294838518952,22.810048174143816,-4.175684251639124,-0.6737014340210663,0.43128476929232185
92.18294838518952,22.810048174143816,-4.316770404649422,-0.7726872573721052,0.4799219397900776
92.28294838518951,22.810048174143816,-4.0888199138764065,-0.6432463303298094,0.7962918428928379
92.33294838518952,22.810048174143816,-3.7288122727818576,-1.054778434077864,0.038056172845059556
92.38294838518952,22.810048174143816,-3.5453975368754556,-0.8884165503641207,-0.5957453113999108
92.43294838518952,22.810048174143816,-3.675162638318815,-0.909994067565731,-0.9945375146323826
88.93294838518952,22.76004817414381,0.2013660443329056,1.410454245538246,1.7085240813572886
88.98294838518952,22.76004817414381,0.027454865489144213,1.1787628544188247,1.8829154042443306
89.03294838518953,22.76004817414381,0.31252029933222747,0.9727817328300984,1.3419529368994105
89.08294838518952,22.76004817414381,0.009730519757682847,1.1902932734765805,2.803020253798547
89.13294838518952,22.76004817414381,-0.037691909081604594,1.0684568889827002,2.3050505598521815
89.18294838518952,22.76004817414381,0.015826861472970917,0.7297581768964951,0.9703608019160122
89.23294838518952,22.76004817414381,-0.39808281908163373,0.5128716404119107,1.171865188305319
89.28294838518953,22.76004817414381,-0.258845620024852,0.28200909202402236,1.3013974411611038
89.33294838518952,22.76004817414381,-0.39918756893315216,1.3725281026659049,3.2694520725446456
89.38294838518952,22.76004817414381,-0.5696948555605228,1.6147111879319176,2.6727108718528263
89.43294838518952,22.76004817414381,-0.6086634766613429,1.4481794152437553,2.4010018281096137
89.48294838518952,22.76004817414381,-0.3648830842860145,1.9143461309571679,1.469510012068649
89.53294838518953,22.76004817414381,-0.06114343494420507,1.6631546914167523,0.8345066261830808
89.58294838518952,22.76004817414381,-0.451038661744016,1.2001844941216018,1.046535368827867
89.63294838518952,22.76004817414381,-0.7239488647345221,1.0164475939935818,1.252705094277455
89.68294838518952,22.76004817414381,-1.3574184472967514,0.30069355678549414,0.7486162046458593
89.73294838518952,22.76004817414381,-1.507966955667014,-0.0980893929025966,1.1653414777607705
89.78294838518953,22.76004817414381,-1.8054040736074985,-0.01392701226405374,2.247822411294064
89.83294838518952,22.76004817414381,-1.5351209112044266,0.2997305043975413,2.612584981197608
89.88294838518952,22.76004817414381,-1.0924068406476193,0.8679329401509783,1.974485149309603
89.93294838518952,22.76004817414381,-1.3426644219430335,0.7206064159358994,1.0877271703210147
89.98294838518952,22.76004817414381,-1.76471909026338,0.1621586358576637,0.8555123338956993
90.03294838518953,22.76004817414381,-1.7822621539748504,-0.6679223739502009,0.1231883367596852
90.08294838518952,22.76004817414381,-1.2164550230099658,-0.5298939724720122,0.14319143926463535
90.13294838518952,22.76004817414381,-1.0032745657078834,-0.15808061263073298,0.19189915878091612
90.18294838518952,22.76004817414381,-0.7473056641871733,0.19335169474311936,-0.4020522246687722
90.23294838518952,22.76004817414381,-0.43862370343380097,0.794810780843263,-0.3710605997678651
90.28294838518951,22.76004817414381,-0.3731239763407521,0.8735137730133362,0.07439737507871019
90.33294838518952,22.76004817414381,-0.4183080833332287,0.7750292482223466,0.1408541670254352
90.38294838518952,22.76004817414381,-0.012081657127914591,0.9250400588117276,0.5321896314983293
90.43294838518952,22.76004817414381,-0.26882471587403334,0.5534614939552965,1.2245719018189039
90.48294838518952,22.76004817414381,-0.4397217881154201,0.4040885375733709,1.7427304678425657
90.53294838518951,22.76004817414381,-0.7317963049454611,0.29106736733024896,1.2213468265219816
90.58294838518952,22.76004817414381,-0.8136848698772169,0.37175932020748936,0.18647296136278962
90.63294838518952,22.76004817414381,-0.7767331368237986,0.3126704348905045,0.6006675260954303
90.83294838518952,22.76004817414381,-0.13895407201892604,1.382242909857821,1.106553944766692
90.88294838518952,22.76004817414381,-0.1460969468462615,1.663686888110066,-0.530398255795298
90.93294838518952,22.76004817414381,-0.28966113160985535,1.8820081213744322,-0.4679647887245515
90.98294838518952,22.76004817414381,-0.5921722471321964,1.4375051804067644,-0.4431063645999477
91.03294838518951,22.76004817414381,-0.49627152825134846,1.3701030627665374,-0.8208714220996349
91.08294838518952,22.76004817414381,-1.0114229635880878,1.4084259195700084,0.110058205781309
91.13294838518952,22.76004817414381,-1.0745942877001902,1.2865088650870438,0.7092294509009258
91.18294838518952,22.76004817414381,-1.2047378633759307,1.5247504012464383,0.7891706648461767
91.23294838518952,22.76004817414381,-0.8101504954728799,1.659394253577114,0.9723661744821106
91.28294838518951,22.76004817414381,-0.2704844070411884,1.9709812540738416,0.5411676182782094
91.33294838518952,22.76004817414381,-0.0485556610234916,1.5648857096330127,1.1658094979053681
91.48294838518952,22.76004817414381,-0.6301841900748739,2.7251257075643713,-1.7257840766588828
91.53294838518951,22.76004817414381,-1.1946076623176913,2.029535574029679,-1.761205206179734
91.58294838518952,22.76004817414381,-1.3404402259222965,1.8609538824658423,-1.4249339527433276
91.63294838518952,22.76004817414381,-1.9899919456872575,0.6637248165732378,-0.722538083449476
91.68294838518952,22.76004817414381,-1.3954956045153775,0.8804505455477054,-1.6877798957219285
91.73294838518952,22.76004817414381,-0.831417164774839,1.2419818398067788,-1.156775886010108
91.78294838518951,22.76004817414381,-0.8856732087982544,1.1786051678660379,-1.3600471637616618
91.83294838518952,22.76004817414381,-1.1174014729719408,1.1080368767941995,-1.5989028126787075
91.88294838518952,22.76004817414381,-1.6209731178656939,0.6429049259199174,-1.7900956468374953
91.93294838518952,22.76004817414381,-1.7882009038529776,0.10667365309881399,-1.5000689536720806
91.98294838518952,22.76004817414381,-2.734168038794914,-0.2981554213333963,-0.4660629809274043
92.03294838518951,22.76004817414381,-3.4394232162392226,-0.8817288427702266,-0.6763917545365872
92.08294838518952,22.76004817414381,-3.394145784268479,-0.5093462324799876,-0.2801881494296503
92.13294838518952,22.76004817414381,-4.199262417786363,-0.11262050114245414,1.5786924124699548
92.18294838518952,22.76004817414381,-4.171164080989471,-0.6799844976042131,0.22261389426725728
92.23294838518952,22.76004817414381,-4.3428893603246825,-0.6046168169435978,1.1174773673356106
92.28294838518951,22.76004817414381,-4.224408047791512,-0.2034208216225859,1.9106049087257118
92.33294838518952,22.76004817414381,-4.041965526547444,-0.9542215363018858,0.7060372964086222
92.38294838518952,22.76004817414381,-4.041060613926431,-1.2372049838316916,-0.29169077367710505
92.43294838518952,22.76004817414381,-3.5619519313869232,-1.180853962916115,-0.6652185118734038
92.48294838518952,22.76004817414381,-3.2568231652252777,-0.9279835731214325,-1.1892728789777212
88.93294838518952,22.71004817414381,0.07138780565655048,2.221669363256238,3.5824555803639018
88.98294838518952,22.71004817414381,0.080996372622837,1.590484787865026,3.005196916577365
89.03294838518953,22.71004817414381,-0.04489347051844457,1.0150802140890265,3.145805189874883
89.08294838518952,22.71004817414381,-0.06126230500214819,0.8779006308730606,2.3538089288651967
89.13294838518952,22.71004817414381,-0.5685566128070713,0.9843311841704365,3.419402251778341
89.18294838518952,22.71004817414381,-0.4818063837939354,0.7909151525917499,2.648021485874459
89.23294838518952,22.71004817414381,-0.30849347863226495,0.8491930290522415,1.7309299948119816
89.28294838518953,22.71004817414381,-0.4825082050401198,0.43097411952550846,1.137307939917244
89.33294838518952,22.71004817414381,-0.5299708279369597,0.7166941966862045,2.7227936535357045
89.38294838518952,22.71004817414381,-0.21784823025619812,1.7985827464196271,2.3391235166294178
89.43294838518952,22.71004817414381,-0.44725602837803646,1.6341729195636925,1.2424003514825182
89.48294838518952,22.71004817414381,-0.4292017267658186,1.7185845100766841,1.100338357909301
89.53294838518953,22.71004817414381,-0.5150130653112993,0.7106547891478541,0.8930914776072547
89.58294838518952,22.71004817414381,-0.8427338173989474,0.9636867224008103,1.6536269797015013
89.63294838518952,22.71004817414381,-1.1063791468490989,0.3592033391877797,1.0508727064584422
89.68294838518952,22.71004817414381,-1.4912905155471494,0.1638500893381361,1.02267644785417
89.73294838518952,22.71004817414381,-1.9985420699331646,0.026763289979319538,1.5687765480429556
89.78294838518953,22.71004817414381,-1.542551290347457,0.32382622725875293,1.5694783391702212
89.83294838518952,22.71004817414381,-0.9722348291938169,0.9245987586510265,1.9372489953363579
89.88294838518952,22.71004817414381,-0.7544710500058313,1.0768925631014574,0.3889846565328127
89.93294838518952,22.71004817414381,-1.2946493126350456,0.7547354529620842,0.5156832668946294
89.98294838518952,22.71004817414381,-1.5631054507594702,0.31629579998064944,0.6833531966594513
90.03294838518953,22.71004817414381,-1.538117721789137,0.1242935000416293,0.29703604826735547
90.08294838518952,22.71004817414381,-1.6388182258651494,-0.1641083758692572,0.416529517578952
90.13294838518952,22.71004817414381,-1.345873527608463,-0.21803533809422523,-0.27883815439215576
90.18294838518952,22.71004817414381,-0.975770655544874,0.2325183218444798,-0.47632529852877287
90.23294838518952,22.71004817414381,-0.9820946416319355,0.6299974088374893,-0.17280106686632285
90.28294838518951,22.71004817414381,-0.781758166967978,0.5320736724051577,0.09604946488662827
90.33294838518952,22.71004817414381,-0.41411334234426705,0.7290172444405594,0.3810271530336184
90.38294838518952,22.71004817414381,0.025833903617691556,1.520777609457525,0.8261241123707486
90.43294838518952,22.71004817414381,-0.800275885310203,0.6075134183626077,0.4310990815470781
90.48294838518952,22.71004817414381,-0.7296617282600358,0.9811038715244467,0.8129076894634918
90.58294838518952,22.71004817414381,-0.5946054419821366,0.6436322086999544,0.15440447480491573
90.63294838518952,22.71004817414381,-0.9832422633372857,0.6507990713885394,-0.004454166610344111
90.88294838518952,22.71004817414381,-0.2974784598032292,1.2492968609306796,0.36092840394283693
90.93294838518952,22.71004817414381,-0.2461932577195839,1.7007477642272286,-0.5923593048112694
90.98294838518952,22.71004817414381,-0.5480166884483404,1.472464505172627,-0.46700303071117866
91.03294838518951,22.71004817414381,-0.946723608445958,1.0105044564872838,-0.49245832880990265
91.08294838518952,22.71004817414381,-0.9779046844085943,1.3083731085181958,-0.4689209609243046
91.13294838518952,22.71004817414381,-1.20512556442273,1.3683038697307468,-0.14052675982221507
91.18294838518952,22.71004817414381,-1.4544027883106958,1.1467858872364176,0.7699518977523687
91.23294838518952,22.71004817414381,-0.838253688823696,1.5445855103019501,1.4946148948545426
91.33294838518952,22.71004817414381,-0.4626291198937055,1.6766398068826165,-0.12918428801786097
91.53294838518951,22.71004817414381,-1.0650388498584555,1.0880382058112086,-1.506878182557304
91.58294838518952,22.71004817414381,-1.450117561661562,1.6361353427496879,-1.5437711422790705
91.63294838518952,22.71004817414381,-2.0291632777372888,1.0164712530157782,-0.8410423921892243
91.68294838518952,22.71004817414381,-1.9536700127668964,0.42856252270043815,-1.127488964676726
91.73294838518952,22.71004817414381,-1.082472907313494,1.2475427851422995,-1.3762490203549682
91.78294838518951,22.71004817414381,-0.9236808426076257,1.4332803539225523,-1.2010724791218137
91.83294838518952,22.71004817414381,-1.1455027499987094,0.9663882840240369,-1.4263142740696806
91.88294838518952,22.71004817414381,-1.4358947611759547,0.7706833637073727,-1.8958273710658449
91.93294838518952,22.71004817414381,-1.5659270026672891,0.3141260206448914,-1.6104539965062528
91.98294838518952,22.71004817414381,-2.0321800902410456,-0.2179709057174699,-1.1964297807441964
92.03294838518951,22.71004817414381,-2.8891928933529845,-0.2478758186564698,-0.6993118418269996
92.08294838518952,22.71004817414381,-3.16444988691811,-0.7323818782364833,-0.6479034071639326
92.13294838518952,22.71004817414381,-3.8645598684676727,-0.3713846402654788,0.795696437569462
92.18294838518952,22.71004817414381,-4.5315990356609746,0.03149203411115531,1.886826383764411
92.23294838518952,22.71004817414381,-4.648816170315224,-0.8303929549776732,0.9781684110675035
92.28294838518951,22.71004817414381,-4.257720684032209,-0.8781169924125494,1.8512894311119208
92.33294838518952,22.71004817414381,-4.064785218479756,-0.8501858410507829,0.9824002487570315
92.38294838518952,22.71004817414381,-4.017212674582576,-1.0193583655214975,0.03080600292620974
92.43294838518952,22.71004817414381,-3.8321502793886904,-1.1917402117024714,-0.47866174104829795
92.48294838518952,22.71004817414381,-3.553592533641241,-1.2617892265651502,-0.8416350979140496
88.98294838518952,22.66004817414381,0.11196479312366896,1.1697169048196319,2.4825978339699515
89.08294838518952,22.66004817414381,-0.24584065397982413,0.21719882976823177,1.9484106535895092
89.13294838518952,22.66004817414381,-0.47313223377757063,0.7202989238375582,2.892999444286366
89.18294838518952,22.66004817414381,-0.40058822481395373,1.1326791780751513,3.582602513959191
89.23294838518952,22.66004817414381,-0.22942420385050039,0.8068943630144829,2.8479952128960133
89.28294838518953,22.66004817414381,-0.6540039433185014,0.18617388536683896,1.6214180104221214
89.43294838518952,22.66004817414381,-0.7580559998464989,1.4639133456167301,1.7198619285903338
89.48294838518952,22.66004817414381,-0.32222601894385,1.7134167013095523,1.1377733909412846
89.53294838518953,22.66004817414381,-0.3199258453306703,0.8742507958249983,1.101938977302872
89.58294838518952,22.66004817414381,-1.1014702130275116,0.9710479870687383,2.6965759546295596
89.63294838518952,22.66004817414381,-1.6106209923999906,0.4448396617175383,1.9043993715194425
89.68294838518952,22.66004817414381,-1.7352537423867518,0.535316984660436,1.7934700450935164
89.73294838518952,22.66004817414381,-1.4944153742011863,0.6440370735415597,1.588914662551297
89.78294838518953,22.66004817414381,-1.1082014099814403,0.9461400587638386,1.1927053133735386
89.83294838518952,22.66004817414381,-1.262760397705339,0.7524146608457903,1.467462851029575
89.88294838518952,22.66004817414381,-1.5558659804722215,0.5446712314527284,0.15922347370280948
89.93294838518952,22.66004817414381,-1.5972023226843755,-0.031911069834928855,-0.24096955535698958
89.98294838518952,22.66004817414381,-1.8710626742632117,-0.43976389512905517,0.2417423903204838
90.03294838518953,22.66004817414381,-1.3719909233659968,0.31041534294185213,0.4644675384541224
90.08294838518952,22.66004817414381,-1.282375879044727,0.3313485534874705,0.40752290406298597
90.13294838518952,22.66004817414381,-1.068363908911342,0.7385670955167931,-0.08357857971856826
90.18294838518952,22.66004817414381,-1.0792370918583716,0.6930074714769074,0.0836332741771459
90.23294838518952,22.66004817414381,-1.1125104624845221,0.07754159819818449,0.19542924420279773
90.28294838518951,22.66004817414381,-0.9136511720597313,0.141963824962276,0.4765422223664997
90.33294838518952,22.66004817414381,-0.6921033611337291,0.7864383681886719,0.3826014848802945
90.38294838518952,22.66004817414381,-0.40467463090852984,0.9950641679544432,-0.27046575388868377
90.43294838518952,22.66004817414381,-0.822292375537554,0.8465439362915528,-0.26826041616062923
90.48294838518952,22.66004817414381,-0.9449833001071491,0.8960518223161723,0.46402088281255277
90.58294838518952,22.66004817414381,-0.4161660456805208,0.7849178079407745,0.2783868318311844
90.63294838518952,22.66004817414381,-0.46835353130897456,0.9183786543006419,-0.04442051310286987
90.68294838518952,22.66004817414381,-1.0131222122812162,0.4560959818816809,0.17980626885908693
90.93294838518952,22.66004817414381,-0.6494984517546003,1.1427549193259714,0.2961979554980414
90.98294838518952,22.66004817414381,-0.45900577185260866,1.7221374382246586,-0.4473537913122373
91.03294838518951,22.66004817414381,-0.7213674804025141,1.442568856563518,-0.35611415679123853
91.08294838518952,22.66004817414381,-0.8339134346898496,1.4875729747737765,-0.8503758705337925
91.13294838518952,22.66004817414381,-1.0288747086834125,1.5047169866025705,-0.5290205266279656
91.18294838518952,22.66004817414381,-1.781767480878283,1.135953704818899,0.5587260622389506
91.23294838518952,22.66004817414381,-1.4802716550179136,0.9723224802513034,0.6853832731675993
91.33294838518952,22.66004817414381,-0.6259522558698298,1.6276025726339352,0.9547950109488783
91.58294838518952,22.66004817414381,-1.6421896540218386,0.8379492648694443,-1.1001094454832174
91.63294838518952,22.66004817414381,-1.9554127906756666,1.2749533461656042,-1.0578957735310959
91.68294838518952,22.66004817414381,-2.34688592938707,0.4066578632408787,-0.5329670051641586
91.73294838518952,22.66004817414381,-1.2938399795735416,0.9818475015996878,-1.3442780601328803
91.78294838518951,22.66004817414381,-0.5229519949936361,1.521243958562136,-1.1583673034079973
91.83294838518952,22.66004817414381,-1.084936557294893,1.0715765094862224,-1.1603163467389208
91.88294838518952,22.66004817414381,-1.2083992427225345,0.9576650076191116,-1.920103994295829
91.93294838518952,22.66004817414381,-1.400350587994531,0.6773957663070812,-1.6308737459546174
91.98294838518952,22.66004817414381,-1.9713851564405103,-0.06659687805771453,-1.3614009766042605
92.03294838518951,22.66004817414381,-2.1824026047407235,0.05215398480655398,-1.5590068168370705
92.08294838518952,22.66004817414381,-2.7027233897143983,0.17105394909076688,-0.5736184085593898
92.13294838518952,22.66004817414381,-3.413402382939422,-0.3453761720396641,-0.03927965999016672
92.23294838518952,22.66004817414381,-4.546218017994615,-0.36583207039488563,1.817463857768676
92.28294838518951,22.66004817414381,-3.828036627357838,-0.6909509090847337,0.47355520297055753
92.33294838518952,22.66004817414381,-3.6629592490749046,-1.091025173467809,0.2768652736460196
92.38294838518952,22.66004817414381,-3.577681482841807,-1.3065855568110198,-0.47489751357722715
92.43294838518952,22.66004817414381,-3.7613352651315783,-0.805108015329246,-0.445910063964988
92.48294838518952,22.66004817414381,-3.9986133923083416,-1.223627713323606,-1.0052460215120138
92.53294838518951,22.66004817414381,-3.3225850475524084,-1.2572104467403116,-1.4612278839226533
88.98294838518952,22.610048174143813,-0.056782285602540394,0.6468810874053427,2.888210526939874
89.13294838518952,22.610048174143813,-0.4748619711284675,1.0071513629082014,2.7862123470560554
89.18294838518952,22.610048174143813,-0.5393109833182725,1.0327090787105788,3.0006663655690713
89.23294838518952,22.610048174143813,-0.47737152630358093,0.3800914730537076,3.0911633531215608
89.28294838518953,22.610048174143813,-0.6866048122569777,0.06788264164496402,2.4078675513318086
89.38294838518952,22.610048174143813,-1.0567428146897535,0.6002269596299284,2.7621032498625664
89.43294838518952,22.610048174143813,-0.38832086558086504,1.2406741223812532,1.3288868296912526
89.48294838518952,22.610048174143813,-0.07724489746976859,1.6499779147064435,0.5110159538565469
89.63294838518952,22.610048174143813,-1.4539048333195197,0.3754589275679928,2.7651543004556745
89.68294838518952,22.610048174143813,-1.5828870276754274,0.4468497267656247,2.427572894695994
89.73294838518952,22.610048174143813,-1.4420211359436745,1.4446729672432832,2.4654897504347946
89.78294838518953,22.610048174143813,-1.4553106573576076,1.3321220132730431,2.4346310577581702
89.83294838518952,22.610048174143813,-1.708943223437605,0.22695658835924046,1.360887552582217
89.88294838518952,22.610048174143813,-1.6976647636019546,-0.24785367144791706,0.5239398167718229
89.93294838518952,22.610048174143813,-1.695238883566123,-0.3123656745746587,-0.07859966172900315
89.98294838518952,22.610048174143813,-1.5239177657658696,-0.034137990280559256,0.08264879251482261
90.03294838518953,22.610048174143813,-1.3930572577951124,0.09288883673400783,0.9124729434896706
90.08294838518952,22.610048174143813,-1.1824407598893363,0.7294790366913683,0.2598694725782357
90.13294838518952,22.610048174143813,-1.1002047676068871,0.924319274156056,-0.11471043832833462
90.18294838518952,22.610048174143813,-1.106365710981011,0.5633377994524913,0.0800561683384717
90.23294838518952,22.610048174143813,-1.1384982390486478,0.46437384718062624,0.11240269477983869
90.28294838518951,22.610048174143813,-1.0792395903406555,0.6262319556779761,0.47610809191514913
90.33294838518952,22.610048174143813,-1.0043893524217233,0.7293124645431494,0.2104508943455286
90.38294838518952,22.610048174143813,-0.6830086188603175,0.9917885775734612,-0.06777934360608637
90.43294838518952,22.610048174143813,-0.8278862913809619,0.9609624950234626,-0.11956775196900592
90.48294838518952,22.610048174143813,-0.7915679562521094,0.8578024647428677,0.24454099432167742
90.58294838518952,22.610048174143813,-0.642825454144409,0.8012327163062701,0.23954865478895726
90.63294838518952,22.610048174143813,-0.43571802990362685,0.8857861481537282,-0.2512300687498372
90.68294838518952,22.610048174143813,-0.717600345602525,0.8123799527370693,-0.49157608576768475
90.73294838518952,22.610048174143813,-0.8961362099487806,0.21333722327642846,0.38935979050707975
90.98294838518952,22.610048174143813,-0.8291949662969252,0.8285488970650728,0.7946847775629725
91.03294838518951,22.610048174143813,-0.883224299095178,1.720648353053917,-0.23058135143860706
91.08294838518952,22.610048174143813,-1.124006166840724,1.338290014387947,-0.4254451095799675
91.13294838518952,22.610048174143813,-1.4758327623009628,1.3974506008921765,-0.8095177777969916
91.18294838518952,22.610048174143813,-2.1780620922236835,1.2332827453297646,0.7807248402085596
91.23294838518952,22.610048174143813,-1.7930291741538391,0.9554130660456189,0.2727503960649913
91.63294838518952,22.610048174143813,-1.741757308665365,1.0804019051399174,-0.9411494352712215
91.68294838518952,22.610048174143813,-2.0149931454944108,1.2579555051772968,-0.5752923299760931
91.73294838518952,22.610048174143813,-1.6846759047871955,0.7633763924521138,-1.1190577256220036
91.78294838518951,22.610048174143813,-0.7125348074224649,1.5017378724562818,-1.4224894303110536
91.83294838518952,22.610048174143813,-0.8781666209161046,1.2566032492825843,-1.1123710371655886
91.88294838518952,22.610048174143813,-0.9453372259414731,1.1703651202249887,-1.3052479255367924
91.93294838518952,22.610048174143813,-1.1380251662423082,1.0077615009581133,-1.3367118934194584
91.98294838518952,22.610048174143813,-1.848101054792962,0.4132545575720144,-1.459847671382714
92.03294838518951,22.610048174143813,-1.8715720465490167,0.6927941301918865,-1.5492312628540557
92.08294838518952,22.610048174143813,-2.1032505965570403,0.5089306129096864,-1.2797549334509741
92.13294838518952,22.610048174143813,-3.2901644436283775,-0.04057907332222965,0.5041863470885952
92.28294838518951,22.610048174143813,-3.494352174573414,-0.7040479049339354,-0.691285498473111
92.33294838518952,22.610048174143813,-4.043134489664462,-0.9209195053596888,-0.29180374876801884
92.38294838518952,22.610048174143813,-3.578855806164513,-0.9429803026450345,-1.2541284562385275
92.43294838518952,22.610048174143813,-3.903237981944861,-0.8909122646471176,-0.9093423924145775
92.48294838518952,22.610048174143813,-4.125827147913395,-1.225577498720997,-0.9948616221893917
92.53294838518951,22.610048174143813,-4.160615527830322,-1.6536091559372337,-1.5296315047141358
88.98294838518952,22.560048174143816,-0.2658806257997748,0.3742999664570768,2.7560537848463897
89.13294838518952,22.560048174143816,-0.6210110322223032,0.7765687607829201,3.497461296657752
89.18294838518952,22.560048174143816,-0.428704841352482,1.0616158432479745,3.144901898359083
89.23294838518952,22.560048174143816,-0.5585693535702739,0.8937102595984803,2.6863058928990498
89.48294838518952,22.560048174143816,-0.32337734952965036,1.307885101800368,0.49391184222446743
89.53294838518953,22.560048174143816,0.07257078752197507,1.5345128187300598,-0.008374056497123509
89.68294838518952,22.560048174143816,-1.434763649695912,0.9950226421616385,2.9127275999519124
89.73294838518952,22.560048174143816,-1.2827971561912284,1.7228868720012442,1.4862417352763788
89.78294838518953,22.560048174143816,-1.2694147520730454,1.4768644507829072,1.3413100759505905
89.83294838518952,22.560048174143816,-1.3044564935252514,0.6884936589549345,0.9994340891649781
89.88294838518952,22.560048174143816,-1.432933237423615,0.35919962991701515,0.795558283988609
89.93294838518952,22.560048174143816,-1.5737927829287282,-0.19835116028432564,0.11322805327330827
89.98294838518952,22.560048174143816,-1.2093996880635016,0.5686635883725174,0.20504003833854675
90.03294838518953,22.560048174143816,-1.3350709451382052,0.2244004241038247,0.5357618984905098
90.08294838518952,22.560048174143816,-1.3689194363247958,0.855677725005952,-0.15925712906036155
90.13294838518952,22.560048174143816,-1.0855615817064603,1.031436846215887,-0.29043187941435156
90.18294838518952,22.560048174143816,-0.9074885691289674,0.6097022317283547,0.015103487318429282
90.23294838518952,22.560048174143816,-1.23334758023697,0.6945319903593608,0.08313102481270002
90.28294838518951,22.560048174143816,-0.9870198143465458,0.8854691536487345,0.09875861678008553
90.33294838518952,22.560048174143816,-0.9566225090514018,0.8488807635894415,-0.06388861050762756
90.38294838518952,22.560048174143816,-0.9059645008052617,1.0560319104857334,-0.225284587523243
90.43294838518952,22.560048174143816,-0.7907558248299713,0.9815175265795746,0.11997523353269002
90.48294838518952,22.560048174143816,-0.34793337542671865,1.0117641390144536,0.23980138415507626
90.53294838518951,22.560048174143816,-0.16687680740240995,0.7984753890393079,0.8814868044798003
90.58294838518952,22.560048174143816,-0.19995653563997626,0.8527919917566904,1.0649434638465876
90.63294838518952,22.560048174143816,-0.3107984078339304,0.8827096871596973,0.290662129877524
90.68294838518952,22.560048174143816,-0.7635389327941713,0.7174778775822791,-0.17259831360145939
90.73294838518952,22.560048174143816,-0.894914457212215,0.3798226495073301,0.5082981408082158
91.03294838518951,22.560048174143816,-0.967361661983688,0.8376273846932382,1.4491545207948606
91.08294838518952,22.560048174143816,-1.6573950587414346,1.0062860042032649,0.8198577906629697
91.13294838518952,22.560048174143816,-2.1029137241924607,0.6814704940371334,0.706644896070586
91.18294838518952,22.560048174143816,-1.470042554529901,0.924115895065267,2.2285486343061454
91.43294838518952,22.560048174143816,-1.0147727205564172,2.4331235870328016,-0.5901233833568618
91.48294838518952,22.560048174143816,-1.5083405589006387,1.015933301173942,-0.09841376859387045
91.68294838518952,22.560048174143816,-1.7890434724340236,1.34394390541317,-0.742263121432812
91.73294838518952,22.560048174143816,-1.9454884508047976,0.706567875389077,-0.8313233673191907
91.78294838518951,22.560048174143816,-1.129908985483033,1.3161425161480986,-1.30558165247586
91.83294838518952,22.560048174143816,-0.9243322417077061,1.1686583061482834,-1.0423140252571417
91.88294838518952,22.560048174143816,-0.8600047487311805,1.4097051640402198,-1.409951931971297
91.93294838518952,22.560048174143816,-1.0396750828614496,1.5065385958897899,-1.3341791068051718
91.98294838518952,22.560048174143816,-1.2783213470963937,1.1499549867560335,-1.22333086523589
92.03294838518951,22.560048174143816,-1.4953942394904158,1.1312683443519396,-1.2219076550323658
92.08294838518952,22.560048174143816,-1.6672762355290494,1.1219663181562103,-1.280005213090936
92.13294838518952,22.560048174143816,-2.9866073060982137,0.2359856008651815,0.18017798057709056
92.23294838518952,22.560048174143816,-4.244072470342337,-0.08674245927386992,1.7658979895477869
92.28294838518951,22.560048174143816,-3.523409846731906,-0.6195079306451607,-0.2109761378139466
92.33294838518952,22.560048174143816,-3.6407611494867362,-0.6622651685454809,-0.4501657005587487
92.38294838518952,22.560048174143816,-3.6135376793620626,-0.7577920414494629,-1.120283367059512
92.43294838518952,22.560048174143816,-3.7376897223441414,-0.7905295038962887,-1.0800267075445331
92.48294838518952,22.560048174143816,-4.476251441651922,-1.1980064110050557,-0.9497592610621424
92.53294838518951,22.560048174143816,-4.640444132641887,-1.978700409277737,-1.688927150444367
88.98294838518952,22.51004817414381,-0.4119218863524839,1.2119847446169747,2.9566702029712038
89.03294838518953,22.51004817414381,-0.769205820853723,0.8760762543514284,3.2823452080921545
89.08294838518952,22.51004817414381,-1.1530286356338042,0.5160756333278944,3.4658560694149902
89.13294838518952,22.51004817414381,-0.9907735554370181,0.6878539327542664,3.4467027243902035
89.23294838518952,22.51004817414381,-0.5019916436295004,1.9990007220909776,2.0253563446204907
89.28294838518953,22.51004817414381,-0.4487675380303436,1.5967979103843433,2.392093181998546
89.33294838518952,22.51004817414381,-0.06903720535819025,1.815821406711292,1.527774944020006
89.38294838518952,22.51004817414381,-0.050238925441593474,1.7869323072042935,1.5385770650380555
89.48294838518952,22.51004817414381,-0.5695604952526506,0.791603550109145,0.4333158233811391
89.53294838518953,22.51004817414381,-0.30314288832873726,1.782907987214392,-0.4459575719268526
89.58294838518952,22.51004817414381,-0.6947287882494095,1.5577012071929468,0.9417630596137776
89.63294838518952,22.51004817414381,-1.6507907787090477,1.1859545410535899,2.9294060637437944
89.68294838518952,22.51004817414381,-2.1526664769856056,0.9354099828218156,3.315291145820399
89.73294838518952,22.51004817414381,-1.6525216160373746,1.24822339977994,3.143352849127498
89.78294838518953,22.51004817414381,-1.1582832782500505,1.3176829057931732,1.8319600263040756
89.83294838518952,22.51004817414381,-0.6896134170736725,1.5157035714251965,0.5349664440607727
89.88294838518952,22.51004817414381,-1.0069476854712394,0.8114336935913027,0.15728195883611548
89.93294838518952,22.51004817414381,-1.5609732769737221,0.022659304657766513,0.029728014228594665
89.98294838518952,22.51004817414381,-1.4736565680542904,0.2450710439176213,0.5185320685842785
90.03294838518953,22.51004817414381,-1.520064093084103,0.05158866631698876,0.4980676918458009
90.08294838518952,22.51004817414381,-1.5640478272778713,0.7100915905767344,0.06576112755964135
90.13294838518952,22.51004817414381,-1.221440857623704,0.7767240652549731,0.022596697054738525
90.18294838518952,22.51004817414381,-0.7205613713917401,0.6348313297921842,0.4130120523645805
90.23294838518952,22.51004817414381,-0.6255072316467103,0.8798630541564587,-0.0724260633727571
90.28294838518951,22.51004817414381,-0.838485625252422,0.9575834677246582,-0.1966348733052264
90.33294838518952,22.51004817414381,-0.6339037264490923,1.1513439925882492,-0.04504189813921619
90.38294838518952,22.51004817414381,-0.6726275204265799,1.3214921008849647,0.7737273309410975
90.43294838518952,22.51004817414381,-0.4948616001145756,1.3536130432995086,0.1469089211120559
90.48294838518952,22.51004817414381,-0.34269733828176463,1.6458968855985978,-0.23699075527861005
90.53294838518951,22.51004817414381,-0.4272371129096488,1.6329331843069657,-0.5033942996025828
90.58294838518952,22.51004817414381,-0.16113219948229,1.3319095813023094,-0.22149214487794577
90.68294838518952,22.51004817414381,-0.7317725684456597,0.3619307611455788,0.41454015271289196
90.73294838518952,22.51004817414381,-1.0400103740063935,0.4226162435676955,0.25588406587880025
91.43294838518952,22.51004817414381,-1.1138358145718938,1.6337178609249652,-0.15970497720700527
91.48294838518952,22.51004817414381,-1.6472732410960496,0.9230825484311944,-0.11265433720178628
91.53294838518951,22.51004817414381,-1.20337343596634,1.3871764883538202,0.045518439643160075
91.73294838518952,22.51004817414381,-1.746161302117558,1.0324613152517117,-0.6771665134599657
91.78294838518951,22.51004817414381,-1.2140760704063815,1.3640250349323462,-1.0414703545824529
91.83294838518952,22.51004817414381,-0.9344385790450216,1.2810915000350922,-0.7461829708627448
91.88294838518952,22.51004817414381,-1.0807075507323602,1.166428649784307,-0.8320952663241279
91.93294838518952,22.51004817414381,-1.004640712884946,1.5516795533328263,-1.1646397059361804
91.98294838518952,22.51004817414381,-1.2445494761248743,1.3726472024538274,-1.1797061431346763
92.03294838518951,22.51004817414381,-1.498597585249088,1.2602555007453016,-1.246521153929848
92.08294838518952,22.51004817414381,-1.8722221659053688,1.005287850030083,-0.9295524394355416
92.13294838518952,22.51004817414381,-2.707768574765846,0.4477910222908763,-0.350843649341684
92.18294838518952,22.51004817414381,-3.669226487019481,-0.2575488578287667,0.3528429802021771
92.23294838518952,22.51004817414381,-3.705899795206122,0.01705367188187601,1.2149744856069762
92.28294838518951,22.51004817414381,-3.7916889310632818,-0.4928462370140248,0.8252904705673999
92.33294838518952,22.51004817414381,-4.115050981932434,-1.0401118716553663,0.20020949421741097
92.38294838518952,22.51004817414381,-3.9114768370827893,-0.734369445924911,-0.7932651614489129
92.43294838518952,22.51004817414381,-3.3985877403178084,-0.6336501862876337,-1.3259340356836895
92.48294838518952,22.51004817414381,-4.139176511915526,-1.0150591521348926,-0.5275739247174699
92.53294838518951,22.51004817414381,-4.321217437611118,-1.6584180801499793,-1.533901731537489
89.03294838518953,22.46004817414381,-0.8548175880546967,1.1877383829884511,2.9745896988730296
89.08294838518952,22.46004817414381,-1.2235792612543779,0.6328537812576063,2.5858377031171007
89.13294838518952,22.46004817414381,-1.4118167071038867,0.8448796816906822,3.0902978522831774
89.23294838518952,22.46004817414381,-0.9882818088150525,1.486219723744766,2.6648759951277543
89.28294838518953,22.46004817414381,-0.22304797266270765,1.645907320644468,1.5594298952685137
89.33294838518952,22.46004817414381,-0.03792935318327667,1.9300228284034604,0.9750317484682544
89.38294838518952,22.46004817414381,-0.4781771597861821,0.8396866305754715,1.6648612355996866
89.43294838518952,22.46004817414381,-0.8411311506199187,0.7584214914868854,1.4719925481839733
89.48294838518952,22.46004817414381,-1.3331448957828587,-0.9852474010244008,0.13991736271419042
89.53294838518953,22.46004817414381,-1.4988639890121171,-0.887259094477717,-0.40324021424478795
89.58294838518952,22.46004817414381,-1.3065895988736163,0.5960546693523849,0.7313465317825587
89.63294838518952,22.46004817414381,-2.2376616960007327,0.824662864876712,2.668494806523863
89.68294838518952,22.46004817414381,-2.5159805072343016,0.7826052778890067,3.0767673391024535
89.73294838518952,22.46004817414381,-1.50264844620515,1.1567892513197957,2.8897962184194697
89.78294838518953,22.46004817414381,-1.0697191606804473,1.336053217526809,2.252620487198103
89.83294838518952,22.46004817414381,-0.6530897276234074,1.1971665028885594,1.1683823728883287
89.88294838518952,22.46004817414381,-0.5031731662201245,0.8011419958199608,0.2181628150503415
89.93294838518952,22.46004817414381,-0.7107914246584003,0.5991886966582346,0.20089709574204812
89.98294838518952,22.46004817414381,-0.939438781237446,0.28619622721783045,0.28170205987994446
90.03294838518953,22.46004817414381,-1.0351147323202075,0.7637445871019205,-0.6052025559666973
90.08294838518952,22.46004817414381,-1.155817562166739,1.0031878463812824,-0.1401166798887277
90.13294838518952,22.46004817414381,-0.7185477548639883,1.0207721955668418,-0.24432092417753834
90.18294838518952,22.46004817414381,-0.3541308742011632,0.8521640989957727,0.07371432418459976
90.23294838518952,22.46004817414381,-0.41179288330859987,1.5036264610321879,-0.7671309804346386
90.28294838518951,22.46004817414381,-0.39811968986159213,1.382650378988562,-0.3075753622386672
90.33294838518952,22.46004817414381,-0.3330251453360103,1.3087093190475567,0.03243476469428518
90.38294838518952,22.46004817414381,-0.26375713136374035,1.5709628946383596,-0.30300651839355863
90.43294838518952,22.46004817414381,-0.45337907145658723,1.2202940886606615,-0.3390379249335856
90.48294838518952,22.46004817414381,-0.5757336041715011,1.6006722160055786,-0.55569742002104
90.53294838518951,22.46004817414381,-0.5306036104521219,1.727467034764813,-0.7511439834329968
90.58294838518952,22.46004817414381,-0.4348739622865776,1.3951554869104554,-0.13965735848727634
90.68294838518952,22.46004817414381,-0.7938520146379355,0.37529971410303703,0.4330286080647721
90.73294838518952,22.46004817414381,-1.2151346825509537,0.44114809304327224,0.13915964721821922
90.78294838518951,22.46004817414381,-1.4551277810813728,0.40466872174955526,0.2533663672954783
91.48294838518952,22.46004817414381,-1.4364199854941506,1.1135655332817,-0.10102580635477199
91.53294838518951,22.46004817414381,-1.218248313117428,1.2831012032702234,-0.3449565669404653
91.73294838518952,22.46004817414381,-1.1206030605645463,1.303380189148144,0.009941620138604307
91.78294838518951,22.46004817414381,-0.7116422623481043,1.0834988807613317,-0.44255268380801843
91.83294838518952,22.46004817414381,-0.06186409767070436,1.5984188951110698,-0.6269029167892639
91.88294838518952,22.46004817414381,-0.895329265869849,1.2829020047501958,-0.17807894189281948
91.93294838518952,22.46004817414381,-0.9626094319742321,1.4075307079557904,-0.8574077037697707
91.98294838518952,22.46004817414381,-1.150137887982334,1.4068830843232423,-0.8558983489239782
92.03294838518951,22.46004817414381,-1.6238203411530314,1.3406014672395792,-0.4483773525276221
92.08294838518952,22.46004817414381,-1.9713788694250118,1.1718903902072795,-0.4377187840569755
92.13294838518952,22.46004817414381,-2.3793439286324944,0.653640931979476,-0.4645971631313286
92.18294838518952,22.46004817414381,-2.707706303786117,0.40277374625990225,-0.6728666617545996
92.23294838518952,22.46004817414381,-3.2856515992166244,-0.3938459584582769,-0.7315069223462513
92.28294838518951,22.46004817414381,-3.5301674306515656,-0.32996171840177024,-0.42884825850284636
92.33294838518952,22.46004817414381,-3.920938881288966,-0.4261075424682489,-0.4197715265107179
92.38294838518952,22.46004817414381,-3.934624684952401,-0.5353635987514342,-0.8208544902014023
92.43294838518952,22.46004817414381,-3.3595166510679215,-0.5628815639392966,-1.419595697030486
92.48294838518952,22.46004817414381,-3.900024255017095,-0.6455690758208867,-0.4515515800398389
92.53294838518951,22.46004817414381,-4.02328341616933,-1.0681744415720913,-1.3894351016857176
89.03294838518953,22.41004817414381,-0.7093551178603198,1.1701971302686032,2.1057608717503933
89.08294838518952,22.41004817414381,-0.8991024207952961,0.9027091189108892,1.8652118177036552
89.13294838518952,22.41004817414381,-0.680904973545518,0.8401776093983973,1.8096361862264545
89.18294838518952,22.41004817414381,-1.4825702240896432,1.169163185186872,3.4629401602452177
89.23294838518952,22.41004817414381,-1.0518962056529042,0.9151644243944967,2.3856488394070863
89.28294838518953,22.41004817414381,-0.520092481507073,1.8491405357862227,1.9041678409827434
89.33294838518952,22.41004817414381,-0.471641664839722,1.4848810289790277,1.0874351088383383
89.38294838518952,22.41004817414381,-1.606729183247141,-1.3990765030281294,0.7473765263278587
89.43294838518952,22.41004817414381,-2.0098325166004942,-0.9940642353477712,1.606301551872246
89.48294838518952,22.41004817414381,-2.042209335238966,-1.953788454116684,0.32735854701190875
89.53294838518953,22.41004817414381,-2.123225919537985,-2.1122019123789326,-0.21563775427391785
89.58294838518952,22.41004817414381,-2.4471366705982804,-1.8661425000018987,0.387976983092413
89.63294838518952,22.41004817414381,-2.324593013734567,0.2427220221209071,2.565162076794403
89.68294838518952,22.41004817414381,-2.3099367658005,-0.5038168627113816,1.5773691612676064
89.73294838518952,22.41004817414381,-1.630283762781238,0.6634938376143684,1.291703635496461
89.78294838518953,22.41004817414381,-1.0687520109451278,1.8046419496687076,1.1006042424596878
89.83294838518952,22.41004817414381,-0.910322951069966,1.3816590024672075,0.5915203199463358
89.88294838518952,22.41004817414381,-0.8387472767925105,0.5456412958243432,0.5203928905237327
89.93294838518952,22.41004817414381,-0.8628441935776083,0.6470951388668632,0.6704878087323475
89.98294838518952,22.41004817414381,-0.8998046750614057,0.6293714881530877,-0.5718462111031242
90.03294838518953,22.41004817414381,-1.071269728753397,0.8844285101852738,-0.5862580166203513
90.08294838518952,22.41004817414381,-1.0601808623331765,0.7954718661511581,0.11080576090696287
90.13294838518952,22.41004817414381,-0.9467809962263231,0.5696525272060841,0.40391634706019797
90.18294838518952,22.41004817414381,-0.8143154478246843,0.9580127536734058,-0.2058678743670667
90.23294838518952,22.41004817414381,-0.34586605726069963,1.368037813178169,-0.28004530503680586
90.28294838518951,22.41004817414381,0.012174376356757888,1.2866319019361507,0.24971477241303727
90.33294838518952,22.41004817414381,-0.03500533605202033,1.5596536847996028,-0.3870862081576543
90.38294838518952,22.41004817414381,-0.2229592276945715,1.8237403754736246,-0.5384128244895119
90.43294838518952,22.41004817414381,-0.18897795322033573,1.9994617938264039,-0.717018837607579
90.48294838518952,22.41004817414381,-0.418422629704271,1.812925765559499,-0.5362051131425596
90.53294838518951,22.41004817414381,-0.487253574993166,1.8470960923107667,-0.6117478658441619
90.58294838518952,22.41004817414381,-0.60174136648637,1.333144589817994,-0.15150706586981205
90.63294838518952,22.41004817414381,-0.3832624865850589,1.0607080574975167,0.40427669240124525
90.68294838518952,22.41004817414381,-0.7761929261202062,0.44668218562400974,0.829748587531351
90.73294838518952,22.41004817414381,-0.9992140449738331,0.5225245381505004,0.21283857257609295
90.78294838518951,22.41004817414381,-1.3189554890662174,0.5181960896613488,-0.14693435257377108
90.83294838518952,22.41004817414381,-1.3567616915594782,0.4071076700117303,0.38457194962250185
90.98294838518952,22.41004817414381,-0.49771793507644796,0.6728791211317622,0.9386041496668042
91.03294838518951,22.41004817414381,-0.8304409908244701,0.8622753101500761,1.6714263817554924
91.48294838518952,22.41004817414381,-1.3444605710846158,0.8577649902318628,0.4065715213442695
91.53294838518951,22.41004817414381,-0.9018284738306034,1.5713912408685562,0.29821280491686947
91.78294838518951,22.41004817414381,-0.27269084646045233,1.849410472064856,0.06787221453835035
91.83294838518952,22.41004817414381,0.33031462954030716,2.94819006798677,0.1607429370099114
91.88294838518952,22.41004817414381,-0.506564352000092,2.338365226716346,0.5184807281207573
91.93294838518952,22.41004817414381,-1.3257152440155446,1.1753368242276805,0.008348740082390218
91.98294838518952,22.41004817414381,-1.5741181284233658,1.2347786163988534,-0.32003654835144685
92.03294838518951,22.41004817414381,-1.5084168585905715,1.1297977922061904,-0.9858871812017109
92.08294838518952,22.41004817414381,-1.9712088673222126,1.2959441166565147,-1.067947257950659
92.13294838518952,22.41004817414381,-2.212296036496236,0.823749090905999,-1.6062829194676151
92.18294838518952,22.41004817414381,-2.3891678844722164,0.7254607853146566,-1.5266342836875821
92.23294838518952,22.41004817414381,-2.9436500485760138,0.062404946898860225,-1.5430595225645323
92.28294838518951,22.41004817414381,-3.3132235265615586,-0.01993371901868657,-0.9563019326008622
92.33294838518952,22.41004817414381,-3.508766656942028,-0.2246831875170835,-0.8078347029870171
92.38294838518952,22.41004817414381,-3.4542179768455563,-0.5675937467757294,-1.299810272684869
92.43294838518952,22.41004817414381,-3.520841806343907,-0.5382541032935759,-1.5223259986483626
92.48294838518952,22.41004817414381,-3.824950197680802,-0.9238727244562146,-0.6861343245516677
92.53294838518951,22.41004817414381,-4.24446166921979,-1.4515244376109107,-1.0307732508885064
89.03294838518953,22.360048174143813,-0.321223176835143,1.5590046962359818,1.37707656624051
89.08294838518952,22.360048174143813,-0.4361060611649078,1.8365801002823414,1.345507190161591
89.13294838518952,22.360048174143813,-0.6424193136718506,1.7729773996049354,1.5135374780908033
89.18294838518952,22.360048174143813,-0.9757566144374991,1.4460017918428811,2.5617438966862305
89.28294838518953,22.360048174143813,-0.7089384836374178,1.2970405207355844,2.0892455962537473
89.33294838518952,22.360048174143813,-1.1700411701918023,0.11718610116837397,1.3567331001212428
89.38294838518952,22.360048174143813,-1.929504875571987,-1.8441211941609401,0.8064207318395374
89.43294838518952,22.360048174143813,-2.5585225882798412,-1.6994100655991038,1.4929013999359046
89.48294838518952,22.360048174143813,-2.535712340428864,-2.0651926159540093,0.5739620517081212
89.53294838518953,22.360048174143813,-2.3362148840136814,-2.2299896306006923,0.41542563442408414
89.58294838518952,22.360048174143813,-2.5153038351798847,-2.1915194285138364,0.06876300255743026
89.63294838518952,22.360048174143813,-2.316596787024622,-1.1535193849268055,1.0614116093578077
89.68294838518952,22.360048174143813,-2.525021769048568,-2.0876656899877535,-0.15517103230939586
89.73294838518952,22.360048174143813,-2.2092351476464,-1.5990199602495894,-0.9214178650052037
89.78294838518953,22.360048174143813,-1.3632996608254346,1.1038301550801177,-0.5982635786504001
89.83294838518952,22.360048174143813,-0.7123533858006905,1.9503945681743309,-0.47449927067022635
89.88294838518952,22.360048174143813,-0.8583227466294417,1.1516237180854805,0.5631461630728769
89.93294838518952,22.360048174143813,-0.8551635326907765,1.0210970396434864,0.10221358088815696
89.98294838518952,22.360048174143813,-1.0355686860469668,0.7587294849725491,-0.6710844006288281
90.03294838518953,22.360048174143813,-1.1914872823999907,0.7408905493577161,0.012252028079975975
90.08294838518952,22.360048174143813,-1.0524810933165447,0.6241251318412786,0.28762137312470915
90.13294838518952,22.360048174143813,-0.8005545797509139,0.9450817719785939,-0.22146379381103287
90.18294838518952,22.360048174143813,-0.5582472071554405,1.4987166472809832,-0.5226686383679625
90.23294838518952,22.360048174143813,-0.6185988688643655,1.2140954050536203,0.09010798900168532
90.28294838518951,22.360048174143813,-0.43947304020213357,1.4807245002875082,0.10467210221479196
90.33294838518952,22.360048174143813,-0.21877553737459593,1.821072183371613,0.127016873811945
90.38294838518952,22.360048174143813,-0.16769510136832638,1.7058249559832201,-0.6796829732323306
90.43294838518952,22.360048174143813,0.02684687997721863,1.8597776908474923,-0.8940863763708332
90.48294838518952,22.360048174143813,0.10814286128545492,2.3440774720775446,-0.8383217074545858
90.53294838518951,22.360048174143813,-0.16727730512329136,2.29886771701138,-1.0607349654216334
90.58294838518952,22.360048174143813,-0.5200800190659758,1.7814044887823428,-0.7695179378109955
90.68294838518952,22.360048174143813,-0.8616427308632539,0.1732720350154611,0.7968916990421349
90.73294838518952,22.360048174143813,-1.2599454223602264,0.49902715929883823,0.1587162060830871
90.78294838518951,22.360048174143813,-1.2689414763883704,0.5130817659112046,-0.35591610974861204
90.83294838518952,22.360048174143813,-1.3974442446876179,0.21373063619262522,0.44761758215218916
91.03294838518951,22.360048174143813,-1.0937341605805304,0.15207895426554846,2.407695169022407
91.08294838518952,22.360048174143813,-1.0167864484040507,0.8072278254601182,0.8991784793044514
91.78294838518951,22.360048174143813,0.5526909575301864,4.88561360426538,1.484113779632381
91.83294838518952,22.360048174143813,0.8834569434810812,5.886386796865805,1.8976681236735553
91.88294838518952,22.360048174143813,-0.02102659173130267,2.8027947703267158,0.8145782359952786
91.93294838518952,22.360048174143813,-1.117948415407291,1.6013832605183533,-0.2706534916801794
91.98294838518952,22.360048174143813,-1.4974412577905316,1.7661034460925091,-0.8228808082761142
92.03294838518951,22.360048174143813,-2.217999503929324,0.8322116556855433,-1.208664833158163
92.08294838518952,22.360048174143813,-2.705285138479995,0.6316842498731228,-1.0697913329798991
92.13294838518952,22.360048174143813,-2.495924017577693,0.9451173759042174,-1.3863919544275538
92.18294838518952,22.360048174143813,-2.7430965957846247,0.514267910576987,-1.7032733421803046
92.23294838518952,22.360048174143813,-2.709448428302055,0.5115612757024218,-1.7749719151827354
92.28294838518951,22.360048174143813,-2.9186604230781796,0.3230075900157203,-1.6172461500358668
92.33294838518952,22.360048174143813,-3.129800823939428,0.3922396705655715,-0.8284296490071026
92.38294838518952,22.360048174143813,-2.9015963772925994,-0.03317052309631563,-1.4458396361739452
92.43294838518952,22.360048174143813,-2.990293181105299,-0.11036483548861742,-1.1770474629534795
92.48294838518952,22.360048174143813,-3.606423605535989,-0.7005648404984626,-1.0758663253075877
92.53294838518951,22.360048174143813,-4.273585574671272,-1.4068244287164704,-0.7320129433405343
89.03294838518953,22.310048174143816,-0.5336277304970525,1.3373294639083113,2.2425865776232476
89.08294838518952,22.310048174143816,-0.5757031246109174,1.5216829120828,2.0221468276406007
89.13294838518952,22.310048174143816,-0.646396862205611,1.5882663509164239,2.3392369848402566
89.18294838518952,22.310048174143816,-1.417238853129243,1.3840328862358056,2.704458894521903
89.28294838518953,22.310048174143816,-1.0421086033312998,0.7552495078042898,2.087006053901193
89.33294838518952,22.310048174143816,-1.6253842273223054,0.0032891268324011236,1.5370933228742618
89.38294838518952,22.310048174143816,-2.368648440837184,-1.8485061137661982,0.8656939841444918
89.43294838518952,22.310048174143816,-2.890274480739317,-1.7798163732272327,1.4393666927712099
89.48294838518952,22.310048174143816,-2.704997260758896,-1.6965344333906778,1.0855118813473368
89.53294838518953,22.310048174143816,-2.535535784499502,-2.2815956724769615,0.536248048627256
89.58294838518952,22.310048174143816,-2.5078380045170627,-2.1300478694086022,0.4172104681627967
89.63294838518952,22.310048174143816,-2.4757426683836385,-2.140922546711245,0.3902299528537776
89.68294838518952,22.310048174143816,-2.5558361484249534,-2.2047569380205214,-0.07454560459396088
89.73294838518952,22.310048174143816,-2.1370346887796448,-1.6884300647940542,-0.6935058431389735
89.78294838518953,22.310048174143816,-1.3731260653543984,0.5669234990183276,-0.5205141016557052
89.83294838518952,22.310048174143816,-0.8934232489184802,1.5576275137195723,-0.01792234081469449
89.88294838518952,22.310048174143816,-0.6479462204040747,1.1205751489797968,0.25477508769990764
89.93294838518952,22.310048174143816,-0.551140049702268,1.3769457663953066,-0.3818333967212295
89.98294838518952,22.310048174143816,-0.9029034253604811,1.281284753485497,-0.6062127484367721
90.03294838518953,22.310048174143816,-1.0545586588811284,1.1798305326274443,-0.6490559015719392
90.08294838518952,22.310048174143816,-0.9943211682768479,0.822620921813312,-0.3058721687818377
90.13294838518952,22.310048174143816,-0.9160262868630529,1.0526211575272573,-0.39463234493245153
90.18294838518952,22.310048174143816,-0.7124267545475524,1.3775227044970224,-0.31241389320764473
90.23294838518952,22.310048174143816,-0.19002975045923287,1.5158420566611515,-0.20690420679581462
90.28294838518951,22.310048174143816,-0.09461996281384666,1.855789258407745,-0.8678082142670919
90.33294838518952,22.310048174143816,0.020345164791307435,1.8894192654995143,-0.8873343571747658
90.38294838518952,22.310048174143816,0.06064198835558193,1.5939012157461523,-0.7871716133941606
90.43294838518952,22.310048174143816,0.06951709171885367,1.9587461809170401,-1.1502018290938718
90.48294838518952,22.310048174143816,0.017453626252889376,2.6051570722624224,-1.2790289045582521
90.53294838518951,22.310048174143816,-0.2149996334156315,2.550285852889568,-1.1514442548739336
90.58294838518952,22.310048174143816,-0.6258870709845709,1.542785419842406,-0.467563026224578
90.68294838518952,22.310048174143816,-0.7114856374426844,0.27618791961747,0.730065646428868
90.73294838518952,22.310048174143816,-1.271907867297585,0.5826544855472481,0.0727125580577827
90.78294838518951,22.310048174143816,-1.1716179235300088,0.8251285204633821,-0.5398653746336661
91.08294838518952,22.310048174143816,-1.2610344278397367,0.6615108526021586,0.4712425374738487
91.13294838518952,22.310048174143816,-1.3431811092856563,0.8445243616230098,0.5609583449423362
91.78294838518951,22.310048174143816,0.41013498017957034,4.510213481699402,1.7296575915555115
91.83294838518952,22.310048174143816,0.17348667313547206,3.3758078190434055,0.8935119286936759
91.88294838518952,22.310048174143816,-0.26171550920741865,2.432500394408315,-0.11789757289692539
91.93294838518952,22.310048174143816,-1.051427557290026,1.8640727947135403,-0.5759301055820888
91.98294838518952,22.310048174143816,-1.2414270601455928,1.9856084979470958,-0.5888964020439916
92.03294838518951,22.310048174143816,-2.094031064493886,0.9746088120497326,-1.0978155892625974
92.08294838518952,22.310048174143816,-2.7685795901829753,0.12291609065176734,-1.3466757908643625
92.13294838518952,22.310048174143816,-2.5622149861097747,0.46969458442925077,-1.668264923504881
92.18294838518952,22.310048174143816,-2.51996951595319,0.4378879594277556,-1.7828815025823173
92.23294838518952,22.310048174143816,-3.008062303791121,0.09877551331702306,-2.016450542231165
92.28294838518951,22.310048174143816,-3.0904781838427198,0.21959679184003655,-1.7220854818456661
92.33294838518952,22.310048174143816,-3.0932645637528413,0.29964241794125046,-1.380176745972327
92.38294838518952,22.310048174143816,-3.396834467034647,0.18740595348343658,-1.02475777291991
92.43294838518952,22.310048174143816,-3.7954226738578845,-0.6678100569333,-1.2224573795732843
92.48294838518952,22.310048174143816,-3.9452643267952316,-1.1511367421980732,-1.4174861642976457
92.53294838518951,22.310048174143816,-4.524612196664643,-1.5902288662911772,-0.6608726821110975
92.58294838518952,22.310048174143816,-3.807427308020423,-1.5300217680080892,-1.7833839863104992
89.03294838518953,22.26004817414381,-0.5549527728343502,1.3932821834316191,2.380547378842668
89.08294838518952,22.26004817414381,-0.5998655630938944,1.6631816128340344,2.022090900797218
89.13294838518952,22.26004817414381,-0.5571535885626014,2.009833421225284,1.3965918246846476
89.18294838518952,22.26004817414381,-1.2143416025673686,1.1397631292656096,1.8781262634140208
89.23294838518952,22.26004817414381,-1.9175987202134075,0.3581558274699196,2.2993104429010507
89.33294838518952,22.26004817414381,-2.285457901119828,0.3801457026420295,2.54042426168117
89.38294838518952,22.26004817414381,-2.5696066681838925,-1.7307233046699868,1.0023572093088773
89.43294838518952,22.26004817414381,-2.8680346928770035,-1.7762264683455016,1.477960248870846
89.48294838518952,22.26004817414381,-2.7318976388806124,-1.7536277149813335,1.4659715653358094
89.53294838518953,22.26004817414381,-2.7146937212203985,-2.4700876526641244,0.5336336572979142
89.58294838518952,22.26004817414381,-2.7661683073773555,-1.6435670791512407,1.5498807989189518
89.63294838518952,22.26004817414381,-2.77177199092062,-2.3104631641081,-0.11870169879439185
89.68294838518952,22.26004817414381,-2.7294224423198648,-2.291742245124616,-0.3963116301240666
89.73294838518952,22.26004817414381,-2.6617906387232066,-1.7272502577819873,0.27231448686227117
89.78294838518953,22.26004817414381,-2.1072521925578327,-1.4987645596363104,-0.46433962380761484
89.83294838518952,22.26004817414381,-1.3343403494309223,0.7187800125080828,0.63643821090489
89.88294838518952,22.26004817414381,-0.9114093626493325,1.1779953922053121,0.43268090181531144
89.93294838518952,22.26004817414381,-0.5776783967652295,1.6962847127447604,-0.6736318306883607
89.98294838518952,22.26004817414381,-0.6102358685476145,1.7957386052426274,-0.6568615312810877
90.03294838518953,22.26004817414381,-0.8788337168139545,1.389322043497748,-0.8254652870651092
90.08294838518952,22.26004817414381,-0.9103798003775941,1.0803655157211993,-0.13692768636617547
90.13294838518952,22.26004817414381,-0.9080911833319428,1.4000342638598275,-0.6123021247635623
90.18294838518952,22.26004817414381,-0.672908786881632,1.1776220611500667,-0.6137439925958484
90.23294838518952,22.26004817414381,-0.17038879228234588,1.4032215284091603,-0.3184324558059302
90.28294838518951,22.26004817414381,0.1873455206167252,2.045784242484972,-0.9404146744761392
90.33294838518952,22.26004817414381,0.10990936660287864,2.2082234772834854,-1.1191084306167987
90.38294838518952,22.26004817414381,-0.011528293070136919,1.8059088290848146,-1.106663639890233
90.43294838518952,22.26004817414381,-0.16942799872249326,1.6749041900129447,-0.855188706777826
90.48294838518952,22.26004817414381,-0.3196692145948458,1.987696673420741,-1.002205622088321
90.53294838518951,22.26004817414381,-0.47255700256688926,1.9649081814890552,-0.8627690396370707
90.58294838518952,22.26004817414381,-1.106901880673338,0.8824416056351576,0.6394202379804497
90.68294838518952,22.26004817414381,-0.622040424735658,0.6742338222809067,0.1762245271390078
90.73294838518952,22.26004817414381,-1.3278566162899916,0.7545788995285567,-0.19041753455706412
90.78294838518951,22.26004817414381,-1.4043525227964349,0.97323578719926,-0.43220028859829207
90.83294838518952,22.26004817414381,-1.1251602849881357,0.6905906599494245,0.31285975482587847
90.98294838518952,22.26004817414381,-1.3008477908728848,0.8709788783919088,1.6955641420842367
91.08294838518952,22.26004817414381,-1.2964724685501146,0.9390643537686011,0.30479716443141985
91.13294838518952,22.26004817414381,-1.3330030286530032,1.252662134501959,-0.13242541661386834
91.18294838518952,22.26004817414381,-1.6579618326503824,0.6113009335115045,0.7541198846673751
91.78294838518951,22.26004817414381,-0.20502575737194242,3.3502378660526775,1.7065300296508807
91.83294838518952,22.26004817414381,-0.6446741393267388,2.536226604401202,0.8915918409942577
91.88294838518952,22.26004817414381,-0.7779345869052543,1.8255737337951905,-0.44732186223441783
91.93294838518952,22.26004817414381,-1.169370625555526,1.5506756978052476,-0.6797355098532952
91.98294838518952,22.26004817414381,-1.3410293629986207,1.725102658737689,-0.48513953774504603
92.03294838518951,22.26004817414381,-1.442245204764096,1.8218497007694534,-1.0923001822516707
92.08294838518952,22.26004817414381,-2.525413238266409,0.26308132010273483,-1.061311636989571
92.13294838518952,22.26004817414381,-2.60946830892903,0.2659155871684349,-1.1946076899537117
92.18294838518952,22.26004817414381,-2.981962350761522,0.10670501723643577,-1.3662186461434784
92.23294838518952,22.26004817414381,-3.1102422809217067,-0.0870575663052825,-1.6624978704740165
92.28294838518951,22.26004817414381,-3.128885881056332,0.1658577368073222,-1.756601863386279
92.33294838518952,22.26004817414381,-3.097715640524805,0.23904814048421097,-1.8074494501381233
92.38294838518952,22.26004817414381,-3.301290006826196,0.03829607704298821,-1.771127944750662
92.43294838518952,22.26004817414381,-3.5097567108411183,-0.3273257249592346,-1.2261264270415084
92.48294838518952,22.26004817414381,-3.3399648244906897,-0.456436987241461,-1.2226023283975642
92.53294838518951,22.26004817414381,-4.087760250737301,-1.595217591729504,-0.524847064542502
92.58294838518952,22.26004817414381,-3.9854881633120063,-1.5379883089849553,-1.213145438875988
89.08294838518952,22.21004817414381,-0.9585445710284352,1.067384036868999,1.5261656234840055
89.13294838518952,22.21004817414381,-1.6656916147848153,0.38299838017775106,2.148972759490107
89.18294838518952,22.21004817414381,-2.10839906142619,-0.8383486094894832,1.122996968078449
89.23294838518952,22.21004817414381,-2.5001084345822795,-0.9012036853836072,1.2351591207674666
89.28294838518953,22.21004817414381,-2.305270734568582,-0.6467678161795606,1.5931039113608907
89.33294838518952,22.21004817414381,-2.5946124363506864,-0.6683427494514954,1.798127321741957
89.38294838518952,22.21004817414381,-2.6709308151904394,-1.872277125798742,0.9414983057580133
89.43294838518952,22.21004817414381,-2.685539366788443,-1.7648705274943879,1.406048329212145
89.48294838518952,22.21004817414381,-2.9320627156551877,-1.9212069563908551,1.1338152521345013
89.53294838518953,22.21004817414381,-3.0634149486808377,-2.1885460841225464,0.9517166763795933
89.58294838518952,22.21004817414381,-2.9133765926054895,-2.1667265620772165,0.8073376645500153
89.63294838518952,22.21004817414381,-2.890608537351012,-2.3683032536781354,-0.1695440674347808
89.68294838518952,22.21004817414381,-2.7503273251804985,-2.0030982197128218,0.2147075415930832
89.73294838518952,22.21004817414381,-2.792914633073445,-2.2231509809803414,-0.10491360835733461
89.78294838518953,22.21004817414381,-2.460972293275878,-2.0352280733353387,-0.5150053971028217
89.83294838518952,22.21004817414381,-1.98158969818465,-0.9166309500689072,0.48066524973662467
89.88294838518952,22.21004817414381,-1.1125610473929815,0.5420651988864242,-0.08690445735151697
89.93294838518952,22.21004817414381,-0.596616189218234,1.6211416112720605,-0.823726137543935
89.98294838518952,22.21004817414381,-0.8036340056543354,1.5616410093653592,-0.8264920615399418
90.03294838518953,22.21004817414381,-0.9808507448514708,1.0703456084120968,-0.008825718829155081
90.08294838518952,22.21004817414381,-0.7956613839804735,1.120382009124325,-0.44309336074399946
90.13294838518952,22.21004817414381,-0.8212793565640227,1.5626112464228943,-1.0396248494644902
90.18294838518952,22.21004817414381,-0.8154312590466051,1.2819112450388404,-0.8161854198468045
90.23294838518952,22.21004817414381,-0.6580944430870085,1.1362988610862785,-0.3958126216333454
90.28294838518951,22.21004817414381,-0.18896102074343174,1.8243234393719376,-1.2092772783775425
90.33294838518952,22.21004817414381,-0.2550882413160205,2.0446849799090216,-1.1027210290196474
90.38294838518952,22.21004817414381,-0.652901359883395,1.2123840248643472,-0.7226790244321586
90.43294838518952,22.21004817414381,-0.7455773710129304,1.0694470851744429,-0.6001832695320719
90.48294838518952,22.21004817414381,-0.8662451235833328,1.4535321402486192,-0.3695898857683737
90.53294838518951,22.21004817414381,-0.7962577381704797,1.3568415690301856,0.2344815786066241
90.58294838518952,22.21004817414381,-1.4027682048752717,-0.18318118555527993,1.4204844427239756
90.63294838518952,22.21004817414381,-1.1485679637250596,0.5990696197000333,1.0655076833886354
90.68294838518952,22.21004817414381,-0.5524896381102725,0.9549270565491998,0.05611657574011964
90.73294838518952,22.21004817414381,-1.051417287806804,1.0215141170459647,0.0035527384062958977
90.78294838518951,22.21004817414381,-1.5754734996311568,0.8253918496326462,0.15678147110691973
90.98294838518952,22.21004817414381,-1.0384077597132468,1.2632772034591064,0.8237186710404508
91.08294838518952,22.21004817414381,-0.995368884115453,1.1992794654944785,-0.13963417958692487
91.13294838518952,22.21004817414381,-1.5242115701926546,1.3157609444830014,-0.3285484964696528
91.83294838518952,22.21004817414381,-0.8565160777099433,2.4187252646422133,0.31612933849884156
91.88294838518952,22.21004817414381,-1.0038930647337043,1.8841673060482935,-0.6406067919168237
91.93294838518952,22.21004817414381,-1.1737921562195173,1.777545156065151,-0.6138113127422808
91.98294838518952,22.21004817414381,-1.3806180646658572,1.498140872288788,-0.21946288300507025
92.03294838518951,22.21004817414381,-1.148964714312468,1.9473049790653298,-0.9017635035967596
92.08294838518952,22.21004817414381,-2.0986833039786004,0.9008029854530707,-0.9261812448561916
92.13294838518952,22.21004817414381,-2.687909599081852,0.4841351592601587,-0.8473027918195789
92.18294838518952,22.21004817414381,-2.884607175348026,0.6731165949276522,-0.765036138081497
92.23294838518952,22.21004817414381,-3.0120925206315743,0.23662794041294977,-1.1266583442700489
92.28294838518951,22.21004817414381,-3.192388800551462,-0.032538707039453496,-1.625868289590841
92.33294838518952,22.21004817414381,-3.5812496952684745,0.08333966100466506,-1.676763545350222
92.38294838518952,22.21004817414381,-3.445380463662441,0.06537565413341073,-1.9813115465015245
92.43294838518952,22.21004817414381,-3.1575698086651713,-0.2649171039166064,-1.9409550664920932
92.48294838518952,22.21004817414381,-3.6568998908637633,-0.6148912967714919,-1.160946302759205
92.53294838518951,22.21004817414381,-4.234617524307424,-1.6633523156222676,-0.6528044961250211
92.58294838518952,22.21004817414381,-4.252363170845547,-1.4282406215285333,-0.6551446417290929
89.08294838518952,22.16004817414381,-2.1405592470324337,-0.9205361728585683,1.2368928243116533
89.13294838518952,22.16004817414381,-2.1272267697586336,-1.4077381759606893,0.5959331331392731
89.18294838518952,22.16004817414381,-2.431800341799311,-1.5393491717775252,0.483186114653838
89.23294838518952,22.16004817414381,-2.868372441267286,-1.2343384603940244,1.1487432921818221
89.28294838518953,22.16004817414381,-2.755099081513183,-1.341925903126205,1.0655011353198307
89.33294838518952,22.16004817414381,-2.6514436329957403,-1.642463758888497,0.7004780515345836
89.38294838518952,22.16004817414381,-2.833268700355367,-2.1036837016803323,0.5360164405901316
89.43294838518952,22.16004817414381,-2.8408203630201565,-1.6359563712172598,1.5071851433705867
89.53294838518953,22.16004817414381,-3.0319251951324695,-1.8873824014299987,0.8645983925671279
89.58294838518952,22.16004817414381,-3.102586488470211,-1.6523837009379774,1.1890612578969253
89.63294838518952,22.16004817414381,-2.7552194379624253,-2.1410655022243392,0.025302682034907077
89.68294838518952,22.16004817414381,-2.7331624766890252,-2.1793897162696196,0.006147598658983615
89.73294838518952,22.16004817414381,-3.023408548689182,-2.2277755447719785,-0.25478854078352764
89.78294838518953,22.16004817414381,-2.9279449899914156,-2.401878550091566,-0.9829386586046474
89.83294838518952,22.16004817414381,-2.67667539945184,-1.6812809538356965,-0.2595460385971044
89.88294838518952,22.16004817414381,-2.0699637806599673,-0.9773421554152134,0.4142286603546884
89.93294838518952,22.16004817414381,-0.8631762664099527,1.394016222739246,-0.5895118973365224
89.98294838518952,22.16004817414381,-0.48813591250291777,1.8924572942130782,-0.9988461665329091
90.03294838518953,22.16004817414381,-0.8860105960312238,1.106676138679927,0.01708794258584122
90.08294838518952,22.16004817414381,-1.1500632871292846,1.0578267239223307,-0.24020431544119664
90.13294838518952,22.16004817414381,-0.994502448664434,1.656178995633987,-0.7570752997742705
90.18294838518952,22.16004817414381,-1.0382037614765212,1.2799428661167356,-0.4346960241060744
90.23294838518952,22.16004817414381,-1.0231826214690638,1.1272255379886027,0.09293746983574493
90.28294838518951,22.16004817414381,-0.8202474499006795,1.8768671591914368,-1.1043403255888877
90.33294838518952,22.16004817414381,-0.6047032852394942,1.7981329857061354,-1.0353480063443725
90.38294838518952,22.16004817414381,-0.726767528625709,1.2375760700173037,-0.34417097384206136
90.43294838518952,22.16004817414381,-0.9552802826090704,0.9991462052224744,-0.20104810750904029
90.48294838518952,22.16004817414381,-0.665846509063454,1.2602418882236053,-0.01844908217285582
90.58294838518952,22.16004817414381,-0.6537017525203012,1.3851660446333527,0.8477480680424562
90.63294838518952,22.16004817414381,-0.9915810721171804,0.7665718779399032,0.592376840786882
90.68294838518952,22.16004817414381,-1.2485093724898344,0.8469925317514077,0.22301352747620265
90.73294838518952,22.16004817414381,-1.5190218542193668,0.6255944005797381,0.3870467717150778
90.78294838518951,22.16004817414381,-1.8173891827607445,0.7520597533005743,0.6144870830941023
90.93294838518952,22.16004817414381,-1.2681551504123176,1.0467223298833053,0.9528440562236695
91.08294838518952,22.16004817414381,-1.089113435410615,0.993412211247132,-0.38214083696618983
91.13294838518952,22.16004817414381,-1.66998395335754,0.5118248028146906,0.11703051282231132
91.83294838518952,22.16004817414381,-1.1804449797628087,1.8492103620686198,0.8785693416536215
91.88294838518952,22.16004817414381,-1.6425360633728692,1.6072221788747363,0.5742568954351537
91.93294838518952,22.16004817414381,-1.5702846383877953,1.3891303436203952,-0.24072341235943845
91.98294838518952,22.16004817414381,-1.4499083670114894,1.4307770315032848,-0.3253355764051134
92.03294838518951,22.16004817414381,-1.3583790995221392,1.8009318754226236,-0.6016441645563814
92.08294838518952,22.16004817414381,-1.6567002327960665,1.7629588510203131,-0.7425538637835782
92.13294838518952,22.16004817414381,-2.570939088235372,0.8847556734462434,-0.7790574780847859
92.18294838518952,22.16004817414381,-2.777908280888734,0.966126857574367,-0.8746542387015229
92.23294838518952,22.16004817414381,-3.3069591838782935,0.5196448123977194,-0.7808986610413715
92.28294838518951,22.16004817414381,-3.346576017290783,0.008227905507240618,-1.2777485642688202
92.33294838518952,22.16004817414381,-3.5448809697912473,0.08062619048263475,-1.3698508514019012
92.38294838518952,22.16004817414381,-3.480095498824791,-0.1738849552606635,-1.697144320280696
92.43294838518952,22.16004817414381,-3.364947009722025,-0.40581567700916044,-1.4234812731275344
92.48294838518952,22.16004817414381,-3.708542384197546,-0.9118430136235101,-1.2751176954533512
92.58294838518952,22.16004817414381,-4.7295866245241545,-1.6977010307641418,-0.4650023475356423
89.08294838518952,22.110048174143813,-2.3526054827198077,-1.775951971466252,0.5333603273977384
89.13294838518952,22.110048174143813,-2.3354748198129123,-1.5011151152291202,0.6733626790694648
89.18294838518952,22.110048174143813,-2.5386030952476886,-1.4982647515611547,0.7001382881120958
89.23294838518952,22.110048174143813,-2.849516026196349,-1.3903668508805291,1.25533950083805
89.28294838518953,22.110048174143813,-2.372959950979131,-1.1235241249804921,1.3084588645386737
89.33294838518952,22.110048174143813,-2.427868744559041,-1.533222526330271,0.5071141360164847
89.38294838518952,22.110048174143813,-2.9444878839742437,-1.5729543656766751,1.1290659995375847
89.43294838518952,22.110048174143813,-2.853341234448674,-2.079239287910592,0.7024871890519753
89.48294838518952,22.110048174143813,-2.8472297205221437,-1.2300130803823925,1.883661605731338
89.53294838518953,22.110048174143813,-2.8417994998372578,-1.8370013021692981,1.0507336290053069
89.58294838518952,22.110048174143813,-2.9285802548878683,-1.6183118204164337,1.558174595025242
89.63294838518952,22.110048174143813,-2.7587541718814523,-2.1771539883338176,0.2649418364503893
89.68294838518952,22.110048174143813,-2.9504955594520235,-2.404173231673462,0.09707069618476438
89.73294838518952,22.110048174143813,-3.2087856437699593,-2.5556580358818555,-0.44871218096114124
89.78294838518953,22.110048174143813,-3.478141937098849,-2.494935801748989,-0.4723422671894075
89.83294838518952,22.110048174143813,-3.23555779660106,-1.989127271497053,0.06575150014895899
89.93294838518952,22.110048174143813,-1.12217831892994,1.4509471351902572,-0.45268652903302875
89.98294838518952,22.110048174143813,-0.9063758743724062,1.88796534504131,-0.9025819928478742
90.03294838518953,22.110048174143813,-1.1330650418089,1.1308359302327702,-0.08887120877941981
90.08294838518952,22.110048174143813,-1.0032163992067882,1.422846132843758,-0.8251275848612657
90.13294838518952,22.110048174143813,-1.0806718934911348,1.0952528506474584,-0.026377886448167
90.18294838518952,22.110048174143813,-1.2053019466190253,1.3165181694611605,0.04296740898298921
90.23294838518952,22.110048174143813,-0.6949439005418709,1.4693042337468245,-0.4941885208122894
90.28294838518951,22.110048174143813,-0.508941526677112,2.2652187381860442,-1.2209451640198523
90.33294838518952,22.110048174143813,-0.9629171010545697,1.7358536223849708,-0.8593739918752237
90.38294838518952,22.110048174143813,-1.1733214243339656,0.9543403025792442,0.10348671279382146
90.43294838518952,22.110048174143813,-1.2180444974516147,0.8924268698403562,0.09166397300359577
90.53294838518951,22.110048174143813,-0.9952476577415591,1.7017847058766176,0.3277247157028371
90.58294838518952,22.110048174143813,-0.6337117195136778,1.7403609144350052,0.1786267337280833
90.63294838518952,22.110048174143813,-1.0643545925306468,0.9727318906294234,0.5801208364271656
90.68294838518952,22.110048174143813,-1.8541829377779429,0.7272698646327105,0.33710116940260504
90.73294838518952,22.110048174143813,-1.6801004953172327,0.5478255957935071,0.33188717292988196
90.78294838518951,22.110048174143813,-1.5682284531485782,0.6449990444359679,1.1547941735073073
90.93294838518952,22.110048174143813,-1.7598420692074868,-0.41707290329278934,2.006481525014546
91.03294838518951,22.110048174143813,-1.330692532758608,0.10140472684234425,0.34025117002585387
91.08294838518952,22.110048174143813,-1.3905665554641435,0.0709687694819987,0.21356673776299792
91.88294838518952,22.110048174143813,-1.5697583679218043,1.5070081308490597,0.7243476628947862
91.93294838518952,22.110048174143813,-1.4415263889325134,1.3063344334299336,-0.4847539054621407
91.98294838518952,22.110048174143813,-1.751548322147666,1.4126054286379466,-0.8654912667087419
92.03294838518951,22.110048174143813,-1.9077237300262886,1.4423690938392977,-0.5302803699477584
92.08294838518952,22.110048174143813,-1.660110289282207,1.7940961265028315,-0.5112942070780944
92.13294838518952,22.110048174143813,-2.277729412323837,1.1825013596283243,-0.8589873935020801
92.18294838518952,22.110048174143813,-2.7705892124106852,1.162716407027685,-1.37467958813458
92.23294838518952,22.110048174143813,-3.2308679974391237,1.042642640603696,-0.6714371948855615
92.28294838518951,22.110048174143813,-3.4373617938703838,0.38644290371448153,-1.1062287582251018
92.33294838518952,22.110048174143813,-3.7485911361551363,-0.10461752640600264,-1.1334383929916778
92.38294838518952,22.110048174143813,-3.4619878977800793,-0.2755404340833171,-1.5601376401983134
92.43294838518952,22.110048174143813,-3.4654757968022487,-0.38274830666350346,-1.2996056777082914
92.48294838518952,22.110048174143813,-3.829084432450764,-1.123559656977474,-1.5517118006811519
92.58294838518952,22.110048174143813,-4.18809175481392,-1.6606424459234534,-0.6990865085498448
89.08294838518952,22.060048174143816,-2.3011836200788682,-1.4869627901288358,0.7476499290531067
89.13294838518952,22.060048174143816,-2.5242486799382435,-1.5495233753582176,0.8184359268165773
89.18294838518952,22.060048174143816,-2.516992169932453,-1.4037189466098772,1.0841816946461662
89.23294838518952,22.060048174143816,-2.546001200588867,-1.261371489905563,1.0883831744502248
89.28294838518953,22.060048174143816,-2.5390770120125543,-1.1469114924893316,1.3315475129780137
89.33294838518952,22.060048174143816,-2.942020302073268,-1.8702474535247213,0.616978714174625
89.38294838518952,22.060048174143816,-2.9691738394530733,-1.830851344139194,0.9347948801159064
89.43294838518952,22.060048174143816,-2.834625956601145,-1.8374220421406278,0.8564158182813777
89.48294838518952,22.060048174143816,-3.0326901712347114,-1.4685027608641288,1.6743301395240866
89.53294838518953,22.060048174143816,-3.1290146249897903,-1.3713611907479275,1.9340067076064666
89.58294838518952,22.060048174143816,-2.9517954795503707,-1.719020729574046,1.0693387017417688
89.63294838518952,22.060048174143816,-3.1078513705580937,-2.4210491472834397,0.11996605325096077
89.68294838518952,22.060048174143816,-3.5303545067812507,-2.0334092004193423,0.8277591852104794
89.73294838518952,22.060048174143816,-3.4346946471545845,-2.6583517555654375,-0.2018796476577142
89.78294838518953,22.060048174143816,-3.213629705910905,-2.437414960983233,-0.1647542565702322
89.83294838518952,22.060048174143816,-2.9587309436054565,-1.852329831471092,1.0473391946833777
89.93294838518952,22.060048174143816,-1.0200736955847542,1.183621294811335,-0.03436054789232673
89.98294838518952,22.060048174143816,-1.075947872046487,1.3622950262128424,0.01506364082124143
90.03294838518953,22.060048174143816,-1.1570769602866375,1.1035232993984163,0.1818657003563891
90.08294838518952,22.060048174143816,-0.9299061543566581,1.313887801567595,-0.21177239406444862
90.13294838518952,22.060048174143816,-0.5304633841629737,1.511626946684846,-0.18687993319001597
90.18294838518952,22.060048174143816,-0.5556854630968904,2.0027493972731865,-0.7317389365635023
90.23294838518952,22.060048174143816,-0.5542516097751116,2.2634412720955757,-0.9113890514457568
90.28294838518951,22.060048174143816,-0.5600847470682668,1.9964695251811864,-0.7079362240621493
90.33294838518952,22.060048174143816,-1.0163295999746276,1.4860506540485743,-0.05488941264056847
90.38294838518952,22.060048174143816,-1.3563222906932833,0.6754466798352439,1.4763226193742356
90.48294838518952,22.060048174143816,-1.0628493361557938,1.1346995830965707,0.6959123496587651
90.53294838518951,22.060048174143816,-0.8667644252619882,2.0621767689642043,-0.32933157548703007
90.58294838518952,22.060048174143816,-0.815583951915964,1.8820010282898438,-0.02582202724882305
90.63294838518952,22.060048174143816,-1.1743961441678965,1.062718104992744,0.09381624160038021
90.68294838518952,22.060048174143816,-1.549959943643224,0.8221500188675879,0.1785732098901848
90.73294838518952,22.060048174143816,-1.2412862299688427,0.6177143821586615,0.8564178186008806
91.88294838518952,22.060048174143816,-1.6799697589761502,1.4688092113910847,0.28026253669213
91.93294838518952,22.060048174143816,-1.9331976623514757,1.3769120888275954,-0.46678562882240526
91.98294838518952,22.060048174143816,-2.3056177892609853,0.7029556476555757,-0.9657643345893071
92.03294838518951,22.060048174143816,-1.9261658360771108,1.436857556469326,-0.7917662030932738
92.08294838518952,22.060048174143816,-1.5431027741021388,1.8919883859544337,-0.9234397169134944
92.13294838518952,22.060048174143816,-2.165995351872376,1.5554629142285559,-1.0301375004627444
92.18294838518952,22.060048174143816,-2.5401343041851594,1.1756813970665838,-1.8574860039068393
92.23294838518952,22.060048174143816,-3.118527608404012,1.108075853355871,-1.353864944864508
92.28294838518951,22.060048174143816,-3.55236770198231,0.503413635814489,-0.8646208094447712
92.33294838518952,22.060048174143816,-3.884262664826174,-0.37408185870807714,-1.308450861924662
92.38294838518952,22.060048174143816,-3.456734845155032,-0.15003572575732693,-1.4489341807665148
92.43294838518952,22.060048174143816,-3.2675344054821682,-0.04142807308061491,-0.9993300394760851
92.48294838518952,22.060048174143816,-3.6058620111607316,-1.0261347891187242,-1.7980758692445622
92.58294838518952,22.060048174143816,-4.013600085960814,-1.9152334279727503,-1.2056678411179638
89.13294838518952,22.01004817414381,-2.7809390198609574,-1.6822610965940659,0.5267551978310125
89.18294838518952,22.01004817414381,-2.8362124049419384,-1.1697484339536723,1.193278932683837
89.23294838518952,22.01004817414381,-2.91463886637803,-1.4117482934482362,1.0092011475243419
89.28294838518953,22.01004817414381,-2.865024712291824,-1.6318391996803254,0.4858165320435596
89.33294838518952,22.01004817414381,-2.867926023162102,-1.1830334254931514,1.4901402574402338
89.38294838518952,22.01004817414381,-2.8402929390811646,-1.8415549840469783,0.5750619097298053
89.43294838518952,22.01004817414381,-3.0789914675445207,-1.7020823788870045,0.9129603811301479
89.58294838518952,22.01004817414381,-3.0131998339998907,-1.994248239203752,0.060057463016184434
89.63294838518952,22.01004817414381,-3.150205271833863,-2.1952810178151045,0.14377445811753686
89.68294838518952,22.01004817414381,-3.5028703267054135,-2.0793898137280387,0.7659091916798513
89.73294838518952,22.01004817414381,-3.2397770217438175,-2.235070807972152,0.3902365531471126
89.78294838518953,22.01004817414381,-3.1945032033777347,-2.512062691901384,-0.3769247721961307
89.83294838518952,22.01004817414381,-3.2733705737020187,-2.212207829970008,0.5084874238556351
89.93294838518952,22.01004817414381,-1.2768685525373866,0.43833982875237176,0.7136049591274706
89.98294838518952,22.01004817414381,-1.2501678989495033,0.6599392506011179,0.6786829819443092
90.03294838518953,22.01004817414381,-1.0505908912698936,1.0922384761656896,-0.06751937311101665
90.08294838518952,22.01004817414381,-0.6589029228507742,1.518117977338634,-0.19083538504420652
90.13294838518952,22.01004817414381,-0.6592679025140437,1.6815865061850475,-0.4171762139429919
90.18294838518952,22.01004817414381,-0.9345105045903424,1.7213288119381178,-0.1429882737433921
90.23294838518952,22.01004817414381,-1.1783698352525316,1.6091986867907566,-0.011772506443537454
90.28294838518951,22.01004817414381,-0.8811739820135156,1.8698860953937042,-0.006711097500850792
90.38294838518952,22.01004817414381,-1.1332737466423797,1.392499612668091,1.1947178277314907
90.43294838518952,22.01004817414381,-1.008439823171374,1.6849511979797542,-0.42601994371817714
90.48294838518952,22.01004817414381,-1.258546358247687,0.9804929447962849,0.031058723687748
90.53294838518951,22.01004817414381,-0.8836318137293032,1.7641059334305182,0.334258048175463
90.58294838518952,22.01004817414381,-1.4339479291895882,-0.044545564344271066,1.5419842375668769
90.63294838518952,22.01004817414381,-1.2743751832466121,0.5105250902400607,0.3381095143087906
90.68294838518952,22.01004817414381,-1.0547023225289858,0.9670821904445736,0.42097456162390445
91.88294838518952,22.01004817414381,-1.6795264614952061,2.0180304575412955,0.6724188211158801
91.93294838518952,22.01004817414381,-1.8231723114562175,1.566587624339,-0.02974543212935287
91.98294838518952,22.01004817414381,-2.057371509538047,0.7800112866825248,-0.9544447708443505
92.03294838518951,22.01004817414381,-2.1711096384538613,0.9236696793563963,-0.9237938966131075
92.08294838518952,22.01004817414381,-1.9101793046038185,1.8512865941399597,-0.8948271809252196
92.13294838518952,22.01004817414381,-1.8691816332817521,2.0607025642847256,-1.0497513611333444
92.18294838518952,22.01004817414381,-2.206940430989939,1.407119166119352,-1.3251404732636618
92.23294838518952,22.01004817414381,-3.022223710981259,0.7527162861606818,-1.5706994386792827
92.28294838518951,22.01004817414381,-3.7016701590298404,0.6903622900593901,-0.8592512366526335
92.33294838518952,22.01004817414381,-3.830855619589055,-0.3303089463429104,-1.6160471180533056
92.38294838518952,22.01004817414381,-3.4774155478779756,-0.1676033325389531,-1.4629940560976724
92.43294838518952,22.01004817414381,-3.6740597468753218,-9.763159567799384e-05,-1.1078120000761877
92.48294838518952,22.01004817414381,-3.998803140884675,-0.9991799034474634,-1.294335117201839
89.13294838518952,21.96004817414381,-2.87267410851903,-1.4705850667446572,1.0999458195122238
89.18294838518952,21.96004817414381,-2.725431597672669,-1.5432138294738063,0.4491260930610324
89.23294838518952,21.96004817414381,-2.966098774663624,-1.2792448042629587,1.251354512060407
89.28294838518953,21.96004817414381,-3.2138133060279395,-1.98170923441211,0.10308756250717199
89.33294838518952,21.96004817414381,-3.0564631516125047,-1.3899930571398702,1.090905750780344
89.38294838518952,21.96004817414381,-2.8148371836669854,-1.4616195112517412,1.1132255440511893
89.43294838518952,21.96004817414381,-2.895158049561253,-1.5562596977880157,0.7520253685665932
89.48294838518952,21.96004817414381,-3.181915488308972,-1.8210580963275145,1.3059446720067647
89.58294838518952,21.96004817414381,-3.1412946296038085,-1.8496384228236753,0.5624522062834327
89.63294838518952,21.96004817414381,-3.2528819698616154,-1.8930618727605906,0.31466261058357325
89.68294838518952,21.96004817414381,-3.212425801016744,-1.8757594707337915,0.7989182859656438
89.73294838518952,21.96004817414381,-3.4549034341639815,-2.01453055483271,0.7737844565078628
89.78294838518953,21.96004817414381,-3.8030058116515577,-2.7781843364153804,-0.5528939972242185
89.83294838518952,21.96004817414381,-3.719582877362529,-2.5042754747368883,0.3402699462713197
90.08294838518952,21.96004817414381,-1.0787625081536987,1.0815165254957204,0.21937612019976865
90.13294838518952,21.96004817414381,-0.9152587892665068,1.0668360847122387,0.3255982911578962
90.18294838518952,21.96004817414381,-0.5755339170985777,1.5514481917427052,0.22866013447328595
90.23294838518952,21.96004817414381,-0.9338280177768952,1.748489740143535,0.33902769749922307
90.28294838518951,21.96004817414381,-0.871531832212725,1.8462392631869935,0.42624237562950507
90.38294838518952,21.96004817414381,-1.406923299310455,1.7799716892374575,0.31458651110652963
90.43294838518952,21.96004817414381,-1.3484509220095207,1.6780192641324894,-0.5021025994617294
90.48294838518952,21.96004817414381,-1.5536972997871983,1.141619812941658,0.40278246930227746
90.53294838518951,21.96004817414381,-1.3297182570632022,1.4516571087113415,0.9025831592249184
90.58294838518952,21.96004817414381,-1.01134092249375,1.654890646313884,0.46364397331193175
91.93294838518952,21.96004817414381,-1.8116999229553699,1.841822735870828,0.22550715021093642
91.98294838518952,21.96004817414381,-2.3807917159935577,0.8283914308978613,-1.1256150697543732
92.03294838518951,21.96004817414381,-2.6482795804555033,0.4008422512618647,-0.9792639639120984
92.08294838518952,21.96004817414381,-2.279247635551266,1.1570041997637768,-1.0108335071330667
92.13294838518952,21.96004817414381,-2.262775560331942,1.406791328672255,-1.233824650388444
92.18294838518952,21.96004817414381,-2.6741145583224926,0.9673336474239629,-1.5511552862259728
92.23294838518952,21.96004817414381,-3.099399629739659,0.6543450012271586,-1.6841861354728918
92.28294838518951,21.96004817414381,-3.484425739305499,0.7584757823687505,-0.9035608993430393
92.33294838518952,21.96004817414381,-3.819355897388046,-0.05493733698078629,-1.1939794404628932
92.38294838518952,21.96004817414381,-3.7205620390711807,-0.394301006335279,-1.2522450551588116
92.43294838518952,21.96004817414381,-3.5581678806441985,-0.1916092592787667,-1.2292482007559826
92.48294838518952,21.96004817414381,-4.098719193336517,-0.8731345268723858,-1.5819148042110833
89.13294838518952,21.91004817414381,-2.744982952865949,-1.5520057337735063,0.5610914652159559
89.18294838518952,21.91004817414381,-2.873626831829118,-1.1847530278527088,1.2478138095476952
89.23294838518952,21.91004817414381,-3.240019848579701,-1.3007560806500114,0.6745095435607399
89.28294838518953,21.91004817414381,-3.297145049948697,-1.334207218901103,1.1044053082340617
89.33294838518952,21.91004817414381,-2.862142187182269,-1.6715693294964558,0.4643314222219126
89.38294838518952,21.91004817414381,-2.820221760859969,-1.5745725240760584,0.8625244862343509
89.43294838518952,21.91004817414381,-2.917729610129091,-1.9122479425403003,0.35544534025805985
89.48294838518952,21.91004817414381,-3.0861505631643404,-2.0701842715229395,1.2039209050163426
89.58294838518952,21.91004817414381,-3.1417466896700255,-1.98504977143841,0.4803317016857262
89.63294838518952,21.91004817414381,-3.5354096602019913,-1.9657323818659918,0.7587872859570151
89.68294838518952,21.91004817414381,-3.5550992920560995,-1.9465205919075765,0.9519651251049893
89.73294838518952,21.91004817414381,-3.6672526944341444,-2.1242774235042043,0.6674736755133076
89.78294838518953,21.91004817414381,-3.6664555949225326,-2.458019302251774,0.05728232340648414
89.83294838518952,21.91004817414381,-3.5556101933486364,-2.557200275478698,0.27493210046527117
90.03294838518953,21.91004817414381,-1.4665523333352208,0.6016814548155798,0.7525959067924488
90.08294838518952,21.91004817414381,-1.3019987358593406,0.6659971583799241,0.05564898310988992
90.13294838518952,21.91004817414381,-0.9115784776244591,1.0104758471870225,0.2661549986030213
90.18294838518952,21.91004817414381,-0.5353173012603213,1.73301004663674,-0.1025796857045035
90.23294838518952,21.91004817414381,-0.7787286800001251,2.1772007823717026,-0.36977677715638946
90.28294838518951,21.91004817414381,-0.8623517258231808,1.9152526824050071,0.552435676026426
90.33294838518952,21.91004817414381,-1.5560955423971103,1.1148699680461216,0.6731804202294939
90.38294838518952,21.91004817414381,-2.0006176848680925,0.5468546874941601,1.168436944215832
90.43294838518952,21.91004817414381,-1.6054842988010405,1.1396311493598115,0.7087127963012804
90.53294838518951,21.91004817414381,-1.3484715297945695,1.8070978924662666,0.4874317166101876
90.58294838518952,21.91004817414381,-1.257996872525759,1.5389689156621285,0.6813371012064617
90.63294838518952,21.91004817414381,-1.7116723617069403,-0.15318449969608522,1.5695561883165703
91.88294838518952,21.91004817414381,-1.9186497999441103,2.2247800772137256,2.181017872703661
91.93294838518952,21.91004817414381,-1.9260441502273842,2.276378382513931,0.9287041265114517
91.98294838518952,21.91004817414381,-2.1269615974874,1.1156836634763634,-0.9100749488613333
92.03294838518951,21.91004817414381,-2.3389125929897503,0.7026663613348232,-1.3638094188088745
92.08294838518952,21.91004817414381,-2.636388629602645,0.5666199519833452,-1.2541708172865018
92.13294838518952,21.91004817414381,-3.234596144916851,0.31786146302646995,-1.342820287575089
92.18294838518952,21.91004817414381,-3.3286734033839744,0.5185628218422758,-1.6967308155550755
92.23294838518952,21.91004817414381,-3.513018131072489,0.3707599608881887,-1.643076460255163
92.28294838518951,21.91004817414381,-3.7573495783786903,0.4978363115560296,-1.0237820421959463
92.33294838518952,21.91004817414381,-3.8575723984571697,-0.13353316751091204,-0.7628977846320963
92.38294838518952,21.91004817414381,-3.391448718137596,-0.19036744639866354,-1.5600639734913735
92.43294838518952,21.91004817414381,-3.4578106657347774,-0.49650621303092335,-1.2408497759497206
92.48294838518952,21.91004817414381,-4.168428188431918,-0.8576096503303929,-1.2974276795156325
92.53294838518951,21.91004817414381,-4.756282508745814,-2.216315842584664,-2.7939517974071864
89.13294838518952,21.860048174143813,-2.9205683537068903,-1.833531493907658,0.5621725471213619
89.18294838518952,21.860048174143813,-2.9256628054653135,-1.4402832071720588,0.7740050808210986
89.23294838518952,21.860048174143813,-2.8458301892156577,-1.5969371176200884,-0.09298650630270788
89.28294838518953,21.860048174143813,-2.8980640638603914,-1.2093865522096134,1.4267851641045455
89.33294838518952,21.860048174143813,-2.8701206881748833,-1.2604047830980383,1.1087225234553872
89.38294838518952,21.860048174143813,-3.126365038651309,-2.057883536452164,0.3490669992278892
89.43294838518952,21.860048174143813,-3.101528002468325,-2.211216003172537,0.579879164625631
89.58294838518952,21.860048174143813,-3.2571325612577473,-2.176007780566854,0.10147657991643302
89.63294838518952,21.860048174143813,-3.362665488599248,-1.7822918831358576,0.98995109092566
89.68294838518952,21.860048174143813,-3.328931718877184,-1.9027241981969327,0.9512269067072291
89.73294838518952,21.860048174143813,-3.235613646961444,-1.7689870740963802,1.099864838224113
89.78294838518953,21.860048174143813,-3.169362020137366,-1.8496930869205037,0.835251968726946
89.83294838518952,21.860048174143813,-2.9857457027943326,-1.9173157661816176,1.0092341166294085
90.08294838518952,21.860048174143813,-1.3827619387108672,0.3035612704125801,0.8102614688690358
90.13294838518952,21.860048174143813,-0.6158459089986865,1.9955229746521255,-0.1500357896409756
90.18294838518952,21.860048174143813,-0.3831569309333168,2.7087029996448644,-0.7003046683859484
90.23294838518952,21.860048174143813,-0.8931380154731646,1.9192032004878858,0.13068278113211362
90.33294838518952,21.860048174143813,-1.7924985230756332,0.7730922124575211,0.9315341780063376
91.88294838518952,21.860048174143813,-2.0047937051154867,2.2748247576296587,1.9969308967176131
91.93294838518952,21.860048174143813,-1.8315360323536252,2.4381333021425644,1.1500117149452949
91.98294838518952,21.860048174143813,-2.2776781133619197,1.309346613111264,-0.4310550192068511
92.03294838518951,21.860048174143813,-2.410337134940276,1.020331318301583,-1.2794468716255014
92.08294838518952,21.860048174143813,-2.9373423460326653,0.662348404763323,-1.1920380188917008
92.13294838518952,21.860048174143813,-3.1509437714781696,0.5346600360972864,-1.4639118852698156
92.18294838518952,21.860048174143813,-3.171873429956017,0.27172068609523103,-1.674678203394435
92.23294838518952,21.860048174143813,-3.192290057290429,0.16820544884284194,-1.930184332181906
92.28294838518951,21.860048174143813,-3.649153703931904,0.38482909260001463,-1.4158524577436506
92.33294838518952,21.860048174143813,-3.770748406298415,0.24849439092170644,-0.31113213043213256
92.38294838518952,21.860048174143813,-3.6322203052161592,-0.23741066385504495,-1.1766988538001404
92.43294838518952,21.860048174143813,-3.580623618476089,-0.21964081510838573,-1.2701562819383043
92.48294838518952,21.860048174143813,-3.7771498888648907,-0.26489789437065137,-1.2224459797090854
92.53294838518951,21.860048174143813,-4.405544362474742,-1.4415031347851888,-2.0284189808248776
89.08294838518952,21.810048174143816,-2.9578687579519594,-1.27333529645129,1.595855451718775
89.13294838518952,21.810048174143816,-2.5775672735666024,-1.6638830908242062,0.8624820798299895
89.18294838518952,21.810048174143816,-2.8478244777315167,-1.3890551940688804,0.8555229230719226
89.23294838518952,21.810048174143816,-3.1747920055637042,-1.7835587546603149,-0.10634049489668979
89.38294838518952,21.810048174143816,-3.3679627374661916,-2.1738068394086776,-0.17994726396081034
89.43294838518952,21.810048174143816,-3.3060378108395403,-2.3221208755666103,0.16315567421230537
89.58294838518952,21.810048174143816,-3.4670799749201153,-1.9706068740352436,0.6084063742706306
89.63294838518952,21.810048174143816,-3.415152301064132,-2.362793390459578,0.5107639859500652
90.18294838518952,21.810048174143816,-0.616213991202526,1.9492166963736106,0.4680973445337867
91.93294838518952,21.810048174143816,-2.1267395391869637,2.807920795726972,1.5061893834366804
91.98294838518952,21.810048174143816,-2.6308971605243596,1.7117718459022808,0.3667822259191422
92.03294838518951,21.810048174143816,-2.510763115515372,1.2192790803391587,-0.4668661008066481
92.08294838518952,21.810048174143816,-2.4727624375867627,1.0333091686012517,-0.6781699269384068
92.13294838518952,21.810048174143816,-2.7161458690223013,1.1387959506753578,-0.9929593874852759
92.18294838518952,21.810048174143816,-2.7656396595950734,0.6928168617302213,-1.0984472226781645
92.23294838518952,21.810048174143816,-2.675843996346891,0.5740951713223358,-1.682404312533803
92.28294838518951,21.810048174143816,-2.893325866255479,0.482213783840197,-1.7728407575546283
92.33294838518952,21.810048174143816,-3.4312675240704964,0.6410891191998461,-1.0065040896405661
92.38294838518952,21.810048174143816,-3.7500638127531025,-0.07246659915357789,-0.8173716817989977
92.43294838518952,21.810048174143816,-3.5263148531241715,0.20848536904456277,-1.1631619393891144
92.48294838518952,21.810048174143816,-3.734416365966796,0.36882402365738237,-1.200468166237371
92.53294838518951,21.810048174143816,-4.4197111742907795,-0.5977642240374361,-1.5411384541606885
89.08294838518952,21.76004817414381,-3.187005585960439,-1.4443390412852672,1.0712478798774914
89.23294838518952,21.76004817414381,-2.9759774903842016,-1.878426537244761,0.5935599674420511
89.28294838518953,21.76004817414381,-3.0060497145270224,-1.7684342815918308,1.16406266543213
89.38294838518952,21.76004817414381,-3.2836970762905064,-2.2540947330145813,0.4430027571971168
89.43294838518952,21.76004817414381,-3.414534745275238,-2.3596967329809844,0.7355216569782834
89.58294838518952,21.76004817414381,-3.3464744180288397,-1.777329003787814,0.8603715300012156
89.63294838518952,21.76004817414381,-3.1377295866040216,-1.9164206184197052,0.5450525036416036
91.93294838518952,21.76004817414381,-2.2590060604019624,2.5133996842286543,1.89476623055279
91.98294838518952,21.76004817414381,-2.758701469929166,1.9040790984977478,0.9094232643740191
92.03294838518951,21.76004817414381,-2.484049359347196,1.3918669577647,-0.1845303867993487
92.08294838518952,21.76004817414381,-2.094879070027088,1.9454386349220587,-0.5261277448876058
92.13294838518952,21.76004817414381,-2.556494525626275,1.6270697379233023,-1.2066613772632497
92.18294838518952,21.76004817414381,-3.0135605347825276,1.1060542238968816,-0.6345526176085073
92.23294838518952,21.76004817414381,-2.855824537722689,0.8782830055177693,-1.2858474097455532
92.28294838518951,21.76004817414381,-3.0479091540492087,0.5762835189788355,-1.6806402205260587
92.33294838518952,21.76004817414381,-3.3156148365626033,0.7320663253373993,-1.5013703884169478
92.38294838518952,21.76004817414381,-4.083842880764242,0.06259656631156196,-0.9753927700852103
92.43294838518952,21.76004817414381,-3.6684173050104985,0.08140759749909338,-1.2413679432871638
92.48294838518952,21.76004817414381,-3.765851905830318,0.13418315905804523,-1.3648998504806211
89.23294838518952,21.71004817414381,-3.3258813363760655,-2.0683377415406765,1.2018521353291347
89.28294838518953,21.71004817414381,-3.2936442754084654,-2.1476760398280073,1.3725418621200618
91.93294838518952,21.71004817414381,-2.424817637245681,1.2923652346838426,1.0535636571380331
92.08294838518952,21.71004817414381,-2.5925294590143655,0.9213325206924585,-0.5289428244102425
92.13294838518952,21.71004817414381,-2.737876896569137,0.9211313000170593,-1.3145844213123883
92.18294838518952,21.71004817414381,-2.990591639827458,1.1613482499601142,-0.9755968629581013
92.23294838518952,21.71004817414381,-3.428772023387316,1.041834604505855,-0.8856519060283925
92.28294838518951,21.71004817414381,-3.4545287974278605,0.4819738205301488,-1.4293264665098773
92.33294838518952,21.71004817414381,-3.2701987856923145,0.7532115421661576,-1.6370244379304437
92.38294838518952,21.71004817414381,-4.048642380999093,0.5119592482651476,-1.4360825264192534
92.43294838518952,21.71004817414381,-4.60485262405643,-0.6698755729644577,-1.1172727389253623
89.23294838518952,21.66004817414381,-3.2242078073355147,-1.818582922754797,1.377424083520157
91.93294838518952,21.66004817414381,-2.722514542813081,0.9001143231627493,0.2443208770612782
92.08294838518952,21.66004817414381,-2.8513057685570726,0.7374057054350087,-0.9123211027610498
92.13294838518952,21.66004817414381,-2.627574412301251,1.027858717874764,-1.5373274700937458
92.18294838518952,21.66004817414381,-2.9619537013449855,1.0809182508004058,-1.396967752691323
92.23294838518952,21.66004817414381,-3.8092515791154544,1.1460920881683714,-0.7232162862160274
92.28294838518951,21.66004817414381,-3.2196460383049623,0.975879281005256,-1.2948348190820995
92.33294838518952,21.66004817414381,-2.9716518820411615,1.0751658526297507,-1.42064774239205
92.38294838518952,21.66004817414381,-3.716773689455934,0.6071486531553401,-1.3841064836027728
92.43294838518952,21.66004817414381,-4.617372041910726,-0.35954635178520855,-1.128473382833458
92.48294838518952,21.66004817414381,-5.0496024720214585,-1.1825444785540944,-0.784307627802672
92.53294838518951,21.66004817414381,-4.673665931809024,-1.1665551871808086,-1.0565083166436746
92.58294838518952,21.66004817414381,-4.829809992622123,-1.4231865611488297,-0.6540832281110952
91.93294838518952,21.610048174143813,-3.0549824062899016,0.677141962222262,-0.32326706010582207
91.98294838518952,21.610048174143813,-3.010563989682756,0.4730710597794627,0.02012892450468458
92.08294838518952,21.610048174143813,-2.8835760658159963,0.7606242621263479,-1.0389740538059793
92.13294838518952,21.610048174143813,-2.5453271771526302,1.1526585200148778,-1.774053446820969
92.18294838518952,21.610048174143813,-2.626101967946836,1.130597562800911,-1.4629494417864028
92.23294838518952,21.610048174143813,-3.46990160956785,0.8414403334846728,-0.9525846313634567
92.28294838518951,21.610048174143813,-3.498950814595328,0.5494175956722215,-0.7078888820573622
92.33294838518952,21.610048174143813,-3.535939071793609,0.7231815569033521,-1.244063803140486
92.38294838518952,21.610048174143813,-3.6671363082364756,0.4231866802241755,-1.4356486206204688
92.43294838518952,21.610048174143813,-3.806040664808333,0.3736317068409585,-1.5716720166700633
92.48294838518952,21.610048174143813,-3.461202490223136,0.6846918273146773,-1.4044034972208788
92.53294838518951,21.610048174143813,-4.441647169158582,-0.7287621767500915,-1.2278389782958925
92.58294838518952,21.610048174143813,-4.432438760412207,-0.8999020766730219,-0.839838795994708
91.93294838518952,21.560048174143816,-2.794768360836121,1.165833935427374,-0.19375651517531198
91.98294838518952,21.560048174143816,-2.7122799460469382,1.4538789064894073,0.3064649340490453
92.03294838518951,21.560048174143816,-2.658549567544736,1.6330509643912996,0.5590176695591353
92.08294838518952,21.560048174143816,-2.871108210462581,1.0033084544484674,-0.8334571022548943
92.13294838518952,21.560048174143816,-2.8605772870972044,0.6185465703464162,-1.1284140673914143
92.18294838518952,21.560048174143816,-3.2986334180396866,0.7915768815940617,-1.4028108693057886
92.23294838518952,21.560048174143816,-3.2168522181675563,0.6649151656664304,-1.5078182681241226
92.28294838518951,21.560048174143816,-3.7606249140219217,0.6099209192230168,-0.8925531271799283
92.33294838518952,21.560048174143816,-4.72941531622582,0.16170072499620392,-0.913229818859028
92.38294838518952,21.560048174143816,-4.044437411464914,0.13873414808029372,-1.5817403500232003
92.43294838518952,21.560048174143816,-3.822124002950884,0.5094237326377687,-1.8463973623671195
92.48294838518952,21.560048174143816,-3.5333349318284424,0.55203128976962,-1.8249087847544725
92.53294838518951,21.560048174143816,-4.0324131562811125,-0.203985073247265,-1.3330373384280902
92.58294838518952,21.560048174143816,-3.973234294279568,-0.42252024891665896,-1.104841261273338
91.88294838518952,21.51004817414381,-3.4094027501743325,1.6335465665610802,1.7493853817144436
92.03294838518951,21.51004817414381,-2.8665487209539373,2.0863006872793397,0.3866043790670409
92.08294838518952,21.51004817414381,-3.094859848986255,0.805795590412208,-1.0252920726283048
92.13294838518952,21.51004817414381,-2.894427530288253,0.24182241562160922,-1.70099245886993
92.18294838518952,21.51004817414381,-3.042122558314872,0.9318243605024776,-1.0553144530488103
92.23294838518952,21.51004817414381,-2.7421331980074695,0.970138329351393,-1.4900517453394218
92.28294838518951,21.51004817414381,-3.2354563071780027,0.6619177738801101,-1.4168709077622335
92.33294838518952,21.51004817414381,-4.19166247335042,0.46943341876347244,-1.0068285631960616
92.38294838518952,21.51004817414381,-4.217561510709513,0.05385931652080789,-1.3317619345790286
92.43294838518952,21.51004817414381,-3.664694827063766,0.11606337619974616,-1.5826195536633698
92.48294838518952,21.51004817414381,-3.795773571898366,0.24406892363499755,-1.314101696201559
92.53294838518951,21.51004817414381,-4.239969065840266,-0.610300190309925,-0.8901283287601655
92.58294838518952,21.51004817414381,-3.9403405333808363,-0.7621446235373408,-0.9774187696389164
91.98294838518952,21.46004817414381,-2.293656674665108,2.2827660102565055,0.43152167209545655
92.03294838518951,21.46004817414381,-2.6578183016168975,1.6162016475685268,-0.14070534833662943
92.08294838518952,21.46004817414381,-2.6309986906338714,1.7227345785071209,-0.48832808232585273
92.13294838518952,21.46004817414381,-2.555161848507728,1.2746511326959986,-1.2372390546359022
92.18294838518952,21.46004817414381,-2.7938968717544777,1.2491532340439389,-1.3933034164055338
92.23294838518952,21.46004817414381,-2.674483223395589,1.1087825064018306,-1.6412164028439047
92.28294838518951,21.46004817414381,-3.1682290900835532,0.7559407939897919,-1.5915787277284728
92.33294838518952,21.46004817414381,-3.6816456534433306,0.6435923765248629,-1.17934738097881
92.38294838518952,21.46004817414381,-4.263078499549781,0.4216696958185755,-0.5375105935383624
92.43294838518952,21.46004817414381,-4.05381304534779,0.11159153739600092,-1.3424694074987709
92.48294838518952,21.46004817414381,-3.6371106197075265,0.2849984813275598,-1.205229035207361
92.53294838518951,21.46004817414381,-4.205086432966179,-0.32881069980360955,-0.3778777589925159
92.58294838518952,21.46004817414381,-3.901984043715878,-0.7179935074887185,-1.2794470087724221
92.03294838518951,21.41004817414381,-2.710482143726086,1.2614560779705144,-0.7351861931340943
92.08294838518952,21.41004817414381,-2.4999897978663626,1.6118902345730992,-0.791091994197104
92.13294838518952,21.41004817414381,-2.439798318623363,1.3067385325716692,-1.0131457451024046
92.18294838518952,21.41004817414381,-2.867223515965992,1.0563456135663076,-1.1826788518557956
92.23294838518952,21.41004817414381,-3.1354977223983997,0.7563244064656467,-1.7268717043112316
92.28294838518951,21.41004817414381,-3.4136549889785073,0.46143292801052527,-1.6578986679299086
92.43294838518952,21.41004817414381,-4.448765805245296,-0.15771995862531873,-0.9097299819070855
92.48294838518952,21.41004817414381,-3.5994459199699493,0.00827510305398782,-1.469220070836837
92.53294838518951,21.41004817414381,-4.224170668621431,-0.29047901957176947,-0.8099910231361577
92.58294838518952,21.41004817414381,-3.816766326298078,-0.6956101345307268,-1.4563130328042129
92.63294838518952,21.41004817414381,-4.317200648971205,-0.9417145866483148,-0.25375683514387487
92.03294838518951,21.360048174143813,-3.142922610343624,-0.35974970442730797,-1.3718654189254431
92.08294838518952,21.360048174143813,-2.672641269450575,0.7199225487857279,-1.4382340405267318
92.13294838518952,21.360048174143813,-2.7791414005993373,1.0205792969995713,-1.1436320343020705
92.18294838518952,21.360048174143813,-3.2088177083734424,1.0778816077084767,-1.0226050539579825
92.23294838518952,21.360048174143813,-3.435576647533226,0.5169884432379326,-1.8343873861546103
92.48294838518952,21.360048174143813,-4.192230583841859,-0.44098229928109123,-1.0874412374069589
92.53294838518951,21.360048174143813,-4.19780543465782,-0.40938080551965195,-0.6514589575419681
92.58294838518952,21.360048174143813,-4.8116536477529275,-1.5679493733164898,-0.6138381948285278
92.08294838518952,21.310048174143816,-2.7117900682396305,0.9650752884832923,-0.8756744349333189
92.13294838518952,21.310048174143816,-2.5748619738529483,1.2128799524981706,-0.9239077049338589
92.18294838518952,21.310048174143816,-3.1790767704422387,1.2147013458673108,-0.746005222252259
92.58294838518952,21.310048174143816,-4.485924179868374,-1.3270583102819187,-0.36089271450249777
92.08294838518952,21.26004817414381,-3.0780839071103356,0.9248937521550276,-0.7172033927744034
92.13294838518952,21.26004817414381,-2.67034061841303,1.4349426953047506,-0.84022247222543
92.18294838518952,21.26004817414381,-2.735411239260786,1.5274485873040355,-0.8528477325543142
92.08294838518952,21.21004817414381,-3.3074316848737624,0.8603605068452117,-1.1754684686862291
92.13294838518952,21.21004817414381,-2.4554219102924617,2.2159546779844272,-1.6147053394047821
92.18294838518952,21.21004817414381,-2.267712138849582,2.3777292061858617,-1.6619855558578707
92.08294838518952,21.16004817414381,-3.5845313201427382,1.1007051843184543,-0.6069448370906234
92.13294838518952,21.16004817414381,-2.8134157132701056,2.1247280391028167,-1.4657099656862578
92.18294838518952,21.16004817414381,-2.927636872739448,1.424377625110071,-0.5798647053266323
92.13294838518952,21.110048174143813,-3.5328577972630684,1.216058443534445,-1.2389049610780067
92.18294838518952,21.110048174143813,-3.546227979542501,1.36229113618331,-0.613287211874873
92.18294838518952,21.060048174143816,-3.6969950775325846,1.4527325113963618,-0.500019579493348
92.23294838518952,21.060048174143816,-3.298595172786693,2.471535308785647,0.11737996027596123
92.23294838518952,21.01004817414381,-3.3656648685531625,1.8893085263722311,-0.14374285942944795
92.23294838518952,20.96004817414381,-4.043159788581487,1.2765015781378368,0.08765431609112259
92.23294838518952,20.91004817414381,-4.054785628157348,1.0734939101339613,0.4833719194727669
92.28294838518951,20.860048174143813,-3.642014114790345,2.1351956844080515,0.30532208492460977
